year	package	new_version
2023	abismal	3.2.0
2023	abismal	3.2.2
2023	abnumber	0.3.1
2023	abnumber	0.3.2
2023	abpoa	1.4.2
2023	abpoa	1.4.3
2023	abritamr	1.0.14
2023	abromics_galaxy_json_extractor	0.1
2023	abromics_galaxy_json_extractor	0.2
2023	abromics_galaxy_json_extractor	0.4
2023	abromics_galaxy_json_extractor	0.5
2023	abromics_galaxy_json_extractor	0.6
2023	abromics_galaxy_json_extractor	0.7
2023	abromics_galaxy_json_extractor	0.8
2023	abromics_galaxy_json_extractor	0.8.1
2023	abromics_galaxy_json_extractor	0.8.2
2023	abromics_galaxy_json_extractor	0.8.2.1
2023	abromics_galaxy_json_extractor	0.8.3
2023	abyss	2.3.6
2023	abyss	2.3.7
2023	acdc	1.02
2023	actc	0.5.0
2023	actc	0.6.0
2023	adapt	1.6.0
2023	agat	1.1.0
2023	agat	1.2.0
2023	agfusion	1.4.1
2023	agouti	1.0.3
2023	airr	1.5.0
2023	alcor	1.8
2023	alcor	1.9
2023	ale-core	20220503
2023	alevin-fry	0.8.1
2023	alevin-fry	0.8.2
2023	alfred	0.2.7
2023	alfred	0.2.8
2023	aligncov	0.0.2
2023	alignoth	0.10.0
2023	alignoth	0.11.0
2023	alignoth	0.6.1
2023	alignoth	0.6.2
2023	alignoth	0.7.0
2023	alignoth	0.7.1
2023	alignoth	0.7.2
2023	alignoth	0.7.3
2023	alignoth	0.8.0
2023	alignoth	0.8.1
2023	alignoth	0.8.2
2023	alignoth	0.9.0
2023	allo	1.0.5
2023	altair-mf	1.0.1
2023	alv	1.7.2
2023	amdirt	1.4.3
2023	amdirt	1.4.4
2023	amdirt	1.4.5
2023	amdirt	1.4.6
2023	aminoextract	0.2.1
2023	aminoextract	0.3.0
2023	aminoextract	0.3.1
2023	amplicon_coverage_plot	0.3.3
2023	ampliconclassifier	0.4.14
2023	ampliconsuite	0.1555.2
2023	ampliconsuite	1.0.0
2023	ampliconsuite	1.1.0
2023	ampliconsuite	1.1.1
2023	ampliconsuite	1.1.2
2023	ampliconsuite	1.1.3
2023	ampliconsuite	1.2.0
2023	ampligone	1.2.1
2023	ampligone	1.3.0
2023	amplisim	0.2.1
2023	amptk	1.5.5
2023	amptk	1.6.0
2023	ananse	0.4.1
2023	ananse	0.5.0
2023	ananse	0.5.1
2023	anansescanpy	0.2.6
2023	anansescanpy	1.0.0
2023	anansnake	0.0.1
2023	anansnake	0.1.0
2023	anchorwave	1.2.0
2023	anchorwave	1.2.1
2023	anchorwave	1.2.2
2023	andi	0.14
2023	anglerfish	0.5.0
2023	anglerfish	0.6.0
2023	aniclustermap	1.2.0
2023	aniclustermap	1.3.0
2023	anndata2ri	1.2
2023	anndata2ri	1.3.1
2023	annembed	0.1.1
2023	annembed	0.1.2
2023	annonars	0.10.0
2023	annonars	0.12.4
2023	annonars	0.12.7
2023	annonars	0.12.8
2023	annonars	0.12.9
2023	annonars	0.13.0
2023	annonars	0.14.1
2023	annonars	0.15.0
2023	annonars	0.16.0
2023	annonars	0.17.0
2023	annonars	0.18.0
2023	annonars	0.19.0
2023	annonars	0.2.0
2023	annonars	0.20.0
2023	annonars	0.21.0
2023	annonars	0.21.1
2023	annonars	0.22.0
2023	annonars	0.23.1
2023	annonars	0.24.0
2023	annonars	0.24.1
2023	annonars	0.24.2
2023	annonars	0.24.4
2023	annonars	0.24.5
2023	annonars	0.25.0
2023	annonars	0.26.0
2023	annonars	0.26.1
2023	annonars	0.27.0
2023	annonars	0.28.0
2023	annonars	0.29.0
2023	annonars	0.29.1
2023	annonars	0.29.2
2023	annonars	0.29.3
2023	annonars	0.29.4
2023	annonars	0.3.0
2023	annonars	0.30.0
2023	annonars	0.30.1
2023	annonars	0.31.0
2023	annonars	0.31.1
2023	annonars	0.31.2
2023	annonars	0.32.0
2023	annonars	0.5.0
2023	annonars	0.5.1
2023	annonars	0.6.0
2023	annonars	0.7.0
2023	annonars	0.8.0
2023	annonars	0.9.0
2023	annosine2	1.0.4
2023	annotsv	3.3.4
2023	annotsv	3.3.5
2023	annotsv	3.3.6
2023	annotsv	3.3.7
2023	annotsv	3.3.8
2023	anospp-analysis	0.1.3
2023	anospp-analysis	0.2.1
2023	antismash-lite	7.1.0
2023	apscale	1.6.3
2023	aquamis	1.4.0
2023	arcs	1.2.5
2023	arcs	1.2.6
2023	arcsv	1.0.2
2023	args_oap	3.2.2
2023	args_oap	3.2.3
2023	args_oap	3.2.4
2023	arriba	2.4.0
2023	artic	1.2.4
2023	arvados-cwl-runner	2.6.3
2023	arvados-cwl-runner	2.7.0
2023	arvados-python-client	2.6.0
2023	arvados-python-client	2.6.1
2023	arvados-python-client	2.6.2
2023	arvados-python-client	2.6.3
2023	arvados-python-client	2.7.0
2023	arvados-python-client	2.7.1
2023	ascat	3.1.1
2023	asciigenome	1.17.0
2023	asciigenome	1.18.0
2023	aspera-cli	4.14.0
2023	asqcan	0.4
2023	assembly-scan	1.0.0
2023	assembly_finder	0.3.1
2023	assembly_finder	0.3.2
2023	assembly_finder	0.3.3
2023	assembly_finder	0.4.0
2023	assembly_finder	0.4.1
2023	assemblycomparator2	2.5.12
2023	assemblycomparator2	2.5.13
2023	assemblycomparator2	2.5.14
2023	assemblycomparator2	2.5.6
2023	assemblycomparator2	2.5.7
2023	assemblycomparator2	2.5.8
2023	assemblycomparator2	2.5.9
2023	aster	1.13
2023	aster	1.15
2023	ataqv	1.3.1
2023	atlas-fastq-provider	0.4.7
2023	atropos	1.1.32
2023	augur	19.3.0
2023	augur	20.0.0
2023	augur	21.0.0
2023	augur	21.0.1
2023	augur	21.1.0
2023	augur	22.0.0
2023	augur	22.0.1
2023	augur	22.0.2
2023	augur	22.0.3
2023	augur	22.1.0
2023	augur	22.2.0
2023	augur	22.3.0
2023	augur	22.4.0
2023	augur	23.0.0
2023	augur	23.1.0
2023	augur	23.1.1
2023	auriclass	0.5.1
2023	auriclass	0.5.2
2023	auriclass	0.5.3
2023	auriclass	0.5.4
2023	auspice	2.43.0
2023	auspice	2.44.0
2023	auspice	2.45.0
2023	auspice	2.45.1
2023	auspice	2.46.0
2023	auspice	2.47.0
2023	auspice	2.48.0
2023	auspice	2.49.0
2023	auspice	2.50.0
2023	authentict	1.0.0
2023	authentict	1.0.1
2023	autometa	2.2.1
2023	aviary	0.6.0
2023	aviary	0.7.0
2023	aviary	0.7.2
2023	aviary	0.8.1
2023	aviary	0.8.2
2023	aviary	0.8.3
2023	b2b-utils	0.017
2023	b2b-utils	0.018
2023	b2b-utils	0.019
2023	b2btools	3.0.6
2023	bacpage	2023.11.10.1
2023	bactopia-assembler	1.0.0
2023	bactopia-assembler	1.0.1
2023	bactopia-assembler	1.0.2
2023	bactopia-assembler	1.0.3
2023	bactopia-gather	1.0.0
2023	bactopia-gather	1.0.1
2023	bactopia-gather	1.0.2
2023	bactopia-gather	1.0.3
2023	bactopia-gather	1.0.4
2023	bactopia-py	1.0.0
2023	bactopia-py	1.0.1
2023	bactopia-py	1.0.2
2023	bactopia-py	1.0.3
2023	bactopia-py	1.0.4
2023	bactopia-py	1.0.5
2023	bactopia-py	1.0.6
2023	bactopia-py	1.0.7
2023	bactopia-py	1.0.8
2023	bactopia-qc	1.0.0
2023	bactopia-qc	1.0.1
2023	bactopia-qc	1.0.2
2023	bactopia-sketcher	1.0.0
2023	bactopia-sketcher	1.0.1
2023	bactopia-sketcher	1.0.2
2023	bactopia-teton	1.0.0
2023	bactopia-teton	1.0.1
2023	bactopia-teton	1.0.2
2023	bactopia-variants	1.0.0
2023	bactopia-variants	1.0.1
2023	bactopia	3.0.0
2023	badread	0.3.0
2023	badread	0.4.0
2023	bakta	1.7.0
2023	bakta	1.8.0
2023	bakta	1.8.1
2023	bakta	1.8.2
2023	bakta	1.9.0
2023	bakta	1.9.1
2023	baltic	0.1.8
2023	baltic	0.2.1
2023	baltic	0.2.2
2023	bam2fastx	3.0.0
2023	bamdash	0.2
2023	bamdash	0.2.1
2023	bamdash	0.2.2
2023	bamdash	0.2.3
2023	bamread	0.0.13
2023	bamread	0.0.16
2023	bamstats	0.3.5
2023	baredsc	1.1.2
2023	barseqcount	0.1.3
2023	barseqcount	0.1.4
2023	barseqcount	0.1.5
2023	bayescode	1.2.2
2023	bayescode	1.3.0
2023	bayescode	1.3.1
2023	bayescode	1.3.2
2023	baypass	2.31
2023	bbknn	1.6.0
2023	bcbio-gff	0.7.0
2023	bcftools-gtc2vcf-plugin	1.16
2023	bcftools-gtc2vcf-plugin	1.18
2023	bcftools-gtc2vcf-plugin	1.19
2023	bcftools	1.17
2023	bcftools	1.18
2023	bcftools	1.19
2023	beacon2-ri-tools	2.0.0
2023	beagle-lib	4.0.1
2023	beagle	5.4_22Jul22.46e
2023	beamspy	1.2.0
2023	beav	0.0.13
2023	beav	0.0.14
2023	beav	0.2
2023	beav	0.4.5
2023	beav	0.5.1
2023	beav	0.5.2
2023	beav	0.5.5
2023	beav	1.0.0
2023	bedgovcf	0.1.0
2023	bedtools	2.31.0
2023	bedtools	2.31.1
2023	bellmans-gapc	2023.07.05
2023	bifrost	1.2.0
2023	bifrost	1.2.1
2023	bifrost	1.3.1
2023	bigscape	1.1.6
2023	binchicken	0.10.0
2023	binette	0.1.6
2023	binny	2.2.18
2023	binspreader	3.16.0.dev
2023	biobb_adapters	4.0.0
2023	biobb_amber	4.0.0
2023	biobb_amber	4.0.1
2023	biobb_amber	4.1.0
2023	biobb_analysis	3.9.1
2023	biobb_analysis	4.0.0
2023	biobb_analysis	4.0.1
2023	biobb_analysis	4.0.2
2023	biobb_analysis	4.1.0
2023	biobb_chemistry	4.0.0
2023	biobb_chemistry	4.1.0
2023	biobb_cmip	3.9.0
2023	biobb_cmip	4.0.0
2023	biobb_cmip	4.1.0
2023	biobb_common	4.0.0
2023	biobb_common	4.1.0
2023	biobb_cp2k	4.0.0
2023	biobb_cp2k	4.1.0
2023	biobb_dna	4.0.0
2023	biobb_dna	4.1.0
2023	biobb_flexdyn	3.9.0
2023	biobb_flexdyn	4.0.0
2023	biobb_flexdyn	4.0.1
2023	biobb_flexdyn	4.0.2
2023	biobb_flexdyn	4.0.3
2023	biobb_flexdyn	4.1.0
2023	biobb_flexserv	3.9.1
2023	biobb_flexserv	4.0.0
2023	biobb_flexserv	4.0.1
2023	biobb_flexserv	4.0.2
2023	biobb_flexserv	4.0.3
2023	biobb_flexserv	4.1.0
2023	biobb_godmd	4.0.0
2023	biobb_godmd	4.0.1
2023	biobb_godmd	4.0.2
2023	biobb_godmd	4.1.0
2023	biobb_gromacs	4.0.0
2023	biobb_gromacs	4.1.0
2023	biobb_gromacs	4.1.1
2023	biobb_io	4.0.0
2023	biobb_io	4.1.0
2023	biobb_ml	4.0.0
2023	biobb_ml	4.1.0
2023	biobb_model	3.9.0
2023	biobb_model	4.0.0
2023	biobb_model	4.0.1
2023	biobb_model	4.1.0
2023	biobb_pdb_tools	4.1.0
2023	biobb_pmx	4.0.0
2023	biobb_pmx	4.1.0
2023	biobb_structure_checking	3.12.0
2023	biobb_structure_checking	3.12.1
2023	biobb_structure_checking	3.13.0
2023	biobb_structure_checking	3.13.2
2023	biobb_structure_checking	3.13.3
2023	biobb_structure_checking	3.13.4
2023	biobb_structure_utils	3.9.0
2023	biobb_structure_utils	4.0.0
2023	biobb_structure_utils	4.1.0
2023	biobb_vs	4.0.0
2023	biobb_vs	4.1.0
2023	biobb_vs	4.1.1
2023	bioblend	1.0.1
2023	bioblend	1.1.1
2023	bioblend	1.2.0
2023	biocantor	1.0.0
2023	biocantor	1.1.0
2023	biocommons.seqrepo	0.6.6
2023	bioconda-repodata-patches	20230228
2023	bioconda-repodata-patches	20230310
2023	bioconda-repodata-patches	20230313
2023	bioconda-repodata-patches	20230414
2023	bioconda-repodata-patches	20230428
2023	bioconda-repodata-patches	20230506
2023	bioconda-repodata-patches	20230907
2023	bioconda-repodata-patches	20230918
2023	bioconda-repodata-patches	20231213
2023	bioconda-utils	1.3.1
2023	bioconda-utils	1.5.0
2023	bioconda-utils	1.5.1
2023	bioconda-utils	1.5.2
2023	bioconda-utils	1.5.3
2023	bioconda-utils	1.5.4
2023	bioconda-utils	1.5.5
2023	bioconda-utils	1.5.6
2023	bioconda-utils	1.5.7
2023	bioconda-utils	1.6.0
2023	bioconda-utils	1.6.2
2023	bioconda-utils	1.7.0
2023	bioconda-utils	1.7.1
2023	bioconda-utils	2.0.0
2023	bioconda-utils	2.1.0
2023	bioconda-utils	2.10.0
2023	bioconda-utils	2.11.0
2023	bioconda-utils	2.11.1
2023	bioconda-utils	2.2.0
2023	bioconda-utils	2.2.1
2023	bioconda-utils	2.3.1
2023	bioconda-utils	2.3.3
2023	bioconda-utils	2.3.4
2023	bioconda-utils	2.4.0
2023	bioconda-utils	2.8.0
2023	bioconda-utils	2.9.0
2023	bioconductor-a4	1.48.0
2023	bioconductor-a4	1.50.0
2023	bioconductor-a4base	1.48.0
2023	bioconductor-a4base	1.50.0
2023	bioconductor-a4classif	1.48.0
2023	bioconductor-a4classif	1.50.0
2023	bioconductor-a4core	1.48.0
2023	bioconductor-a4core	1.50.0
2023	bioconductor-a4preproc	1.48.0
2023	bioconductor-a4preproc	1.50.0
2023	bioconductor-a4reporting	1.48.0
2023	bioconductor-a4reporting	1.50.0
2023	bioconductor-abarray	1.68.0
2023	bioconductor-abarray	1.70.0
2023	bioconductor-abseqr	1.18.0
2023	bioconductor-abseqr	1.20.0
2023	bioconductor-absseq	1.54.0
2023	bioconductor-absseq	1.56.0
2023	bioconductor-acde	1.30.0
2023	bioconductor-acde	1.32.0
2023	bioconductor-ace	1.18.0
2023	bioconductor-ace	1.20.0
2023	bioconductor-acgh	1.78.0
2023	bioconductor-acgh	1.80.0
2023	bioconductor-acme	2.56.0
2023	bioconductor-acme	2.58.0
2023	bioconductor-adacgh2	2.40.0
2023	bioconductor-adacgh2	2.42.0
2023	bioconductor-adam	1.16.0
2023	bioconductor-adam	1.18.0
2023	bioconductor-adamgui	1.16.0
2023	bioconductor-adamgui	1.18.0
2023	bioconductor-adductdata	1.16.0
2023	bioconductor-adductdata	1.18.0
2023	bioconductor-adductomicsr	1.16.0
2023	bioconductor-adductomicsr	1.18.0
2023	bioconductor-adimpute	1.10.0
2023	bioconductor-adimpute	1.12.0
2023	bioconductor-adsplit	1.70.0
2023	bioconductor-adsplit	1.72.0
2023	bioconductor-adverscarial	1.0.0
2023	bioconductor-affixcan	1.18.0
2023	bioconductor-affixcan	1.20.0
2023	bioconductor-affxparser	1.72.0
2023	bioconductor-affxparser	1.74.0
2023	bioconductor-affy	1.78.0
2023	bioconductor-affy	1.80.0
2023	bioconductor-affycomp	1.76.0
2023	bioconductor-affycomp	1.78.0
2023	bioconductor-affycompdata	1.38.0
2023	bioconductor-affycompdata	1.40.0
2023	bioconductor-affycontam	1.58.0
2023	bioconductor-affycontam	1.60.0
2023	bioconductor-affycoretools	1.72.0
2023	bioconductor-affycoretools	1.74.0
2023	bioconductor-affydata	1.48.0
2023	bioconductor-affydata	1.48.1
2023	bioconductor-affydata	1.50.0
2023	bioconductor-affyhgu133a2expr	1.36.0
2023	bioconductor-affyhgu133a2expr	1.38.0
2023	bioconductor-affyhgu133aexpr	1.38.0
2023	bioconductor-affyhgu133aexpr	1.40.0
2023	bioconductor-affyhgu133plus2expr	1.34.0
2023	bioconductor-affyhgu133plus2expr	1.36.0
2023	bioconductor-affyilm	1.52.0
2023	bioconductor-affyilm	1.54.0
2023	bioconductor-affyio	1.70.0
2023	bioconductor-affyio	1.72.0
2023	bioconductor-affylmgui	1.74.0
2023	bioconductor-affylmgui	1.76.0
2023	bioconductor-affymetrixdatatestfiles	0.38.0
2023	bioconductor-affymetrixdatatestfiles	0.40.0
2023	bioconductor-affymoe4302expr	1.38.0
2023	bioconductor-affymoe4302expr	1.40.0
2023	bioconductor-affyplm	1.76.1
2023	bioconductor-affyplm	1.78.0
2023	bioconductor-affyrnadegradation	1.46.0
2023	bioconductor-affyrnadegradation	1.48.0
2023	bioconductor-agdex	1.48.0
2023	bioconductor-agdex	1.50.0
2023	bioconductor-aggregatebiovar	1.10.0
2023	bioconductor-aggregatebiovar	1.12.0
2023	bioconductor-agilp	3.32.0
2023	bioconductor-agilp	3.34.0
2023	bioconductor-agimicrorna	2.50.0
2023	bioconductor-agimicrorna	2.52.0
2023	bioconductor-ahensdbs	1.1.10
2023	bioconductor-ahlrbasedbs	1.6.0
2023	bioconductor-ahlrbasedbs	1.7.0
2023	bioconductor-ahmassbank	1.0.0
2023	bioconductor-ahmassbank	1.2.0
2023	bioconductor-ahmeshdbs	1.6.0
2023	bioconductor-ahmeshdbs	1.7.0
2023	bioconductor-ahpubmeddbs	1.6.0
2023	bioconductor-ahpubmeddbs	1.7.0
2023	bioconductor-aims	1.32.0
2023	bioconductor-aims	1.34.0
2023	bioconductor-airpart	1.10.0
2023	bioconductor-airpart	1.8.0
2023	bioconductor-airway	1.20.0
2023	bioconductor-airway	1.22.0
2023	bioconductor-alabaster.base	1.0.0
2023	bioconductor-alabaster.base	1.2.1
2023	bioconductor-alabaster.bumpy	1.0.0
2023	bioconductor-alabaster.bumpy	1.2.0
2023	bioconductor-alabaster.files	1.0.0
2023	bioconductor-alabaster.mae	1.0.0
2023	bioconductor-alabaster.mae	1.2.0
2023	bioconductor-alabaster.matrix	1.0.0
2023	bioconductor-alabaster.matrix	1.2.0
2023	bioconductor-alabaster.ranges	1.0.0
2023	bioconductor-alabaster.ranges	1.2.0
2023	bioconductor-alabaster.sce	1.0.0
2023	bioconductor-alabaster.sce	1.2.0
2023	bioconductor-alabaster.schemas	1.0.2
2023	bioconductor-alabaster.schemas	1.2.0
2023	bioconductor-alabaster.se	1.0.0
2023	bioconductor-alabaster.se	1.2.0
2023	bioconductor-alabaster.spatial	1.0.0
2023	bioconductor-alabaster.spatial	1.2.0
2023	bioconductor-alabaster.string	1.0.1
2023	bioconductor-alabaster.string	1.2.0
2023	bioconductor-alabaster	1.0.0
2023	bioconductor-alabaster	1.2.0
2023	bioconductor-alabaster.vcf	1.0.0
2023	bioconductor-alabaster.vcf	1.2.0
2023	bioconductor-aldex2	1.32.0
2023	bioconductor-aldex2	1.34.0
2023	bioconductor-alevinqc	1.16.0
2023	bioconductor-alevinqc	1.18.0
2023	bioconductor-all	1.42.0
2023	bioconductor-all	1.44.0
2023	bioconductor-allelicimbalance	1.38.0
2023	bioconductor-allelicimbalance	1.40.0
2023	bioconductor-allmll	1.40.0
2023	bioconductor-allmll	1.42.0
2023	bioconductor-alphabeta	1.14.0
2023	bioconductor-alphabeta	1.16.0
2023	bioconductor-alphamissense.v2023.hg19	3.18.2
2023	bioconductor-alphamissense.v2023.hg38	3.18.2
2023	bioconductor-alpine	1.26.0
2023	bioconductor-alpinedata	1.26.0
2023	bioconductor-alpsnmr	4.2.0
2023	bioconductor-alpsnmr	4.4.0
2023	bioconductor-altcdfenvs	2.62.0
2023	bioconductor-altcdfenvs	2.64.0
2023	bioconductor-amaretto	1.16.0
2023	bioconductor-amaretto	1.18.0
2023	bioconductor-amountain	1.26.0
2023	bioconductor-amountain	1.28.0
2023	bioconductor-ampaffyexample	1.40.0
2023	bioconductor-ampaffyexample	1.42.0
2023	bioconductor-amplican	1.22.1
2023	bioconductor-amplican	1.24.0
2023	bioconductor-anaquin	2.24.0
2023	bioconductor-anaquin	2.26.0
2023	bioconductor-ancombc	2.2.0
2023	bioconductor-ancombc	2.4.0
2023	bioconductor-aneufinder	1.28.0
2023	bioconductor-aneufinder	1.30.0
2023	bioconductor-aneufinderdata	1.28.0
2023	bioconductor-aneufinderdata	1.30.0
2023	bioconductor-anf	1.22.0
2023	bioconductor-animalcules	1.16.0
2023	bioconductor-annaffy	1.72.0
2023	bioconductor-annaffy	1.74.0
2023	bioconductor-annmap	1.42.0
2023	bioconductor-annmap	1.44.0
2023	bioconductor-annotate	1.78.0
2023	bioconductor-annotate	1.80.0
2023	bioconductor-annotationdbi	1.62.2
2023	bioconductor-annotationdbi	1.64.1
2023	bioconductor-annotationfilter	1.24.0
2023	bioconductor-annotationfilter	1.26.0
2023	bioconductor-annotationforge	1.42.2
2023	bioconductor-annotationforge	1.44.0
2023	bioconductor-annotationhub	3.10.0
2023	bioconductor-annotationhub	3.8.0
2023	bioconductor-annotationhubdata	1.30.0
2023	bioconductor-annotationhubdata	1.32.0
2023	bioconductor-annotationtools	1.74.0
2023	bioconductor-annotationtools	1.76.0
2023	bioconductor-annotatr	1.26.0
2023	bioconductor-annotatr	1.28.0
2023	bioconductor-anopheles.db0	3.17.0
2023	bioconductor-anopheles.db0	3.18.0
2023	bioconductor-anota	1.48.0
2023	bioconductor-anota	1.50.0
2023	bioconductor-anota2seq	1.22.0
2023	bioconductor-anota2seq	1.24.0
2023	bioconductor-antiprofiles	1.40.0
2023	bioconductor-antiprofiles	1.42.0
2023	bioconductor-antiprofilesdata	1.36.0
2023	bioconductor-antiprofilesdata	1.38.0
2023	bioconductor-anvil	1.12.3
2023	bioconductor-anvil	1.14.0
2023	bioconductor-anvilbilling	1.10.0
2023	bioconductor-anvilbilling	1.12.0
2023	bioconductor-anvilpublish	1.10.0
2023	bioconductor-anvilpublish	1.12.0
2023	bioconductor-anvilworkflow	1.0.1
2023	bioconductor-anvilworkflow	1.2.0
2023	bioconductor-apalyzer	1.14.0
2023	bioconductor-apalyzer	1.16.0
2023	bioconductor-apcomplex	2.66.0
2023	bioconductor-apcomplex	2.68.0
2023	bioconductor-apeglm	1.22.1
2023	bioconductor-apeglm	1.24.0
2023	bioconductor-apl	1.4.0
2023	bioconductor-apl	1.6.0
2023	bioconductor-arabidopsis.db0	3.17.0
2023	bioconductor-arabidopsis.db0	3.18.0
2023	bioconductor-aracne.networks	1.26.0
2023	bioconductor-aracne.networks	1.28.0
2023	bioconductor-aroma.light	3.30.0
2023	bioconductor-aroma.light	3.32.0
2023	bioconductor-arrayexpress	1.60.0
2023	bioconductor-arrayexpress	1.62.0
2023	bioconductor-arraymvout	1.58.0
2023	bioconductor-arraymvout	1.60.0
2023	bioconductor-arrayquality	1.78.0
2023	bioconductor-arrayquality	1.80.0
2023	bioconductor-arrayqualitymetrics	3.56.0
2023	bioconductor-arrayqualitymetrics	3.58.0
2023	bioconductor-arrmdata	1.36.0
2023	bioconductor-arrmdata	1.38.0
2023	bioconductor-arrmnormalization	1.40.0
2023	bioconductor-arrmnormalization	1.42.0
2023	bioconductor-artms	1.18.0
2023	bioconductor-artms	1.20.0
2023	bioconductor-asafe	1.26.0
2023	bioconductor-asafe	1.28.0
2023	bioconductor-aseb	1.44.0
2023	bioconductor-aseb	1.46.3
2023	bioconductor-asgsca	1.34.0
2023	bioconductor-asgsca	1.36.0
2023	bioconductor-ashkenazimsonchr21	1.30.0
2023	bioconductor-ashkenazimsonchr21	1.32.0
2023	bioconductor-asics	2.16.0
2023	bioconductor-asics	2.18.0
2023	bioconductor-asicsdata	1.20.0
2023	bioconductor-asicsdata	1.22.0
2023	bioconductor-aspli	2.10.0
2023	bioconductor-aspli	2.12.0
2023	bioconductor-assessorf	1.18.0
2023	bioconductor-assessorf	1.20.0
2023	bioconductor-assessorfdata	1.18.0
2023	bioconductor-assessorfdata	1.20.0
2023	bioconductor-asset	2.18.0
2023	bioconductor-asset	2.20.0
2023	bioconductor-assign	1.36.0
2023	bioconductor-assign	1.38.0
2023	bioconductor-asurat	1.4.0
2023	bioconductor-asurat	1.6.0
2023	bioconductor-ataccogaps	1.2.0
2023	bioconductor-ataccogaps	1.4.0
2023	bioconductor-atacseqqc	1.24.0
2023	bioconductor-atacseqqc	1.26.0
2023	bioconductor-atacseqtfea	1.2.0
2023	bioconductor-atacseqtfea	1.4.0
2023	bioconductor-atena	1.6.0
2023	bioconductor-atena	1.8.0
2023	bioconductor-atsnp	1.16.0
2023	bioconductor-atsnp	1.18.0
2023	bioconductor-attract	1.52.0
2023	bioconductor-attract	1.54.0
2023	bioconductor-aucell	1.22.0
2023	bioconductor-aucell	1.24.0
2023	bioconductor-autonomics	1.10.2
2023	bioconductor-autonomics	1.8.0
2023	bioconductor-awfisher	1.14.0
2023	bioconductor-awfisher	1.16.0
2023	bioconductor-awst	1.10.0
2023	bioconductor-awst	1.8.0
2023	bioconductor-baalchip	1.26.0
2023	bioconductor-baalchip	1.28.0
2023	bioconductor-bacon	1.28.0
2023	bioconductor-bacon	1.30.0
2023	bioconductor-bader	1.38.0
2023	bioconductor-bader	1.40.0
2023	bioconductor-badregionfinder	1.28.0
2023	bioconductor-badregionfinder	1.30.0
2023	bioconductor-bags	2.40.0
2023	bioconductor-bags	2.42.0
2023	bioconductor-ballgown	2.32.0
2023	bioconductor-ballgown	2.34.0
2023	bioconductor-bambu	3.0.6
2023	bioconductor-bambu	3.0.8
2023	bioconductor-bambu	3.2.4
2023	bioconductor-bambu	3.4.0
2023	bioconductor-bamsignals	1.32.0
2023	bioconductor-bamsignals	1.34.0
2023	bioconductor-bandits	1.16.1
2023	bioconductor-bandits	1.18.1
2023	bioconductor-bandle	1.4.1
2023	bioconductor-bandle	1.6.0
2023	bioconductor-banocc	1.24.0
2023	bioconductor-banocc	1.26.0
2023	bioconductor-barcodetrackr	1.10.0
2023	bioconductor-barcodetrackr	1.8.0
2023	bioconductor-basecallqc	1.24.0
2023	bioconductor-basecallqc	1.26.0
2023	bioconductor-basespacer	1.44.0
2023	bioconductor-basespacer	1.46.0
2023	bioconductor-basic4cseq	1.36.0
2023	bioconductor-basic4cseq	1.38.0
2023	bioconductor-basics	2.12.3
2023	bioconductor-basics	2.14.0
2023	bioconductor-basicstan	1.2.0
2023	bioconductor-basicstan	1.4.0
2023	bioconductor-basicstarrseq	1.28.0
2023	bioconductor-basicstarrseq	1.30.0
2023	bioconductor-basilisk	1.12.1
2023	bioconductor-basilisk	1.14.1
2023	bioconductor-basilisk.utils	1.12.1
2023	bioconductor-basilisk.utils	1.14.1
2023	bioconductor-batchelor	1.16.0
2023	bioconductor-batchelor	1.18.0
2023	bioconductor-batchqc	1.28.0
2023	bioconductor-batchqc	1.30.0
2023	bioconductor-bayesknockdown	1.26.0
2023	bioconductor-bayesknockdown	1.28.0
2023	bioconductor-bayesspace	1.10.1
2023	bioconductor-bayesspace	1.12.0
2023	bioconductor-baynorm	1.18.1
2023	bioconductor-baynorm	1.20.0
2023	bioconductor-bayseq	2.36.0
2023	bioconductor-bbcanalyzer	1.30.0
2023	bioconductor-bbcanalyzer	1.32.0
2023	bioconductor-bcellviper	1.36.0
2023	bioconductor-bcellviper	1.38.0
2023	bioconductor-bcrank	1.62.0
2023	bioconductor-bcrank	1.64.0
2023	bioconductor-bcseq	1.22.0
2023	bioconductor-bcseq	1.24.0
2023	bioconductor-bdmmacorrect	1.18.1
2023	bioconductor-beachmat.hdf5	1.0.0
2023	bioconductor-beachmat	2.16.0
2023	bioconductor-beachmat	2.18.0
2023	bioconductor-beadarray	2.50.0
2023	bioconductor-beadarray	2.52.0
2023	bioconductor-beadarrayexampledata	1.38.0
2023	bioconductor-beadarrayexampledata	1.40.0
2023	bioconductor-beadarraysnp	1.66.0
2023	bioconductor-beadarraysnp	1.68.0
2023	bioconductor-beadarrayusecases	1.38.0
2023	bioconductor-beadarrayusecases	1.40.0
2023	bioconductor-beaddatapackr	1.52.0
2023	bioconductor-beaddatapackr	1.54.0
2023	bioconductor-beadsorted.saliva.epic	1.10.0
2023	bioconductor-beadsorted.saliva.epic	1.8.0
2023	bioconductor-bearscc	1.20.0
2023	bioconductor-bearscc	1.22.0
2023	bioconductor-beat	1.38.0
2023	bioconductor-beat	1.40.0
2023	bioconductor-beclear	2.16.0
2023	bioconductor-beclear	2.18.0
2023	bioconductor-beer	1.4.0
2023	bioconductor-beer	1.6.0
2023	bioconductor-benchdamic	1.6.0
2023	bioconductor-benchmarkfdrdata2019	1.14.0
2023	bioconductor-benchmarkfdrdata2019	1.16.0
2023	bioconductor-beta7	1.38.0
2023	bioconductor-beta7	1.40.0
2023	bioconductor-bg2	1.0.0
2023	bioconductor-bg2	1.2.0
2023	bioconductor-bgeecall	1.16.0
2023	bioconductor-bgeecall	1.18.1
2023	bioconductor-bgeedb	2.26.0
2023	bioconductor-bgeedb	2.28.0
2023	bioconductor-bgmix	1.59.0
2023	bioconductor-bgx	1.66.0
2023	bioconductor-bgx	1.68.0
2023	bioconductor-bhc	1.52.0
2023	bioconductor-bhc	1.54.0
2023	bioconductor-bicare	1.58.0
2023	bioconductor-bicare	1.60.0
2023	bioconductor-bifet	1.20.0
2023	bioconductor-bifet	1.22.0
2023	bioconductor-bigmelon	1.26.0
2023	bioconductor-bigmelon	1.28.0
2023	bioconductor-bigpint	1.15.0
2023	bioconductor-bindingsitefinder	1.6.0
2023	bioconductor-bindingsitefinder	2.0.0
2023	bioconductor-bioassayr	1.38.0
2023	bioconductor-bioassayr	1.40.0
2023	bioconductor-biobase	2.60.0
2023	bioconductor-biobase	2.62.0
2023	bioconductor-biobroom	1.32.0
2023	bioconductor-biobroom	1.34.0
2023	bioconductor-biobtreer	1.12.0
2023	bioconductor-biobtreer	1.14.0
2023	bioconductor-biocancer	1.28.0
2023	bioconductor-biocancer	1.30.0
2023	bioconductor-biocartaimage	1.0.0
2023	bioconductor-biocbaseutils	1.2.0
2023	bioconductor-biocbaseutils	1.4.0
2023	bioconductor-biocbook	1.0.0
2023	bioconductor-bioccheck	1.36.1
2023	bioconductor-bioccheck	1.38.0
2023	bioconductor-biocdockermanager	1.11.0
2023	bioconductor-biocfhir	1.2.0
2023	bioconductor-biocfhir	1.4.0
2023	bioconductor-biocfilecache	2.10.1
2023	bioconductor-biocfilecache	2.8.0
2023	bioconductor-biocgenerics	0.46.0
2023	bioconductor-biocgenerics	0.48.1
2023	bioconductor-biocgraph	1.62.0
2023	bioconductor-biocgraph	1.64.0
2023	bioconductor-biochail	1.0.0
2023	bioconductor-biochail	1.2.0
2023	bioconductor-biochubsshiny	1.0.0
2023	bioconductor-biochubsshiny	1.2.0
2023	bioconductor-biocio	1.10.0
2023	bioconductor-biocio	1.12.0
2023	bioconductor-biocneighbors	1.18.0
2023	bioconductor-biocneighbors	1.20.0
2023	bioconductor-bioconcotk	1.20.0
2023	bioconductor-bioconcotk	1.22.0
2023	bioconductor-biocor	1.24.0
2023	bioconductor-biocor	1.26.0
2023	bioconductor-biocparallel	1.32.5
2023	bioconductor-biocparallel	1.34.2
2023	bioconductor-biocparallel	1.36.0
2023	bioconductor-biocpkgtools	1.18.0
2023	bioconductor-biocpkgtools	1.20.0
2023	bioconductor-biocset	1.14.0
2023	bioconductor-biocset	1.16.0
2023	bioconductor-biocsingular	1.16.0
2023	bioconductor-biocsingular	1.18.0
2023	bioconductor-biocsklearn	1.22.0
2023	bioconductor-biocsklearn	1.24.0
2023	bioconductor-biocstyle	2.28.0
2023	bioconductor-biocstyle	2.30.0
2023	bioconductor-biocthis	1.10.3
2023	bioconductor-biocthis	1.12.0
2023	bioconductor-biocversion	3.17.1
2023	bioconductor-biocversion	3.18.1
2023	bioconductor-biocviews	1.68.1
2023	bioconductor-biocviews	1.70.0
2023	bioconductor-biocworkflowtools	1.26.0
2023	bioconductor-biocworkflowtools	1.28.0
2023	bioconductor-biodb	1.10.0
2023	bioconductor-biodb	1.8.0
2023	bioconductor-biodbchebi	1.6.0
2023	bioconductor-biodbchebi	1.8.0
2023	bioconductor-biodbexpasy	1.4.0
2023	bioconductor-biodbexpasy	1.6.0
2023	bioconductor-biodbhmdb	1.6.0
2023	bioconductor-biodbhmdb	1.8.0
2023	bioconductor-biodbkegg	1.6.0
2023	bioconductor-biodbkegg	1.8.0
2023	bioconductor-biodblipidmaps	1.6.0
2023	bioconductor-biodblipidmaps	1.8.0
2023	bioconductor-biodbmirbase	1.4.0
2023	bioconductor-biodbmirbase	1.5.0
2023	bioconductor-biodbncbi	1.4.0
2023	bioconductor-biodbncbi	1.6.0
2023	bioconductor-biodbnci	1.4.0
2023	bioconductor-biodbnci	1.6.0
2023	bioconductor-biodbuniprot	1.6.0
2023	bioconductor-biodbuniprot	1.8.0
2023	bioconductor-biodist	1.72.0
2023	bioconductor-biodist	1.74.0
2023	bioconductor-bioimagedbs	1.10.0
2023	bioconductor-bioimagedbs	1.8.0
2023	bioconductor-biomart	2.56.1
2023	bioconductor-biomart	2.58.0
2023	bioconductor-biomartgogenesets	0.99.11
2023	bioconductor-biomformat	1.28.0
2023	bioconductor-biomformat	1.30.0
2023	bioconductor-biomm	1.15.0
2023	bioconductor-biomvcclass	1.68.0
2023	bioconductor-biomvcclass	1.70.0
2023	bioconductor-biomvrcns	1.42.1
2023	bioconductor-bionar	1.2.4
2023	bioconductor-bionar	1.4.0
2023	bioconductor-bionero	1.10.0
2023	bioconductor-bionero	1.8.5
2023	bioconductor-bionet	1.60.0
2023	bioconductor-bionet	1.62.0
2023	bioconductor-bionetstat	1.20.0
2023	bioconductor-bionetstat	1.22.0
2023	bioconductor-bioplex	1.6.0
2023	bioconductor-bioplex	1.8.0
2023	bioconductor-bioqc	1.28.0
2023	bioconductor-bioqc	1.30.0
2023	bioconductor-biosigner	1.28.0
2023	bioconductor-biosigner	1.30.0
2023	bioconductor-biostrings	2.68.1
2023	bioconductor-biostrings	2.70.1
2023	bioconductor-biotip	1.14.0
2023	bioconductor-biotip	1.16.0
2023	bioconductor-biotmle	1.24.0
2023	bioconductor-biotmle	1.26.0
2023	bioconductor-biotmledata	1.24.0
2023	bioconductor-biotmledata	1.26.0
2023	bioconductor-biovizbase	1.48.0
2023	bioconductor-biovizbase	1.50.0
2023	bioconductor-birewire	3.32.0
2023	bioconductor-birewire	3.34.0
2023	bioconductor-biscuiteer	1.14.0
2023	bioconductor-biscuiteer	1.16.0
2023	bioconductor-biscuiteerdata	1.14.1
2023	bioconductor-biscuiteerdata	1.16.0
2023	bioconductor-biseq	1.40.0
2023	bioconductor-biseq	1.42.0
2023	bioconductor-blacksheepr	1.14.0
2023	bioconductor-blacksheepr	1.16.0
2023	bioconductor-bladderbatch	1.38.0
2023	bioconductor-bladderbatch	1.40.0
2023	bioconductor-blima	1.34.0
2023	bioconductor-blima	1.36.0
2023	bioconductor-blimatestingdata	1.20.0
2023	bioconductor-blimatestingdata	1.22.0
2023	bioconductor-blma	1.24.0
2023	bioconductor-blma	1.26.0
2023	bioconductor-bloodcancermultiomics2017	1.20.0
2023	bioconductor-bloodcancermultiomics2017	1.22.0
2023	bioconductor-bloodgen3module	1.10.0
2023	bioconductor-bloodgen3module	1.8.0
2023	bioconductor-bluster	1.10.0
2023	bioconductor-bluster	1.12.0
2023	bioconductor-bnbc	1.22.0
2023	bioconductor-bnbc	1.23.0
2023	bioconductor-bnem	1.10.0
2023	bioconductor-bnem	1.8.0
2023	bioconductor-bobafit	1.4.0
2023	bioconductor-bobafit	1.6.0
2023	bioconductor-bodymaprat	1.16.0
2023	bioconductor-bodymaprat	1.18.0
2023	bioconductor-borealis	1.4.0
2023	bioconductor-bovine.db0	3.17.0
2023	bioconductor-bovine.db0	3.18.0
2023	bioconductor-bprmeth	1.26.1
2023	bioconductor-bprmeth	1.28.0
2023	bioconductor-brain	1.46.0
2023	bioconductor-brain	1.48.0
2023	bioconductor-brainflowprobes	1.14.0
2023	bioconductor-brainflowprobes	1.16.0
2023	bioconductor-branchpointer	1.26.0
2023	bioconductor-branchpointer	1.28.0
2023	bioconductor-breakpointr	1.18.0
2023	bioconductor-breakpointr	1.20.0
2023	bioconductor-breakpointrdata	1.18.0
2023	bioconductor-breakpointrdata	1.20.0
2023	bioconductor-breastcancermainz	1.38.0
2023	bioconductor-breastcancermainz	1.40.0
2023	bioconductor-breastcancernki	1.38.0
2023	bioconductor-breastcancernki	1.40.0
2023	bioconductor-breastcancertransbig	1.38.0
2023	bioconductor-breastcancertransbig	1.40.0
2023	bioconductor-breastcancerunt	1.38.0
2023	bioconductor-breastcancerunt	1.40.0
2023	bioconductor-breastcancerupp	1.38.0
2023	bioconductor-breastcancerupp	1.40.0
2023	bioconductor-breastcancervdx	1.38.0
2023	bioconductor-breastcancervdx	1.40.0
2023	bioconductor-brendadb	1.14.0
2023	bioconductor-brendadb	1.16.0
2023	bioconductor-brgedata	1.22.0
2023	bioconductor-brgedata	1.24.0
2023	bioconductor-brgenomics	1.12.0
2023	bioconductor-brgenomics	1.13.0
2023	bioconductor-bridgedbr	2.10.0
2023	bioconductor-bridgedbr	2.12.0
2023	bioconductor-bronchialil13	1.38.0
2023	bioconductor-bronchialil13	1.40.0
2023	bioconductor-browserviz	2.22.0
2023	bioconductor-browserviz	2.24.0
2023	bioconductor-bsgenome.hsapiens.ucsc.hg38.masked	1.4.5
2023	bioconductor-bsgenome.hsapiens.ucsc.hg38	1.4.5
2023	bioconductor-bsgenome.hsapiens.ucsc.hs1	1.4.4
2023	bioconductor-bsgenome	1.66.3
2023	bioconductor-bsgenome	1.68.0
2023	bioconductor-bsgenome	1.70.1
2023	bioconductor-bsgenomeforge	1.0.1
2023	bioconductor-bsgenomeforge	1.2.0
2023	bioconductor-bsseq	1.36.0
2023	bioconductor-bsseq	1.38.0
2023	bioconductor-bsseqdata	0.38.0
2023	bioconductor-bsseqdata	0.40.0
2023	bioconductor-bubbletree	2.30.0
2023	bioconductor-bubbletree	2.32.0
2023	bioconductor-bufferedmatrix	1.64.0
2023	bioconductor-bufferedmatrix	1.66.0
2023	bioconductor-bufferedmatrixmethods	1.64.0
2023	bioconductor-bufferedmatrixmethods	1.66.0
2023	bioconductor-bugsigdbr	1.6.2
2023	bioconductor-bugsigdbr	1.8.1
2023	bioconductor-bumhmm	1.24.0
2023	bioconductor-bumhmm	1.26.0
2023	bioconductor-bumphunter	1.42.0
2023	bioconductor-bumphunter	1.44.0
2023	bioconductor-bumpymatrix	1.10.0
2023	bioconductor-bumpymatrix	1.8.0
2023	bioconductor-bus	1.56.0
2023	bioconductor-bus	1.58.0
2023	bioconductor-buscorrect	1.18.0
2023	bioconductor-buscorrect	1.20.0
2023	bioconductor-busparse	1.14.1
2023	bioconductor-busparse	1.16.0
2023	bioconductor-busseq	1.6.1
2023	bioconductor-busseq	1.8.0
2023	bioconductor-cadd.v1.6.hg19	3.18.1
2023	bioconductor-cadd.v1.6.hg38	3.18.1
2023	bioconductor-cadra	1.0.1
2023	bioconductor-caen	1.10.0
2023	bioconductor-caen	1.8.0
2023	bioconductor-cafe	1.36.0
2023	bioconductor-cafe	1.38.0
2023	bioconductor-cagefightr	1.20.0
2023	bioconductor-cagefightr	1.22.0
2023	bioconductor-cageminer	1.6.1
2023	bioconductor-cageminer	1.8.0
2023	bioconductor-cager	2.6.0
2023	bioconductor-cager	2.8.0
2023	bioconductor-calm	1.14.0
2023	bioconductor-calm	1.16.0
2023	bioconductor-camera	1.56.0
2023	bioconductor-camera	1.58.0
2023	bioconductor-cancer	1.36.0
2023	bioconductor-cancerclass	1.44.0
2023	bioconductor-cancerclass	1.46.0
2023	bioconductor-cancerdata	1.38.0
2023	bioconductor-cancerdata	1.40.0
2023	bioconductor-cancersubtypes	1.26.0
2023	bioconductor-canine.db0	3.17.0
2023	bioconductor-canine.db0	3.18.0
2023	bioconductor-cardelino	1.2.0
2023	bioconductor-cardelino	1.4.0
2023	bioconductor-cardinal	3.2.1
2023	bioconductor-cardinal	3.4.3
2023	bioconductor-cardinalio	1.0.0
2023	bioconductor-cardinalworkflows	1.32.0
2023	bioconductor-cardinalworkflows	1.34.0
2023	bioconductor-carnival	2.10.0
2023	bioconductor-carnival	2.12.0
2023	bioconductor-casper	2.34.0
2023	bioconductor-casper	2.36.0
2023	bioconductor-catalyst	1.24.0
2023	bioconductor-catalyst	1.26.0
2023	bioconductor-category	2.66.0
2023	bioconductor-category	2.68.0
2023	bioconductor-categorycompare	1.44.0
2023	bioconductor-categorycompare	1.46.0
2023	bioconductor-causalr	1.32.0
2023	bioconductor-causalr	1.34.0
2023	bioconductor-cbaf	1.22.0
2023	bioconductor-cbaf	1.24.0
2023	bioconductor-cbea	1.3.0
2023	bioconductor-cbioportaldata	2.12.0
2023	bioconductor-cbioportaldata	2.14.0
2023	bioconductor-cbnplot	1.0.0
2023	bioconductor-cbnplot	1.2.0
2023	bioconductor-cbpmanager	1.10.0
2023	bioconductor-cbpmanager	1.8.0
2023	bioconductor-ccdata	1.26.0
2023	bioconductor-ccdata	1.28.0
2023	bioconductor-ccfindr	1.20.0
2023	bioconductor-ccfindr	1.22.0
2023	bioconductor-ccimpute	1.2.1
2023	bioconductor-ccimpute	1.4.0
2023	bioconductor-ccl4	1.38.0
2023	bioconductor-ccl4	1.40.0
2023	bioconductor-ccmap	1.26.0
2023	bioconductor-ccmap	1.28.0
2023	bioconductor-ccplotr	1.0.0
2023	bioconductor-ccpromise	1.26.0
2023	bioconductor-ccrepe	1.36.0
2023	bioconductor-cctutorial	1.38.0
2023	bioconductor-cctutorial	1.40.0
2023	bioconductor-cdi	1.0.2
2023	bioconductor-celaref	1.18.0
2023	bioconductor-celaref	1.20.0
2023	bioconductor-celarefdata	1.18.0
2023	bioconductor-celarefdata	1.20.0
2023	bioconductor-celda	1.16.1
2023	bioconductor-celda	1.18.1
2023	bioconductor-cellarepertorium	1.10.0
2023	bioconductor-cellarepertorium	1.12.0
2023	bioconductor-cellbarcode	1.6.0
2023	bioconductor-cellbarcode	1.8.0
2023	bioconductor-cellbaser	1.24.0
2023	bioconductor-cellbaser	1.26.0
2023	bioconductor-cellbench	1.16.0
2023	bioconductor-cellbench	1.18.0
2023	bioconductor-celldex	1.10.1
2023	bioconductor-celldex	1.12.0
2023	bioconductor-cellhts2	2.64.0
2023	bioconductor-cellhts2	2.66.0
2023	bioconductor-cellid	1.10.1
2023	bioconductor-cellid	1.8.1
2023	bioconductor-cellity	1.28.0
2023	bioconductor-cellity	1.30.0
2023	bioconductor-cellmapper	1.26.0
2023	bioconductor-cellmapper	1.28.0
2023	bioconductor-cellmapperdata	1.26.0
2023	bioconductor-cellmapperdata	1.28.0
2023	bioconductor-cellmigration	1.10.0
2023	bioconductor-cellmigration	1.8.0
2023	bioconductor-cellmixs	1.16.0
2023	bioconductor-cellmixs	1.18.0
2023	bioconductor-cellnoptr	1.46.0
2023	bioconductor-cellnoptr	1.48.0
2023	bioconductor-cellscape	1.24.0
2023	bioconductor-cellscore	1.20.0
2023	bioconductor-cellscore	1.22.0
2023	bioconductor-celltrails	1.18.0
2023	bioconductor-celltrails	1.20.0
2023	bioconductor-cellxgenedp	1.4.0
2023	bioconductor-cellxgenedp	1.6.1
2023	bioconductor-cemitool	1.24.0
2023	bioconductor-cemitool	1.26.0
2023	bioconductor-censcyt	1.10.0
2023	bioconductor-censcyt	1.8.0
2023	bioconductor-cepo	1.6.0
2023	bioconductor-cernanetsim	1.12.0
2023	bioconductor-cernanetsim	1.14.0
2023	bioconductor-cetf	1.12.0
2023	bioconductor-cetf	1.14.0
2023	bioconductor-cexor	1.38.0
2023	bioconductor-cexor	1.40.0
2023	bioconductor-cfassay	1.34.0
2023	bioconductor-cfassay	1.36.0
2023	bioconductor-cfdnakit	1.0.0
2023	bioconductor-cfdnapro	1.6.0
2023	bioconductor-cfdnapro	1.8.0
2023	bioconductor-cftools	1.0.0
2023	bioconductor-cftools	1.2.0
2023	bioconductor-cftoolsdata	1.0.0
2023	bioconductor-cgen	3.36.1
2023	bioconductor-cgen	3.38.0
2023	bioconductor-cghbase	1.60.0
2023	bioconductor-cghbase	1.62.0
2023	bioconductor-cghcall	2.62.0
2023	bioconductor-cghcall	2.64.0
2023	bioconductor-cghmcr	1.58.0
2023	bioconductor-cghmcr	1.60.0
2023	bioconductor-cghnormaliter	1.54.0
2023	bioconductor-cghnormaliter	1.56.0
2023	bioconductor-cghregions	1.58.0
2023	bioconductor-cghregions	1.60.0
2023	bioconductor-champdata	2.32.0
2023	bioconductor-champdata	2.34.0
2023	bioconductor-chemmineob	1.38.0
2023	bioconductor-chemmineob	1.40.0
2023	bioconductor-chemminer	3.52.0
2023	bioconductor-chemminer	3.54.0
2023	bioconductor-chetah	1.16.0
2023	bioconductor-chetah	1.18.0
2023	bioconductor-chic.data	1.20.0
2023	bioconductor-chic.data	1.22.0
2023	bioconductor-chic	1.19.0
2023	bioconductor-chicago	1.28.0
2023	bioconductor-chicago	1.30.0
2023	bioconductor-chicken.db0	3.17.0
2023	bioconductor-chicken.db0	3.18.0
2023	bioconductor-chihaya	1.0.0
2023	bioconductor-chihaya	1.2.0
2023	bioconductor-chimeraviz	1.26.0
2023	bioconductor-chimeraviz	1.28.0
2023	bioconductor-chimp.db0	3.17.0
2023	bioconductor-chimp.db0	3.18.0
2023	bioconductor-chimphumanbraindata	1.38.0
2023	bioconductor-chipanalyser	1.22.0
2023	bioconductor-chipanalyser	1.24.0
2023	bioconductor-chipcomp	1.30.0
2023	bioconductor-chipcomp	1.32.0
2023	bioconductor-chipenrich.data	2.24.0
2023	bioconductor-chipenrich.data	2.26.0
2023	bioconductor-chipenrich	2.24.0
2023	bioconductor-chipenrich	2.26.0
2023	bioconductor-chipexoqual	1.24.0
2023	bioconductor-chipexoqual	1.26.0
2023	bioconductor-chipexoqualexample	1.24.0
2023	bioconductor-chipexoqualexample	1.26.0
2023	bioconductor-chippeakanno	3.34.1
2023	bioconductor-chippeakanno	3.36.0
2023	bioconductor-chipqc	1.36.0
2023	bioconductor-chipqc	1.38.0
2023	bioconductor-chipseeker	1.36.0
2023	bioconductor-chipseeker	1.38.0
2023	bioconductor-chipseq	1.50.0
2023	bioconductor-chipseq	1.52.0
2023	bioconductor-chipseqdbdata	1.16.0
2023	bioconductor-chipseqdbdata	1.18.0
2023	bioconductor-chipseqr	1.54.0
2023	bioconductor-chipseqr	1.56.0
2023	bioconductor-chipsim	1.54.0
2023	bioconductor-chipsim	1.56.0
2023	bioconductor-chopsticks	1.66.0
2023	bioconductor-chopsticks	1.68.0
2023	bioconductor-chromdraw	2.30.0
2023	bioconductor-chromdraw	2.32.0
2023	bioconductor-chromheatmap	1.54.0
2023	bioconductor-chromheatmap	1.56.0
2023	bioconductor-chromplot	1.28.0
2023	bioconductor-chromplot	1.30.0
2023	bioconductor-chromscape	1.10.0
2023	bioconductor-chromscape	1.12.0
2023	bioconductor-chromstar	1.26.0
2023	bioconductor-chromstar	1.28.0
2023	bioconductor-chromstardata	1.26.0
2023	bioconductor-chromstardata	1.28.0
2023	bioconductor-chromswitch	1.22.0
2023	bioconductor-chromvar	1.22.1
2023	bioconductor-chromvar	1.24.0
2023	bioconductor-chronos	1.28.0
2023	bioconductor-chronos	1.30.0
2023	bioconductor-cicero	1.18.0
2023	bioconductor-cicero	1.20.0
2023	bioconductor-cimice	1.10.0
2023	bioconductor-cimice	1.8.0
2023	bioconductor-cindex	1.28.0
2023	bioconductor-cindex	1.30.0
2023	bioconductor-circrnaprofiler	1.14.0
2023	bioconductor-circrnaprofiler	1.16.0
2023	bioconductor-circseqaligntk	1.2.0
2023	bioconductor-circseqaligntk	1.4.0
2023	bioconductor-cispath	1.40.0
2023	bioconductor-cispath	1.42.0
2023	bioconductor-citefuse	1.12.0
2023	bioconductor-citefuse	1.14.0
2023	bioconductor-classifyr	3.4.7
2023	bioconductor-classifyr	3.6.2
2023	bioconductor-cleanupdtseq	1.38.0
2023	bioconductor-cleanupdtseq	1.40.0
2023	bioconductor-cleaver	1.38.0
2023	bioconductor-cleaver	1.40.0
2023	bioconductor-clevrvis	1.0.0
2023	bioconductor-clevrvis	1.2.0
2023	bioconductor-clippda	1.50.0
2023	bioconductor-clippda	1.52.0
2023	bioconductor-clipper	1.40.0
2023	bioconductor-clipper	1.42.0
2023	bioconductor-cliprofiler	1.6.0
2023	bioconductor-cliprofiler	1.8.0
2023	bioconductor-cliquems	1.13.0
2023	bioconductor-cliquems	1.16.0
2023	bioconductor-cll	1.40.0
2023	bioconductor-cll	1.42.0
2023	bioconductor-cllmethylation	1.20.0
2023	bioconductor-cllmethylation	1.22.0
2023	bioconductor-clomial	1.36.0
2023	bioconductor-clomial	1.38.0
2023	bioconductor-clonality	1.47.0
2023	bioconductor-clst	1.48.0
2023	bioconductor-clst	1.50.0
2023	bioconductor-clstutils	1.48.0
2023	bioconductor-clstutils	1.50.0
2023	bioconductor-clumsid	1.16.0
2023	bioconductor-clumsid	1.18.0
2023	bioconductor-clumsiddata	1.16.0
2023	bioconductor-clumsiddata	1.18.0
2023	bioconductor-clustcomp	1.28.0
2023	bioconductor-clustcomp	1.30.0
2023	bioconductor-clusterexperiment	2.20.0
2023	bioconductor-clusterexperiment	2.22.0
2023	bioconductor-clusterjudge	1.22.0
2023	bioconductor-clusterjudge	1.24.0
2023	bioconductor-clusterprofiler	4.10.0
2023	bioconductor-clusterprofiler	4.8.1
2023	bioconductor-clusterseq	1.26.0
2023	bioconductor-clustersignificance	1.28.0
2023	bioconductor-clustersignificance	1.30.0
2023	bioconductor-clusterstab	1.72.0
2023	bioconductor-clusterstab	1.74.0
2023	bioconductor-clustifyr	1.12.0
2023	bioconductor-clustifyr	1.14.0
2023	bioconductor-clustifyrdatahub	1.10.0
2023	bioconductor-clustifyrdatahub	1.12.0
2023	bioconductor-clustirr	1.0.0
2023	bioconductor-cma	1.58.0
2023	bioconductor-cma	1.60.0
2023	bioconductor-cmap2data	1.36.0
2023	bioconductor-cmap2data	1.38.0
2023	bioconductor-cmapr	1.12.0
2023	bioconductor-cmapr	1.14.0
2023	bioconductor-cn.farms	1.48.0
2023	bioconductor-cn.farms	1.50.0
2023	bioconductor-cn.mops	1.46.0
2023	bioconductor-cn.mops	1.48.0
2023	bioconductor-cnanorm	1.46.1
2023	bioconductor-cnanorm	1.48.0
2023	bioconductor-cner	1.36.0
2023	bioconductor-cner	1.38.0
2023	bioconductor-cnordt	1.42.0
2023	bioconductor-cnordt	1.44.0
2023	bioconductor-cnorfeeder	1.40.0
2023	bioconductor-cnorfeeder	1.42.0
2023	bioconductor-cnorfuzzy	1.42.0
2023	bioconductor-cnorfuzzy	1.44.0
2023	bioconductor-cnorode	1.42.0
2023	bioconductor-cnorode	1.44.0
2023	bioconductor-cntools	1.56.0
2023	bioconductor-cntools	1.58.0
2023	bioconductor-cnvfilter	1.14.0
2023	bioconductor-cnvfilter	1.16.0
2023	bioconductor-cnvgears	1.8.0
2023	bioconductor-cnvgsa	1.44.0
2023	bioconductor-cnvgsa	1.46.0
2023	bioconductor-cnvgsadata	1.36.0
2023	bioconductor-cnvgsadata	1.38.0
2023	bioconductor-cnviz	1.10.0
2023	bioconductor-cnviz	1.8.0
2023	bioconductor-cnvmetrics	1.4.0
2023	bioconductor-cnvmetrics	1.6.0
2023	bioconductor-cnvpanelizer	1.32.0
2023	bioconductor-cnvpanelizer	1.34.0
2023	bioconductor-cnvranger	1.16.4
2023	bioconductor-cnvranger	1.18.0
2023	bioconductor-cnvrd2	1.38.0
2023	bioconductor-cnvrd2	1.40.0
2023	bioconductor-cocitestats	1.72.0
2023	bioconductor-cocitestats	1.74.0
2023	bioconductor-cocoa	2.14.0
2023	bioconductor-codelink	1.68.0
2023	bioconductor-codelink	1.70.0
2023	bioconductor-codex	1.32.0
2023	bioconductor-codex	1.34.0
2023	bioconductor-cogaps	3.19.1
2023	bioconductor-cogaps	3.22.0
2023	bioconductor-cogena	1.34.0
2023	bioconductor-cogena	1.36.0
2023	bioconductor-cogeqc	1.4.0
2023	bioconductor-cogeqc	1.6.0
2023	bioconductor-cogito	1.6.0
2023	bioconductor-cogito	1.8.0
2023	bioconductor-cogps	1.44.0
2023	bioconductor-cogps	1.46.0
2023	bioconductor-cohcap	1.46.0
2023	bioconductor-cohcap	1.48.0
2023	bioconductor-cohcapanno	1.36.0
2023	bioconductor-cohcapanno	1.38.0
2023	bioconductor-cola	2.6.0
2023	bioconductor-cola	2.8.0
2023	bioconductor-colonca	1.42.0
2023	bioconductor-colonca	1.44.0
2023	bioconductor-comapr	1.4.0
2023	bioconductor-comapr	1.6.1
2023	bioconductor-combi	1.12.0
2023	bioconductor-combi	1.14.0
2023	bioconductor-comet	1.32.0
2023	bioconductor-comet	1.34.0
2023	bioconductor-comethdmr	1.4.0
2023	bioconductor-comethdmr	1.6.0
2023	bioconductor-compartmap	1.18.0
2023	bioconductor-compass	1.38.1
2023	bioconductor-compass	1.40.0
2023	bioconductor-compcoder	1.36.2
2023	bioconductor-compcoder	1.38.0
2023	bioconductor-compepitools	1.34.1
2023	bioconductor-compepitools	1.36.0
2023	bioconductor-complexheatmap	2.16.0
2023	bioconductor-complexheatmap	2.18.0
2023	bioconductor-compounddb	1.4.0
2023	bioconductor-compounddb	1.6.0
2023	bioconductor-compran	1.10.0
2023	bioconductor-compran	1.8.0
2023	bioconductor-compspot	1.0.0
2023	bioconductor-concordexr	1.0.0
2023	bioconductor-concordexr	1.2.0
2023	bioconductor-condiments	1.8.0
2023	bioconductor-confess	1.28.0
2023	bioconductor-confess	1.30.0
2023	bioconductor-confessdata	1.28.0
2023	bioconductor-confessdata	1.30.0
2023	bioconductor-connectivitymap	1.36.0
2023	bioconductor-connectivitymap	1.38.0
2023	bioconductor-consensus	1.18.0
2023	bioconductor-consensus	1.20.0
2023	bioconductor-consensusclusterplus	1.64.0
2023	bioconductor-consensusclusterplus	1.66.0
2023	bioconductor-consensusde	1.18.0
2023	bioconductor-consensusde	1.20.0
2023	bioconductor-consensusov	1.22.0
2023	bioconductor-consensusov	1.24.0
2023	bioconductor-consensusseeker	1.28.0
2023	bioconductor-consensusseeker	1.30.0
2023	bioconductor-consica	1.2.0
2023	bioconductor-consica	2.0.0
2023	bioconductor-constand	1.10.0
2023	bioconductor-constand	1.8.0
2023	bioconductor-contibait	1.28.0
2023	bioconductor-contibait	1.30.0
2023	bioconductor-convert	1.76.0
2023	bioconductor-convert	1.78.0
2023	bioconductor-copa	1.68.0
2023	bioconductor-copa	1.70.0
2023	bioconductor-copdsexualdimorphism.data	1.36.0
2023	bioconductor-copdsexualdimorphism.data	1.38.0
2023	bioconductor-copyhelper	1.32.0
2023	bioconductor-copyhelper	1.34.0
2023	bioconductor-copyneutralima	1.18.0
2023	bioconductor-copyneutralima	1.20.0
2023	bioconductor-copynumberplots	1.16.0
2023	bioconductor-copynumberplots	1.18.0
2023	bioconductor-cordon	1.18.0
2023	bioconductor-cordon	1.20.0
2023	bioconductor-coregnet	1.38.0
2023	bioconductor-coregx	2.4.0
2023	bioconductor-coregx	2.6.0
2023	bioconductor-cormotif	1.46.0
2023	bioconductor-cormotif	1.48.0
2023	bioconductor-corral	1.10.0
2023	bioconductor-corral	1.12.0
2023	bioconductor-correp	1.66.0
2023	bioconductor-correp	1.68.0
2023	bioconductor-coseq	1.24.0
2023	bioconductor-coseq	1.26.0
2023	bioconductor-cosia	1.0.0
2023	bioconductor-cosia	1.2.0
2023	bioconductor-cosiadata	1.0.0
2023	bioconductor-cosiadata	1.2.0
2023	bioconductor-cosmic.67	1.36.0
2023	bioconductor-cosmic.67	1.38.0
2023	bioconductor-cosmiq	1.34.0
2023	bioconductor-cosmiq	1.36.0
2023	bioconductor-cosmosr	1.10.0
2023	bioconductor-cosmosr	1.8.0
2023	bioconductor-cosnet	1.34.0
2023	bioconductor-cosnet	1.36.0
2023	bioconductor-cotan	2.0.4
2023	bioconductor-cotan	2.2.1
2023	bioconductor-countsimqc	1.18.0
2023	bioconductor-countsimqc	1.20.0
2023	bioconductor-coveb	1.26.0
2023	bioconductor-coveb	1.28.0
2023	bioconductor-coverageview	1.38.0
2023	bioconductor-coverageview	1.40.0
2023	bioconductor-covrna	1.26.0
2023	bioconductor-covrna	1.28.0
2023	bioconductor-cpvsnp	1.32.0
2023	bioconductor-cpvsnp	1.34.0
2023	bioconductor-cqn	1.46.0
2023	bioconductor-cqn	1.48.0
2023	bioconductor-crcl18	1.20.0
2023	bioconductor-crcl18	1.22.0
2023	bioconductor-crimage	1.48.0
2023	bioconductor-crimage	1.50.0
2023	bioconductor-crisprbase	1.4.0
2023	bioconductor-crisprbase	1.6.0
2023	bioconductor-crisprbowtie	1.4.0
2023	bioconductor-crisprbowtie	1.6.0
2023	bioconductor-crisprbwa	1.4.0
2023	bioconductor-crisprbwa	1.6.0
2023	bioconductor-crisprdesign	1.2.0
2023	bioconductor-crisprdesign	1.4.0
2023	bioconductor-crisprscore	1.4.0
2023	bioconductor-crisprscore	1.6.0
2023	bioconductor-crisprscoredata	1.4.0
2023	bioconductor-crisprscoredata	1.6.0
2023	bioconductor-crisprseek	1.40.0
2023	bioconductor-crisprseek	1.42.0
2023	bioconductor-crisprseekplus	1.26.0
2023	bioconductor-crisprvariants	1.28.0
2023	bioconductor-crisprvariants	1.30.0
2023	bioconductor-crisprverse	1.2.0
2023	bioconductor-crisprverse	1.4.0
2023	bioconductor-crisprviz	1.2.0
2023	bioconductor-crisprviz	1.4.0
2023	bioconductor-crlmm	1.58.0
2023	bioconductor-crlmm	1.60.0
2023	bioconductor-crossmeta	1.26.0
2023	bioconductor-crossmeta	1.28.0
2023	bioconductor-csar	1.52.0
2023	bioconductor-csar	1.54.0
2023	bioconductor-csaw	1.34.0
2023	bioconductor-csaw	1.36.0
2023	bioconductor-csdr	1.6.0
2023	bioconductor-csdr	1.8.0
2023	bioconductor-cssp	1.37.0
2023	bioconductor-cssq	1.12.1
2023	bioconductor-cssq	1.14.0
2023	bioconductor-ctc	1.74.0
2023	bioconductor-ctc	1.76.0
2023	bioconductor-ctcf	0.99.11
2023	bioconductor-ctdata	1.0.2
2023	bioconductor-ctdata	1.2.0
2023	bioconductor-ctdquerier	2.10.0
2023	bioconductor-ctdquerier	2.8.0
2023	bioconductor-ctrap	1.18.0
2023	bioconductor-ctrap	1.20.0
2023	bioconductor-ctsge	1.26.0
2023	bioconductor-ctsge	1.28.0
2023	bioconductor-ctsv	1.2.0
2023	bioconductor-ctsv	1.4.0
2023	bioconductor-cummerbund	2.42.0
2023	bioconductor-cummerbund	2.44.0
2023	bioconductor-curatedadipoarray	1.12.0
2023	bioconductor-curatedadipoarray	1.14.0
2023	bioconductor-curatedadipochip	1.16.0
2023	bioconductor-curatedadipochip	1.18.0
2023	bioconductor-curatedadiporna	1.16.0
2023	bioconductor-curatedadiporna	1.18.0
2023	bioconductor-curatedatlasqueryr	1.0.0
2023	bioconductor-curatedbladderdata	1.36.0
2023	bioconductor-curatedbladderdata	1.38.0
2023	bioconductor-curatedbreastdata	2.28.0
2023	bioconductor-curatedbreastdata	2.30.0
2023	bioconductor-curatedcrcdata	2.32.0
2023	bioconductor-curatedcrcdata	2.34.0
2023	bioconductor-curatedmetagenomicdata	3.10.0
2023	bioconductor-curatedmetagenomicdata	3.8.0
2023	bioconductor-curatedovariandata	1.38.0
2023	bioconductor-curatedovariandata	1.40.1
2023	bioconductor-curatedtbdata	1.6.0
2023	bioconductor-curatedtbdata	1.8.0
2023	bioconductor-curatedtcgadata	1.22.2
2023	bioconductor-curatedtcgadata	1.24.0
2023	bioconductor-customcmpdb	1.10.0
2023	bioconductor-customcmpdb	1.12.0
2023	bioconductor-customprodb	1.40.0
2023	bioconductor-customprodb	1.41.0
2023	bioconductor-cyanofilter	1.10.0
2023	bioconductor-cyanofilter	1.8.0
2023	bioconductor-cycle	1.54.0
2023	bioconductor-cycle	1.56.0
2023	bioconductor-cydar	1.24.0
2023	bioconductor-cydar	1.26.0
2023	bioconductor-cytodx	1.20.0
2023	bioconductor-cytodx	1.22.0
2023	bioconductor-cytofpower	1.6.0
2023	bioconductor-cytofpower	1.8.0
2023	bioconductor-cytofqc	1.0.0
2023	bioconductor-cytofqc	1.2.0
2023	bioconductor-cytoglmm	1.10.0
2023	bioconductor-cytoglmm	1.8.0
2023	bioconductor-cytokernel	1.6.0
2023	bioconductor-cytokernel	1.8.0
2023	bioconductor-cytolib	2.12.0
2023	bioconductor-cytolib	2.14.0
2023	bioconductor-cytomapper	1.12.0
2023	bioconductor-cytomapper	1.14.0
2023	bioconductor-cytomem	1.4.0
2023	bioconductor-cytomem	1.6.0
2023	bioconductor-cytoml	2.12.0
2023	bioconductor-cytoml	2.14.0
2023	bioconductor-cytopipeline	1.0.2
2023	bioconductor-cytopipeline	1.2.0
2023	bioconductor-cytopipelinegui	1.0.0
2023	bioconductor-cytoviewer	1.0.0
2023	bioconductor-cytoviewer	1.2.0
2023	bioconductor-dada2	1.28.0
2023	bioconductor-dada2	1.30.0
2023	bioconductor-daglogo	1.38.0
2023	bioconductor-daglogo	1.40.0
2023	bioconductor-dama	1.72.0
2023	bioconductor-dama	1.74.0
2023	bioconductor-damefinder	1.12.0
2023	bioconductor-damefinder	1.14.0
2023	bioconductor-damirseq	2.12.0
2023	bioconductor-damirseq	2.14.0
2023	bioconductor-dapar	1.32.2
2023	bioconductor-dapar	1.34.2
2023	bioconductor-dapardata	1.30.0
2023	bioconductor-dapardata	1.32.0
2023	bioconductor-dart	1.48.0
2023	bioconductor-dart	1.50.0
2023	bioconductor-dasper	1.9.0
2023	bioconductor-data-packages	20230202
2023	bioconductor-data-packages	20230420
2023	bioconductor-data-packages	20230706
2023	bioconductor-data-packages	20230713
2023	bioconductor-data-packages	20230717
2023	bioconductor-data-packages	20230718
2023	bioconductor-data-packages	20231202
2023	bioconductor-data-packages	20231203
2023	bioconductor-davidtiling	1.40.0
2023	bioconductor-davidtiling	1.42.0
2023	bioconductor-dcanr	1.16.0
2023	bioconductor-dcanr	1.18.0
2023	bioconductor-dcats	1.0.0
2023	bioconductor-dce	1.10.0
2023	bioconductor-dce	1.7.0
2023	bioconductor-dcgsa	1.28.0
2023	bioconductor-dcgsa	1.30.0
2023	bioconductor-ddct	1.56.0
2023	bioconductor-ddct	1.58.0
2023	bioconductor-ddpcrclust	1.20.0
2023	bioconductor-ddpcrclust	1.22.0
2023	bioconductor-dearseq	1.12.1
2023	bioconductor-dearseq	1.14.0
2023	bioconductor-debcam	1.18.0
2023	bioconductor-debcam	1.20.0
2023	bioconductor-debrowser	1.28.2
2023	bioconductor-debrowser	1.30.0
2023	bioconductor-decipher	2.28.0
2023	bioconductor-decipher	2.30.0
2023	bioconductor-decomptumor2sig	2.16.0
2023	bioconductor-decomptumor2sig	2.18.0
2023	bioconductor-deconrnaseq	1.42.0
2023	bioconductor-deconrnaseq	1.44.0
2023	bioconductor-decontam	1.20.0
2023	bioconductor-decontam	1.22.0
2023	bioconductor-decontx	1.0.0
2023	bioconductor-deconvr	1.6.0
2023	bioconductor-deconvr	1.8.0
2023	bioconductor-decoupler	2.6.0
2023	bioconductor-decoupler	2.8.0
2023	bioconductor-deeppincs	1.10.0
2023	bioconductor-deeppincs	1.8.0
2023	bioconductor-deepsnv	1.46.0
2023	bioconductor-deepsnv	1.48.0
2023	bioconductor-deformats	1.28.0
2023	bioconductor-deformats	1.30.0
2023	bioconductor-degnorm	1.10.1
2023	bioconductor-degnorm	1.12.0
2023	bioconductor-degraph	1.52.0
2023	bioconductor-degraph	1.54.0
2023	bioconductor-degreport	1.36.0
2023	bioconductor-degreport	1.38.4
2023	bioconductor-degseq	1.54.0
2023	bioconductor-degseq	1.56.1
2023	bioconductor-delayedarray	0.26.6
2023	bioconductor-delayedarray	0.28.0
2023	bioconductor-delayeddataframe	1.16.0
2023	bioconductor-delayeddataframe	1.18.0
2023	bioconductor-delayedmatrixstats	1.22.1
2023	bioconductor-delayedmatrixstats	1.24.0
2023	bioconductor-delayedrandomarray	1.10.0
2023	bioconductor-delayedrandomarray	1.8.0
2023	bioconductor-delayedtensor	1.6.0
2023	bioconductor-delayedtensor	1.8.0
2023	bioconductor-delocal	1.0.0
2023	bioconductor-delocal	1.2.0
2023	bioconductor-deltacapturec	1.14.0
2023	bioconductor-deltacapturec	1.16.0
2023	bioconductor-deltagseg	1.40.0
2023	bioconductor-deltagseg	1.42.0
2023	bioconductor-demand	1.30.0
2023	bioconductor-demand	1.32.0
2023	bioconductor-demixt	1.16.0
2023	bioconductor-demuxmix	1.2.0
2023	bioconductor-demuxmix	1.4.0
2023	bioconductor-demuxsnp	1.0.0
2023	bioconductor-densvis	1.10.2
2023	bioconductor-densvis	1.12.0
2023	bioconductor-dep	1.22.0
2023	bioconductor-dep	1.24.0
2023	bioconductor-depecher	1.16.0
2023	bioconductor-depecher	1.18.0
2023	bioconductor-depinfer	1.4.0
2023	bioconductor-depinfer	1.6.0
2023	bioconductor-depmap	1.14.0
2023	bioconductor-depmap	1.16.0
2023	bioconductor-deqms	1.18.0
2023	bioconductor-deqms	1.20.0
2023	bioconductor-derfinder	1.34.0
2023	bioconductor-derfinder	1.36.0
2023	bioconductor-derfinderdata	2.18.0
2023	bioconductor-derfinderdata	2.20.0
2023	bioconductor-derfinderhelper	1.34.0
2023	bioconductor-derfinderhelper	1.36.0
2023	bioconductor-derfinderplot	1.34.0
2023	bioconductor-derfinderplot	1.36.0
2023	bioconductor-descan2	1.20.1
2023	bioconductor-descan2	1.22.0
2023	bioconductor-deseq2	1.40.2
2023	bioconductor-deseq2	1.42.0
2023	bioconductor-desingle	1.20.0
2023	bioconductor-desingle	1.22.0
2023	bioconductor-desousa2013	1.36.0
2023	bioconductor-desousa2013	1.38.0
2023	bioconductor-despace	1.0.0
2023	bioconductor-despace	1.2.0
2023	bioconductor-destiny	3.14.0
2023	bioconductor-destiny	3.16.0
2023	bioconductor-desubs	1.26.0
2023	bioconductor-desubs	1.28.0
2023	bioconductor-dewseq	1.14.0
2023	bioconductor-dewseq	1.16.2
2023	bioconductor-dexma	1.10.6
2023	bioconductor-dexma	1.8.0
2023	bioconductor-dexmadata	1.10.0
2023	bioconductor-dexmadata	1.8.0
2023	bioconductor-dexseq	1.46.0
2023	bioconductor-dexseq	1.48.0
2023	bioconductor-dfp	1.58.0
2023	bioconductor-dfp	1.60.0
2023	bioconductor-dialignr	2.10.0
2023	bioconductor-dialignr	2.8.0
2023	bioconductor-diffbind	3.10.0
2023	bioconductor-diffbind	3.12.0
2023	bioconductor-diffcoexp	1.20.0
2023	bioconductor-diffcoexp	1.22.0
2023	bioconductor-diffcyt	1.20.0
2023	bioconductor-diffcyt	1.22.0
2023	bioconductor-differentialregulation	1.4.2
2023	bioconductor-differentialregulation	2.0.2
2023	bioconductor-diffgeneanalysis	1.82.0
2023	bioconductor-diffgeneanalysis	1.84.0
2023	bioconductor-diffhic	1.32.0
2023	bioconductor-diffhic	1.34.0
2023	bioconductor-difflogo	2.24.0
2023	bioconductor-difflogo	2.26.0
2023	bioconductor-diffloopdata	1.28.0
2023	bioconductor-diffloopdata	1.30.0
2023	bioconductor-diffustats	1.20.0
2023	bioconductor-diffustats	1.22.0
2023	bioconductor-diffutr	1.10.0
2023	bioconductor-diffutr	1.8.0
2023	bioconductor-diggit	1.32.0
2023	bioconductor-diggit	1.34.0
2023	bioconductor-diggitdata	1.32.0
2023	bioconductor-diggitdata	1.34.0
2023	bioconductor-dino	1.6.0
2023	bioconductor-dino	1.8.0
2023	bioconductor-dir.expiry	1.10.0
2023	bioconductor-dir.expiry	1.8.0
2023	bioconductor-director	1.26.0
2023	bioconductor-director	1.28.0
2023	bioconductor-dirichletmultinomial	1.42.0
2023	bioconductor-dirichletmultinomial	1.44.0
2023	bioconductor-discordant	1.24.0
2023	bioconductor-discordant	1.26.0
2023	bioconductor-discorhythm	1.16.0
2023	bioconductor-discorhythm	1.18.0
2023	bioconductor-distinct	1.12.2
2023	bioconductor-dittoseq	1.12.0
2023	bioconductor-dittoseq	1.14.0
2023	bioconductor-divergence	1.16.0
2023	bioconductor-divergence	1.18.0
2023	bioconductor-dks	1.46.0
2023	bioconductor-dks	1.48.0
2023	bioconductor-dlbcl	1.40.0
2023	bioconductor-dlbcl	1.42.1
2023	bioconductor-dmcfb	1.14.0
2023	bioconductor-dmchmm	1.22.0
2023	bioconductor-dmchmm	1.24.0
2023	bioconductor-dmelsgi	1.32.0
2023	bioconductor-dmelsgi	1.34.0
2023	bioconductor-dmrcaller	1.32.0
2023	bioconductor-dmrcaller	1.34.0
2023	bioconductor-dmrcatedata	2.18.0
2023	bioconductor-dmrcatedata	2.20.0
2023	bioconductor-dmrforpairs	1.35.0
2023	bioconductor-dmrscan	1.22.0
2023	bioconductor-dmrscan	1.24.0
2023	bioconductor-dmrseq	1.20.0
2023	bioconductor-dmrseq	1.22.0
2023	bioconductor-dnabarcodecompatibility	1.16.0
2023	bioconductor-dnabarcodecompatibility	1.18.0
2023	bioconductor-dnabarcodes	1.30.0
2023	bioconductor-dnabarcodes	1.32.0
2023	bioconductor-dnacopy	1.74.1
2023	bioconductor-dnacopy	1.76.0
2023	bioconductor-dnafusion	1.2.0
2023	bioconductor-dnafusion	1.4.0
2023	bioconductor-dnashaper	1.28.0
2023	bioconductor-dnashaper	1.30.0
2023	bioconductor-dnazoodata	1.0.0
2023	bioconductor-dnazoodata	1.2.0
2023	bioconductor-dominoeffect	1.20.1
2023	bioconductor-dominoeffect	1.22.0
2023	bioconductor-donapllp2013	1.38.0
2023	bioconductor-donapllp2013	1.40.0
2023	bioconductor-doppelgangr	1.28.1
2023	bioconductor-doppelgangr	1.30.0
2023	bioconductor-dorothea	1.12.0
2023	bioconductor-dorothea	1.14.0
2023	bioconductor-doscheda	1.22.0
2023	bioconductor-doscheda	1.24.0
2023	bioconductor-dose	3.26.1
2023	bioconductor-dose	3.28.1
2023	bioconductor-doser	1.16.0
2023	bioconductor-doser	1.18.0
2023	bioconductor-doubletrouble	1.0.0
2023	bioconductor-doubletrouble	1.2.1
2023	bioconductor-dpeak	1.12.0
2023	bioconductor-drawproteins	1.20.0
2023	bioconductor-drawproteins	1.22.0
2023	bioconductor-dresscheck	0.38.0
2023	bioconductor-dresscheck	0.40.0
2023	bioconductor-drimseq	1.28.0
2023	bioconductor-drimseq	1.30.0
2023	bioconductor-drivernet	1.40.0
2023	bioconductor-drivernet	1.42.0
2023	bioconductor-droplettestfiles	1.10.0
2023	bioconductor-droplettestfiles	1.12.0
2023	bioconductor-dropletutils	1.20.0
2023	bioconductor-dropletutils	1.22.0
2023	bioconductor-drugtargetinteractions	1.10.1
2023	bioconductor-drugtargetinteractions	1.8.0
2023	bioconductor-drugvsdisease	2.42.0
2023	bioconductor-drugvsdisease	2.44.0
2023	bioconductor-drugvsdiseasedata	1.36.0
2023	bioconductor-drugvsdiseasedata	1.38.0
2023	bioconductor-dss	2.48.0
2023	bioconductor-dstruct	1.6.0
2023	bioconductor-dstruct	1.8.0
2023	bioconductor-dta	2.46.0
2023	bioconductor-dta	2.48.0
2023	bioconductor-dune	1.12.0
2023	bioconductor-dune	1.14.0
2023	bioconductor-duoclustering2018	1.18.0
2023	bioconductor-duoclustering2018	1.20.0
2023	bioconductor-dupradar	1.30.0
2023	bioconductor-dupradar	1.32.0
2023	bioconductor-dvddata	1.36.0
2023	bioconductor-dvddata	1.38.0
2023	bioconductor-dyebias	1.60.0
2023	bioconductor-dyebias	1.62.0
2023	bioconductor-dyebiasexamples	1.40.0
2023	bioconductor-dyebiasexamples	1.42.0
2023	bioconductor-dyndoc	1.78.0
2023	bioconductor-dyndoc	1.80.0
2023	bioconductor-easier	1.6.3
2023	bioconductor-easier	1.8.0
2023	bioconductor-easierdata	1.6.0
2023	bioconductor-easierdata	1.8.0
2023	bioconductor-easycelltype	1.2.0
2023	bioconductor-easylift	1.0.0
2023	bioconductor-easyreporting	1.12.0
2023	bioconductor-easyreporting	1.14.0
2023	bioconductor-easyrnaseq	2.36.0
2023	bioconductor-easyrnaseq	2.38.0
2023	bioconductor-eatonetalchipseq	0.38.0
2023	bioconductor-eatonetalchipseq	0.40.0
2023	bioconductor-ebarrays	2.64.0
2023	bioconductor-ebarrays	2.66.0
2023	bioconductor-ebcoexpress	1.44.0
2023	bioconductor-ebcoexpress	1.46.0
2023	bioconductor-ebimage	4.42.0
2023	bioconductor-ebimage	4.44.0
2023	bioconductor-ebsea	1.28.0
2023	bioconductor-ebsea	1.30.0
2023	bioconductor-ebseq	1.40.0
2023	bioconductor-ebseq	2.0.0
2023	bioconductor-ebseqhmm	1.34.0
2023	bioconductor-ebseqhmm	1.35.0
2023	bioconductor-ecolik12.db0	3.17.0
2023	bioconductor-ecolik12.db0	3.18.0
2023	bioconductor-ecolileucine	1.40.0
2023	bioconductor-ecolileucine	1.42.0
2023	bioconductor-ecolisakai.db0	3.17.0
2023	bioconductor-ecolisakai.db0	3.18.0
2023	bioconductor-ecolitk	1.72.0
2023	bioconductor-ecolitk	1.74.0
2023	bioconductor-edaseq	2.34.0
2023	bioconductor-edaseq	2.36.0
2023	bioconductor-edge	2.32.0
2023	bioconductor-edge	2.34.0
2023	bioconductor-edger	3.42.4
2023	bioconductor-edger	4.0.2
2023	bioconductor-edirquery	1.0.0
2023	bioconductor-edirquery	1.2.0
2023	bioconductor-eds	1.2.0
2023	bioconductor-eds	1.4.0
2023	bioconductor-eegc	1.26.0
2023	bioconductor-egad	1.28.0
2023	bioconductor-egad	1.30.0
2023	bioconductor-egsea	1.28.0
2023	bioconductor-egseadata	1.28.0
2023	bioconductor-egseadata	1.30.0
2023	bioconductor-eir	1.40.0
2023	bioconductor-eir	1.42.0
2023	bioconductor-eisar	1.12.0
2023	bioconductor-eisar	1.14.0
2023	bioconductor-elmer.data	2.24.0
2023	bioconductor-elmer.data	2.26.0
2023	bioconductor-elmer	2.24.1
2023	bioconductor-elmer	2.26.0
2023	bioconductor-emdomics	2.30.0
2023	bioconductor-emdomics	2.32.0
2023	bioconductor-empiricalbrownsmethod	1.28.0
2023	bioconductor-empiricalbrownsmethod	1.30.0
2023	bioconductor-emtdata	1.10.0
2023	bioconductor-emtdata	1.8.0
2023	bioconductor-enhancedvolcano	1.18.0
2023	bioconductor-enhancedvolcano	1.20.0
2023	bioconductor-enhancerhomologsearch	1.6.1
2023	bioconductor-enhancerhomologsearch	1.8.2
2023	bioconductor-enmcb	1.12.0
2023	bioconductor-enmcb	1.14.0
2023	bioconductor-enmix	1.36.01
2023	bioconductor-enmix	1.38.01
2023	bioconductor-enrichedheatmap	1.30.0
2023	bioconductor-enrichedheatmap	1.32.0
2023	bioconductor-enrichmentbrowser	2.30.1
2023	bioconductor-enrichmentbrowser	2.32.0
2023	bioconductor-enrichplot	1.20.0
2023	bioconductor-enrichplot	1.22.0
2023	bioconductor-enrichtf	1.16.0
2023	bioconductor-enrichviewnet	1.0.0
2023	bioconductor-ensembldb	2.24.0
2023	bioconductor-ensembldb	2.26.0
2023	bioconductor-ensemblvep	1.40.0
2023	bioconductor-ensemblvep	1.42.0
2023	bioconductor-ensemblvep	1.44.0
2023	bioconductor-epialleler	1.10.0
2023	bioconductor-epialleler	1.8.0
2023	bioconductor-epialleler	1.8.1
2023	bioconductor-epicompare	1.4.0
2023	bioconductor-epidecoder	1.10.0
2023	bioconductor-epidecoder	1.8.0
2023	bioconductor-epidish	2.16.0
2023	bioconductor-epidish	2.18.0
2023	bioconductor-epigenomix	1.40.0
2023	bioconductor-epigenomix	1.42.0
2023	bioconductor-epigrahmm	1.10.0
2023	bioconductor-epigrahmm	1.6.4
2023	bioconductor-epigrahmm	1.8.2
2023	bioconductor-epimix.data	1.2.2
2023	bioconductor-epimix.data	1.4.0
2023	bioconductor-epimix	1.1.2
2023	bioconductor-epimix	1.4.0
2023	bioconductor-epimutacions	1.4.0
2023	bioconductor-epimutacions	1.6.1
2023	bioconductor-epimutacionsdata	1.4.0
2023	bioconductor-epimutacionsdata	1.6.0
2023	bioconductor-epinem	1.24.0
2023	bioconductor-epinem	1.26.0
2023	bioconductor-epistack	1.6.0
2023	bioconductor-epistack	1.8.0
2023	bioconductor-epistasisga	1.2.1
2023	bioconductor-epistasisga	1.4.0
2023	bioconductor-epitxdb	1.12.0
2023	bioconductor-epitxdb	1.14.0
2023	bioconductor-epivizr	2.30.0
2023	bioconductor-epivizr	2.32.0
2023	bioconductor-epivizrchart	1.22.0
2023	bioconductor-epivizrchart	1.24.0
2023	bioconductor-epivizrdata	1.28.0
2023	bioconductor-epivizrdata	1.30.0
2023	bioconductor-epivizrserver	1.28.0
2023	bioconductor-epivizrserver	1.30.0
2023	bioconductor-epivizrstandalone	1.28.0
2023	bioconductor-epivizrstandalone	1.30.0
2023	bioconductor-erccdashboard	1.34.0
2023	bioconductor-erccdashboard	1.36.0
2023	bioconductor-erma	1.16.0
2023	bioconductor-erma	1.18.0
2023	bioconductor-erssa	1.18.0
2023	bioconductor-erssa	1.20.0
2023	bioconductor-esatac	1.22.0
2023	bioconductor-esatac	1.24.0
2023	bioconductor-escape	1.10.0
2023	bioconductor-escape	1.12.0
2023	bioconductor-escher	1.0.0
2023	bioconductor-escher	1.2.0
2023	bioconductor-esetvis	1.26.1
2023	bioconductor-esetvis	1.28.0
2023	bioconductor-estrogen	1.46.0
2023	bioconductor-estrogen	1.48.0
2023	bioconductor-etec16s	1.28.0
2023	bioconductor-etec16s	1.30.0
2023	bioconductor-eudysbiome	1.30.0
2023	bioconductor-eudysbiome	1.32.0
2023	bioconductor-evaluomer	1.16.0
2023	bioconductor-evaluomer	1.18.0
2023	bioconductor-eventpointer	3.10.0
2023	bioconductor-eventpointer	3.8.0
2023	bioconductor-ewce	1.10.2
2023	bioconductor-ewce	1.8.2
2023	bioconductor-ewcedata	1.10.0
2023	bioconductor-ewcedata	1.8.0
2023	bioconductor-excluderanges	0.99.8
2023	bioconductor-excluster	1.18.0
2023	bioconductor-excluster	1.20.0
2023	bioconductor-eximir	2.42.0
2023	bioconductor-eximir	2.44.0
2023	bioconductor-exomecopy	1.46.0
2023	bioconductor-exomecopy	1.48.0
2023	bioconductor-exomepeak2	1.12.0
2023	bioconductor-exomepeak2	1.14.3
2023	bioconductor-experimenthub	2.10.0
2023	bioconductor-experimenthub	2.8.0
2023	bioconductor-experimenthubdata	1.26.0
2023	bioconductor-experimenthubdata	1.28.0
2023	bioconductor-experimentsubset	1.10.0
2023	bioconductor-experimentsubset	1.12.0
2023	bioconductor-exploremodelmatrix	1.12.0
2023	bioconductor-exploremodelmatrix	1.14.0
2023	bioconductor-expressionatlas	1.28.0
2023	bioconductor-expressionatlas	1.30.0
2023	bioconductor-extrachips	1.4.5
2023	bioconductor-extrachips	1.6.0
2023	bioconductor-faahko	1.40.0
2023	bioconductor-faahko	1.42.0
2023	bioconductor-fabia	2.46.0
2023	bioconductor-fabia	2.48.0
2023	bioconductor-fabiadata	1.38.0
2023	bioconductor-fabiadata	1.40.0
2023	bioconductor-factdesign	1.76.0
2023	bioconductor-factdesign	1.78.0
2023	bioconductor-factr	1.2.0
2023	bioconductor-factr	1.4.0
2023	bioconductor-famagg	1.28.0
2023	bioconductor-famagg	1.30.0
2023	bioconductor-famat	1.10.0
2023	bioconductor-famat	1.12.0
2023	bioconductor-fantom3and4cage	1.36.0
2023	bioconductor-fantom3and4cage	1.38.0
2023	bioconductor-farms	1.52.0
2023	bioconductor-fastliquidassociation	1.36.0
2023	bioconductor-fastliquidassociation	1.38.0
2023	bioconductor-fastqcleaner	1.18.0
2023	bioconductor-fastqcleaner	1.20.0
2023	bioconductor-fastreer	1.4.0
2023	bioconductor-fastreer	1.6.0
2023	bioconductor-fastseg	1.46.0
2023	bioconductor-fastseg	1.48.0
2023	bioconductor-fcbf	2.8.0
2023	bioconductor-fccac	1.26.0
2023	bioconductor-fccac	1.28.0
2023	bioconductor-fci	1.30.0
2023	bioconductor-fci	1.32.0
2023	bioconductor-fcoex	1.13.0
2023	bioconductor-fcscan	1.14.0
2023	bioconductor-fcscan	1.16.0
2023	bioconductor-fdrame	1.72.0
2023	bioconductor-fdrame	1.74.0
2023	bioconductor-feast	1.10.0
2023	bioconductor-feast	1.8.0
2023	bioconductor-featseekr	1.0.0
2023	bioconductor-featseekr	1.2.0
2023	bioconductor-fedup	1.10.0
2023	bioconductor-fedup	1.8.0
2023	bioconductor-fella	1.20.0
2023	bioconductor-fella	1.22.0
2023	bioconductor-fenr	1.0.0
2023	bioconductor-ffpe	1.44.0
2023	bioconductor-ffpe	1.46.0
2023	bioconductor-ffpeexampledata	1.38.0
2023	bioconductor-ffpeexampledata	1.40.0
2023	bioconductor-fgga	1.8.0
2023	bioconductor-fgga	1.9.0
2023	bioconductor-fgnet	3.34.0
2023	bioconductor-fgnet	3.36.0
2023	bioconductor-fgsea	1.26.0
2023	bioconductor-fgsea	1.28.0
2023	bioconductor-fibroeset	1.42.0
2023	bioconductor-fibroeset	1.44.0
2023	bioconductor-fieldeffectcrc	1.10.0
2023	bioconductor-fieldeffectcrc	1.12.0
2023	bioconductor-filterffpe	1.10.0
2023	bioconductor-filterffpe	1.12.0
2023	bioconductor-findit2	1.6.0
2023	bioconductor-findit2	1.8.0
2023	bioconductor-fis	1.28.0
2023	bioconductor-fis	1.30.0
2023	bioconductor-fishalyser	1.34.0
2023	bioconductor-fishalyser	1.36.0
2023	bioconductor-fishpond	2.6.2
2023	bioconductor-fishpond	2.8.0
2023	bioconductor-fission	1.20.0
2023	bioconductor-fission	1.22.0
2023	bioconductor-fithic	1.26.0
2023	bioconductor-fithic	1.28.0
2023	bioconductor-flagme	1.56.0
2023	bioconductor-flagme	1.58.0
2023	bioconductor-flames	1.6.0
2023	bioconductor-flames	1.8.0
2023	bioconductor-fletcher2013a	1.36.0
2023	bioconductor-fletcher2013a	1.38.0
2023	bioconductor-fletcher2013b	1.36.0
2023	bioconductor-fletcher2013b	1.38.0
2023	bioconductor-flowai	1.30.0
2023	bioconductor-flowai	1.32.0
2023	bioconductor-flowbeads	1.38.0
2023	bioconductor-flowbeads	1.40.0
2023	bioconductor-flowbin	1.36.0
2023	bioconductor-flowbin	1.38.0
2023	bioconductor-flowcatchr	1.34.0
2023	bioconductor-flowcatchr	1.36.0
2023	bioconductor-flowchic	1.34.0
2023	bioconductor-flowchic	1.36.0
2023	bioconductor-flowclean	1.38.0
2023	bioconductor-flowclean	1.40.0
2023	bioconductor-flowclust	3.38.0
2023	bioconductor-flowclust	3.40.0
2023	bioconductor-flowcore	2.12.0
2023	bioconductor-flowcore	2.14.0
2023	bioconductor-flowcut	1.10.0
2023	bioconductor-flowcut	1.12.0
2023	bioconductor-flowcybar	1.36.0
2023	bioconductor-flowcybar	1.38.0
2023	bioconductor-flowdensity	1.34.0
2023	bioconductor-flowdensity	1.36.1
2023	bioconductor-flowfp	1.58.0
2023	bioconductor-flowfp	1.60.0
2023	bioconductor-flowgate	1.0.0
2023	bioconductor-flowgate	1.2.0
2023	bioconductor-flowgraph	1.10.0
2023	bioconductor-flowgraph	1.8.0
2023	bioconductor-flowmap	1.38.0
2023	bioconductor-flowmatch	1.36.0
2023	bioconductor-flowmatch	1.38.0
2023	bioconductor-flowmeans	1.60.0
2023	bioconductor-flowmeans	1.62.0
2023	bioconductor-flowmerge	2.48.0
2023	bioconductor-flowmerge	2.50.0
2023	bioconductor-flowpeaks	1.46.0
2023	bioconductor-flowpeaks	1.48.0
2023	bioconductor-flowploidy	1.26.0
2023	bioconductor-flowploidy	1.28.0
2023	bioconductor-flowploidydata	1.26.0
2023	bioconductor-flowploidydata	1.28.0
2023	bioconductor-flowplots	1.48.0
2023	bioconductor-flowplots	1.50.0
2023	bioconductor-flowsom	2.10.0
2023	bioconductor-flowsom	2.8.0
2023	bioconductor-flowsorted.blood.450k	1.38.0
2023	bioconductor-flowsorted.blood.450k	1.40.0
2023	bioconductor-flowsorted.blood.epic	2.4.2
2023	bioconductor-flowsorted.blood.epic	2.6.0
2023	bioconductor-flowsorted.cordblood.450k	1.28.0
2023	bioconductor-flowsorted.cordblood.450k	1.30.0
2023	bioconductor-flowsorted.cordbloodcombined.450k	1.16.0
2023	bioconductor-flowsorted.cordbloodcombined.450k	1.18.0
2023	bioconductor-flowsorted.cordbloodnorway.450k	1.26.0
2023	bioconductor-flowsorted.cordbloodnorway.450k	1.28.0
2023	bioconductor-flowsorted.dlpfc.450k	1.36.0
2023	bioconductor-flowsorted.dlpfc.450k	1.38.0
2023	bioconductor-flowspecs	1.14.0
2023	bioconductor-flowspecs	1.16.0
2023	bioconductor-flowstats	4.12.0
2023	bioconductor-flowstats	4.14.0
2023	bioconductor-flowtime	1.24.0
2023	bioconductor-flowtime	1.26.0
2023	bioconductor-flowtrans	1.52.0
2023	bioconductor-flowtrans	1.54.0
2023	bioconductor-flowviz	1.64.0
2023	bioconductor-flowviz	1.66.0
2023	bioconductor-flowvs	1.32.0
2023	bioconductor-flowvs	1.34.0
2023	bioconductor-flowworkspace	4.12.0
2023	bioconductor-flowworkspace	4.14.0
2023	bioconductor-flowworkspacedata	3.12.0
2023	bioconductor-flowworkspacedata	3.14.0
2023	bioconductor-fly.db0	3.17.0
2023	bioconductor-fly.db0	3.18.0
2023	bioconductor-fmcsr	1.42.0
2023	bioconductor-fmcsr	1.44.0
2023	bioconductor-fmrs	1.10.0
2023	bioconductor-fmrs	1.12.0
2023	bioconductor-fobitools	1.10.0
2023	bioconductor-fobitools	1.8.0
2023	bioconductor-foldgo	1.18.0
2023	bioconductor-fourdndata	1.0.0
2023	bioconductor-fourdndata	1.2.0
2023	bioconductor-fraser	1.12.1
2023	bioconductor-fraser	1.14.0
2023	bioconductor-frenchfish	1.12.0
2023	bioconductor-frenchfish	1.14.0
2023	bioconductor-frgepistasis	1.36.0
2023	bioconductor-frgepistasis	1.38.0
2023	bioconductor-frma	1.52.0
2023	bioconductor-frma	1.54.0
2023	bioconductor-frmaexampledata	1.36.0
2023	bioconductor-frmaexampledata	1.38.0
2023	bioconductor-frmatools	1.52.0
2023	bioconductor-frmatools	1.54.0
2023	bioconductor-fscanr	1.10.0
2023	bioconductor-funchip	1.26.0
2023	bioconductor-funchip	1.28.0
2023	bioconductor-funtoonorm	1.24.0
2023	bioconductor-funtoonorm	1.26.0
2023	bioconductor-furrowseg	1.28.0
2023	bioconductor-furrowseg	1.30.0
2023	bioconductor-fusesom	1.2.0
2023	bioconductor-fusesom	1.4.0
2023	bioconductor-ga4ghclient	1.24.0
2023	bioconductor-ga4ghclient	1.26.0
2023	bioconductor-ga4ghshiny	1.22.0
2023	bioconductor-ga4ghshiny	1.24.0
2023	bioconductor-gaga	2.46.0
2023	bioconductor-gaga	2.48.0
2023	bioconductor-gage	2.50.0
2023	bioconductor-gage	2.52.0
2023	bioconductor-gagedata	2.38.0
2023	bioconductor-gagedata	2.40.0
2023	bioconductor-gaggle	1.68.0
2023	bioconductor-gaggle	1.70.0
2023	bioconductor-gaprediction	1.26.0
2023	bioconductor-gaprediction	1.28.0
2023	bioconductor-garfield	1.28.0
2023	bioconductor-garfield	1.30.0
2023	bioconductor-gars	1.20.0
2023	bioconductor-gars	1.22.0
2023	bioconductor-gaschyhs	1.38.0
2023	bioconductor-gaschyhs	1.40.0
2023	bioconductor-gatefinder	1.20.0
2023	bioconductor-gatefinder	1.22.0
2023	bioconductor-gbscleanr	1.4.4
2023	bioconductor-gbscleanr	1.6.0
2023	bioconductor-gcapc	1.24.0
2023	bioconductor-gcapc	1.26.0
2023	bioconductor-gcatest	2.0.7
2023	bioconductor-gcatest	2.2.0
2023	bioconductor-gcrisprtools	2.6.0
2023	bioconductor-gcrisprtools	2.8.0
2023	bioconductor-gcrma	2.72.0
2023	bioconductor-gcrma	2.74.0
2023	bioconductor-gcspikelite	1.38.0
2023	bioconductor-gcspikelite	1.40.0
2023	bioconductor-gcsscore	1.14.0
2023	bioconductor-gdcrnatools	1.20.0
2023	bioconductor-gdcrnatools	1.22.0
2023	bioconductor-gdnainrnaseqdata	1.0.0
2023	bioconductor-gdnainrnaseqdata	1.2.0
2023	bioconductor-gdnax	1.0.0
2023	bioconductor-gdr	1.0.0
2023	bioconductor-gdrcore	1.0.0
2023	bioconductor-gdrimport	1.0.0
2023	bioconductor-gdrstyle	1.0.0
2023	bioconductor-gdrtestdata	1.0.0
2023	bioconductor-gdrutils	1.0.0
2023	bioconductor-gdsarray	1.20.0
2023	bioconductor-gdsarray	1.22.0
2023	bioconductor-gdsfmt	1.36.1
2023	bioconductor-gdsfmt	1.38.0
2023	bioconductor-gem	1.26.0
2023	bioconductor-gem	1.28.0
2023	bioconductor-gemini	1.14.0
2023	bioconductor-gemini	1.16.0
2023	bioconductor-gemma.r	1.2.0
2023	bioconductor-gemma.r	2.0.0
2023	bioconductor-genarise	1.76.0
2023	bioconductor-genarise	1.78.0
2023	bioconductor-genbankr	1.27.0
2023	bioconductor-geneattribution	1.26.0
2023	bioconductor-geneattribution	1.28.0
2023	bioconductor-genebreak	1.30.0
2023	bioconductor-genebreak	1.32.0
2023	bioconductor-geneclassifiers	1.24.0
2023	bioconductor-geneclassifiers	1.26.0
2023	bioconductor-geneexpressionsignature	1.46.0
2023	bioconductor-geneexpressionsignature	1.48.0
2023	bioconductor-genefilter	1.82.1
2023	bioconductor-genefilter	1.84.0
2023	bioconductor-genefu	2.32.0
2023	bioconductor-genefu	2.34.0
2023	bioconductor-genega	1.52.0
2023	bioconductor-genegeneinter	1.26.0
2023	bioconductor-genegeneinter	1.28.0
2023	bioconductor-genelendatabase	1.36.0
2023	bioconductor-genelendatabase	1.38.0
2023	bioconductor-genemeta	1.72.0
2023	bioconductor-genemeta	1.74.0
2023	bioconductor-genenetworkbuilder	1.42.0
2023	bioconductor-genenetworkbuilder	1.44.0
2023	bioconductor-geneoverlap	1.36.0
2023	bioconductor-geneoverlap	1.38.0
2023	bioconductor-geneplast.data	0.99.7
2023	bioconductor-geneplast	1.26.0
2023	bioconductor-geneplast	1.28.0
2023	bioconductor-geneplotter	1.78.0
2023	bioconductor-geneplotter	1.80.0
2023	bioconductor-generecommender	1.72.0
2023	bioconductor-generecommender	1.74.0
2023	bioconductor-generegionscan	1.56.0
2023	bioconductor-generegionscan	1.58.0
2023	bioconductor-generxcluster	1.36.0
2023	bioconductor-generxcluster	1.38.0
2023	bioconductor-geneselectmmd	2.44.1
2023	bioconductor-geneselectmmd	2.46.0
2023	bioconductor-genesis	2.30.0
2023	bioconductor-genesis	2.32.0
2023	bioconductor-genestructuretools	1.20.0
2023	bioconductor-genestructuretools	1.22.0
2023	bioconductor-genesummary	0.99.6
2023	bioconductor-genetclassifier	1.40.0
2023	bioconductor-genetclassifier	1.42.0
2023	bioconductor-geneticsped	1.62.1
2023	bioconductor-geneticsped	1.64.0
2023	bioconductor-genetonic	2.4.0
2023	bioconductor-genetonic	2.6.0
2023	bioconductor-genextender	1.26.0
2023	bioconductor-genextender	1.28.0
2023	bioconductor-genie3	1.22.0
2023	bioconductor-genie3	1.24.0
2023	bioconductor-genocn	1.52.0
2023	bioconductor-genocn	1.54.0
2023	bioconductor-genomation	1.32.0
2023	bioconductor-genomation	1.34.0
2023	bioconductor-genomationdata	1.32.0
2023	bioconductor-genomationdata	1.34.0
2023	bioconductor-genomautomorphism	1.2.0
2023	bioconductor-genomautomorphism	1.4.0
2023	bioconductor-genomeinfodb	1.34.8
2023	bioconductor-genomeinfodb	1.34.9
2023	bioconductor-genomeinfodb	1.36.1
2023	bioconductor-genomeinfodb	1.38.1
2023	bioconductor-genomeinfodbdata	1.2.10
2023	bioconductor-genomeinfodbdata	1.2.11
2023	bioconductor-genomeintervals	1.56.0
2023	bioconductor-genomeintervals	1.58.0
2023	bioconductor-genomes	3.30.0
2023	bioconductor-genomes	3.32.0
2023	bioconductor-genomicalignments	1.36.0
2023	bioconductor-genomicalignments	1.38.0
2023	bioconductor-genomicdatacommons	1.24.2
2023	bioconductor-genomicdatacommons	1.26.0
2023	bioconductor-genomicdistributions	1.10.0
2023	bioconductor-genomicdistributions	1.8.0
2023	bioconductor-genomicdistributionsdata	1.10.0
2023	bioconductor-genomicdistributionsdata	1.8.0
2023	bioconductor-genomicfeatures	1.52.1
2023	bioconductor-genomicfeatures	1.54.1
2023	bioconductor-genomicfiles	1.36.0
2023	bioconductor-genomicfiles	1.38.0
2023	bioconductor-genomicinstability	1.6.0
2023	bioconductor-genomicinstability	1.8.0
2023	bioconductor-genomicinteractionnodes	1.4.0
2023	bioconductor-genomicinteractionnodes	1.6.0
2023	bioconductor-genomicinteractions	1.34.0
2023	bioconductor-genomicinteractions	1.36.0
2023	bioconductor-genomicozone	1.14.0
2023	bioconductor-genomicozone	1.16.0
2023	bioconductor-genomicplot	1.0.0
2023	bioconductor-genomicranges	1.52.0
2023	bioconductor-genomicranges	1.54.1
2023	bioconductor-genomicscores	2.12.0
2023	bioconductor-genomicscores	2.14.1
2023	bioconductor-genomicsupersignature	1.10.0
2023	bioconductor-genomicsupersignature	1.8.0
2023	bioconductor-genomictuples	1.34.0
2023	bioconductor-genomictuples	1.36.0
2023	bioconductor-genproseq	1.4.2
2023	bioconductor-genproseq	1.6.0
2023	bioconductor-genvisr	1.31.1
2023	bioconductor-genvisr	1.34.0
2023	bioconductor-geodiff	1.6.0
2023	bioconductor-geodiff	1.8.0
2023	bioconductor-geoexplorer	1.6.0
2023	bioconductor-geoexplorer	1.8.0
2023	bioconductor-geofastq	1.10.0
2023	bioconductor-geofastq	1.8.0
2023	bioconductor-geometadb	1.62.0
2023	bioconductor-geometadb	1.64.0
2023	bioconductor-geomxtools	3.4.0
2023	bioconductor-geomxtools	3.5.0
2023	bioconductor-geoquery	2.68.0
2023	bioconductor-geoquery	2.70.0
2023	bioconductor-geosubmission	1.52.0
2023	bioconductor-geosubmission	1.54.0
2023	bioconductor-geotcgadata	2.0.0
2023	bioconductor-geotcgadata	2.2.0
2023	bioconductor-gep2pep	1.20.0
2023	bioconductor-gep2pep	1.22.0
2023	bioconductor-gesper	1.31.0
2023	bioconductor-gesper	1.34.0
2023	bioconductor-getdee2	1.10.0
2023	bioconductor-getdee2	1.12.0
2023	bioconductor-geuvadistranscriptexpr	1.28.0
2023	bioconductor-geuvadistranscriptexpr	1.30.0
2023	bioconductor-geva	1.10.0
2023	bioconductor-geva	1.8.0
2023	bioconductor-gewist	1.44.0
2023	bioconductor-gewist	1.46.0
2023	bioconductor-gg4way	1.0.0
2023	bioconductor-ggbio	1.48.0
2023	bioconductor-ggbio	1.50.0
2023	bioconductor-ggcyto	1.28.0
2023	bioconductor-ggcyto	1.30.0
2023	bioconductor-ggkegg	1.0.2
2023	bioconductor-ggmanh	1.4.0
2023	bioconductor-ggmanh	1.6.0
2023	bioconductor-ggmsa	1.6.0
2023	bioconductor-ggmsa	1.8.0
2023	bioconductor-ggpa	1.12.1
2023	bioconductor-ggpa	1.14.0
2023	bioconductor-ggsc	1.0.2
2023	bioconductor-ggspavis	1.6.0
2023	bioconductor-ggspavis	1.8.0
2023	bioconductor-ggtree	3.10.0
2023	bioconductor-ggtree	3.8.0
2023	bioconductor-ggtreedendro	1.2.0
2023	bioconductor-ggtreedendro	1.4.0
2023	bioconductor-ggtreeextra	1.10.0
2023	bioconductor-ggtreeextra	1.12.0
2023	bioconductor-gigsea	1.18.0
2023	bioconductor-gigsea	1.20.0
2023	bioconductor-gigseadata	1.18.0
2023	bioconductor-gigseadata	1.20.0
2023	bioconductor-girafe	1.52.0
2023	bioconductor-girafe	1.54.0
2023	bioconductor-gispa	1.24.0
2023	bioconductor-gispa	1.26.0
2023	bioconductor-glad	2.64.0
2023	bioconductor-glad	2.66.0
2023	bioconductor-gladiatox	1.16.0
2023	bioconductor-gladiatox	1.18.0
2023	bioconductor-glimma	2.10.0
2023	bioconductor-glimma	2.12.0
2023	bioconductor-glmgampoi	1.12.2
2023	bioconductor-glmgampoi	1.14.0
2023	bioconductor-glmsparsenet	1.18.0
2023	bioconductor-glmsparsenet	1.20.0
2023	bioconductor-globalancova	4.18.0
2023	bioconductor-globalancova	4.20.0
2023	bioconductor-globalseq	1.28.0
2023	bioconductor-globalseq	1.30.0
2023	bioconductor-globaltest	5.54.0
2023	bioconductor-globaltest	5.56.0
2023	bioconductor-gloscope	1.0.0
2023	bioconductor-gmapr	1.42.0
2023	bioconductor-gmapr	1.44.0
2023	bioconductor-gmicr	1.14.0
2023	bioconductor-gmicr	1.16.0
2023	bioconductor-gmoviz	1.12.0
2023	bioconductor-gmoviz	1.14.0
2023	bioconductor-gmrp	1.28.0
2023	bioconductor-gmrp	1.30.0
2023	bioconductor-gnet2	1.16.0
2023	bioconductor-gnet2	1.18.0
2023	bioconductor-gnosis	1.0.0
2023	bioconductor-go.db	3.17.0
2023	bioconductor-go.db	3.18.0
2023	bioconductor-goexpress	1.34.0
2023	bioconductor-goexpress	1.36.0
2023	bioconductor-gofuncr	1.20.0
2023	bioconductor-gofuncr	1.22.0
2023	bioconductor-golubesets	1.42.0
2023	bioconductor-golubesets	1.44.0
2023	bioconductor-gopro	1.26.0
2023	bioconductor-gopro	1.28.0
2023	bioconductor-goprofiles	1.62.0
2023	bioconductor-goprofiles	1.64.0
2023	bioconductor-gosemsim	2.26.0
2023	bioconductor-gosemsim	2.28.0
2023	bioconductor-goseq	1.52.0
2023	bioconductor-goseq	1.54.0
2023	bioconductor-gosim	1.38.0
2023	bioconductor-gosim	1.40.0
2023	bioconductor-gosorensen	1.2.0
2023	bioconductor-gosorensen	1.4.0
2023	bioconductor-gostag	1.24.0
2023	bioconductor-gostag	1.26.0
2023	bioconductor-gostats	2.66.0
2023	bioconductor-gostats	2.68.0
2023	bioconductor-gosummaries	2.36.0
2023	bioconductor-gosummaries	2.37.0
2023	bioconductor-gothic	1.36.0
2023	bioconductor-gothic	1.38.0
2023	bioconductor-gotools	1.74.0
2023	bioconductor-gotools	1.76.0
2023	bioconductor-gpa	1.12.0
2023	bioconductor-gpa	1.14.0
2023	bioconductor-gpaexample	1.12.0
2023	bioconductor-gpaexample	1.14.0
2023	bioconductor-gpls	1.72.0
2023	bioconductor-gpls	1.74.0
2023	bioconductor-gpumagic	1.16.0
2023	bioconductor-gpumagic	1.18.0
2023	bioconductor-granie	1.4.1
2023	bioconductor-granie	1.6.1
2023	bioconductor-granulator	1.10.0
2023	bioconductor-granulator	1.8.0
2023	bioconductor-graper	1.16.1
2023	bioconductor-graper	1.18.0
2023	bioconductor-graph	1.78.0
2023	bioconductor-graph	1.80.0
2023	bioconductor-graphalignment	1.64.0
2023	bioconductor-graphalignment	1.66.0
2023	bioconductor-graphat	1.72.0
2023	bioconductor-graphat	1.74.0
2023	bioconductor-graphite	1.46.0
2023	bioconductor-graphite	1.48.0
2023	bioconductor-graphpac	1.42.0
2023	bioconductor-graphpac	1.44.0
2023	bioconductor-grenits	1.52.1
2023	bioconductor-grenits	1.54.0
2023	bioconductor-greylistchip	1.32.0
2023	bioconductor-greylistchip	1.34.0
2023	bioconductor-grmetrics	1.26.0
2023	bioconductor-grmetrics	1.28.0
2023	bioconductor-grndata	1.32.0
2023	bioconductor-grndata	1.34.0
2023	bioconductor-grohmm	1.34.0
2023	bioconductor-grohmm	1.36.0
2023	bioconductor-gsalightning	1.28.0
2023	bioconductor-gsalightning	1.30.0
2023	bioconductor-gsar	1.34.0
2023	bioconductor-gsar	1.36.0
2023	bioconductor-gsbenchmark	1.20.0
2023	bioconductor-gsbenchmark	1.22.0
2023	bioconductor-gsca	2.30.0
2023	bioconductor-gsca	2.32.0
2023	bioconductor-gscreend	1.14.0
2023	bioconductor-gse103322	1.6.0
2023	bioconductor-gse103322	1.8.0
2023	bioconductor-gse13015	1.10.0
2023	bioconductor-gse13015	1.8.0
2023	bioconductor-gse159526	1.6.0
2023	bioconductor-gse159526	1.8.0
2023	bioconductor-gse62944	1.28.1
2023	bioconductor-gse62944	1.30.0
2023	bioconductor-gseabase	1.62.0
2023	bioconductor-gseabase	1.64.0
2023	bioconductor-gseabenchmarker	1.20.0
2023	bioconductor-gseabenchmarker	1.22.0
2023	bioconductor-gsealm	1.60.0
2023	bioconductor-gsealm	1.62.0
2023	bioconductor-gseamining	1.10.0
2023	bioconductor-gseamining	1.12.0
2023	bioconductor-gsean	1.20.2
2023	bioconductor-gsean	1.22.0
2023	bioconductor-gsgalgor	1.10.0
2023	bioconductor-gsgalgor	1.12.0
2023	bioconductor-gsreg	1.34.0
2023	bioconductor-gsreg	1.36.0
2023	bioconductor-gsri	2.48.0
2023	bioconductor-gsri	2.50.0
2023	bioconductor-gsva	1.48.2
2023	bioconductor-gsva	1.50.0
2023	bioconductor-gsvadata	1.36.0
2023	bioconductor-gsvadata	1.38.0
2023	bioconductor-gtrellis	1.32.0
2023	bioconductor-gtrellis	1.34.0
2023	bioconductor-guideseq	1.30.0
2023	bioconductor-guideseq	1.32.0
2023	bioconductor-guitar	2.16.0
2023	bioconductor-guitar	2.18.0
2023	bioconductor-gviz	1.44.0
2023	bioconductor-gviz	1.46.1
2023	bioconductor-gwas.bayes	1.10.0
2023	bioconductor-gwas.bayes	1.12.0
2023	bioconductor-gwascat	2.32.0
2023	bioconductor-gwascat	2.34.0
2023	bioconductor-gwasdata	1.38.1
2023	bioconductor-gwasdata	1.40.0
2023	bioconductor-gwastools	1.46.0
2023	bioconductor-gwastools	1.48.0
2023	bioconductor-gwasurvivr	1.18.0
2023	bioconductor-gwasurvivr	1.20.0
2023	bioconductor-gwena	1.10.0
2023	bioconductor-gwena	1.12.0
2023	bioconductor-h5vc	2.34.0
2023	bioconductor-h5vc	2.36.0
2023	bioconductor-h5vcdata	2.20.0
2023	bioconductor-h5vcdata	2.22.0
2023	bioconductor-hapfabia	1.42.0
2023	bioconductor-hapfabia	1.44.0
2023	bioconductor-hapmap100khind	1.42.0
2023	bioconductor-hapmap100khind	1.44.0
2023	bioconductor-hapmap100kxba	1.42.0
2023	bioconductor-hapmap100kxba	1.44.0
2023	bioconductor-hapmap500knsp	1.42.0
2023	bioconductor-hapmap500knsp	1.44.0
2023	bioconductor-hapmap500ksty	1.42.0
2023	bioconductor-hapmap500ksty	1.44.0
2023	bioconductor-hapmapsnp5	1.42.0
2023	bioconductor-hapmapsnp5	1.44.0
2023	bioconductor-hapmapsnp6	1.42.0
2023	bioconductor-hapmapsnp6	1.44.0
2023	bioconductor-harbchip	1.38.0
2023	bioconductor-harbchip	1.40.0
2023	bioconductor-harman	1.28.0
2023	bioconductor-harman	1.30.0
2023	bioconductor-harmandata	1.28.0
2023	bioconductor-harmandata	1.30.0
2023	bioconductor-harmonizedtcgadata	1.22.0
2023	bioconductor-harmonizedtcgadata	1.24.0
2023	bioconductor-harmonizr	1.0.0
2023	bioconductor-harshlight	1.72.0
2023	bioconductor-harshlight	1.74.0
2023	bioconductor-hca	1.10.0
2023	bioconductor-hca	1.8.1
2023	bioconductor-hcadata	1.16.0
2023	bioconductor-hcadata	1.18.0
2023	bioconductor-hcatonsildata	1.0.0
2023	bioconductor-hd2013sgi	1.40.0
2023	bioconductor-hd2013sgi	1.42.0
2023	bioconductor-hdcytodata	1.20.0
2023	bioconductor-hdcytodata	1.22.0
2023	bioconductor-hdf5array	1.28.1
2023	bioconductor-hdf5array	1.30.0
2023	bioconductor-hdtd	1.34.1
2023	bioconductor-hdtd	1.36.0
2023	bioconductor-healthycontrolspresencechecker	1.4.0
2023	bioconductor-healthycontrolspresencechecker	1.6.0
2023	bioconductor-healthyflowdata	1.38.0
2023	bioconductor-healthyflowdata	1.40.0
2023	bioconductor-heatmaps	1.24.0
2023	bioconductor-heatmaps	1.26.0
2023	bioconductor-heatplus	3.10.0
2023	bioconductor-heatplus	3.8.0
2023	bioconductor-heebodata	1.38.0
2023	bioconductor-heebodata	1.40.0
2023	bioconductor-helloranges	1.26.0
2023	bioconductor-helloranges	1.28.0
2023	bioconductor-hellorangesdata	1.26.0
2023	bioconductor-hellorangesdata	1.28.0
2023	bioconductor-help	1.58.0
2023	bioconductor-help	1.60.0
2023	bioconductor-hem	1.72.0
2023	bioconductor-hem	1.74.0
2023	bioconductor-hermes	1.4.0
2023	bioconductor-hermes	1.6.0
2023	bioconductor-heron	1.0.0
2023	bioconductor-herper	1.10.0
2023	bioconductor-herper	1.12.0
2023	bioconductor-hgc	1.10.0
2023	bioconductor-hgc	1.8.0
2023	bioconductor-hgu133abarcodevecs	1.38.0
2023	bioconductor-hgu133abarcodevecs	1.40.0
2023	bioconductor-hgu133plus2barcodevecs	1.38.0
2023	bioconductor-hgu133plus2barcodevecs	1.40.0
2023	bioconductor-hgu133plus2cellscore	1.20.0
2023	bioconductor-hgu133plus2cellscore	1.22.0
2023	bioconductor-hgu2beta7	1.40.0
2023	bioconductor-hgu2beta7	1.42.0
2023	bioconductor-hiannotator	1.34.0
2023	bioconductor-hiannotator	1.36.0
2023	bioconductor-hibag	1.36.0
2023	bioconductor-hibag	1.38.0
2023	bioconductor-hibed	1.0.0
2023	bioconductor-hicbricks	1.18.0
2023	bioconductor-hicbricks	1.20.0
2023	bioconductor-hiccompare	1.22.1
2023	bioconductor-hiccompare	1.24.0
2023	bioconductor-hicdatahumanimr90	1.20.0
2023	bioconductor-hicdatahumanimr90	1.22.0
2023	bioconductor-hicdatalymphoblast	1.36.0
2023	bioconductor-hicdatalymphoblast	1.38.0
2023	bioconductor-hicdcplus	1.10.0
2023	bioconductor-hicdcplus	1.8.0
2023	bioconductor-hicdoc	1.2.0
2023	bioconductor-hicdoc	1.4.0
2023	bioconductor-hicexperiment	1.0.0
2023	bioconductor-hicexperiment	1.2.0
2023	bioconductor-hicontacts	1.2.0
2023	bioconductor-hicontacts	1.4.0
2023	bioconductor-hicontactsdata	1.2.0
2023	bioconductor-hicontactsdata	1.4.0
2023	bioconductor-hicool	1.0.0
2023	bioconductor-hicool	1.2.0
2023	bioconductor-hicvenndiagram	1.0.0
2023	bioconductor-hiergwas	1.30.0
2023	bioconductor-hiergwas	1.32.0
2023	bioconductor-hierinf	1.18.0
2023	bioconductor-hierinf	1.20.0
2023	bioconductor-highlyreplicatedrnaseq	1.12.0
2023	bioconductor-highlyreplicatedrnaseq	1.14.0
2023	bioconductor-hiiragi2013	1.36.0
2023	bioconductor-hiiragi2013	1.38.0
2023	bioconductor-hilbertcurve	1.30.0
2023	bioconductor-hilbertcurve	1.32.0
2023	bioconductor-hilbertvis	1.58.0
2023	bioconductor-hilbertvis	1.60.0
2023	bioconductor-hilda	1.14.0
2023	bioconductor-hilda	1.16.0
2023	bioconductor-hipathia	3.0.2
2023	bioconductor-hipathia	3.2.0
2023	bioconductor-hippo	1.12.0
2023	bioconductor-hippo	1.14.0
2023	bioconductor-hireadsprocessor	1.36.0
2023	bioconductor-hireadsprocessor	1.38.0
2023	bioconductor-hireewas	1.18.0
2023	bioconductor-hireewas	1.20.0
2023	bioconductor-hitc	1.44.0
2023	bioconductor-hitc	1.46.0
2023	bioconductor-hivcdnavantwout03	1.40.0
2023	bioconductor-hivcdnavantwout03	1.42.0
2023	bioconductor-hmdbquery	1.20.0
2023	bioconductor-hmdbquery	1.22.0
2023	bioconductor-hmmcopy	1.42.0
2023	bioconductor-hmmcopy	1.44.0
2023	bioconductor-hmp16sdata	1.20.0
2023	bioconductor-hmp16sdata	1.22.0
2023	bioconductor-hmp2data	1.14.0
2023	bioconductor-hmp2data	1.16.0
2023	bioconductor-hoodscanr	1.0.0
2023	bioconductor-hopach	2.60.0
2023	bioconductor-hopach	2.62.0
2023	bioconductor-hpaanalyze	1.18.1
2023	bioconductor-hpaanalyze	1.20.0
2023	bioconductor-hpar	1.42.0
2023	bioconductor-hpar	1.44.0
2023	bioconductor-hpastainr	1.9.0
2023	bioconductor-hpip	1.6.0
2023	bioconductor-hpip	1.8.0
2023	bioconductor-hpo.db	0.99.2
2023	bioconductor-hsmmsinglecell	1.20.0
2023	bioconductor-hsmmsinglecell	1.22.0
2023	bioconductor-htqpcr	1.54.0
2023	bioconductor-htqpcr	1.56.0
2023	bioconductor-htseqgenie	4.30.0
2023	bioconductor-htseqgenie	4.32.0
2023	bioconductor-htsfilter	1.40.0
2023	bioconductor-htsfilter	1.42.0
2023	bioconductor-hubpub	1.10.0
2023	bioconductor-hubpub	1.8.0
2023	bioconductor-human.db0	3.17.0
2023	bioconductor-human.db0	3.18.0
2023	bioconductor-humanaffydata	1.26.0
2023	bioconductor-humanaffydata	1.28.0
2023	bioconductor-humanstemcell	0.40.0
2023	bioconductor-humanstemcell	0.42.0
2023	bioconductor-humantranscriptomecompendium	1.16.0
2023	bioconductor-humantranscriptomecompendium	1.17.0
2023	bioconductor-hummingbird	1.10.0
2023	bioconductor-hummingbird	1.12.0
2023	bioconductor-hybridmtest	1.44.0
2023	bioconductor-hybridmtest	1.46.0
2023	bioconductor-hyper	2.0.0
2023	bioconductor-hyperdraw	1.52.0
2023	bioconductor-hyperdraw	1.54.0
2023	bioconductor-hypergraph	1.72.0
2023	bioconductor-hypergraph	1.74.0
2023	bioconductor-iaseq	1.44.0
2023	bioconductor-iaseq	1.46.0
2023	bioconductor-iasva	1.18.0
2023	bioconductor-iasva	1.20.0
2023	bioconductor-ibbig	1.44.0
2023	bioconductor-ibbig	1.46.0
2023	bioconductor-ibh	1.48.0
2023	bioconductor-ibh	1.50.0
2023	bioconductor-ibmq	1.40.0
2023	bioconductor-ibmq	1.42.0
2023	bioconductor-icare	1.28.0
2023	bioconductor-icare	1.30.0
2023	bioconductor-icens	1.72.0
2023	bioconductor-icens	1.74.0
2023	bioconductor-icetea	1.18.1
2023	bioconductor-icetea	1.20.0
2023	bioconductor-icheck	1.30.0
2023	bioconductor-icheck	1.32.0
2023	bioconductor-ichip	1.54.0
2023	bioconductor-ichip	1.56.0
2023	bioconductor-iclusterplus	1.36.1
2023	bioconductor-iclusterplus	1.38.0
2023	bioconductor-icnv	1.20.0
2023	bioconductor-icnv	1.22.0
2023	bioconductor-icobra	1.28.0
2023	bioconductor-icobra	1.30.0
2023	bioconductor-ideal	1.24.1
2023	bioconductor-ideoviz	1.36.0
2023	bioconductor-ideoviz	1.37.0
2023	bioconductor-idiogram	1.76.0
2023	bioconductor-idiogram	1.78.0
2023	bioconductor-idpr	1.10.0
2023	bioconductor-idpr	1.12.0
2023	bioconductor-idr2d	1.14.0
2023	bioconductor-idr2d	1.16.0
2023	bioconductor-ifaa	1.2.0
2023	bioconductor-ifaa	1.4.0
2023	bioconductor-igc	1.30.0
2023	bioconductor-igc	1.32.0
2023	bioconductor-iggeneusage	1.14.0
2023	bioconductor-iggeneusage	1.16.0
2023	bioconductor-igvr	1.20.0
2023	bioconductor-igvr	1.22.0
2023	bioconductor-ihw	1.28.0
2023	bioconductor-ihwpaper	1.28.0
2023	bioconductor-illumina450probevariants.db	1.36.0
2023	bioconductor-illumina450probevariants.db	1.38.0
2023	bioconductor-illuminadatatestfiles	1.38.0
2023	bioconductor-illuminadatatestfiles	1.40.0
2023	bioconductor-illuminaio	0.42.0
2023	bioconductor-illuminaio	0.44.0
2023	bioconductor-iloreg	1.10.0
2023	bioconductor-imas	1.24.0
2023	bioconductor-imas	1.26.0
2023	bioconductor-imcdatasets	1.10.0
2023	bioconductor-imcdatasets	1.8.0
2023	bioconductor-imcrtools	1.6.3
2023	bioconductor-imcrtools	1.8.0
2023	bioconductor-imman	1.20.0
2023	bioconductor-imman	1.22.0
2023	bioconductor-immunespacer	1.28.0
2023	bioconductor-immunespacer	1.30.0
2023	bioconductor-immunoclust	1.32.0
2023	bioconductor-immunoclust	1.34.0
2023	bioconductor-immunotation	1.10.0
2023	bioconductor-immunotation	1.8.0
2023	bioconductor-impcdata	1.36.0
2023	bioconductor-impcdata	1.38.0
2023	bioconductor-impute	1.74.1
2023	bioconductor-impute	1.76.0
2023	bioconductor-indeed	2.14.0
2023	bioconductor-indeed	2.16.0
2023	bioconductor-inetgrate	1.0.0
2023	bioconductor-infercnv	1.16.0
2023	bioconductor-infercnv	1.18.1
2023	bioconductor-infinityflow	1.10.0
2023	bioconductor-infinityflow	1.12.0
2023	bioconductor-informeasure	1.10.0
2023	bioconductor-inpas	2.10.0
2023	bioconductor-inpas	2.8.0
2023	bioconductor-inpower	1.36.0
2023	bioconductor-inpower	1.38.0
2023	bioconductor-inspect	1.30.0
2023	bioconductor-intact	1.0.1
2023	bioconductor-intact	1.2.0
2023	bioconductor-intad	1.20.0
2023	bioconductor-intad	1.22.0
2023	bioconductor-intansv	1.40.0
2023	bioconductor-intansv	1.42.0
2023	bioconductor-interaccircos	1.10.0
2023	bioconductor-interaccircos	1.12.0
2023	bioconductor-interactionset	1.28.1
2023	bioconductor-interactionset	1.30.0
2023	bioconductor-interactivecomplexheatmap	1.10.0
2023	bioconductor-interactivecomplexheatmap	1.8.0
2023	bioconductor-interactivedisplay	1.38.0
2023	bioconductor-interactivedisplaybase	1.38.0
2023	bioconductor-interactivedisplaybase	1.40.0
2023	bioconductor-intercellar	2.6.0
2023	bioconductor-intercellar	2.8.0
2023	bioconductor-interest	1.24.0
2023	bioconductor-interest	1.26.0
2023	bioconductor-interminer	1.22.0
2023	bioconductor-interminer	1.24.0
2023	bioconductor-intomics	1.0.0
2023	bioconductor-intomics	1.2.0
2023	bioconductor-intramirexplorer	1.22.0
2023	bioconductor-intramirexplorer	1.24.0
2023	bioconductor-ioniser	2.24.0
2023	bioconductor-ioniser	2.26.0
2023	bioconductor-ipac	1.44.0
2023	bioconductor-ipac	1.46.0
2023	bioconductor-ipath	1.6.1
2023	bioconductor-ipath	1.8.0
2023	bioconductor-ipddb	1.18.0
2023	bioconductor-ipddb	1.20.0
2023	bioconductor-ipo	1.26.0
2023	bioconductor-ipo	1.28.0
2023	bioconductor-iranges	2.34.1
2023	bioconductor-iranges	2.36.0
2023	bioconductor-irisfgm	1.8.0
2023	bioconductor-isanalytics	1.10.1
2023	bioconductor-isanalytics	1.12.0
2023	bioconductor-isee	2.12.0
2023	bioconductor-isee	2.14.0
2023	bioconductor-iseede	1.0.0
2023	bioconductor-iseehex	1.2.0
2023	bioconductor-iseehex	1.4.0
2023	bioconductor-iseehub	1.1.1
2023	bioconductor-iseehub	1.4.0
2023	bioconductor-iseeindex	1.0.0
2023	bioconductor-iseepathways	1.0.0
2023	bioconductor-iseeu	1.12.0
2023	bioconductor-iseeu	1.14.0
2023	bioconductor-iseq	1.52.0
2023	bioconductor-iseq	1.54.0
2023	bioconductor-islet	1.2.0
2023	bioconductor-islet	1.4.0
2023	bioconductor-isobar	1.46.0
2023	bioconductor-isobar	1.48.0
2023	bioconductor-isobayes	1.0.1
2023	bioconductor-isocorrector	1.18.0
2023	bioconductor-isocorrector	1.20.0
2023	bioconductor-isocorrectorgui	1.16.0
2023	bioconductor-isocorrectorgui	1.18.0
2023	bioconductor-isoformswitchanalyzer	2.0.1
2023	bioconductor-isoformswitchanalyzer	2.2.0
2023	bioconductor-isolde	1.28.0
2023	bioconductor-isolde	1.30.0
2023	bioconductor-isomirs	1.28.0
2023	bioconductor-isomirs	1.30.0
2023	bioconductor-italics	2.60.0
2023	bioconductor-italics	2.62.0
2023	bioconductor-italicsdata	2.38.0
2023	bioconductor-italicsdata	2.40.0
2023	bioconductor-iterativebma	1.58.0
2023	bioconductor-iterativebma	1.60.0
2023	bioconductor-iterativebmasurv	1.58.0
2023	bioconductor-iterativebmasurv	1.60.0
2023	bioconductor-iterclust	1.22.0
2023	bioconductor-iterclust	1.24.0
2023	bioconductor-ivas	2.20.0
2023	bioconductor-ivas	2.22.0
2023	bioconductor-ivygapse	1.22.1
2023	bioconductor-ivygapse	1.24.0
2023	bioconductor-iwtomics	1.24.0
2023	bioconductor-iwtomics	1.26.0
2023	bioconductor-iyer517	1.42.0
2023	bioconductor-iyer517	1.44.0
2023	bioconductor-jaspar2014	1.36.0
2023	bioconductor-jaspar2014	1.38.0
2023	bioconductor-jaspar2016	1.28.0
2023	bioconductor-jaspar2016	1.30.0
2023	bioconductor-jaspar2024	0.99.6
2023	bioconductor-karyoploter	1.26.0
2023	bioconductor-karyoploter	1.28.0
2023	bioconductor-katdetectr	1.2.0
2023	bioconductor-katdetectr	1.4.0
2023	bioconductor-kboost	1.10.0
2023	bioconductor-kboost	1.8.0
2023	bioconductor-kcsmart	2.58.0
2023	bioconductor-kcsmart	2.60.0
2023	bioconductor-kebabs	1.34.0
2023	bioconductor-kebabs	1.36.0
2023	bioconductor-keggandmetacoredzpathwaysgeo	1.20.0
2023	bioconductor-keggandmetacoredzpathwaysgeo	1.22.0
2023	bioconductor-keggdzpathwaysgeo	1.38.0
2023	bioconductor-keggdzpathwaysgeo	1.40.0
2023	bioconductor-kegggraph	1.60.0
2023	bioconductor-kegggraph	1.62.0
2023	bioconductor-kegglincs	1.26.0
2023	bioconductor-kegglincs	1.28.0
2023	bioconductor-keggorthology	2.52.0
2023	bioconductor-keggorthology	2.54.0
2023	bioconductor-keggrest	1.40.0
2023	bioconductor-keggrest	1.42.0
2023	bioconductor-kidpack	1.42.0
2023	bioconductor-kidpack	1.44.0
2023	bioconductor-kinswingr	1.18.0
2023	bioconductor-kinswingr	1.20.0
2023	bioconductor-kissde	1.20.0
2023	bioconductor-knowseq	1.14.0
2023	bioconductor-knowseq	1.16.0
2023	bioconductor-kodata	1.26.0
2023	bioconductor-kodata	1.28.0
2023	bioconductor-lace	2.4.0
2023	bioconductor-lace	2.6.0
2023	bioconductor-lapmix	1.66.0
2023	bioconductor-lapmix	1.68.0
2023	bioconductor-lbe	1.68.0
2023	bioconductor-lbe	1.70.0
2023	bioconductor-ldblock	1.30.0
2023	bioconductor-ldblock	1.32.0
2023	bioconductor-lea	3.12.2
2023	bioconductor-lea	3.14.0
2023	bioconductor-ledpred	1.34.0
2023	bioconductor-ledpred	1.36.0
2023	bioconductor-leebamviews	1.36.0
2023	bioconductor-leebamviews	1.38.0
2023	bioconductor-lefser	1.10.0
2023	bioconductor-lefser	1.12.1
2023	bioconductor-lemur	1.0.4
2023	bioconductor-les	1.50.0
2023	bioconductor-les	1.52.0
2023	bioconductor-leukemiaseset	1.36.0
2023	bioconductor-leukemiaseset	1.38.0
2023	bioconductor-levi	1.18.0
2023	bioconductor-levi	1.20.0
2023	bioconductor-lfa	2.0.11
2023	bioconductor-lfa	2.2.0
2023	bioconductor-liebermanaidenhic2009	0.38.0
2023	bioconductor-liebermanaidenhic2009	0.40.0
2023	bioconductor-limma	3.56.2
2023	bioconductor-limma	3.58.1
2023	bioconductor-limmagui	1.76.0
2023	bioconductor-limmagui	1.78.0
2023	bioconductor-lineagepulse	1.20.0
2023	bioconductor-lineagepulse	1.21.0
2023	bioconductor-lineagespot	1.4.0
2023	bioconductor-lineagespot	1.6.0
2023	bioconductor-linkhd	1.14.0
2023	bioconductor-linkhd	1.16.0
2023	bioconductor-linnorm	2.24.1
2023	bioconductor-linnorm	2.26.0
2023	bioconductor-lintind	1.4.0
2023	bioconductor-lintind	1.6.0
2023	bioconductor-lionessr	1.14.0
2023	bioconductor-lionessr	1.16.0
2023	bioconductor-lipidr	2.14.1
2023	bioconductor-lipidr	2.16.0
2023	bioconductor-liquidassociation	1.54.0
2023	bioconductor-liquidassociation	1.56.0
2023	bioconductor-lisaclust	1.10.1
2023	bioconductor-lisaclust	1.8.0
2023	bioconductor-listeretalbsseq	1.32.1
2023	bioconductor-listeretalbsseq	1.34.0
2023	bioconductor-lmdme	1.42.0
2023	bioconductor-lmdme	1.44.0
2023	bioconductor-lobstahs	1.26.0
2023	bioconductor-lobstahs	1.28.0
2023	bioconductor-loci2path	1.20.0
2023	bioconductor-loci2path	1.22.0
2023	bioconductor-logicfs	2.20.0
2023	bioconductor-logicfs	2.22.0
2023	bioconductor-logitt	1.58.0
2023	bioconductor-lola	1.30.0
2023	bioconductor-lola	1.32.0
2023	bioconductor-loomexperiment	1.18.0
2023	bioconductor-loomexperiment	1.20.0
2023	bioconductor-lpe	1.74.0
2023	bioconductor-lpe	1.76.0
2023	bioconductor-lpeadj	1.60.0
2023	bioconductor-lpeadj	1.62.0
2023	bioconductor-lpnet	2.32.0
2023	bioconductor-lpnet	2.34.0
2023	bioconductor-lpsymphony	1.28.1
2023	bioconductor-lpsymphony	1.30.0
2023	bioconductor-lrbasedbi	2.10.0
2023	bioconductor-lrbasedbi	2.12.0
2023	bioconductor-lrcell	1.10.0
2023	bioconductor-lrcell	1.8.0
2023	bioconductor-lrcelltypemarkers	1.10.0
2023	bioconductor-lrcelltypemarkers	1.8.0
2023	bioconductor-lumi	2.52.0
2023	bioconductor-lumi	2.54.0
2023	bioconductor-lumibarnes	1.40.0
2023	bioconductor-lumibarnes	1.42.0
2023	bioconductor-lungcanceracvssccgeo	1.36.0
2023	bioconductor-lungcanceracvssccgeo	1.38.0
2023	bioconductor-lungcancerlines	0.38.0
2023	bioconductor-lungcancerlines	0.40.0
2023	bioconductor-lungexpression	0.38.0
2023	bioconductor-lungexpression	0.40.0
2023	bioconductor-lydata	1.26.0
2023	bioconductor-lydata	1.28.0
2023	bioconductor-lymphoseq	1.28.0
2023	bioconductor-lymphoseq	1.30.0
2023	bioconductor-m3c	1.22.0
2023	bioconductor-m3c	1.24.0
2023	bioconductor-m3dexampledata	1.26.0
2023	bioconductor-m3dexampledata	1.28.0
2023	bioconductor-m3drop	1.26.0
2023	bioconductor-m3drop	1.28.0
2023	bioconductor-m6aboost	1.6.0
2023	bioconductor-m6aboost	1.8.0
2023	bioconductor-maaslin2	1.14.1
2023	bioconductor-maaslin2	1.16.0
2023	bioconductor-macarron	1.4.0
2023	bioconductor-macarron	1.6.0
2023	bioconductor-macat	1.74.0
2023	bioconductor-macat	1.76.0
2023	bioconductor-macorrplot	1.70.0
2023	bioconductor-macorrplot	1.72.0
2023	bioconductor-macrophage	1.16.0
2023	bioconductor-macrophage	1.18.0
2023	bioconductor-macsdata	1.10.0
2023	bioconductor-macsdata	1.8.0
2023	bioconductor-macsquantifyr	1.14.0
2023	bioconductor-macsquantifyr	1.16.0
2023	bioconductor-macsr	1.10.0
2023	bioconductor-macsr	1.8.0
2023	bioconductor-made4	1.74.0
2023	bioconductor-made4	1.76.0
2023	bioconductor-madseq	1.26.0
2023	bioconductor-madseq	1.28.0
2023	bioconductor-maftools	2.16.0
2023	bioconductor-maftools	2.18.0
2023	bioconductor-magar	1.10.0
2023	bioconductor-magar	1.8.0
2023	bioconductor-mageckflute	2.4.0
2023	bioconductor-mageckflute	2.6.0
2023	bioconductor-magpie	1.0.0
2023	bioconductor-magpie	1.2.0
2023	bioconductor-magrene	1.2.0
2023	bioconductor-magrene	1.4.0
2023	bioconductor-mai	1.6.0
2023	bioconductor-mai	1.8.0
2023	bioconductor-maigespack	1.64.0
2023	bioconductor-mait	1.34.0
2023	bioconductor-mait	1.36.0
2023	bioconductor-makecdfenv	1.76.0
2023	bioconductor-makecdfenv	1.78.0
2023	bioconductor-malaria.db0	3.17.0
2023	bioconductor-malaria.db0	3.18.0
2023	bioconductor-mammaprintdata	1.36.0
2023	bioconductor-mammaprintdata	1.38.0
2023	bioconductor-manor	1.72.0
2023	bioconductor-manor	1.74.0
2023	bioconductor-mantelcorr	1.70.0
2023	bioconductor-mantelcorr	1.72.0
2023	bioconductor-mapkldata	1.32.0
2023	bioconductor-mapkldata	1.34.0
2023	bioconductor-mapredictdsc	1.38.0
2023	bioconductor-mapredictdsc	1.40.0
2023	bioconductor-mapscape	1.24.0
2023	bioconductor-mapscape	1.26.0
2023	bioconductor-maqcexpression4plex	1.44.0
2023	bioconductor-maqcexpression4plex	1.46.0
2023	bioconductor-maqcsubset	1.38.0
2023	bioconductor-maqcsubset	1.40.0
2023	bioconductor-maqcsubsetilm	1.38.0
2023	bioconductor-maqcsubsetilm	1.40.0
2023	bioconductor-mariner	1.0.0
2023	bioconductor-mariner	1.2.0
2023	bioconductor-marinerdata	1.0.0
2023	bioconductor-marinerdata	1.2.0
2023	bioconductor-marr	1.10.0
2023	bioconductor-marr	1.12.0
2023	bioconductor-marray	1.78.0
2023	bioconductor-marray	1.80.0
2023	bioconductor-martini	1.20.0
2023	bioconductor-martini	1.22.0
2023	bioconductor-maser	1.18.0
2023	bioconductor-maser	1.20.0
2023	bioconductor-masigpro	1.72.0
2023	bioconductor-masigpro	1.74.0
2023	bioconductor-maskbad	1.44.0
2023	bioconductor-maskbad	1.46.0
2023	bioconductor-massarray	1.52.0
2023	bioconductor-massarray	1.54.0
2023	bioconductor-massir	1.36.0
2023	bioconductor-massir	1.38.0
2023	bioconductor-massspecwavelet	1.66.0
2023	bioconductor-massspecwavelet	1.68.0
2023	bioconductor-mast	1.26.0
2023	bioconductor-mast	1.28.0
2023	bioconductor-mastr	1.0.0
2023	bioconductor-mastr	1.2.0
2023	bioconductor-matchbox	1.42.0
2023	bioconductor-matchbox	1.44.0
2023	bioconductor-matrixgenerics	1.12.2
2023	bioconductor-matrixgenerics	1.14.0
2023	bioconductor-matrixqcvis	1.10.0
2023	bioconductor-matrixqcvis	1.8.0
2023	bioconductor-matrixrider	1.32.0
2023	bioconductor-matrixrider	1.34.0
2023	bioconductor-matter	2.2.0
2023	bioconductor-matter	2.4.0
2023	bioconductor-mbamethyl	1.34.0
2023	bioconductor-mbamethyl	1.36.0
2023	bioconductor-mbased	1.34.0
2023	bioconductor-mbased	1.36.0
2023	bioconductor-mbcb	1.54.0
2023	bioconductor-mbcb	1.56.0
2023	bioconductor-mbecs	1.4.0
2023	bioconductor-mbecs	1.6.0
2023	bioconductor-mbkmeans	1.16.0
2023	bioconductor-mbkmeans	1.18.0
2023	bioconductor-mbomic	1.3.0
2023	bioconductor-mbpcr	1.54.0
2023	bioconductor-mbpcr	1.56.0
2023	bioconductor-mbqn	2.12.0
2023	bioconductor-mbqn	2.14.0
2023	bioconductor-mbqtl	1.0.0
2023	bioconductor-mbqtl	1.2.0
2023	bioconductor-mbttest	1.28.0
2023	bioconductor-mbttest	1.30.0
2023	bioconductor-mcbiclust	1.24.0
2023	bioconductor-mcbiclust	1.26.0
2023	bioconductor-mcsea	1.20.0
2023	bioconductor-mcsea	1.22.0
2023	bioconductor-mcseadata	1.20.0
2023	bioconductor-mcseadata	1.20.1
2023	bioconductor-mcseadata	1.22.0
2023	bioconductor-mcsurvdata	1.18.0
2023	bioconductor-mcsurvdata	1.20.0
2023	bioconductor-mdp	1.20.0
2023	bioconductor-mdp	1.22.0
2023	bioconductor-mdqc	1.62.0
2023	bioconductor-mdqc	1.64.0
2023	bioconductor-mdts	1.20.0
2023	bioconductor-mdts	1.22.0
2023	bioconductor-measurementerror.cor	1.72.0
2023	bioconductor-measurementerror.cor	1.74.0
2023	bioconductor-meat	1.12.0
2023	bioconductor-meat	1.14.0
2023	bioconductor-meb	1.14.0
2023	bioconductor-meb	1.16.0
2023	bioconductor-medips	1.52.0
2023	bioconductor-medips	1.54.0
2023	bioconductor-medipsdata	1.36.0
2023	bioconductor-medipsdata	1.38.0
2023	bioconductor-medme	1.60.0
2023	bioconductor-medme	1.62.0
2023	bioconductor-meebodata	1.38.0
2023	bioconductor-meebodata	1.40.0
2023	bioconductor-megadepth	1.10.0
2023	bioconductor-megadepth	1.12.0
2023	bioconductor-meigor	1.33.0
2023	bioconductor-melissa	1.16.0
2023	bioconductor-melissa	1.18.0
2023	bioconductor-memes	1.10.0
2023	bioconductor-memes	1.8.0
2023	bioconductor-merfishdata	1.2.0
2023	bioconductor-merfishdata	1.4.1
2023	bioconductor-mergeomics	1.28.0
2023	bioconductor-mergeomics	1.30.0
2023	bioconductor-meshdbi	1.36.0
2023	bioconductor-meshdbi	1.38.0
2023	bioconductor-meshes	1.26.0
2023	bioconductor-meshes	1.28.0
2023	bioconductor-meshr	2.6.0
2023	bioconductor-meshr	2.8.0
2023	bioconductor-meskit	1.10.0
2023	bioconductor-meskit	1.12.0
2023	bioconductor-messina	1.36.0
2023	bioconductor-messina	1.38.0
2023	bioconductor-metab	1.33.0
2023	bioconductor-metabcombiner	1.10.0
2023	bioconductor-metabcombiner	1.12.0
2023	bioconductor-metabinr	1.2.0
2023	bioconductor-metabinr	1.4.0
2023	bioconductor-metaboannotation	1.4.1
2023	bioconductor-metaboannotation	1.6.1
2023	bioconductor-metabocoreutils	1.10.0
2023	bioconductor-metabocoreutils	1.8.0
2023	bioconductor-metabolomicsworkbenchr	1.10.0
2023	bioconductor-metabolomicsworkbenchr	1.12.0
2023	bioconductor-metabomxtr	1.34.0
2023	bioconductor-metabomxtr	1.36.0
2023	bioconductor-metabosignal	1.30.1
2023	bioconductor-metabosignal	1.32.0
2023	bioconductor-metacca	1.28.0
2023	bioconductor-metacca	1.30.0
2023	bioconductor-metacyto	1.22.0
2023	bioconductor-metacyto	1.24.0
2023	bioconductor-metagene	2.31.0
2023	bioconductor-metagene2	1.16.0
2023	bioconductor-metagene2	1.18.0
2023	bioconductor-metagenomeseq	1.42.0
2023	bioconductor-metagenomeseq	1.43.0
2023	bioconductor-metagxbreast	1.20.0
2023	bioconductor-metagxbreast	1.22.0
2023	bioconductor-metagxovarian	1.20.0
2023	bioconductor-metagxovarian	1.22.0
2023	bioconductor-metagxpancreas	1.20.0
2023	bioconductor-metagxpancreas	1.22.0
2023	bioconductor-metahdep	1.58.0
2023	bioconductor-metahdep	1.60.0
2023	bioconductor-metams	1.36.0
2023	bioconductor-metams	1.38.0
2023	bioconductor-metamsdata	1.36.0
2023	bioconductor-metamsdata	1.38.0
2023	bioconductor-metaneighbor	1.20.0
2023	bioconductor-metaneighbor	1.22.0
2023	bioconductor-metaphor	1.2.0
2023	bioconductor-metaphor	1.4.0
2023	bioconductor-metapod	1.10.0
2023	bioconductor-metapod	1.8.0
2023	bioconductor-metapone	1.6.0
2023	bioconductor-metapone	1.8.0
2023	bioconductor-metascope	1.0.0
2023	bioconductor-metascope	1.2.0
2023	bioconductor-metaseq	1.40.0
2023	bioconductor-metaseq	1.42.0
2023	bioconductor-metavolcanor	1.14.0
2023	bioconductor-metcirc	1.30.0
2023	bioconductor-metcirc	1.32.0
2023	bioconductor-methimpute	1.22.0
2023	bioconductor-methimpute	1.24.0
2023	bioconductor-methinheritsim	1.22.0
2023	bioconductor-methinheritsim	1.24.0
2023	bioconductor-methped	1.28.0
2023	bioconductor-methped	1.30.0
2023	bioconductor-methreg	1.10.0
2023	bioconductor-methreg	1.12.0
2023	bioconductor-methrix	1.14.0
2023	bioconductor-methrix	1.16.0
2023	bioconductor-methtargetedngs	1.32.0
2023	bioconductor-methtargetedngs	1.34.0
2023	bioconductor-methylaid	1.34.0
2023	bioconductor-methylaid	1.36.0
2023	bioconductor-methylaiddata	1.32.0
2023	bioconductor-methylaiddata	1.34.0
2023	bioconductor-methylcc	1.14.0
2023	bioconductor-methylcc	1.16.0
2023	bioconductor-methylclock	1.6.0
2023	bioconductor-methylclock	1.8.0
2023	bioconductor-methylclockdata	1.10.0
2023	bioconductor-methylclockdata	1.8.1
2023	bioconductor-methylinheritance	1.24.0
2023	bioconductor-methylinheritance	1.26.0
2023	bioconductor-methylkit	1.26.0
2023	bioconductor-methylkit	1.28.0
2023	bioconductor-methylmix	2.30.0
2023	bioconductor-methylmix	2.32.0
2023	bioconductor-methylmnm	1.38.0
2023	bioconductor-methylmnm	1.40.0
2023	bioconductor-methylpipe	1.34.1
2023	bioconductor-methylpipe	1.36.0
2023	bioconductor-methylscaper	1.10.0
2023	bioconductor-methylscaper	1.8.4
2023	bioconductor-methylseekr	1.40.0
2023	bioconductor-methylseekr	1.42.0
2023	bioconductor-methylseqdata	1.10.0
2023	bioconductor-methylseqdata	1.12.0
2023	bioconductor-methylsig	1.12.0
2023	bioconductor-methylumi	2.46.0
2023	bioconductor-methylumi	2.48.0
2023	bioconductor-metid	1.18.0
2023	bioconductor-metid	1.20.0
2023	bioconductor-metnet	1.18.0
2023	bioconductor-metnet	1.20.0
2023	bioconductor-mfa	1.22.0
2023	bioconductor-mfa	1.24.0
2023	bioconductor-mfuzz	2.60.0
2023	bioconductor-mfuzz	2.62.0
2023	bioconductor-mgfm	1.34.0
2023	bioconductor-mgfm	1.36.0
2023	bioconductor-mgfr	1.26.0
2023	bioconductor-mgfr	1.28.0
2023	bioconductor-mgsa	1.48.0
2023	bioconductor-mgsa	1.50.0
2023	bioconductor-mia	1.10.0
2023	bioconductor-mia	1.8.0
2023	bioconductor-miasim	1.6.0
2023	bioconductor-miasim	1.8.0
2023	bioconductor-miaviz	1.10.0
2023	bioconductor-miaviz	1.8.0
2023	bioconductor-michip	1.54.0
2023	bioconductor-michip	1.56.0
2023	bioconductor-microbiome	1.22.0
2023	bioconductor-microbiome	1.24.0
2023	bioconductor-microbiomebenchmarkdata	1.2.0
2023	bioconductor-microbiomebenchmarkdata	1.4.0
2023	bioconductor-microbiomedasim	1.14.0
2023	bioconductor-microbiomedasim	1.16.0
2023	bioconductor-microbiomedatasets	1.10.0
2023	bioconductor-microbiomedatasets	1.8.0
2023	bioconductor-microbiomeexplorer	1.10.0
2023	bioconductor-microbiomeexplorer	1.12.0
2023	bioconductor-microbiomemarker	1.6.0
2023	bioconductor-microbiomemarker	1.8.0
2023	bioconductor-microbiomeprofiler	1.6.1
2023	bioconductor-microbiomeprofiler	1.8.0
2023	bioconductor-microbiotaprocess	1.12.2
2023	bioconductor-microbiotaprocess	1.14.0
2023	bioconductor-microrna	1.58.0
2023	bioconductor-microrna	1.60.0
2023	bioconductor-micrornaome	1.22.0
2023	bioconductor-micrornaome	1.24.0
2023	bioconductor-microstasis	1.0.0
2023	bioconductor-microstasis	1.2.0
2023	bioconductor-midashla	1.10.0
2023	bioconductor-midashla	1.8.0
2023	bioconductor-migsadata	1.24.0
2023	bioconductor-milor	1.10.0
2023	bioconductor-milor	1.8.1
2023	bioconductor-mimager	1.24.0
2023	bioconductor-mimager	1.26.0
2023	bioconductor-mimosa	1.37.0
2023	bioconductor-mina	1.10.0
2023	bioconductor-mina	1.8.0
2023	bioconductor-mineica	1.40.0
2023	bioconductor-mineica	1.42.0
2023	bioconductor-minet	3.58.0
2023	bioconductor-minet	3.60.0
2023	bioconductor-minfi	1.46.0
2023	bioconductor-minfi	1.48.0
2023	bioconductor-minfidata	0.46.0
2023	bioconductor-minfidata	0.48.0
2023	bioconductor-minfidataepic	1.26.0
2023	bioconductor-minfidataepic	1.28.0
2023	bioconductor-minimumdistance	1.44.0
2023	bioconductor-minimumdistance	1.46.0
2023	bioconductor-minionsummarydata	1.30.0
2023	bioconductor-minionsummarydata	1.32.0
2023	bioconductor-mipp	1.72.0
2023	bioconductor-mipp	1.74.0
2023	bioconductor-miqc	1.10.0
2023	bioconductor-miqc	1.8.0
2023	bioconductor-mira	1.22.0
2023	bioconductor-mira	1.24.0
2023	bioconductor-mirage	1.42.0
2023	bioconductor-mirage	1.44.0
2023	bioconductor-mirbaseconverter	1.24.0
2023	bioconductor-mircomp	1.30.0
2023	bioconductor-mircomp	1.32.0
2023	bioconductor-mircompdata	1.30.0
2023	bioconductor-mircompdata	1.32.0
2023	bioconductor-mirintegrator	1.30.0
2023	bioconductor-mirintegrator	1.32.0
2023	bioconductor-mirlab	1.30.0
2023	bioconductor-mirlab	1.32.0
2023	bioconductor-mirmine	1.22.0
2023	bioconductor-mirnameconverter	1.28.0
2023	bioconductor-mirnameconverter	1.30.0
2023	bioconductor-mirnapath	1.60.0
2023	bioconductor-mirnapath	1.62.0
2023	bioconductor-mirnatap	1.34.0
2023	bioconductor-mirnatap	1.36.0
2023	bioconductor-mirnatarget	1.38.0
2023	bioconductor-mirnatarget	1.40.0
2023	bioconductor-mirsm	1.18.0
2023	bioconductor-mirsponger	2.4.0
2023	bioconductor-mirtarrnaseq	1.10.0
2023	bioconductor-mirtarrnaseq	1.8.0
2023	bioconductor-missrows	1.20.0
2023	bioconductor-missrows	1.22.0
2023	bioconductor-mistyr	1.10.0
2023	bioconductor-mistyr	1.8.1
2023	bioconductor-mitch	1.12.0
2023	bioconductor-mitch	1.14.0
2023	bioconductor-mitoclone2	1.6.0
2023	bioconductor-mitoclone2	1.8.1
2023	bioconductor-mixomics	6.24.0
2023	bioconductor-mixomics	6.26.0
2023	bioconductor-mlinterfaces	1.80.0
2023	bioconductor-mlinterfaces	1.82.0
2023	bioconductor-mlp	1.48.0
2023	bioconductor-mlp	1.50.0
2023	bioconductor-mlseq	2.18.0
2023	bioconductor-mlseq	2.20.0
2023	bioconductor-mmappr2	1.14.0
2023	bioconductor-mmappr2data	1.14.0
2023	bioconductor-mmappr2data	1.16.0
2023	bioconductor-mmdiff2	1.28.0
2023	bioconductor-mmdiff2	1.30.0
2023	bioconductor-mmdiffbamsubset	1.36.0
2023	bioconductor-mmdiffbamsubset	1.38.0
2023	bioconductor-mmuphin	1.14.0
2023	bioconductor-mmuphin	1.16.0
2023	bioconductor-mnem	1.16.0
2023	bioconductor-mnem	1.18.0
2023	bioconductor-moanin	1.10.0
2023	bioconductor-moanin	1.8.0
2023	bioconductor-mobilitytransformr	1.4.0
2023	bioconductor-mobilitytransformr	1.6.0
2023	bioconductor-moda	1.26.0
2023	bioconductor-moda	1.28.0
2023	bioconductor-modcon	1.10.0
2023	bioconductor-modcon	1.8.0
2023	bioconductor-modstrings	1.16.0
2023	bioconductor-modstrings	1.18.0
2023	bioconductor-mofa2	1.10.0
2023	bioconductor-mofa2	1.12.0
2023	bioconductor-mofadata	1.16.1
2023	bioconductor-mofadata	1.18.0
2023	bioconductor-mogamun	1.10.0
2023	bioconductor-mogamun	1.12.0
2023	bioconductor-mogsa	1.34.0
2023	bioconductor-mogsa	1.36.0
2023	bioconductor-moleculeexperiment	1.0.1
2023	bioconductor-moleculeexperiment	1.2.2
2023	bioconductor-moma	1.12.0
2023	bioconductor-moma	1.14.0
2023	bioconductor-monalisa	1.6.0
2023	bioconductor-monalisa	1.8.0
2023	bioconductor-monocle	2.28.0
2023	bioconductor-monocle	2.30.0
2023	bioconductor-moonlight2r	1.0.0
2023	bioconductor-moonlightr	1.26.0
2023	bioconductor-moonlightr	1.28.0
2023	bioconductor-mosaics	2.38.0
2023	bioconductor-mosaics	2.40.0
2023	bioconductor-mosaicsexample	1.38.0
2023	bioconductor-mosaicsexample	1.40.0
2023	bioconductor-mosbi	1.6.0
2023	bioconductor-mosbi	1.8.0
2023	bioconductor-mosim	1.14.0
2023	bioconductor-mosim	1.16.0
2023	bioconductor-motif2site	1.4.0
2023	bioconductor-motif2site	1.6.0
2023	bioconductor-motifbreakr	2.13.7
2023	bioconductor-motifbreakr	2.16.0
2023	bioconductor-motifcounter	1.24.0
2023	bioconductor-motifcounter	1.26.0
2023	bioconductor-motifdb	1.42.0
2023	bioconductor-motifdb	1.44.0
2023	bioconductor-motifmatchr	1.22.0
2023	bioconductor-motifmatchr	1.24.0
2023	bioconductor-motifstack	1.44.1
2023	bioconductor-motifstack	1.46.0
2023	bioconductor-mouse.db0	3.17.0
2023	bioconductor-mouse.db0	3.18.0
2023	bioconductor-mouse4302barcodevecs	1.38.0
2023	bioconductor-mouse4302barcodevecs	1.40.0
2023	bioconductor-mousefm	1.10.0
2023	bioconductor-mousefm	1.12.0
2023	bioconductor-mousegastrulationdata	1.14.0
2023	bioconductor-mousegastrulationdata	1.16.0
2023	bioconductor-mousethymusageing	1.10.0
2023	bioconductor-mousethymusageing	1.8.0
2023	bioconductor-mpfe	1.36.0
2023	bioconductor-mpfe	1.38.0
2023	bioconductor-mpo.db	0.99.7
2023	bioconductor-mpra	1.22.0
2023	bioconductor-mpra	1.24.0
2023	bioconductor-mpranalyze	1.18.0
2023	bioconductor-mpranalyze	1.20.0
2023	bioconductor-mqmetrics	1.10.0
2023	bioconductor-mqmetrics	1.8.0
2023	bioconductor-msa	1.32.0
2023	bioconductor-msa	1.34.0
2023	bioconductor-msa2dist	1.4.0
2023	bioconductor-msa2dist	1.6.0
2023	bioconductor-msbackendmassbank	1.10.1
2023	bioconductor-msbackendmassbank	1.8.0
2023	bioconductor-msbackendmgf	1.10.0
2023	bioconductor-msbackendmgf	1.8.0
2023	bioconductor-msbackendmsp	1.4.0
2023	bioconductor-msbackendmsp	1.6.0
2023	bioconductor-msbackendrawfilereader	1.6.0
2023	bioconductor-msbackendrawfilereader	1.8.1
2023	bioconductor-msbackendsql	1.0.1
2023	bioconductor-msbackendsql	1.2.0
2023	bioconductor-mscoreutils	1.12.0
2023	bioconductor-mscoreutils	1.14.1
2023	bioconductor-msd16s	1.20.0
2023	bioconductor-msd16s	1.22.0
2023	bioconductor-msdata	0.40.0
2023	bioconductor-msdata	0.42.0
2023	bioconductor-msdatahub	1.0.0
2023	bioconductor-msdatahub	1.2.0
2023	bioconductor-msexperiment	1.2.0
2023	bioconductor-msexperiment	1.4.0
2023	bioconductor-msfeatures	1.10.0
2023	bioconductor-msfeatures	1.8.0
2023	bioconductor-msgbsr	1.24.0
2023	bioconductor-msgbsr	1.26.0
2023	bioconductor-msigdb	1.10.0
2023	bioconductor-msigdb	1.8.0
2023	bioconductor-msimpute	1.10.0
2023	bioconductor-msimpute	1.12.0
2023	bioconductor-mslp	1.2.0
2023	bioconductor-mslp	1.4.0
2023	bioconductor-msmb	1.18.0
2023	bioconductor-msmb	1.20.0
2023	bioconductor-msmseda	1.38.0
2023	bioconductor-msmseda	1.40.0
2023	bioconductor-msmstests	1.38.0
2023	bioconductor-msmstests	1.40.0
2023	bioconductor-msnbase	2.26.0
2023	bioconductor-msnbase	2.28.1
2023	bioconductor-msnid	1.34.0
2023	bioconductor-msnid	1.36.0
2023	bioconductor-msprep	1.10.0
2023	bioconductor-msprep	1.12.0
2023	bioconductor-mspurity	1.26.0
2023	bioconductor-mspurity	1.28.0
2023	bioconductor-mspuritydata	1.26.0
2023	bioconductor-mspuritydata	1.28.0
2023	bioconductor-mspuritydata	1.30.0
2023	bioconductor-msqc1	1.28.0
2023	bioconductor-msqc1	1.30.0
2023	bioconductor-msqrob2	1.10.0
2023	bioconductor-msqrob2	1.8.0
2023	bioconductor-msquality	1.0.0
2023	bioconductor-msquality	1.2.0
2023	bioconductor-msstats	4.10.0
2023	bioconductor-msstats	4.8.3
2023	bioconductor-msstatsbig	1.0.0
2023	bioconductor-msstatsconvert	1.10.3
2023	bioconductor-msstatsconvert	1.12.0
2023	bioconductor-msstatslip	1.6.0
2023	bioconductor-msstatslip	1.8.1
2023	bioconductor-msstatslobd	1.10.0
2023	bioconductor-msstatslobd	1.8.0
2023	bioconductor-msstatsptm	2.2.4
2023	bioconductor-msstatsptm	2.4.1
2023	bioconductor-msstatsqc	2.18.0
2023	bioconductor-msstatsqc	2.20.0
2023	bioconductor-msstatsqcgui	1.20.0
2023	bioconductor-msstatsqcgui	1.22.0
2023	bioconductor-msstatssamplesize	1.13.0
2023	bioconductor-msstatsshiny	1.2.3
2023	bioconductor-msstatsshiny	1.4.1
2023	bioconductor-msstatstmt	2.10.0
2023	bioconductor-msstatstmt	2.8.0
2023	bioconductor-mtbls2	1.30.0
2023	bioconductor-mtbls2	1.32.0
2023	bioconductor-mudata	1.4.0
2023	bioconductor-mudata	1.6.0
2023	bioconductor-mugaexampledata	1.20.0
2023	bioconductor-mugaexampledata	1.22.0
2023	bioconductor-mulcom	1.50.0
2023	bioconductor-mulcom	1.52.0
2023	bioconductor-multiassayexperiment	1.26.0
2023	bioconductor-multiassayexperiment	1.28.0
2023	bioconductor-multibac	1.10.0
2023	bioconductor-multibac	1.12.0
2023	bioconductor-multiclust	1.30.0
2023	bioconductor-multiclust	1.32.0
2023	bioconductor-multicrispr	1.10.1
2023	bioconductor-multicrispr	1.12.3
2023	bioconductor-multidataset	1.28.0
2023	bioconductor-multidataset	1.30.0
2023	bioconductor-multigsea	1.10.0
2023	bioconductor-multigsea	1.12.0
2023	bioconductor-multihiccompare	1.18.1
2023	bioconductor-multihiccompare	1.20.0
2023	bioconductor-multimed	2.22.0
2023	bioconductor-multimed	2.24.0
2023	bioconductor-multimir	1.22.0
2023	bioconductor-multimir	1.24.0
2023	bioconductor-multimodalexperiment	1.0.0
2023	bioconductor-multimodalexperiment	1.2.0
2023	bioconductor-multiomicsviz	1.24.0
2023	bioconductor-multiscan	1.60.0
2023	bioconductor-multiscan	1.62.0
2023	bioconductor-multisight	1.7.0
2023	bioconductor-multiwgcna	1.0.0
2023	bioconductor-multtest	2.56.0
2023	bioconductor-multtest	2.58.0
2023	bioconductor-mumosa	1.10.0
2023	bioconductor-mumosa	1.8.0
2023	bioconductor-mungesumstats	1.10.1
2023	bioconductor-mungesumstats	1.8.0
2023	bioconductor-muscat	1.14.0
2023	bioconductor-muscat	1.16.0
2023	bioconductor-muscdata	1.14.0
2023	bioconductor-muscdata	1.16.0
2023	bioconductor-muscle	3.42.0
2023	bioconductor-muscle	3.44.0
2023	bioconductor-musicatk	1.10.0
2023	bioconductor-mutationalpatterns	3.10.0
2023	bioconductor-mutationalpatterns	3.12.0
2023	bioconductor-mvcclass	1.74.0
2023	bioconductor-mvcclass	1.76.0
2023	bioconductor-mvoutdata	1.36.0
2023	bioconductor-mvoutdata	1.38.0
2023	bioconductor-mwastools	1.24.0
2023	bioconductor-mwastools	1.26.0
2023	bioconductor-mygene	1.36.0
2023	bioconductor-mygene	1.38.0
2023	bioconductor-myvariant	1.30.0
2023	bioconductor-myvariant	1.32.0
2023	bioconductor-mzid	1.38.0
2023	bioconductor-mzid	1.40.0
2023	bioconductor-mzr	2.34.1
2023	bioconductor-mzr	2.36.0
2023	bioconductor-nadfinder	1.24.0
2023	bioconductor-nadfinder	1.26.0
2023	bioconductor-nanomethviz	2.6.0
2023	bioconductor-nanomethviz	2.8.1
2023	bioconductor-nanoporernaseq	1.10.0
2023	bioconductor-nanoporernaseq	1.12.0
2023	bioconductor-nanostringdiff	1.30.0
2023	bioconductor-nanostringdiff	1.32.0
2023	bioconductor-nanostringnctools	1.10.0
2023	bioconductor-nanostringnctools	1.8.0
2023	bioconductor-nanostringqcpro	1.32.0
2023	bioconductor-nanotator	1.16.0
2023	bioconductor-nanotator	1.18.0
2023	bioconductor-nanotube	1.6.0
2023	bioconductor-nanotube	1.8.0
2023	bioconductor-nanotubes	1.16.0
2023	bioconductor-nanotubes	1.18.0
2023	bioconductor-nbamseq	1.16.0
2023	bioconductor-nbamseq	1.18.0
2023	bioconductor-ncdfflow	2.46.0
2023	bioconductor-ncdfflow	2.48.0
2023	bioconductor-ncgtw	1.14.0
2023	bioconductor-ncgtw	1.16.0
2023	bioconductor-ncigraph	1.48.0
2023	bioconductor-ncigraph	1.50.0
2023	bioconductor-ncigraphdata	1.36.0
2023	bioconductor-ncigraphdata	1.38.0
2023	bioconductor-ncrnatools	1.10.0
2023	bioconductor-ncrnatools	1.12.0
2023	bioconductor-ndexr	1.22.0
2023	bioconductor-ndexr	1.24.0
2023	bioconductor-nearbynding	1.10.0
2023	bioconductor-nearbynding	1.12.0
2023	bioconductor-nebulosa	1.10.0
2023	bioconductor-nebulosa	1.12.0
2023	bioconductor-neighbornet	1.18.0
2023	bioconductor-nempi	1.10.0
2023	bioconductor-nempi	1.8.0
2023	bioconductor-nestlink	1.16.0
2023	bioconductor-nestlink	1.18.0
2023	bioconductor-netactivity	1.2.0
2023	bioconductor-netactivity	1.4.0
2023	bioconductor-netactivitydata	1.2.0
2023	bioconductor-netactivitydata	1.4.0
2023	bioconductor-netdx	1.12.0
2023	bioconductor-netdx	1.14.0
2023	bioconductor-nethet	1.32.0
2023	bioconductor-nethet	1.34.0
2023	bioconductor-netomics	1.6.0
2023	bioconductor-netomics	1.8.0
2023	bioconductor-netpathminer	1.36.0
2023	bioconductor-netpathminer	1.38.0
2023	bioconductor-netprior	1.26.0
2023	bioconductor-netprior	1.28.0
2023	bioconductor-netresponse	1.60.0
2023	bioconductor-netresponse	1.62.0
2023	bioconductor-netsam	1.40.0
2023	bioconductor-netsam	1.42.0
2023	bioconductor-netsmooth	1.20.0
2023	bioconductor-netsmooth	1.22.0
2023	bioconductor-netzoor	1.4.0
2023	bioconductor-netzoor	1.6.0
2023	bioconductor-neuca	1.6.0
2023	bioconductor-neve2006	0.38.0
2023	bioconductor-neve2006	0.40.0
2023	bioconductor-newwave	1.12.0
2023	bioconductor-ngscopydata	1.20.0
2023	bioconductor-ngscopydata	1.22.0
2023	bioconductor-ngsreports	2.2.4
2023	bioconductor-ngsreports	2.4.0
2023	bioconductor-nipalsmcia	1.0.0
2023	bioconductor-nnnorm	2.64.0
2023	bioconductor-nnnorm	2.66.0
2023	bioconductor-nnsvg	1.4.1
2023	bioconductor-nnsvg	1.6.0
2023	bioconductor-noiseq	2.44.0
2023	bioconductor-noiseq	2.46.0
2023	bioconductor-nondetects	2.30.0
2023	bioconductor-nondetects	2.32.0
2023	bioconductor-norce	1.12.0
2023	bioconductor-norce	1.14.0
2023	bioconductor-normalize450k	1.28.0
2023	bioconductor-normalize450k	1.30.0
2023	bioconductor-normalyzerde	1.18.0
2023	bioconductor-normalyzerde	1.20.0
2023	bioconductor-normqpcr	1.46.0
2023	bioconductor-normqpcr	1.48.0
2023	bioconductor-normr	1.26.0
2023	bioconductor-normr	1.28.0
2023	bioconductor-nparc	1.12.0
2023	bioconductor-nparc	1.14.0
2023	bioconductor-npgsea	1.36.0
2023	bioconductor-npgsea	1.38.0
2023	bioconductor-ntw	1.50.0
2023	bioconductor-ntw	1.52.0
2023	bioconductor-nucleosim	1.28.0
2023	bioconductor-nucleosim	1.30.0
2023	bioconductor-nucler	2.32.0
2023	bioconductor-nucler	2.34.0
2023	bioconductor-nucpos	1.18.0
2023	bioconductor-nucpos	1.20.0
2023	bioconductor-nullranges	1.6.2
2023	bioconductor-nullranges	1.8.0
2023	bioconductor-nullrangesdata	1.6.0
2023	bioconductor-nullrangesdata	1.8.0
2023	bioconductor-nupop	2.10.0
2023	bioconductor-nupop	2.8.1
2023	bioconductor-nxtirfcore	1.6.0
2023	bioconductor-nxtirfdata	1.6.0
2023	bioconductor-nxtirfdata	1.8.0
2023	bioconductor-obmiti	1.10.0
2023	bioconductor-obmiti	1.8.0
2023	bioconductor-occugene	1.60.0
2023	bioconductor-occugene	1.62.0
2023	bioconductor-ocplus	1.74.0
2023	bioconductor-ocplus	1.76.0
2023	bioconductor-oct4	1.16.0
2023	bioconductor-oct4	1.18.0
2023	bioconductor-octad.db	1.2.0
2023	bioconductor-octad.db	1.4.0
2023	bioconductor-octad	1.2.0
2023	bioconductor-octad	1.4.0
2023	bioconductor-oder	1.6.0
2023	bioconductor-odseq	1.28.0
2023	bioconductor-odseq	1.30.0
2023	bioconductor-ogre	1.4.0
2023	bioconductor-ogre	1.6.0
2023	bioconductor-oligo	1.64.1
2023	bioconductor-oligo	1.66.0
2023	bioconductor-oligoclasses	1.62.0
2023	bioconductor-oligoclasses	1.64.0
2023	bioconductor-olin	1.78.0
2023	bioconductor-olin	1.80.0
2023	bioconductor-olingui	1.74.0
2023	bioconductor-olingui	1.76.0
2023	bioconductor-omada	1.1.0
2023	bioconductor-omada	1.4.0
2023	bioconductor-omadb	2.16.0
2023	bioconductor-omadb	2.18.0
2023	bioconductor-omicade4	1.40.0
2023	bioconductor-omicade4	1.42.0
2023	bioconductor-omiccircos	1.38.0
2023	bioconductor-omiccircos	1.40.0
2023	bioconductor-omicplotr	1.20.0
2023	bioconductor-omicplotr	1.22.0
2023	bioconductor-omicrexposome	1.22.0
2023	bioconductor-omicrexposome	1.24.2
2023	bioconductor-omicspca	1.18.0
2023	bioconductor-omicspca	1.20.0
2023	bioconductor-omicspcadata	1.18.0
2023	bioconductor-omicspcadata	1.20.0
2023	bioconductor-omicsprint	1.20.0
2023	bioconductor-omicsprint	1.22.0
2023	bioconductor-omixer	1.10.0
2023	bioconductor-omixer	1.12.0
2023	bioconductor-omnipathr	3.10.1
2023	bioconductor-omnipathr	3.8.0
2023	bioconductor-ompbam	1.4.0
2023	bioconductor-ompbam	1.6.0
2023	bioconductor-onassisjavalibs	1.22.0
2023	bioconductor-onassisjavalibs	1.24.0
2023	bioconductor-oncomix	1.22.0
2023	bioconductor-oncomix	1.24.0
2023	bioconductor-oncoscanr	1.2.0
2023	bioconductor-oncoscanr	1.4.0
2023	bioconductor-oncoscore	1.28.0
2023	bioconductor-oncoscore	1.30.0
2023	bioconductor-oncosimulr	4.2.0
2023	bioconductor-oncosimulr	4.4.0
2023	bioconductor-onlinefdr	2.10.0
2023	bioconductor-onlinefdr	2.8.0
2023	bioconductor-ontoproc	1.22.0
2023	bioconductor-ontoproc	1.24.0
2023	bioconductor-opencyto	2.12.0
2023	bioconductor-opencyto	2.14.0
2023	bioconductor-openprimer	1.22.0
2023	bioconductor-openprimer	1.24.0
2023	bioconductor-openprimerui	1.22.0
2023	bioconductor-openprimerui	1.24.0
2023	bioconductor-openstats	1.12.0
2023	bioconductor-openstats	1.14.0
2023	bioconductor-opossom	2.18.0
2023	bioconductor-opossom	2.20.0
2023	bioconductor-oppar	1.28.0
2023	bioconductor-oppar	1.30.0
2023	bioconductor-oppti	1.14.0
2023	bioconductor-oppti	1.16.0
2023	bioconductor-optimalflow	1.12.0
2023	bioconductor-optimalflow	1.14.0
2023	bioconductor-optimalflowdata	1.12.0
2023	bioconductor-optimalflowdata	1.14.0
2023	bioconductor-opweight	1.22.0
2023	bioconductor-opweight	1.24.0
2023	bioconductor-orderedlist	1.72.0
2023	bioconductor-orderedlist	1.74.0
2023	bioconductor-orfhunter	1.10.0
2023	bioconductor-orfhunter	1.8.0
2023	bioconductor-orfik	1.20.0
2023	bioconductor-orfik	1.22.0
2023	bioconductor-org.ag.eg.db	3.17.0
2023	bioconductor-org.ag.eg.db	3.18.0
2023	bioconductor-org.at.tair.db	3.17.0
2023	bioconductor-org.at.tair.db	3.18.0
2023	bioconductor-org.bt.eg.db	3.17.0
2023	bioconductor-org.bt.eg.db	3.18.0
2023	bioconductor-org.ce.eg.db	3.17.0
2023	bioconductor-org.ce.eg.db	3.18.0
2023	bioconductor-org.cf.eg.db	3.17.0
2023	bioconductor-org.cf.eg.db	3.18.0
2023	bioconductor-org.dm.eg.db	3.17.0
2023	bioconductor-org.dm.eg.db	3.18.0
2023	bioconductor-org.dr.eg.db	3.17.0
2023	bioconductor-org.dr.eg.db	3.18.0
2023	bioconductor-org.eck12.eg.db	3.17.0
2023	bioconductor-org.eck12.eg.db	3.18.0
2023	bioconductor-org.ecsakai.eg.db	3.17.0
2023	bioconductor-org.ecsakai.eg.db	3.18.0
2023	bioconductor-org.gg.eg.db	3.17.0
2023	bioconductor-org.gg.eg.db	3.18.0
2023	bioconductor-org.hs.eg.db	3.17.0
2023	bioconductor-org.hs.eg.db	3.18.0
2023	bioconductor-org.mm.eg.db	3.17.0
2023	bioconductor-org.mm.eg.db	3.18.0
2023	bioconductor-org.mmu.eg.db	3.17.0
2023	bioconductor-org.mmu.eg.db	3.18.0
2023	bioconductor-org.pt.eg.db	3.17.0
2023	bioconductor-org.pt.eg.db	3.18.0
2023	bioconductor-org.rn.eg.db	3.17.0
2023	bioconductor-org.rn.eg.db	3.18.0
2023	bioconductor-org.sc.sgd.db	3.17.0
2023	bioconductor-org.sc.sgd.db	3.18.0
2023	bioconductor-org.ss.eg.db	3.17.0
2023	bioconductor-org.ss.eg.db	3.18.0
2023	bioconductor-org.xl.eg.db	3.17.0
2023	bioconductor-org.xl.eg.db	3.18.0
2023	bioconductor-organism.dplyr	1.28.0
2023	bioconductor-organism.dplyr	1.30.1
2023	bioconductor-organismdbi	1.42.0
2023	bioconductor-organismdbi	1.44.0
2023	bioconductor-orthogene	1.6.0
2023	bioconductor-orthogene	1.8.0
2023	bioconductor-orthology.eg.db	3.17.0
2023	bioconductor-orthology.eg.db	3.18.0
2023	bioconductor-orthos	1.0.1
2023	bioconductor-orthosdata	1.0.0
2023	bioconductor-osat	1.48.0
2023	bioconductor-osat	1.50.0
2023	bioconductor-oscope	1.30.0
2023	bioconductor-oscope	1.32.0
2023	bioconductor-otubase	1.50.0
2023	bioconductor-outrider	1.18.1
2023	bioconductor-outrider	1.20.0
2023	bioconductor-outsplice	1.0.0
2023	bioconductor-outsplice	1.2.0
2023	bioconductor-oveseg	1.16.0
2023	bioconductor-oveseg	1.18.0
2023	bioconductor-paa	1.34.0
2023	bioconductor-paa	1.36.0
2023	bioconductor-packfinder	1.12.0
2023	bioconductor-packfinder	1.14.0
2023	bioconductor-padma	1.10.0
2023	bioconductor-padma	1.12.0
2023	bioconductor-padog	1.42.0
2023	bioconductor-padog	1.44.0
2023	bioconductor-pagerank	1.10.0
2023	bioconductor-pagerank	1.12.0
2023	bioconductor-pairadise	1.16.0
2023	bioconductor-pairadise	1.18.0
2023	bioconductor-paircompviz	1.38.0
2023	bioconductor-paircompviz	1.40.0
2023	bioconductor-pairedgsea	1.0.0
2023	bioconductor-pairedgsea	1.2.0
2023	bioconductor-pairkat	1.6.0
2023	bioconductor-pairkat	1.8.0
2023	bioconductor-pandar	1.32.0
2023	bioconductor-pandar	1.34.0
2023	bioconductor-panelcn.mops	1.22.0
2023	bioconductor-panelcn.mops	1.24.0
2023	bioconductor-panomir	1.4.0
2023	bioconductor-panomir	1.6.0
2023	bioconductor-panp	1.70.0
2023	bioconductor-panp	1.72.0
2023	bioconductor-panr	1.46.0
2023	bioconductor-panr	1.48.0
2023	bioconductor-panther.db	1.0.12
2023	bioconductor-panviz	1.2.0
2023	bioconductor-panviz	1.4.0
2023	bioconductor-parathyroidse	1.38.0
2023	bioconductor-parathyroidse	1.40.0
2023	bioconductor-pareg	1.6.0
2023	bioconductor-parglms	1.32.0
2023	bioconductor-parglms	1.34.0
2023	bioconductor-parody	1.58.0
2023	bioconductor-parody	1.60.0
2023	bioconductor-partcnv	1.0.0
2023	bioconductor-pasilla	1.28.0
2023	bioconductor-pasilla	1.30.0
2023	bioconductor-pasillabamsubset	0.38.0
2023	bioconductor-pasillabamsubset	0.40.0
2023	bioconductor-pasillatranscriptexpr	1.28.0
2023	bioconductor-pasillatranscriptexpr	1.30.0
2023	bioconductor-past	1.16.0
2023	bioconductor-past	1.18.0
2023	bioconductor-path2ppi	1.30.0
2023	bioconductor-path2ppi	1.32.0
2023	bioconductor-pathifier	1.38.0
2023	bioconductor-pathifier	1.40.0
2023	bioconductor-pathnet	1.40.0
2023	bioconductor-pathnet	1.42.0
2023	bioconductor-pathnetdata	1.36.0
2023	bioconductor-pathnetdata	1.38.0
2023	bioconductor-pathostat	1.26.0
2023	bioconductor-pathostat	1.28.0
2023	bioconductor-pathrender	1.68.0
2023	bioconductor-pathrender	1.70.0
2023	bioconductor-pathvar	1.30.0
2023	bioconductor-pathview	1.40.0
2023	bioconductor-pathview	1.42.0
2023	bioconductor-pathwaypca	1.16.1
2023	bioconductor-pathwaypca	1.18.0
2023	bioconductor-paxtoolsr	1.34.0
2023	bioconductor-paxtoolsr	1.36.0
2023	bioconductor-pcaexplorer	2.26.1
2023	bioconductor-pcaexplorer	2.28.0
2023	bioconductor-pcamethods	1.92.0
2023	bioconductor-pcamethods	1.94.0
2023	bioconductor-pcan	1.28.0
2023	bioconductor-pcan	1.30.0
2023	bioconductor-pcatools	2.12.0
2023	bioconductor-pcatools	2.14.0
2023	bioconductor-pchicdata	1.28.0
2023	bioconductor-pchicdata	1.30.0
2023	bioconductor-pcxn	2.22.0
2023	bioconductor-pcxn	2.24.0
2023	bioconductor-pcxndata	2.22.0
2023	bioconductor-pcxndata	2.24.0
2023	bioconductor-pd.atdschip.tiling	0.38.0
2023	bioconductor-pd.atdschip.tiling	0.40.0
2023	bioconductor-pdatk	1.8.0
2023	bioconductor-pdinfobuilder	1.64.0
2023	bioconductor-pdinfobuilder	1.66.0
2023	bioconductor-peacoqc	1.10.0
2023	bioconductor-peacoqc	1.12.0
2023	bioconductor-peakpanther	1.14.0
2023	bioconductor-peakpanther	1.16.0
2023	bioconductor-peca	1.36.0
2023	bioconductor-peca	1.38.0
2023	bioconductor-peco	1.12.0
2023	bioconductor-peco	1.14.0
2023	bioconductor-pengls	1.6.0
2023	bioconductor-pengls	1.8.0
2023	bioconductor-pepdat	1.20.0
2023	bioconductor-pepdat	1.22.0
2023	bioconductor-pepsnmr	1.18.0
2023	bioconductor-pepsnmr	1.20.0
2023	bioconductor-pepsnmrdata	1.18.0
2023	bioconductor-pepsnmrdata	1.20.0
2023	bioconductor-pepstat	1.34.0
2023	bioconductor-pepstat	1.36.0
2023	bioconductor-pepxmltab	1.34.0
2023	bioconductor-pepxmltab	1.36.0
2023	bioconductor-perfect	1.14.0
2023	bioconductor-periodicdna	1.10.0
2023	bioconductor-periodicdna	1.12.0
2023	bioconductor-pfam.db	3.17.0
2023	bioconductor-pfam.db	3.18.0
2023	bioconductor-pfamanalyzer	1.0.1
2023	bioconductor-pfamanalyzer	1.2.0
2023	bioconductor-pfp	1.7.0
2023	bioconductor-pgca	1.24.0
2023	bioconductor-pgca	1.26.0
2023	bioconductor-phantasus	1.20.2
2023	bioconductor-phantasus	1.22.2
2023	bioconductor-phantasuslite	1.0.0
2023	bioconductor-pharmacogx	3.4.0
2023	bioconductor-pharmacogx	3.6.0
2023	bioconductor-phemd	1.16.0
2023	bioconductor-phemd	1.18.0
2023	bioconductor-phenogeneranker	1.10.0
2023	bioconductor-phenogeneranker	1.8.0
2023	bioconductor-phenomis	1.2.0
2023	bioconductor-phenomis	1.4.0
2023	bioconductor-phenopath	1.24.0
2023	bioconductor-phenopath	1.26.0
2023	bioconductor-phenotest	1.48.0
2023	bioconductor-phenotest	1.50.0
2023	bioconductor-phenstat	2.36.0
2023	bioconductor-phenstat	2.38.0
2023	bioconductor-philr	1.26.0
2023	bioconductor-philr	1.28.0
2023	bioconductor-phipdata	1.10.0
2023	bioconductor-phipdata	1.8.0
2023	bioconductor-phosphonormalizer	1.24.0
2023	bioconductor-phosphonormalizer	1.26.0
2023	bioconductor-phosr	1.10.0
2023	bioconductor-phosr	1.12.0
2023	bioconductor-phyloprofile	1.14.5
2023	bioconductor-phyloprofile	1.16.0
2023	bioconductor-phyloprofiledata	1.14.0
2023	bioconductor-phyloprofiledata	1.16.0
2023	bioconductor-phyloseq	1.44.0
2023	bioconductor-phyloseq	1.46.0
2023	bioconductor-pi	2.12.0
2023	bioconductor-pi	2.14.0
2023	bioconductor-piano	2.16.0
2023	bioconductor-piano	2.18.0
2023	bioconductor-pickgene	1.72.0
2023	bioconductor-pickgene	1.74.0
2023	bioconductor-pics	2.44.0
2023	bioconductor-pics	2.46.0
2023	bioconductor-pig.db0	3.17.0
2023	bioconductor-pig.db0	3.18.0
2023	bioconductor-pigengene	1.26.0
2023	bioconductor-pigengene	1.28.0
2023	bioconductor-ping	2.44.0
2023	bioconductor-ping	2.46.0
2023	bioconductor-pipecomp	1.10.0
2023	bioconductor-pipecomp	1.12.0
2023	bioconductor-pipeframe	1.16.0
2023	bioconductor-pipeframe	1.18.0
2023	bioconductor-planet	1.10.0
2023	bioconductor-planet	1.8.0
2023	bioconductor-planttfhunter	1.0.0
2023	bioconductor-planttfhunter	1.2.0
2023	bioconductor-plasmut	1.0.0
2023	bioconductor-plgem	1.72.0
2023	bioconductor-plgem	1.74.0
2023	bioconductor-plier	1.70.0
2023	bioconductor-plier	1.72.0
2023	bioconductor-plogo2	1.12.0
2023	bioconductor-plogo2	1.14.0
2023	bioconductor-plotgardener	1.6.2
2023	bioconductor-plotgardener	1.8.1
2023	bioconductor-plotgardenerdata	1.6.0
2023	bioconductor-plotgardenerdata	1.8.0
2023	bioconductor-plotgrouper	1.18.0
2023	bioconductor-plotgrouper	1.20.0
2023	bioconductor-plpe	1.60.0
2023	bioconductor-plpe	1.62.0
2023	bioconductor-plyinteractions	1.0.0
2023	bioconductor-plyranges	1.20.0
2023	bioconductor-plyranges	1.22.0
2023	bioconductor-pmm	1.32.0
2023	bioconductor-pmm	1.34.0
2023	bioconductor-pmp	1.12.0
2023	bioconductor-pmp	1.14.0
2023	bioconductor-podcall	1.10.0
2023	bioconductor-podcall	1.8.0
2023	bioconductor-podkat	1.32.0
2023	bioconductor-podkat	1.34.0
2023	bioconductor-pogos	1.20.0
2023	bioconductor-pogos	1.22.0
2023	bioconductor-polyester	1.36.0
2023	bioconductor-polyester	1.38.0
2023	bioconductor-poma	1.10.0
2023	bioconductor-poma	1.12.0
2023	bioconductor-powertcr	1.20.0
2023	bioconductor-powertcr	1.22.0
2023	bioconductor-powsc	1.10.0
2023	bioconductor-powsc	1.8.0
2023	bioconductor-ppcseq	1.10.0
2023	bioconductor-ppcseq	1.8.0
2023	bioconductor-ppinfer	1.26.0
2023	bioconductor-ppinfer	1.28.0
2023	bioconductor-pqsfinder	2.16.0
2023	bioconductor-pqsfinder	2.18.0
2023	bioconductor-pram	1.16.0
2023	bioconductor-pram	1.18.0
2023	bioconductor-prebs	1.40.0
2023	bioconductor-prebs	1.42.0
2023	bioconductor-prebsdata	1.36.0
2023	bioconductor-prebsdata	1.38.0
2023	bioconductor-precisetad	1.10.0
2023	bioconductor-precisetad	1.12.0
2023	bioconductor-precisetadhub	1.10.0
2023	bioconductor-precisetadhub	1.8.0
2023	bioconductor-preda	1.46.0
2023	bioconductor-preda	1.48.0
2023	bioconductor-predasampledata	0.40.0
2023	bioconductor-predasampledata	0.42.0
2023	bioconductor-preprocesscore	1.60.2
2023	bioconductor-preprocesscore	1.62.1
2023	bioconductor-preprocesscore	1.64.0
2023	bioconductor-primirtss	1.18.0
2023	bioconductor-primirtss	1.20.0
2023	bioconductor-prince	1.16.0
2023	bioconductor-prince	1.18.0
2023	bioconductor-proactiv	1.10.0
2023	bioconductor-proactiv	1.12.0
2023	bioconductor-probamr	1.34.0
2023	bioconductor-probamr	1.36.0
2023	bioconductor-process	1.76.0
2023	bioconductor-process	1.78.0
2023	bioconductor-procoil	2.28.0
2023	bioconductor-procoil	2.30.0
2023	bioconductor-proda	1.14.0
2023	bioconductor-proda	1.16.0
2023	bioconductor-prodata	1.38.0
2023	bioconductor-prodata	1.40.0
2023	bioconductor-profileplyr	1.16.0
2023	bioconductor-profileplyr	1.18.0
2023	bioconductor-profilescoredist	1.28.0
2023	bioconductor-profilescoredist	1.30.0
2023	bioconductor-progeny	1.22.0
2023	bioconductor-progeny	1.24.0
2023	bioconductor-projectr	1.16.0
2023	bioconductor-projectr	1.18.0
2023	bioconductor-proloc	1.40.1
2023	bioconductor-proloc	1.42.0
2023	bioconductor-prolocdata	1.38.0
2023	bioconductor-prolocdata	1.40.0
2023	bioconductor-prolocgui	2.10.0
2023	bioconductor-prolocgui	2.12.0
2023	bioconductor-promise	1.52.0
2023	bioconductor-proper	1.32.0
2023	bioconductor-proper	1.34.0
2023	bioconductor-props	1.22.0
2023	bioconductor-props	1.24.0
2023	bioconductor-prostar	1.32.1
2023	bioconductor-prostar	1.34.3
2023	bioconductor-prostatecancercamcap	1.28.0
2023	bioconductor-prostatecancercamcap	1.30.0
2023	bioconductor-prostatecancergrasso	1.28.0
2023	bioconductor-prostatecancergrasso	1.30.0
2023	bioconductor-prostatecancerstockholm	1.28.0
2023	bioconductor-prostatecancerstockholm	1.30.0
2023	bioconductor-prostatecancertaylor	1.28.0
2023	bioconductor-prostatecancertaylor	1.30.0
2023	bioconductor-prostatecancervarambally	1.28.0
2023	bioconductor-prostatecancervarambally	1.30.0
2023	bioconductor-proteasy	1.2.0
2023	bioconductor-proteinprofiles	1.40.0
2023	bioconductor-proteinprofiles	1.42.0
2023	bioconductor-proteodisco	1.6.0
2023	bioconductor-proteodisco	1.8.0
2023	bioconductor-proteomm	1.18.0
2023	bioconductor-proteomm	1.20.0
2023	bioconductor-protgear	1.4.0
2023	bioconductor-protgear	1.6.0
2023	bioconductor-protgenerics	1.32.0
2023	bioconductor-protgenerics	1.34.0
2023	bioconductor-psea	1.34.0
2023	bioconductor-psea	1.36.0
2023	bioconductor-psichomics	1.26.0
2023	bioconductor-psichomics	1.28.0
2023	bioconductor-psmatch	1.4.0
2023	bioconductor-psmatch	1.6.0
2023	bioconductor-psygenet2r	1.32.2
2023	bioconductor-psygenet2r	1.34.0
2023	bioconductor-ptairdata	1.10.0
2023	bioconductor-ptairdata	1.8.0
2023	bioconductor-ptairms	1.10.0
2023	bioconductor-ptairms	1.8.0
2023	bioconductor-pth2o2lipids	1.26.0
2023	bioconductor-pth2o2lipids	1.28.0
2023	bioconductor-puma	3.42.0
2023	bioconductor-puma	3.44.0
2023	bioconductor-pumadata	2.36.0
2023	bioconductor-pumadata	2.38.0
2023	bioconductor-purecn	2.6.4
2023	bioconductor-purecn	2.8.1
2023	bioconductor-pvac	1.48.0
2023	bioconductor-pvac	1.50.0
2023	bioconductor-pvca	1.40.0
2023	bioconductor-pvca	1.42.0
2023	bioconductor-pviz	1.34.0
2023	bioconductor-pviz	1.36.0
2023	bioconductor-pwmenrich.dmelanogaster.background	4.34.0
2023	bioconductor-pwmenrich.dmelanogaster.background	4.36.0
2023	bioconductor-pwmenrich.hsapiens.background	4.34.0
2023	bioconductor-pwmenrich.hsapiens.background	4.36.0
2023	bioconductor-pwmenrich.mmusculus.background	4.34.0
2023	bioconductor-pwmenrich.mmusculus.background	4.36.0
2023	bioconductor-pwmenrich	4.36.0
2023	bioconductor-pwmenrich	4.38.0
2023	bioconductor-pwomics	1.32.0
2023	bioconductor-pwomics	1.34.0
2023	bioconductor-pwrewas.data	1.14.0
2023	bioconductor-pwrewas	1.14.0
2023	bioconductor-qckitfastq	1.16.0
2023	bioconductor-qckitfastq	1.18.0
2023	bioconductor-qcmetrics	1.38.0
2023	bioconductor-qcmetrics	1.40.0
2023	bioconductor-qdnaseq.hg19	1.30.0
2023	bioconductor-qdnaseq.hg19	1.32.0
2023	bioconductor-qdnaseq.mm10	1.30.0
2023	bioconductor-qdnaseq.mm10	1.32.0
2023	bioconductor-qdnaseq	1.36.0
2023	bioconductor-qdnaseq	1.38.0
2023	bioconductor-qfeatures	1.10.0
2023	bioconductor-qfeatures	1.12.0
2023	bioconductor-qmtools	1.4.0
2023	bioconductor-qmtools	1.6.0
2023	bioconductor-qpcrnorm	1.58.0
2023	bioconductor-qpcrnorm	1.60.0
2023	bioconductor-qpgraph	2.34.2
2023	bioconductor-qpgraph	2.36.0
2023	bioconductor-qplexanalyzer	1.18.0
2023	bioconductor-qplexanalyzer	1.20.0
2023	bioconductor-qplexdata	1.18.0
2023	bioconductor-qplexdata	1.20.0
2023	bioconductor-qsea	1.26.0
2023	bioconductor-qsea	1.28.0
2023	bioconductor-qsmooth	1.16.0
2023	bioconductor-qsmooth	1.18.0
2023	bioconductor-qsutils	1.18.0
2023	bioconductor-qsutils	1.20.0
2023	bioconductor-qsvar	1.4.0
2023	bioconductor-qsvar	1.6.0
2023	bioconductor-qtlexperiment	1.0.0
2023	bioconductor-qtlizer	1.14.0
2023	bioconductor-qtlizer	1.16.0
2023	bioconductor-quantiseqr	1.10.0
2023	bioconductor-quantiseqr	1.8.0
2023	bioconductor-quantro	1.34.0
2023	bioconductor-quantro	1.36.0
2023	bioconductor-quantsmooth	1.66.0
2023	bioconductor-quantsmooth	1.68.0
2023	bioconductor-quartpac	1.32.0
2023	bioconductor-quartpac	1.34.0
2023	bioconductor-quasr	1.40.1
2023	bioconductor-quasr	1.42.1
2023	bioconductor-quaternaryprod	1.34.0
2023	bioconductor-quaternaryprod	1.36.0
2023	bioconductor-qubic	1.28.0
2023	bioconductor-qubic	1.30.0
2023	bioconductor-qubicdata	1.28.0
2023	bioconductor-qubicdata	1.30.0
2023	bioconductor-qusage	2.34.0
2023	bioconductor-qusage	2.36.0
2023	bioconductor-qvalue	2.32.0
2023	bioconductor-qvalue	2.34.0
2023	bioconductor-r3cpet	1.32.0
2023	bioconductor-r3cpet	1.34.0
2023	bioconductor-r3cseq	1.46.0
2023	bioconductor-r3cseq	1.48.0
2023	bioconductor-r453plus1toolbox	1.50.0
2023	bioconductor-r453plus1toolbox	1.52.0
2023	bioconductor-r4rna	1.28.0
2023	bioconductor-r4rna	1.30.0
2023	bioconductor-radiogx	2.4.0
2023	bioconductor-radiogx	2.6.0
2023	bioconductor-raer	1.0.0
2023	bioconductor-raerdata	1.0.0
2023	bioconductor-raggedexperiment	1.24.0
2023	bioconductor-raggedexperiment	1.26.0
2023	bioconductor-raids	1.0.0
2023	bioconductor-rain	1.34.0
2023	bioconductor-rain	1.36.0
2023	bioconductor-ramr	1.10.0
2023	bioconductor-ramr	1.8.0
2023	bioconductor-ramwas	1.24.0
2023	bioconductor-ramwas	1.26.0
2023	bioconductor-randomwalkrestartmh	1.20.0
2023	bioconductor-randomwalkrestartmh	1.22.0
2023	bioconductor-randpack	1.46.0
2023	bioconductor-randpack	1.48.0
2023	bioconductor-randrotation	1.12.0
2023	bioconductor-randrotation	1.14.0
2023	bioconductor-rankprod	3.26.0
2023	bioconductor-rankprod	3.28.0
2023	bioconductor-raresim	1.4.0
2023	bioconductor-raresim	1.6.0
2023	bioconductor-rarevariantvis	2.28.0
2023	bioconductor-rarevariantvis	2.30.0
2023	bioconductor-rarr	1.0.0
2023	bioconductor-rarr	1.2.0
2023	bioconductor-rat.db0	3.17.0
2023	bioconductor-rat.db0	3.18.0
2023	bioconductor-rawrr	1.10.2
2023	bioconductor-rawrr	1.8.1
2023	bioconductor-rbcbook1	1.68.0
2023	bioconductor-rbcbook1	1.70.0
2023	bioconductor-rbec	1.10.0
2023	bioconductor-rbec	1.8.0
2023	bioconductor-rbgl	1.76.0
2023	bioconductor-rbgl	1.78.0
2023	bioconductor-rbioformats	1.0.0
2023	bioconductor-rbioformats	1.2.0
2023	bioconductor-rbioinf	1.60.0
2023	bioconductor-rbioinf	1.62.0
2023	bioconductor-rbiopaxparser	2.40.0
2023	bioconductor-rbiopaxparser	2.42.0
2023	bioconductor-rbm	1.32.0
2023	bioconductor-rbm	1.34.0
2023	bioconductor-rbowtie	1.40.0
2023	bioconductor-rbowtie	1.42.0
2023	bioconductor-rbowtie2	2.6.0
2023	bioconductor-rbowtie2	2.8.0
2023	bioconductor-rbsurv	2.58.0
2023	bioconductor-rbsurv	2.60.0
2023	bioconductor-rbwa	1.4.0
2023	bioconductor-rbwa	1.6.0
2023	bioconductor-rcas	1.26.0
2023	bioconductor-rcas	1.28.2
2023	bioconductor-rcaspar	1.46.0
2023	bioconductor-rcaspar	1.48.0
2023	bioconductor-rcellminer	2.22.0
2023	bioconductor-rcellminer	2.24.0
2023	bioconductor-rcellminerdata	2.22.0
2023	bioconductor-rcellminerdata	2.24.0
2023	bioconductor-rcgh	1.30.0
2023	bioconductor-rcgh	1.32.0
2023	bioconductor-rcistarget.hg19.motifdbs.cisbponly.500bp	1.20.0
2023	bioconductor-rcistarget.hg19.motifdbs.cisbponly.500bp	1.22.0
2023	bioconductor-rcistarget	1.20.0
2023	bioconductor-rcm	1.16.0
2023	bioconductor-rcm	1.18.0
2023	bioconductor-rcollectl	1.0.1
2023	bioconductor-rcollectl	1.2.0
2023	bioconductor-rcpi	1.36.1
2023	bioconductor-rcpi	1.38.0
2023	bioconductor-rcsl	1.8.0
2023	bioconductor-rcwl	1.16.0
2023	bioconductor-rcwl	1.18.0
2023	bioconductor-rcwlpipelines	1.16.0
2023	bioconductor-rcx	1.4.0
2023	bioconductor-rcx	1.6.0
2023	bioconductor-rcy3	2.20.0
2023	bioconductor-rcy3	2.22.1
2023	bioconductor-rcyjs	2.22.0
2023	bioconductor-rcyjs	2.24.0
2023	bioconductor-rdgidb	1.26.0
2023	bioconductor-rdgidb	1.28.0
2023	bioconductor-rdisop	1.60.0
2023	bioconductor-rdisop	1.62.0
2023	bioconductor-rdrtoolbox	1.50.0
2023	bioconductor-rdrtoolbox	1.52.0
2023	bioconductor-reactome.db	1.84.0
2023	bioconductor-reactome.db	1.86.2
2023	bioconductor-reactomecontentservice4r	1.10.0
2023	bioconductor-reactomecontentservice4r	1.8.0
2023	bioconductor-reactomegraph4r	1.10.0
2023	bioconductor-reactomegraph4r	1.8.0
2023	bioconductor-reactomegsa.data	1.14.0
2023	bioconductor-reactomegsa.data	1.16.1
2023	bioconductor-reactomegsa	1.14.0
2023	bioconductor-reactomegsa	1.16.1
2023	bioconductor-reactomepa	1.44.0
2023	bioconductor-reactomepa	1.46.0
2023	bioconductor-readqpcr	1.46.0
2023	bioconductor-readqpcr	1.48.0
2023	bioconductor-rebet	1.18.0
2023	bioconductor-rebet	1.20.0
2023	bioconductor-rebook	1.10.1
2023	bioconductor-rebook	1.12.0
2023	bioconductor-receptloss	1.12.0
2023	bioconductor-receptloss	1.14.0
2023	bioconductor-reconsi	1.12.0
2023	bioconductor-reconsi	1.14.0
2023	bioconductor-recount	1.26.0
2023	bioconductor-recount	1.28.0
2023	bioconductor-recount3	1.10.2
2023	bioconductor-recount3	1.12.0
2023	bioconductor-recountmethylation	1.10.0
2023	bioconductor-recountmethylation	1.12.0
2023	bioconductor-recoup	1.28.0
2023	bioconductor-recoup	1.30.0
2023	bioconductor-reder	2.4.1
2023	bioconductor-reder	2.6.0
2023	bioconductor-redisparam	1.2.0
2023	bioconductor-redisparam	1.4.0
2023	bioconductor-redseq	1.46.0
2023	bioconductor-redseq	1.48.0
2023	bioconductor-refplus	1.70.0
2023	bioconductor-regenrich	1.10.0
2023	bioconductor-regionalpcs	1.0.0
2023	bioconductor-regionalst	1.0.1
2023	bioconductor-regioner	1.32.0
2023	bioconductor-regioner	1.34.0
2023	bioconductor-regionereloaded	1.2.0
2023	bioconductor-regionereloaded	1.4.0
2023	bioconductor-regionreport	1.34.0
2023	bioconductor-regionreport	1.36.0
2023	bioconductor-regparallel	1.18.0
2023	bioconductor-regparallel	1.20.0
2023	bioconductor-regsplice	1.26.0
2023	bioconductor-regsplice	1.28.0
2023	bioconductor-regutools	1.12.0
2023	bioconductor-regutools	1.14.0
2023	bioconductor-remp	1.24.0
2023	bioconductor-remp	1.26.0
2023	bioconductor-repitools	1.46.0
2023	bioconductor-repitools	1.48.0
2023	bioconductor-reportingtools	2.39.0
2023	bioconductor-reportingtools	2.42.2
2023	bioconductor-repviz	1.16.0
2023	bioconductor-repviz	1.18.0
2023	bioconductor-reqon	1.46.0
2023	bioconductor-reqon	1.48.0
2023	bioconductor-residualmatrix	1.10.0
2023	bioconductor-residualmatrix	1.12.0
2023	bioconductor-resolve	1.2.0
2023	bioconductor-resolve	1.4.0
2023	bioconductor-restfulse	1.22.0
2023	bioconductor-restfulse	1.24.0
2023	bioconductor-restfulsedata	1.22.1
2023	bioconductor-restfulsedata	1.24.0
2023	bioconductor-retrofit	1.0.0
2023	bioconductor-retrofit	1.2.0
2023	bioconductor-reusedata	1.0.0
2023	bioconductor-rexposome	1.22.0
2023	bioconductor-rexposome	1.24.1
2023	bioconductor-rfarm	1.11.2
2023	bioconductor-rfarm	1.14.0
2023	bioconductor-rfastp	1.10.0
2023	bioconductor-rfastp	1.12.0
2023	bioconductor-rforproteomics	1.38.1
2023	bioconductor-rforproteomics	1.40.0
2023	bioconductor-rfpred	1.38.0
2023	bioconductor-rfpred	1.40.0
2023	bioconductor-rgadem	2.48.0
2023	bioconductor-rgadem	2.50.0
2023	bioconductor-rgenometracks	1.6.0
2023	bioconductor-rgenometracks	1.8.0
2023	bioconductor-rgmql	1.20.0
2023	bioconductor-rgmql	1.22.0
2023	bioconductor-rgmqllib	1.20.0
2023	bioconductor-rgmqllib	1.22.0
2023	bioconductor-rgntx	1.2.0
2023	bioconductor-rgntx	1.4.0
2023	bioconductor-rgoslin	1.4.0
2023	bioconductor-rgoslin	1.6.0
2023	bioconductor-rgraph2js	1.28.0
2023	bioconductor-rgraph2js	1.30.0
2023	bioconductor-rgraphviz	2.44.0
2023	bioconductor-rgraphviz	2.46.0
2023	bioconductor-rgreat	2.2.0
2023	bioconductor-rgreat	2.4.0
2023	bioconductor-rgsea	1.34.0
2023	bioconductor-rgsea	1.36.0
2023	bioconductor-rgsepd	1.32.0
2023	bioconductor-rgsepd	1.34.0
2023	bioconductor-rhdf5	2.44.0
2023	bioconductor-rhdf5	2.46.1
2023	bioconductor-rhdf5client	1.22.0
2023	bioconductor-rhdf5client	1.24.0
2023	bioconductor-rhdf5filters	1.12.1
2023	bioconductor-rhdf5filters	1.14.1
2023	bioconductor-rhdf5lib	1.22.0
2023	bioconductor-rhdf5lib	1.24.0
2023	bioconductor-rhesus.db0	3.17.0
2023	bioconductor-rhesus.db0	3.18.0
2023	bioconductor-rheumaticconditionwollbold	1.38.0
2023	bioconductor-rheumaticconditionwollbold	1.40.0
2023	bioconductor-rhisat2	1.16.0
2023	bioconductor-rhisat2	1.18.0
2023	bioconductor-rhtslib	2.2.0
2023	bioconductor-rhtslib	2.4.0
2023	bioconductor-ribocrypt	1.6.0
2023	bioconductor-ribocrypt	1.8.0
2023	bioconductor-ribodipa	1.10.0
2023	bioconductor-ribodipa	1.8.0
2023	bioconductor-riboprofiling	1.30.0
2023	bioconductor-riboprofiling	1.32.0
2023	bioconductor-ribor	1.12.0
2023	bioconductor-ribor	1.14.0
2023	bioconductor-riboseqr	1.36.0
2023	bioconductor-ribosomeprofilingqc	1.12.0
2023	bioconductor-ribosomeprofilingqc	1.14.0
2023	bioconductor-rifi	1.4.1
2023	bioconductor-rifi	1.6.0
2023	bioconductor-rificomparative	1.0.1
2023	bioconductor-rificomparative	1.2.0
2023	bioconductor-rimmport	1.28.0
2023	bioconductor-rimmport	1.30.0
2023	bioconductor-ringo	1.64.0
2023	bioconductor-ringo	1.66.0
2023	bioconductor-ripat	1.10.0
2023	bioconductor-risa	1.42.0
2023	bioconductor-risa	1.44.0
2023	bioconductor-ritan	1.24.0
2023	bioconductor-ritan	1.26.0
2023	bioconductor-ritandata	1.24.0
2023	bioconductor-ritandata	1.26.0
2023	bioconductor-river	1.24.0
2023	bioconductor-river	1.26.0
2023	bioconductor-rjmcmcnucleosomes	1.24.0
2023	bioconductor-rjmcmcnucleosomes	1.26.0
2023	bioconductor-rlassocox	1.10.0
2023	bioconductor-rlassocox	1.8.0
2023	bioconductor-rlhub	1.6.0
2023	bioconductor-rlmm	1.62.0
2023	bioconductor-rlmm	1.64.0
2023	bioconductor-rlseq	1.6.0
2023	bioconductor-rmagpie	1.56.0
2023	bioconductor-rmagpie	1.58.0
2023	bioconductor-rmassbank	3.10.0
2023	bioconductor-rmassbank	3.12.0
2023	bioconductor-rmassbankdata	1.38.0
2023	bioconductor-rmassbankdata	1.40.0
2023	bioconductor-rmelting	1.16.0
2023	bioconductor-rmelting	1.18.0
2023	bioconductor-rmmquant	1.18.0
2023	bioconductor-rmmquant	1.20.0
2023	bioconductor-rmspc	1.6.0
2023	bioconductor-rmspc	1.8.0
2023	bioconductor-rnaagecalc	1.12.0
2023	bioconductor-rnaagecalc	1.14.0
2023	bioconductor-rnadecay	1.19.0
2023	bioconductor-rnaeditr	1.10.0
2023	bioconductor-rnaeditr	1.12.0
2023	bioconductor-rnainteract	1.48.0
2023	bioconductor-rnainteract	1.50.0
2023	bioconductor-rnainteractmapk	1.38.0
2023	bioconductor-rnainteractmapk	1.40.0
2023	bioconductor-rnamodr.alkanilineseq	1.14.0
2023	bioconductor-rnamodr.alkanilineseq	1.16.0
2023	bioconductor-rnamodr.data	1.14.0
2023	bioconductor-rnamodr.data	1.16.0
2023	bioconductor-rnamodr.ml	1.14.0
2023	bioconductor-rnamodr.ml	1.16.0
2023	bioconductor-rnamodr.ribomethseq	1.14.0
2023	bioconductor-rnamodr.ribomethseq	1.16.0
2023	bioconductor-rnamodr	1.14.0
2023	bioconductor-rnamodr	1.16.0
2023	bioconductor-rnasense	1.14.0
2023	bioconductor-rnasense	1.16.0
2023	bioconductor-rnaseqcomp	1.30.0
2023	bioconductor-rnaseqcomp	1.32.0
2023	bioconductor-rnaseqcovarimpute	1.0.2
2023	bioconductor-rnaseqdata.hnrnpc.bam.chr14	0.38.0
2023	bioconductor-rnaseqdata.hnrnpc.bam.chr14	0.40.0
2023	bioconductor-rnaseqpower	1.40.0
2023	bioconductor-rnaseqpower	1.42.0
2023	bioconductor-rnaseqsamplesize	2.10.0
2023	bioconductor-rnaseqsamplesize	2.12.0
2023	bioconductor-rnaseqsamplesizedata	1.32.0
2023	bioconductor-rnaseqsamplesizedata	1.34.0
2023	bioconductor-rnbeads.hg19	1.32.0
2023	bioconductor-rnbeads.hg19	1.34.0
2023	bioconductor-rnbeads.hg38	1.32.0
2023	bioconductor-rnbeads.hg38	1.34.0
2023	bioconductor-rnbeads.mm10	2.10.0
2023	bioconductor-rnbeads.mm10	2.8.0
2023	bioconductor-rnbeads.mm9	1.32.0
2023	bioconductor-rnbeads.mm9	1.34.0
2023	bioconductor-rnbeads.rn5	1.32.0
2023	bioconductor-rnbeads.rn5	1.34.0
2023	bioconductor-rnbeads	2.18.0
2023	bioconductor-rnbeads	2.20.0
2023	bioconductor-rnits	1.34.0
2023	bioconductor-rnits	1.36.0
2023	bioconductor-roar	1.36.0
2023	bioconductor-roar	1.38.0
2023	bioconductor-roastgsa	1.0.0
2023	bioconductor-roc	1.76.0
2023	bioconductor-roc	1.78.0
2023	bioconductor-rocpai	1.12.0
2023	bioconductor-rocpai	1.14.0
2023	bioconductor-rolde	1.4.0
2023	bioconductor-rolde	1.6.0
2023	bioconductor-rols	2.28.0
2023	bioconductor-rols	2.30.0
2023	bioconductor-rontotools	2.28.0
2023	bioconductor-rontotools	2.30.0
2023	bioconductor-ropls	1.32.0
2023	bioconductor-ropls	1.34.0
2023	bioconductor-roseq	1.12.0
2023	bioconductor-roseq	1.14.0
2023	bioconductor-rots	1.28.0
2023	bioconductor-rots	1.30.0
2023	bioconductor-rpa	1.56.0
2023	bioconductor-rpa	1.58.0
2023	bioconductor-rprimer	1.4.0
2023	bioconductor-rprimer	1.6.0
2023	bioconductor-rprotobuflib	2.12.0
2023	bioconductor-rprotobuflib	2.14.0
2023	bioconductor-rpx	2.10.0
2023	bioconductor-rpx	2.8.0
2023	bioconductor-rqc	1.34.0
2023	bioconductor-rqc	1.36.0
2023	bioconductor-rqt	1.26.0
2023	bioconductor-rqt	1.28.0
2023	bioconductor-rqubic	1.46.0
2023	bioconductor-rqubic	1.48.0
2023	bioconductor-rrbsdata	1.20.0
2023	bioconductor-rrbsdata	1.22.0
2023	bioconductor-rrdp	1.34.0
2023	bioconductor-rrdp	1.36.0
2023	bioconductor-rrdpdata	1.20.0
2023	bioconductor-rrdpdata	1.22.0
2023	bioconductor-rrho	1.40.0
2023	bioconductor-rrho	1.42.0
2023	bioconductor-rrvgo	1.12.0
2023	bioconductor-rrvgo	1.14.0
2023	bioconductor-rsamtools	2.16.0
2023	bioconductor-rsamtools	2.18.0
2023	bioconductor-rsbml	2.58.0
2023	bioconductor-rsbml	2.60.0
2023	bioconductor-rscudo	1.16.0
2023	bioconductor-rscudo	1.18.0
2023	bioconductor-rsemmed	1.10.0
2023	bioconductor-rsemmed	1.12.0
2023	bioconductor-rseqan	1.20.0
2023	bioconductor-rseqan	1.22.0
2023	bioconductor-rsubread	2.14.2
2023	bioconductor-rsubread	2.16.0
2023	bioconductor-rsvsim	1.40.0
2023	bioconductor-rsvsim	1.42.0
2023	bioconductor-rsweep	1.12.0
2023	bioconductor-rsweep	1.14.0
2023	bioconductor-rtca	1.52.0
2023	bioconductor-rtca	1.54.0
2023	bioconductor-rtcga.clinical	20151101.30.0
2023	bioconductor-rtcga.clinical	20151101.32.0
2023	bioconductor-rtcga.cnv	1.28.0
2023	bioconductor-rtcga.cnv	1.30.0
2023	bioconductor-rtcga.methylation	1.28.0
2023	bioconductor-rtcga.methylation	1.30.0
2023	bioconductor-rtcga.mirnaseq	1.28.0
2023	bioconductor-rtcga.mirnaseq	1.30.0
2023	bioconductor-rtcga.mrna	1.28.0
2023	bioconductor-rtcga.mrna	1.30.0
2023	bioconductor-rtcga.mutations	20151101.30.0
2023	bioconductor-rtcga.mutations	20151101.32.0
2023	bioconductor-rtcga.pancan12	1.28.0
2023	bioconductor-rtcga.pancan12	1.30.0
2023	bioconductor-rtcga.rnaseq	20151101.30.0
2023	bioconductor-rtcga.rnaseq	20151101.32.0
2023	bioconductor-rtcga.rppa	1.28.0
2023	bioconductor-rtcga.rppa	1.30.0
2023	bioconductor-rtcga	1.30.0
2023	bioconductor-rtcga	1.32.0
2023	bioconductor-rtcgatoolbox	2.30.0
2023	bioconductor-rtcgatoolbox	2.32.1
2023	bioconductor-rtn	2.24.0
2023	bioconductor-rtn	2.26.0
2023	bioconductor-rtnduals	1.24.0
2023	bioconductor-rtnduals	1.26.0
2023	bioconductor-rtnsurvival	1.24.0
2023	bioconductor-rtnsurvival	1.26.0
2023	bioconductor-rtopper	1.46.0
2023	bioconductor-rtopper	1.48.0
2023	bioconductor-rtpca	1.10.0
2023	bioconductor-rtpca	1.12.0
2023	bioconductor-rtracklayer	1.60.0
2023	bioconductor-rtracklayer	1.62.0
2023	bioconductor-rtreemix	1.62.0
2023	bioconductor-rtreemix	1.64.0
2023	bioconductor-rtrm	1.38.0
2023	bioconductor-rtrm	1.40.0
2023	bioconductor-rtrmui	1.38.0
2023	bioconductor-rtrmui	1.40.0
2023	bioconductor-runibic	1.22.0
2023	bioconductor-runibic	1.24.0
2023	bioconductor-ruvcorr	1.32.0
2023	bioconductor-ruvcorr	1.34.0
2023	bioconductor-ruvnormalize	1.34.0
2023	bioconductor-ruvnormalize	1.36.0
2023	bioconductor-ruvnormalizedata	1.20.0
2023	bioconductor-ruvnormalizedata	1.22.0
2023	bioconductor-ruvseq	1.34.0
2023	bioconductor-ruvseq	1.36.0
2023	bioconductor-rvisdiff	1.0.0
2023	bioconductor-rvs	1.22.0
2023	bioconductor-rvs	1.24.0
2023	bioconductor-rwikipathways	1.20.0
2023	bioconductor-rwikipathways	1.22.1
2023	bioconductor-s4arrays	1.0.4
2023	bioconductor-s4arrays	1.2.0
2023	bioconductor-s4vectors	0.38.1
2023	bioconductor-s4vectors	0.40.2
2023	bioconductor-safe	3.40.0
2023	bioconductor-safe	3.42.0
2023	bioconductor-sagenhaft	1.70.0
2023	bioconductor-sagenhaft	1.72.0
2023	bioconductor-saigegds	2.0.1
2023	bioconductor-saigegds	2.2.0
2023	bioconductor-sampleclassifier	1.24.0
2023	bioconductor-sampleclassifier	1.26.0
2023	bioconductor-sampleclassifierdata	1.24.0
2023	bioconductor-sampleclassifierdata	1.26.0
2023	bioconductor-samspectral	1.54.0
2023	bioconductor-samspectral	1.56.0
2023	bioconductor-sangeranalyser	1.10.0
2023	bioconductor-sangeranalyser	1.12.0
2023	bioconductor-sangerseqr	1.36.0
2023	bioconductor-sangerseqr	1.38.0
2023	bioconductor-santa	2.36.0
2023	bioconductor-santa	2.38.0
2023	bioconductor-sarc	1.0.0
2023	bioconductor-sarks	1.12.0
2023	bioconductor-sarks	1.14.0
2023	bioconductor-saturn	1.10.0
2023	bioconductor-saturn	1.8.0
2023	bioconductor-savr	1.37.0
2023	bioconductor-sbgnview.data	1.14.0
2023	bioconductor-sbgnview.data	1.16.0
2023	bioconductor-sbgnview	1.14.0
2023	bioconductor-sbgnview	1.16.0
2023	bioconductor-sbmlr	1.96.0
2023	bioconductor-sbmlr	1.98.0
2023	bioconductor-sc3	1.28.3
2023	bioconductor-sc3	1.30.0
2023	bioconductor-scale4c	1.22.0
2023	bioconductor-scale4c	1.24.0
2023	bioconductor-scaledmatrix	1.10.0
2023	bioconductor-scaledmatrix	1.8.1
2023	bioconductor-scan.upc	2.42.0
2023	bioconductor-scan.upc	2.44.0
2023	bioconductor-scanmir	1.6.0
2023	bioconductor-scanmir	1.8.0
2023	bioconductor-scanmirapp	1.6.0
2023	bioconductor-scanmirapp	1.8.0
2023	bioconductor-scanmirdata	1.6.0
2023	bioconductor-scanmirdata	1.8.0
2023	bioconductor-scannotatr	1.6.0
2023	bioconductor-scannotatr	1.8.0
2023	bioconductor-scanvis	1.14.0
2023	bioconductor-scanvis	1.16.0
2023	bioconductor-scarray.sat	1.0.2
2023	bioconductor-scarray.sat	1.2.0
2023	bioconductor-scarray	1.10.0
2023	bioconductor-scarray	1.8.2
2023	bioconductor-scatac.explorer	1.6.0
2023	bioconductor-scatac.explorer	1.8.0
2023	bioconductor-scate	1.10.0
2023	bioconductor-scatedata	1.10.0
2023	bioconductor-scater	1.28.0
2023	bioconductor-scater	1.30.1
2023	bioconductor-scatterhatch	1.6.0
2023	bioconductor-scatterhatch	1.8.0
2023	bioconductor-scbfa	1.14.0
2023	bioconductor-scbfa	1.16.0
2023	bioconductor-scbn	1.18.0
2023	bioconductor-scbn	1.20.0
2023	bioconductor-scbubbletree	1.2.0
2023	bioconductor-scbubbletree	1.4.0
2023	bioconductor-sccb2	1.10.0
2023	bioconductor-sccb2	1.12.0
2023	bioconductor-scclassify	1.12.0
2023	bioconductor-sccomp	1.4.0
2023	bioconductor-scdataviz	1.10.0
2023	bioconductor-scdataviz	1.12.0
2023	bioconductor-scdblfinder	1.14.0
2023	bioconductor-scdblfinder	1.16.0
2023	bioconductor-scdd	1.24.0
2023	bioconductor-scdd	1.26.0
2023	bioconductor-scddboost	1.2.0
2023	bioconductor-scddboost	1.4.0
2023	bioconductor-scde	2.28.2
2023	bioconductor-scde	2.30.0
2023	bioconductor-scdesign3	1.0.0
2023	bioconductor-scds	1.16.0
2023	bioconductor-scds	1.18.0
2023	bioconductor-scfa	1.10.0
2023	bioconductor-scfa	1.12.0
2023	bioconductor-scfeaturefilter	1.20.0
2023	bioconductor-scfeaturefilter	1.22.0
2023	bioconductor-scfeatures	1.0.0
2023	bioconductor-scfeatures	1.2.0
2023	bioconductor-scgps	1.14.1
2023	bioconductor-scgps	1.16.0
2023	bioconductor-schex	1.14.0
2023	bioconductor-schex	1.16.0
2023	bioconductor-schot	1.12.0
2023	bioconductor-schot	1.14.0
2023	bioconductor-scider	1.0.0
2023	bioconductor-scifer	1.2.0
2023	bioconductor-scifer	1.4.0
2023	bioconductor-sclcbam	1.32.0
2023	bioconductor-sclcbam	1.34.0
2023	bioconductor-scmap	1.22.3
2023	bioconductor-scmap	1.24.0
2023	bioconductor-scmerge	1.16.0
2023	bioconductor-scmerge	1.18.0
2023	bioconductor-scmet	1.2.0
2023	bioconductor-scmet	1.4.0
2023	bioconductor-scmeth	1.20.0
2023	bioconductor-scmeth	1.22.0
2023	bioconductor-scmultiome	1.0.0
2023	bioconductor-scmultiome	1.2.0
2023	bioconductor-scnorm	1.22.0
2023	bioconductor-scnorm	1.24.0
2023	bioconductor-scone	1.24.0
2023	bioconductor-scone	1.26.0
2023	bioconductor-sconify	1.20.0
2023	bioconductor-sconify	1.22.0
2023	bioconductor-scope	1.12.0
2023	bioconductor-scope	1.14.0
2023	bioconductor-scoreinvhap	1.22.0
2023	bioconductor-scoreinvhap	1.24.0
2023	bioconductor-scp	1.10.1
2023	bioconductor-scp	1.12.0
2023	bioconductor-scpca	1.14.0
2023	bioconductor-scpca	1.16.0
2023	bioconductor-scpdata	1.10.0
2023	bioconductor-scpdata	1.8.0
2023	bioconductor-scpipe	2.0.0
2023	bioconductor-scpipe	2.2.0
2023	bioconductor-scran	1.28.1
2023	bioconductor-scran	1.30.0
2023	bioconductor-screclassify	1.6.0
2023	bioconductor-screclassify	1.8.0
2023	bioconductor-screcover	1.16.0
2023	bioconductor-screcover	1.18.0
2023	bioconductor-screencounter	1.0.1
2023	bioconductor-screencounter	1.2.0
2023	bioconductor-screenr	1.2.0
2023	bioconductor-screenr	1.4.0
2023	bioconductor-screpertoire	1.10.0
2023	bioconductor-screpertoire	1.12.0
2023	bioconductor-scrnaseq	2.14.0
2023	bioconductor-scrnaseq	2.16.0
2023	bioconductor-scrnaseqapp	1.0.1
2023	bioconductor-scrnaseqapp	1.2.2
2023	bioconductor-scruff	1.18.0
2023	bioconductor-scruff	1.20.0
2023	bioconductor-scry	1.12.0
2023	bioconductor-scry	1.14.0
2023	bioconductor-scshapes	1.6.0
2023	bioconductor-scshapes	1.8.0
2023	bioconductor-sctensor	2.10.0
2023	bioconductor-sctensor	2.12.0
2023	bioconductor-sctgif	1.14.0
2023	bioconductor-sctgif	1.16.0
2023	bioconductor-scthi.data	1.12.0
2023	bioconductor-scthi.data	1.14.0
2023	bioconductor-scthi	1.12.0
2023	bioconductor-scthi	1.14.0
2023	bioconductor-sctreeviz	1.6.0
2023	bioconductor-sctreeviz	1.8.0
2023	bioconductor-scuttle	1.10.1
2023	bioconductor-scuttle	1.12.0
2023	bioconductor-scvir	1.0.0
2023	bioconductor-scvir	1.2.0
2023	bioconductor-sdams	1.20.0
2023	bioconductor-sdams	1.22.0
2023	bioconductor-sechm	1.10.0
2023	bioconductor-sechm	1.8.0
2023	bioconductor-segmenter	1.6.0
2023	bioconductor-segmenter	1.8.0
2023	bioconductor-segmentseq	2.36.0
2023	bioconductor-selectksigs	1.12.0
2023	bioconductor-selectksigs	1.14.0
2023	bioconductor-selex	1.32.0
2023	bioconductor-selex	1.34.0
2023	bioconductor-semdist	1.34.0
2023	bioconductor-semdist	1.36.0
2023	bioconductor-semisup	1.24.0
2023	bioconductor-semisup	1.26.0
2023	bioconductor-sepira	1.20.0
2023	bioconductor-seq.hotspot	1.0.0
2023	bioconductor-seq.hotspot	1.2.0
2023	bioconductor-seq2pathway.data	1.32.0
2023	bioconductor-seq2pathway.data	1.34.0
2023	bioconductor-seq2pathway	1.32.0
2023	bioconductor-seq2pathway	1.34.0
2023	bioconductor-seqarchr	1.4.0
2023	bioconductor-seqarchr	1.6.0
2023	bioconductor-seqarchrplus	1.0.0
2023	bioconductor-seqarchrplus	1.2.0
2023	bioconductor-seqarray	1.40.1
2023	bioconductor-seqarray	1.42.0
2023	bioconductor-seqbias	1.48.0
2023	bioconductor-seqbias	1.50.0
2023	bioconductor-seqc	1.34.0
2023	bioconductor-seqc	1.36.0
2023	bioconductor-seqcat	1.22.0
2023	bioconductor-seqcat	1.24.0
2023	bioconductor-seqcna.annot	1.36.0
2023	bioconductor-seqcna.annot	1.38.0
2023	bioconductor-seqcna	1.46.0
2023	bioconductor-seqcna	1.48.0
2023	bioconductor-seqcombo	1.22.0
2023	bioconductor-seqcombo	1.24.0
2023	bioconductor-seqgate	1.10.0
2023	bioconductor-seqgate	1.12.0
2023	bioconductor-seqgsea	1.40.0
2023	bioconductor-seqgsea	1.42.0
2023	bioconductor-seqlogo	1.66.0
2023	bioconductor-seqlogo	1.68.0
2023	bioconductor-seqpattern	1.32.0
2023	bioconductor-seqpattern	1.34.0
2023	bioconductor-seqsetvis	1.20.0
2023	bioconductor-seqsetvis	1.22.0
2023	bioconductor-seqsqc	1.22.0
2023	bioconductor-seqsqc	1.24.0
2023	bioconductor-seqtools	1.34.0
2023	bioconductor-seqtools	1.36.0
2023	bioconductor-seqvartools	1.38.0
2023	bioconductor-seqvartools	1.40.0
2023	bioconductor-serumstimulation	1.36.0
2023	bioconductor-serumstimulation	1.38.0
2023	bioconductor-sesame	1.18.4
2023	bioconductor-sesame	1.20.0
2023	bioconductor-sesamedata	1.18.0
2023	bioconductor-sesamedata	1.20.0
2023	bioconductor-setools	1.14.0
2023	bioconductor-setools	1.16.0
2023	bioconductor-sevenbridges	1.30.0
2023	bioconductor-sevenbridges	1.32.0
2023	bioconductor-sevenc	1.20.0
2023	bioconductor-sevenc	1.22.0
2023	bioconductor-seventygenedata	1.36.1
2023	bioconductor-sfedata	1.2.0
2023	bioconductor-sfedata	1.4.0
2023	bioconductor-sgcp	1.0.0
2023	bioconductor-sgcp	1.2.0
2023	bioconductor-sgseq	1.34.0
2023	bioconductor-sgseq	1.36.0
2023	bioconductor-sharedobject	1.16.0
2023	bioconductor-shinyepico	1.10.0
2023	bioconductor-shinyepico	1.8.0
2023	bioconductor-shinymethyl	1.36.0
2023	bioconductor-shinymethyl	1.38.0
2023	bioconductor-shinymethyldata	1.20.0
2023	bioconductor-shinymethyldata	1.22.0
2023	bioconductor-shortread	1.58.0
2023	bioconductor-shortread	1.60.0
2023	bioconductor-siamcat	2.4.0
2023	bioconductor-siamcat	2.6.0
2023	bioconductor-sictools	1.30.0
2023	bioconductor-sictools	1.32.0
2023	bioconductor-sigcheck	2.32.0
2023	bioconductor-sigcheck	2.34.0
2023	bioconductor-sigfeature	1.18.0
2023	bioconductor-sigfeature	1.20.0
2023	bioconductor-sigfuge	1.38.0
2023	bioconductor-sigfuge	1.40.0
2023	bioconductor-siggenes	1.74.0
2023	bioconductor-siggenes	1.76.0
2023	bioconductor-sights	1.26.0
2023	bioconductor-sights	1.28.0
2023	bioconductor-signaturesearch	1.14.0
2023	bioconductor-signaturesearch	1.16.0
2023	bioconductor-signaturesearchdata	1.14.0
2023	bioconductor-signaturesearchdata	1.16.0
2023	bioconductor-signer	2.2.1
2023	bioconductor-signer	2.4.0
2023	bioconductor-signifinder	1.2.1
2023	bioconductor-signifinder	1.4.0
2023	bioconductor-sigspack	1.14.0
2023	bioconductor-sigspack	1.16.0
2023	bioconductor-sigsquared	1.32.0
2023	bioconductor-sigsquared	1.34.0
2023	bioconductor-sim	1.70.0
2023	bioconductor-sim	1.72.0
2023	bioconductor-simat	1.32.0
2023	bioconductor-simat	1.34.0
2023	bioconductor-simbenchdata	1.10.0
2023	bioconductor-simbenchdata	1.8.0
2023	bioconductor-simbindprofiles	1.38.0
2023	bioconductor-simbindprofiles	1.40.0
2023	bioconductor-simbu	1.2.0
2023	bioconductor-simbu	1.4.0
2023	bioconductor-simd	1.18.0
2023	bioconductor-simd	1.20.0
2023	bioconductor-simffpe	1.12.0
2023	bioconductor-simffpe	1.14.0
2023	bioconductor-similarpeak	1.32.0
2023	bioconductor-similarpeak	1.34.0
2023	bioconductor-simlr	1.26.1
2023	bioconductor-simlr	1.28.0
2023	bioconductor-simona	1.0.2
2023	bioconductor-simpintlists	1.36.0
2023	bioconductor-simpintlists	1.38.0
2023	bioconductor-simpleseg	1.2.0
2023	bioconductor-simpleseg	1.4.0
2023	bioconductor-simplifyenrichment	1.10.0
2023	bioconductor-simplifyenrichment	1.12.0
2023	bioconductor-sincell	1.32.0
2023	bioconductor-sincell	1.34.0
2023	bioconductor-single.mtec.transcriptomes	1.28.0
2023	bioconductor-single.mtec.transcriptomes	1.30.0
2023	bioconductor-single	1.4.0
2023	bioconductor-single	1.6.0
2023	bioconductor-singlecellexperiment	1.22.0
2023	bioconductor-singlecellexperiment	1.24.0
2023	bioconductor-singlecellmultimodal	1.12.2
2023	bioconductor-singlecellmultimodal	1.14.0
2023	bioconductor-singlecellsignalr	1.12.0
2023	bioconductor-singlecellsignalr	1.14.0
2023	bioconductor-singlecelltk	2.10.0
2023	bioconductor-singlecelltk	2.12.0
2023	bioconductor-singlemoleculefootprinting	1.10.0
2023	bioconductor-singlemoleculefootprinting	1.8.0
2023	bioconductor-singlemoleculefootprintingdata	1.10.0
2023	bioconductor-singlemoleculefootprintingdata	1.8.0
2023	bioconductor-singler	2.2.0
2023	bioconductor-singler	2.4.0
2023	bioconductor-singscore	1.20.0
2023	bioconductor-singscore	1.22.0
2023	bioconductor-sipsic	1.0.0
2023	bioconductor-sipsic	1.2.0
2023	bioconductor-sispa	1.30.0
2023	bioconductor-sitadela	1.10.0
2023	bioconductor-sitadela	1.8.0
2023	bioconductor-sitepath	1.16.0
2023	bioconductor-sitepath	1.18.0
2023	bioconductor-sizepower	1.70.0
2023	bioconductor-sizepower	1.72.0
2023	bioconductor-skewr	1.32.0
2023	bioconductor-skewr	1.34.0
2023	bioconductor-slalom	1.22.0
2023	bioconductor-slalom	1.24.0
2023	bioconductor-slingshot	2.10.0
2023	bioconductor-slingshot	2.8.0
2023	bioconductor-slqpcr	1.66.0
2023	bioconductor-slqpcr	1.68.0
2023	bioconductor-smad	1.16.0
2023	bioconductor-smad	1.18.0
2023	bioconductor-smap	1.64.0
2023	bioconductor-smap	1.66.0
2023	bioconductor-smite	1.28.0
2023	bioconductor-smite	1.30.0
2023	bioconductor-smokingmouse	1.0.0
2023	bioconductor-snadata	1.46.0
2023	bioconductor-snadata	1.48.0
2023	bioconductor-snagee	1.40.0
2023	bioconductor-snagee	1.42.0
2023	bioconductor-snageedata	1.36.0
2023	bioconductor-snageedata	1.38.0
2023	bioconductor-snapcgh	1.70.0
2023	bioconductor-snapcgh	1.72.0
2023	bioconductor-snapcount	1.12.0
2023	bioconductor-snapcount	1.14.0
2023	bioconductor-snifter	1.10.0
2023	bioconductor-snifter	1.12.0
2023	bioconductor-snm	1.48.0
2023	bioconductor-snm	1.50.0
2023	bioconductor-snpediar	1.26.0
2023	bioconductor-snpediar	1.28.0
2023	bioconductor-snphood	1.30.0
2023	bioconductor-snphood	1.32.0
2023	bioconductor-snphooddata	1.30.0
2023	bioconductor-snphooddata	1.32.0
2023	bioconductor-snprelate	1.34.1
2023	bioconductor-snprelate	1.36.0
2023	bioconductor-snpstats	1.50.0
2023	bioconductor-snpstats	1.52.0
2023	bioconductor-soggi	1.32.0
2023	bioconductor-soggi	1.34.0
2023	bioconductor-somascan.db	0.99.7
2023	bioconductor-somaticadata	1.38.0
2023	bioconductor-somaticadata	1.40.0
2023	bioconductor-somaticcanceralterations	1.36.0
2023	bioconductor-somaticcanceralterations	1.38.0
2023	bioconductor-somaticsignatures	2.36.0
2023	bioconductor-somaticsignatures	2.38.0
2023	bioconductor-somnibus	1.10.0
2023	bioconductor-somnibus	1.7.0
2023	bioconductor-spacepac	1.38.0
2023	bioconductor-spacepac	1.40.0
2023	bioconductor-spaniel	1.14.0
2023	bioconductor-spaniel	1.16.0
2023	bioconductor-sparrow	1.6.0
2023	bioconductor-sparrow	1.8.0
2023	bioconductor-sparsearray	1.0.10
2023	bioconductor-sparsearray	1.2.2
2023	bioconductor-sparsedossa	1.24.0
2023	bioconductor-sparsematrixstats	1.12.2
2023	bioconductor-sparsematrixstats	1.14.0
2023	bioconductor-sparsenetgls	1.18.0
2023	bioconductor-sparsenetgls	1.20.0
2023	bioconductor-sparsesignatures	2.10.0
2023	bioconductor-sparsesignatures	2.12.0
2023	bioconductor-spasim	1.2.1
2023	bioconductor-spasim	1.4.0
2023	bioconductor-spatialcpie	1.16.0
2023	bioconductor-spatialcpie	1.18.0
2023	bioconductor-spatialdatasets	1.0.0
2023	bioconductor-spatialde	1.6.0
2023	bioconductor-spatialde	1.8.0
2023	bioconductor-spatialdecon	1.10.0
2023	bioconductor-spatialdecon	1.12.0
2023	bioconductor-spatialdmelxsim	1.6.1
2023	bioconductor-spatialdmelxsim	1.8.0
2023	bioconductor-spatialexperiment	1.10.0
2023	bioconductor-spatialexperiment	1.12.0
2023	bioconductor-spatialfeatureexperiment	1.2.1
2023	bioconductor-spatialfeatureexperiment	1.4.0
2023	bioconductor-spatialheatmap	2.6.0
2023	bioconductor-spatialheatmap	2.8.0
2023	bioconductor-spatiallibd	1.12.0
2023	bioconductor-spatiallibd	1.14.1
2023	bioconductor-spatialomicsoverlay	1.0.0
2023	bioconductor-spatialomicsoverlay	1.2.1
2023	bioconductor-spatzie	1.6.0
2023	bioconductor-spatzie	1.8.0
2023	bioconductor-speckle	1.0.0
2023	bioconductor-speckle	1.2.0
2023	bioconductor-specl	1.34.0
2023	bioconductor-specl	1.36.0
2023	bioconductor-specond	1.54.0
2023	bioconductor-specond	1.56.0
2023	bioconductor-spectra	1.10.1
2023	bioconductor-spectra	1.12.0
2023	bioconductor-spectraltad	1.16.0
2023	bioconductor-spectraltad	1.18.0
2023	bioconductor-spem	1.40.0
2023	bioconductor-spem	1.42.0
2023	bioconductor-spia	2.52.0
2023	bioconductor-spia	2.54.0
2023	bioconductor-spiat	1.2.2
2023	bioconductor-spiat	1.4.1
2023	bioconductor-spicyr	1.12.0
2023	bioconductor-spicyr	1.14.2
2023	bioconductor-spidermir	1.30.0
2023	bioconductor-spidermir	1.32.0
2023	bioconductor-spikein	1.42.0
2023	bioconductor-spikein	1.44.0
2023	bioconductor-spikeinsubset	1.40.0
2023	bioconductor-spikeinsubset	1.42.0
2023	bioconductor-spikeli	2.60.0
2023	bioconductor-spikeli	2.62.0
2023	bioconductor-spiky	1.6.0
2023	bioconductor-spiky	1.8.0
2023	bioconductor-spktools	1.56.0
2023	bioconductor-spktools	1.58.0
2023	bioconductor-splatter	1.24.0
2023	bioconductor-splatter	1.26.0
2023	bioconductor-splicewiz	1.2.2
2023	bioconductor-splicewiz	1.4.0
2023	bioconductor-splicingfactory	1.10.0
2023	bioconductor-splicingfactory	1.8.0
2023	bioconductor-splicinggraphs	1.40.0
2023	bioconductor-splicinggraphs	1.42.0
2023	bioconductor-splinetimer	1.28.0
2023	bioconductor-splinetimer	1.30.0
2023	bioconductor-splinter	1.26.0
2023	bioconductor-splinter	1.28.0
2023	bioconductor-splots	1.66.0
2023	bioconductor-splots	1.68.0
2023	bioconductor-sponge	1.22.0
2023	bioconductor-spotclean	1.2.0
2023	bioconductor-spotclean	1.4.1
2023	bioconductor-spotlight	1.4.1
2023	bioconductor-spotlight	1.6.3
2023	bioconductor-spqn	1.12.0
2023	bioconductor-spqn	1.14.0
2023	bioconductor-spqndata	1.12.0
2023	bioconductor-spqndata	1.14.0
2023	bioconductor-spsimseq	1.10.0
2023	bioconductor-spsimseq	1.12.0
2023	bioconductor-sqldataframe	1.14.0
2023	bioconductor-sqldataframe	1.16.0
2023	bioconductor-squadd	1.50.0
2023	bioconductor-squadd	1.52.0
2023	bioconductor-sracipe	1.16.0
2023	bioconductor-sracipe	1.18.0
2023	bioconductor-sradb	1.62.0
2023	bioconductor-sradb	1.64.0
2023	bioconductor-srnadiff	1.22.0
2023	bioconductor-sscore	1.72.0
2023	bioconductor-sscu	2.30.0
2023	bioconductor-sscu	2.32.0
2023	bioconductor-sseq	1.38.0
2023	bioconductor-sseq	1.40.0
2023	bioconductor-ssize	1.74.0
2023	bioconductor-ssize	1.76.0
2023	bioconductor-ssnappy	1.4.1
2023	bioconductor-ssnappy	1.6.1
2023	bioconductor-sspaths	1.14.0
2023	bioconductor-sspaths	1.16.0
2023	bioconductor-ssrch	1.16.0
2023	bioconductor-ssrch	1.18.0
2023	bioconductor-ssviz	1.34.0
2023	bioconductor-ssviz	1.36.0
2023	bioconductor-stager	1.22.0
2023	bioconductor-stager	1.24.0
2023	bioconductor-standr	1.4.2
2023	bioconductor-standr	1.6.0
2023	bioconductor-starank	1.42.0
2023	bioconductor-starank	1.44.0
2023	bioconductor-starbiotrek	1.26.0
2023	bioconductor-starbiotrek	1.28.0
2023	bioconductor-stategra	1.36.0
2023	bioconductor-stategra	1.38.0
2023	bioconductor-statial	1.2.0
2023	bioconductor-statial	1.4.5
2023	bioconductor-stattarget	1.30.0
2023	bioconductor-stattarget	1.32.0
2023	bioconductor-stemhypoxia	1.36.0
2023	bioconductor-stemhypoxia	1.38.0
2023	bioconductor-stepnorm	1.72.0
2023	bioconductor-stepnorm	1.74.0
2023	bioconductor-stexampledata	1.10.0
2023	bioconductor-stexampledata	1.8.0
2023	bioconductor-stjoincount	1.2.0
2023	bioconductor-stjoincount	1.4.0
2023	bioconductor-stjudem	1.40.0
2023	bioconductor-stjudem	1.42.0
2023	bioconductor-strandcheckr	1.18.0
2023	bioconductor-strandcheckr	1.20.0
2023	bioconductor-streamer	1.46.0
2023	bioconductor-streamer	1.48.0
2023	bioconductor-stringdb	2.12.0
2023	bioconductor-stringdb	2.14.0
2023	bioconductor-stroma4	1.24.0
2023	bioconductor-struct	1.12.0
2023	bioconductor-struct	1.14.0
2023	bioconductor-structstrings	1.16.0
2023	bioconductor-structstrings	1.18.0
2023	bioconductor-structtoolbox	1.10.1
2023	bioconductor-structtoolbox	1.12.0
2023	bioconductor-structtoolbox	1.12.2
2023	bioconductor-structtoolbox	1.14.0
2023	bioconductor-structuralvariantannotation	1.16.0
2023	bioconductor-structuralvariantannotation	1.18.0
2023	bioconductor-subcellbarcode	1.16.0
2023	bioconductor-subcellbarcode	1.18.0
2023	bioconductor-subseq	1.30.0
2023	bioconductor-subseq	1.32.0
2023	bioconductor-suitor	1.2.0
2023	bioconductor-suitor	1.4.0
2023	bioconductor-summarizedbenchmark	2.18.0
2023	bioconductor-summarizedbenchmark	2.20.0
2023	bioconductor-summarizedexperiment	1.30.2
2023	bioconductor-summarizedexperiment	1.32.0
2023	bioconductor-summix	2.6.0
2023	bioconductor-summix	2.8.0
2023	bioconductor-supersigs	1.10.0
2023	bioconductor-supersigs	1.8.0
2023	bioconductor-suprahex	1.38.0
2023	bioconductor-suprahex	1.40.0
2023	bioconductor-surfaltr	1.6.0
2023	bioconductor-surfaltr	1.8.0
2023	bioconductor-survcomp	1.50.0
2023	bioconductor-survcomp	1.52.0
2023	bioconductor-survtype	1.16.0
2023	bioconductor-survtype	1.18.0
2023	bioconductor-sva	3.48.0
2023	bioconductor-sva	3.50.0
2023	bioconductor-svanumt	1.6.0
2023	bioconductor-svanumt	1.8.0
2023	bioconductor-svaretro	1.6.0
2023	bioconductor-svaretro	1.8.0
2023	bioconductor-svm2crmdata	1.32.0
2023	bioconductor-svm2crmdata	1.34.0
2023	bioconductor-svmdo	1.0.0
2023	bioconductor-svmdo	1.2.0
2023	bioconductor-swath2stats	1.30.1
2023	bioconductor-swath2stats	1.32.0
2023	bioconductor-swathxtend	2.22.0
2023	bioconductor-swathxtend	2.24.0
2023	bioconductor-swfdr	1.26.0
2023	bioconductor-swfdr	1.28.0
2023	bioconductor-switchbox	1.36.0
2023	bioconductor-switchbox	1.38.0
2023	bioconductor-switchde	1.26.0
2023	bioconductor-switchde	1.28.0
2023	bioconductor-synapsis	1.6.0
2023	bioconductor-synapsis	1.8.0
2023	bioconductor-synapter	2.24.0
2023	bioconductor-synapter	2.26.0
2023	bioconductor-synapterdata	1.38.0
2023	bioconductor-synapterdata	1.40.0
2023	bioconductor-synaptome.db	0.99.15
2023	bioconductor-synergyfinder	3.10.0
2023	bioconductor-synergyfinder	3.8.2
2023	bioconductor-synextend	1.12.0
2023	bioconductor-synextend	1.14.0
2023	bioconductor-synlet	2.0.0
2023	bioconductor-synlet	2.2.0
2023	bioconductor-synmut	1.16.0
2023	bioconductor-synmut	1.18.0
2023	bioconductor-syntenet	1.2.4
2023	bioconductor-syntenet	1.4.0
2023	bioconductor-systempiper	2.6.3
2023	bioconductor-systempiper	2.8.0
2023	bioconductor-systempiperdata	2.4.0
2023	bioconductor-systempiperdata	2.6.0
2023	bioconductor-systempipeshiny	1.10.0
2023	bioconductor-systempipeshiny	1.12.0
2023	bioconductor-systempipetools	1.10.0
2023	bioconductor-systempipetools	1.8.0
2023	bioconductor-tabulamurisdata	1.18.0
2023	bioconductor-tabulamurisdata	1.20.0
2023	bioconductor-tabulamurissenisdata	1.6.0
2023	bioconductor-tabulamurissenisdata	1.8.0
2023	bioconductor-tadar	1.0.0
2023	bioconductor-tadcompare	1.10.0
2023	bioconductor-tadcompare	1.12.0
2023	bioconductor-tanggle	1.6.0
2023	bioconductor-tanggle	1.8.0
2023	bioconductor-tapseq	1.12.0
2023	bioconductor-tapseq	1.14.1
2023	bioconductor-target	1.14.0
2023	bioconductor-target	1.16.0
2023	bioconductor-targetdecoy	1.6.0
2023	bioconductor-targetdecoy	1.8.0
2023	bioconductor-targetscore	1.38.0
2023	bioconductor-targetscore	1.40.0
2023	bioconductor-targetscoredata	1.36.0
2023	bioconductor-targetscoredata	1.38.0
2023	bioconductor-targetsearch	2.2.0
2023	bioconductor-targetsearch	2.4.1
2023	bioconductor-targetsearchdata	1.38.0
2023	bioconductor-targetsearchdata	1.40.0
2023	bioconductor-tartare	1.14.0
2023	bioconductor-tartare	1.16.0
2023	bioconductor-tbsignatureprofiler	1.12.0
2023	bioconductor-tbsignatureprofiler	1.14.0
2023	bioconductor-tbx20bamsubset	1.36.0
2023	bioconductor-tbx20bamsubset	1.38.0
2023	bioconductor-tcc	1.42.0
2023	bioconductor-tcgabiolinks	2.28.3
2023	bioconductor-tcgabiolinks	2.30.0
2023	bioconductor-tcgabiolinksgui.data	1.20.0
2023	bioconductor-tcgabiolinksgui.data	1.22.0
2023	bioconductor-tcgacrcmirna	1.20.0
2023	bioconductor-tcgacrcmirna	1.22.0
2023	bioconductor-tcgacrcmrna	1.20.0
2023	bioconductor-tcgacrcmrna	1.22.0
2023	bioconductor-tcgamethylation450k	1.36.0
2023	bioconductor-tcgamethylation450k	1.38.0
2023	bioconductor-tcgautils	1.20.2
2023	bioconductor-tcgautils	1.22.0
2023	bioconductor-tcgaworkflowdata	1.24.0
2023	bioconductor-tcgaworkflowdata	1.26.0
2023	bioconductor-tcseq	1.23.0
2023	bioconductor-tcseq	1.26.0
2023	bioconductor-tdbasedufe	1.0.0
2023	bioconductor-tdbasedufe	1.2.0
2023	bioconductor-tdbasedufeadv	1.0.0
2023	bioconductor-tdbasedufeadv	1.2.0
2023	bioconductor-tekrabber	1.4.0
2023	bioconductor-tekrabber	1.6.0
2023	bioconductor-tenxbraindata	1.20.0
2023	bioconductor-tenxbraindata	1.22.0
2023	bioconductor-tenxbusdata	1.14.0
2023	bioconductor-tenxbusdata	1.16.0
2023	bioconductor-tenxio	1.2.0
2023	bioconductor-tenxio	1.4.0
2023	bioconductor-tenxpbmcdata	1.18.0
2023	bioconductor-tenxpbmcdata	1.20.0
2023	bioconductor-tenxplore	1.22.0
2023	bioconductor-tenxplore	1.24.0
2023	bioconductor-tenxvisiumdata	1.10.0
2023	bioconductor-tenxvisiumdata	1.8.0
2023	bioconductor-teqc	4.22.0
2023	bioconductor-teqc	4.24.0
2023	bioconductor-ternarynet	1.44.0
2023	bioconductor-ternarynet	1.46.0
2023	bioconductor-terratcgadata	1.4.0
2023	bioconductor-terratcgadata	1.6.0
2023	bioconductor-tfarm	1.22.0
2023	bioconductor-tfarm	1.24.0
2023	bioconductor-tfbstools	1.38.0
2023	bioconductor-tfbstools	1.40.0
2023	bioconductor-tfea.chip	1.20.0
2023	bioconductor-tfea.chip	1.22.0
2023	bioconductor-tfhaz	1.22.0
2023	bioconductor-tfhaz	1.24.0
2023	bioconductor-tfutils	1.20.0
2023	bioconductor-tfutils	1.22.0
2023	bioconductor-tidybulk	1.12.0
2023	bioconductor-tidybulk	1.14.2
2023	bioconductor-tidysinglecellexperiment	1.10.0
2023	bioconductor-tidysinglecellexperiment	1.12.0
2023	bioconductor-tidysummarizedexperiment	1.10.0
2023	bioconductor-tidysummarizedexperiment	1.12.0
2023	bioconductor-tigre	1.54.0
2023	bioconductor-tigre	1.56.0
2023	bioconductor-tiledbarray	1.10.0
2023	bioconductor-tiledbarray	1.12.0
2023	bioconductor-tilingarray	1.78.0
2023	bioconductor-tilingarray	1.80.0
2023	bioconductor-timecourse	1.72.0
2023	bioconductor-timecourse	1.74.0
2023	bioconductor-timecoursedata	1.10.0
2023	bioconductor-timecoursedata	1.12.0
2023	bioconductor-timeomics	1.12.0
2023	bioconductor-timeomics	1.14.0
2023	bioconductor-timerquant	1.30.0
2023	bioconductor-timerquant	1.32.0
2023	bioconductor-timescape	1.24.0
2023	bioconductor-timescape	1.26.0
2023	bioconductor-timirgen	1.10.0
2023	bioconductor-timirgen	1.11.0
2023	bioconductor-tin	1.32.0
2023	bioconductor-tin	1.34.0
2023	bioconductor-tinesath1cdf	1.38.0
2023	bioconductor-tinesath1cdf	1.40.0
2023	bioconductor-tinesath1probe	1.38.0
2023	bioconductor-tinesath1probe	1.40.0
2023	bioconductor-tissueenrich	1.20.0
2023	bioconductor-tissueenrich	1.22.0
2023	bioconductor-tissuetreg	1.20.0
2023	bioconductor-tissuetreg	1.22.0
2023	bioconductor-titancna	1.38.0
2023	bioconductor-titancna	1.40.0
2023	bioconductor-tkwidgets	1.78.0
2023	bioconductor-tkwidgets	1.80.0
2023	bioconductor-tloh	1.10.0
2023	bioconductor-tloh	1.8.0
2023	bioconductor-tmexplorer	1.10.0
2023	bioconductor-tmexplorer	1.12.0
2023	bioconductor-tmixclust	1.22.0
2023	bioconductor-tmixclust	1.24.0
2023	bioconductor-tnbc.cms	1.16.0
2023	bioconductor-tnbc.cms	1.18.0
2023	bioconductor-tnt	1.22.0
2023	bioconductor-tnt	1.24.0
2023	bioconductor-toast	1.14.0
2023	bioconductor-toast	1.16.0
2023	bioconductor-tofsimsdata	1.28.0
2023	bioconductor-tofsimsdata	1.30.0
2023	bioconductor-tomoda	1.10.0
2023	bioconductor-tomoda	1.12.0
2023	bioconductor-tomoseqr	1.4.0
2023	bioconductor-tomoseqr	1.6.0
2023	bioconductor-top	1.0.0
2023	bioconductor-top	1.2.0
2023	bioconductor-topconfects	1.16.0
2023	bioconductor-topconfects	1.18.0
2023	bioconductor-topdownr	1.22.0
2023	bioconductor-topdownr	1.24.0
2023	bioconductor-topdownrdata	1.22.0
2023	bioconductor-topdownrdata	1.24.0
2023	bioconductor-topgo	2.52.0
2023	bioconductor-topgo	2.54.0
2023	bioconductor-toxicogx	2.4.0
2023	bioconductor-toxicogx	2.6.0
2023	bioconductor-tpp	3.28.0
2023	bioconductor-tpp	3.30.0
2023	bioconductor-tpp2d	1.16.0
2023	bioconductor-tpp2d	1.18.0
2023	bioconductor-tracktables	1.34.0
2023	bioconductor-tracktables	1.36.0
2023	bioconductor-trackviewer	1.36.2
2023	bioconductor-trackviewer	1.38.1
2023	bioconductor-tradeseq	1.14.0
2023	bioconductor-tradeseq	1.16.0
2023	bioconductor-trajectorygeometry	1.10.0
2023	bioconductor-trajectorygeometry	1.8.0
2023	bioconductor-trajectoryutils	1.10.0
2023	bioconductor-trajectoryutils	1.8.0
2023	bioconductor-transcriptogramer	1.22.0
2023	bioconductor-transcriptogramer	1.24.0
2023	bioconductor-transcriptr	1.28.0
2023	bioconductor-transcriptr	1.30.0
2023	bioconductor-transformgampoi	1.6.0
2023	bioconductor-transformgampoi	1.8.0
2023	bioconductor-transite	1.18.0
2023	bioconductor-transite	1.20.0
2023	bioconductor-translatome	1.38.0
2023	bioconductor-translatome	1.40.0
2023	bioconductor-transomics2cytoscape	1.10.0
2023	bioconductor-transomics2cytoscape	1.12.0
2023	bioconductor-transview	1.44.0
2023	bioconductor-transview	1.46.0
2023	bioconductor-traser	1.30.0
2023	bioconductor-traser	1.32.0
2023	bioconductor-traviz	1.6.0
2023	bioconductor-treeandleaf	1.12.0
2023	bioconductor-treeandleaf	1.14.0
2023	bioconductor-treeio	1.24.1
2023	bioconductor-treeio	1.26.0
2023	bioconductor-treekor	1.10.0
2023	bioconductor-treekor	1.8.0
2023	bioconductor-treesummarizedexperiment	2.10.0
2023	bioconductor-treesummarizedexperiment	2.8.0
2023	bioconductor-treg	1.4.0
2023	bioconductor-treg	1.6.0
2023	bioconductor-trendy	1.22.0
2023	bioconductor-trendy	1.24.1
2023	bioconductor-tress	1.6.0
2023	bioconductor-tress	1.8.0
2023	bioconductor-tricycle	1.10.0
2023	bioconductor-tricycle	1.8.0
2023	bioconductor-trigger	1.46.0
2023	bioconductor-trigger	1.48.0
2023	bioconductor-trio	3.38.0
2023	bioconductor-trio	3.40.0
2023	bioconductor-triplex	1.40.0
2023	bioconductor-triplex	1.42.0
2023	bioconductor-tripr	1.6.0
2023	bioconductor-tripr	1.8.0
2023	bioconductor-trna	1.18.0
2023	bioconductor-trna	1.20.0
2023	bioconductor-trnadbimport	1.18.0
2023	bioconductor-trnadbimport	1.20.0
2023	bioconductor-trnascanimport	1.20.0
2023	bioconductor-trnascanimport	1.22.0
2023	bioconductor-tronco	2.32.0
2023	bioconductor-tronco	2.34.0
2023	bioconductor-tsar	1.0.0
2023	bioconductor-tscan	1.38.0
2023	bioconductor-tscan	1.40.0
2023	bioconductor-tscr	1.11.0
2023	bioconductor-ttgsea	1.10.0
2023	bioconductor-ttgsea	1.8.0
2023	bioconductor-ttmap	1.22.0
2023	bioconductor-ttmap	1.24.0
2023	bioconductor-tuberculosis	1.6.0
2023	bioconductor-tuberculosis	1.8.0
2023	bioconductor-tumourmethdata	1.0.0
2023	bioconductor-turbonorm	1.48.0
2023	bioconductor-turbonorm	1.50.0
2023	bioconductor-tvtb	1.26.0
2023	bioconductor-tvtb	1.28.0
2023	bioconductor-tweedeseq	1.45.0
2023	bioconductor-tweedeseq	1.48.0
2023	bioconductor-tweedeseqcountdata	1.38.0
2023	bioconductor-twilight	1.76.0
2023	bioconductor-twilight	1.78.0
2023	bioconductor-twoddpcr	1.24.0
2023	bioconductor-twoddpcr	1.26.0
2023	bioconductor-txcutr	1.6.0
2023	bioconductor-txcutr	1.8.0
2023	bioconductor-txdb.cfamiliaris.ucsc.canfam6.refgene	3.17.0
2023	bioconductor-txdb.hsapiens.ucsc.hg38.knowngene	3.17.0
2023	bioconductor-txdb.hsapiens.ucsc.hg38.knowngene	3.18.0
2023	bioconductor-txdb.hsapiens.ucsc.hg38.refgene	3.18.0
2023	bioconductor-txdb.mmusculus.ucsc.mm39.knowngene	3.17.0
2023	bioconductor-txdb.mmusculus.ucsc.mm39.knowngene	3.18.0
2023	bioconductor-txdb.mmusculus.ucsc.mm39.refgene	3.18.0
2023	bioconductor-tximeta	1.18.0
2023	bioconductor-tximeta	1.20.1
2023	bioconductor-tximport	1.28.0
2023	bioconductor-tximport	1.30.0
2023	bioconductor-tximportdata	1.28.0
2023	bioconductor-tximportdata	1.30.0
2023	bioconductor-typeinfo	1.66.0
2023	bioconductor-typeinfo	1.68.0
2023	bioconductor-ucell	2.4.0
2023	bioconductor-ucell	2.6.2
2023	bioconductor-ularcirc	1.18.0
2023	bioconductor-ularcirc	1.20.0
2023	bioconductor-umi4cats	1.10.0
2023	bioconductor-umi4cats	1.12.0
2023	bioconductor-uncoverapplib	1.10.0
2023	bioconductor-uncoverapplib	1.12.0
2023	bioconductor-undo	1.42.0
2023	bioconductor-undo	1.44.0
2023	bioconductor-unifiedwmwqpcr	1.36.0
2023	bioconductor-unifiedwmwqpcr	1.38.0
2023	bioconductor-uniprot.ws	2.40.1
2023	bioconductor-uniprot.ws	2.42.0
2023	bioconductor-uniprotkeywords	0.99.7
2023	bioconductor-uniquorn	2.20.0
2023	bioconductor-uniquorn	2.22.0
2023	bioconductor-universalmotif	1.18.1
2023	bioconductor-universalmotif	1.20.0
2023	bioconductor-updateobject	1.4.0
2023	bioconductor-updateobject	1.6.0
2023	bioconductor-usort	1.26.0
2023	bioconductor-usort	1.28.0
2023	bioconductor-vaexprs	1.6.0
2023	bioconductor-vaexprs	1.8.0
2023	bioconductor-vanillaice	1.62.0
2023	bioconductor-vanillaice	1.64.0
2023	bioconductor-varcon	1.10.0
2023	bioconductor-varcon	1.8.0
2023	bioconductor-variancepartition	1.30.2
2023	bioconductor-variancepartition	1.32.2
2023	bioconductor-variantannotation	1.46.0
2023	bioconductor-variantannotation	1.48.1
2023	bioconductor-variantexperiment	1.14.0
2023	bioconductor-variantexperiment	1.16.0
2023	bioconductor-variantfiltering	1.36.1
2023	bioconductor-variantfiltering	1.38.0
2023	bioconductor-varianttools	1.42.0
2023	bioconductor-varianttools	1.44.0
2023	bioconductor-varianttoolsdata	1.24.0
2023	bioconductor-varianttoolsdata	1.26.0
2023	bioconductor-vasp	1.12.0
2023	bioconductor-vasp	1.14.0
2023	bioconductor-vbmp	1.68.0
2023	bioconductor-vbmp	1.70.0
2023	bioconductor-vcfarray	1.16.0
2023	bioconductor-vcfarray	1.18.0
2023	bioconductor-vdjdive	1.2.0
2023	bioconductor-vdjdive	1.4.0
2023	bioconductor-vectrapolarisdata	1.4.0
2023	bioconductor-vectrapolarisdata	1.6.0
2023	bioconductor-vegamc	3.38.0
2023	bioconductor-vegamc	3.40.0
2023	bioconductor-velociraptor	1.10.0
2023	bioconductor-velociraptor	1.12.0
2023	bioconductor-veloviz	1.6.0
2023	bioconductor-veloviz	1.8.0
2023	bioconductor-venndetail	1.16.0
2023	bioconductor-venndetail	1.18.0
2023	bioconductor-verso	1.10.0
2023	bioconductor-verso	1.12.0
2023	bioconductor-vidger	1.20.0
2023	bioconductor-vidger	1.22.0
2023	bioconductor-viper	1.34.0
2023	bioconductor-viper	1.36.0
2023	bioconductor-viseago	1.14.0
2023	bioconductor-viseago	1.16.0
2023	bioconductor-visse	1.10.0
2023	bioconductor-visse	1.8.0
2023	bioconductor-voyager	1.2.3
2023	bioconductor-voyager	1.4.0
2023	bioconductor-vplotr	1.10.0
2023	bioconductor-vplotr	1.12.1
2023	bioconductor-vsclust	1.2.0
2023	bioconductor-vsclust	1.4.0
2023	bioconductor-vsn	3.68.0
2023	bioconductor-vsn	3.70.0
2023	bioconductor-vtpnet	0.40.0
2023	bioconductor-vtpnet	0.42.0
2023	bioconductor-vulcan	1.22.0
2023	bioconductor-vulcan	1.24.0
2023	bioconductor-vulcandata	1.22.0
2023	bioconductor-vulcandata	1.24.0
2023	bioconductor-waddr	1.14.0
2023	bioconductor-waddr	1.16.0
2023	bioconductor-watermelon	2.6.0
2023	bioconductor-watermelon	2.8.0
2023	bioconductor-wavcluster	2.34.0
2023	bioconductor-wavcluster	2.36.0
2023	bioconductor-weaver	1.66.0
2023	bioconductor-weaver	1.68.0
2023	bioconductor-webbioc	1.72.0
2023	bioconductor-webbioc	1.74.0
2023	bioconductor-weberdivechalcdata	1.2.0
2023	bioconductor-weberdivechalcdata	1.4.0
2023	bioconductor-weitrix	1.12.0
2023	bioconductor-weitrix	1.14.0
2023	bioconductor-wes.1kg.wugsc	1.32.0
2023	bioconductor-wes.1kg.wugsc	1.34.0
2023	bioconductor-wgsmapp	1.12.0
2023	bioconductor-wgsmapp	1.14.0
2023	bioconductor-widgettools	1.78.0
2023	bioconductor-widgettools	1.80.0
2023	bioconductor-wiggleplotr	1.24.0
2023	bioconductor-wiggleplotr	1.26.0
2023	bioconductor-worm.db0	3.17.0
2023	bioconductor-worm.db0	3.18.0
2023	bioconductor-wpm	1.10.0
2023	bioconductor-wpm	1.12.0
2023	bioconductor-wppi	1.10.0
2023	bioconductor-wppi	1.8.0
2023	bioconductor-wrench	1.18.0
2023	bioconductor-wrench	1.20.0
2023	bioconductor-xcms	3.22.0
2023	bioconductor-xcms	4.0.0
2023	bioconductor-xcore	1.4.0
2023	bioconductor-xcore	1.6.0
2023	bioconductor-xcoredata	1.4.0
2023	bioconductor-xcoredata	1.6.0
2023	bioconductor-xde	2.46.0
2023	bioconductor-xde	2.48.0
2023	bioconductor-xenopus.db0	3.17.0
2023	bioconductor-xenopus.db0	3.18.0
2023	bioconductor-xeva	1.16.0
2023	bioconductor-xeva	1.18.0
2023	bioconductor-xhybcasneuf	1.38.0
2023	bioconductor-xhybcasneuf	1.40.0
2023	bioconductor-xina	1.18.0
2023	bioconductor-xina	1.20.0
2023	bioconductor-xmapbridge	1.58.0
2023	bioconductor-xmapbridge	1.60.0
2023	bioconductor-xnastring	1.10.0
2023	bioconductor-xnastring	1.8.0
2023	bioconductor-xvector	0.40.0
2023	bioconductor-xvector	0.42.0
2023	bioconductor-yamss	1.26.0
2023	bioconductor-yamss	1.28.0
2023	bioconductor-yapsa	1.25.0
2023	bioconductor-yapsa	1.28.0
2023	bioconductor-yarn	1.26.0
2023	bioconductor-yarn	1.28.0
2023	bioconductor-yeast.db0	3.17.0
2023	bioconductor-yeast.db0	3.18.0
2023	bioconductor-yeastcc	1.40.0
2023	bioconductor-yeastcc	1.42.0
2023	bioconductor-yeastexpdata	0.46.0
2023	bioconductor-yeastexpdata	0.48.0
2023	bioconductor-yeastgsdata	0.38.0
2023	bioconductor-yeastgsdata	0.40.0
2023	bioconductor-yeastnagalakshmi	1.36.0
2023	bioconductor-yeastnagalakshmi	1.38.0
2023	bioconductor-yeastrnaseq	0.38.0
2023	bioconductor-yeastrnaseq	0.40.0
2023	bioconductor-zebrafish.db0	3.17.0
2023	bioconductor-zebrafish.db0	3.18.0
2023	bioconductor-zebrafishrnaseq	1.20.0
2023	bioconductor-zebrafishrnaseq	1.22.0
2023	bioconductor-zellkonverter	1.10.1
2023	bioconductor-zellkonverter	1.12.1
2023	bioconductor-zenith	1.2.0
2023	bioconductor-zenith	1.4.2
2023	bioconductor-zfpkm	1.22.0
2023	bioconductor-zfpkm	1.24.0
2023	bioconductor-zinbwave	1.22.0
2023	bioconductor-zinbwave	1.24.0
2023	bioconductor-zlibbioc	1.46.0
2023	bioconductor-zlibbioc	1.48.0
2023	bioconductor-zygositypredictor	1.0.3
2023	bioconductor-zygositypredictor	1.2.0
2023	bioconvert	0.6.3
2023	bioconvert	1.0.0.post0
2023	bioconvert	1.1.0
2023	bioconvert	1.1.1
2023	bioframe	0.4.0
2023	bioframe	0.4.1
2023	bioframe	0.5.0
2023	bioframe	0.5.1
2023	bioinfokit	2.1.1
2023	bioinfokit	2.1.2
2023	bioinfokit	2.1.3
2023	bionumpy	0.2.12
2023	bionumpy	0.2.13
2023	bionumpy	0.2.15
2023	bionumpy	0.2.16
2023	bionumpy	0.2.17
2023	bionumpy	0.2.18
2023	bionumpy	0.2.19
2023	bionumpy	0.2.20
2023	bionumpy	0.2.22
2023	bionumpy	0.2.23
2023	bionumpy	0.2.24
2023	bionumpy	0.2.25
2023	bionumpy	0.2.26
2023	bionumpy	0.2.27
2023	bionumpy	0.2.29
2023	bionumpy	0.2.31
2023	bionumpy	1.0.0
2023	bionumpy	1.0.1
2023	biophi	1.0.7
2023	biophi	1.0.8
2023	biophi	1.0.9
2023	biotransformer	3.0.20230403
2023	biscuit	1.2.0.20230130
2023	biscuit	1.2.1.20230601
2023	biscuit	1.3.0.20231027
2023	bismark	0.24.1
2023	bismark	0.24.2
2023	blast	2.14.0
2023	blast	2.14.1
2023	blast	2.15.0
2023	blastbesties	1.1.2
2023	blockclust	1.1.1
2023	blosum	2.0.1
2023	blosum	2.0.2
2023	bohra	1.2.20
2023	bohra	2.2.0
2023	bohra	2.2.1
2023	bohra	2.3.0
2023	bohra	2.3.2
2023	bohra	2.3.3
2023	bohra	2.3.4
2023	bohra	2.3.6
2023	boms	1.0.5
2023	boquila	0.6.1
2023	bowtie2	2.5.1
2023	bowtie2	2.5.2
2023	bracken	2.9
2023	braker3	3.0.3
2023	braker3	3.0.6
2023	brawn	1.0.1
2023	breseq	0.38.1
2023	brooklyn_plot	0.0.3
2023	brooklyn_plot	0.0.4
2023	bte	0.8.4
2023	bte	0.9.0
2023	btllib	1.5.0
2023	btllib	1.5.1
2023	btllib	1.6.0
2023	btllib	1.6.1
2023	btllib	1.6.2
2023	btllib	1.7.0
2023	btyper3	3.4.0
2023	busco	5.4.5
2023	busco	5.4.6
2023	busco	5.4.7
2023	busco	5.5.0
2023	buscolite	23.10.26
2023	bustools	0.43.0
2023	bustools	0.43.1
2023	bwa-meme	1.0.6
2023	bwameth	0.2.6
2023	bwameth	0.2.7
2023	bwread	0.0.5
2023	bx-python	0.10.0
2023	cadd-scripts	1.6.post1
2023	cafe	5.1.0
2023	cagee	1.0
2023	calisp	3.0.10
2023	calisp	3.0.11
2023	calisp	3.0.12
2023	calisp	3.0.13
2023	callingcardstools	1.0.0
2023	callingcardstools	1.1.0
2023	callingcardstools	1.2.0
2023	callingcardstools	1.3.0
2023	callingcardstools	1.4.0
2023	callingcardstools	1.4.1
2023	cami-amber	2.0.4
2023	cami-opal	1.0.12
2023	campyagainst	0.1.0
2023	capcruncher	0.3.10
2023	capcruncher	0.3.4
2023	capcruncher	0.3.5
2023	capcruncher	0.3.6
2023	capcruncher	0.3.7
2023	capcruncher	0.3.8
2023	capcruncher	0.3.9
2023	captus	0.9.91
2023	captus	0.9.92
2023	captus	0.9.93
2023	captus	0.9.95
2023	captus	0.9.96
2023	captus	0.9.97
2023	captus	0.9.98
2023	captus	0.9.99
2023	captus	1.0.0
2023	cascade-config	0.4.0
2023	cat	5.3
2023	catch	1.5.2
2023	catfasta2phyml	1.2.0
2023	cazy_webscraper	2.2.6
2023	cazy_webscraper	2.2.7
2023	cazy_webscraper	2.2.8
2023	cazy_webscraper	2.3.0
2023	cblaster	1.3.17
2023	cblaster	1.3.18
2023	ccmetagen	1.4.1
2023	ccmetagen	1.4.2
2023	ccphylo	0.8.1
2023	ccphylo	0.8.2
2023	ccsmeth	0.3.4
2023	ccsmeth	0.4.0
2023	ccsmeth	0.4.1
2023	cctk	1.0
2023	cctk	1.0.1
2023	cctk	1.0.2
2023	cdhit-reader	0.2.0
2023	cellbender	0.3.0
2023	cellprofiler-core	4.2.6
2023	cellprofiler	4.2.6
2023	cellqc	0.0.6
2023	cellsnake	0.2.0
2023	cellsnake	0.2.0.11
2023	cellsnake	0.2.0.dev9
2023	cellsnp-lite	1.2.3
2023	celltypist	1.5.0
2023	celltypist	1.5.2
2023	celltypist	1.5.3
2023	celltypist	1.6.0
2023	celltypist	1.6.1
2023	celltypist	1.6.2
2023	cellxgene	1.1.2
2023	cellxgene	1.2.0
2023	centrifuger	1.0.0
2023	centrosome	1.2.2
2023	cgatcore	0.6.15
2023	cgranges	0.1.1
2023	checkatlas	0.4.2
2023	checkm2	1.0.1
2023	checkqc	3.8.0
2023	checkqc	3.8.1
2023	checkqc	3.8.2
2023	cherri	0.8
2023	chewbbaca	3.1.0
2023	chewbbaca	3.1.1
2023	chewbbaca	3.1.2
2023	chewbbaca	3.2.0
2023	chewbbaca	3.3.0
2023	chewbbaca	3.3.1
2023	chopper	0.2.0
2023	chopper	0.3.0
2023	chopper	0.4.0
2023	chopper	0.5.0
2023	chopper	0.6.0
2023	chopper	0.7.0
2023	chromap	0.2.4
2023	chromap	0.2.5
2023	chromhmm	1.24
2023	chromhmm	1.25
2023	chromograph	1.3.1
2023	chronumental	0.0.61
2023	chronumental	0.0.63
2023	cialign	1.1.0
2023	circle-map-cpp	0.5.0
2023	circos	0.69.9
2023	circtools	1.2.2
2023	circtools	1.3.0
2023	circtools	1.3.1
2023	civicpy	3.0.0
2023	cladeomatic	0.1.1
2023	clair3-illumina	1.0.0
2023	clair3-illumina	1.0.1
2023	clair3-illumina	1.0.2
2023	clair3-illumina	1.0.3
2023	clair3-illumina	1.0.4
2023	clair3-illumina	1.0.5
2023	clair3-trio	0.5
2023	clair3-trio	0.6
2023	clair3-trio	0.7
2023	clair3	1.0.0
2023	clair3	1.0.1
2023	clair3	1.0.2
2023	clair3	1.0.3
2023	clair3	1.0.4
2023	clair3	1.0.5
2023	clinker-py	0.0.27
2023	clinker-py	0.0.28
2023	clinker	1.33
2023	clinvar-this	0.10.0
2023	clinvar-this	0.10.2
2023	clinvar-this	0.11.0
2023	clinvar-this	0.12.0
2023	clinvar-this	0.13.1
2023	clinvar-this	0.14.0
2023	clinvar-this	0.14.1
2023	clinvar-this	0.14.2
2023	clinvar-this	0.14.3
2023	clinvar-this	0.14.5
2023	clinvar-this	0.14.6
2023	clinvar-this	0.2.0
2023	clinvar-this	0.2.1
2023	clinvar-this	0.3.0
2023	clinvar-this	0.4.1
2023	clinvar-this	0.6.0
2023	clinvar-this	0.7.0
2023	clinvar-tsv	0.5.0
2023	clinvar-tsv	0.6.0
2023	clinvar-tsv	0.6.2
2023	clinvar-tsv	0.6.3
2023	clipkit	1.4.1
2023	clipkit	2.0.1
2023	clipkit	2.1.0
2023	clipkit	2.1.1
2023	clust	1.18.0
2023	cmat	3.1.0
2023	cmsearch_tblout_deoverlap	0.09
2023	cnvkit	0.9.10
2023	cnvpytor	1.3.1
2023	cobra-meta	1.2.2
2023	cobs	0.3.0
2023	cogent3	2023.12.15a1
2023	cogent3	2023.7.18a1
2023	cogent3	2023.9.22a1
2023	coinfinder	1.2.1
2023	cojac	0.9
2023	cojac	0.9.1
2023	colabfold	1.5.3
2023	colabfold	1.5.5
2023	comebin	1.0.2
2023	comebin	1.0.3
2023	comet-ms	2023010
2023	compleasm	0.2.2
2023	compleasm	0.2.4
2023	condiga	0.2.0
2023	condiga	0.2.1
2023	confindr	0.8.1
2023	conifer	1.0.2
2023	conipher	2.1.0
2023	constax	2.0.19
2023	constax	2.0.20
2023	constellations	0.1.12
2023	contignet	1.0.1.post3
2023	control-freec	11.6b
2023	cooler	0.9.0
2023	cooler	0.9.1
2023	cooler	0.9.2
2023	cooler	0.9.3
2023	coolpuppy	1.1.0
2023	cooltools	0.5.3
2023	cooltools	0.5.4
2023	cooltools	0.6.0
2023	cooltools	0.6.1
2023	core-snp-filter	0.1.1
2023	corgi	0.4.0
2023	cospar	0.3.3
2023	cpc2	1.0.1
2023	cptac	1.5.0
2023	cptac	1.5.1
2023	cptac	1.5.10
2023	cptac	1.5.3
2023	cptac	1.5.4
2023	cptac	1.5.5
2023	cptac	1.5.7
2023	cptac	1.5.8
2023	cramino	0.10.0
2023	cramino	0.11.0
2023	cramino	0.11.1
2023	cramino	0.13.0
2023	cramino	0.13.1
2023	cramino	0.9.7
2023	cramino	0.9.9
2023	craq	1.0.9
2023	crimson	1.1.1
2023	crispector2	2.0.4
2023	crispector2	2.0.6
2023	crispresso2	2.2.12
2023	crispresso2	2.2.13
2023	crispresso2	2.2.14
2023	crisprlungo	0.1.14
2023	crisprme	2.1.0
2023	crisprme	2.1.1
2023	cromshell	2.0.0
2023	cromshell	2.1.0
2023	cromshell	2.1.1
2023	crumble	0.9.1
2023	crussmap	1.0.0
2023	cstag-cli	0.1.0
2023	cstag-cli	0.1.1
2023	cstag-cli	1.0.0
2023	cstag	0.4.1
2023	cstag	0.4.3
2023	cstag	0.5.0
2023	cstag	0.5.1
2023	cstag	0.6.1
2023	cstag	0.6.2
2023	cstag	1.0.0
2023	cstag	1.0.1
2023	cstag	1.0.3
2023	cstag	1.0.4
2023	cstag	1.0.5
2023	csvtk	0.26.0
2023	csvtk	0.27.0
2023	csvtk	0.27.1
2023	csvtk	0.27.2
2023	csvtk	0.28.0
2023	csvtk	0.29.0
2023	cthreepo	0.1.3
2023	curare	0.5.0
2023	curare	0.5.1
2023	customtkinter	5.2.0
2023	customtkinter	5.2.1
2023	cutadapt	4.3
2023	cutadapt	4.4
2023	cutadapt	4.5
2023	cutadapt	4.6
2023	cutesv	2.0.3
2023	cutesv	2.1.0
2023	cuttlefish	2.2.0
2023	cycle_finder	1.0.0
2023	cytoscape	3.10.1
2023	cytosnake	0.0.2
2023	cyvcf2	0.30.22
2023	cyvcf2	0.30.25
2023	dadaist2-full	2.0
2023	dadaist2	1.3.0
2023	dajin2	0.3.1
2023	dajin2	0.3.2
2023	dajin2	0.3.3
2023	dajin2	0.3.4
2023	dajin2	0.3.5
2023	daligner	1.0.20230620
2023	dastk	1.0.1
2023	dbcan	4.0.0
2023	dbcanlight	1.0.0
2023	dbcanlight	1.0.1
2023	dbcanlight	1.0.2
2023	decifer	2.1.4
2023	decom	0.0.32
2023	decoupler	1.4.0
2023	decoupler	1.5.0
2023	deeparg	1.0.3
2023	deeparg	1.0.4
2023	deepbgc	0.1.31
2023	deepdirect	0.2.4
2023	deepdirect	0.2.5
2023	deepfplearn	1.2
2023	deepfplearn	2.0
2023	deeplc	2.1.8
2023	deeplc	2.1.9
2023	deeplc	2.2.0
2023	deeplc	2.2.1
2023	deeplc	2.2.12
2023	deeplc	2.2.14
2023	deeplc	2.2.18
2023	deeplc	2.2.2
2023	deeplc	2.2.20
2023	deeplc	2.2.22
2023	deeplc	2.2.26
2023	deeplc	2.2.3
2023	deeplc	2.2.4
2023	deeplc	2.2.5
2023	deeplc	2.2.6
2023	deeplc	2.2.7
2023	deeplc	2.2.9
2023	deeplcretrainer	0.1.17
2023	deeplcretrainer	0.1.19
2023	deeplcretrainer	0.1.21
2023	deeplcretrainer	0.1.22
2023	deeplcretrainer	0.2.1
2023	deeplcretrainer	0.2.8
2023	deepmicro	1.2
2023	deepmicro	1.3
2023	deepmicro	1.4
2023	deeptools	3.5.2
2023	deeptools	3.5.3
2023	deeptools	3.5.4
2023	deepvariant	1.5.0
2023	defense-finder	1.0.9
2023	defense-finder	1.1.1
2023	defense-finder	1.2.0
2023	degenotate	1.1.0
2023	degenotate	1.1.1
2023	degenotate	1.1.2
2023	degenotate	1.1.3
2023	degenotate	1.2.0
2023	degenotate	1.2.1
2023	degenotate	1.2.2
2023	degenotate	1.2.3
2023	degenotate	1.2.4
2023	delly	1.1.7
2023	delly	1.1.8
2023	delly	1.2.6
2023	deltamsi	1.0.1
2023	demultiplex	1.2.2
2023	demultiplexer	1.1.2
2023	demultiplexer	1.2.1
2023	dendropy	4.6.0
2023	dendropy	4.6.1
2023	derna	1.0.2
2023	dfam	3.7
2023	dfast	1.2.19
2023	dfast	1.2.20
2023	dfast_qc	0.5.1
2023	dfast_qc	0.5.5
2023	dfast_qc	0.5.6
2023	dfast_qc	0.5.7
2023	dgenies	1.5.0
2023	diamond	2.1.2
2023	diamond	2.1.3
2023	diamond	2.1.4
2023	diamond	2.1.6
2023	diamond	2.1.7
2023	diamond	2.1.8
2023	diapysef	1.0.10
2023	diapysef	1.0.8
2023	dicey	0.2.6
2023	dicey	0.2.8
2023	digestiflow-demux	0.5.3
2023	dimet	0.1.0
2023	dimet	0.1.1
2023	dimet	0.1.3
2023	dimet	0.1.4
2023	dinf	0.4.0
2023	dinf	0.5.0
2023	dmbiolib	0.3.10
2023	dmbiolib	0.3.7
2023	dmbiolib	0.3.8
2023	dmbiolib	0.3.9
2023	dmbiolib	0.4.0
2023	dmbiolib	0.4.1
2023	dmbiolib	0.4.2
2023	dmbiolib	0.4.3
2023	dna_features_viewer	3.1.3
2023	dnaapler	0.1.0
2023	dnaapler	0.2.0
2023	dnaapler	0.3.0
2023	dnaapler	0.3.1
2023	dnaapler	0.3.2
2023	dnaapler	0.4.0
2023	dnaapler	0.5.0
2023	dnacauldron	2.0.8
2023	dnacauldron	2.0.9
2023	dnachisel	3.2.11
2023	dnaio	1.0.0
2023	dnaio	1.0.1
2023	dnaio	1.1.0
2023	dnaio	1.2.0
2023	dnamarkmaker	1.0
2023	dnarrange	1.6.0
2023	dnarrange	1.6.1
2023	dnmtools	1.3.0
2023	dnmtools	1.4.2
2023	dnoise	1.4.0
2023	dodge	0.1.0
2023	domino	1.0.0
2023	dr-disco	0.18.3
2023	dragonflye	1.1.0
2023	dragonflye	1.1.1
2023	dragonflye	1.1.2
2023	dram	1.4.5
2023	dram	1.4.6
2023	drep	3.4.1
2023	drep	3.4.2
2023	drep	3.4.3
2023	drep	3.4.4
2023	drep	3.4.5
2023	drop	1.3.0
2023	drop	1.3.1
2023	drop	1.3.2
2023	drop	1.3.3
2023	drprg	0.1.1
2023	drtransformer	1.0
2023	dsh-bio	2.2
2023	dsh-bio	2.2.1
2023	dsh-bio	2.2.2
2023	dsh-bio	2.3
2023	duet	1.0
2023	dupsifter	1.2.0.20230926
2023	dwgsim	1.1.14
2023	dxpy	0.342.1
2023	dxpy	0.343.0
2023	dxpy	0.344.0
2023	dxpy	0.345.0
2023	dxpy	0.346.0
2023	dxpy	0.347.0
2023	dxpy	0.349.1
2023	dxpy	0.350.1
2023	dxpy	0.352.1
2023	dxpy	0.353.1
2023	dxpy	0.354.0
2023	dxpy	0.355.0
2023	dxpy	0.356.0
2023	dxpy	0.357.0
2023	dxpy	0.358.0
2023	dxpy	0.359.0
2023	dxpy	0.359.1
2023	dxpy	0.361.0
2023	dxpy	0.362.0
2023	dxpy	0.363.0
2023	dxpy	0.364.0
2023	dxpy	0.365.0
2023	dxpy	0.366.0
2023	dxpy	0.367.0
2023	dysgu	1.3.16
2023	dysgu	1.4.0
2023	dysgu	1.4.2
2023	dysgu	1.5.0
2023	dysgu	1.6.0
2023	dysgu	1.6.1
2023	dysgu	1.6.2
2023	earlgrey	3.1
2023	earlgrey	3.2
2023	earlgrey	3.2.1
2023	earlgrey	3.2.2
2023	earlgrey	4.0
2023	earlgrey	4.0.1
2023	earlgrey	4.0.2
2023	earlgrey	4.0.3
2023	easel	0.49
2023	easypqp	0.1.36
2023	easypqp	0.1.37
2023	easypqp	0.1.39
2023	easypqp	0.1.40
2023	easypqp	0.1.41
2023	easypqp	0.1.42
2023	efishent	0.0.3
2023	efishent	0.0.4
2023	efishent	0.0.5
2023	egglib	3.3.0
2023	eggnog-mapper	2.1.10
2023	eggnog-mapper	2.1.11
2023	eggnog-mapper	2.1.12
2023	eklipse	1.8
2023	el_gato	1.14.4
2023	el_gato	1.15.0
2023	el_gato	1.15.2
2023	elastic-blast	1.1.0
2023	elastic-blast	1.2.0
2023	ema	0.7.0
2023	emblmygff3	2.3
2023	emerald	1.0.1
2023	emerald	1.1.0
2023	emerald	1.2.1
2023	emu	3.4.5
2023	emvc-2	1.0
2023	ena-upload-cli	0.6.2
2023	ena-upload-cli	0.6.3
2023	ena-upload-cli	0.7.0
2023	ena-webin-cli	6.5.1
2023	ena-webin-cli	6.6.0
2023	ena-webin-cli	6.7.0
2023	ena-webin-cli	6.7.1
2023	ena-webin-cli	6.7.2
2023	encyclopedia	2.12.30
2023	endorspy	1.0
2023	endorspy	1.1
2023	endorspy	1.2
2023	endorspy	1.3
2023	ensembl-vep	109.3
2023	ensembl-vep	110.0
2023	ensembl-vep	110.1
2023	ephemeris	0.10.8
2023	episcanpy	0.4.0
2023	epiweeks	2.2.0
2023	epiweeks	2.3.0
2023	epytope	3.3.1
2023	espresso	1.3.1
2023	espresso	1.3.2
2023	espresso	1.4.0
2023	est-sfs	2.04
2023	esviritu	0.2.2
2023	esviritu	0.2.3
2023	eternafold	1.3.1
2023	eukulele	2.0.5
2023	eukulele	2.0.6
2023	eukulele	2.0.7
2023	evidencemodeler	2.1.0
2023	evofr	0.1.16
2023	evofr	0.1.17
2023	evofr	0.1.18
2023	evofr	0.1.19
2023	evofr	0.1.20
2023	evofr	0.1.21
2023	exomiser-rest-prioritiser	13.2.0
2023	exomiser-rest-prioritiser	13.2.1
2023	exomiser-rest-prioritiser	13.3.0
2023	expam	1.2.2
2023	expam	1.2.2.1
2023	expam	1.2.2.3
2023	expam	1.2.2.4
2023	expansionhunter	5.0.0
2023	ezomero	2.1.0
2023	f5c	1.2
2023	f5c	1.3
2023	fairease-source	1.4.1
2023	fairease-source	1.4.4
2023	fasta3	36.3.8i
2023	fastagap	1.0
2023	fastagap	1.0.1
2023	fastani	1.34
2023	fasten	0.5.0
2023	fasten	0.6
2023	fasten	0.7.0
2023	fasten	0.7.2
2023	fastk	1.0.0
2023	fastlin	0.1.0
2023	fastlin	0.2.0
2023	fastlin	0.2.1
2023	fastlin	0.2.2.1
2023	fastmlst	0.0.16
2023	fastobo	0.12.3
2023	fastools	1.1.5
2023	fastp	0.23.3
2023	fastp	0.23.4
2023	fastq-dl	1.2.0
2023	fastq-dl	2.0.0
2023	fastq-dl	2.0.1
2023	fastq-dl	2.0.2
2023	fastq-dl	2.0.3
2023	fastq-dl	2.0.4
2023	fastq-screen	0.15.3
2023	fastq	2.0.2
2023	fastq_utils	0.25.2
2023	fastqc	0.12.1
2023	fastqe	0.3.1
2023	fastquast	1.0.2
2023	fastv	0.10.0
2023	fba	0.0.13
2023	fcsparser	0.2.6
2023	fcsparser	0.2.7
2023	fcsparser	0.2.8
2023	ffgc	2.4.1
2023	ffgc	2.4.2
2023	fgbio-minimal	2.1.0
2023	fgbio-minimal	2.2.0
2023	fgbio	2.1.0
2023	fgbio	2.2.0
2023	fgpyo	0.0.5
2023	fgpyo	0.0.6
2023	fgpyo	0.0.7
2023	fgpyo	0.0.8
2023	fgpyo	0.1.0
2023	fgpyo	0.1.2
2023	fgsv	0.0.2
2023	fgsv	0.1.0
2023	fgsv	0.1.1
2023	fibertools-rs	0.1.0
2023	fibertools-rs	0.1.1
2023	fibertools-rs	0.1.2
2023	fibertools-rs	0.1.3
2023	fibertools-rs	0.1.4
2023	fibertools-rs	0.2.0
2023	fibertools-rs	0.2.1
2023	fibertools-rs	0.2.2
2023	fibertools-rs	0.2.3
2023	fibertools-rs	0.2.4
2023	fibertools-rs	0.2.5
2023	fibertools-rs	0.2.6
2023	fibertools-rs	0.3.0
2023	fibertools-rs	0.3.1
2023	fibertools-rs	0.3.2
2023	fiji-max_inscribed_circles	2.0.0
2023	fiji-max_inscribed_circles	2.1.0
2023	fiji-morpholibj	1.6.1
2023	fiji-omero_ij	5.8.0
2023	fiji-omero_ij	5.8.3
2023	fiji-simple_omero_client	5.12.2
2023	fiji-simple_omero_client	5.15.0
2023	fiji-simple_omero_client	5.16.0
2023	fiji	20231211
2023	finemap	1.4.1
2023	finestructure	4.1.1
2023	firecloud	0.16.35
2023	fit_nbinom	1.2
2023	flair	2.0.0
2023	flams	0.0.6
2023	flams	0.0.8
2023	flams	1.0.1
2023	flams	1.1.0
2023	flams	1.1.2
2023	flams	1.1.3
2023	flashlfq	1.2.5
2023	flashlfq	1.2.6
2023	flexiplex	0.97
2023	flexiplex	0.97.1
2023	flexserv	1.0.2
2023	flextaxd	0.4.4
2023	flight-genome	1.6.0
2023	flight-genome	1.6.1
2023	flight-genome	1.6.2
2023	flopp	0.2.0
2023	flye	2.9.2
2023	flye	2.9.3
2023	foldcomp	0.0.2
2023	foldcomp	0.0.3
2023	foldcomp	0.0.4
2023	foldcomp	0.0.5
2023	foldcomp	0.0.6
2023	foldseek	5.53465f0
2023	foldseek	6.29e2557
2023	foldseek	7.04e0ec8
2023	foldseek	8.ef4e960
2023	forgi	2.2.2
2023	fq	0.10.0
2023	fq	0.11.0
2023	fqgrep	1.0.2
2023	fqgrep	1.0.3
2023	fqtk	0.1.0
2023	fqtk	0.2.0
2023	fqtk	0.2.1
2023	fqtk	0.2.2
2023	fqtk	0.3.0
2023	freebayes	1.3.7
2023	freyja	1.3.12
2023	freyja	1.4.1
2023	freyja	1.4.2
2023	freyja	1.4.3
2023	freyja	1.4.4
2023	freyja	1.4.5
2023	freyja	1.4.6
2023	freyja	1.4.7
2023	freyja	1.4.8
2023	frogs	4.1.0
2023	fuc	0.37.0
2023	funannotate	1.8.15
2023	fununifrac	0.0.1
2023	fusion-inspector	2.8.0
2023	fwdpy11	0.19.10
2023	fwdpy11	0.19.2
2023	fwdpy11	0.19.3
2023	fwdpy11	0.19.6
2023	fwdpy11	0.19.7
2023	fwdpy11	0.19.9
2023	fwdpy11	0.20.0
2023	fwdpy11	0.20.1
2023	fwdpy11	0.21.0
2023	gadma	2.0.0
2023	gadma	2.0.0rc23
2023	gadma	2.0.0rc25
2023	gadma	2.0.0rc26
2023	galaxy-files	23.0.4
2023	galaxy-files	23.0.5
2023	galaxy-files	23.0.6
2023	galaxy-files	23.1.1
2023	galaxy-files	23.1.2
2023	galaxy-files	23.1.3
2023	galaxy-ie-helpers	0.2.7
2023	galaxy-objectstore	23.0.2
2023	galaxy-objectstore	23.0.4
2023	galaxy-objectstore	23.0.5
2023	galaxy-objectstore	23.0.6
2023	galaxy-objectstore	23.1.1
2023	galaxy-objectstore	23.1.2
2023	galaxy-objectstore	23.1.3
2023	galaxy-upload	1.0.1
2023	galaxyxml	0.5.3
2023	ganon	1.4.0
2023	ganon	1.5.0
2023	ganon	1.5.1
2023	ganon	1.6.0
2023	ganon	1.7.0
2023	ganon	1.8.0
2023	ganon	1.9.0
2023	ganon	2.0.0
2023	gap2seq	3.1.1a
2023	gapmm2	0.2.0
2023	gapmm2	23.11.3
2023	gappa	0.8.4
2023	gatk4-spark	4.4.0.0
2023	gatk4	4.4.0.0
2023	gcluster	2.06
2023	gcta	1.94.1
2023	gdmicro	1.0.10
2023	gdmicro	1.0.5
2023	gdmicro	1.0.6
2023	gdmicro	1.0.9
2023	gecco	0.9.6
2023	gecco	0.9.8
2023	gencove	2.4.3
2023	gencove	2.4.5
2023	gencove	2.4.6
2023	gencove	2.4.7
2023	gencove	2.5.0
2023	gencove	2.5.1
2023	gencove	2.5.2
2023	gencove	2.6.0
2023	gencove	2.7.0
2023	gencove	2.7.1
2023	gencove	2.7.2
2023	gencove	2.7.3
2023	gencove	2.8.0
2023	gencove	2.8.1
2023	genericrepeatfinder	1.0.1
2023	genericrepeatfinder	1.0.2
2023	genewalk	1.6.1
2023	genion	1.2.1
2023	genion	1.2.2
2023	genion	1.2.3
2023	genmod	3.8.0
2023	genmod	3.8.1
2023	geno2phenotb	1.0.0
2023	geno2phenotb	1.0.1
2023	genoboo	0.4.0
2023	genoboo	0.4.1
2023	genoboo	0.4.10
2023	genoboo	0.4.11
2023	genoboo	0.4.12
2023	genoboo	0.4.2
2023	genoboo	0.4.3
2023	genoboo	0.4.4
2023	genoboo	0.4.5
2023	genoboo	0.4.7
2023	genoboo	0.4.8
2023	genoboo	0.4.9
2023	genoflu	1.0
2023	genoflu	1.01
2023	genoflu	1.02
2023	genomad	1.3.3
2023	genomad	1.4.0
2023	genomad	1.5.0
2023	genomad	1.5.1
2023	genomad	1.5.2
2023	genomad	1.6.1
2023	genomad	1.7.0
2023	genomad	1.7.1
2023	genomad	1.7.2
2023	genomad	1.7.3
2023	genomad	1.7.4
2023	genome_updater	0.5.2
2023	genome_updater	0.6.0
2023	genome_updater	0.6.1
2023	genome_updater	0.6.2
2023	genome_updater	0.6.3
2023	genomedata	1.7.0
2023	genomedata	1.7.1
2023	genomedata	1.7.2
2023	genomepy	0.15.0
2023	genomepy	0.16.0
2023	genomepy	0.16.1
2023	genometools-genometools	1.6.3
2023	genometools-genometools	1.6.4
2023	genometools-genometools	1.6.5
2023	genomic_address_service	0.1.1
2023	gentle	1.9.5.alpha1
2023	geofetch	0.11.2
2023	geofetch	0.12.0
2023	geofetch	0.12.1
2023	geofetch	0.12.2
2023	geofetch	0.12.3
2023	geofetch	0.12.4
2023	geofetch	0.12.5
2023	get_fasta_info	2.4
2023	get_homologues	3.5.5
2023	get_homologues	3.6.1
2023	get_homologues	3.6.2
2023	getorganelle	1.7.7.0
2023	gfaffix	0.1.5
2023	gfaffix	0.1.5b
2023	gff2bed	1.0.1
2023	gff2bed	1.0.3
2023	gffcompare	0.12.6
2023	gfflu	0.0.1
2023	gfflu	0.0.2
2023	gfftk	23.12.5
2023	gfftk	23.9.6
2023	gffutils	0.12
2023	ggcaller	1.3.2
2023	ggcaller	1.3.3
2023	ggcaller	1.3.4
2023	gget	0.27.2
2023	gget	0.27.3
2023	gget	0.27.4
2023	gget	0.27.5
2023	gget	0.27.7
2023	gget	0.27.8
2023	gget	0.27.9
2023	gget	0.28.1
2023	gget	0.28.2
2023	gimbleprep	0.0.2b3
2023	gimbleprep	0.0.2b4
2023	gimbleprep	0.0.2b5
2023	gimmemotifs-minimal	0.18.0
2023	gimmemotifs	0.18.0
2023	glimpse-bio	2.0.0
2023	glimpse-bio	2.0.1
2023	gmap	2023.03.24
2023	gmap	2023.04.28
2023	gmap	2023.06.01
2023	gmap	2023.07.20
2023	gmap	2023.10.01
2023	gmap	2023.10.10
2023	gmwi2	1.5
2023	gndiff	0.2.0
2023	gndiff	0.2.1
2023	gndiff	0.3.0
2023	gnparser	1.7.3
2023	gnparser	1.7.4
2023	gnparser	1.7.5
2023	gnparser	1.8.0
2023	gnparser	1.9.0
2023	go-figure	1.0.2
2023	goalign	0.3.6
2023	goalign	0.3.7
2023	goblin	1.0.0
2023	gofasta	1.2.0
2023	gofasta	1.2.1
2023	gogstools	0.1.1
2023	gogstools	0.1.2
2023	goldrush	1.0.3
2023	goldrush	1.1.0
2023	gotree	0.4.4
2023	gotree	0.4.5
2023	graftm	0.15.0
2023	grampa	1.4.0
2023	graphaligner	1.0.17
2023	graphaligner	1.0.17b
2023	graphaligner	1.0.18
2023	graphanalyzer	1.6.0
2023	graphbin	1.6.1
2023	graphbin	1.7.0
2023	graphbin	1.7.1
2023	graphmb	0.2.3
2023	graphmb	0.2.5
2023	greenhill	1.1.0
2023	grimer	1.1.0
2023	gromacs_py	2.0.3
2023	gseapy	1.0.4
2023	gseapy	1.0.5
2023	gseapy	1.0.6
2023	gseapy	1.1.0
2023	gseapy	1.1.1
2023	gsearch	0.0.12
2023	gsearch	0.1.2
2023	gsearch	0.1.4
2023	gsearch	0.1.5
2023	gsearch	0.1.6
2023	gsearch	0.1.7
2023	gtdbtk	2.2.0
2023	gtdbtk	2.2.2
2023	gtdbtk	2.2.3
2023	gtdbtk	2.2.4
2023	gtdbtk	2.2.5
2023	gtdbtk	2.2.6
2023	gtdbtk	2.3.0
2023	gtdbtk	2.3.2
2023	gtfparse	2.0.1
2023	gtfparse	2.1.0
2023	gtotree	1.7.07
2023	gtotree	1.7.08
2023	gtotree	1.7.10
2023	gtotree	1.8.1
2023	gtotree	1.8.2
2023	gtotree	1.8.3
2023	gtotree	1.8.4
2023	gubbins	3.3.0
2023	gubbins	3.3.1
2023	guidemaker	0.3.6
2023	guidemaker	0.4.0
2023	guidemaker	0.4.1
2023	guidemaker	0.4.2
2023	guidescan	2.1.2
2023	guidescan	2.1.3
2023	guidescan	2.1.4
2023	guidescan	2.1.5
2023	guidescan	2.1.7
2023	guidescan	2.1.8
2023	guidescan	2.2.0
2023	gum	1.1.1
2023	gum	2.0.1
2023	gunc	1.0.6
2023	gw	0.4.0
2023	gw	0.4.2
2023	gw	0.4.3
2023	gw	0.5.0
2023	gw	0.5.2
2023	gw	0.5.3
2023	gw	0.6.1
2023	gw	0.6.2
2023	gw	0.6.3
2023	gw	0.6.4
2023	gw	0.7.0
2023	gw	0.8.1
2023	gw	0.8.2
2023	gw	0.9.1
2023	gxformat2	0.17.0
2023	gxformat2	0.18.0
2023	hafez	1.0.3
2023	hafez	1.0.4
2023	hamroaster	2.0
2023	hamronization	1.1.4
2023	hap.py	0.3.15
2023	haplink	1.0.0
2023	haplink	1.1.0
2023	haplotaglr	1.1.4
2023	haplotaglr	1.1.5
2023	hapog	1.3.5
2023	hapog	1.3.6
2023	hapog	1.3.7
2023	happy-python	0.2.1rc0
2023	haproh	0.63
2023	haproh	0.64
2023	hapsolo	2021.10.09
2023	haptools	0.1.2
2023	haptools	0.1.3
2023	haptools	0.2.0
2023	haptools	0.2.1
2023	haptools	0.3.0
2023	harmonypy	0.0.9
2023	harpy	0.1.1
2023	harpy	0.2.0
2023	harpy	0.3.0
2023	harpy	0.4.0
2023	hatchet	2.0.1
2023	haystac	0.4.10
2023	haystac	0.4.9
2023	hecatomb	1.2.0
2023	hic2cool	1.0.1
2023	hicexplorer	3.7.3
2023	hicmatrix	17
2023	hicmatrix	17.1
2023	hicstuff	3.1.6
2023	hicstuff	3.1.7
2023	hicstuff	3.2.0
2023	hicstuff	3.2.1
2023	hictk	0.0.1
2023	hictk	0.0.2
2023	hictk	0.0.3
2023	hictk	0.0.4
2023	hictk	0.0.5
2023	hictkpy	0.0.1
2023	hictkpy	0.0.2
2023	hictkpy	0.0.3
2023	hicup	0.9.2
2023	hifiasm	0.18.4
2023	hifiasm	0.18.5
2023	hifiasm	0.18.7
2023	hifiasm	0.18.8
2023	hifiasm	0.18.9
2023	hifiasm	0.19.0
2023	hifiasm	0.19.1
2023	hifiasm	0.19.2
2023	hifiasm	0.19.3
2023	hifiasm	0.19.4
2023	hifiasm	0.19.5
2023	hifiasm	0.19.6
2023	hifiasm	0.19.7
2023	hifiasm	0.19.8
2023	hifiasm_meta	hamtv0.3.1
2023	hificnv	0.1.6b
2023	hificnv	0.1.7
2023	hifieval	0.4.0
2023	hifihla	0.2.2
2023	hiphase	0.10.0
2023	hiphase	0.10.2
2023	hiphase	0.8.1
2023	hiphase	1.0.0
2023	hiphase	1.1.0
2023	hisat2-pipeline	1.0.6
2023	hitac	2.0.28
2023	hitac	2.0.29
2023	hitac	2.0.30
2023	hitac	2.1.0
2023	hitac	2.1.1
2023	hitac	2.2.0
2023	hitac	2.2.1
2023	hits	0.4.0
2023	hlafreq	0.0.2
2023	hlafreq	0.0.3
2023	hmftools-gripss	2.3.2
2023	hmftools-gripss	2.3.5
2023	hmftools-isofox	1.6.2
2023	hmftools-lilac	1.4.2
2023	hmftools-linx	1.22
2023	hmftools-linx	1.22.1
2023	hmftools-linx	1.23.6
2023	hmftools-neo	1.0.1
2023	hmftools-orange	1.10.2
2023	hmftools-orange	2.7.1
2023	hmftools-orange	3.0.0
2023	hmftools-pave	1.4.1
2023	hmftools-protect	2.3
2023	hmftools-purple	3.7.1
2023	hmftools-rose	1.3
2023	hmftools-sage	3.2.3
2023	hmftools-sigs	1.1
2023	hmftools-sv-prep	1.0.1
2023	hmftools-sv-prep	1.1
2023	hmmer	3.4
2023	hmnfusion	1.2.12
2023	hmnillumina	1.4.3
2023	hmnillumina	1.5.0
2023	hmnillumina	1.5.1
2023	hmnqc	0.5.1
2023	hmnrandomread	0.10.0
2023	hocort	1.2.0
2023	hocort	1.2.1
2023	hocort	1.2.2
2023	hopla	1.2.1
2023	hostile	0.0.2
2023	hostile	0.0.3
2023	hostile	0.1.0
2023	hostile	0.2.0
2023	hostile	0.3.0
2023	hostile	0.4.0
2023	howdesbt	2.00.10
2023	howdesbt	2.00.13
2023	hpcblast	1.0.2
2023	htseq-clip	2.18.2b0
2023	htseq-clip	2.19.0b0
2023	htseq	2.0.3
2023	htseq	2.0.4
2023	htslib	1.17
2023	htslib	1.18
2023	htslib	1.19
2023	humann	3.6.1
2023	humann	3.7
2023	humann	3.8
2023	hybkit	0.3.0
2023	hybkit	0.3.3
2023	hybkit	0.3.4
2023	hybpiper	2.1.1
2023	hybpiper	2.1.3
2023	hybpiper	2.1.5
2023	hybpiper	2.1.6
2023	hybracter	0.1.2
2023	hybracter	0.2.0
2023	hybracter	0.2.1
2023	hybracter	0.3.0
2023	hybracter	0.4.0
2023	hybracter	0.4.1
2023	hybran	1.6
2023	hybran	1.6.1
2023	hybran	1.7
2023	hybran	1.7.1
2023	hyphy	2.5.46
2023	hyphy	2.5.47
2023	hyphy	2.5.48
2023	hyphy	2.5.49
2023	hyphy	2.5.50
2023	hyphy	2.5.57
2023	hyphy	2.5.58
2023	ice-cream	1.10
2023	icescreen	1.1.1
2023	icescreen	1.2.0
2023	icount-mini	3.0.0
2023	icount-mini	3.0.1
2023	idemuxcpp	0.2.0
2023	igblast	1.20.0
2023	igblast	1.21.0
2023	igv-reports	1.10.0
2023	igv-reports	1.7.0
2023	igv-reports	1.8.0
2023	igv-reports	1.8.1
2023	igv-reports	1.9.0
2023	igv-reports	1.9.1
2023	igv	2.16.2
2023	igvtools	2.16.2
2023	illumina-interop	1.2.1
2023	illumina-interop	1.2.2
2023	illumina-interop	1.2.3
2023	illumina-interop	1.2.4
2023	illumina-interop	1.3.0
2023	illumina-interop	1.3.1
2023	illumina-utils	2.13
2023	ima3	1.13
2023	imctools	2.1.8
2023	immuneml	2.2.3
2023	immuneml	2.2.4
2023	immuneml	2.2.5
2023	immuneml	2.2.6
2023	imods	1.0.4
2023	influx-si-data-manager	0.1.2
2023	influx-si-data-manager	0.1.4
2023	influx_si	7.0
2023	influx_si	7.0.1
2023	insilicoseq	1.6.0
2023	insilicosv	0.0.4
2023	insilicosv	0.0.5
2023	insilicosv	0.0.6
2023	instrain	1.6.4
2023	instrain	1.7.0
2023	instrain	1.7.1
2023	instrain	1.7.5
2023	instrain	1.7.6
2023	instrain	1.8.0
2023	insurveyor	1.0.2
2023	insurveyor	1.1.1
2023	insurveyor	1.1.2
2023	ipapy2	1.3.0
2023	iphop	1.3.0
2023	iphop	1.3.1
2023	iphop	1.3.2
2023	iphop	1.3.3
2023	ipyrad	0.9.88
2023	ipyrad	0.9.89
2023	ipyrad	0.9.90
2023	ipyrad	0.9.92
2023	ipyrad	0.9.93
2023	iqtree	2.2.2.3
2023	iqtree	2.2.2.7
2023	iqtree	2.2.2.9
2023	iqtree	2.2.3
2023	iqtree	2.2.5
2023	iqtree	2.2.6
2023	irescue	1.0.3
2023	irf	3.08
2023	irida-uploader	0.9.0
2023	irida-uploader	0.9.2
2023	isatools	0.14.2
2023	isocor	2.2.1
2023	isocor	2.2.2
2023	isoncorrect	0.1.3.5
2023	isoquant	3.1.0
2023	isoquant	3.1.1
2023	isoquant	3.1.2
2023	isoquant	3.2.0
2023	isoquant	3.3.0
2023	isoquant	3.3.1
2023	isoseq	4.0.0
2023	isoseq3	4.0.0
2023	isospecpy	2.2.1
2023	itolapi	4.1.2
2023	itolparser	0.2.1
2023	itsxpress	1.8.1
2023	itsxpress	2.0.0
2023	itsxpress	2.0.1
2023	ivar	1.3.2
2023	ivar	1.4
2023	ivar	1.4.1
2023	ivar	1.4.2
2023	jalview	2.11.2.6
2023	jalview	2.11.2.7
2023	jalview	2.11.3.0
2023	jalview	2.11.3.1
2023	jalview	2.11.3.2
2023	jass	2.3
2023	jbrowse2	2.10.0
2023	jbrowse2	2.3.3
2023	jbrowse2	2.3.4
2023	jbrowse2	2.4.0
2023	jbrowse2	2.4.1
2023	jbrowse2	2.4.2
2023	jbrowse2	2.5.0
2023	jbrowse2	2.6.1
2023	jbrowse2	2.6.2
2023	jbrowse2	2.6.3
2023	jbrowse2	2.7.0
2023	jbrowse2	2.7.1
2023	jbrowse2	2.7.2
2023	jbrowse2	2.8.0
2023	jbrowse2	2.9.0
2023	jcvi	1.3.4
2023	jcvi	1.3.5
2023	jcvi	1.3.6
2023	jcvi	1.3.8
2023	jcvi	1.3.9
2023	jgoslin	2.2.0
2023	jms-metabolite-services	0.5.7
2023	julia-divand	2.7.9
2023	jvarkit	2023.09.07
2023	kaiju	1.10.0
2023	kalign3	3.3.5
2023	kalign3	3.4.0
2023	kallisto	0.50.0
2023	kallisto	0.50.1
2023	kaptive	2.0.5
2023	kaptive	2.0.6
2023	kb-python	0.28.0
2023	keggcharter	0.4.2
2023	keggcharter	0.5.0
2023	keggcharter	0.5.1
2023	keggcharter	0.6.0
2023	keggcharter	0.7.0
2023	keggcharter	0.7.1
2023	keggcharter	1.0.0
2023	keggcharter	1.0.1
2023	keggcharter	1.0.2
2023	kgwasflow	1.2.1
2023	kgwasflow	1.2.2
2023	kgwasflow	1.2.3
2023	kgwasflow	1.2.4
2023	kgwasflow	1.3.0
2023	khipu-metabolomics	0.7.5
2023	kinex	1.0.1
2023	kinex	1.0.2
2023	kingfisher	0.2.1
2023	kingfisher	0.2.2
2023	kingfisher	0.3.0
2023	kingfisher	0.3.1
2023	kinship-read	1.0
2023	kissplice	2.6.2
2023	kitsune	1.3.3
2023	kleborate	2.3.0
2023	kleborate	2.3.1
2023	kleborate	2.3.2
2023	kmcp	0.9.2
2023	kmcp	0.9.3
2023	kmcp	0.9.4
2023	kmd_hmdb_api_client	1.0.1
2023	kmer-db	1.11.1
2023	kmtricks	1.4.0
2023	knock-knock	0.4.2
2023	kosudoku	1.0
2023	koverage	0.1.6
2023	koverage	0.1.7
2023	kraken2	2.1.3
2023	krakenuniq	1.0.4
2023	kseqpp	1.1.1
2023	ksnp	1.0.3
2023	ksw	0.2.2
2023	ksw	0.2.3
2023	lamassemble	1.5.0
2023	lamassemble	1.6.0
2023	lamassemble	1.6.1
2023	lamassemble	1.6.2
2023	lamassemble	1.7.0
2023	lambda	2.0.1
2023	lambda	3.0.0
2023	last	1422
2023	last	1445
2023	last	1447
2023	last	1448
2023	last	1449
2023	last	1450
2023	last	1452
2023	last	1453
2023	last	1454
2023	last	1512
2023	last	1513
2023	last	1517
2023	last	1518
2023	last	1519
2023	last	1521
2023	last	1522
2023	lastz	1.04.22
2023	latch	2.19.11
2023	lca	0.24
2023	lca	0.25
2023	learnmsa	1.1.1
2023	learnmsa	1.1.2
2023	learnmsa	1.2.4
2023	learnmsa	1.3.0
2023	learnmsa	1.3.1
2023	learnmsa	1.3.2
2023	leviosam2	0.4.0
2023	leviosam2	0.4.1
2023	leviosam2	0.4.2
2023	libopenms	2.9.0
2023	libopenms	2.9.1
2023	libopenms	3.0.0
2023	libopenms	3.1.0
2023	libshorah	1.99.4
2023	liftover	1.1.16
2023	liftover	1.1.17
2023	lima	2.7.1
2023	lima	2.9.0
2023	liquorice	0.5.6
2023	lisa2	2.3.1
2023	lisa2	2.3.2
2023	lja	0.2
2023	lollipop	0.2.0
2023	lollipop	0.3.0
2023	longreadsum	1.0.2
2023	longreadsum	1.2.0
2023	longreadsum	1.3.0
2023	longreadsum	1.3.1
2023	longstitch	1.0.4
2023	longstitch	1.0.5
2023	lorax	0.3.7
2023	lorax	0.3.8
2023	lorax	0.3.9
2023	lorikeet-genome	0.8.2
2023	lotus2	2.24
2023	lotus2	2.25
2023	lotus2	2.28
2023	lotus2	2.28.1
2023	lotus2	2.30
2023	lotus2	2.31
2023	lra	1.3.7.2
2023	lrphase	1.1.0
2023	lrphase	1.1.2
2023	lrsim	1.0
2023	lrtk	1.6
2023	lrtk	1.7
2023	lrtk	1.8
2023	lrtk	1.9
2023	lrtk	2.0
2023	ltr_retriever	2.9.4
2023	ltr_retriever	2.9.5
2023	lusstr	0.6.4
2023	lusstr	0.7
2023	lusstr	0.8
2023	m6anet	2.0.2
2023	m6anet	2.1.0
2023	ma	2.0.2
2023	maast	1.0.7
2023	maast	1.0.8
2023	macrel	1.3.0
2023	macs2	2.2.9.1
2023	macse	2.07
2023	macsyfinder	2.1
2023	macsyfinder	2.1.1
2023	macsyfinder	2.1.2
2023	macsyfinder	2.1.3
2023	mafft	7.515
2023	mafft	7.520
2023	magus-msa	0.1.2
2023	magus-msa	0.1.2a
2023	make_prg	0.5.0
2023	makehub	1.0.6
2023	makehub	1.0.7
2023	makehub	1.0.8
2023	mapad	0.41.0
2023	mapad	0.42.1
2023	mapdamage2	2.2.2
2023	mappy	2.26
2023	mapseq	2.1
2023	mapseq	2.1.1
2023	mark-nonconverted-reads	1.2
2023	marker-magu	0.4.0
2023	markermag	1.1.28
2023	marti	0.9.14
2023	marti	0.9.15
2023	marvd2	0.11.8
2023	marvd2	0.11.9
2023	mashmap	3.0
2023	mashmap	3.0.1
2023	mashmap	3.0.2
2023	mashmap	3.0.4
2023	mashmap	3.0.5
2023	mashmap	3.0.6
2023	mashmap	3.1.0
2023	mashmap	3.1.1
2023	mashmap	3.1.2
2023	mashtree	1.4.3
2023	mashtree	1.4.5
2023	mashtree	1.4.6
2023	mass2chem	0.4.4
2023	mass2chem	0.4.9
2023	massiveqc	0.1.0
2023	massiveqc	0.1.1
2023	massiveqc	0.1.2
2023	masurca	4.1.0
2023	matam	1.6.1
2023	matchms	0.18.0
2023	matchms	0.19.0
2023	matchms	0.20.0
2023	matchms	0.21.1
2023	matchms	0.21.2
2023	matchms	0.22.0
2023	matchms	0.23.1
2023	matchms	0.24.0
2023	matchmsextras	0.3.0
2023	matchmsextras	0.4.1
2023	matchmsextras	0.4.2
2023	matchtigs	2.1.5
2023	mavenn	1.0.2
2023	mavis-config	1.2.2
2023	maxentpy	0.0.3
2023	mbg	1.0.13
2023	mbg	1.0.14
2023	mbg	1.0.15
2023	mbg	1.0.16
2023	mbgc	2.0
2023	mbgc	2.0.1
2023	mcl	22.282
2023	mdmcleaner	0.8.7
2023	me-pcr	1.0.6
2023	medaka	1.10.0
2023	medaka	1.11.0
2023	medaka	1.11.1
2023	medaka	1.11.2
2023	medaka	1.11.3
2023	medaka	1.8.0
2023	medicc2	0.8.3
2023	medicc2	0.9.1
2023	medicc2	0.9.2
2023	medicc2	1.0.0
2023	medicc2	1.0.2
2023	megalodon	2.5.0
2023	megan	6.24.20
2023	mehari	0.1.1
2023	mehari	0.10.0
2023	mehari	0.11.0
2023	mehari	0.12.0
2023	mehari	0.13.0
2023	mehari	0.14.0
2023	mehari	0.14.1
2023	mehari	0.14.2
2023	mehari	0.14.3
2023	mehari	0.15.0
2023	mehari	0.15.1
2023	mehari	0.15.2
2023	mehari	0.16.0
2023	mehari	0.17.0
2023	mehari	0.17.1
2023	mehari	0.18.0
2023	mehari	0.18.1
2023	mehari	0.2.0
2023	mehari	0.2.1
2023	mehari	0.20.0
2023	mehari	0.21.0
2023	mehari	0.21.1
2023	mehari	0.3.1
2023	mehari	0.4.0
2023	mehari	0.4.1
2023	mehari	0.5.0
2023	mehari	0.5.6
2023	mehari	0.5.7
2023	mehari	0.6.0
2023	mehari	0.6.1
2023	mehari	0.6.2
2023	mehari	0.7.0
2023	mehari	0.8.0
2023	melon	0.0.1
2023	melon	0.1.0
2023	melon	0.1.1
2023	melon	0.1.2
2023	meme	5.5.2
2023	meme	5.5.3
2023	meme	5.5.4
2023	mercat2	1.1
2023	mercat2	1.2
2023	mercat2	1.3
2023	merquryfk	1.0.0
2023	meryl	1.4
2023	meryl	1.4.1
2023	metabinkit	0.2.3
2023	metabuli	1.0.0
2023	metabuli	1.0.1
2023	metabuli	1.0.2
2023	metacache	2.3.0
2023	metacache	2.3.1
2023	metacerberus	1.1
2023	metachip	1.10.13
2023	metacoag	1.1.1
2023	metacoag	1.1.2
2023	metacoag	1.1.3
2023	metacoag	1.1.4
2023	metadmg	0.3
2023	metadmg	0.4
2023	metagem	1.0.5
2023	metagenome-atlas	2.14.0
2023	metagenome-atlas	2.14.2
2023	metagenome-atlas	2.14.3
2023	metagenome-atlas	2.15.0
2023	metagenome-atlas	2.15.1
2023	metagenome-atlas	2.15.2
2023	metagenome-atlas	2.16.1
2023	metagenome-atlas	2.16.2
2023	metagenome-atlas	2.16.3
2023	metagenome-atlas	2.17.0
2023	metagenome-atlas	2.17.1
2023	metagenome-atlas	2.17.2
2023	metagenome-atlas	2.18.0
2023	metagenome-atlas	2.18.1
2023	metamdbg	0.3
2023	metamobilepicker	0.7.2
2023	metamobilepicker	0.7.3
2023	metaphlan	4.0.4
2023	metaphlan	4.0.5
2023	metaphlan	4.0.6
2023	metaphor	1.7.1
2023	metaphor	1.7.2
2023	metaphor	1.7.3
2023	metaphor	1.7.4
2023	metaphor	1.7.5
2023	metaphor	1.7.6
2023	metaphor	1.7.7
2023	metaphor	1.7.8
2023	metaphor	1.7.9
2023	metapi	2.5.0
2023	metapi	3.0.0
2023	metaprokka	1.15.0
2023	metasnek	0.0.5
2023	metasnek	0.0.6
2023	metasnek	0.0.7
2023	metasnek	0.0.8
2023	metdatamodel	0.4.14
2023	methphaser	0.0.3
2023	methylartist	1.2.11
2023	methylartist	1.2.7
2023	methylmap	0.2.3
2023	methylmap	0.3.4
2023	methylmap	0.3.5
2023	methylmap	0.4.5
2023	methylmap	0.4.6
2023	methylpy	1.4.7
2023	mfold	3.6
2023	mgcod	1.0.1
2023	mgcod	1.0.2
2023	mgems	1.3.1
2023	mhcflurry	2.0.6
2023	mhcflurry	2.1.0
2023	mhcgnomes	1.8.4
2023	mhcgnomes	1.8.6
2023	mhcnuggets	2.4.0
2023	mhcnuggets	2.4.1
2023	micom	0.32.4
2023	micom	0.32.5
2023	micom	0.33.0
2023	microhapdb	0.10
2023	microhapdb	0.10.1
2023	microhapdb	0.11
2023	microhapdb	0.9
2023	midsv	0.10.0
2023	midsv	0.10.2
2023	midsv	0.8.4
2023	midsv	0.9.0
2023	midsv	0.9.5
2023	milonga	1.0.1
2023	milonga	1.0.2
2023	milonga	1.0.3
2023	mimseq	1.3
2023	mimseq	1.3.2
2023	mimseq	1.3.3
2023	mimseq	1.3.4
2023	mimseq	1.3.5
2023	mimseq	1.3.6
2023	mimseq	1.3.7
2023	mimseq	1.3.8
2023	mindagap	0.0.2
2023	miniasm	0.3
2023	minibusco	0.2
2023	minibusco	0.2.1
2023	minimap2	2.25
2023	minimap2	2.26
2023	miniprot	0.10
2023	miniprot	0.11
2023	miniprot	0.12
2023	miniprot	0.8
2023	miniprot	0.9
2023	minute	0.3.3
2023	minute	0.4.0
2023	mira-moods	1.9.4.2
2023	mira-multiome	2.1.0
2023	mirge3	0.1.4
2023	mirmachine	0.2.12
2023	mitos	1.1.1
2023	mitos	1.1.3
2023	mitos	2.1.1
2023	mitos	2.1.2
2023	mitos	2.1.3
2023	mitos	2.1.4
2023	mitos	2.1.5
2023	mitoz	3.5
2023	mitoz	3.6
2023	mkdesigner	0.0.1
2023	mkdesigner	0.1.1
2023	mkdesigner	0.2.1
2023	mkdesigner	0.3.1
2023	mlgenotype	0.1.12
2023	mmannot	1.0.3
2023	mmannot	1.1
2023	mmquant	1.0.5
2023	mmquant	1.0.6
2023	mmquant	1.0.7
2023	mmquant	1.0.9
2023	mmseqs2	15.6f452
2023	mob_suite	3.1.2
2023	mob_suite	3.1.4
2023	mob_suite	3.1.5
2023	mob_suite	3.1.6
2023	mob_suite	3.1.7
2023	mob_suite	3.1.8
2023	modlamp	4.3.0
2023	modle	1.0.0
2023	modle	1.0.1
2023	modle	1.1.0
2023	mokapot	0.10.0
2023	moments	1.1.16
2023	monsda	1.1.0
2023	monsda	1.1.1
2023	monsda	1.2.0
2023	monsda	1.2.1
2023	monsda	1.2.2
2023	mosca	2.1.0
2023	mosdepth	0.3.4
2023	mosdepth	0.3.5
2023	mosdepth	0.3.6
2023	motus	3.1.0
2023	mp-est	3.0.0
2023	ms-entropy	0.9.11
2023	ms-entropy	0.9.12
2023	ms-entropy	1.0.0
2023	ms-entropy	1.0.1
2023	ms-entropy	1.0.2
2023	ms-entropy	1.0.4
2023	ms-entropy	1.1.1
2023	ms-entropy	1.1.2
2023	ms2deepscore	0.3.0.1
2023	ms2deepscore	0.4.0
2023	ms2deepscore	0.5.0
2023	ms2pip	3.10.0
2023	ms2pip	3.11.0
2023	ms2pip	4.0.0.dev4
2023	ms2query	1.2.0
2023	ms2query	1.2.1
2023	ms2query	1.2.2
2023	ms2query	1.2.3
2023	ms2rescore	3.0.0
2023	ms2rescore	3.0.0b1
2023	msamtools	1.1.1
2023	msamtools	1.1.2
2023	msamtools	1.1.3
2023	msgf_plus	2023.01.1202
2023	msi	0.3.7
2023	msmc2	2.1.4
2023	msmetaenhancer	0.3.0
2023	msstitch	3.12
2023	msstitch	3.13
2023	msstitch	3.14
2023	msstitch	3.15
2023	msweep	1.6.3
2023	msweep	2.0.0
2023	mtbseq	1.1.0
2023	mtglink	2.4.1
2023	mtm-align	20220104
2023	multiqc	1.14
2023	multiqc	1.15
2023	multiqc	1.16
2023	multiqc	1.17
2023	multiqc	1.18
2023	multiqc	1.19
2023	multitax	1.3.0
2023	multitax	1.3.1
2023	multivelo	0.1.3
2023	multixrank	0.1
2023	mupbwt	0.1.2
2023	mutmap	2.3.4
2023	mykrobe	0.12.2
2023	mykrobe	0.13.0
2023	mzmine	3.6.0
2023	mzmine	3.9.0
2023	n50	1.5.4
2023	n50	1.5.5
2023	n50	1.5.6
2023	n50	1.5.8
2023	naibr-plus	0.5
2023	naibr-plus	0.5.1
2023	naibr-plus	0.5.2
2023	namfinder	0.1.3
2023	nanocaller	3.0.1
2023	nanocaller	3.1.0
2023	nanocaller	3.2.0
2023	nanocaller	3.3.0
2023	nanocaller	3.4.0
2023	nanocaller	3.4.1
2023	nanocomp	1.21.0
2023	nanocomp	1.21.2
2023	nanocomp	1.22.0
2023	nanocomp	1.23.1
2023	nanoget	1.19.1
2023	nanoget	1.19.3
2023	nanomath	1.3.0
2023	nanometa-live	0.1.1
2023	nanometa-live	0.3.0
2023	nanometa-live	0.3.1
2023	nanometa-live	0.4.0
2023	nanometa-live	0.4.1
2023	nanomonsv	0.5.1
2023	nanomonsv	0.6.0
2023	nanomonsv	0.7.0
2023	nanoplot	1.41.0
2023	nanoplot	1.41.3
2023	nanoplot	1.41.6
2023	nanoplot	1.42.0
2023	nanoq	0.10.0
2023	nanospring	0.2
2023	nanovar	1.5.0
2023	narfmap	1.4.0
2023	ncbi-amrfinderplus	3.11.11
2023	ncbi-amrfinderplus	3.11.14
2023	ncbi-amrfinderplus	3.11.17
2023	ncbi-amrfinderplus	3.11.18
2023	ncbi-amrfinderplus	3.11.20
2023	ncbi-amrfinderplus	3.11.26
2023	ncbi-amrfinderplus	3.11.4
2023	ncbi-datasets-pylib	14.13.0
2023	ncbi-datasets-pylib	14.15.0
2023	ncbi-datasets-pylib	14.16.0
2023	ncbi-datasets-pylib	14.17.0
2023	ncbi-datasets-pylib	14.18.0
2023	ncbi-datasets-pylib	14.19.0
2023	ncbi-datasets-pylib	14.20.0
2023	ncbi-datasets-pylib	14.21.0
2023	ncbi-datasets-pylib	14.22.0
2023	ncbi-datasets-pylib	14.22.1
2023	ncbi-datasets-pylib	14.23.0
2023	ncbi-datasets-pylib	14.25.1
2023	ncbi-datasets-pylib	14.26.0
2023	ncbi-datasets-pylib	14.27.0
2023	ncbi-datasets-pylib	15.11.0
2023	ncbi-datasets-pylib	15.12.0
2023	ncbi-datasets-pylib	15.13.0
2023	ncbi-datasets-pylib	15.13.1
2023	ncbi-datasets-pylib	15.14.0
2023	ncbi-datasets-pylib	15.15.0
2023	ncbi-datasets-pylib	15.16.0
2023	ncbi-datasets-pylib	15.16.1
2023	ncbi-datasets-pylib	15.16.2
2023	ncbi-datasets-pylib	15.16.3
2023	ncbi-datasets-pylib	15.17.0
2023	ncbi-datasets-pylib	15.18.0
2023	ncbi-datasets-pylib	15.19.0
2023	ncbi-datasets-pylib	15.19.1
2023	ncbi-datasets-pylib	15.21.1
2023	ncbi-datasets-pylib	15.23.0
2023	ncbi-datasets-pylib	15.24.0
2023	ncbi-datasets-pylib	15.25.0
2023	ncbi-datasets-pylib	15.26.0
2023	ncbi-datasets-pylib	15.27.0
2023	ncbi-datasets-pylib	15.27.1
2023	ncbi-datasets-pylib	15.28.0
2023	ncbi-datasets-pylib	15.29.0
2023	ncbi-datasets-pylib	15.30.0
2023	ncbi-datasets-pylib	15.31.0
2023	ncbi-datasets-pylib	15.31.1
2023	ncbi-datasets-pylib	15.31.2
2023	ncbi-datasets-pylib	15.31.3
2023	ncbi-datasets-pylib	15.32.0
2023	ncbi-datasets-pylib	15.33.0
2023	ncbi-datasets-pylib	15.34.0
2023	ncbi-datasets-pylib	16.0.0
2023	ncbi-fcs-gx	0.4.0
2023	ncbi-fcs-gx	0.4.1
2023	ncbi-fcs-gx	0.5.0
2023	ncbi-genome-download	0.3.2
2023	ncbi-genome-download	0.3.3
2023	ncbi-vdb-py	3.0.10
2023	ncbi-vdb-py	3.0.2
2023	ncbi-vdb-py	3.0.5
2023	ncbi-vdb-py	3.0.6
2023	ncbi-vdb-py	3.0.7
2023	ncbi-vdb-py	3.0.8
2023	ncbi-vdb-py	3.0.9
2023	ncbi-vdb	3.0.10
2023	ncbi-vdb	3.0.2
2023	ncbi-vdb	3.0.5
2023	ncbi-vdb	3.0.6
2023	ncbi-vdb	3.0.7
2023	ncbi-vdb	3.0.8
2023	ncbi-vdb	3.0.9
2023	ncbitax2lin	2.3.2
2023	ncls	0.0.66
2023	ncls	0.0.68
2023	nda-tools	0.2.23
2023	nda-tools	0.2.24
2023	nda-tools	0.2.25
2023	nda-tools	0.2.26
2023	ndex2	3.5.1
2023	ndex2	3.6.0
2023	neoloop	0.4.3.post2
2023	netsyn	0.1.1
2023	netsyn	0.1.2
2023	nextalign	2.10.1
2023	nextalign	2.11.0
2023	nextalign	2.12.0
2023	nextalign	2.13.0
2023	nextalign	2.13.1
2023	nextalign	2.14.0
2023	nextclade	2.10.1
2023	nextclade	2.11.0
2023	nextclade	2.12.0
2023	nextclade	2.13.0
2023	nextclade	2.13.1
2023	nextclade	2.14.0
2023	nextclade2	2.14.0
2023	nextdenovo	2.5.2
2023	nextflow	22.10.6
2023	nextflow	23.04.1
2023	nextflow	23.04.3
2023	nextflow	23.04.4
2023	nextflow	23.10.0
2023	nextpolish2	0.1.0
2023	nextpolish2	0.2.0
2023	nextstrain-cli	6.0.2
2023	nextstrain-cli	6.0.3
2023	nextstrain-cli	6.1.0.post1
2023	nextstrain-cli	6.2.0
2023	nextstrain-cli	6.2.1
2023	nextstrain-cli	7.0.0
2023	nextstrain-cli	7.0.1
2023	nextstrain-cli	7.1.0
2023	nextstrain-cli	7.2.0
2023	nextstrain-cli	7.3.0.post1
2023	nextstrain-cli	7.4.0
2023	nf-core	2.10
2023	nf-core	2.11
2023	nf-core	2.11.1
2023	nf-core	2.8
2023	nf-core	2.9
2023	nf-test	0.7.3
2023	nf-test	0.8.0
2023	nf-test	0.8.1
2023	nf-test	0.8.2
2023	ngs-bits	2023_02
2023	ngs-bits	2023_06
2023	ngs-bits	2023_09
2023	ngs-bits	2023_11
2023	ngs-chew	0.6.0
2023	ngs-chew	0.7.0
2023	ngs-chew	0.7.1
2023	ngs-chew	0.8.0
2023	ngs-chew	0.8.1
2023	ngs-tools	1.8.2
2023	ngs-tools	1.8.3
2023	ngs-tools	1.8.4
2023	ngs-tools	1.8.5
2023	ngscheckmate	1.0.1
2023	ngsderive	2.3.1
2023	ngsderive	2.4.0
2023	ngsderive	3.1.0
2023	ngsderive	3.1.1
2023	ngsderive	3.2.1
2023	ngsderive	3.3.0
2023	ngsderive	3.3.1
2023	ngsderive	3.3.2
2023	ngsindex	0.1.7
2023	ngsngs	0.9.0
2023	ngsngs	0.9.2
2023	niemads	1.0.15
2023	niemads	1.0.16
2023	nii2dcm	0.1.2
2023	ninja-nj	0.98
2023	nmrglue	0.9
2023	nmrml2isa	0.3.3
2023	noah-cli	0.2.0
2023	nohuman	0.1.0
2023	noise2read	0.2.10
2023	noise2read	0.2.7
2023	noise2read	0.3.0
2023	nolb	1.9
2023	nordic	2.4.4
2023	novoplasty	4.3.3
2023	npstructures	0.2.10
2023	npstructures	0.2.11
2023	npstructures	0.2.12
2023	npstructures	0.2.13
2023	npstructures	0.2.14
2023	npstructures	0.2.15
2023	npstructures	0.2.9
2023	nrpys	0.1.1
2023	ntedit	1.4.3
2023	nthits	1.0.1
2023	nthits	1.0.2
2023	ntjoin	1.1.2
2023	ntjoin	1.1.3
2023	ntlink	1.3.8
2023	ntlink	1.3.9
2023	ntm-profiler	0.2.2
2023	ntm-profiler	0.3.0
2023	oakvar	2.7.40
2023	oakvar	2.8.28
2023	oakvar	2.8.35
2023	oakvar	2.8.36
2023	oakvar	2.8.37
2023	oakvar	2.8.38
2023	oakvar	2.8.40
2023	oakvar	2.9.1
2023	oakvar	2.9.2
2023	oakvar	2.9.3
2023	oakvar	2.9.34
2023	oakvar	2.9.36
2023	oakvar	2.9.37
2023	oakvar	2.9.39
2023	oakvar	2.9.41
2023	oakvar	2.9.43
2023	oakvar	2.9.49
2023	oakvar	2.9.51
2023	oakvar	2.9.52
2023	oakvar	2.9.53
2023	oakvar	2.9.54
2023	oakvar	2.9.55
2023	oakvar	2.9.56
2023	oakvar	2.9.57
2023	oakvar	2.9.58
2023	oakvar	2.9.59
2023	oakvar	2.9.60
2023	oakvar	2.9.62
2023	oakvar	2.9.64
2023	oakvar	2.9.68
2023	oakvar	2.9.69
2023	oakvar	2.9.71
2023	oakvar	2.9.72
2023	oakvar	2.9.75
2023	oakvar	2.9.77
2023	oakvar	2.9.78
2023	oakvar	2.9.80
2023	oakvar	2.9.81
2023	oakvar	2.9.82
2023	oakvar	2.9.83
2023	oatk	1.0
2023	obonet	0.2.3
2023	obonet	1.0.0
2023	odamnet	1.1.0
2023	odgi	0.8.3
2023	olga	1.2.4
2023	oligomap	1.0.1
2023	olivar	1.0.0
2023	olivar	1.0.1
2023	olivar	1.0.2
2023	olivar	1.1.0
2023	olivar	1.1.1
2023	olivar	1.1.2
2023	olivar	1.1.3
2023	omamer	2.0.1
2023	omamer	2.0.2
2023	omark	0.3.0
2023	ont-fast5-api	4.1.2
2023	ont-modkit	0.2.0
2023	ont-modkit	0.2.1
2023	ont-modkit	0.2.2
2023	ont-modkit	0.2.3
2023	ont-modkit	0.2.4
2023	ontime	0.1.3
2023	ontime	0.2.1
2023	ontime	0.2.2
2023	ontime	0.2.3
2023	open-cravat	2.3.0
2023	open-cravat	2.3.1
2023	open-cravat	2.4.0
2023	open-cravat	2.4.1
2023	open-cravat	2.4.2
2023	openms-thirdparty	2.9.0
2023	openms-thirdparty	2.9.1
2023	openms-thirdparty	3.0.0
2023	openms-thirdparty	3.1.0
2023	openms	2.9.0
2023	openms	2.9.1
2023	openms	3.0.0
2023	openms	3.1.0
2023	opentargets-validator	1.0.0
2023	orfanage	1.0.4
2023	orfanage	1.0.4_9f713d2
2023	orfanage	1.1.0
2023	orsum	1.5.0
2023	orsum	1.6.0
2023	orthofinder	2.5.5
2023	orthofisher	1.1.0
2023	orthoflow	0.2.0
2023	orthoflow	0.3.0
2023	ostir	1.1.0
2023	pairtools	1.0.3
2023	paml	4.10.6
2023	paml	4.10.7
2023	panacota	1.4.0
2023	panacus	0.2
2023	panacus	0.2.1
2023	panacus	0.2.2
2023	panacus	0.2.3
2023	panaroo	1.3.3
2023	panaroo	1.3.4
2023	pandora	0.9.2
2023	panfeed	1.5.0
2023	panfeed	1.5.1
2023	pango-designation	1.18
2023	pango-designation	1.18.1
2023	pango-designation	1.19
2023	pango-designation	1.20
2023	pango-designation	1.21
2023	pango-designation	1.22
2023	pango-designation	1.23
2023	pango_aliasor	0.3.0
2023	pangolin-data	1.18
2023	pangolin-data	1.18.1
2023	pangolin-data	1.18.1.1
2023	pangolin-data	1.19
2023	pangolin-data	1.20
2023	pangolin-data	1.21
2023	pangolin-data	1.22
2023	pangolin-data	1.23
2023	pangolin-data	1.23.1
2023	pangolin	4.2
2023	pangolin	4.3
2023	pangu	0.2.2
2023	panoptes-ui	0.2.2
2023	panoptes-ui	0.2.3
2023	pantools	4.0.0
2023	pantools	4.1.0
2023	pantools	4.1.1
2023	pantools	4.2.0
2023	pantools	4.2.1
2023	pantools	4.2.2
2023	pantools	4.2.3
2023	pantools	4.3.0
2023	pantools	4.3.1
2023	paragone	1.0.0
2023	paraphase	1.1.3
2023	paraphase	2.0.0
2023	paraphase	2.1.0
2023	paraphase	2.2.1
2023	paraphase	2.2.2
2023	paraphase	2.2.3
2023	paraphase	3.0.0
2023	parasail-python	1.3.4
2023	parascopy	1.10.6
2023	parascopy	1.11.0
2023	parascopy	1.12.0
2023	parascopy	1.13.9
2023	parascopy	1.14.0
2023	parascopy	1.14.1
2023	parascopy	1.9.7
2023	parebrick	0.4
2023	parebrick	0.5.5
2023	pasa	2.5.3
2023	pasta	1.9.0
2023	paste-bio	1.4.0
2023	pastrami	0.9.5
2023	pastrami	0.9.6
2023	pasty	1.0.3
2023	pathogen-profiler	2.0.3
2023	pathogen-profiler	2.0.4
2023	pathogen-profiler	3.0.0
2023	pathogen-profiler	3.1.0
2023	pbbam	2.4.0
2023	pbcopper	2.2.0
2023	pbcopper	2.3.0
2023	pbfusion	0.1.0
2023	pbfusion	0.2.2
2023	pbfusion	0.3.0
2023	pbfusion	0.3.1
2023	pbfusion	0.4.0
2023	pbiotools	3.0.0
2023	pbiotools	4.0.0
2023	pbiotools	4.0.1
2023	pbiotools	4.0.2
2023	pbjasmine	2.0.0
2023	pbmarkdup	1.0.3
2023	pbmm2	1.10.0
2023	pbmm2	1.12.0
2023	pbmm2	1.13.0
2023	pbmm2	1.13.1
2023	pbpigeon	1.1.0
2023	pbpigeon	1.2.0
2023	pbsim3	3.0.0
2023	pbsim3	3.0.1
2023	pbskera	1.1.0
2023	pbskera	1.2.0
2023	pbstarphase	0.7.2
2023	pbstarphase	0.7.3
2023	pbsv	2.9.0
2023	pbtk	3.0.0
2023	pbtk	3.1.0
2023	pbtk	3.1.1
2023	pcaone	0.3.2
2023	pcaone	0.3.3
2023	pcaone	0.3.4
2023	pcaone	0.3.5
2023	pcaone	0.3.9
2023	pcaone	0.4.0
2023	pcaone	0.4.1
2023	pdivas	1.1.0
2023	peaks2utr	1.2.0
2023	pecat	0.0.1
2023	pecat	0.0.2
2023	pecat	0.0.3
2023	pedesigner	0.2.0
2023	peekseq	0.0.1
2023	pegasusio	0.8.0
2023	pegasusio	0.8.1
2023	pegasuspy	1.8.1
2023	peglit	1.0.2
2023	peglit	1.1.0
2023	pegs	0.6.6
2023	pepsirf	1.6.0
2023	peptide-shaker	2.2.17
2023	peptide-shaker	2.2.23
2023	peptide-shaker	2.2.25
2023	peptide-shaker	3.0.0
2023	peptide-shaker	3.0.1
2023	peptide-shaker	3.0.3
2023	peptide-shaker	3.0.4
2023	perbase	0.9.0
2023	perl-autodie	2.35
2023	perl-autodie	2.36
2023	perl-bio-bpwrapper	1.15
2023	perl-bio-easel	0.16
2023	perl-bio-phylo-forest-dbtree	0.58
2023	perl-biox-seq	0.008007
2023	perl-biox-seq	0.008008
2023	perl-cgi	4.55
2023	perl-cgi	4.56
2023	perl-config-any	0.33
2023	perl-cpan-meta-requirements	2.142
2023	perl-cpan-meta-requirements	2.143
2023	perl-datetime-locale	1.38
2023	perl-datetime-locale	1.39
2023	perl-email-simple	2.218
2023	perl-excel-writer-xlsx	1.10
2023	perl-excel-writer-xlsx	1.11
2023	perl-fastx-reader	1.10.0
2023	perl-fastx-reader	1.11.0
2023	perl-fastx-reader	1.12.0
2023	perl-fastx-reader	1.8.1
2023	perl-fastx-reader	1.9.0
2023	perl-file-listing	6.16
2023	perl-getopt-long-descriptive	0.111
2023	perl-graph	0.9726
2023	perl-graph	0.9727
2023	perl-html-parser	3.81
2023	perl-http-daemon	6.15
2023	perl-http-daemon	6.16
2023	perl-http-date	6.06
2023	perl-image-exiftool	12.60
2023	perl-io-zlib	1.12
2023	perl-io-zlib	1.14
2023	perl-json-validator	5.14
2023	perl-list-someutils	0.59
2023	perl-math-bigint	1.999838
2023	perl-math-bigint	1.999839
2023	perl-math-bigint	1.999841
2023	perl-math-bigint	1.999842
2023	perl-math-bigint	2.000000
2023	perl-math-bigint	2.001000
2023	perl-math-bigint	2.001001
2023	perl-math-bigint	2.002000
2023	perl-math-bigint	2.002001
2023	perl-math-bigint	2.003001
2023	perl-mce	1.884
2023	perl-mce	1.888
2023	perl-metabolomics-fragment-annotation	0.6.9
2023	perl-mime-types	2.24
2023	perl-minion-backend-sqlite	5.0.7
2023	perl-minion	10.25
2023	perl-minion	10.26
2023	perl-minion	10.27
2023	perl-minion	10.28
2023	perl-mixin-linewise	0.111
2023	perl-module-metadata	1.000038
2023	perl-module-scandeps	1.32
2023	perl-module-scandeps	1.33
2023	perl-mojo-pg	4.27
2023	perl-mojo-sqlite	3.009
2023	perl-moose	2.2202
2023	perl-number-format	1.76
2023	perl-params-validationcompiler	0.31
2023	perl-pdf-table	1.004
2023	perl-pdf-table	1.005
2023	perl-perldoc	0.20
2023	perl-pod-coverage-trustpod	0.100006
2023	perl-pod-elemental	0.103006
2023	perl-pod-eventual	0.094003
2023	perl-retroseq	1.5
2023	perl-sql-abstract-pg	1.0
2023	perl-sql-abstract	2.000001
2023	perl-statistics-descriptive	3.0801
2023	perl-string-rewriteprefix	0.009
2023	perl-string-truncate	1.100603
2023	perl-sub-exporter-formethods	0.100055
2023	perl-test-file	1.993
2023	perl-test-inter	1.10
2023	perl-time-local	1.35
2023	perl-uri-db	0.21
2023	perl-uri-nested	0.10
2023	perl-xml-libxslt	2.002001
2023	pfp	0.3.8
2023	pfp	0.3.9
2023	pgenlib	0.90.1
2023	pggb	0.5.3
2023	pggb	0.5.4
2023	pgr-tk	0.5.1
2023	phables	0.1.0
2023	phables	0.1.0b7
2023	phables	0.1.1
2023	phables	0.2.0
2023	phables	1.0.0
2023	phables	1.1.0
2023	phables	1.2.0
2023	phables	1.2.1
2023	phables	1.2.2
2023	phanotate	1.5.1
2023	phantasm-xenogi	3.1.2
2023	phantasm	1.1.3
2023	pharokka	1.2.0
2023	pharokka	1.2.1
2023	pharokka	1.3.0
2023	pharokka	1.3.1
2023	pharokka	1.3.2
2023	pharokka	1.4.0
2023	pharokka	1.4.1
2023	pharokka	1.5.0
2023	pharokka	1.5.1
2023	phaser	0.1.1ad5f89
2023	phasius	0.1.0
2023	phate	1.0.10
2023	phate	1.0.11
2023	phykit	1.11.15
2023	phykit	1.11.16
2023	phykit	1.12.0
2023	phykit	1.12.2
2023	phykit	1.12.3
2023	phykit	1.12.4
2023	phykit	1.12.5
2023	phyloacc	2.1.1
2023	phyloacc	2.2.0
2023	phylodm	2.2.0
2023	phylodm	2.2.1
2023	phylodm	3.0.0
2023	phylofisher	1.2.10
2023	phylofisher	1.2.11
2023	phylofisher	1.2.12
2023	phylofisher	1.2.13
2023	phylofisher	1.2.5
2023	phylofisher	1.2.6
2023	phylofisher	1.2.7
2023	phylofisher	1.2.8
2023	phylofisher	1.2.9
2023	phyloflash	3.4.2
2023	phylogenize	0.91
2023	phylornn	1.0
2023	phyml	3.3.20220408
2023	phynteny	0.1.11
2023	physiofit	3.1.0
2023	physiofit	3.1.1
2023	physiofit	3.2.0
2023	physiofit	3.3.0
2023	physiofit	3.3.1
2023	physiofit	3.3.2
2023	phytest	1.4.0
2023	phytest	1.4.1
2023	pia	1.4.10
2023	pia	1.4.8
2023	pia	1.4.9
2023	pia	1.5.0
2023	picard-slim	3.0.0
2023	picard-slim	3.1.0
2023	picard-slim	3.1.1
2023	picard	2.27.5
2023	picard	3.0.0
2023	picard	3.1.0
2023	picard	3.1.1
2023	picrust2	2.5.2
2023	pileuppy	1.2.0
2023	piper	0.13.2
2023	piper	0.14.0
2023	piranha-polio	1.0.10
2023	piranha-polio	1.0.12
2023	piranha-polio	1.0.13
2023	piranha-polio	1.0.7
2023	piranha-polio	1.0.8
2023	piranha-polio	1.1
2023	piranha-polio	1.1.1
2023	piranha-polio	1.1.2
2023	piranha-polio	1.2.1
2023	piranha-polio	1.2.2
2023	piscem	0.3.0
2023	piscem	0.4.0
2023	piscem	0.4.1
2023	piscem	0.4.2
2023	piscem	0.4.3
2023	piscem	0.5.0
2023	piscem	0.5.1
2023	piscem	0.6.0
2023	piscem	0.6.1
2023	piscem	0.6.2
2023	piscem	0.6.3
2023	pixelator	0.13.1
2023	pixelator	0.14.0
2023	pixelator	0.15.0
2023	pixelator	0.15.2
2023	planemo	0.75.10
2023	planemo	0.75.11
2023	planemo	0.75.12
2023	planemo	0.75.14
2023	planemo	0.75.15
2023	planemo	0.75.17
2023	planemo	0.75.18
2023	planemo	0.75.19
2023	planemo	0.75.9
2023	plannotate	1.2.1
2023	plassembler	0.1.4
2023	plassembler	0.1.5
2023	plassembler	1.0.0
2023	plassembler	1.1.0
2023	plassembler	1.2.0
2023	plassembler	1.3.0
2023	plassembler	1.4.0
2023	plassembler	1.4.1
2023	plassembler	1.5.0
2023	platon	1.7
2023	plink2	2.00a3.7
2023	plink2	2.00a5
2023	plotsr	1.0.0
2023	plotsr	1.1.0
2023	plotsr	1.1.1
2023	pmultiqc	0.0.20
2023	pmultiqc	0.0.21
2023	pmultiqc	0.0.22
2023	pmultiqc	0.0.23
2023	pmx_biobb	2.0.0
2023	pmx_biobb	3.0.3
2023	pmx_biobb	4.0.2
2023	pmx_biobb	4.1.2
2023	pmx_biobb	4.1.3
2023	pneumo-typer	1.0.1
2023	poly-qtlseq	1.0.0
2023	polystest	1.3.2
2023	polystest	1.3.4
2023	pomoxis	0.3.12
2023	pomoxis	0.3.13
2023	pomoxis	0.3.15
2023	poppunk	2.6.1
2023	poppunk	2.6.2
2023	poppunk	2.6.3
2023	poseidon-trident	1.1.11.0
2023	poseidon-trident	1.1.6.0
2023	poseidon-trident	1.2.0.0
2023	poseidon-trident	1.3.0.4
2023	poseidon-xerxes	0.3.4.0
2023	poseidon-xerxes	1.0.0.2
2023	ppanggolin	1.2.105
2023	primalscheme	1.4.1
2023	primer3-py	1.2.0
2023	primer3-py	1.2.1
2023	primer3-py	1.2.2
2023	primer3-py	2.0.0
2023	primer3-py	2.0.1
2023	prodigal-gv	2.11.0
2023	profile_dists	1.0.0
2023	prokbert	0.0.40
2023	proksee	1.0.0a6
2023	pronto	2.5.2
2023	pronto	2.5.3
2023	pronto	2.5.4
2023	pronto	2.5.5
2023	prophyle	0.3.3.1
2023	prot-scriber	0.1.5
2023	proteinortho	6.1.7
2023	proteinortho	6.2.0
2023	proteinortho	6.2.1
2023	proteinortho	6.2.2
2023	proteinortho	6.2.3
2023	proteinortho	6.3.0
2023	proteinortho	6.3.1
2023	proteomiqon-alignmentbasedquantification	0.0.2
2023	proteomiqon-alignmentbasedquantstatistics	0.0.3
2023	proteomiqon-joinquantpepionswithproteins	0.0.2
2023	proteomiqon-labeledproteinquantification	0.0.3
2023	proteomiqon-labelfreeproteinquantification	0.0.3
2023	proteomiqon-psmbasedquantification	0.0.9
2023	protgraph	0.3.9
2023	protmapper	0.0.28
2023	prscs	1.1.0
2023	pseudo-it	3.1.1
2023	psims	1.2.3
2023	psims	1.2.4
2023	psims	1.2.5
2023	psims	1.2.6
2023	psims	1.2.7
2023	psims	1.2.8
2023	psims	1.2.9
2023	psims	1.3.0
2023	psims	1.3.1
2023	psims	1.3.2
2023	psm-utils	0.2.1
2023	psm-utils	0.2.3
2023	psm-utils	0.4.1
2023	psm-utils	0.5.0
2023	psm-utils	0.6.0
2023	psm-utils	0.7.0
2023	psm-utils	0.7.1
2023	psm-utils	0.7.2
2023	psmc	0.6.5
2023	ptgaul	1.0.5
2023	pxblat	0.2.0
2023	pxblat	0.3.0
2023	pxblat	0.3.1
2023	pxblat	0.3.10
2023	pxblat	0.3.2
2023	pxblat	0.3.4
2023	pxblat	0.3.5
2023	pxblat	0.3.6
2023	pxblat	1.0.0
2023	pxblat	1.0.3
2023	pxblat	1.1.1
2023	pxblat	1.1.10
2023	pxblat	1.1.2
2023	pxblat	1.1.8
2023	py_fasta_validator	0.6
2023	pyabpoa	1.4.1
2023	pyabpoa	1.4.2
2023	pybbi	0.3.5
2023	pybbi	0.3.6
2023	pybedlite	0.0.3
2023	pybedlite	0.0.4
2023	pybedtools	0.9.1
2023	pybigwig	0.3.22
2023	pybiolib	1.1.1011
2023	pybiolib	1.1.1027
2023	pybiolib	1.1.1029
2023	pybiolib	1.1.1044
2023	pybiolib	1.1.1065
2023	pybiolib	1.1.1073
2023	pybiolib	1.1.1101
2023	pybiolib	1.1.1121
2023	pybiolib	1.1.1125
2023	pybiolib	1.1.1146
2023	pybiolib	1.1.1167
2023	pybiolib	1.1.1172
2023	pybiolib	1.1.1185
2023	pybiolib	1.1.1194
2023	pybiolib	1.1.1198
2023	pybiolib	1.1.1200
2023	pybiolib	1.1.1207
2023	pybiolib	1.1.1216
2023	pybiolib	1.1.1218
2023	pybiolib	1.1.1225
2023	pybiolib	1.1.1264
2023	pybiolib	1.1.1272
2023	pybiolib	1.1.1277
2023	pybiolib	1.1.1282
2023	pybiolib	1.1.1301
2023	pybiolib	1.1.1306
2023	pybiolib	1.1.1310
2023	pybiolib	1.1.1316
2023	pybiolib	1.1.1342
2023	pybiolib	1.1.1350
2023	pybiolib	1.1.1360
2023	pybiolib	1.1.1367
2023	pybiolib	1.1.1393
2023	pybiolib	1.1.1395
2023	pybiolib	1.1.1412
2023	pybiolib	1.1.1423
2023	pybiolib	1.1.1437
2023	pybiolib	1.1.1467
2023	pybiolib	1.1.1474
2023	pybiolib	1.1.1476
2023	pybiolib	1.1.1478
2023	pybiolib	1.1.1495
2023	pybiolib	1.1.1499
2023	pybiolib	1.1.1508
2023	pybiolib	1.1.1514
2023	pybiolib	1.1.1527
2023	pybiolib	1.1.1530
2023	pybiolib	1.1.1533
2023	pybiolib	1.1.1535
2023	pybiolib	1.1.1542
2023	pybiolib	1.1.1558
2023	pybiolib	1.1.1566
2023	pybiolib	1.1.1571
2023	pybiolib	1.1.1598
2023	pybiolib	1.1.1608
2023	pybiolib	1.1.1626
2023	pybiolib	1.1.1641
2023	pybiolib	1.1.1644
2023	pybiolib	1.1.1648
2023	pybiolib	1.1.1651
2023	pybiolib	1.1.1660
2023	pybiolib	1.1.1666
2023	pybiolib	1.1.809
2023	pybiolib	1.1.814
2023	pybiolib	1.1.822
2023	pybiolib	1.1.824
2023	pybiolib	1.1.825
2023	pybiolib	1.1.835
2023	pybiolib	1.1.860
2023	pybiolib	1.1.862
2023	pybiolib	1.1.911
2023	pybiolib	1.1.916
2023	pybiolib	1.1.918
2023	pybiolib	1.1.930
2023	pybiolib	1.1.944
2023	pybiolib	1.1.988
2023	pybiolib	1.1.997
2023	pyclone-vi	0.1.3
2023	pycrac	1.5.2
2023	pyctv_taxonomy	0.25
2023	pydamage	0.71
2023	pydamage	0.72
2023	pydeseq2	0.3.3
2023	pydeseq2	0.3.4
2023	pydeseq2	0.3.5
2023	pydeseq2	0.3.6
2023	pydeseq2	0.4.0
2023	pydeseq2	0.4.1
2023	pydeseq2	0.4.2
2023	pydeseq2	0.4.3
2023	pydeseq2	0.4.4
2023	pydmtools	0.1.1
2023	pyeasyfuse	2.0.3
2023	pyega3	5.0.1
2023	pyega3	5.0.2
2023	pyega3	5.1.0
2023	pyensembl	2.2.9
2023	pyfaidx	0.7.2.1
2023	pyfaidx	0.7.2.2
2023	pyfamsa	0.3.0
2023	pyfastx	0.9.1
2023	pyfastx	1.0.1
2023	pyfastx	1.1.0
2023	pyfastx	2.0.0
2023	pyfastx	2.0.1
2023	pyfastx	2.0.2
2023	pyfish	1.0.2
2023	pyfish	1.0.3
2023	pygenometracks	3.8
2023	pygenomeviz	0.3.2
2023	pygenomeviz	0.4.0
2023	pygenomeviz	0.4.1
2023	pygenomeviz	0.4.2
2023	pygenomeviz	0.4.3
2023	pygenomeviz	0.4.4
2023	pyham	1.1.11
2023	pyhmmer	0.10.0
2023	pyhmmer	0.10.1
2023	pyhmmer	0.10.2
2023	pyhmmer	0.10.3
2023	pyhmmer	0.10.4
2023	pyhmmer	0.7.2
2023	pyhmmer	0.8.0
2023	pyhmmer	0.8.1
2023	pyhmmer	0.8.2
2023	pyhmmer	0.9.0
2023	pyjaspar	2.1.1
2023	pyjaspar	3.0.0
2023	pymlst	2.1.4
2023	pymlst	2.1.5
2023	pymochi	0.9
2023	pymsaviz	0.2.2
2023	pymsaviz	0.3.0
2023	pymsaviz	0.4.0
2023	pymsaviz	0.4.1
2023	pymsaviz	0.4.2
2023	pymzml	2.5.3
2023	pynteny	1.0.0
2023	pyopal	0.3.0
2023	pyopal	0.4.0
2023	pyopal	0.4.1
2023	pyopenms	2.9.1
2023	pyopenms	3.0.0
2023	pyopenms	3.1.0
2023	pypgx	0.20.0
2023	pypgx	0.21.0
2023	pypgx	0.22.0
2023	pypgx	0.23.0
2023	pypints	1.1.10
2023	pypints	1.1.9
2023	pypolca	0.1.1
2023	pypolca	0.2.0
2023	pypolca	0.2.1
2023	pyprophet	2.2.4
2023	pyprophet	2.2.5
2023	pyranges	0.0.124
2023	pyranges	0.0.125
2023	pyranges	0.0.127
2023	pyranges	0.0.128
2023	pyranges	0.0.129
2023	pyrle	0.0.36
2023	pyrle	0.0.38
2023	pyrle	0.0.39
2023	pyrodigal-gv	0.2.0
2023	pyrodigal-gv	0.3.0
2023	pyrodigal-gv	0.3.1
2023	pyrodigal	2.0.4
2023	pyrodigal	2.1.0
2023	pyrodigal	2.2.0
2023	pyrodigal	2.3.0
2023	pyrodigal	3.0.0
2023	pyrodigal	3.0.1
2023	pyrodigal	3.1.0
2023	pyrodigal	3.1.1
2023	pyrodigal	3.2.0
2023	pyrodigal	3.2.1
2023	pyroe	0.7.0
2023	pyroe	0.7.1
2023	pyroe	0.8.0
2023	pyroe	0.8.1
2023	pyroe	0.9.0
2023	pyroe	0.9.1
2023	pyroe	0.9.2
2023	pyroe	0.9.3
2023	pysais	1.1.0
2023	pysam	0.21.0
2023	pysam	0.22.0
2023	pyseer	1.3.11
2023	pyslow5	0.9.0
2023	pyslow5	1.0.0
2023	pyslow5	1.1.0
2023	pyspoa	0.0.10
2023	pyspoa	0.0.9
2023	pyspoa	0.2.1
2023	pysradb	2.0.0
2023	pysradb	2.0.1
2023	pysradb	2.0.2
2023	pysradb	2.1.0
2023	pysradb	2.2.0
2023	pyteomics	4.6
2023	pyteomics	4.6.1
2023	pyteomics	4.6.2
2023	pyteomics	4.6.3
2023	pythomics	0.4.1
2023	python-bioext	0.21.0
2023	python-bioext	0.21.1
2023	python-bioext	0.21.2
2023	python-hivclustering	1.6.5
2023	python-hivclustering	1.6.7
2023	python-hivclustering	1.6.8
2023	python-hppy	0.9.9
2023	python-hyphy-python	0.1.11
2023	python-monovar	0.1
2023	python-newick	1.4.0
2023	python-newick	1.6.0
2023	python-newick	1.9.0
2023	python-nextflow	0.6
2023	python-nextflow	0.6.1
2023	python-nextflow	0.7
2023	python-nextflow	0.7.1
2023	python-nextflow	0.8
2023	pythoncyc	2.0.2
2023	pytrf	1.2.1
2023	pytrimal	0.6.0
2023	pytrimal	0.7.0
2023	pywfa	0.4.1
2023	pywfa	0.4.2
2023	pywfa	0.5.0
2023	pywfa	0.5.1
2023	qiskit-xyz2pdb	0.1.0
2023	qiskit-xyz2pdb	0.1.2
2023	qtlseq	2.2.4
2023	qualimap	2.3
2023	quantiprot	0.2.5
2023	quatradis	1.0.1
2023	quatradis	1.0.2
2023	quatradis	1.1.0
2023	querynator	0.2.1
2023	querynator	0.2.2
2023	querynator	0.3.3
2023	querynator	0.4.0
2023	querynator	0.4.1
2023	quickbam	1.0.0
2023	quicksnp	1.0.1
2023	r-acidbase	0.6.10
2023	r-acidbase	0.6.11
2023	r-acidbase	0.6.12
2023	r-acidbase	0.6.13
2023	r-acidbase	0.6.15
2023	r-acidbase	0.6.16
2023	r-acidbase	0.6.17
2023	r-acidbase	0.6.18
2023	r-acidbase	0.6.19
2023	r-acidbase	0.6.20
2023	r-acidbase	0.6.21
2023	r-acidbase	0.6.22
2023	r-acidbase	0.6.23
2023	r-acidbase	0.7.0
2023	r-acidbase	0.7.1
2023	r-acidbase	0.7.2
2023	r-acidbase	0.7.3
2023	r-acidcli	0.2.6
2023	r-acidcli	0.2.7
2023	r-acidcli	0.2.8
2023	r-acidcli	0.3.0
2023	r-acidexperiment	0.4.5
2023	r-acidexperiment	0.4.7
2023	r-acidexperiment	0.5.2
2023	r-acidexperiment	0.5.3
2023	r-acidexperiment	0.5.4
2023	r-acidgenerics	0.6.10
2023	r-acidgenerics	0.6.11
2023	r-acidgenerics	0.6.12
2023	r-acidgenerics	0.6.6
2023	r-acidgenerics	0.6.7
2023	r-acidgenerics	0.6.8
2023	r-acidgenerics	0.6.9
2023	r-acidgenerics	0.7.1
2023	r-acidgenerics	0.7.2
2023	r-acidgenerics	0.7.3
2023	r-acidgenerics	0.7.4
2023	r-acidgenerics	0.7.5
2023	r-acidgenerics	0.7.6
2023	r-acidgenomes	0.4.5
2023	r-acidgenomes	0.4.6
2023	r-acidgenomes	0.4.7
2023	r-acidgenomes	0.4.8
2023	r-acidgenomes	0.5.0
2023	r-acidgenomes	0.5.1
2023	r-acidgenomes	0.6.0
2023	r-acidgenomes	0.6.1
2023	r-acidgenomes	0.7.0
2023	r-acidgenomes	0.7.1
2023	r-acidgenomes	0.7.2
2023	r-acidgsea	0.8.7
2023	r-acidgsea	0.8.8
2023	r-acidgsea	0.8.9
2023	r-acidgsea	0.9.0
2023	r-acidmarkdown	0.2.6
2023	r-acidmarkdown	0.3.0
2023	r-acidplots	0.5.4
2023	r-acidplots	0.5.5
2023	r-acidplots	0.6.0
2023	r-acidplots	0.6.1
2023	r-acidplots	0.7.1
2023	r-acidplots	0.7.2
2023	r-acidplyr	0.3.10
2023	r-acidplyr	0.3.11
2023	r-acidplyr	0.3.3
2023	r-acidplyr	0.3.4
2023	r-acidplyr	0.3.5
2023	r-acidplyr	0.3.6
2023	r-acidplyr	0.3.7
2023	r-acidplyr	0.3.8
2023	r-acidplyr	0.3.9
2023	r-acidplyr	0.4.1
2023	r-acidplyr	0.4.2
2023	r-acidplyr	0.5.0
2023	r-acidplyr	0.5.1
2023	r-acidplyr	0.5.2
2023	r-acidplyr	0.5.3
2023	r-acidsinglecell	0.3.4
2023	r-acidsinglecell	0.3.5
2023	r-acidsinglecell	0.3.6
2023	r-acidsinglecell	0.4.0
2023	r-acidsinglecell	0.4.1
2023	r-annotables	0.2.0
2023	r-basejump	0.16.2
2023	r-basejump	0.16.3
2023	r-basejump	0.16.4
2023	r-basejump	0.16.5
2023	r-basejump	0.17.0
2023	r-basejump	0.18.0
2023	r-bcbiobase	0.8.2
2023	r-bcbiobase	0.9.0
2023	r-bcbiornaseq	0.5.2
2023	r-bcbiornaseq	0.5.3
2023	r-bcbiornaseq	0.5.4
2023	r-bcbiornaseq	0.5.5
2023	r-bcbiornaseq	0.6.0
2023	r-bcbiornaseq	0.6.1
2023	r-bcbiosinglecell	0.6.3
2023	r-bcbiosinglecell	0.6.4
2023	r-bcbiosinglecell	0.7.0
2023	r-bcbiosinglecell	0.7.1
2023	r-biomartr	1.0.3
2023	r-biomartr	1.0.4
2023	r-biomartr	1.0.6
2023	r-biomartr	1.0.7
2023	r-calder2	0.6
2023	r-calder2	0.7
2023	r-ccqtl	0.0.1_beta.1
2023	r-ccqtl	0.0.1_beta.2
2023	r-cellosaurus	0.3.4
2023	r-cellosaurus	0.4.0
2023	r-cellosaurus	0.4.1
2023	r-cellosaurus	0.5.0
2023	r-cellosaurus	0.5.1
2023	r-cellosaurus	0.5.2
2023	r-cellosaurus	0.5.3
2023	r-cellosaurus	0.5.4
2023	r-cellosaurus	0.6.0
2023	r-cellosaurus	0.7.0
2023	r-cellosaurus	0.7.1
2023	r-cellosaurus	0.7.2
2023	r-cellosaurus	0.8.1
2023	r-chromium	0.2.1
2023	r-chromium	0.3.0
2023	r-corncob	0.3.2
2023	r-crbhits	0.0.4
2023	r-dartr	2.9.7
2023	r-deseqanalysis	0.6.10
2023	r-deseqanalysis	0.6.11
2023	r-deseqanalysis	0.6.12
2023	r-deseqanalysis	0.6.7
2023	r-deseqanalysis	0.6.8
2023	r-deseqanalysis	0.6.9
2023	r-deseqanalysis	0.7.0
2023	r-diffcorr	0.4.3
2023	r-dimsum	1.3
2023	r-dinamic.duo	1.0.2
2023	r-dowser	1.2.0
2023	r-eggnog	0.2.2
2023	r-eggnog	0.3.0
2023	r-enchantr	0.1.0
2023	r-enchantr	0.1.1
2023	r-enchantr	0.1.2
2023	r-enchantr	0.1.3
2023	r-epic	1.1.6
2023	r-epic	1.1.7
2023	r-erah	1.1.2
2023	r-erah	2.0.0
2023	r-erah	2.0.1
2023	r-eztune	3.1.1
2023	r-gkmsvm	0.82.0
2023	r-gkmsvm	0.83.0
2023	r-goalie	0.6.10
2023	r-goalie	0.6.11
2023	r-goalie	0.6.12
2023	r-goalie	0.6.13
2023	r-goalie	0.6.14
2023	r-goalie	0.6.15
2023	r-goalie	0.6.16
2023	r-goalie	0.6.17
2023	r-goalie	0.6.18
2023	r-goalie	0.6.8
2023	r-goalie	0.6.9
2023	r-goalie	0.7.1
2023	r-goalie	0.7.2
2023	r-goalie	0.7.3
2023	r-goalie	0.7.4
2023	r-goalie	0.7.5
2023	r-goalie	0.7.6
2023	r-goalie	0.7.7
2023	r-grain	1.3.13
2023	r-grain	1.3.14
2023	r-grain	1.4.0
2023	r-grain	1.4.1
2023	r-grbase	1.9.0
2023	r-grbase	2.0.0
2023	r-grbase	2.0.1
2023	r-htscluster	2.0.11
2023	r-ichorcna	0.5.0
2023	r-immucellaimouse	1.0
2023	r-immunedeconv	2.1.2
2023	r-ldweaver	1.1.1
2023	r-ldweaver	1.2
2023	r-ldweaver	1.3.1
2023	r-leidenbase	0.1.18
2023	r-liger	1.0.1
2023	r-metablastr	0.3.2
2023	r-metacoder	0.3.6
2023	r-metadig	0.2.1
2023	r-misha	3.7.0
2023	r-misha	3.7.1
2023	r-mixkernel	0.9
2023	r-monocle3	1.3.1
2023	r-mytai	0.9.3
2023	r-oncopharmadb	1.3.7
2023	r-oncopharmadb	1.4.4
2023	r-oncopharmadb	1.4.6
2023	r-pairadise	1.0.0
2023	r-panther	0.4.0
2023	r-panther	0.5.0
2023	r-pathfindr	2.1.0
2023	r-pathfindr	2.2.0
2023	r-pathfindr	2.3.0
2023	r-phewas	0.99.6
2023	r-pipette	0.10.10
2023	r-pipette	0.10.2
2023	r-pipette	0.10.3
2023	r-pipette	0.10.4
2023	r-pipette	0.10.5
2023	r-pipette	0.10.8
2023	r-pipette	0.10.9
2023	r-pipette	0.11.0
2023	r-pipette	0.11.1
2023	r-pipette	0.11.2
2023	r-pipette	0.12.0
2023	r-pipette	0.12.1
2023	r-pipette	0.12.2
2023	r-pipette	0.12.3
2023	r-pipette	0.12.4
2023	r-pipette	0.13.0
2023	r-pipette	0.14.1
2023	r-pipette	0.14.2
2023	r-pipette	0.15.0
2023	r-pipette	0.15.1
2023	r-pipette	0.15.2
2023	r-proteus-bartongroup	0.2.16
2023	r-pspecterlib	1.1.0
2023	r-quilt	1.0.4
2023	r-quilt	1.0.5
2023	r-ramclustr	1.3.0
2023	r-ramclustr	1.3.1
2023	r-recetox-aplcms	0.10.1
2023	r-recetox-aplcms	0.10.2
2023	r-recetox-aplcms	0.10.3
2023	r-recetox-aplcms	0.11.0
2023	r-recetox-aplcms	0.12.0
2023	r-recetox-xmsannotator	0.10.0
2023	r-rspectral	1.0.0.10
2023	r-saige	1.1.8
2023	r-saige	1.1.9
2023	r-saige	1.2.0
2023	r-saige	1.3.1
2023	r-seqmagick	0.1.6
2023	r-shinyngs	1.5.1
2023	r-shinyngs	1.5.3
2023	r-shinyngs	1.5.4
2023	r-shinyngs	1.5.5
2023	r-shinyngs	1.5.6
2023	r-shinyngs	1.5.8
2023	r-shinyngs	1.5.9
2023	r-shinyngs	1.6.0
2023	r-shinyngs	1.6.1
2023	r-shinyngs	1.7.1
2023	r-shinyngs	1.7.2
2023	r-shinyngs	1.8.0
2023	r-shinyngs	1.8.1
2023	r-shinyngs	1.8.2
2023	r-shinyngs	1.8.3
2023	r-shinyngs	1.8.4
2023	r-shinyngs	1.8.5
2023	r-sigminer	2.2.0
2023	r-sigminer	2.2.2
2023	r-sigminer	2.3.0
2023	r-signac	1.10.0
2023	r-signac	1.11.0
2023	r-signac	1.12.0
2023	r-signac	1.9.0
2023	r-sigqc	0.1.23
2023	r-stitch	1.6.10
2023	r-stitch	1.6.8
2023	r-syntactic	0.6.4
2023	r-syntactic	0.6.5
2023	r-syntactic	0.6.6
2023	r-syntactic	0.7.0
2023	r-syntactic	0.7.1
2023	r-tailfindr	1.4
2023	r-tinyarray	2.2.9
2023	r-tinyarray	2.3.0
2023	r-tinyarray	2.3.1
2023	r-wormbase	0.4.1
2023	r-wormbase	0.4.2
2023	r-wormbase	0.5.0
2023	rabies	0.5.1
2023	raiss	4.0
2023	rapgreen	1.0
2023	rappas	1.22
2023	raptor	3.0.0
2023	raptor	3.0.1
2023	rasusa	0.7.1
2023	ratatosk	0.9.0
2023	raven-assembler	1.8.2
2023	raven-assembler	1.8.3
2023	raxml-ng	1.2.0
2023	raxml-ng	1.2.1
2023	raxml	8.2.13
2023	rbpbench	0.1
2023	rbpbench	0.2
2023	rbpbench	0.3
2023	rbpbench	0.4
2023	rbpbench	0.5
2023	rbpbench	0.6
2023	rbpbench	0.7
2023	rbpbench	0.8
2023	rbpbench	0.8.1
2023	rcorrector	1.0.6
2023	read2tree	0.1.5
2023	rebar	0.2.0
2023	recentrifuge	1.12.1
2023	recentrifuge	1.12.2
2023	recentrifuge	1.13.0
2023	recognizer	1.10.0
2023	recognizer	1.10.1
2023	recognizer	1.9.0
2023	recognizer	1.9.1
2023	recognizer	1.9.2
2023	recognizer	1.9.3
2023	recognizer	1.9.4
2023	redundans	2.01
2023	referee	1.2
2023	reffinder	0.81
2023	refgenieserver	0.7.0
2023	reframed	1.4.0
2023	reframed	1.5.0
2023	regenie	3.2.5
2023	regenie	3.2.5.2
2023	regenie	3.2.6
2023	regenie	3.2.7
2023	regenie	3.2.9
2023	regenie	3.3
2023	regenie	3.4
2023	regtools	1.0.0
2023	relion	4.0.1
2023	reneo	0.2.0
2023	repeatmasker	4.1.5
2023	repeatmodeler	2.0.4
2023	repeatmodeler	2.0.5
2023	repic	0.0.0
2023	repic	0.1.0
2023	repic	0.2.0
2023	repic	0.2.1
2023	replidec	0.3.1.1
2023	resistify	0.1.0
2023	rgccacmd	3.0.3
2023	rgi	6.0.2
2023	rgi	6.0.3
2023	rgt	1.0.0
2023	rgt	1.0.1
2023	rgt	1.0.2
2023	riassigner	0.3.4
2023	riblast	1.2.0
2023	ribodetector	0.2.8
2023	ribodetector	0.2.9
2023	ribodetector	0.3.0
2023	ribotin	1.0
2023	ribotin	1.1
2023	ribotin	1.2
2023	ribotish	0.2.7
2023	ribotricer	1.3.3
2023	rich-msa	0.1.0
2023	rmath4	4.3.1
2023	rmats-long	1.0.0
2023	rmats	4.2.0
2023	rmats2sashimiplot	3.0.0
2023	rmblast	2.13.0
2023	rmblast	2.14.0
2023	rmblast	2.14.1
2023	rnabloom	2.0.1
2023	rnaquast	2.2.3
2023	rnaredprint	0.3
2023	rosella	0.5.0
2023	rosella	0.5.1
2023	rosella	0.5.2
2023	rpbp	3.0.1
2023	rpbp	3.0.2
2023	rrmscorer	1.0.8
2023	rrmscorer	1.0.9
2023	rseqc	5.0.3
2023	rsrq	1.0.0
2023	rsrq	1.1.0
2023	rsv-typer	0.1.0
2023	rsv-typer	0.2.0
2023	runjob	2.10.3
2023	runjob	2.10.4
2023	runjob	2.10.5
2023	runjob	2.10.6
2023	rust-bio-tools	0.42.0
2023	rustybam	0.1.33
2023	saccharis	2.0.0.dev18
2023	saccharis	2.0.0.dev19
2023	saccharis	2.0.0.dev20
2023	saccharis	2.0.0.dev21
2023	sage-proteomics	0.10.0
2023	sage-proteomics	0.11.0
2023	sage-proteomics	0.11.2
2023	sage-proteomics	0.12.0
2023	sage-proteomics	0.13.1
2023	sage-proteomics	0.13.2
2023	sage-proteomics	0.13.3
2023	sage-proteomics	0.13.4
2023	sage-proteomics	0.14.0
2023	sage-proteomics	0.14.1
2023	sage-proteomics	0.14.2
2023	sage-proteomics	0.14.3
2023	sage-proteomics	0.14.4
2023	sage-proteomics	0.14.5
2023	sage-proteomics	0.8.1
2023	sage-proteomics	0.9.0
2023	sage-proteomics	0.9.4
2023	saintbioutils	0.0.25
2023	salmon	1.10.0
2023	salmon	1.10.1
2023	salmon	1.10.2
2023	salty	1.0.0
2023	salty	1.0.2
2023	salty	1.0.3
2023	salty	1.0.4
2023	salty	1.0.5
2023	sam-algorithm	1.0.2
2023	sam2lca	1.1.3
2023	sam2lca	1.1.4
2023	samap	1.0.13
2023	samap	1.0.14
2023	samap	1.0.15
2023	sambamba	1.0
2023	samcut	0.0.10
2023	samcut	0.1.1
2023	samestr	1.2023.3
2023	samestr	1.2023.4
2023	samtools	1.17
2023	samtools	1.18
2023	samtools	1.19
2023	sanntis	0.9.3
2023	sanntis	0.9.3.1
2023	sanntis	0.9.3.2
2023	sanntis	0.9.3.3
2023	sanntis	0.9.3.4
2023	sativa	0.9.1
2023	savana	0.2.1
2023	savana	0.2.3
2023	savana	1.0.0
2023	savana	1.0.3
2023	savana	1.0.4
2023	sbol-utilities	1.0a17
2023	scanorama	1.7.3
2023	scanorama	1.7.4
2023	scar	0.5.0
2023	scar	0.5.1
2023	scar	0.5.2
2023	scexecute	1.3.3
2023	scib	1.1.4
2023	scirpy	0.12.0
2023	scirpy	0.12.1
2023	scirpy	0.12.2
2023	scirpy	0.13.0
2023	scirpy	0.13.1
2023	scirpy	0.14.0
2023	scmap-cli	0.1.0
2023	scnic	0.6.3
2023	scorpio	0.3.19
2023	scprep	1.2.2
2023	scprep	1.2.3
2023	screadcounts	1.3.2
2023	scrnasim-toolz	0.1.0
2023	scrnasim-toolz	0.1.1
2023	sctagger	1.1
2023	sctagger	1.1.1
2023	sdeper	1.0.0
2023	sdm	2.08
2023	sdm	2.09
2023	sdm	2.10
2023	sdm	2.11
2023	sdm	2.13
2023	sdm	2.14
2023	sdrf-pipelines	0.0.23
2023	sdrf-pipelines	0.0.24
2023	searchgui	4.1.24
2023	searchgui	4.2.14
2023	searchgui	4.2.17
2023	searchgui	4.2.9
2023	searchgui	4.3.0
2023	searchgui	4.3.1
2023	searchgui	4.3.3
2023	searchgui	4.3.5
2023	segmetrics	1.2.2
2023	segmetrics	1.2.3
2023	segmetrics	1.3
2023	segmetrics	1.4
2023	segtools	1.3.0
2023	segzoo	1.0.11
2023	selectfasta	3.1
2023	sem	1.1.2
2023	sem	1.2.0
2023	sem	1.2.3
2023	semibin	1.5.0
2023	semibin	1.5.1
2023	semibin	2.0.0
2023	semibin	2.0.1
2023	semibin	2.0.2
2023	sentieon	202112.07
2023	sentieon	202308
2023	sentieon	202308.01
2023	seq2hla	2.3
2023	seq2science	0.9.7
2023	seq2science	0.9.8
2023	seq2science	0.9.9
2023	seq2science	1.0.0
2023	seq2science	1.0.2
2023	seq2science	1.0.3
2023	seq2science	1.0.4
2023	seq2science	1.1.0
2023	seq2science	1.2.0
2023	seq2science	1.2.1
2023	seqan3	3.3.0
2023	seqchromloader	0.4.0
2023	seqchromloader	0.5.3
2023	seqchromloader	0.6.2
2023	seqchromloader	0.6.3
2023	seqchromloader	0.6.5
2023	seqchromloader	0.6.8
2023	seqchromloader	0.7.0
2023	seqchromloader	0.7.1
2023	seqchromloader	0.7.3
2023	seqerakit	0.4.1
2023	seqerakit	0.4.2
2023	seqerakit	0.4.3
2023	seqerakit	0.4.4
2023	seqerakit	0.4.5
2023	seqfold	0.7.17
2023	seqfu	1.18.0
2023	seqfu	1.20.0
2023	seqhax	0.8.6
2023	seqkit	0.14.0
2023	seqkit	2.4.0
2023	seqkit	2.5.0
2023	seqkit	2.5.1
2023	seqkit	2.6.0
2023	seqkit	2.6.1
2023	seqmagick	0.8.6
2023	seqscreen	4.1
2023	seqscreen	4.2
2023	seqscreen	4.3
2023	seqstr	0.1.0
2023	seqtk	1.4
2023	sequali	0.1.0
2023	sequali	0.2.0
2023	sequali	0.3.0
2023	sequali	0.4.0
2023	sequali	0.4.1
2023	sequana	0.15.1
2023	sequana	0.15.2
2023	sequana	0.15.3
2023	sequana	0.15.4
2023	sequana	0.16.1
2023	sequana	0.16.3
2023	sequana	0.16.4
2023	sequencetools	1.5.3
2023	sequencetools	1.5.3.2
2023	sequenoscope	0.0.5
2023	sequip	0.10
2023	seqverify	0.1.0
2023	seqverify	1.0.0
2023	seqverify	1.1.0
2023	seqwish	0.7.9
2023	sercol	0.1.4
2023	sevenbridges-python	2.10.0
2023	sevenbridges-python	2.9.2
2023	severus	0.1.1
2023	sfs	0.1.0
2023	sgdemux	1.1.0
2023	sgdemux	1.1.1
2023	sgdemux	1.1.2
2023	sgdemux	1.2.0
2023	shapeit5	1.0.0
2023	shapeit5	5.1.1
2023	sharg	1.1.1
2023	shigatyper	2.0.4
2023	shigatyper	2.0.5
2023	shigeifinder	1.3.3
2023	shigeifinder	1.3.4
2023	shigeifinder	1.3.5
2023	short-read-connector	1.2.0
2023	shortseq	0.0.1
2023	shortstack	4.0.0
2023	shortstack	4.0.1
2023	shortstack	4.0.2
2023	shortstack	4.0.3
2023	shorttracks	1.1
2023	sierrapy	0.4.2
2023	sierrapy	0.4.3
2023	simba	1.2
2023	simba_pbg	1.2
2023	simpleaf	0.10.0
2023	simpleaf	0.11.1
2023	simpleaf	0.12.0
2023	simpleaf	0.13.0
2023	simpleaf	0.14.0
2023	simpleaf	0.14.1
2023	simpleaf	0.15.0
2023	simpleaf	0.15.1
2023	simpleaf	0.8.1
2023	simpleaf	0.9.0
2023	singlem	0.14.0
2023	singlem	0.15.0
2023	singlem	0.15.1
2023	singlem	0.16.0
2023	sinto	0.10.0
2023	sirius-csifingerid	5.8.2
2023	sirius-csifingerid	5.8.3
2023	sirius-csifingerid	5.8.4
2023	sirius-csifingerid	5.8.5
2023	ska2	0.1.0
2023	ska2	0.1.2
2023	ska2	0.2.0
2023	ska2	0.2.1
2023	ska2	0.2.2
2023	ska2	0.2.3
2023	ska2	0.2.4
2023	ska2	0.3.0
2023	ska2	0.3.1
2023	ska2	0.3.2
2023	ska2	0.3.3
2023	ska2	0.3.4
2023	ska2	0.3.5
2023	skani	0.0.1
2023	skani	0.1.0
2023	skani	0.1.1
2023	skani	0.1.2
2023	skani	0.1.3
2023	skani	0.1.4
2023	skani	0.1.5
2023	skani	0.2.0
2023	skani	0.2.1
2023	skc	0.1.0
2023	skder	1.0
2023	skder	1.0.1
2023	skder	1.0.3
2023	skder	1.0.4
2023	skder	1.0.5
2023	skder	1.0.6
2023	skder	1.0.7
2023	skder	1.0.8
2023	skesa	2.5.1
2023	slivar	0.2.9
2023	slivar	0.3.0
2023	slow5curl	0.2.0
2023	slow5tools	0.7.0
2023	slow5tools	0.8.0
2023	slow5tools	0.9.0
2023	slow5tools	1.0.0
2023	slow5tools	1.1.0
2023	smafa	0.6.1
2023	smafa	0.7.0
2023	smafa	0.7.1
2023	smallgenomeutilities	0.4.0
2023	smashpp	23.09
2023	smetana	1.2.0
2023	smoothxg	0.7.0
2023	smoothxg	0.7.1
2023	smoothxg	0.7.2
2023	snakedeploy	0.8.3
2023	snakedeploy	0.8.4
2023	snakedeploy	0.8.5
2023	snakedeploy	0.8.6
2023	snakedeploy	0.9.1
2023	snakefmt	0.8.1
2023	snakefmt	0.8.2
2023	snakefmt	0.8.3
2023	snakefmt	0.8.4
2023	snakefmt	0.8.5
2023	snakelines	1.1.8
2023	snakemake-executor-plugin-azure-batch	0.1.3
2023	snakemake-executor-plugin-cluster-generic	1.0.7
2023	snakemake-executor-plugin-cluster-sync	0.1.3
2023	snakemake-executor-plugin-drmaa	0.1.3
2023	snakemake-executor-plugin-googlebatch	0.1.1
2023	snakemake-executor-plugin-kubernetes	0.1.4
2023	snakemake-executor-plugin-slurm-jobstep	0.1.8
2023	snakemake-executor-plugin-slurm	0.1.4
2023	snakemake-interface-common	1.10.0
2023	snakemake-interface-common	1.12.0
2023	snakemake-interface-common	1.13.0
2023	snakemake-interface-common	1.14.0
2023	snakemake-interface-common	1.14.1
2023	snakemake-interface-common	1.14.2
2023	snakemake-interface-common	1.14.3
2023	snakemake-interface-common	1.14.4
2023	snakemake-interface-common	1.14.5
2023	snakemake-interface-common	1.15.0
2023	snakemake-interface-common	1.3.2
2023	snakemake-interface-common	1.3.3
2023	snakemake-interface-common	1.4.1
2023	snakemake-interface-common	1.7.1
2023	snakemake-interface-common	1.7.3
2023	snakemake-interface-common	1.8.0
2023	snakemake-interface-executor-plugins	1.0.1
2023	snakemake-interface-executor-plugins	1.1.1
2023	snakemake-interface-executor-plugins	1.1.2
2023	snakemake-interface-executor-plugins	1.2.0
2023	snakemake-interface-executor-plugins	2.0.0
2023	snakemake-interface-executor-plugins	3.0.1
2023	snakemake-interface-executor-plugins	3.0.2
2023	snakemake-interface-executor-plugins	4.0.0
2023	snakemake-interface-executor-plugins	5.0.0
2023	snakemake-interface-executor-plugins	5.0.1
2023	snakemake-interface-executor-plugins	5.0.2
2023	snakemake-interface-executor-plugins	6.0.0
2023	snakemake-interface-executor-plugins	7.0.1
2023	snakemake-interface-executor-plugins	7.0.2
2023	snakemake-interface-executor-plugins	7.0.3
2023	snakemake-interface-executor-plugins	8.0.2
2023	snakemake-interface-executor-plugins	8.1.0
2023	snakemake-interface-executor-plugins	8.1.1
2023	snakemake-interface-executor-plugins	8.1.2
2023	snakemake-interface-executor-plugins	8.1.3
2023	snakemake-interface-storage-plugins	3.0.0
2023	snakemake-minimal	7.20.0
2023	snakemake-minimal	7.21.0
2023	snakemake-minimal	7.22.0
2023	snakemake-minimal	7.24.0
2023	snakemake-minimal	7.24.2
2023	snakemake-minimal	7.25.0
2023	snakemake-minimal	7.25.1
2023	snakemake-minimal	7.25.2
2023	snakemake-minimal	7.25.3
2023	snakemake-minimal	7.25.4
2023	snakemake-minimal	7.26.0
2023	snakemake-minimal	7.28.1
2023	snakemake-minimal	7.28.2
2023	snakemake-minimal	7.28.3
2023	snakemake-minimal	7.29.0
2023	snakemake-minimal	7.30.0
2023	snakemake-minimal	7.30.1
2023	snakemake-minimal	7.30.2
2023	snakemake-minimal	7.31.0
2023	snakemake-minimal	7.31.1
2023	snakemake-minimal	7.32.0
2023	snakemake-minimal	7.32.1
2023	snakemake-minimal	7.32.2
2023	snakemake-minimal	7.32.3
2023	snakemake-minimal	7.32.4
2023	snakemake-minimal	8.0.0
2023	snakemake-minimal	8.0.1
2023	snakemake-storage-plugin-azure	0.1.4
2023	snakemake-storage-plugin-fs	0.1.5
2023	snakemake-storage-plugin-ftp	0.1.1
2023	snakemake-storage-plugin-gcs	0.1.3
2023	snakemake-storage-plugin-http	0.2.3
2023	snakemake-storage-plugin-irods	0.1.1
2023	snakemake-storage-plugin-s3	0.2.8
2023	snakemake-storage-plugin-sftp	0.1.2
2023	snakemake-storage-plugin-zenodo	0.1.2
2023	snakemake-wrapper-utils	0.5.2
2023	snakemake-wrapper-utils	0.5.3
2023	snakemake-wrapper-utils	0.6.0
2023	snakemake-wrapper-utils	0.6.1
2023	snakemake-wrapper-utils	0.6.2
2023	snakemake	7.20.0
2023	snakemake	7.21.0
2023	snakemake	7.22.0
2023	snakemake	7.24.0
2023	snakemake	7.24.2
2023	snakemake	7.25.0
2023	snakemake	7.25.1
2023	snakemake	7.25.2
2023	snakemake	7.25.3
2023	snakemake	7.25.4
2023	snakemake	7.26.0
2023	snakemake	7.28.1
2023	snakemake	7.28.2
2023	snakemake	7.28.3
2023	snakemake	7.29.0
2023	snakemake	7.30.0
2023	snakemake	7.30.1
2023	snakemake	7.30.2
2023	snakemake	7.31.0
2023	snakemake	7.31.1
2023	snakemake	7.32.0
2023	snakemake	7.32.1
2023	snakemake	7.32.2
2023	snakemake	7.32.3
2023	snakemake	7.32.4
2023	snakemake	8.0.0
2023	snakemake	8.0.1
2023	snakesv	0.7
2023	snakesv	0.8
2023	snaketool-utils	0.0.3
2023	snaketool-utils	0.0.4
2023	snap-aligner	2.0.2
2023	snap-aligner	2.0.3
2023	snapatac2	2.5.1
2023	sneep	0.4
2023	sneep	0.7
2023	sneep	0.8
2023	sniffles	2.2
2023	snipit	1.2
2023	snpeff	5.2
2023	snpsift	5.2
2023	snpsplit	0.6.0
2023	solote	1.09
2023	solvebio	2.24.0
2023	solvebio	2.24.1
2023	solvebio	2.24.2
2023	solvebio	2.25.0
2023	solvebio	2.26.0
2023	somalier	0.2.17
2023	somalier	0.2.18
2023	sorted_nearest	0.0.39
2023	sourcepredict	0.5
2023	sourmash	4.8.0
2023	sourmash	4.8.1
2023	sourmash	4.8.2
2023	sourmash	4.8.3
2023	sourmash	4.8.4
2023	sourmash	4.8.5
2023	spagrn	1.0.4
2023	spagrn	1.0.7
2023	spaln	2.4.13f
2023	spaln	2.4.13g
2023	spaln	3.0.0
2023	spaln	3.0.1
2023	spclust	28.5.19
2023	spec2vec	0.8.0
2023	spectrum_utils	0.4.2
2023	sphae	1.3.1
2023	sphae	1.3.1b
2023	sphae	1.3.2
2023	splitp	0.2.0
2023	spoa	4.0.8
2023	spoa	4.1.0
2023	spoa	4.1.1
2023	spoa	4.1.2
2023	spoa	4.1.3
2023	spoa	4.1.4
2023	spring	1.1.1
2023	squigulator	0.2.0
2023	squigulator	0.2.1
2023	squigulator	0.2.2
2023	sra-human-scrubber	2.1.0
2023	sra-human-scrubber	2.2.1
2023	sra-tools	3.0.10
2023	sra-tools	3.0.3
2023	sra-tools	3.0.5
2023	sra-tools	3.0.6
2023	sra-tools	3.0.7
2023	sra-tools	3.0.8
2023	sra-tools	3.0.9
2023	srnaminer	1.0.6
2023	srnaminer	1.0.7
2023	srnaminer	1.0.8
2023	srnaminer	1.0.9
2023	srnaminer	1.1.0
2023	srnaminer	1.1.1
2023	srnaminer	1.1.2
2023	stacks	2.64
2023	stacks	2.65
2023	star-fusion	1.12.0
2023	star	2.7.11a
2023	staramr	0.10.0
2023	stare-abc	1.0.3.2
2023	stare-abc	1.0.4
2023	stecfinder	1.1.1
2023	straglr	1.4.0
2023	straglr	1.4.1
2023	straindesign	3.2.0
2023	straindesign	3.2.2
2023	strainge	1.3.7
2023	strainge	1.3.8
2023	strainr2	1.0.0
2023	strainscan	1.0.13
2023	strainscan	1.0.14
2023	strandphaser	1.0.2
2023	strling	0.5.2
2023	strobealign	0.10.0
2023	strobealign	0.11.0
2023	strobealign	0.12.0
2023	strobealign	0.8.0
2023	strobealign	0.9.0
2023	strucvis	0.7
2023	submission-excel2xml	2.0.0
2023	subread	2.0.3
2023	subread	2.0.6
2023	superdsm	0.1
2023	superdsm	0.1.1
2023	superdsm	0.1.2
2023	superdsm	0.1.3
2023	sure	2.0.1
2023	surpyvor	0.13.0
2023	surpyvor	0.14.0
2023	surpyvor	0.15.0
2023	svdb	2.8.2
2023	svdss	1.0.5
2023	svhip	1.0.6
2023	svhip	1.0.7
2023	svhip	1.0.8
2023	svhip	1.0.9
2023	svim	2.0.0
2023	svjedi-graph	1.1.0
2023	svjedi-graph	1.1.1
2023	svjedi-graph	1.2.0
2023	svjedi-graph	1.2.1
2023	swarm	3.1.4
2023	sylph	0.0.2
2023	sylph	0.0.3
2023	sylph	0.1.0
2023	sylph	0.2.0
2023	sylph	0.3.0
2023	sylph	0.4.0
2023	sylph	0.4.1
2023	sylph	0.5.0
2023	sylph	0.5.1
2023	symbiontscreener	1.0.0
2023	synapseclient	2.7.1
2023	synapseclient	2.7.2
2023	synapseclient	3.0.0
2023	synapseclient	3.1.0
2023	synapseclient	3.1.1
2023	synapseclient	3.2.0
2023	syngap	1.0.0
2023	syngap	1.0.1
2023	syngap	1.1.0
2023	syngap	1.1.1
2023	t-coffee	13.46.0.919e8c6b
2023	t1dgrs2	0.1.0
2023	t1dgrs2	0.1.1
2023	t1dgrs2	0.1.2
2023	t1k	1.0.2
2023	t1k	1.0.3
2023	t1k	1.0.4
2023	t1k	1.0.5
2023	tabixpp	1.1.2
2023	table2asn	1.0.883
2023	table2asn	1.27.792
2023	table2asn	1.28.943
2023	tadlib	0.4.5.post1
2023	tadrep	0.9.1
2023	talon	6.0
2023	talon	6.0.1
2023	tandem-genotypes	1.9.1
2023	tantan	49
2023	tapestry	1.0.1
2023	tassel	5.2.89
2023	taxmyphage	0.1.3
2023	taxmyphage	0.1.4
2023	taxmyphage	0.1.5
2023	taxmyphage	0.1.9
2023	taxmyphage	0.2.0
2023	taxmyphage	0.2.1
2023	taxmyphage	0.2.3
2023	taxmyphage	0.2.4
2023	taxmyphage	0.2.5
2023	taxmyphage	0.2.6
2023	taxonkit	0.14.2
2023	taxonkit	0.15.0
2023	taxonkit	0.15.1
2023	taxopy	0.10.3
2023	taxopy	0.11.0
2023	taxopy	0.12.0
2023	taxpasta	0.1.0
2023	taxpasta	0.1.1
2023	taxpasta	0.2.0
2023	taxpasta	0.2.1
2023	taxpasta	0.2.2
2023	taxpasta	0.2.3
2023	taxpasta	0.3.0
2023	taxpasta	0.4.0
2023	taxpasta	0.4.1
2023	taxpasta	0.5.0
2023	taxpasta	0.6.0
2023	taxpasta	0.6.1
2023	taxtastic	0.10.0
2023	tb-profiler	4.4.1
2023	tb-profiler	4.4.2
2023	tb-profiler	5.0.0
2023	tb-profiler	5.0.1
2023	tb_variant_filter	0.4.0
2023	tbpore	0.4.1
2023	tbpore	0.5.0
2023	tbpore	0.6.0
2023	tbpore	0.7.0
2023	tbtamr	0.0.4
2023	tcdemux	0.0.13
2023	tcdemux	0.0.14
2023	tcdemux	0.0.15
2023	tcdemux	0.0.16
2023	tcdemux	0.0.17
2023	tcdemux	0.0.18
2023	tcdemux	0.0.20
2023	tcdemux	0.0.21
2023	tcdemux	0.0.22
2023	tcdemux	0.0.24
2023	tciaclient	0.0.3
2023	teloclip	0.0.4
2023	telometer	0.5
2023	telr	1.1
2023	tesorter	1.4.6
2023	test	0.1
2023	tf-comb	1.1
2023	tgsgapcloser	1.2.1
2023	thapbi-pict	0.14.0
2023	thapbi-pict	0.14.1
2023	thapbi-pict	1.0.0
2023	thapbi-pict	1.0.1
2023	thapbi-pict	1.0.2
2023	thapbi-pict	1.0.3
2023	thapbi-pict	1.0.4
2023	thapbi-pict	1.0.5
2023	theiacov-gc	2.3.0
2023	theiacov-gc	2.3.1
2023	theiacov-gc	2.3.2
2023	thermorawfileparser	1.4.2
2023	thermorawfileparser	1.4.3
2023	tiddit	3.6.0
2023	tiddit	3.6.1
2023	tidehunter	1.5.4
2023	tides-ml	1.1.2
2023	tidk	0.2.31
2023	tidk	0.2.41
2023	tigmint	1.2.10
2023	tigmint	1.2.9
2023	tiny-count	1.3.0
2023	tiny-count	1.4.0
2023	tiny-count	1.5.0
2023	tinyalign	0.2.2
2023	tissuumaps	3.1.1.6
2023	tissuumaps	3.2
2023	tissuumaps	3.2.0.1
2023	tissuumaps	3.2.0.2
2023	tksm	0.3.0
2023	tksm	0.3.1
2023	tksm	0.3.2
2023	tn93	1.0.12
2023	tobias	0.15.1
2023	tobias	0.16.0
2023	tobias	0.16.1
2023	toil	5.11.0
2023	toil	5.12.0
2023	toil	5.9.2
2023	tolkein	0.5.0
2023	toulligqc	2.3
2023	toulligqc	2.4
2023	toulligqc	2.5
2023	tower-cli	0.8.0
2023	tower-cli	0.9.0
2023	tower-cli	0.9.1
2023	tower-cli	0.9.2
2023	tracknado	0.2.3
2023	trackplot	0.2.1
2023	trackplot	0.2.4
2023	trackplot	0.2.6
2023	trackplot	0.3.1
2023	trackplot	0.3.2
2023	trackplot	0.3.3
2023	trackplot	0.3.4
2023	trackplot	0.3.5
2023	trackplot	0.3.6
2023	tracy	0.7.5
2023	tracy	0.7.6
2023	traitar	3.0.1
2023	transannot	1.fa9ebab
2023	transdecoder	5.7.0
2023	transdecoder	5.7.1
2023	transgenescan	1.3.0
2023	transindel	2.0
2023	treecluster	1.0.4
2023	treeshrink	1.3.9
2023	treeswift	1.1.33
2023	treeswift	1.1.34
2023	treeswift	1.1.35
2023	treeswift	1.1.37
2023	treeswift	1.1.38
2023	treeswift	1.1.39
2023	treetime	0.10.0
2023	treetime	0.10.1
2023	treetime	0.11.0
2023	treetime	0.11.1
2023	treetime	0.9.5
2023	treetime	0.9.6
2023	trgt	0.4.0
2023	trgt	0.5.0
2023	trgt	0.7.0
2023	trim-galore	0.6.10
2023	trim-galore	0.6.9
2023	trimnami	0.1.1
2023	trinity	2.15.1
2023	trinotate	4.0.0
2023	trinotate	4.0.1
2023	trinotate	4.0.2
2023	trnascan-se	2.0.12
2023	trtools	5.0.1
2023	trtools	5.0.2
2023	trtools	5.1.0
2023	trtools	5.1.1
2023	trust4	1.0.10
2023	trust4	1.0.11
2023	trust4	1.0.12
2023	trust4	1.0.13
2023	trust4	1.0.9
2023	truvari	4.0.0
2023	truvari	4.1.0
2023	trycycler	0.5.4
2023	tsebra	1.1.1
2023	tsebra	1.1.2
2023	tsebra	1.1.2.1
2023	tsebra	1.1.2.2
2023	tspex	0.6.3
2023	tyto	1.4
2023	ucsc-axtchain	455
2023	ucsc-axttopsl	455
2023	ucsc-bedgraphtobigwig	445
2023	ucsc-bedtobigbed	447
2023	ucsc-bigwigsummary	448
2023	ucsc-bigwigtobedgraph	448
2023	ucsc-bigwigtowig	448
2023	ucsc-blat	445
2023	ucsc-cell-browser	1.2.2
2023	ucsc-cell-browser	1.2.3
2023	ucsc-chainantirepeat	455
2023	ucsc-chaincleaner	455
2023	ucsc-chainfilter	455
2023	ucsc-chainmergesort	455
2023	ucsc-chainnet	455
2023	ucsc-chainscore	455
2023	ucsc-chainsort	455
2023	ucsc-fasomerecords	455
2023	ucsc-fatotwobit	447
2023	ucsc-fatotwobit	455
2023	ucsc-fatovcf	448
2023	ucsc-genepredcheck	447
2023	ucsc-genepredtobed	447
2023	ucsc-genepredtobiggenepred	447
2023	ucsc-gff3togenepred	447
2023	ucsc-gtftogenepred	447
2023	ucsc-hggcpercent	448
2023	ucsc-liftover	447
2023	ucsc-pslcdnafilter	445
2023	ucsc-pslsortacc	455
2023	ucsc-twobitinfo	447
2023	ucsc-twobittofa	447
2023	ucsc-twobittofa	455
2023	ucsc-wigtobigwig	447
2023	ufcg	1.0.3c
2023	ufcg	1.0.4
2023	ufcg	1.0.5
2023	ultra_bioinformatics	0.1
2023	ultraplex	1.2.9
2023	umi-transfer	1.0.0
2023	umi_tools	1.1.3
2023	umi_tools	1.1.4
2023	umicollapse	1.0.0
2023	umis	1.0.9
2023	unifrac-binaries	1.2.1
2023	unifrac-binaries	1.3
2023	unifrac-binaries	1.3.1
2023	unifrac-binaries	1.3.2
2023	unifrac-binaries	1.4
2023	unifrac	1.3
2023	unikseq	1.0.0
2023	unikseq	1.3.1
2023	unikseq	1.3.2
2023	unikseq	1.3.3
2023	unikseq	1.3.4
2023	unitem	1.2.5
2023	unitem	1.2.6
2023	upd	0.1.1
2023	upimapi	1.10.0
2023	upimapi	1.11.0
2023	upimapi	1.11.1
2023	upimapi	1.11.2
2023	upimapi	1.12.0
2023	upimapi	1.12.1
2023	upimapi	1.12.2
2023	upimapi	1.12.3
2023	upimapi	1.13.0
2023	upimapi	1.13.1
2023	upimapi	1.8.10
2023	upimapi	1.8.11
2023	upimapi	1.8.12
2023	upimapi	1.8.13
2023	upimapi	1.8.14
2023	upimapi	1.8.9
2023	upimapi	1.9.0
2023	uropa	4.0.3
2023	usher	0.6.2
2023	usher	0.6.3
2023	vadr	1.5.1
2023	vafator	2.2.0
2023	vamos	1.2.6
2023	vamos	1.3.5.2
2023	vamos	1.3.6
2023	varcode	1.1.0
2023	varfish-annotator-cli	0.29
2023	varfish-annotator-cli	0.30
2023	varfish-annotator-cli	0.31
2023	varfish-annotator-cli	0.32
2023	varfish-annotator-cli	0.33
2023	varfish-annotator-cli	0.34
2023	varfish-cli	0.5.1
2023	varfish-cli	0.5.2
2023	varfish-cli	0.5.3
2023	varfish-server-worker	0.10.0
2023	varfish-server-worker	0.10.1
2023	varfish-server-worker	0.10.2
2023	varfish-server-worker	0.2.1
2023	varfish-server-worker	0.3.0
2023	varfish-server-worker	0.4.0
2023	varfish-server-worker	0.5.0
2023	varfish-server-worker	0.5.1
2023	varfish-server-worker	0.6.0
2023	varfish-server-worker	0.6.1
2023	varfish-server-worker	0.7.0
2023	varfish-server-worker	0.8.0
2023	varfish-server-worker	0.9.0
2023	varlociraptor	5.10.0
2023	varlociraptor	5.6.1
2023	varlociraptor	5.6.2
2023	varlociraptor	5.7.0
2023	varlociraptor	5.8.0
2023	varlociraptor	5.9.0
2023	varlociraptor	5.9.1
2023	varlociraptor	6.0.0
2023	varlociraptor	7.0.0
2023	varlociraptor	8.0.0
2023	varlociraptor	8.1.0
2023	varlociraptor	8.1.1
2023	varlociraptor	8.2.0
2023	varlociraptor	8.3.0
2023	varlociraptor	8.4.0
2023	varlociraptor	8.4.1
2023	varlociraptor	8.4.2
2023	varscan	2.4.6
2023	varvamp	0.4
2023	varvamp	0.8.3
2023	varvamp	0.9
2023	varvamp	0.9.1
2023	varvamp	0.9.2
2023	varvamp	0.9.3
2023	varvamp	0.9.4
2023	varvamp	0.9.5
2023	varvamp	1.0
2023	varvamp	1.0.1
2023	vcf2circos	1.1
2023	vcf2circos	1.1.1
2023	vcf2cytosure	0.9.1
2023	vcf2maf-umccr	1.6.21.20230511
2023	vcf2parquet	0.3.1
2023	vcf2parquet	0.4.0
2023	vcf2parquet	0.4.1
2023	vcf2tsvpy	0.6.1
2023	vcfanno	0.3.5
2023	vcflib	1.0.9
2023	vembrane	0.14.0
2023	vembrane	1.0.0
2023	vembrane	1.0.1
2023	vembrane	1.0.2
2023	vembrane	1.0.3
2023	vembrane	1.0.4
2023	verkko	1.3
2023	verkko	1.3.1
2023	verkko	1.4
2023	verkko	1.4.1
2023	versionix	0.2.0
2023	versionix	0.2.1
2023	versionix	0.2.2
2023	versionix	0.2.3
2023	verticall	0.4.1
2023	verticall	0.4.2
2023	veryfasttree	3.2.1
2023	veryfasttree	4.0
2023	veryfasttree	4.0.03
2023	veryfasttree	4.0.1
2023	veryfasttree	4.0.2
2023	vg	1.45.0
2023	vg	1.46.0
2023	vg	1.47.0
2023	vg	1.48.0
2023	vg	1.49.0
2023	vg	1.50.0
2023	vg	1.50.1
2023	vg	1.51.0
2023	vg	1.52.0
2023	vg	1.53.0
2023	vgan	1.0.2
2023	vgan	2.0.0
2023	vgan	2.0.1
2023	vgan	2.0.2
2023	viennarna	2.6.2
2023	viennarna	2.6.3
2023	viennarna	2.6.4
2023	viguno	0.1.1
2023	viguno	0.1.6
2023	viguno	0.2.0
2023	viral_consensus	0.0.3
2023	viral_consensus	0.0.4
2023	viralflye	0.2
2023	viralmsa	1.1.35
2023	viralmsa	1.1.36
2023	viralmsa	1.1.38
2023	viralmsa	1.1.39
2023	viralmsa	1.1.40
2023	viramp-hub	0.1.0
2023	virheat	0.5.3
2023	virheat	0.5.4
2023	virheat	0.6
2023	viroconstrictor	1.2.4
2023	viroconstrictor	1.2.5
2023	viroconstrictor	1.2.6
2023	viroconstrictor	1.3.0
2023	viroconstrictor	1.3.1
2023	viroconstrictor	1.4.0
2023	viromeqc	1.0.2
2023	virsorter	2.2.4
2023	virstrain	1.14
2023	visor	1.1.2.1
2023	vsearch	2.23.0
2023	vsearch	2.24.0
2023	vsearch	2.25.0
2023	vsearch	2.26.0
2023	vsearch	2.26.1
2023	vsnp3	3.12
2023	vsnp3	3.13
2023	vsnp3	3.14
2023	vsnp3	3.15
2023	vsnp3	3.16
2023	vsnp3	3.17
2023	vsnp3	3.18
2023	vvv2_display	0.1.10
2023	wally	0.5.8
2023	wfa2-lib	2.3.3
2023	wfa2-lib	2.3.4
2023	wfmash	0.10.2
2023	wfmash	0.10.3
2023	wfmash	0.10.4
2023	wfmash	0.10.5
2023	wgd	2.0.12
2023	wgd	2.0.15
2023	wgd	2.0.16
2023	wgd	2.0.18
2023	wgd	2.0.19
2023	wgd	2.0.20
2023	wgd	2.0.21
2023	wgd	2.0.22
2023	wgd	2.0.23
2023	wgd	2.0.24
2023	wgdi	0.6.3
2023	wgdi	0.6.4
2023	wgdi	0.6.5
2023	whatsgnu	1.4
2023	whatsgnu	1.5
2023	whatshap	2.0
2023	whatshap	2.1
2023	whokaryote	1.0.1
2023	whokaryote	1.1.0
2023	whokaryote	1.1.1
2023	whokaryote	1.1.2
2023	xengsort	1.5.0.3
2023	xengsort	2.0.0
2023	xengsort	2.0.1
2023	xengsort	2.0.2
2023	xengsort	2.0.3
2023	xs-sim	2
2023	yacht	1.0
2023	yacht	1.1.0
2023	zarp	0.1.1
2023	zdb	1.0.7
2023	zdb	1.1.0
2023	zdb	1.1.1
2023	zdb	1.2.0
2023	zdb	1.2.1
2023	zga	0.1.0
2023	zol	1.2.7
2023	zol	1.2.8
2023	zol	1.3.1
2023	zol	1.3.10
2023	zol	1.3.11
2023	zol	1.3.12
2023	zol	1.3.14
2023	zol	1.3.15
2023	zol	1.3.16
2023	zol	1.3.2
2023	zol	1.3.3
2023	zol	1.3.4
2023	zol	1.3.5
2023	zol	1.3.6
2023	zol	1.3.7
2023	zol	1.3.8
2023	zol	1.3.9
2024	aacon	1.1
2024	abismal	3.2.3
2024	abismal	3.2.4
2024	abnumber	0.3.3
2024	abnumber	0.3.4
2024	abnumber	0.3.5
2024	abnumber	0.3.6
2024	abnumber	0.3.7
2024	abnumber	0.3.8
2024	abnumber	0.4.0
2024	abnumber	0.4.1
2024	abnumber	0.4.2
2024	abpoa	1.5.0
2024	abpoa	1.5.1
2024	abpoa	1.5.2
2024	abpoa	1.5.3
2024	abritamr	1.0.17
2024	abritamr	1.0.18
2024	abritamr	1.0.19
2024	abromics_galaxy_json_extractor	0.8.3.4
2024	abromics_galaxy_json_extractor	0.8.3.5
2024	abromics_galaxy_json_extractor	0.8.3.6
2024	absense	1.0.1
2024	abyss	2.3.10
2024	abyss	2.3.8
2024	abyss	2.3.9
2024	aci	1.2.20231229
2024	aci	1.4.20240116
2024	acms	1.3.0
2024	adam	1.0.1
2024	adapterremoval	2.3.4
2024	afpdb	0.2.1
2024	afpdb	0.2.2
2024	afpdb	0.2.3
2024	agat	1.3.0
2024	agat	1.3.1
2024	agat	1.3.2
2024	agat	1.3.3
2024	agat	1.4.0
2024	agat	1.4.1
2024	agat	1.4.2
2024	agc	3.1
2024	agc	3.2
2024	agfusion	1.4.3
2024	airr	1.5.1
2024	alen	0.3.1
2024	aletsch	1.1.0
2024	aletsch	1.1.1
2024	aletsch	1.1.2
2024	aletsch	1.1.3
2024	alevin-fry	0.10.0
2024	alevin-fry	0.11.0
2024	alevin-fry	0.11.1
2024	alevin-fry	0.9.0
2024	alfred	0.3.1
2024	alfred	0.3.2
2024	alignoth	0.12.0
2024	alignoth	0.12.1
2024	alignoth	0.13.0
2024	alignstats	0.11
2024	allhic	0.9.13.1
2024	allhic	0.9.14
2024	allo	1.1.1
2024	allo	1.1.2
2024	allo	1.2.0
2024	altamisa	0.3.0
2024	amdirt	1.5.0
2024	amdirt	1.6.0
2024	amdirt	1.6.1
2024	amdirt	1.6.2
2024	ampcombi	0.2.0
2024	ampcombi	0.2.1
2024	ampcombi	0.2.2
2024	ampcombi	2.0.1
2024	ampd-up	1.0.0
2024	amplici	2.2
2024	amplicon_coverage_plot	0.3.4
2024	ampliconsuite	1.2.1
2024	ampliconsuite	1.2.2
2024	ampliconsuite	1.3.1
2024	ampliconsuite	1.3.2
2024	ampliconsuite	1.3.3
2024	ampliconsuite	1.3.4
2024	ampliconsuite	1.3.5
2024	amplicontyper	0.1.27
2024	amplicontyper	0.1.28
2024	amplify	2.0.0
2024	ampligone	1.3.1
2024	anarci	2024.05.21
2024	anchorwave	1.2.3
2024	anchorwave	1.2.5
2024	anglerfish	0.6.1
2024	anglerfish	0.7.0
2024	aniclustermap	1.4.0
2024	anndata2ri	1.3.2
2024	annembed	0.1.3
2024	annembed	0.1.4
2024	annembed	0.1.5
2024	annembed	0.1.6
2024	annembed	0.1.7
2024	annonars	0.33.0
2024	annonars	0.34.0
2024	annonars	0.34.1
2024	annonars	0.35.0
2024	annonars	0.36.0
2024	annonars	0.36.1
2024	annonars	0.36.2
2024	annonars	0.37.0
2024	annonars	0.38.0
2024	annonars	0.39.0
2024	annonars	0.40.0
2024	annonars	0.41.0
2024	annosine2	1.0.5
2024	annosine2	2.0.7
2024	annotsv	3.3.9
2024	annotsv	3.4
2024	annotsv	3.4.1
2024	annotsv	3.4.2
2024	annotsv	3.4.3
2024	annotsv	3.4.4
2024	anospp-analysis	0.3.0
2024	antismash	7.1.0
2024	anvio-minimal	8
2024	apscale	1.7.1
2024	apscale	2.0.0
2024	apscale	2.0.2
2024	apscale	2.0.3
2024	apscale	2.0.4
2024	apu-label-propagation	1.2
2024	arborator	1.0.0
2024	arcas-hla	0.6.0
2024	architeuthis	0.2.1
2024	architeuthis	0.3.0
2024	architeuthis	0.3.1
2024	arcs	1.2.7
2024	arcs	1.2.8
2024	argnorm	0.2.0
2024	argnorm	0.3.0
2024	argnorm	0.4.0
2024	argnorm	0.5.0
2024	argnorm	0.6.0
2024	argo	0.0.1
2024	argo	0.1.0
2024	argo	0.1.1
2024	argo	0.1.2
2024	argo	0.1.3
2024	argparse2tool	0.5.2
2024	artic	1.5.1
2024	artic	1.5.2
2024	artic	1.5.3
2024	artic	1.5.4
2024	artic	1.5.5
2024	artic	1.5.6
2024	artic	1.5.7
2024	artic	1.5.8
2024	arvados-python-client	2.7.2
2024	arvados-python-client	2.7.3
2024	arvados-python-client	2.7.4
2024	arvados-python-client	3.0.0
2024	ascat	3.2.0
2024	ashlar	1.18.0
2024	ashlar	1.19.0
2024	aspera-cli	4.19.0
2024	assembly_finder	0.4.2
2024	assembly_finder	0.6.0
2024	assembly_finder	0.6.1
2024	assembly_finder	0.6.2
2024	assembly_finder	0.7.1
2024	assembly_finder	0.7.2
2024	assembly_finder	0.7.3
2024	assembly_finder	0.7.4
2024	assembly_finder	0.7.5
2024	assembly_finder	0.7.6
2024	assembly_finder	0.7.7
2024	assembly_finder	0.8.0
2024	assemblycomparator2	2.5.15
2024	assemblycomparator2	2.5.16
2024	assemblycomparator2	2.5.17
2024	assemblycomparator2	2.5.18
2024	assemblycomparator2	2.6.1
2024	assemblycomparator2	2.6.2
2024	assemblycomparator2	2.7.1
2024	aster	1.16
2024	aster	1.19
2024	atlas-gene-annotation-manipulation	1.1.1
2024	atlas	2.0.0
2024	attotree	0.1.0
2024	attotree	0.1.1
2024	attotree	0.1.2
2024	attotree	0.1.3
2024	attotree	0.1.4
2024	attotree	0.1.6
2024	augur	24.0.0
2024	augur	24.1.0
2024	augur	24.2.0
2024	augur	24.2.1
2024	augur	24.2.2
2024	augur	24.2.3
2024	augur	24.3.0
2024	augur	24.4.0
2024	augur	25.0.0
2024	augur	25.1.0
2024	augur	25.1.1
2024	augur	25.2.0
2024	augur	25.3.0
2024	augur	25.4.0
2024	augur	26.0.0
2024	augur	26.1.0
2024	augur	26.2.0
2024	augur	27.0.0
2024	auspice	2.52.0
2024	auspice	2.53.0
2024	auspice	2.54.1
2024	auspice	2.56.0
2024	auspice	2.56.1
2024	auspice	2.57.0
2024	auspice	2.58.0
2024	auspice	2.59.0
2024	auspice	2.59.1
2024	autometa	2.2.2
2024	autometa	2.2.3
2024	aviary	0.10.0
2024	aviary	0.9.0
2024	aviary	0.9.1
2024	aviary	0.9.2
2024	b2btools	3.0.7
2024	bacpage	2024.03.08
2024	bactopia-assembler	1.0.4
2024	bactopia-py	1.0.9
2024	bactopia-py	1.1.0
2024	bactopia-py	1.1.1
2024	bactopia-py	1.2.0
2024	bactopia-py	1.2.1
2024	bactopia-py	1.3.0
2024	bactopia-qc	1.0.3
2024	bactopia-teton	1.0.3
2024	bactopia-teton	1.0.4
2024	bactopia-teton	1.0.5
2024	bactopia-teton	1.1.0
2024	bactopia-teton	1.1.1
2024	bactopia-variants	1.0.2
2024	bactopia	3.0.1
2024	bactopia	3.1.0
2024	badread	0.4.1
2024	bakta	1.10.0
2024	bakta	1.10.1
2024	bakta	1.10.2
2024	bakta	1.10.3
2024	bakta	1.9.2
2024	bakta	1.9.3
2024	bakta	1.9.4
2024	bali-phy	4.0beta13
2024	bali-phy	4.0beta14
2024	bali-phy	4.0beta15
2024	bali-phy	4.0beta16
2024	baltic	0.3.0
2024	bam-readcount	1.0.1
2024	bam2plot	0.3.6
2024	bamdash	0.2.4
2024	bamdash	0.3
2024	bamdash	0.3.1
2024	bamscale	0.0.9
2024	bamsurgeon	1.4.1
2024	baredsc	1.1.3
2024	batch_brb	1.1
2024	batch_brb	1.1.1
2024	bbmap	39.06
2024	bbmap	39.08
2024	bbmap	39.09
2024	bbmap	39.10
2024	bbmap	39.11
2024	bbmap	39.13
2024	bbmix	0.2.2
2024	bcbio-gff	0.7.1
2024	bcftools	1.20
2024	bcftools	1.21
2024	bcgtree	1.2.1
2024	beacon2-import	1.0.6
2024	beacon2-import	1.0.7
2024	beacon2-import	1.0.8
2024	beacon2-import	2.0.0
2024	beacon2-import	2.1.0
2024	beacon2-import	2.2.1
2024	beacon2-import	2.2.2
2024	beacon2-import	2.2.3
2024	beacon2-import	2.2.4
2024	beagle	5.4_27May24.118
2024	beagle	5.4_29Oct24.c8e
2024	beav	1.1.0
2024	beav	1.3.0
2024	beav	1.4.0
2024	bed2gff	0.1.3
2024	bed2gff	0.1.4
2024	bed2gff	0.1.5
2024	bed2gtf	1.9.0
2024	bed2gtf	1.9.1
2024	bed2gtf	1.9.2
2024	bed2gtf	1.9.3
2024	bedgovcf	0.1.1
2024	bellmans-gapc	2024.01.12
2024	bftools	8.0.0
2024	bifrost	1.3.5
2024	bigscape	1.1.8
2024	bigscape	1.1.9
2024	bigslice	2.0
2024	bigtools	0.4.1
2024	bigtools	0.4.2
2024	bigtools	0.4.3
2024	bigtools	0.5.0
2024	bigtools	0.5.1
2024	bigtools	0.5.2
2024	bigtools	0.5.3
2024	bigtools	0.5.4
2024	binchicken	0.10.3
2024	binchicken	0.10.4
2024	binchicken	0.10.5
2024	binchicken	0.11.0
2024	binchicken	0.12.0
2024	binchicken	0.12.1
2024	binchicken	0.12.2
2024	binchicken	0.12.4
2024	binchicken	0.12.5
2024	binchicken	0.12.6
2024	bindash	2.0
2024	bindash	2.1
2024	bindash	2.2
2024	bindash	2.3
2024	bindashtree	0.1.0
2024	binette	0.1.7
2024	binette	1.0.0
2024	binette	1.0.1
2024	binette	1.0.2
2024	binette	1.0.4
2024	bio	1.7.1
2024	biobambam	2.0.185
2024	biobb_amber	4.2.0
2024	biobb_amber	5.0.0
2024	biobb_amber	5.0.2
2024	biobb_amber	5.0.3
2024	biobb_analysis	4.2.0
2024	biobb_analysis	5.0.0
2024	biobb_analysis	5.0.1
2024	biobb_chemistry	4.2.0
2024	biobb_chemistry	4.2.1
2024	biobb_chemistry	5.0.0
2024	biobb_chemistry	5.0.1
2024	biobb_chemistry	5.0.2
2024	biobb_chemistry	5.0.3
2024	biobb_cmip	4.1.1
2024	biobb_cmip	4.2.0
2024	biobb_cmip	5.0.0
2024	biobb_common	4.2.0
2024	biobb_common	5.0.0
2024	biobb_cp2k	4.2.0
2024	biobb_cp2k	5.0.0
2024	biobb_dna	4.2.0
2024	biobb_dna	4.2.1
2024	biobb_dna	4.2.2
2024	biobb_dna	4.2.4
2024	biobb_dna	5.0.0
2024	biobb_dna	5.0.1
2024	biobb_flexdyn	4.2.0
2024	biobb_flexdyn	5.0.0
2024	biobb_flexserv	4.2.0
2024	biobb_flexserv	5.0.0
2024	biobb_godmd	4.2.0
2024	biobb_godmd	5.0.0
2024	biobb_gromacs	4.2.0
2024	biobb_gromacs	5.0.0
2024	biobb_haddock	4.2.1
2024	biobb_haddock	5.0.0
2024	biobb_io	4.1.1
2024	biobb_io	4.2.0
2024	biobb_io	5.0.0
2024	biobb_io	5.0.1
2024	biobb_mem	5.0.1
2024	biobb_mem	5.0.2
2024	biobb_mem	5.0.3
2024	biobb_mem	5.0.4
2024	biobb_ml	4.2.0
2024	biobb_model	4.2.0
2024	biobb_model	4.2.1
2024	biobb_model	4.2.2
2024	biobb_model	4.2.3
2024	biobb_model	5.0.0
2024	biobb_pdb_tools	4.1.1
2024	biobb_pdb_tools	4.2.0
2024	biobb_pdb_tools	5.0.0
2024	biobb_pmx	4.2.0
2024	biobb_pmx	4.2.1
2024	biobb_pmx	5.0.0
2024	biobb_pytorch	4.1.0
2024	biobb_pytorch	4.1.1
2024	biobb_pytorch	4.1.2
2024	biobb_pytorch	4.1.3
2024	biobb_pytorch	4.2.0
2024	biobb_pytorch	4.2.1
2024	biobb_pytorch	5.0.0
2024	biobb_structure_checking	3.13.5
2024	biobb_structure_utils	4.2.0
2024	biobb_structure_utils	5.0.0
2024	biobb_vs	4.1.2
2024	biobb_vs	4.2.0
2024	biobb_vs	5.0.0
2024	bioblend	1.3.0
2024	bioblend	1.4.0
2024	biobox_add_taxid	0.3
2024	biobox_add_taxid	0.4
2024	biobox_add_taxid	0.5
2024	biobox_add_taxid	0.6
2024	biocamlib	1.0.0
2024	biocode	0.11.0
2024	biocode	0.12.0
2024	biocommons.seqrepo	0.6.7
2024	biocommons.seqrepo	0.6.9
2024	bioconda-repodata-patches	20240112
2024	bioconda-repodata-patches	20240416
2024	bioconda-repodata-patches	20240525
2024	bioconda-repodata-patches	20240805
2024	bioconda-repodata-patches	20240913
2024	bioconda-repodata-patches	20241219
2024	bioconda-utils	2.12.0
2024	bioconda-utils	2.13.0
2024	bioconda-utils	2.13.2
2024	bioconda-utils	2.14.0
2024	bioconda-utils	2.15.0
2024	bioconda-utils	2.15.1
2024	bioconda-utils	3.0.0
2024	bioconda-utils	3.2.0
2024	bioconda-utils	3.3.0
2024	bioconda-utils	3.3.1
2024	bioconda-utils	3.3.2
2024	bioconda-utils	3.4.0
2024	bioconda-utils	3.4.1
2024	bioconda-utils	3.5.0
2024	bioconda-utils	3.6.0
2024	bioconda-utils	3.6.1
2024	bioconductor-a4base	1.54.0
2024	bioconductor-a4classif	1.54.0
2024	bioconductor-a4core	1.54.0
2024	bioconductor-a4preproc	1.54.0
2024	bioconductor-a4reporting	1.54.0
2024	bioconductor-abarray	1.74.0
2024	bioconductor-abseqr	1.24.0
2024	bioconductor-absseq	1.60.0
2024	bioconductor-acde	1.36.0
2024	bioconductor-ace	1.24.0
2024	bioconductor-acgh	1.84.0
2024	bioconductor-acme	2.62.0
2024	bioconductor-adam	1.22.0
2024	bioconductor-adamgui	1.22.0
2024	bioconductor-adductdata	1.22.0
2024	bioconductor-adductomicsr	1.22.0
2024	bioconductor-adimpute	1.16.0
2024	bioconductor-adsplit	1.76.0
2024	bioconductor-adverscarial	1.4.0
2024	bioconductor-affixcan	1.24.0
2024	bioconductor-affxparser	1.78.0
2024	bioconductor-affy	1.84.0
2024	bioconductor-affycomp	1.82.0
2024	bioconductor-affycompdata	1.44.0
2024	bioconductor-affycontam	1.64.0
2024	bioconductor-affycoretools	1.78.0
2024	bioconductor-affydata	1.54.0
2024	bioconductor-affyhgu133a2expr	1.42.0
2024	bioconductor-affyhgu133aexpr	1.44.0
2024	bioconductor-affyhgu133plus2expr	1.40.0
2024	bioconductor-affyio	1.76.0
2024	bioconductor-affylmgui	1.80.0
2024	bioconductor-affymetrixdatatestfiles	0.44.0
2024	bioconductor-affymoe4302expr	1.44.0
2024	bioconductor-affyplm	1.82.0
2024	bioconductor-affyrnadegradation	1.52.0
2024	bioconductor-agdex	1.54.0
2024	bioconductor-aggregatebiovar	1.16.0
2024	bioconductor-agilp	3.38.0
2024	bioconductor-agimicrorna	2.56.0
2024	bioconductor-ahlrbasedbs	1.8.0
2024	bioconductor-ahmassbank	1.6.0
2024	bioconductor-ahmeshdbs	1.8.0
2024	bioconductor-ahpubmeddbs	1.8.0
2024	bioconductor-aims	1.38.0
2024	bioconductor-airpart	1.14.0
2024	bioconductor-airway	1.26.0
2024	bioconductor-alabaster.base	1.6.0
2024	bioconductor-alabaster.mae	1.6.0
2024	bioconductor-alabaster.matrix	1.6.0
2024	bioconductor-alabaster.ranges	1.6.0
2024	bioconductor-alabaster.sce	1.6.0
2024	bioconductor-alabaster.schemas	1.6.0
2024	bioconductor-alabaster.se	1.6.0
2024	bioconductor-alabaster.spatial	1.6.0
2024	bioconductor-alabaster.string	1.6.0
2024	bioconductor-aldex2	1.38.0
2024	bioconductor-alevinqc	1.22.0
2024	bioconductor-all	1.48.0
2024	bioconductor-allelicimbalance	1.44.0
2024	bioconductor-allmll	1.46.0
2024	bioconductor-alphabeta	1.20.0
2024	bioconductor-alphamissenser	1.2.0
2024	bioconductor-alpsnmr	4.8.0
2024	bioconductor-altcdfenvs	2.68.0
2024	bioconductor-amountain	1.32.0
2024	bioconductor-ampaffyexample	1.46.0
2024	bioconductor-amplican	1.28.0
2024	bioconductor-anaquin	2.30.0
2024	bioconductor-ancombc	2.8.0
2024	bioconductor-aneufinder	1.34.0
2024	bioconductor-aneufinderdata	1.34.0
2024	bioconductor-anf	1.28.0
2024	bioconductor-annaffy	1.78.0
2024	bioconductor-annmap	1.48.0
2024	bioconductor-annotate	1.84.0
2024	bioconductor-annotationdbi	1.68.0
2024	bioconductor-annotationfilter	1.30.0
2024	bioconductor-annotationforge	1.48.0
2024	bioconductor-annotationhub	3.14.0
2024	bioconductor-annotationhubdata	1.36.0
2024	bioconductor-annotationtools	1.80.0
2024	bioconductor-annotatr	1.32.0
2024	bioconductor-anopheles.db0	3.20.0
2024	bioconductor-anota	1.54.0
2024	bioconductor-anota2seq	1.28.0
2024	bioconductor-antiprofiles	1.46.0
2024	bioconductor-anvil	1.18.0
2024	bioconductor-anvilaz	1.0.0
2024	bioconductor-anvilbase	1.0.0
2024	bioconductor-anvilbilling	1.16.0
2024	bioconductor-anvilgcp	1.0.0
2024	bioconductor-anvilpublish	1.16.0
2024	bioconductor-anvilworkflow	1.6.0
2024	bioconductor-apcomplex	2.72.0
2024	bioconductor-apeglm	1.28.0
2024	bioconductor-arabidopsis.db0	3.20.0
2024	bioconductor-aracne.networks	1.32.0
2024	bioconductor-aroma.light	3.36.0
2024	bioconductor-arrayexpress	1.66.0
2024	bioconductor-arrayquality	1.84.0
2024	bioconductor-arrmdata	1.42.0
2024	bioconductor-arrmnormalization	1.46.0
2024	bioconductor-artms	1.24.0
2024	bioconductor-asafe	1.32.0
2024	bioconductor-aseb	1.50.0
2024	bioconductor-asgsca	1.40.0
2024	bioconductor-ashkenazimsonchr21	1.36.0
2024	bioconductor-asics	2.22.0
2024	bioconductor-asicsdata	1.26.0
2024	bioconductor-aspli	2.16.0
2024	bioconductor-assessorf	1.24.0
2024	bioconductor-asset	2.24.0
2024	bioconductor-assign	1.42.0
2024	bioconductor-assorthead	1.0.0
2024	bioconductor-asurat	1.10.0
2024	bioconductor-ath1121501frmavecs	1.0.0
2024	bioconductor-aucell	1.28.0
2024	bioconductor-awfisher	1.20.0
2024	bioconductor-awst	1.14.0
2024	bioconductor-baalchip	1.32.0
2024	bioconductor-bacon	1.34.0
2024	bioconductor-bader	1.44.0
2024	bioconductor-bags	2.46.0
2024	bioconductor-ballgown	2.38.0
2024	bioconductor-bamsignals	1.38.0
2024	bioconductor-bandits	1.22.0
2024	bioconductor-banocc	1.30.0
2024	bioconductor-barcodetrackr	1.14.0
2024	bioconductor-basecallqc	1.30.0
2024	bioconductor-basespacer	1.50.0
2024	bioconductor-basics	2.18.0
2024	bioconductor-basicstan	1.8.0
2024	bioconductor-basicstarrseq	1.34.0
2024	bioconductor-basilisk	1.18.0
2024	bioconductor-basilisk.utils	1.18.0
2024	bioconductor-batchelor	1.22.0
2024	bioconductor-bayesknockdown	1.32.0
2024	bioconductor-baynorm	1.24.0
2024	bioconductor-bayseq	2.40.0
2024	bioconductor-bcellviper	1.42.0
2024	bioconductor-bcrank	1.68.0
2024	bioconductor-bcseq	1.28.0
2024	bioconductor-beachmat.hdf5	1.4.0
2024	bioconductor-beachmat	2.22.0
2024	bioconductor-beadarray	2.56.0
2024	bioconductor-beadarrayexampledata	1.44.0
2024	bioconductor-beaddatapackr	1.58.0
2024	bioconductor-beat	1.44.0
2024	bioconductor-beclear	2.22.0
2024	bioconductor-beer	1.10.0
2024	bioconductor-benchmarkfdrdata2019	1.20.0
2024	bioconductor-beta7	1.44.0
2024	bioconductor-betahmm	1.2.0
2024	bioconductor-bettr	1.2.0
2024	bioconductor-bg2	1.6.0
2024	bioconductor-bgeecall	1.22.0
2024	bioconductor-bicare	1.64.0
2024	bioconductor-bifet	1.26.0
2024	bioconductor-bindingsitefinder	2.4.0
2024	bioconductor-bioassayr	1.44.0
2024	bioconductor-biobase	2.66.0
2024	bioconductor-biobroom	1.38.0
2024	bioconductor-biobtreer	1.18.0
2024	bioconductor-biocartaimage	1.4.0
2024	bioconductor-biocbaseutils	1.8.0
2024	bioconductor-biocbook	1.4.0
2024	bioconductor-bioccheck	1.42.0
2024	bioconductor-biocfilecache	2.14.0
2024	bioconductor-biocgenerics	0.52.0
2024	bioconductor-biocgraph	1.68.0
2024	bioconductor-biochubsshiny	1.6.0
2024	bioconductor-biocio	1.16.0
2024	bioconductor-biocneighbors	2.0.0
2024	bioconductor-biocor	1.30.0
2024	bioconductor-biocparallel	1.40.0
2024	bioconductor-biocroxytest	1.2.0
2024	bioconductor-biocset	1.20.0
2024	bioconductor-biocsingular	1.22.0
2024	bioconductor-biocsklearn	1.28.0
2024	bioconductor-biocstyle	2.34.0
2024	bioconductor-biocthis	1.16.0
2024	bioconductor-biocversion	3.20.0
2024	bioconductor-biocviews	1.74.0
2024	bioconductor-biocworkflowtools	1.32.0
2024	bioconductor-biodb	1.14.0
2024	bioconductor-biodbchebi	1.12.0
2024	bioconductor-biodbhmdb	1.12.0
2024	bioconductor-biodbncbi	1.10.0
2024	bioconductor-biodbnci	1.10.0
2024	bioconductor-biodbuniprot	1.12.0
2024	bioconductor-biodist	1.78.0
2024	bioconductor-bioga	1.0.0
2024	bioconductor-bioimagedbs	1.14.0
2024	bioconductor-biomart	2.62.0
2024	bioconductor-biomformat	1.34.0
2024	bioconductor-biomvcclass	1.74.0
2024	bioconductor-biomvrcns	1.46.0
2024	bioconductor-bionar	1.8.0
2024	bioconductor-bionero	1.14.0
2024	bioconductor-bionet	1.66.0
2024	bioconductor-bioqc	1.34.0
2024	bioconductor-biosigner	1.34.0
2024	bioconductor-biostrings	2.74.0
2024	bioconductor-biotip	1.20.0
2024	bioconductor-biotmle	1.30.0
2024	bioconductor-biotmledata	1.30.0
2024	bioconductor-biovizbase	1.54.0
2024	bioconductor-birewire	3.38.0
2024	bioconductor-biscuiteer	1.20.0
2024	bioconductor-biscuiteerdata	1.20.0
2024	bioconductor-biseq	1.46.0
2024	bioconductor-bladderbatch	1.44.0
2024	bioconductor-blima	1.40.0
2024	bioconductor-blimatestingdata	1.26.0
2024	bioconductor-blma	1.30.0
2024	bioconductor-bloodcancermultiomics2017	1.26.0
2024	bioconductor-bloodgen3module	1.14.0
2024	bioconductor-bluster	1.16.0
2024	bioconductor-bnbc	1.28.0
2024	bioconductor-bodymaprat	1.22.0
2024	bioconductor-borealis	1.10.0
2024	bioconductor-bovine.db0	3.20.0
2024	bioconductor-bprmeth	1.32.0
2024	bioconductor-brain	1.52.0
2024	bioconductor-breakpointr	1.24.0
2024	bioconductor-breakpointrdata	1.24.0
2024	bioconductor-breastcancermainz	1.44.0
2024	bioconductor-breastcancernki	1.44.0
2024	bioconductor-breastcancertransbig	1.44.0
2024	bioconductor-breastcancerunt	1.44.0
2024	bioconductor-breastcancerupp	1.44.0
2024	bioconductor-breastcancervdx	1.44.0
2024	bioconductor-brendadb	1.20.0
2024	bioconductor-brew3r.r	1.2.0
2024	bioconductor-brgedata	1.28.0
2024	bioconductor-bridgedbr	2.16.0
2024	bioconductor-bronchialil13	1.44.0
2024	bioconductor-browserviz	2.28.0
2024	bioconductor-bsgenome.hsapiens.ucsc.hg17	1.3.1001
2024	bioconductor-bsgenome	1.74.0
2024	bioconductor-bsgenomeforge	1.6.0
2024	bioconductor-bsseq	1.42.0
2024	bioconductor-bsseqdata	0.44.0
2024	bioconductor-bufferedmatrix	1.70.0
2024	bioconductor-bufferedmatrixmethods	1.70.0
2024	bioconductor-bugphyzz	1.0.0
2024	bioconductor-bugsigdbr	1.12.0
2024	bioconductor-bumhmm	1.30.0
2024	bioconductor-bumphunter	1.48.0
2024	bioconductor-bumpymatrix	1.14.0
2024	bioconductor-bus	1.62.0
2024	bioconductor-buscorrect	1.24.0
2024	bioconductor-busseq	1.12.0
2024	bioconductor-caen	1.14.0
2024	bioconductor-cafe	1.42.0
2024	bioconductor-calm	1.20.0
2024	bioconductor-camera	1.62.0
2024	bioconductor-cancer	1.40.0
2024	bioconductor-cancerclass	1.50.0
2024	bioconductor-cancerdata	1.44.0
2024	bioconductor-canine.db0	3.20.0
2024	bioconductor-cardinal	3.8.0
2024	bioconductor-cardinalio	1.4.0
2024	bioconductor-cardinalworkflows	1.38.0
2024	bioconductor-carnival	2.16.0
2024	bioconductor-casper	2.40.0
2024	bioconductor-catalyst	1.30.0
2024	bioconductor-category	2.72.0
2024	bioconductor-catscradle	1.0.0
2024	bioconductor-causalr	1.38.0
2024	bioconductor-cbaf	1.28.0
2024	bioconductor-cbea	1.6.0
2024	bioconductor-cbioportaldata	2.18.0
2024	bioconductor-cbpmanager	1.14.0
2024	bioconductor-ccdata	1.32.0
2024	bioconductor-ccimpute	1.8.0
2024	bioconductor-ccl4	1.44.0
2024	bioconductor-ccplotr	1.4.0
2024	bioconductor-ccpromise	1.32.0
2024	bioconductor-ccrepe	1.42.0
2024	bioconductor-cdi	1.4.0
2024	bioconductor-celaref	1.24.0
2024	bioconductor-celarefdata	1.24.0
2024	bioconductor-celda	1.22.0
2024	bioconductor-cellbarcode	1.12.0
2024	bioconductor-celldex	1.16.0
2024	bioconductor-cellhashr	1.04
2024	bioconductor-cellid	1.14.0
2024	bioconductor-cellity	1.34.0
2024	bioconductor-cellmapper	1.32.0
2024	bioconductor-cellmapperdata	1.32.0
2024	bioconductor-cellmigration	1.14.0
2024	bioconductor-cellmixs	1.22.0
2024	bioconductor-cellnoptr	1.52.0
2024	bioconductor-cellscape	1.30.0
2024	bioconductor-cellscore	1.26.0
2024	bioconductor-celltrails	1.24.0
2024	bioconductor-cellxgenedp	1.10.0
2024	bioconductor-censcyt	1.14.0
2024	bioconductor-cepo	1.12.0
2024	bioconductor-cernanetsim	1.18.0
2024	bioconductor-cfassay	1.40.0
2024	bioconductor-cfdnakit	1.4.0
2024	bioconductor-cftools	1.6.0
2024	bioconductor-cftoolsdata	1.4.0
2024	bioconductor-cgen	3.42.0
2024	bioconductor-cghbase	1.66.0
2024	bioconductor-cghcall	2.68.0
2024	bioconductor-cghmcr	1.64.0
2024	bioconductor-cghnormaliter	1.60.0
2024	bioconductor-cghregions	1.64.0
2024	bioconductor-champdata	2.38.0
2024	bioconductor-chemminer	3.58.0
2024	bioconductor-chetah	1.22.0
2024	bioconductor-chicago	1.34.0
2024	bioconductor-chicken.db0	3.20.0
2024	bioconductor-chihaya	1.6.0
2024	bioconductor-chimeraviz	1.32.0
2024	bioconductor-chimp.db0	3.20.0
2024	bioconductor-chimphumanbraindata	1.44.0
2024	bioconductor-chipanalyser	1.28.0
2024	bioconductor-chipenrich.data	2.30.0
2024	bioconductor-chipenrich	2.30.0
2024	bioconductor-chipexoqualexample	1.30.0
2024	bioconductor-chippeakanno	3.40.0
2024	bioconductor-chipseq	1.56.0
2024	bioconductor-chipseqdbdata	1.22.0
2024	bioconductor-chipseqr	1.60.0
2024	bioconductor-chipsim	1.60.0
2024	bioconductor-chopsticks	1.72.0
2024	bioconductor-chromdraw	2.36.0
2024	bioconductor-chromheatmap	1.60.0
2024	bioconductor-chromplot	1.34.0
2024	bioconductor-chromscape	1.16.0
2024	bioconductor-chromstardata	1.32.0
2024	bioconductor-chromvar	1.28.0
2024	bioconductor-chronos	1.34.0
2024	bioconductor-cicero	1.24.0
2024	bioconductor-cindex	1.34.0
2024	bioconductor-cispath	1.46.0
2024	bioconductor-citefuse	1.18.0
2024	bioconductor-classifyr	3.10.0
2024	bioconductor-cleaver	1.44.0
2024	bioconductor-clevrvis	1.6.0
2024	bioconductor-clippda	1.56.0
2024	bioconductor-clipper	1.46.0
2024	bioconductor-cliprofiler	1.12.0
2024	bioconductor-cliquems	1.20.0
2024	bioconductor-cll	1.46.0
2024	bioconductor-cllmethylation	1.26.0
2024	bioconductor-clomial	1.42.0
2024	bioconductor-clst	1.54.0
2024	bioconductor-clstutils	1.54.0
2024	bioconductor-clumsid	1.22.0
2024	bioconductor-clumsiddata	1.22.0
2024	bioconductor-clustall	1.2.0
2024	bioconductor-clustcomp	1.34.0
2024	bioconductor-clusterexperiment	2.26.0
2024	bioconductor-clusterfoldsimilarity	1.2.0
2024	bioconductor-clusterjudge	1.28.0
2024	bioconductor-clusterseq	1.30.0
2024	bioconductor-clustersignificance	1.34.0
2024	bioconductor-clusterstab	1.78.0
2024	bioconductor-clustifyr	1.18.0
2024	bioconductor-clustifyrdatahub	1.16.0
2024	bioconductor-clustirr	1.4.0
2024	bioconductor-cma	1.64.0
2024	bioconductor-cmap2data	1.42.0
2024	bioconductor-cmapr	1.18.0
2024	bioconductor-cn.farms	1.54.0
2024	bioconductor-cn.mops	1.52.0
2024	bioconductor-cnanorm	1.52.0
2024	bioconductor-cner	1.42.0
2024	bioconductor-cnordt	1.48.0
2024	bioconductor-cnorfeeder	1.46.0
2024	bioconductor-cnorfuzzy	1.48.0
2024	bioconductor-cnorode	1.48.0
2024	bioconductor-cntools	1.62.0
2024	bioconductor-cnvgsa	1.50.0
2024	bioconductor-cnvgsadata	1.42.0
2024	bioconductor-cnvmetrics	1.10.0
2024	bioconductor-cnvranger	1.22.0
2024	bioconductor-cocitestats	1.78.0
2024	bioconductor-cocoa	2.16.0
2024	bioconductor-cocoa	2.20.0
2024	bioconductor-codelink	1.74.0
2024	bioconductor-cogaps	3.26.0
2024	bioconductor-cogena	1.40.0
2024	bioconductor-cogeqc	1.10.0
2024	bioconductor-cogito	1.12.0
2024	bioconductor-cogps	1.50.0
2024	bioconductor-cohcapanno	1.42.0
2024	bioconductor-cola	2.12.0
2024	bioconductor-colonca	1.48.0
2024	bioconductor-comapr	1.10.0
2024	bioconductor-combi	1.18.0
2024	bioconductor-compass	1.44.0
2024	bioconductor-compcoder	1.42.0
2024	bioconductor-compepitools	1.40.0
2024	bioconductor-complexheatmap	2.22.0
2024	bioconductor-compounddb	1.10.0
2024	bioconductor-compran	1.14.0
2024	bioconductor-compspot	1.4.0
2024	bioconductor-concordexr	1.6.0
2024	bioconductor-confess	1.34.0
2024	bioconductor-confessdata	1.34.0
2024	bioconductor-connectivitymap	1.42.0
2024	bioconductor-consensus	1.24.0
2024	bioconductor-consensusclusterplus	1.70.0
2024	bioconductor-consensusseeker	1.34.0
2024	bioconductor-consica	2.4.0
2024	bioconductor-constand	1.14.0
2024	bioconductor-convert	1.82.0
2024	bioconductor-copa	1.74.0
2024	bioconductor-copdsexualdimorphism.data	1.42.0
2024	bioconductor-copyhelper	1.38.0
2024	bioconductor-copyneutralima	1.24.0
2024	bioconductor-cordon	1.24.0
2024	bioconductor-coregx	2.10.0
2024	bioconductor-cormotif	1.52.0
2024	bioconductor-coseq	1.30.0
2024	bioconductor-cosiadata	1.6.0
2024	bioconductor-cosmiq	1.40.0
2024	bioconductor-cosmosr	1.14.0
2024	bioconductor-cosnet	1.40.0
2024	bioconductor-cotan	2.6.0
2024	bioconductor-countsimqc	1.24.0
2024	bioconductor-coveb	1.32.0
2024	bioconductor-coverageview	1.44.0
2024	bioconductor-covrna	1.32.0
2024	bioconductor-cpvsnp	1.38.0
2024	bioconductor-cqn	1.52.0
2024	bioconductor-crcl18	1.26.0
2024	bioconductor-crimage	1.54.0
2024	bioconductor-crisprbase	1.10.0
2024	bioconductor-crisprbowtie	1.10.0
2024	bioconductor-crisprdesign	1.8.0
2024	bioconductor-crisprscore	1.10.0
2024	bioconductor-crisprscoredata	1.10.0
2024	bioconductor-crisprseek	1.46.0
2024	bioconductor-crisprshiny	1.2.0
2024	bioconductor-crisprvariants	1.34.0
2024	bioconductor-crisprverse	1.8.0
2024	bioconductor-crisprviz	1.8.0
2024	bioconductor-crlmm	1.64.0
2024	bioconductor-csar	1.58.0
2024	bioconductor-csaw	1.40.0
2024	bioconductor-csdr	1.12.0
2024	bioconductor-cssq	1.18.0
2024	bioconductor-ctc	1.80.0
2024	bioconductor-ctdata	1.6.0
2024	bioconductor-ctdquerier	2.14.0
2024	bioconductor-ctexplorer	1.2.0
2024	bioconductor-ctrap	1.24.0
2024	bioconductor-ctsge	1.32.0
2024	bioconductor-ctsv	1.8.0
2024	bioconductor-cummerbund	2.48.0
2024	bioconductor-curatedadipoarray	1.18.0
2024	bioconductor-curatedadipochip	1.22.0
2024	bioconductor-curatedadiporna	1.22.0
2024	bioconductor-curatedatlasqueryr	1.4.0
2024	bioconductor-curatedbladderdata	1.42.0
2024	bioconductor-curatedbreastdata	2.34.0
2024	bioconductor-curatedmetagenomicdata	3.14.0
2024	bioconductor-curatedovariandata	1.44.0
2024	bioconductor-customcmpdb	1.16.0
2024	bioconductor-cyanofilter	1.14.0
2024	bioconductor-cycle	1.60.0
2024	bioconductor-cytodx	1.26.0
2024	bioconductor-cytofqc	1.6.0
2024	bioconductor-cytoglmm	1.14.0
2024	bioconductor-cytokernel	1.12.0
2024	bioconductor-cytolib	2.14.1
2024	bioconductor-cytolib	2.18.0
2024	bioconductor-cytomapper	1.18.0
2024	bioconductor-cytomds	1.2.0
2024	bioconductor-cytomem	1.10.0
2024	bioconductor-cytomethic	1.2.0
2024	bioconductor-cytopipeline	1.6.0
2024	bioconductor-cytopipelinegui	1.4.0
2024	bioconductor-cytoviewer	1.6.0
2024	bioconductor-dada2	1.34.0
2024	bioconductor-dama	1.78.0
2024	bioconductor-damirseq	2.18.0
2024	bioconductor-dapar	1.38.0
2024	bioconductor-dapardata	1.36.0
2024	bioconductor-dar	1.2.0
2024	bioconductor-dart	1.54.0
2024	bioconductor-data-packages	20241103
2024	bioconductor-data-packages	20241220
2024	bioconductor-davidtiling	1.46.0
2024	bioconductor-dcanr	1.22.0
2024	bioconductor-dcats	1.4.0
2024	bioconductor-dcgsa	1.34.0
2024	bioconductor-ddct	1.62.0
2024	bioconductor-ddpcrclust	1.26.0
2024	bioconductor-dearseq	1.18.0
2024	bioconductor-debcam	1.24.0
2024	bioconductor-decipher	3.2.0
2024	bioconductor-deconrnaseq	1.48.0
2024	bioconductor-decontam	1.26.0
2024	bioconductor-decontx	1.4.0
2024	bioconductor-decoupler	2.12.0
2024	bioconductor-deeppincs	1.14.0
2024	bioconductor-deepsnv	1.52.0
2024	bioconductor-deeptarget	1.0.0
2024	bioconductor-deformats	1.34.0
2024	bioconductor-degnorm	1.16.0
2024	bioconductor-degraph	1.58.0
2024	bioconductor-degreport	1.42.0
2024	bioconductor-degseq	1.60.0
2024	bioconductor-delayedarray	0.32.0
2024	bioconductor-delayeddataframe	1.22.0
2024	bioconductor-delayedmatrixstats	1.28.0
2024	bioconductor-delayedrandomarray	1.14.0
2024	bioconductor-delocal	1.6.0
2024	bioconductor-deltacapturec	1.20.0
2024	bioconductor-deltagseg	1.46.0
2024	bioconductor-demand	1.36.0
2024	bioconductor-demixt	1.22.0
2024	bioconductor-demuxmix	1.8.0
2024	bioconductor-densvis	1.16.0
2024	bioconductor-dep	1.28.0
2024	bioconductor-depecher	1.22.0
2024	bioconductor-depinfer	1.10.0
2024	bioconductor-depmap	1.20.0
2024	bioconductor-deqms	1.24.0
2024	bioconductor-derfinderdata	2.24.0
2024	bioconductor-derfinderhelper	1.40.0
2024	bioconductor-descan2	1.26.0
2024	bioconductor-deseq2	1.46.0
2024	bioconductor-desingle	1.26.0
2024	bioconductor-despace	1.6.0
2024	bioconductor-desubs	1.32.0
2024	bioconductor-dewseq	1.20.0
2024	bioconductor-dexma	1.14.0
2024	bioconductor-dexmadata	1.14.0
2024	bioconductor-dexseq	1.52.0
2024	bioconductor-dfp	1.64.0
2024	bioconductor-dfplyr	1.0.0
2024	bioconductor-diffcoexp	1.26.0
2024	bioconductor-diffcyt	1.26.0
2024	bioconductor-differentialregulation	2.4.0
2024	bioconductor-diffgeneanalysis	1.88.0
2024	bioconductor-diffhic	1.38.0
2024	bioconductor-difflogo	2.30.0
2024	bioconductor-diffloopdata	1.34.0
2024	bioconductor-diffustats	1.26.0
2024	bioconductor-diffutr	1.14.0
2024	bioconductor-diggit	1.38.0
2024	bioconductor-diggitdata	1.38.0
2024	bioconductor-dino	1.12.0
2024	bioconductor-dinor	1.2.0
2024	bioconductor-dir.expiry	1.14.0
2024	bioconductor-director	1.32.0
2024	bioconductor-dirichletmultinomial	1.48.0
2024	bioconductor-discordant	1.30.0
2024	bioconductor-discorhythm	1.22.0
2024	bioconductor-distinct	1.18.0
2024	bioconductor-dittoseq	1.18.0
2024	bioconductor-divergence	1.22.0
2024	bioconductor-dks	1.52.0
2024	bioconductor-dlbcl	1.46.0
2024	bioconductor-dmcfb	1.20.0
2024	bioconductor-dmchmm	1.28.0
2024	bioconductor-dmrcaller	1.38.0
2024	bioconductor-dmrscan	1.28.0
2024	bioconductor-dmrseq	1.26.0
2024	bioconductor-dnabarcodecompatibility	1.22.0
2024	bioconductor-dnabarcodes	1.36.0
2024	bioconductor-dnacopy	1.80.0
2024	bioconductor-dnashaper	1.34.0
2024	bioconductor-dominosignal	1.0.0
2024	bioconductor-donapllp2013	1.44.0
2024	bioconductor-doppelgangr	1.34.0
2024	bioconductor-dorothea	1.18.0
2024	bioconductor-doscheda	1.28.0
2024	bioconductor-dose	4.0.0
2024	bioconductor-doser	1.22.0
2024	bioconductor-doubletrouble	1.6.0
2024	bioconductor-drawproteins	1.26.0
2024	bioconductor-dresscheck	0.44.0
2024	bioconductor-drimseq	1.34.0
2024	bioconductor-drivernet	1.46.0
2024	bioconductor-droplettestfiles	1.16.0
2024	bioconductor-dropletutils	1.26.0
2024	bioconductor-drugvsdiseasedata	1.42.0
2024	bioconductor-dss	2.54.0
2024	bioconductor-dstruct	1.12.0
2024	bioconductor-dta	2.52.0
2024	bioconductor-dune	1.18.0
2024	bioconductor-duoclustering2018	1.24.0
2024	bioconductor-duplexdiscoverer	1.0.0
2024	bioconductor-dupradar	1.36.0
2024	bioconductor-dvddata	1.42.0
2024	bioconductor-dyebias	1.66.0
2024	bioconductor-dyebiasexamples	1.46.0
2024	bioconductor-dyndoc	1.84.0
2024	bioconductor-easier	1.12.0
2024	bioconductor-easierdata	1.12.0
2024	bioconductor-easyreporting	1.18.0
2024	bioconductor-easyrnaseq	2.42.0
2024	bioconductor-eatonetalchipseq	0.44.0
2024	bioconductor-ebarrays	2.70.0
2024	bioconductor-ebcoexpress	1.50.0
2024	bioconductor-ebimage	4.48.0
2024	bioconductor-ebsea	1.34.0
2024	bioconductor-ebseq	2.4.0
2024	bioconductor-ecolik12.db0	3.20.0
2024	bioconductor-ecolileucine	1.46.0
2024	bioconductor-ecolisakai.db0	3.20.0
2024	bioconductor-ecolitk	1.78.0
2024	bioconductor-edaseq	2.40.0
2024	bioconductor-edge	2.38.0
2024	bioconductor-edger	4.0.16
2024	bioconductor-edger	4.4.0
2024	bioconductor-edirquery	1.6.0
2024	bioconductor-eds	1.8.0
2024	bioconductor-egad	1.34.0
2024	bioconductor-egseadata	1.34.0
2024	bioconductor-eir	1.46.0
2024	bioconductor-eisar	1.18.0
2024	bioconductor-elmer.data	2.30.0
2024	bioconductor-emdomics	2.36.0
2024	bioconductor-empiricalbrownsmethod	1.34.0
2024	bioconductor-emtdata	1.14.0
2024	bioconductor-enhancedvolcano	1.24.0
2024	bioconductor-enmcb	1.18.0
2024	bioconductor-enrichedheatmap	1.36.0
2024	bioconductor-enrichmentbrowser	2.36.0
2024	bioconductor-enrichtf	1.18.0
2024	bioconductor-ensembldb	2.30.0
2024	bioconductor-epialleler	1.14.0
2024	bioconductor-epidecoder	1.14.0
2024	bioconductor-epidish	2.22.0
2024	bioconductor-epigrahmm	1.14.0
2024	bioconductor-epimix.data	1.8.0
2024	bioconductor-epimix	1.8.0
2024	bioconductor-epimutacionsdata	1.10.0
2024	bioconductor-epistack	1.12.0
2024	bioconductor-epistasisga	1.8.0
2024	bioconductor-epitxdb	1.18.0
2024	bioconductor-epivizr	2.36.0
2024	bioconductor-epivizrchart	1.28.0
2024	bioconductor-epivizrdata	1.34.0
2024	bioconductor-epivizrserver	1.34.0
2024	bioconductor-epivizrstandalone	1.34.0
2024	bioconductor-erccdashboard	1.40.0
2024	bioconductor-erssa	1.24.0
2024	bioconductor-escher	1.6.0
2024	bioconductor-esetvis	1.32.0
2024	bioconductor-estrogen	1.52.0
2024	bioconductor-ewce	1.14.0
2024	bioconductor-ewcedata	1.14.0
2024	bioconductor-excluster	1.24.0
2024	bioconductor-eximir	2.48.0
2024	bioconductor-experimenthub	2.14.0
2024	bioconductor-experimenthubdata	1.32.0
2024	bioconductor-exploremodelmatrix	1.18.0
2024	bioconductor-expressionatlas	1.34.0
2024	bioconductor-extrachips	1.10.0
2024	bioconductor-faahko	1.46.0
2024	bioconductor-fabia	2.52.0
2024	bioconductor-fabiadata	1.44.0
2024	bioconductor-factdesign	1.82.0
2024	bioconductor-factr	1.8.0
2024	bioconductor-famagg	1.34.0
2024	bioconductor-fantom3and4cage	1.42.0
2024	bioconductor-fastliquidassociation	1.42.0
2024	bioconductor-fastqcleaner	1.24.0
2024	bioconductor-fastreer	1.10.0
2024	bioconductor-fastseg	1.52.0
2024	bioconductor-fci	1.36.0
2024	bioconductor-fdrame	1.78.0
2024	bioconductor-feast	1.14.0
2024	bioconductor-featseekr	1.6.0
2024	bioconductor-fedup	1.14.0
2024	bioconductor-fella	1.26.0
2024	bioconductor-fenr	1.4.0
2024	bioconductor-fgnet	3.40.0
2024	bioconductor-fgsea	1.32.0
2024	bioconductor-fibroeset	1.48.0
2024	bioconductor-fieldeffectcrc	1.16.0
2024	bioconductor-fis	1.34.0
2024	bioconductor-fishalyser	1.40.0
2024	bioconductor-fishpond	2.12.0
2024	bioconductor-fission	1.26.0
2024	bioconductor-fithic	1.32.0
2024	bioconductor-flagme	1.62.0
2024	bioconductor-fletcher2013a	1.42.0
2024	bioconductor-fletcher2013b	1.42.0
2024	bioconductor-flowai	1.36.0
2024	bioconductor-flowbeads	1.44.0
2024	bioconductor-flowbin	1.42.0
2024	bioconductor-flowcatchr	1.40.0
2024	bioconductor-flowchic	1.40.0
2024	bioconductor-flowclean	1.44.0
2024	bioconductor-flowclust	3.44.0
2024	bioconductor-flowcore	2.18.0
2024	bioconductor-flowcut	1.16.0
2024	bioconductor-flowcybar	1.42.0
2024	bioconductor-flowdensity	1.40.0
2024	bioconductor-flowfp	1.64.0
2024	bioconductor-flowgate	1.6.0
2024	bioconductor-flowgraph	1.14.0
2024	bioconductor-flowmatch	1.42.0
2024	bioconductor-flowmeans	1.66.0
2024	bioconductor-flowmerge	2.54.0
2024	bioconductor-flowpeaks	1.52.0
2024	bioconductor-flowploidy	1.32.0
2024	bioconductor-flowploidydata	1.32.0
2024	bioconductor-flowplots	1.54.0
2024	bioconductor-flowsom	2.14.0
2024	bioconductor-flowspecs	1.20.0
2024	bioconductor-flowstats	4.18.0
2024	bioconductor-flowtime	1.30.0
2024	bioconductor-flowtrans	1.58.0
2024	bioconductor-flowviz	1.70.0
2024	bioconductor-flowvs	1.38.0
2024	bioconductor-flowworkspace	4.18.0
2024	bioconductor-flowworkspacedata	3.18.0
2024	bioconductor-fly.db0	3.20.0
2024	bioconductor-fmcsr	1.48.0
2024	bioconductor-fmrs	1.16.0
2024	bioconductor-fobitools	1.14.0
2024	bioconductor-fraser	1.99.3
2024	bioconductor-fraser	1.99.4
2024	bioconductor-fraser	2.2.0
2024	bioconductor-frenchfish	1.18.0
2024	bioconductor-frgepistasis	1.42.0
2024	bioconductor-frma	1.58.0
2024	bioconductor-frmaexampledata	1.42.0
2024	bioconductor-frmatools	1.58.0
2024	bioconductor-furrowseg	1.34.0
2024	bioconductor-fusesom	1.8.0
2024	bioconductor-gaga	2.52.0
2024	bioconductor-gage	2.56.0
2024	bioconductor-gagedata	2.44.0
2024	bioconductor-gaprediction	1.32.0
2024	bioconductor-garfield	1.34.0
2024	bioconductor-gaschyhs	1.44.0
2024	bioconductor-gatefinder	1.26.0
2024	bioconductor-gatom	1.4.0
2024	bioconductor-gbscleanr	2.0.2
2024	bioconductor-gcapc	1.30.0
2024	bioconductor-gcatest	2.6.0
2024	bioconductor-gcrisprtools	2.12.0
2024	bioconductor-gcrma	2.78.0
2024	bioconductor-gcspikelite	1.44.0
2024	bioconductor-gdnainrnaseqdata	1.6.0
2024	bioconductor-gdr	1.4.0
2024	bioconductor-gdrcore	1.4.0
2024	bioconductor-gdrimport	1.4.0
2024	bioconductor-gdrstyle	1.4.0
2024	bioconductor-gdrtestdata	1.4.0
2024	bioconductor-gdrutils	1.4.0
2024	bioconductor-gdsarray	1.26.0
2024	bioconductor-gdsfmt	1.42.0
2024	bioconductor-gem	1.32.0
2024	bioconductor-gemini	1.20.0
2024	bioconductor-gemma.r	3.2.0
2024	bioconductor-genarise	1.82.0
2024	bioconductor-geneattribution	1.32.0
2024	bioconductor-genebreak	1.36.0
2024	bioconductor-geneclassifiers	1.30.0
2024	bioconductor-geneexpressionsignature	1.52.0
2024	bioconductor-genefilter	1.88.0
2024	bioconductor-genega	1.56.0
2024	bioconductor-genegeneinter	1.32.0
2024	bioconductor-genelendatabase	1.42.0
2024	bioconductor-genemeta	1.78.0
2024	bioconductor-genenetworkbuilder	1.48.0
2024	bioconductor-geneoverlap	1.42.0
2024	bioconductor-geneplast.data	0.99.9
2024	bioconductor-geneplast	1.32.0
2024	bioconductor-geneplotter	1.84.0
2024	bioconductor-generecommender	1.78.0
2024	bioconductor-generxcluster	1.42.0
2024	bioconductor-geneselectmmd	2.50.0
2024	bioconductor-genesis	2.36.0
2024	bioconductor-genetclassifier	1.46.0
2024	bioconductor-geneticsped	1.68.0
2024	bioconductor-genextender	1.32.0
2024	bioconductor-genie3	1.28.0
2024	bioconductor-genocn	1.58.0
2024	bioconductor-genomation	1.38.0
2024	bioconductor-genomationdata	1.38.0
2024	bioconductor-genomautomorphism	1.8.0
2024	bioconductor-genomeinfodb	1.42.0
2024	bioconductor-genomeinfodbdata	1.2.13
2024	bioconductor-genomeintervals	1.62.0
2024	bioconductor-genomes	3.36.0
2024	bioconductor-genomicalignments	1.42.0
2024	bioconductor-genomicdatacommons	1.30.0
2024	bioconductor-genomicdistributions	1.14.0
2024	bioconductor-genomicfeatures	1.58.0
2024	bioconductor-genomicinstability	1.12.0
2024	bioconductor-genomicinteractionnodes	1.10.0
2024	bioconductor-genomicinteractions	1.40.0
2024	bioconductor-genomicozone	1.20.0
2024	bioconductor-genomicplot	1.4.0
2024	bioconductor-genomicranges	1.58.0
2024	bioconductor-genomicscores	2.18.0
2024	bioconductor-genomictuples	1.40.0
2024	bioconductor-genproseq	1.10.0
2024	bioconductor-geodiff	1.12.0
2024	bioconductor-geoexplorer	1.12.0
2024	bioconductor-geofastq	1.14.0
2024	bioconductor-geomxtools	3.10.0
2024	bioconductor-geoquery	2.74.0
2024	bioconductor-geosubmission	1.58.0
2024	bioconductor-geotcgadata	2.6.0
2024	bioconductor-gep2pep	1.26.0
2024	bioconductor-getdee2	1.16.0
2024	bioconductor-geuvadistranscriptexpr	1.34.0
2024	bioconductor-geva	1.14.0
2024	bioconductor-gewist	1.50.0
2024	bioconductor-gg4way	1.4.0
2024	bioconductor-ggbio	1.54.0
2024	bioconductor-ggcyto	1.34.0
2024	bioconductor-ggkegg	1.4.0
2024	bioconductor-ggmanh	1.10.0
2024	bioconductor-ggmsa	1.12.0
2024	bioconductor-ggpa	1.18.0
2024	bioconductor-ggsc	1.4.0
2024	bioconductor-ggseqalign	1.0.0
2024	bioconductor-ggspavis	1.12.0
2024	bioconductor-ggtree	3.14.0
2024	bioconductor-ggtreedendro	1.8.0
2024	bioconductor-ggtreeextra	1.16.0
2024	bioconductor-gigsea	1.24.0
2024	bioconductor-gigseadata	1.24.0
2024	bioconductor-girafe	1.58.0
2024	bioconductor-gladiatox	1.22.0
2024	bioconductor-glimma	2.16.0
2024	bioconductor-glmgampoi	1.18.0
2024	bioconductor-glmsparsenet	1.24.0
2024	bioconductor-globalancova	4.24.0
2024	bioconductor-globalseq	1.34.0
2024	bioconductor-globaltest	5.60.0
2024	bioconductor-gloscope	1.4.0
2024	bioconductor-gmoviz	1.18.0
2024	bioconductor-gmrp	1.34.0
2024	bioconductor-gnosis	1.4.0
2024	bioconductor-go.db	3.20.0
2024	bioconductor-goexpress	1.40.0
2024	bioconductor-gofuncr	1.26.0
2024	bioconductor-golubesets	1.48.0
2024	bioconductor-gopro	1.32.0
2024	bioconductor-goprofiles	1.68.0
2024	bioconductor-gosemsim	2.32.0
2024	bioconductor-goseq	1.58.0
2024	bioconductor-gostats	2.72.0
2024	bioconductor-gothic	1.42.0
2024	bioconductor-gotools	1.80.0
2024	bioconductor-gpa	1.18.0
2024	bioconductor-gpaexample	1.18.0
2024	bioconductor-gpls	1.78.0
2024	bioconductor-gpumagic	1.22.0
2024	bioconductor-granulator	1.14.0
2024	bioconductor-graper	1.22.0
2024	bioconductor-graph	1.84.0
2024	bioconductor-graphalignment	1.70.0
2024	bioconductor-graphat	1.78.0
2024	bioconductor-graphite	1.52.0
2024	bioconductor-grenits	1.58.0
2024	bioconductor-greylistchip	1.38.0
2024	bioconductor-grmetrics	1.32.0
2024	bioconductor-grndata	1.38.0
2024	bioconductor-gsalightning	1.34.0
2024	bioconductor-gsar	1.40.0
2024	bioconductor-gsbenchmark	1.26.0
2024	bioconductor-gsca	2.36.0
2024	bioconductor-gscreend	1.20.0
2024	bioconductor-gse103322	1.12.0
2024	bioconductor-gse13015	1.14.0
2024	bioconductor-gse159526	1.12.0
2024	bioconductor-gse62944	1.34.0
2024	bioconductor-gseabase	1.68.0
2024	bioconductor-gseabenchmarker	1.26.0
2024	bioconductor-gsealm	1.66.0
2024	bioconductor-gseamining	1.16.0
2024	bioconductor-gsean	1.26.0
2024	bioconductor-gsgalgor	1.16.0
2024	bioconductor-gsreg	1.40.0
2024	bioconductor-gsri	2.54.0
2024	bioconductor-gsva	2.0.0
2024	bioconductor-gsvadata	1.42.0
2024	bioconductor-gtrellis	1.38.0
2024	bioconductor-guideseq	1.36.0
2024	bioconductor-guitar	2.22.0
2024	bioconductor-gviz	1.50.0
2024	bioconductor-gwas.bayes	1.16.0
2024	bioconductor-gwascat	2.38.0
2024	bioconductor-gwasdata	1.44.0
2024	bioconductor-gwastools	1.52.0
2024	bioconductor-gwena	1.16.0
2024	bioconductor-gypsum	1.2.0
2024	bioconductor-h5vc	2.40.0
2024	bioconductor-h5vcdata	2.26.0
2024	bioconductor-hapfabia	1.48.0
2024	bioconductor-hapmap100khind	1.48.0
2024	bioconductor-hapmap100kxba	1.48.0
2024	bioconductor-hapmap500knsp	1.48.0
2024	bioconductor-hapmap500ksty	1.48.0
2024	bioconductor-hapmapsnp5	1.48.0
2024	bioconductor-hapmapsnp6	1.48.0
2024	bioconductor-harbchip	1.44.0
2024	bioconductor-harman	1.34.0
2024	bioconductor-harmandata	1.34.0
2024	bioconductor-harmonizedtcgadata	1.28.0
2024	bioconductor-harmonizr	1.4.0
2024	bioconductor-harshlight	1.78.0
2024	bioconductor-hca	1.14.0
2024	bioconductor-hd2013sgi	1.46.0
2024	bioconductor-hdcytodata	1.26.0
2024	bioconductor-hdf5array	1.34.0
2024	bioconductor-hdo.db	1.0.0
2024	bioconductor-hdtd	1.40.0
2024	bioconductor-hdxmsqc	1.2.0
2024	bioconductor-healthycontrolspresencechecker	1.10.0
2024	bioconductor-healthyflowdata	1.44.0
2024	bioconductor-heatmaps	1.30.0
2024	bioconductor-heatplus	3.14.0
2024	bioconductor-heebodata	1.44.0
2024	bioconductor-hellorangesdata	1.32.0
2024	bioconductor-help	1.64.0
2024	bioconductor-hem	1.78.0
2024	bioconductor-heron	1.4.0
2024	bioconductor-herper	1.16.0
2024	bioconductor-hgc	1.14.0
2024	bioconductor-hgu133abarcodevecs	1.44.0
2024	bioconductor-hgu133plus2barcodevecs	1.44.0
2024	bioconductor-hgu133plus2cellscore	1.26.0
2024	bioconductor-hgu2beta7	1.46.0
2024	bioconductor-hiannotator	1.40.0
2024	bioconductor-hibag	1.42.0
2024	bioconductor-hicaggr	1.2.0
2024	bioconductor-hicbricks	1.24.0
2024	bioconductor-hiccompare	1.28.0
2024	bioconductor-hicdatahumanimr90	1.26.0
2024	bioconductor-hicdatalymphoblast	1.42.0
2024	bioconductor-hicdcplus	1.14.0
2024	bioconductor-hicdoc	1.8.0
2024	bioconductor-hicexperiment	1.6.0
2024	bioconductor-hicontacts	1.8.0
2024	bioconductor-hicontactsdata	1.8.0
2024	bioconductor-hicool	1.6.0
2024	bioconductor-hicvenndiagram	1.4.0
2024	bioconductor-hiergwas	1.36.0
2024	bioconductor-hierinf	1.24.0
2024	bioconductor-highlyreplicatedrnaseq	1.18.0
2024	bioconductor-hiiragi2013	1.41.0
2024	bioconductor-hilbertcurve	2.0.0
2024	bioconductor-hilbertvis	1.64.0
2024	bioconductor-hilda	1.20.0
2024	bioconductor-hipathia	3.6.0
2024	bioconductor-hippo	1.18.0
2024	bioconductor-hireewas	1.24.0
2024	bioconductor-hitc	1.50.0
2024	bioconductor-hivcdnavantwout03	1.46.0
2024	bioconductor-hmdbquery	1.26.0
2024	bioconductor-hmmcopy	1.48.0
2024	bioconductor-hmp16sdata	1.26.0
2024	bioconductor-hoodscanr	1.4.0
2024	bioconductor-hopach	2.66.0
2024	bioconductor-hpaanalyze	1.24.0
2024	bioconductor-hpar	1.48.0
2024	bioconductor-hpip	1.12.0
2024	bioconductor-hsmmsinglecell	1.26.0
2024	bioconductor-htsfilter	1.46.0
2024	bioconductor-hubmapr	0.99.6
2024	bioconductor-hubpub	1.14.0
2024	bioconductor-human.db0	3.20.0
2024	bioconductor-humanaffydata	1.32.0
2024	bioconductor-humanstemcell	0.46.0
2024	bioconductor-hummingbird	1.16.0
2024	bioconductor-hybridexpress	1.2.0
2024	bioconductor-hybridmtest	1.50.0
2024	bioconductor-hyper	2.4.0
2024	bioconductor-hyperdraw	1.58.0
2024	bioconductor-hypergraph	1.78.0
2024	bioconductor-iaseq	1.50.0
2024	bioconductor-iasva	1.24.0
2024	bioconductor-ibbig	1.50.0
2024	bioconductor-ibh	1.54.0
2024	bioconductor-ibmq	1.46.0
2024	bioconductor-icare	1.34.0
2024	bioconductor-icens	1.78.0
2024	bioconductor-ichip	1.60.0
2024	bioconductor-icobra	1.34.0
2024	bioconductor-ideoviz	1.42.0
2024	bioconductor-idiogram	1.82.0
2024	bioconductor-idpr	1.16.0
2024	bioconductor-idr2d	1.20.0
2024	bioconductor-ifaa	1.8.0
2024	bioconductor-igc	1.36.0
2024	bioconductor-iggeneusage	1.20.0
2024	bioconductor-ihw	1.34.0
2024	bioconductor-ihwpaper	1.34.0
2024	bioconductor-illumina450probevariants.db	1.42.0
2024	bioconductor-illuminadatatestfiles	1.44.0
2024	bioconductor-illuminaio	0.48.0
2024	bioconductor-iloreg	1.16.0
2024	bioconductor-imas	1.30.0
2024	bioconductor-imcdatasets	1.14.0
2024	bioconductor-imcrtools	1.12.0
2024	bioconductor-imman	1.26.0
2024	bioconductor-immunoclust	1.38.0
2024	bioconductor-immunogenviewer	1.0.0
2024	bioconductor-immunotation	1.14.0
2024	bioconductor-impcdata	1.42.0
2024	bioconductor-impute	1.80.0
2024	bioconductor-indeed	2.20.0
2024	bioconductor-infercnv	1.20.0
2024	bioconductor-infercnv	1.22.0
2024	bioconductor-informeasure	1.16.0
2024	bioconductor-inpower	1.42.0
2024	bioconductor-inspect	1.36.0
2024	bioconductor-intact	1.6.0
2024	bioconductor-intansv	1.46.0
2024	bioconductor-interaccircos	1.16.0
2024	bioconductor-interactionset	1.34.0
2024	bioconductor-interactivecomplexheatmap	1.14.0
2024	bioconductor-interactivedisplaybase	1.44.0
2024	bioconductor-intercellar	2.12.0
2024	bioconductor-intramirexplorer	1.28.0
2024	bioconductor-ioniser	2.30.0
2024	bioconductor-ipath	1.12.0
2024	bioconductor-ipddb	1.24.0
2024	bioconductor-ipo	1.32.0
2024	bioconductor-iranges	2.40.0
2024	bioconductor-isee	2.18.0
2024	bioconductor-iseede	1.4.0
2024	bioconductor-iseehex	1.8.0
2024	bioconductor-iseepathways	1.4.0
2024	bioconductor-iseetree	1.0.0
2024	bioconductor-iseeu	1.18.0
2024	bioconductor-iseq	1.58.0
2024	bioconductor-islet	1.8.0
2024	bioconductor-isobar	1.52.0
2024	bioconductor-isobayes	1.4.0
2024	bioconductor-isocorrector	1.24.0
2024	bioconductor-isocorrectorgui	1.22.0
2024	bioconductor-isolde	1.34.0
2024	bioconductor-isomirs	1.34.0
2024	bioconductor-italicsdata	2.44.0
2024	bioconductor-iterativebma	1.64.0
2024	bioconductor-iterativebmasurv	1.64.0
2024	bioconductor-ivas	2.26.0
2024	bioconductor-ivygapse	1.28.0
2024	bioconductor-iwtomics	1.30.0
2024	bioconductor-iyer517	1.48.0
2024	bioconductor-jaspar2014	1.42.0
2024	bioconductor-jaspar2016	1.34.0
2024	bioconductor-jaspar2022	0.99.8
2024	bioconductor-kboost	1.14.0
2024	bioconductor-kcsmart	2.64.0
2024	bioconductor-kebabs	1.40.0
2024	bioconductor-keggandmetacoredzpathwaysgeo	1.26.0
2024	bioconductor-keggdzpathwaysgeo	1.44.0
2024	bioconductor-kegggraph	1.66.0
2024	bioconductor-kegglincs	1.32.0
2024	bioconductor-keggorthology	2.58.0
2024	bioconductor-keggrest	1.46.0
2024	bioconductor-kidpack	1.48.0
2024	bioconductor-kinswingr	1.24.0
2024	bioconductor-kmcut	1.0.0
2024	bioconductor-knowseq	1.20.0
2024	bioconductor-knowyourcg	1.2.0
2024	bioconductor-kodata	1.32.0
2024	bioconductor-koinar	1.0.0
2024	bioconductor-lace	2.10.0
2024	bioconductor-lapmix	1.72.0
2024	bioconductor-lbe	1.74.0
2024	bioconductor-ldblock	1.36.0
2024	bioconductor-lea	3.18.0
2024	bioconductor-ledpred	1.40.0
2024	bioconductor-leebamviews	1.42.0
2024	bioconductor-lefser	1.16.0
2024	bioconductor-lemur	1.4.0
2024	bioconductor-les	1.56.0
2024	bioconductor-leukemiaseset	1.42.0
2024	bioconductor-levi	1.24.0
2024	bioconductor-lfa	2.6.0
2024	bioconductor-liebermanaidenhic2009	0.44.0
2024	bioconductor-limma	3.62.0
2024	bioconductor-limmagui	1.82.0
2024	bioconductor-limpca	1.2.0
2024	bioconductor-linkhd	1.20.0
2024	bioconductor-linnorm	2.30.0
2024	bioconductor-lintind	1.10.0
2024	bioconductor-lionessr	1.20.0
2024	bioconductor-lipidr	2.20.0
2024	bioconductor-liquidassociation	1.60.0
2024	bioconductor-listeretalbsseq	1.38.0
2024	bioconductor-lmdme	1.48.0
2024	bioconductor-lobstahs	1.32.0
2024	bioconductor-loci2path	1.26.0
2024	bioconductor-logicfs	2.26.0
2024	bioconductor-lola	1.36.0
2024	bioconductor-loomexperiment	1.24.0
2024	bioconductor-lpe	1.80.0
2024	bioconductor-lpnet	2.38.0
2024	bioconductor-lpsymphony	1.34.0
2024	bioconductor-lrbasedbi	2.16.0
2024	bioconductor-lrcell	1.14.0
2024	bioconductor-lrcelltypemarkers	1.14.0
2024	bioconductor-lungcanceracvssccgeo	1.42.0
2024	bioconductor-lungexpression	0.44.0
2024	bioconductor-lute	1.2.0
2024	bioconductor-lydata	1.32.0
2024	bioconductor-lymphoseq	1.34.0
2024	bioconductor-m3c	1.28.0
2024	bioconductor-m3dexampledata	1.32.0
2024	bioconductor-m3drop	1.32.0
2024	bioconductor-maaslin2	1.18.0
2024	bioconductor-macorrplot	1.76.0
2024	bioconductor-macrophage	1.22.0
2024	bioconductor-macsdata	1.14.0
2024	bioconductor-macsquantifyr	1.20.0
2024	bioconductor-macsr	1.14.0
2024	bioconductor-made4	1.80.0
2024	bioconductor-maftools	2.22.0
2024	bioconductor-magpie	1.6.0
2024	bioconductor-magrene	1.8.0
2024	bioconductor-mai	1.12.0
2024	bioconductor-mait	1.40.0
2024	bioconductor-makecdfenv	1.82.0
2024	bioconductor-malaria.db0	3.20.0
2024	bioconductor-mammaprintdata	1.42.0
2024	bioconductor-mantelcorr	1.76.0
2024	bioconductor-mapredictdsc	1.44.0
2024	bioconductor-mapscape	1.30.0
2024	bioconductor-maqcexpression4plex	1.50.0
2024	bioconductor-marinerdata	1.6.0
2024	bioconductor-marr	1.16.0
2024	bioconductor-marray	1.84.0
2024	bioconductor-martini	1.26.0
2024	bioconductor-maser	1.24.0
2024	bioconductor-masigpro	1.78.0
2024	bioconductor-maskbad	1.50.0
2024	bioconductor-massarray	1.58.0
2024	bioconductor-massir	1.42.0
2024	bioconductor-massspecwavelet	1.72.0
2024	bioconductor-mast	1.32.0
2024	bioconductor-matchbox	1.48.0
2024	bioconductor-matrixgenerics	1.18.0
2024	bioconductor-matrixrider	1.38.0
2024	bioconductor-matter	2.8.0
2024	bioconductor-mbamethyl	1.40.0
2024	bioconductor-mbased	1.40.0
2024	bioconductor-mbcb	1.60.0
2024	bioconductor-mbecs	1.10.0
2024	bioconductor-mbkmeans	1.22.0
2024	bioconductor-mbpcr	1.60.0
2024	bioconductor-mbttest	1.34.0
2024	bioconductor-mcbiclust	1.30.0
2024	bioconductor-mcsurvdata	1.24.0
2024	bioconductor-mdp	1.26.0
2024	bioconductor-mdqc	1.68.0
2024	bioconductor-mdts	1.26.0
2024	bioconductor-measurementerror.cor	1.78.0
2024	bioconductor-meb	1.20.0
2024	bioconductor-medipsdata	1.42.0
2024	bioconductor-medme	1.66.0
2024	bioconductor-meebodata	1.44.0
2024	bioconductor-megadepth	1.16.0
2024	bioconductor-meigor	1.40.0
2024	bioconductor-melissa	1.22.0
2024	bioconductor-memes	1.14.0
2024	bioconductor-mergeomics	1.34.0
2024	bioconductor-meshdbi	1.42.0
2024	bioconductor-meshr	2.12.0
2024	bioconductor-meskit	1.16.0
2024	bioconductor-messina	1.42.0
2024	bioconductor-metabcombiner	1.16.0
2024	bioconductor-metabinr	1.8.0
2024	bioconductor-metaboannotation	1.10.0
2024	bioconductor-metabocoreutils	1.14.0
2024	bioconductor-metabomxtr	1.40.0
2024	bioconductor-metacca	1.34.0
2024	bioconductor-metacyto	1.28.0
2024	bioconductor-metagene2	1.22.0
2024	bioconductor-metagxbreast	1.26.0
2024	bioconductor-metagxovarian	1.26.0
2024	bioconductor-metagxpancreas	1.26.0
2024	bioconductor-metahdep	1.64.0
2024	bioconductor-metams	1.42.0
2024	bioconductor-metamsdata	1.42.0
2024	bioconductor-metaneighbor	1.26.0
2024	bioconductor-metapod	1.14.0
2024	bioconductor-metapone	1.12.0
2024	bioconductor-metaseq	1.46.0
2024	bioconductor-metaseqr2	1.18.0
2024	bioconductor-metcirc	1.36.0
2024	bioconductor-methimpute	1.28.0
2024	bioconductor-methinheritsim	1.28.0
2024	bioconductor-methped	1.34.0
2024	bioconductor-methrix	1.20.0
2024	bioconductor-methtargetedngs	1.38.0
2024	bioconductor-methylimp2	1.2.0
2024	bioconductor-methylinheritance	1.30.0
2024	bioconductor-methylkit	1.32.0
2024	bioconductor-methylmix	2.36.0
2024	bioconductor-methylmnm	1.44.0
2024	bioconductor-methylpipe	1.40.0
2024	bioconductor-methylscaper	1.14.0
2024	bioconductor-methylseekr	1.46.0
2024	bioconductor-methylsig	1.18.0
2024	bioconductor-metid	1.24.0
2024	bioconductor-metmashr	1.0.0
2024	bioconductor-metnet	1.24.0
2024	bioconductor-mfa	1.28.0
2024	bioconductor-mfuzz	2.66.0
2024	bioconductor-mgfm	1.40.0
2024	bioconductor-mgfr	1.32.0
2024	bioconductor-mgnifyr	1.2.0
2024	bioconductor-mgsa	1.54.0
2024	bioconductor-mia	1.14.0
2024	bioconductor-miasim	1.12.0
2024	bioconductor-miaviz	1.14.0
2024	bioconductor-michip	1.60.0
2024	bioconductor-microbiome	1.28.0
2024	bioconductor-microbiotaprocess	1.18.0
2024	bioconductor-microrna	1.64.0
2024	bioconductor-micrornaome	1.28.0
2024	bioconductor-microstasis	1.6.0
2024	bioconductor-micsqtl	1.4.0
2024	bioconductor-midashla	1.14.0
2024	bioconductor-milor	2.2.0
2024	bioconductor-mimager	1.30.0
2024	bioconductor-mina	1.14.0
2024	bioconductor-minet	3.64.0
2024	bioconductor-minfi	1.52.0
2024	bioconductor-minionsummarydata	1.36.0
2024	bioconductor-mipp	1.78.0
2024	bioconductor-miqc	1.14.0
2024	bioconductor-mira	1.28.0
2024	bioconductor-mirage	1.48.0
2024	bioconductor-mirbaseconverter	1.30.0
2024	bioconductor-mircompdata	1.36.0
2024	bioconductor-mirintegrator	1.36.0
2024	bioconductor-mirnameconverter	1.34.0
2024	bioconductor-mirnapath	1.66.0
2024	bioconductor-mirnatap	1.40.0
2024	bioconductor-mirnatarget	1.44.0
2024	bioconductor-mirtarrnaseq	1.14.0
2024	bioconductor-missrows	1.26.0
2024	bioconductor-mistyr	1.14.0
2024	bioconductor-mixomics	6.30.0
2024	bioconductor-mlinterfaces	1.86.0
2024	bioconductor-mlp	1.54.0
2024	bioconductor-mlseq	2.24.0
2024	bioconductor-mmdiff2	1.34.0
2024	bioconductor-mmdiffbamsubset	1.42.0
2024	bioconductor-mnem	1.22.0
2024	bioconductor-moanin	1.14.0
2024	bioconductor-modcon	1.14.0
2024	bioconductor-modstrings	1.22.0
2024	bioconductor-mofa2	1.16.0
2024	bioconductor-mofadata	1.22.0
2024	bioconductor-mogamun	1.16.0
2024	bioconductor-mogsa	1.40.0
2024	bioconductor-moleculeexperiment	1.6.0
2024	bioconductor-moma	1.18.0
2024	bioconductor-monocle	2.34.0
2024	bioconductor-mosaics	2.44.0
2024	bioconductor-mosaicsexample	1.44.0
2024	bioconductor-mosbi	1.12.0
2024	bioconductor-mosim	2.2.0
2024	bioconductor-motif2site	1.10.0
2024	bioconductor-motifcounter	1.30.0
2024	bioconductor-motifdb	1.48.0
2024	bioconductor-motifmatchr	1.28.0
2024	bioconductor-motiftestr	1.2.1
2024	bioconductor-mouse.db0	3.20.0
2024	bioconductor-mouse4302barcodevecs	1.44.0
2024	bioconductor-mousefm	1.16.0
2024	bioconductor-mpac	1.0.0
2024	bioconductor-mpfe	1.42.0
2024	bioconductor-mpo.db	0.99.8
2024	bioconductor-mpra	1.28.0
2024	bioconductor-mpranalyze	1.24.0
2024	bioconductor-msa	1.38.0
2024	bioconductor-msa2dist	1.10.0
2024	bioconductor-msbackendmassbank	1.14.0
2024	bioconductor-msbackendmgf	1.14.0
2024	bioconductor-msbackendmsp	1.10.0
2024	bioconductor-msbackendsql	1.6.0
2024	bioconductor-mscoreutils	1.18.0
2024	bioconductor-msdata	0.46.0
2024	bioconductor-msdatahub	1.6.0
2024	bioconductor-msexperiment	1.8.0
2024	bioconductor-msfeatures	1.14.0
2024	bioconductor-msgbsr	1.30.0
2024	bioconductor-msimpute	1.16.0
2024	bioconductor-mslp	1.8.0
2024	bioconductor-msmb	1.24.0
2024	bioconductor-msmseda	1.44.0
2024	bioconductor-msmstests	1.44.0
2024	bioconductor-msnbase	2.32.0
2024	bioconductor-msnid	1.40.0
2024	bioconductor-msprep	1.16.0
2024	bioconductor-mspurity	1.32.0
2024	bioconductor-mspuritydata	1.34.0
2024	bioconductor-msqc1	1.34.0
2024	bioconductor-msqrob2	1.14.0
2024	bioconductor-msstats	4.14.0
2024	bioconductor-msstatsbig	1.4.0
2024	bioconductor-msstatsconvert	1.16.0
2024	bioconductor-msstatslobd	1.14.0
2024	bioconductor-msstatsqc	2.24.0
2024	bioconductor-msstatsqcgui	1.26.0
2024	bioconductor-mtbls2	1.36.0
2024	bioconductor-mugaexampledata	1.26.0
2024	bioconductor-mulcom	1.56.0
2024	bioconductor-multiassayexperiment	1.32.0
2024	bioconductor-multibac	1.16.0
2024	bioconductor-multiclust	1.36.0
2024	bioconductor-multidataset	1.34.0
2024	bioconductor-multihiccompare	1.24.0
2024	bioconductor-multimed	2.28.0
2024	bioconductor-multimir	1.28.0
2024	bioconductor-multimodalexperiment	1.6.0
2024	bioconductor-multirnaflow	1.4.0
2024	bioconductor-multiscan	1.66.0
2024	bioconductor-multistateqtl	1.2.0
2024	bioconductor-multiwgcna	1.4.0
2024	bioconductor-multtest	2.62.0
2024	bioconductor-mumosa	1.14.0
2024	bioconductor-muscle	3.48.0
2024	bioconductor-musicatk	1.12.0
2024	bioconductor-mvcclass	1.80.0
2024	bioconductor-mwastools	1.30.0
2024	bioconductor-mygene	1.42.0
2024	bioconductor-mzid	1.44.0
2024	bioconductor-mzr	2.40.0
2024	bioconductor-nanomethviz	3.2.0
2024	bioconductor-nanostringdiff	1.36.0
2024	bioconductor-nanostringnctools	1.14.0
2024	bioconductor-nanotube	1.12.0
2024	bioconductor-nanotubes	1.22.0
2024	bioconductor-nbamseq	1.22.0
2024	bioconductor-ncdfflow	2.52.0
2024	bioconductor-ncgtw	1.20.0
2024	bioconductor-ncigraph	1.54.0
2024	bioconductor-ncigraphdata	1.42.0
2024	bioconductor-ncrnatools	1.16.0
2024	bioconductor-ndexr	1.28.0
2024	bioconductor-nearbynding	1.16.0
2024	bioconductor-nebulosa	1.16.0
2024	bioconductor-netactivity	1.8.0
2024	bioconductor-netactivitydata	1.8.0
2024	bioconductor-nethet	1.38.0
2024	bioconductor-netpathminer	1.42.0
2024	bioconductor-netprior	1.32.0
2024	bioconductor-netresponse	1.66.0
2024	bioconductor-netsmooth	1.26.0
2024	bioconductor-neve2006	0.44.0
2024	bioconductor-ngscopydata	1.26.0
2024	bioconductor-ngsreports	2.8.0
2024	bioconductor-nipalsmcia	1.4.0
2024	bioconductor-nnnorm	2.70.0
2024	bioconductor-nnsvg	1.10.0
2024	bioconductor-noiseq	2.50.0
2024	bioconductor-normalize450k	1.34.0
2024	bioconductor-normalyzerde	1.24.0
2024	bioconductor-normqpcr	1.52.0
2024	bioconductor-normr	1.32.0
2024	bioconductor-nparc	1.18.0
2024	bioconductor-npgsea	1.42.0
2024	bioconductor-ntw	1.56.0
2024	bioconductor-nucleosim	1.34.0
2024	bioconductor-nucler	2.38.0
2024	bioconductor-nucpos	1.24.0
2024	bioconductor-nullranges	1.12.0
2024	bioconductor-nullrangesdata	1.12.0
2024	bioconductor-nupop	2.14.0
2024	bioconductor-nxtirfdata	1.12.0
2024	bioconductor-obmiti	1.14.0
2024	bioconductor-occugene	1.66.0
2024	bioconductor-ocplus	1.80.0
2024	bioconductor-oct4	1.22.0
2024	bioconductor-octad.db	1.8.0
2024	bioconductor-odseq	1.34.0
2024	bioconductor-ogre	1.10.0
2024	bioconductor-oligo	1.70.0
2024	bioconductor-oligoclasses	1.68.0
2024	bioconductor-olin	1.84.0
2024	bioconductor-olingui	1.80.0
2024	bioconductor-omada	1.8.0
2024	bioconductor-omadb	2.22.0
2024	bioconductor-omicade4	1.46.0
2024	bioconductor-omiccircos	1.44.0
2024	bioconductor-omicplotr	1.26.0
2024	bioconductor-omicspcadata	1.24.0
2024	bioconductor-omicsprint	1.26.0
2024	bioconductor-omicsviewer	1.10.0
2024	bioconductor-omixer	1.16.0
2024	bioconductor-ompbam	1.10.0
2024	bioconductor-omxplore	1.0.0
2024	bioconductor-onassisjavalibs	1.28.0
2024	bioconductor-oncomix	1.28.0
2024	bioconductor-oncoscanr	1.8.0
2024	bioconductor-oncoscore	1.34.0
2024	bioconductor-oncosimulr	4.8.0
2024	bioconductor-onlinefdr	2.14.0
2024	bioconductor-ontoproc	2.0.0
2024	bioconductor-opencyto	2.18.0
2024	bioconductor-openprimer	1.28.0
2024	bioconductor-openstats	1.18.0
2024	bioconductor-opossom	2.24.0
2024	bioconductor-oppar	1.34.0
2024	bioconductor-oppti	1.20.0
2024	bioconductor-optimalflow	1.18.0
2024	bioconductor-optimalflowdata	1.18.0
2024	bioconductor-opweight	1.28.0
2024	bioconductor-orderedlist	1.78.0
2024	bioconductor-orfik	1.26.0
2024	bioconductor-org.ag.eg.db	3.20.0
2024	bioconductor-org.at.tair.db	3.20.0
2024	bioconductor-org.bt.eg.db	3.20.0
2024	bioconductor-org.ce.eg.db	3.20.0
2024	bioconductor-org.cf.eg.db	3.20.0
2024	bioconductor-org.dm.eg.db	3.20.0
2024	bioconductor-org.dr.eg.db	3.20.0
2024	bioconductor-org.eck12.eg.db	3.20.0
2024	bioconductor-org.ecsakai.eg.db	3.20.0
2024	bioconductor-org.gg.eg.db	3.20.0
2024	bioconductor-org.hs.eg.db	3.20.0
2024	bioconductor-org.mm.eg.db	3.20.0
2024	bioconductor-org.mmu.eg.db	3.20.0
2024	bioconductor-org.pt.eg.db	3.20.0
2024	bioconductor-org.rn.eg.db	3.20.0
2024	bioconductor-org.sc.sgd.db	3.20.0
2024	bioconductor-org.ss.eg.db	3.20.0
2024	bioconductor-org.xl.eg.db	3.20.0
2024	bioconductor-organism.dplyr	1.34.0
2024	bioconductor-organismdbi	1.48.0
2024	bioconductor-orthogene	1.12.0
2024	bioconductor-orthology.eg.db	3.20.0
2024	bioconductor-orthos	1.4.0
2024	bioconductor-orthosdata	1.4.0
2024	bioconductor-osat	1.54.0
2024	bioconductor-oscope	1.36.0
2024	bioconductor-otubase	1.52.0
2024	bioconductor-otubase	1.56.0
2024	bioconductor-outrider	1.20.1
2024	bioconductor-outrider	1.24.0
2024	bioconductor-outsplice	1.6.0
2024	bioconductor-oveseg	1.22.0
2024	bioconductor-paa	1.40.0
2024	bioconductor-packfinder	1.18.0
2024	bioconductor-padma	1.16.0
2024	bioconductor-padog	1.48.0
2024	bioconductor-pairadise	1.22.0
2024	bioconductor-paircompviz	1.44.0
2024	bioconductor-pairkat	1.12.0
2024	bioconductor-pandar	1.38.0
2024	bioconductor-panelcn.mops	1.28.0
2024	bioconductor-panp	1.76.0
2024	bioconductor-panr	1.52.0
2024	bioconductor-parglms	1.38.0
2024	bioconductor-parody	1.64.0
2024	bioconductor-pasillabamsubset	0.44.0
2024	bioconductor-past	1.22.0
2024	bioconductor-path2ppi	1.36.0
2024	bioconductor-pathifier	1.44.0
2024	bioconductor-pathnet	1.46.0
2024	bioconductor-pathnetdata	1.42.0
2024	bioconductor-pathostat	1.32.0
2024	bioconductor-pathrender	1.74.0
2024	bioconductor-pathview	1.46.0
2024	bioconductor-pathwaypca	1.22.0
2024	bioconductor-pcamethods	1.98.0
2024	bioconductor-pcan	1.34.0
2024	bioconductor-pcatools	2.18.0
2024	bioconductor-pchicdata	1.34.0
2024	bioconductor-pd.atdschip.tiling	0.44.0
2024	bioconductor-pdinfobuilder	1.70.0
2024	bioconductor-peacoqc	1.16.0
2024	bioconductor-peakpanther	1.20.0
2024	bioconductor-peca	1.42.0
2024	bioconductor-peco	1.18.0
2024	bioconductor-pedixplorer	1.2.0
2024	bioconductor-pengls	1.12.0
2024	bioconductor-pepdat	1.26.0
2024	bioconductor-pepsettest	1.0.0
2024	bioconductor-pepsnmr	1.24.0
2024	bioconductor-pepsnmrdata	1.24.0
2024	bioconductor-pepstat	1.40.0
2024	bioconductor-pepxmltab	1.40.0
2024	bioconductor-periodicdna	1.16.0
2024	bioconductor-pfam.db	3.20.0
2024	bioconductor-pfamanalyzer	1.6.0
2024	bioconductor-pgca	1.30.0
2024	bioconductor-pgxrpi	1.2.0
2024	bioconductor-phantasus	1.26.0
2024	bioconductor-phantasuslite	1.4.0
2024	bioconductor-pharmacogx	3.10.0
2024	bioconductor-phenogeneranker	1.14.0
2024	bioconductor-phenomis	1.8.0
2024	bioconductor-phenopath	1.30.0
2024	bioconductor-phenotest	1.54.0
2024	bioconductor-phenstat	2.42.0
2024	bioconductor-philr	1.32.0
2024	bioconductor-phipdata	1.14.0
2024	bioconductor-phosphonormalizer	1.30.0
2024	bioconductor-phosr	1.16.0
2024	bioconductor-phyloprofile	1.20.0
2024	bioconductor-phyloprofiledata	1.20.0
2024	bioconductor-phyloseq	1.50.0
2024	bioconductor-piano	2.22.0
2024	bioconductor-pickgene	1.78.0
2024	bioconductor-pics	2.50.0
2024	bioconductor-pig.db0	3.20.0
2024	bioconductor-ping	2.50.0
2024	bioconductor-pipeframe	1.22.0
2024	bioconductor-pipets	1.2.0
2024	bioconductor-pirat	1.0.0
2024	bioconductor-piuma	1.2.0
2024	bioconductor-planet	1.14.0
2024	bioconductor-planttfhunter	1.6.0
2024	bioconductor-plasmut	1.4.0
2024	bioconductor-plgem	1.78.0
2024	bioconductor-plier	1.76.0
2024	bioconductor-plotgardener	1.12.0
2024	bioconductor-plotgardenerdata	1.12.0
2024	bioconductor-plotgrouper	1.24.0
2024	bioconductor-plpe	1.66.0
2024	bioconductor-plsdabatch	1.2.0
2024	bioconductor-plyinteractions	1.4.0
2024	bioconductor-plyranges	1.26.0
2024	bioconductor-plyxp	1.0.0
2024	bioconductor-pmm	1.38.0
2024	bioconductor-pmp	1.18.0
2024	bioconductor-podcall	1.14.0
2024	bioconductor-podkat	1.38.0
2024	bioconductor-pogos	1.26.0
2024	bioconductor-poma	1.16.0
2024	bioconductor-powertcr	1.26.0
2024	bioconductor-powsc	1.14.0
2024	bioconductor-ppcseq	1.14.0
2024	bioconductor-ppinfer	1.32.0
2024	bioconductor-pqsfinder	2.22.0
2024	bioconductor-pram	1.22.0
2024	bioconductor-prebs	1.46.0
2024	bioconductor-prebsdata	1.42.0
2024	bioconductor-precisetadhub	1.14.0
2024	bioconductor-preda	1.52.0
2024	bioconductor-predasampledata	0.46.0
2024	bioconductor-preprocesscore	1.68.0
2024	bioconductor-prince	1.22.0
2024	bioconductor-proactiv	1.16.0
2024	bioconductor-probamr	1.40.0
2024	bioconductor-process	1.82.0
2024	bioconductor-procoil	2.34.0
2024	bioconductor-proda	1.20.0
2024	bioconductor-prodata	1.44.0
2024	bioconductor-profilescoredist	1.34.0
2024	bioconductor-progeny	1.28.0
2024	bioconductor-projectr	1.22.0
2024	bioconductor-proloc	1.46.0
2024	bioconductor-promise	1.54.0
2024	bioconductor-promise	1.58.0
2024	bioconductor-proper	1.38.0
2024	bioconductor-prostar	1.38.0
2024	bioconductor-prostatecancercamcap	1.34.0
2024	bioconductor-prostatecancergrasso	1.34.0
2024	bioconductor-prostatecancerstockholm	1.34.0
2024	bioconductor-prostatecancertaylor	1.34.0
2024	bioconductor-prostatecancervarambally	1.34.0
2024	bioconductor-proteinprofiles	1.46.0
2024	bioconductor-proteomm	1.24.0
2024	bioconductor-protgear	1.10.0
2024	bioconductor-protgenerics	1.38.0
2024	bioconductor-psmatch	1.10.0
2024	bioconductor-ptairms	1.14.0
2024	bioconductor-pth2o2lipids	1.32.0
2024	bioconductor-puma	3.48.0
2024	bioconductor-pumadata	2.42.0
2024	bioconductor-pvac	1.54.0
2024	bioconductor-pvca	1.46.0
2024	bioconductor-pviz	1.40.0
2024	bioconductor-pwalign	1.2.0
2024	bioconductor-pwmenrich.dmelanogaster.background	4.40.0
2024	bioconductor-pwmenrich.hsapiens.background	4.40.0
2024	bioconductor-pwmenrich.mmusculus.background	4.40.0
2024	bioconductor-pwmenrich	4.42.0
2024	bioconductor-qckitfastq	1.22.0
2024	bioconductor-qcmetrics	1.44.0
2024	bioconductor-qdnaseq.hg19	1.36.0
2024	bioconductor-qdnaseq.mm10	1.36.0
2024	bioconductor-qdnaseq	1.42.0
2024	bioconductor-qfeatures	1.16.0
2024	bioconductor-qmtools	1.10.0
2024	bioconductor-qpcrnorm	1.64.0
2024	bioconductor-qpgraph	2.40.0
2024	bioconductor-qplexanalyzer	1.24.0
2024	bioconductor-qplexdata	1.24.0
2024	bioconductor-qsea	1.32.0
2024	bioconductor-qsmooth	1.22.0
2024	bioconductor-qsutils	1.24.0
2024	bioconductor-qsvar	1.10.0
2024	bioconductor-qtlexperiment	1.4.0
2024	bioconductor-qtlizer	1.20.0
2024	bioconductor-quantiseqr	1.14.0
2024	bioconductor-quantsmooth	1.72.0
2024	bioconductor-quasr	1.46.0
2024	bioconductor-quaternaryprod	1.40.0
2024	bioconductor-qubic	1.34.0
2024	bioconductor-qubicdata	1.34.0
2024	bioconductor-qusage	2.40.0
2024	bioconductor-qvalue	2.38.0
2024	bioconductor-r3cpet	1.38.0
2024	bioconductor-r3cseq	1.52.0
2024	bioconductor-r4rna	1.34.0
2024	bioconductor-radiogx	2.10.0
2024	bioconductor-raer	1.4.0
2024	bioconductor-raggedexperiment	1.30.0
2024	bioconductor-rain	1.40.0
2024	bioconductor-ramr	1.14.0
2024	bioconductor-ramwas	1.30.0
2024	bioconductor-randpack	1.52.0
2024	bioconductor-randrotation	1.18.0
2024	bioconductor-rankprod	3.32.0
2024	bioconductor-raresim	1.10.0
2024	bioconductor-rarr	1.6.0
2024	bioconductor-rat.db0	3.20.0
2024	bioconductor-rbcbook1	1.74.0
2024	bioconductor-rbec	1.14.0
2024	bioconductor-rbgl	1.82.0
2024	bioconductor-rbioformats	1.6.0
2024	bioconductor-rbioinf	1.66.0
2024	bioconductor-rbiopaxparser	2.46.0
2024	bioconductor-rbm	1.38.0
2024	bioconductor-rbowtie	1.46.0
2024	bioconductor-rbsurv	2.64.0
2024	bioconductor-rbwa	1.10.0
2024	bioconductor-rcas	1.32.0
2024	bioconductor-rcaspar	1.52.0
2024	bioconductor-rcellminer	2.28.0
2024	bioconductor-rcellminerdata	2.28.0
2024	bioconductor-rcgh	1.36.0
2024	bioconductor-rcistarget.hg19.motifdbs.cisbponly.500bp	1.26.0
2024	bioconductor-rcistarget	1.26.0
2024	bioconductor-rcollectl	1.6.0
2024	bioconductor-rcpi	1.42.0
2024	bioconductor-rcsl	1.14.0
2024	bioconductor-rcwl	1.22.0
2024	bioconductor-rcwlpipelines	1.22.0
2024	bioconductor-rcx	1.10.0
2024	bioconductor-rcy3	2.26.0
2024	bioconductor-rcyjs	2.28.0
2024	bioconductor-rdisop	1.66.0
2024	bioconductor-rdrtoolbox	1.56.0
2024	bioconductor-reactome.db	1.89.0
2024	bioconductor-reactomegsa.data	1.20.0
2024	bioconductor-reactomegsa	1.20.0
2024	bioconductor-readqpcr	1.52.0
2024	bioconductor-rebet	1.24.0
2024	bioconductor-rebook	1.16.0
2024	bioconductor-receptloss	1.18.0
2024	bioconductor-recoup	1.34.0
2024	bioconductor-reder	3.2.0
2024	bioconductor-redisparam	1.8.0
2024	bioconductor-redseq	1.52.0
2024	bioconductor-regenrich	1.16.0
2024	bioconductor-regionalpcs	1.4.0
2024	bioconductor-regioner	1.38.0
2024	bioconductor-regparallel	1.24.0
2024	bioconductor-regsplice	1.32.0
2024	bioconductor-regutools	1.18.0
2024	bioconductor-repitools	1.52.0
2024	bioconductor-reportingtools	2.46.0
2024	bioconductor-repviz	1.22.0
2024	bioconductor-residualmatrix	1.16.0
2024	bioconductor-retrofit	1.6.0
2024	bioconductor-reusedata	1.6.0
2024	bioconductor-rexposome	1.28.0
2024	bioconductor-rfastp	1.16.0
2024	bioconductor-rforproteomics	1.44.0
2024	bioconductor-rfpred	1.44.0
2024	bioconductor-rgadem	2.54.0
2024	bioconductor-rgenometracks	1.12.0
2024	bioconductor-rgmqllib	1.26.0
2024	bioconductor-rgoslin	1.10.0
2024	bioconductor-rgraph2js	1.34.0
2024	bioconductor-rgraphviz	2.50.0
2024	bioconductor-rgreat	2.8.0
2024	bioconductor-rgsea	1.40.0
2024	bioconductor-rgsepd	1.38.0
2024	bioconductor-rhdf5	2.50.0
2024	bioconductor-rhdf5client	1.28.0
2024	bioconductor-rhdf5filters	1.18.0
2024	bioconductor-rhdf5lib	1.28.0
2024	bioconductor-rhesus.db0	3.20.0
2024	bioconductor-rheumaticconditionwollbold	1.44.0
2024	bioconductor-rhinotyper	1.0.0
2024	bioconductor-rhisat2	1.22.0
2024	bioconductor-rhtslib	3.2.0
2024	bioconductor-ribocrypt	1.12.0
2024	bioconductor-ribodipa	1.14.0
2024	bioconductor-riboprofiling	1.36.0
2024	bioconductor-rifi	1.10.0
2024	bioconductor-rificomparative	1.6.0
2024	bioconductor-rimmport	1.34.0
2024	bioconductor-ritandata	1.30.0
2024	bioconductor-river	1.30.0
2024	bioconductor-rjmcmcnucleosomes	1.30.0
2024	bioconductor-rlassocox	1.14.0
2024	bioconductor-rlmm	1.68.0
2024	bioconductor-rmagpie	1.62.0
2024	bioconductor-rmassbank	3.16.0
2024	bioconductor-rmassbankdata	1.44.0
2024	bioconductor-rmelting	1.22.0
2024	bioconductor-rnadecay	1.26.0
2024	bioconductor-rnaeditr	1.16.0
2024	bioconductor-rnamodr.alkanilineseq	1.20.0
2024	bioconductor-rnamodr.ml	1.20.0
2024	bioconductor-rnamodr.ribomethseq	1.20.0
2024	bioconductor-rnamodr	1.20.0
2024	bioconductor-rnasense	1.20.0
2024	bioconductor-rnaseqcomp	1.36.0
2024	bioconductor-rnaseqcovarimpute	1.4.0
2024	bioconductor-rnaseqdata.hnrnpc.bam.chr14	0.44.0
2024	bioconductor-rnaseqpower	1.46.0
2024	bioconductor-rnaseqsamplesizedata	1.38.0
2024	bioconductor-rnbeads.hg19	1.38.0
2024	bioconductor-rnbeads.hg38	1.38.0
2024	bioconductor-rnbeads.mm10	2.14.0
2024	bioconductor-rnbeads.mm9	1.38.0
2024	bioconductor-rnbeads.rn5	1.38.0
2024	bioconductor-rnits	1.40.0
2024	bioconductor-roar	1.42.0
2024	bioconductor-roastgsa	1.4.0
2024	bioconductor-roc	1.82.0
2024	bioconductor-rolde	1.10.0
2024	bioconductor-rols	3.2.0
2024	bioconductor-rontotools	2.34.0
2024	bioconductor-ropls	1.38.0
2024	bioconductor-roseq	1.18.0
2024	bioconductor-rots	1.34.0
2024	bioconductor-rpa	1.62.0
2024	bioconductor-rprimer	1.10.0
2024	bioconductor-rprotobuflib	2.18.0
2024	bioconductor-rpx	2.14.0
2024	bioconductor-rqc	1.40.0
2024	bioconductor-rqt	1.32.0
2024	bioconductor-rqubic	1.52.0
2024	bioconductor-rrbsdata	1.26.0
2024	bioconductor-rrdp	1.40.0
2024	bioconductor-rrdpdata	1.26.0
2024	bioconductor-rrho	1.46.0
2024	bioconductor-rrvgo	1.18.0
2024	bioconductor-rsamtools	2.22.0
2024	bioconductor-rscudo	1.22.0
2024	bioconductor-rsemmed	1.16.0
2024	bioconductor-rseqan	1.26.0
2024	bioconductor-rsubread	2.16.1
2024	bioconductor-rsubread	2.20.0
2024	bioconductor-rsvsim	1.46.0
2024	bioconductor-rsweep	1.18.0
2024	bioconductor-rtca	1.58.0
2024	bioconductor-rtcga.clinical	20151101.36.0
2024	bioconductor-rtcga.cnv	1.34.0
2024	bioconductor-rtcga.methylation	1.34.0
2024	bioconductor-rtcga.mirnaseq	1.34.0
2024	bioconductor-rtcga.mrna	1.34.0
2024	bioconductor-rtcga.mutations	20151101.36.0
2024	bioconductor-rtcga.pancan12	1.34.0
2024	bioconductor-rtcga.rnaseq	20151101.36.0
2024	bioconductor-rtcga.rppa	1.34.0
2024	bioconductor-rtcga	1.36.0
2024	bioconductor-rtcgatoolbox	2.36.0
2024	bioconductor-rtn	2.30.0
2024	bioconductor-rtnduals	1.30.0
2024	bioconductor-rtnsurvival	1.30.0
2024	bioconductor-rtopper	1.52.0
2024	bioconductor-rtpca	1.16.0
2024	bioconductor-rtracklayer	1.66.0
2024	bioconductor-rtreemix	1.68.0
2024	bioconductor-rtrm	1.44.0
2024	bioconductor-rtrmui	1.44.0
2024	bioconductor-runibic	1.28.0
2024	bioconductor-ruvcorr	1.38.0
2024	bioconductor-ruvnormalize	1.40.0
2024	bioconductor-ruvnormalizedata	1.26.0
2024	bioconductor-ruvseq	1.40.0
2024	bioconductor-rvisdiff	1.4.0
2024	bioconductor-rvs	1.28.0
2024	bioconductor-rwikipathways	1.26.0
2024	bioconductor-s4arrays	1.6.0
2024	bioconductor-s4vectors	0.44.0
2024	bioconductor-safe	3.46.0
2024	bioconductor-sagenhaft	1.76.0
2024	bioconductor-saigegds	2.6.0
2024	bioconductor-sampleclassifierdata	1.30.0
2024	bioconductor-samspectral	1.60.0
2024	bioconductor-sangeranalyser	1.16.0
2024	bioconductor-sangerseqr	1.42.0
2024	bioconductor-santa	2.42.0
2024	bioconductor-sarks	1.18.0
2024	bioconductor-saser	1.2.0
2024	bioconductor-saturn	1.14.0
2024	bioconductor-sbgnview.data	1.20.0
2024	bioconductor-sbgnview	1.20.0
2024	bioconductor-sbmlr	2.2.0
2024	bioconductor-sc3	1.34.0
2024	bioconductor-scale4c	1.28.0
2024	bioconductor-scaledmatrix	1.14.0
2024	bioconductor-scanmir	1.12.0
2024	bioconductor-scanmirdata	1.12.0
2024	bioconductor-scanvis	1.20.0
2024	bioconductor-scarray.sat	1.6.0
2024	bioconductor-scarray	1.14.0
2024	bioconductor-scater	1.34.0
2024	bioconductor-scatterhatch	1.12.0
2024	bioconductor-scbfa	1.20.0
2024	bioconductor-scbn	1.24.0
2024	bioconductor-scbubbletree	1.8.0
2024	bioconductor-sccb2	1.16.0
2024	bioconductor-scclassify	1.18.0
2024	bioconductor-scdataviz	1.16.0
2024	bioconductor-scdd	1.30.0
2024	bioconductor-scde	2.34.0
2024	bioconductor-scdesign3	1.4.0
2024	bioconductor-scdotplot	1.0.0
2024	bioconductor-scfa	1.16.0
2024	bioconductor-scfeaturefilter	1.26.0
2024	bioconductor-scgps	1.20.0
2024	bioconductor-schex	1.20.0
2024	bioconductor-schot	1.18.0
2024	bioconductor-scider	1.4.0
2024	bioconductor-scifer	1.8.0
2024	bioconductor-sclcbam	1.38.0
2024	bioconductor-scmap	1.28.0
2024	bioconductor-scmerge	1.22.0
2024	bioconductor-scmet	1.8.0
2024	bioconductor-scmeth	1.26.0
2024	bioconductor-scmitomut	1.2.0
2024	bioconductor-scmultiome	1.6.0
2024	bioconductor-scmultisim	1.2.0
2024	bioconductor-scnorm	1.28.0
2024	bioconductor-sconify	1.26.0
2024	bioconductor-scoup	1.0.0
2024	bioconductor-scp	1.16.0
2024	bioconductor-scpca	1.20.0
2024	bioconductor-scpipe	2.6.0
2024	bioconductor-scran	1.34.0
2024	bioconductor-scrapper	1.0.0
2024	bioconductor-screclassify	1.12.0
2024	bioconductor-screcover	1.22.0
2024	bioconductor-screencounter	1.6.0
2024	bioconductor-screenr	1.8.0
2024	bioconductor-screpertoire	2.2.0
2024	bioconductor-scrnaseq	2.20.0
2024	bioconductor-scrnaseqapp	1.6.0
2024	bioconductor-scruff	1.24.0
2024	bioconductor-scshapes	1.12.0
2024	bioconductor-sctgif	1.20.0
2024	bioconductor-scthi.data	1.18.0
2024	bioconductor-scthi	1.18.0
2024	bioconductor-sctreeviz	1.12.0
2024	bioconductor-scuttle	1.16.0
2024	bioconductor-scvir	1.6.0
2024	bioconductor-sdams	1.26.0
2024	bioconductor-seahtrue	1.0.0
2024	bioconductor-sechm	1.14.0
2024	bioconductor-segmentseq	2.40.0
2024	bioconductor-selectksigs	1.18.0
2024	bioconductor-selex	1.38.0
2024	bioconductor-semdist	1.40.0
2024	bioconductor-semisup	1.30.0
2024	bioconductor-seq.hotspot	1.6.0
2024	bioconductor-seq2pathway.data	1.38.0
2024	bioconductor-seqarray	1.42.4
2024	bioconductor-seqarray	1.46.0
2024	bioconductor-seqc	1.40.0
2024	bioconductor-seqcombo	1.28.0
2024	bioconductor-seqgate	1.16.0
2024	bioconductor-seqlogo	1.72.0
2024	bioconductor-seqpattern	1.38.0
2024	bioconductor-seqsetvis	1.26.0
2024	bioconductor-seqsqc	1.28.0
2024	bioconductor-seqtools	1.40.0
2024	bioconductor-seqvartools	1.44.0
2024	bioconductor-serumstimulation	1.42.0
2024	bioconductor-sesame	1.24.0
2024	bioconductor-sesamedata	1.24.0
2024	bioconductor-setools	1.20.0
2024	bioconductor-sevenbridges	1.36.0
2024	bioconductor-sevenc	1.26.0
2024	bioconductor-seventygenedata	1.42.0
2024	bioconductor-sgseq	1.40.0
2024	bioconductor-sharedobject	1.20.0
2024	bioconductor-shiny.gosling	1.2.0
2024	bioconductor-shinymethyldata	1.26.0
2024	bioconductor-shortread	1.64.0
2024	bioconductor-siamcat	2.10.0
2024	bioconductor-sictools	1.36.0
2024	bioconductor-sigcheck	2.38.0
2024	bioconductor-sigfeature	1.24.0
2024	bioconductor-sigfuge	1.44.0
2024	bioconductor-siggenes	1.80.0
2024	bioconductor-sights	1.32.0
2024	bioconductor-signaturesearchdata	1.20.0
2024	bioconductor-sigsquared	1.38.0
2024	bioconductor-sim	1.76.0
2024	bioconductor-simat	1.38.0
2024	bioconductor-simbenchdata	1.14.0
2024	bioconductor-simbu	1.8.0
2024	bioconductor-simd	1.24.0
2024	bioconductor-similarpeak	1.38.0
2024	bioconductor-simlr	1.32.0
2024	bioconductor-simona	1.4.0
2024	bioconductor-simpic	1.2.0
2024	bioconductor-simpintlists	1.42.0
2024	bioconductor-simpleseg	1.8.0
2024	bioconductor-simplifyenrichment	2.0.0
2024	bioconductor-sincell	1.38.0
2024	bioconductor-single.mtec.transcriptomes	1.34.0
2024	bioconductor-singlecellalleleexperiment	1.2.0
2024	bioconductor-singlecellexperiment	1.28.0
2024	bioconductor-singlecellsignalr	1.18.0
2024	bioconductor-singlemoleculefootprintingdata	1.14.0
2024	bioconductor-singler	2.8.0
2024	bioconductor-singscore	1.26.0
2024	bioconductor-sipsic	1.6.0
2024	bioconductor-sitadela	1.14.0
2024	bioconductor-sitepath	1.22.0
2024	bioconductor-sizepower	1.76.0
2024	bioconductor-sketchr	1.2.0
2024	bioconductor-slalom	1.28.0
2024	bioconductor-slingshot	2.14.0
2024	bioconductor-slqpcr	1.72.0
2024	bioconductor-smad	1.22.0
2024	bioconductor-smartid	1.2.0
2024	bioconductor-smite	1.34.0
2024	bioconductor-smokingmouse	1.4.0
2024	bioconductor-smoothclust	1.2.0
2024	bioconductor-snadata	1.52.0
2024	bioconductor-snagee	1.46.0
2024	bioconductor-snageedata	1.42.0
2024	bioconductor-snapcount	1.18.0
2024	bioconductor-snifter	1.16.0
2024	bioconductor-snm	1.54.0
2024	bioconductor-snpediar	1.32.0
2024	bioconductor-snphooddata	1.36.0
2024	bioconductor-snprelate	1.40.0
2024	bioconductor-snpstats	1.56.0
2024	bioconductor-soggi	1.38.0
2024	bioconductor-somascan.db	0.99.10
2024	bioconductor-somaticadata	1.44.0
2024	bioconductor-somaticcanceralterations	1.42.0
2024	bioconductor-somaticsignatures	2.42.0
2024	bioconductor-spacemarkers	1.2.1
2024	bioconductor-spaniel	1.20.0
2024	bioconductor-spanorm	1.0.0
2024	bioconductor-sparrow	1.12.0
2024	bioconductor-sparsearray	1.6.0
2024	bioconductor-sparsematrixstats	1.18.0
2024	bioconductor-sparsenetgls	1.24.0
2024	bioconductor-sparsesignatures	2.16.0
2024	bioconductor-spasim	1.8.0
2024	bioconductor-spatialcpie	1.22.0
2024	bioconductor-spatialdatasets	1.4.0
2024	bioconductor-spatialde	1.12.0
2024	bioconductor-spatialdecon	1.16.0
2024	bioconductor-spatialdmelxsim	1.12.0
2024	bioconductor-spatialexperiment	1.16.0
2024	bioconductor-spatialfeatureexperiment	1.8.0
2024	bioconductor-spatialheatmap	2.12.0
2024	bioconductor-spatialsimgp	1.0.0
2024	bioconductor-speckle	1.6.0
2024	bioconductor-specl	1.40.0
2024	bioconductor-specond	1.60.0
2024	bioconductor-spectra	1.16.0
2024	bioconductor-spectraltad	1.22.0
2024	bioconductor-spectraql	1.0.0
2024	bioconductor-spem	1.46.0
2024	bioconductor-spia	2.58.0
2024	bioconductor-spicyr	1.18.0
2024	bioconductor-spikein	1.48.0
2024	bioconductor-spikeinsubset	1.46.0
2024	bioconductor-spikeli	2.66.0
2024	bioconductor-spiky	1.12.0
2024	bioconductor-spillr	1.2.0
2024	bioconductor-spktools	1.62.0
2024	bioconductor-splatter	1.30.0
2024	bioconductor-splicingfactory	1.14.0
2024	bioconductor-splicinggraphs	1.46.0
2024	bioconductor-splinetimer	1.34.0
2024	bioconductor-splots	1.72.0
2024	bioconductor-sponge	1.28.0
2024	bioconductor-spoon	1.2.0
2024	bioconductor-spotclean	1.8.0
2024	bioconductor-spotlight	1.10.0
2024	bioconductor-spqn	1.18.0
2024	bioconductor-spqndata	1.18.0
2024	bioconductor-spsimseq	1.16.0
2024	bioconductor-sqldataframe	1.20.0
2024	bioconductor-sracipe	1.22.0
2024	bioconductor-sscu	2.36.0
2024	bioconductor-sseq	1.44.0
2024	bioconductor-ssize	1.80.0
2024	bioconductor-ssnappy	1.10.0
2024	bioconductor-sspaths	1.20.0
2024	bioconductor-ssrch	1.22.0
2024	bioconductor-stabmap	1.0.0
2024	bioconductor-stager	1.28.0
2024	bioconductor-stategra	1.42.0
2024	bioconductor-stattarget	1.36.0
2024	bioconductor-stemhypoxia	1.42.0
2024	bioconductor-stepnorm	1.78.0
2024	bioconductor-stexampledata	1.14.0
2024	bioconductor-stjoincount	1.8.0
2024	bioconductor-strandcheckr	1.24.0
2024	bioconductor-streamer	1.52.0
2024	bioconductor-stringdb	2.18.0
2024	bioconductor-struct	1.18.0
2024	bioconductor-structstrings	1.22.0
2024	bioconductor-structtoolbox	1.18.0
2024	bioconductor-subcellbarcode	1.22.0
2024	bioconductor-subseq	1.36.0
2024	bioconductor-suitor	1.8.0
2024	bioconductor-summarizedexperiment	1.36.0
2024	bioconductor-supersigs	1.14.0
2024	bioconductor-surfaltr	1.12.0
2024	bioconductor-survclust	1.0.0
2024	bioconductor-survcomp	1.56.0
2024	bioconductor-survtype	1.22.0
2024	bioconductor-sva	3.54.0
2024	bioconductor-svm2crmdata	1.38.0
2024	bioconductor-svmdo	1.6.0
2024	bioconductor-swath2stats	1.36.0
2024	bioconductor-swathxtend	2.28.0
2024	bioconductor-swfdr	1.32.0
2024	bioconductor-switchbox	1.42.0
2024	bioconductor-switchde	1.32.0
2024	bioconductor-synapsis	1.12.0
2024	bioconductor-synapter	2.30.0
2024	bioconductor-synapterdata	1.44.0
2024	bioconductor-synaptome.db	0.99.16
2024	bioconductor-synergyfinder	3.14.0
2024	bioconductor-synextend	1.18.0
2024	bioconductor-synlet	2.6.0
2024	bioconductor-synmut	1.22.0
2024	bioconductor-syntenet	1.8.0
2024	bioconductor-systempiper	2.12.0
2024	bioconductor-systempiperdata	2.10.0
2024	bioconductor-systempipeshiny	1.16.0
2024	bioconductor-systempipetools	1.14.0
2024	bioconductor-tabulamurisdata	1.24.0
2024	bioconductor-tadar	1.4.0
2024	bioconductor-tadcompare	1.16.0
2024	bioconductor-tanggle	1.12.0
2024	bioconductor-tapseq	1.18.0
2024	bioconductor-target	1.20.0
2024	bioconductor-targetdecoy	1.12.0
2024	bioconductor-targetscore	1.44.0
2024	bioconductor-targetscoredata	1.42.0
2024	bioconductor-targetsearch	2.8.0
2024	bioconductor-targetsearchdata	1.44.0
2024	bioconductor-tartare	1.20.0
2024	bioconductor-tbx20bamsubset	1.42.0
2024	bioconductor-tcc	1.46.0
2024	bioconductor-tcgabiolinks	2.34.0
2024	bioconductor-tcgabiolinksgui.data	1.26.0
2024	bioconductor-tcgacrcmirna	1.26.0
2024	bioconductor-tcgacrcmrna	1.26.0
2024	bioconductor-tcgamethylation450k	1.42.0
2024	bioconductor-tcgautils	1.26.0
2024	bioconductor-tcgaworkflowdata	1.30.0
2024	bioconductor-tcseq	1.30.0
2024	bioconductor-tdbasedufe	1.6.0
2024	bioconductor-tenxbusdata	1.20.0
2024	bioconductor-tenxio	1.8.0
2024	bioconductor-tenxpbmcdata	1.24.0
2024	bioconductor-tenxplore	1.28.0
2024	bioconductor-tenxvisiumdata	1.14.0
2024	bioconductor-ternarynet	1.50.0
2024	bioconductor-tfarm	1.28.0
2024	bioconductor-tfbstools	1.44.0
2024	bioconductor-tfhaz	1.28.0
2024	bioconductor-tidybulk	1.18.0
2024	bioconductor-tidycoverage	1.2.0
2024	bioconductor-tidyflowcore	1.0.0
2024	bioconductor-tidysbml	1.0.0
2024	bioconductor-tidysinglecellexperiment	1.16.0
2024	bioconductor-tidysummarizedexperiment	1.16.0
2024	bioconductor-tidytof	1.0.0
2024	bioconductor-tigre	1.60.0
2024	bioconductor-tiledbarray	1.16.0
2024	bioconductor-tilingarray	1.84.0
2024	bioconductor-timecourse	1.78.0
2024	bioconductor-timecoursedata	1.16.0
2024	bioconductor-timeomics	1.18.0
2024	bioconductor-timerquant	1.36.0
2024	bioconductor-timescape	1.30.0
2024	bioconductor-tin	1.38.0
2024	bioconductor-tinesath1cdf	1.44.0
2024	bioconductor-tinesath1probe	1.44.0
2024	bioconductor-tissueenrich	1.26.0
2024	bioconductor-tissuetreg	1.26.0
2024	bioconductor-tkwidgets	1.84.0
2024	bioconductor-tmixclust	1.28.0
2024	bioconductor-tmsig	1.0.0
2024	bioconductor-tnt	1.28.0
2024	bioconductor-toast	1.20.0
2024	bioconductor-tofsimsdata	1.34.0
2024	bioconductor-tomoda	1.16.0
2024	bioconductor-tomoseqr	1.10.0
2024	bioconductor-top	1.6.0
2024	bioconductor-topconfects	1.22.0
2024	bioconductor-topdownr	1.28.0
2024	bioconductor-topdownrdata	1.28.0
2024	bioconductor-topgo	2.58.0
2024	bioconductor-toxicogx	2.10.0
2024	bioconductor-tpp	3.34.0
2024	bioconductor-tpp2d	1.22.0
2024	bioconductor-tpsvg	1.2.0
2024	bioconductor-trackviewer	1.42.0
2024	bioconductor-tradeseq	1.20.0
2024	bioconductor-trajectorygeometry	1.14.0
2024	bioconductor-trajectoryutils	1.14.0
2024	bioconductor-transcriptr	1.34.0
2024	bioconductor-transformgampoi	1.12.0
2024	bioconductor-transite	1.24.0
2024	bioconductor-translatome	1.44.0
2024	bioconductor-transomics2cytoscape	1.16.0
2024	bioconductor-treeandleaf	1.18.0
2024	bioconductor-treeclimbr	1.2.0
2024	bioconductor-treeio	1.30.0
2024	bioconductor-treekor	1.14.0
2024	bioconductor-treesummarizedexperiment	2.14.0
2024	bioconductor-treg	1.10.0
2024	bioconductor-trendy	1.28.0
2024	bioconductor-tress	1.12.0
2024	bioconductor-tricycle	1.14.0
2024	bioconductor-trigger	1.52.0
2024	bioconductor-trio	3.44.0
2024	bioconductor-triplex	1.46.0
2024	bioconductor-tripr	1.12.0
2024	bioconductor-trna	1.24.0
2024	bioconductor-trnadbimport	1.24.0
2024	bioconductor-trnascanimport	1.26.0
2024	bioconductor-tronco	2.38.0
2024	bioconductor-tsar	1.4.0
2024	bioconductor-tscan	1.44.0
2024	bioconductor-ttgsea	1.14.0
2024	bioconductor-ttmap	1.28.0
2024	bioconductor-tuberculosis	1.12.0
2024	bioconductor-turbonorm	1.54.0
2024	bioconductor-tvtb	1.32.0
2024	bioconductor-tweedeseq	1.52.0
2024	bioconductor-twilight	1.82.0
2024	bioconductor-twoddpcr	1.30.0
2024	bioconductor-txcutr	1.12.0
2024	bioconductor-txdb.hsapiens.ucsc.hg38.knowngene	3.20.0
2024	bioconductor-txdb.hsapiens.ucsc.hg38.refgene	3.19.0
2024	bioconductor-txdb.mmusculus.ucsc.mm39.knowngene	3.20.0
2024	bioconductor-txdb.mmusculus.ucsc.mm39.refgene	3.19.0
2024	bioconductor-txdbmaker	1.2.0
2024	bioconductor-tximeta	1.24.0
2024	bioconductor-tximport	1.34.0
2024	bioconductor-tximportdata	1.34.0
2024	bioconductor-ucell	2.10.1
2024	bioconductor-ucsc.utils	1.2.0
2024	bioconductor-undo	1.48.0
2024	bioconductor-unifiedwmwqpcr	1.42.0
2024	bioconductor-uniprot.ws	2.46.0
2024	bioconductor-universalmotif	1.24.0
2024	bioconductor-updateobject	1.10.0
2024	bioconductor-vaexprs	1.12.0
2024	bioconductor-vanillaice	1.68.0
2024	bioconductor-varcon	1.14.0
2024	bioconductor-variantannotation	1.52.0
2024	bioconductor-variantexperiment	1.20.0
2024	bioconductor-variantfiltering	1.42.0
2024	bioconductor-vbmp	1.74.0
2024	bioconductor-vdjdive	1.8.0
2024	bioconductor-vectrapolarisdata	1.10.0
2024	bioconductor-vegamc	3.44.0
2024	bioconductor-veloviz	1.12.0
2024	bioconductor-venndetail	1.22.0
2024	bioconductor-verso	1.16.0
2024	bioconductor-vidger	1.26.0
2024	bioconductor-viper	1.40.0
2024	bioconductor-visiumio	1.2.0
2024	bioconductor-voyager	1.8.1
2024	bioconductor-vplotr	1.16.0
2024	bioconductor-vsclust	1.8.0
2024	bioconductor-vsn	3.74.0
2024	bioconductor-vtpnet	0.46.0
2024	bioconductor-vulcandata	1.28.0
2024	bioconductor-wavcluster	2.40.0
2024	bioconductor-weaver	1.72.0
2024	bioconductor-webbioc	1.78.0
2024	bioconductor-weberdivechalcdata	1.8.0
2024	bioconductor-weitrix	1.18.0
2024	bioconductor-wes.1kg.wugsc	1.38.0
2024	bioconductor-wgsmapp	1.18.0
2024	bioconductor-widgettools	1.84.0
2024	bioconductor-wiggleplotr	1.30.0
2024	bioconductor-worm.db0	3.20.0
2024	bioconductor-wpm	1.16.0
2024	bioconductor-wrench	1.24.0
2024	bioconductor-xcms	4.4.0
2024	bioconductor-xcore	1.10.0
2024	bioconductor-xcoredata	1.10.0
2024	bioconductor-xde	2.52.0
2024	bioconductor-xenlite	1.0.0
2024	bioconductor-xenopus.db0	3.20.0
2024	bioconductor-xeva	1.22.0
2024	bioconductor-xhybcasneuf	1.44.0
2024	bioconductor-xina	1.24.0
2024	bioconductor-xmapbridge	1.64.0
2024	bioconductor-xnastring	1.14.0
2024	bioconductor-xvector	0.46.0
2024	bioconductor-yamss	1.32.0
2024	bioconductor-yeast.db0	3.20.0
2024	bioconductor-yeastcc	1.46.0
2024	bioconductor-yeastexpdata	0.52.0
2024	bioconductor-yeastgsdata	0.44.0
2024	bioconductor-yeastnagalakshmi	1.42.0
2024	bioconductor-yeastrnaseq	0.44.0
2024	bioconductor-zebrafish.db0	3.20.0
2024	bioconductor-zebrafishrnaseq	1.26.0
2024	bioconductor-zellkonverter	1.16.0
2024	bioconductor-zfpkm	1.28.0
2024	bioconductor-zinbwave	1.28.0
2024	bioconductor-zitools	1.0.0
2024	bioconductor-zlibbioc	1.52.0
2024	biodigest	0.2.16
2024	bioframe	0.6.0
2024	bioframe	0.6.1
2024	bioframe	0.6.2
2024	bioframe	0.6.3
2024	bioframe	0.6.4
2024	bioframe	0.7.0
2024	bioframe	0.7.1
2024	bioframe	0.7.2
2024	bionumpy	1.0.10
2024	bionumpy	1.0.11
2024	bionumpy	1.0.12
2024	bionumpy	1.0.2
2024	bionumpy	1.0.4
2024	bionumpy	1.0.7
2024	bionumpy	1.0.8
2024	bionumpy	1.0.9
2024	biophi	1.0.10
2024	bioutils	0.6.0
2024	bioutils	0.6.1
2024	biox	1.0.0
2024	biscuit	1.4.0.20240108
2024	biscuit	1.5.0.20240506
2024	biscuit	1.6.0.20241216
2024	blast	2.16.0
2024	blast2galaxy	0.1.0a1
2024	blast2galaxy	1.0.0
2024	blaze2	2.2.1
2024	blaze2	2.4.0
2024	blaze2	2.5.0
2024	blaze2	2.5.1
2024	blosum	2.0.3
2024	bohra	2.3.7
2024	boms	1.1.0
2024	bowtie2	2.5.3
2024	bowtie2	2.5.4
2024	bpipe	0.9.12
2024	bpipe	0.9.13
2024	bracken	3.0
2024	braker3	3.0.7
2024	braker3	3.0.8
2024	brawn	1.0.2
2024	breakfast	0.4.5
2024	breseq	0.38.2
2024	breseq	0.38.3
2024	breseq	0.39.0
2024	btllib	1.7.1
2024	btllib	1.7.2
2024	btllib	1.7.3
2024	bubblegun	1.1.9
2024	busco	5.6.0
2024	busco	5.6.1
2024	busco	5.7.0
2024	busco	5.7.1
2024	busco	5.8.0
2024	busco	5.8.1
2024	busco	5.8.2
2024	busco_phylogenomics	20240919
2024	buscolite	24.11.3
2024	bustools	0.43.2
2024	bustools	0.44.0
2024	bustools	0.44.1
2024	bwa-aln-interactive	0.7.18
2024	bwa	0.7.18
2024	bwakit	0.7.18.dev1
2024	bx-python	0.11.0
2024	bx-python	0.12.0
2024	bx-python	0.13.0
2024	cadd-scripts	1.6.1
2024	cadd-scripts	1.7
2024	cadd-scripts	1.7.1
2024	cadd-scripts	1.7.2
2024	cagee	1.1.1
2024	cagee	1.2
2024	callerpp	0.1.4
2024	callerpp	0.1.5
2024	callerpp	0.1.6
2024	callingcardstools	1.5.0
2024	callingcardstools	1.5.1
2024	callingcardstools	1.5.2
2024	callingcardstools	1.6
2024	callingcardstools	1.7.1
2024	callingcardstools	1.7.2
2024	callingcardstools	1.8.0
2024	cami-amber	2.0.5
2024	cami-amber	2.0.6
2024	cami-amber	2.0.7
2024	cami-opal	1.0.13
2024	camlhmp	0.0.1
2024	camlhmp	0.1.0
2024	camlhmp	0.2.0
2024	camlhmp	0.2.1
2024	camlhmp	0.2.2
2024	camlhmp	0.3.0
2024	camlhmp	0.3.1
2024	camlhmp	1.0.0
2024	camlhmp	1.0.1
2024	camlhmp	1.1.0
2024	campygstyper	0.1.1
2024	cannoli	1.0.1
2024	canopy	0.25
2024	cansam	3489bc1
2024	canu	2.3
2024	capcruncher	0.3.11
2024	capcruncher	0.3.12
2024	captus	1.0.1
2024	captus	1.1.0
2024	carpedeam	1.0.0
2024	carveme	1.6.1
2024	carveme	1.6.2
2024	cassiopeia	2.0.0
2024	cat	6.0.1
2024	catfasta2phyml	1.2.1
2024	cazy_webscraper	2.3.0.2
2024	cazy_webscraper	2.3.0.3
2024	cazy_webscraper	2.3.0.4
2024	cblaster	1.3.19
2024	cblaster	1.3.20
2024	ccmetagen	1.5.0
2024	ccsmeth	0.5.0
2024	cell2cell	0.7.4
2024	cellbender	0.3.2
2024	cellprofiler-core	4.2.7
2024	cellprofiler-core	4.2.8
2024	cellprofiler	4.2.7
2024	cellprofiler	4.2.8
2024	cellqc	0.0.7
2024	cellqc	0.0.8
2024	cellsnake	0.2.0.12
2024	celltypist	1.6.3
2024	cellxgene	1.3.0
2024	cenote-taker3	3.2.0
2024	cenote-taker3	3.2.1
2024	cenote-taker3	3.3.0
2024	cenote-taker3	3.3.1
2024	cenote-taker3	3.3.2
2024	centrifuge-core	1.0.4.1
2024	centrifuge-core	1.0.4.2
2024	centrifuge	1.0.4.1
2024	centrifuge	1.0.4.2
2024	centrifuger	1.0.1
2024	centrifuger	1.0.2
2024	centrifuger	1.0.3
2024	centrifuger	1.0.4
2024	centrifuger	1.0.5
2024	centrosome	1.2.3
2024	centrosome	1.3.0
2024	cgat-apps	0.7.0
2024	cgat-apps	0.7.10
2024	cgat-apps	0.7.2
2024	cgat-apps	0.7.4
2024	cgatcore	0.6.16
2024	cgecore	2.0.0
2024	cgelib	0.7.4
2024	cgelib	0.7.5
2024	cgpbigwig	1.7.0
2024	cgt	1.0.0
2024	chain2paf	0.1.1
2024	checkatlas	0.4.13
2024	checkatlas	0.4.17
2024	checkatlas	0.4.7
2024	checkm-genome	1.2.3
2024	checkm2	1.0.2
2024	checkqc	4.0.1
2024	checkqc	4.0.4
2024	checkqc	4.0.5
2024	checkv	1.0.2
2024	checkv	1.0.3
2024	chewbbaca	3.3.10
2024	chewbbaca	3.3.2
2024	chewbbaca	3.3.3
2024	chewbbaca	3.3.4
2024	chewbbaca	3.3.5
2024	chewbbaca	3.3.6
2024	chewbbaca	3.3.7
2024	chewbbaca	3.3.8
2024	chewbbaca	3.3.9
2024	chopper	0.8.0
2024	chopper	0.9.0
2024	chromap	0.2.6
2024	chromap	0.2.7
2024	chromsize	0.0.2
2024	chronumental	0.0.65
2024	cialign	1.1.4
2024	circulocov	0.1.20240104
2024	ciri-full	2.1.2
2024	cite-seq-count	1.4.5
2024	civicpy	3.1.0
2024	civicpy	3.1.1
2024	civicpy	3.1.2
2024	civicpy	4.0.0
2024	clair3-illumina	1.0.10
2024	clair3-illumina	1.0.6
2024	clair3-illumina	1.0.7
2024	clair3-illumina	1.0.8
2024	clair3-illumina	1.0.9
2024	clair3	1.0.10
2024	clair3	1.0.6
2024	clair3	1.0.7
2024	clair3	1.0.8
2024	classpro	1.0.2
2024	clermontyping	1.0.2
2024	clermontyping	24.02
2024	clinker-py	0.0.29
2024	clinker-py	0.0.30
2024	clinker-py	0.0.31
2024	clinvar-this	0.15.4
2024	clinvar-this	0.15.5
2024	clinvar-this	0.16.0
2024	clinvar-this	0.17.0
2024	clinvar-this	0.17.1
2024	clinvar-this	0.18.0
2024	clinvar-this	0.18.2
2024	clinvar-this	0.18.3
2024	clipandmerge	1.7.9
2024	clipkit	2.1.2
2024	clipkit	2.1.3
2024	clipkit	2.2.0
2024	clipkit	2.2.2
2024	clipkit	2.2.4
2024	clipkit	2.2.5
2024	clipkit	2.2.6
2024	clipkit	2.3.0
2024	cloci	0.3.0
2024	cloci	0.3.1
2024	clonalframeml	1.13
2024	cloudspades	3.16.0
2024	clusty	1.0.0
2024	clusty	1.1.0
2024	clusty	1.1.1
2024	clusty	1.1.4
2024	clusty	1.1.5
2024	cmaple	1.0.0
2024	cmaple	1.1.0
2024	cmat	3.1.1
2024	cmat	3.1.2
2024	cmat	3.1.3
2024	cmat	3.2.1
2024	cmat	3.2.2
2024	cmat	3.3.0
2024	cmat	3.3.1
2024	cnasim	1.3.4
2024	cnmf	1.6.0
2024	cnv_facets	0.16.1
2024	cnvkit	0.9.11
2024	cnvkit	0.9.12
2024	coatran	0.0.4
2024	cobra-meta	1.2.3
2024	cobs	0.3.1
2024	codoff	1.0.0
2024	codoff	1.1.0
2024	codoff	1.1.5
2024	codoff	1.1.8
2024	cogent3	2024.11.29a2
2024	cogent3	2024.12.19a1
2024	cogent3	2024.2.5a1
2024	cogent3	2024.5.7a1
2024	cogent3	2024.7.19a1
2024	cogent3	2024.7.19a3
2024	cogent3	2024.7.19a4
2024	cogent3	2024.7.19a5
2024	cogent3	2024.7.19a6
2024	cogent3	2024.7.19a7
2024	cogent3	2024.7.19a8
2024	cogent3	2024.7.19a9
2024	cojac	0.9.2
2024	cojac	0.9.3
2024	colorid_bv	0.1.0
2024	comebin	1.0.4
2024	comet-ms	2023012
2024	comet-ms	2024011
2024	commec	0.1.2
2024	commec	0.2.0
2024	comparem2	2.10.1
2024	comparem2	2.11.1
2024	comparem2	2.11.2
2024	comparem2	2.12.1
2024	comparem2	2.8.1
2024	comparem2	2.8.2
2024	comparem2	2.9.1
2024	compleasm	0.2.5
2024	compleasm	0.2.6
2024	complexcgr	0.8.0
2024	condiga	0.2.2
2024	conipher	2.2.0
2024	consensify	2.4.0
2024	constava	1.1.0
2024	cooler	0.10.0
2024	cooler	0.10.2
2024	cooler	0.10.3
2024	cooltools	0.7.0
2024	cooltools	0.7.1
2024	coptr	1.1.4
2024	core-snp-filter	0.2.0
2024	corneto	1.0.0a0
2024	cosap	0.1.0
2024	cosg	1.0.1
2024	cosigt	0.1.1
2024	cosigt	0.1.2
2024	cosigt	0.1.3
2024	cospar	0.4.1
2024	coverm	0.7.0
2024	cpat	3.0.5
2024	cpstools	1.0.0
2024	cpstools	1.0.11
2024	cpstools	1.0.12
2024	cpstools	1.0.13
2024	cpstools	2.0.0
2024	cpstools	2.0.1
2024	cpstools	2.0.2
2024	cpstools	2.0.4
2024	cpstools	2.0.5
2024	cptac	1.5.11
2024	cptac	1.5.13
2024	crabs	1.0.3
2024	crabs	1.0.4
2024	crabs	1.0.5
2024	crabs	1.0.6
2024	crabs	1.0.7
2024	cramino	0.14.1
2024	cramino	0.14.3
2024	cramino	0.14.4
2024	cramino	0.14.5
2024	cramino	0.15.0
2024	crispector	1.0.7
2024	crispector2	2.0.7
2024	crispector2	2.0.8
2024	crispector2	2.1.0
2024	crispector2	2.1.1
2024	crispector2	2.1.2
2024	crispresso2	2.3.0
2024	crispresso2	2.3.1
2024	crisprme	2.1.2
2024	crisprme	2.1.3
2024	crisprme	2.1.4
2024	crisprme	2.1.5
2024	crisprme	2.1.6
2024	crocodeel	1.0.2
2024	crocodeel	1.0.3
2024	crocodeel	1.0.4
2024	crocodeel	1.0.5
2024	crossmap	0.7.0
2024	crux-toolkit	4.2
2024	cryptkeeper	1.0.1
2024	cstag	1.1.0
2024	csvtk	0.30.0
2024	csvtk	0.31.0
2024	ctxcore	0.2.0
2024	curare	0.6.0
2024	cured	1.05
2024	curves	3.0.1
2024	curves	3.0.2
2024	customtkinter	5.2.2
2024	cutadapt	4.7
2024	cutadapt	4.8
2024	cutadapt	4.9
2024	cutadapt	5.0
2024	cutefc	1.0.0
2024	cutesv	2.1.1
2024	cyrcular	0.3.0
2024	cytoscape	3.10.2
2024	cytoscape	3.10.3
2024	cytotrace2-python	0.0.1
2024	cyvcf2	0.30.26
2024	cyvcf2	0.30.27
2024	cyvcf2	0.30.28
2024	cyvcf2	0.31.0
2024	cyvcf2	0.31.1
2024	d4binding	0.3.11
2024	d4tools	0.3.10
2024	d4tools	0.3.11
2024	dajin2	0.3.6
2024	dajin2	0.4.0
2024	dajin2	0.4.1
2024	dajin2	0.4.2
2024	dajin2	0.4.3
2024	dajin2	0.4.5
2024	dajin2	0.4.6
2024	dajin2	0.5.0
2024	dajin2	0.5.1
2024	dajin2	0.5.2
2024	dajin2	0.5.3
2024	dajin2	0.5.4
2024	dajin2	0.5.5
2024	dajin2	0.5.5.1
2024	dajin2	0.5.6
2024	damidseq_pipeline	1.6
2024	dapcy	0.1.1
2024	dapcy	1.0.1
2024	das_tool	1.1.7
2024	dbcan	4.1.0
2024	dbcan	4.1.1
2024	dbcan	4.1.2
2024	dbcan	4.1.3
2024	dbcan	4.1.4
2024	dbcanlight	1.1.0
2024	dbghaplo	0.0.2
2024	ddocent	2.9.7
2024	ddocent	2.9.8
2024	ddrage	1.8.1
2024	dechat	1.0.0
2024	dechat	1.0.1
2024	dedup	0.12.9
2024	deepblast	1.0.2
2024	deepchopper-cli	1.2.5
2024	deepchopper-cli	1.2.6
2024	deepchopper	1.2.4
2024	deepchopper	1.2.5
2024	deepchopper	1.2.6
2024	deepfplearn	2.1
2024	deeplc	2.2.27
2024	deeplc	2.2.36
2024	deeplc	2.2.38
2024	deeplc	3.0.2
2024	deeplc	3.0.4
2024	deeplc	3.0.6
2024	deeplc	3.0.7
2024	deeplc	3.0.8
2024	deeplc	3.1.3
2024	deeplcretrainer	0.2.11
2024	deeplcretrainer	0.2.12
2024	deeplcretrainer	1.0.0
2024	deeplcretrainer	1.0.1
2024	deepmei	1.0.0
2024	deepmei	1.6.24
2024	deepmicroclass	1.0.3
2024	deeptools	3.5.5
2024	defense-finder	1.2.1
2024	defense-finder	1.2.2
2024	defense-finder	1.3.0
2024	degenotate	1.3
2024	delly	1.2.8
2024	delly	1.2.9
2024	delly	1.3.1
2024	demuxem	0.1.7.post1
2024	dendropy	5.0.0
2024	dendropy	5.0.1
2024	derna	1.0.3
2024	derna	1.0.4
2024	devider	0.0.1
2024	dfast	1.2.21
2024	dfast	1.3.0
2024	dfast	1.3.1
2024	dfast	1.3.2
2024	dfast	1.3.4
2024	dfast_qc	1.0.0
2024	dfast_qc	1.0.1
2024	dfast_qc	1.0.2
2024	dfast_qc	1.0.4
2024	dfast_qc	1.0.5
2024	diamond	2.1.10
2024	diamond	2.1.9
2024	dice	1.0.0
2024	dice	1.1.0
2024	dicey	0.3.1
2024	dicey	0.3.3
2024	difcover	3.0.1
2024	diffacto	1.0.7
2024	dimet	0.2.0
2024	dimet	0.2.1
2024	dimet	0.2.2
2024	dimet	0.2.4
2024	dingii	0.0.1
2024	dinopy	3.0.0
2024	diphase	1.0.0
2024	diphase	1.0.1
2024	diphase	1.0.2
2024	diphase	1.0.3
2024	distle	0.1.1
2024	distle	0.2.0
2024	dmtools	0.2.6
2024	dna-nn	0.1
2024	dnaapler	0.5.1
2024	dnaapler	0.5.2
2024	dnaapler	0.6.0
2024	dnaapler	0.7.0
2024	dnaapler	0.8.0
2024	dnaapler	0.8.1
2024	dnaapler	1.0.0
2024	dnaapler	1.0.1
2024	dnachisel	3.2.12
2024	dnaio	1.2.1
2024	dnaio	1.2.2
2024	dnaio	1.2.3
2024	dnarrange	1.6.2
2024	dnmtools	1.4.3
2024	dnmtools	1.4.4
2024	dnoise	1.4.1
2024	dockq	2.1.3
2024	dodge	1.0.0
2024	dodge	1.0.1
2024	dosage_score	1.0.0
2024	doubletdetection	4.2
2024	dragonflye	1.2.0
2024	dragonflye	1.2.1
2024	dram	1.5.0
2024	drep	3.5.0
2024	drop	1.3.4
2024	drop	1.4.0
2024	dropkick	1.2.8
2024	dropseq_tools	3.0.1
2024	dropseq_tools	3.0.2
2024	drug2cell	0.1.1
2024	drug2cell	0.1.2
2024	dsh-bio	2.4
2024	dudes	0.10.0
2024	duplex-tools	0.3.3
2024	dupsifter	1.2.1.20240119
2024	dupsifter	1.3.0.20241113
2024	dxpy	0.368.1
2024	dxpy	0.369.0
2024	dxpy	0.369.1
2024	dxpy	0.370.2
2024	dxpy	0.371.0
2024	dxpy	0.372.0
2024	dxpy	0.373.0
2024	dxpy	0.374.0
2024	dxpy	0.376.0
2024	dxpy	0.377.0
2024	dxpy	0.378.0
2024	dxpy	0.379.0
2024	dxpy	0.380.0
2024	dxpy	0.381.0
2024	dxpy	0.382.0
2024	dxpy	0.383.1
2024	dxpy	0.384.0
2024	dxpy	0.385.0
2024	dxpy	0.386.0
2024	dxpy	0.387.0
2024	dysgu	1.6.4
2024	dysgu	1.6.5
2024	dysgu	1.6.6
2024	dysgu	1.6.7
2024	dysgu	1.7.0
2024	eagle2	2.4.1
2024	earlgrey	4.0.4
2024	earlgrey	4.0.5
2024	earlgrey	4.0.6
2024	earlgrey	4.0.7
2024	earlgrey	4.0.8
2024	earlgrey	4.1.0
2024	earlgrey	4.1.1
2024	earlgrey	4.2.3
2024	earlgrey	4.2.4
2024	earlgrey	4.3.0
2024	earlgrey	4.4.0
2024	earlgrey	4.4.1
2024	earlgrey	4.4.4
2024	earlgrey	4.4.5
2024	earlgrey	4.5.0
2024	earlgrey	5.0.0
2024	earlgrey	5.0.3
2024	earlgrey	5.1.0
2024	easypqp	0.1.44
2024	easypqp	0.1.45
2024	easypqp	0.1.46
2024	easypqp	0.1.47
2024	easypqp	0.1.48
2024	easypqp	0.1.49
2024	easypqp	0.1.50
2024	ebcsgen	2.2.0
2024	ebi-eva-common-pyutils	0.6.10
2024	ebi-eva-common-pyutils	0.6.11
2024	ebi-eva-common-pyutils	0.6.3
2024	ebi-eva-common-pyutils	0.6.4
2024	ebi-eva-common-pyutils	0.6.5
2024	ebi-eva-common-pyutils	0.6.6
2024	ebi-eva-common-pyutils	0.6.7
2024	ebi-eva-common-pyutils	0.6.8
2024	ebi-eva-common-pyutils	0.6.9
2024	echidna	1.0.2
2024	ectyper	2.0.0
2024	edta	2.2.0
2024	edta	2.2.2
2024	ega-cryptor	2.0.0
2024	egglib	3.3.1
2024	egglib	3.3.2
2024	egglib	3.3.3
2024	egglib	3.3.4
2024	el_gato	1.18.0
2024	el_gato	1.18.1
2024	el_gato	1.18.2
2024	el_gato	1.19.0
2024	el_gato	1.20.1
2024	el_gato	1.20.2
2024	elastic-blast	1.3.0
2024	elastic-blast	1.3.1
2024	emu-pca	1.0
2024	emu-pca	1.1
2024	emu	3.4.6
2024	emu	3.5.0
2024	ena-upload-cli	0.7.1
2024	ena-upload-cli	0.7.3
2024	ena-upload-cli	0.7.4
2024	ena-webin-cli	6.10.0
2024	ena-webin-cli	6.8.0
2024	ena-webin-cli	6.9.0
2024	ena-webin-cli	7.0.0
2024	ena-webin-cli	7.0.1
2024	ena-webin-cli	7.1.0
2024	ena-webin-cli	7.1.1
2024	ena-webin-cli	7.2.0
2024	ena-webin-cli	7.2.1
2024	ena-webin-cli	7.3.0
2024	ena-webin-cli	7.3.1
2024	ena-webin-cli	8.0.0
2024	ena-webin-cli	8.1.0
2024	ensembl-utils	0.2.0
2024	ensembl-utils	0.3.0
2024	ensembl-utils	0.4.0
2024	ensembl-utils	0.4.1
2024	ensembl-utils	0.4.2
2024	ensembl-utils	0.4.3
2024	ensembl-utils	0.4.4
2024	ensembl-utils	0.5.0
2024	ensembl-utils	0.5.1
2024	ensembl-utils	0.6.0
2024	ensembl-vep	111.0
2024	ensembl-vep	112.0
2024	ensembl-vep	113.0
2024	ensembl-vep	113.2
2024	ensembl-vep	113.3
2024	entrez-direct	21.6
2024	entrez-direct	22.1
2024	entrez-direct	22.4
2024	ephemeris	0.10.10
2024	ephemeris	0.10.9
2024	epik	0.2.0
2024	equirep	1.0.0
2024	ervdetective	1.0.8
2024	eskrim	1.0.9
2024	espresso	1.5.0
2024	eukfinder	1.2.3
2024	eukulele	2.0.9
2024	eva-sub-cli	0.2
2024	eva-sub-cli	0.3
2024	eva-sub-cli	0.4
2024	eva-sub-cli	0.4.1
2024	eva-sub-cli	0.4.2
2024	evigene	23.7.15
2024	evofr	0.1.22
2024	evofr	0.1.23
2024	evofr	0.1.25
2024	evofr	0.1.26
2024	exomiser-rest-prioritiser	14.0.0
2024	exomiser-rest-prioritiser	14.0.2
2024	exomiser-rest-prioritiser	14.1.0
2024	expam	1.2.2.5
2024	expam	1.4.0.5
2024	expam	1.4.0.6
2024	ezaai	1.2.3
2024	ezcharts	0.10.2
2024	ezcharts	0.11.2
2024	ezomero	3.0.0
2024	ezomero	3.0.1
2024	ezomero	3.1.0
2024	f5c	1.4
2024	f5c	1.5
2024	fairy	0.5.2
2024	fairy	0.5.3
2024	fairy	0.5.4
2024	fairy	0.5.5
2024	fairy	0.5.7
2024	falco	1.2.2
2024	falco	1.2.3
2024	falco	1.2.4
2024	famsa	2.2.3
2024	fast-edit-distance	1.2.1
2024	fast-edit-distance	1.2.2
2024	fastahack	1.0.0
2024	fastaptamer	1.0.16
2024	fasten	0.8.0
2024	fasten	0.8.1
2024	fasten	0.8.3
2024	fastk	1.1.0
2024	fastlin	0.2.3
2024	fastlin	0.3.0
2024	fastlin	0.4.1
2024	fastme	2.1.6.3
2024	fastp	0.24.0
2024	fastplong	0.2.0
2024	fastplong	0.2.1
2024	fastplong	0.2.2
2024	fastq-dl	3.0.0
2024	fastq-screen	0.16.0
2024	fastq	2.0.4
2024	fastqc-rs	0.3.4
2024	fastqe	0.3.3
2024	favites_lite	1.0.1
2024	favites_lite	1.0.3
2024	fc	1.0.1
2024	ffq	0.3.1
2024	fgbio-minimal	2.2.1
2024	fgbio-minimal	2.3.0
2024	fgbio-minimal	2.4.0
2024	fgbio	2.2.1
2024	fgbio	2.3.0
2024	fgbio	2.4.0
2024	fgpyo	0.1.3
2024	fgpyo	0.2.0
2024	fgpyo	0.3.0
2024	fgpyo	0.4.0
2024	fgpyo	0.5.0
2024	fgpyo	0.6.0
2024	fgpyo	0.7.1
2024	fgpyo	0.8.0
2024	fgsv	0.2.0
2024	fgsv	0.2.1
2024	fibertools-rs	0.3.7
2024	fibertools-rs	0.3.8
2024	fibertools-rs	0.3.9
2024	fibertools-rs	0.4.1
2024	fibertools-rs	0.4.2
2024	fibertools-rs	0.5.3
2024	fibertools-rs	0.5.4
2024	fibertools-rs	0.6.0
2024	fibertools-rs	0.6.2
2024	fiji-omero_ij	5.8.4
2024	fiji-omero_ij	5.8.6
2024	fiji-simple_omero_client	5.17.0
2024	fiji-simple_omero_client	5.18.0
2024	fiji-simple_omero_client	5.19.0
2024	fiji	20240614
2024	finemap	1.4.2
2024	firecloud	0.16.37
2024	flams	1.1.4
2024	flexi-formatter	0.0.1
2024	flexi-formatter	0.0.2
2024	flexi-formatter	0.0.4
2024	flexi-formatter	1.0.1
2024	flexiformatter	1.0.2
2024	flexiplex	1.01
2024	flexsweep	1.0
2024	flexynesis	0.2.10
2024	flexynesis	0.2.11
2024	flexynesis	0.2.12
2024	flight-genome	1.6.3
2024	flippyr	0.6.0
2024	flippyr	0.6.1
2024	floria	0.0.1
2024	flumut	0.5.3
2024	flumut	0.6.0
2024	flumut	0.6.1
2024	flumut	0.6.2
2024	flumut	0.6.3
2024	flumutdb	6.0
2024	flumutdb	6.1
2024	flumutdb	6.2
2024	flumutdb	6.3
2024	flye	2.9.4
2024	flye	2.9.5
2024	fmsi	0.2.4
2024	fmsi	0.3.0
2024	fmsi	0.3.1
2024	foldcomp	0.0.7
2024	foldmason	1.763a428
2024	foldmason	2.7bd21ed
2024	foldseek	9.427df8a
2024	forgi	2.2.3
2024	fq	0.12.0
2024	fqtk	0.3.1
2024	fraggenescan	1.32
2024	fragpipe	20.0
2024	fraposa-pgsc	0.1.1
2024	fraposa-pgsc	1.0.0
2024	fraposa-pgsc	1.0.1
2024	fraposa-pgsc	1.0.2
2024	freebayes	1.3.8
2024	freyja	1.4.9
2024	freyja	1.5.0
2024	freyja	1.5.1
2024	freyja	1.5.2
2024	frogs	5.0.0
2024	fuc	0.38.0
2024	funannotate	1.8.17
2024	fusion-inspector	2.10.0
2024	fwdpy11	0.22.2
2024	fwdpy11	0.23.0
2024	fwdpy11	0.24.0
2024	fwdpy11	0.24.1
2024	fwdpy11	0.24.2
2024	fwdpy11	0.24.3
2024	gadma	2.0.2
2024	gafpack	0.1.0
2024	gafpack	0.1.1
2024	gafpack	0.1.2
2024	gaftools	1.1.0
2024	galah	0.4.0
2024	galah	0.4.1
2024	galah	0.4.2
2024	galaxy-data	24.1.1
2024	galaxy-data	24.1.2
2024	galaxy-data	24.1.3
2024	galaxy-data	24.1.4
2024	galaxy-files	23.1.4
2024	galaxy-files	23.2.1
2024	galaxy-files	24.0.0
2024	galaxy-files	24.1.1
2024	galaxy-files	24.1.2
2024	galaxy-files	24.1.3
2024	galaxy-files	24.1.4
2024	galaxy-objectstore	23.1.4
2024	galaxy-objectstore	23.2.1
2024	galaxy-objectstore	24.0.0
2024	galaxy-objectstore	24.1.1
2024	galaxy-objectstore	24.1.2
2024	galaxy-objectstore	24.1.3
2024	galaxy-objectstore	24.1.4
2024	galaxy-schema	24.1.1
2024	galaxy-schema	24.1.2
2024	galaxy-schema	24.1.3
2024	galaxy-schema	24.1.4
2024	galaxy_sequence_utils	1.2.0
2024	galitime	0.1.0
2024	galitime	0.1.1
2024	galitime	0.1.2
2024	galitime	0.1.3
2024	galitime	0.2.0
2024	gambit	1.0.1
2024	gambit	1.1.0
2024	gametes	2.1
2024	ganon	2.0.1
2024	ganon	2.1.0
2024	gappa	0.8.5
2024	gapseq	1.2
2024	gapseq	1.3
2024	gapseq	1.3.1
2024	gatk4-spark	4.5.0.0
2024	gatk4-spark	4.6.1.0
2024	gatk4	4.5.0.0
2024	gatk4	4.6.1.0
2024	gb-io	0.3.0
2024	gb-io	0.3.1
2024	gb-io	0.3.2
2024	gb-io	0.3.3
2024	gbintk	0.1.0
2024	gbintk	1.0.0
2024	gcnvkernel	0.9
2024	gdc-client	2.0
2024	gdc-client	2.1
2024	gdc-client	2.2
2024	gdc-client	2.3
2024	gecco	0.9.10
2024	gemf_favites	1.0.3
2024	gempipe	1.33.0
2024	gempipe	1.33.1
2024	gempipe	1.33.2
2024	gempipe	1.33.3
2024	gempipe	1.33.4
2024	gempipe	1.34.0
2024	gempipe	1.34.1
2024	gempipe	1.34.2
2024	gempipe	1.35.0
2024	gempipe	1.35.1
2024	gempipe	1.35.2
2024	gempipe	1.35.3
2024	gempipe	1.35.4
2024	gempipe	1.35.5
2024	gempipe	1.36.0
2024	gempipe	1.37.0
2024	gempipe	1.37.3
2024	gempipe	1.37.4
2024	genbank	0.110
2024	genbank	0.118
2024	genbank	0.119
2024	gencove	2.17.1
2024	gencove	2.18.0
2024	gencove	2.18.1
2024	gencove	2.18.2
2024	gencove	2.18.3
2024	gencove	2.18.5
2024	gencove	2.19.0
2024	gencove	2.20.0
2024	gencove	2.20.1
2024	gencove	2.20.2
2024	gencove	2.21.0
2024	gencove	2.23.0
2024	gencove	2.23.1
2024	gencove	2.24.0
2024	gencove	2.24.1
2024	gencove	2.24.2
2024	gencove	2.24.3
2024	gene-trajectory-python	1.0.4
2024	genepop	4.8.2
2024	genera	1.4.2
2024	generax	2.1.3
2024	genewalk	1.6.2
2024	genewalk	1.6.3
2024	genmod	3.8.2
2024	genmod	3.8.3
2024	genmod	3.9
2024	genoboo	0.4.13
2024	genoboo	0.4.15
2024	genoboo	0.4.16
2024	genodsp	0.0.10
2024	genodsp	0.0.3
2024	genoflu	1.03
2024	genoflu	1.04
2024	genoflu	1.05
2024	genomad	1.7.5
2024	genomad	1.7.6
2024	genomad	1.8.0
2024	genomad	1.8.1
2024	genome_updater	0.6.4
2024	genomedata	1.7.3
2024	genomescope2	2.0.1
2024	genomic_address_service	0.1.2
2024	genomic_address_service	0.1.3
2024	geofetch	0.12.6
2024	geofetch	0.12.7
2024	geosketch	1.3
2024	get_homologues	3.6.3
2024	get_homologues	3.7.1
2024	get_homologues	3.7.2
2024	get_mnv	1.0.0
2024	get_orfs	1.0.0
2024	get_orfs	1.1.0
2024	getorganelle	1.7.7.1
2024	gfainject	0.1.0
2024	gfainject	0.1.1
2024	gfainject	0.2.0
2024	gfastats	1.3.7
2024	gfastats	1.3.8
2024	gfastats	1.3.9
2024	gffpandas	1.2.2
2024	gfftk	24.10.30
2024	gfftk	24.2.4
2024	gffutils	0.13
2024	ggcaller	1.3.5
2024	ggcaller	1.3.6
2024	ggcaller	1.3.7
2024	ggcat	1.1.0
2024	gget	0.28.3
2024	gget	0.28.4
2024	gget	0.28.5
2024	gget	0.28.6
2024	gget	0.29.0
2024	gia	0.2
2024	gia	0.2.23
2024	giatools	0.1
2024	giatools	0.1.1
2024	giatools	0.1.2
2024	giatools	0.2
2024	giatools	0.3
2024	giatools	0.3.1
2024	gimbleprep	0.0.2
2024	gimbleprep	0.0.2b6
2024	gmap	2023.12.01
2024	gmap	2024.02.22
2024	gmap	2024.03.15
2024	gmap	2024.05.07
2024	gmap	2024.05.20
2024	gmap	2024.08.14
2024	gmap	2024.09.18
2024	gmap	2024.10.10
2024	gmap	2024.10.20
2024	gmap	2024.11.20
2024	gmm-demux	0.2.2.3
2024	gmsc-mapper	0.1.0
2024	gmwi2	1.6
2024	gnparser	1.10.0
2024	gnparser	1.10.1
2024	gnparser	1.10.3
2024	gnparser	1.10.4
2024	gnparser	1.11.0
2024	gnparser	1.11.1
2024	gnparser	1.9.1
2024	gnparser	1.9.2
2024	goldrush	1.1.1
2024	goldrush	1.1.2
2024	goldrush	1.2.0
2024	goldrush	1.2.1
2024	goleft	0.2.6
2024	gottcha2	2.1.8.5p1
2024	gottcha2	2.1.8.6
2024	gottcha2	2.1.8.7
2024	gpatch	0.3.4
2024	gpatch	0.3.5
2024	graftm	0.15.1
2024	graphaligner	1.0.19
2024	graphaligner	1.0.20
2024	graphbin	1.7.4
2024	graphbin2	1.3.1
2024	graphbin2	1.3.2
2024	graphbin2	1.3.3
2024	graphembed	0.1.0
2024	graphembed	0.1.1
2024	graphembed	0.1.2
2024	graphmap	0.6.4
2024	graphtyper	2.7.7
2024	grenedalf	0.5.2
2024	grenedalf	0.6.0
2024	grenedalf	0.6.1
2024	grenedalf	0.6.2
2024	gretl	0.1.0
2024	gretl	0.1.1
2024	grz-cli	0.1.1
2024	gseapy	1.1.2
2024	gseapy	1.1.3
2024	gseapy	1.1.4
2024	gsearch	0.1.8
2024	gsearch	0.1.9
2024	gsearch	0.2.0
2024	gsearch	0.2.1
2024	gsearch	0.2.2
2024	gsearch	0.2.3
2024	gsmap	1.70
2024	gsmap	1.71.1
2024	gsmap	1.71.2
2024	gtdb_to_taxdump	0.1.9
2024	gtdbtk	2.4.0
2024	gtfparse	2.3.0
2024	gtfparse	2.4.0
2024	gtfparse	2.4.1
2024	gtfparse	2.5.0
2024	gtfsort	0.2.1
2024	gtfsort	0.2.2
2024	gtotree	1.8.5
2024	gtotree	1.8.6
2024	gtotree	1.8.7
2024	gtotree	1.8.8
2024	gubbins	3.2.2
2024	gubbins	3.3.3
2024	gubbins	3.3.4
2024	gubbins	3.3.5
2024	gubbins	3.4
2024	guidescan	2.2.1
2024	gum	2.0.2
2024	gw	0.10.0
2024	gw	0.10.1
2024	gw	0.9.3
2024	gw	1.0.0
2024	gw	1.0.1
2024	gw	1.0.2
2024	gw	1.0.3
2024	gw	1.1.0
2024	gw	1.1.1
2024	gxf2bed	0.1.0
2024	gxf2bed	0.2.0
2024	gxf2bed	0.2.1
2024	gxf2bed	0.2.2
2024	gxf2bed	0.2.3
2024	gxf2bed	0.2.4
2024	gxf2chrom	0.1.0
2024	gxformat2	0.19.0
2024	gxformat2	0.20.0
2024	gzrt	0.8
2024	gzrt	0.9.1
2024	hackgap	1.0.0
2024	haddock_biobb	3.0.0
2024	haddock_biobb	3.0.1
2024	haddock_biobb	3.0.2
2024	haddock_biobb	3.0.3
2024	haddock_biobb	3.0.4
2024	haddock_biobb	3.0.5
2024	haddock_biobb	3.0.6
2024	hairsplitter	1.7.13
2024	hairsplitter	1.7.14
2024	hairsplitter	1.7.15
2024	hairsplitter	1.8.0
2024	hairsplitter	1.9.10
2024	hairsplitter	1.9.5
2024	hairsplitter	1.9.9
2024	halfdeep	0.1.0
2024	handyreadgenotyper	0.1.13
2024	handyreadgenotyper	0.1.14
2024	handyreadgenotyper	0.1.18
2024	handyreadgenotyper	0.1.20
2024	handyreadgenotyper	0.1.21
2024	handyreadgenotyper	0.1.22
2024	handyreadgenotyper	0.1.24
2024	handyreadgenotyper	0.1.9
2024	hapcut2	1.3.4
2024	haplomap	0.1.1
2024	haplomap	0.1.2
2024	haplotaglr	1.1.7
2024	haplotaglr	1.1.8
2024	haplotaglr	1.1.9
2024	hapog	1.3.8
2024	haptools	0.4.0
2024	haptools	0.4.2
2024	haptools	0.5.0
2024	harmony-pytorch	0.1.8
2024	harmonypy	0.0.10
2024	harpy	0.5.0
2024	harpy	0.6.0
2024	harpy	0.6.1
2024	harpy	0.7.0
2024	harpy	0.7.3
2024	harpy	0.8.0
2024	harpy	0.9.1
2024	harpy	1.0
2024	harpy	1.1
2024	harpy	1.1.1
2024	harpy	1.10
2024	harpy	1.10.1
2024	harpy	1.11
2024	harpy	1.12
2024	harpy	1.13
2024	harpy	1.14
2024	harpy	1.14.1
2024	harpy	1.14.2
2024	harpy	1.14.3
2024	harpy	1.2.0
2024	harpy	1.2.1
2024	harpy	1.2.2
2024	harpy	1.2.3
2024	harpy	1.3
2024	harpy	1.4
2024	harpy	1.4.1
2024	harpy	1.4.2
2024	harpy	1.5
2024	harpy	1.6
2024	harpy	1.6.1
2024	harpy	1.7.0
2024	harpy	1.8.0
2024	harpy	1.8.1
2024	harpy	1.8.2
2024	harpy	1.9
2024	hatchet	2.1.0
2024	haystac	0.4.11
2024	haystac	0.4.12
2024	hecatomb	1.3.0
2024	hecatomb	1.3.1
2024	hecatomb	1.3.2
2024	hecatomb	1.3.3
2024	heliano	1.2.1
2024	helitronscanner	1.0
2024	hicap	1.0.4
2024	hicexplorer	3.7.4
2024	hicexplorer	3.7.5
2024	hicexplorer	3.7.6
2024	hicmatrix	17.2
2024	hicstuff	3.2.2
2024	hicstuff	3.2.3
2024	hicstuff	3.2.4
2024	hictk	0.0.10
2024	hictk	0.0.11
2024	hictk	0.0.12
2024	hictk	0.0.6
2024	hictk	0.0.7
2024	hictk	0.0.8
2024	hictk	0.0.9
2024	hictk	1.0.0
2024	hictk	2.0.0
2024	hictk	2.0.1
2024	hictkpy	0.0.4
2024	hictkpy	0.0.5
2024	hictkpy	1.0.0
2024	hictkpy	1.1.0
2024	hifiadapterfilt	3.0.0
2024	hifiasm	0.19.9
2024	hifiasm	0.20.0
2024	hifiasm	0.21.0
2024	hifiasm	0.22.0
2024	hifiasm	0.23.0
2024	hifiasm	0.24.0
2024	hifiasm_meta	hamtv0.3.2
2024	hificnv	1.0.0
2024	hificnv	1.0.1
2024	hifihla	0.2.3
2024	hifihla	0.3.0
2024	hifihla	0.3.1
2024	hiphase	1.2.0
2024	hiphase	1.2.1
2024	hiphase	1.3.0
2024	hiphase	1.4.0
2024	hiphase	1.4.1
2024	hiphase	1.4.2
2024	hiphase	1.4.3
2024	hiphase	1.4.4
2024	hiphase	1.4.5
2024	hisat2-pipeline	1.0.7
2024	hisat2-pipeline	1.0.8
2024	hitac	2.2.2
2024	hits	0.4.2
2024	hits	0.4.3
2024	hla-la	1.0.4
2024	hlafreq	0.0.4
2024	hlafreq	0.0.5
2024	hmftools-amber	3.9.1
2024	hmftools-amber	4.0
2024	hmftools-amber	4.0.1
2024	hmftools-amber	4.1.0
2024	hmftools-amber	4.1_beta
2024	hmftools-bam-tools	1.2
2024	hmftools-bam-tools	1.2.1
2024	hmftools-bam-tools	1.3_beta
2024	hmftools-chord	2.1.0_beta
2024	hmftools-cobalt	1.16
2024	hmftools-cobalt	2.0_beta
2024	hmftools-cuppa	1.8.1
2024	hmftools-cuppa	2.1.1
2024	hmftools-cuppa	2.2.1
2024	hmftools-cuppa	2.3.0_beta
2024	hmftools-esvee	1.0_beta
2024	hmftools-gripss	2.4
2024	hmftools-isofox	1.7.1
2024	hmftools-lilac	1.6
2024	hmftools-linx	1.25
2024	hmftools-linx	2.0_beta
2024	hmftools-mark-dups	1.1
2024	hmftools-mark-dups	1.1.1
2024	hmftools-mark-dups	1.1.2
2024	hmftools-mark-dups	1.1.3
2024	hmftools-mark-dups	1.1.4
2024	hmftools-mark-dups	1.1.5
2024	hmftools-mark-dups	1.1.6
2024	hmftools-mark-dups	1.1.7
2024	hmftools-neo	1.2_beta
2024	hmftools-orange	3.3.0
2024	hmftools-orange	3.3.1
2024	hmftools-orange	3.4.0
2024	hmftools-orange	3.5.0
2024	hmftools-orange	3.5.1
2024	hmftools-orange	3.6.0
2024	hmftools-orange	3.7.0
2024	hmftools-orange	3.7.1_beta
2024	hmftools-pave	1.6
2024	hmftools-pave	1.7_beta
2024	hmftools-peach	2.0.0
2024	hmftools-purple	4.0
2024	hmftools-purple	4.0.1
2024	hmftools-purple	4.0.2
2024	hmftools-purple	4.1_beta
2024	hmftools-redux	1.0_beta
2024	hmftools-sage	3.4
2024	hmftools-sage	3.4.1
2024	hmftools-sage	3.4.2
2024	hmftools-sage	3.4.3
2024	hmftools-sage	3.4.4
2024	hmftools-sage	4.0_beta
2024	hmftools-sigs	1.2.1
2024	hmftools-sv-prep	1.2.3
2024	hmftools-sv-prep	1.2.4
2024	hmftools-virus-interpreter	1.3
2024	hmftools-virus-interpreter	3.7_beta
2024	hostile	1.0.0
2024	hostile	1.1.0
2024	hostile	2.0.0
2024	howdesbt	2.00.15
2024	hsdecipher	1.0.0
2024	hsdecipher	1.1.1
2024	hsdecipher	1.1.2
2024	hsdfinder	1.0.0
2024	hsdfinder	1.1.0
2024	hsdfinder	1.1.1
2024	htseq	2.0.5
2024	htsinfer	0.10.0
2024	htsinfer	0.11.0
2024	htsinfer	0.9.0
2024	htsinfer	1.0.0_rc.1
2024	htslib	1.19.1
2024	htslib	1.20
2024	htslib	1.21
2024	humann	3.9
2024	humid	1.0.4
2024	hybkit	0.3.6
2024	hybpiper	2.1.7
2024	hybpiper	2.1.8
2024	hybpiper	2.2.0
2024	hybpiper	2.3.0
2024	hybpiper	2.3.1
2024	hybracter	0.10.0
2024	hybracter	0.10.1
2024	hybracter	0.11.0
2024	hybracter	0.5.0
2024	hybracter	0.6.0
2024	hybracter	0.7.0
2024	hybracter	0.7.1
2024	hybracter	0.7.2
2024	hybracter	0.7.3
2024	hybracter	0.8.0
2024	hybracter	0.9.0
2024	hybracter	0.9.1
2024	hybran	1.8
2024	hylight	1.0.0
2024	hyphy	2.5.59
2024	hyphy	2.5.60
2024	hyphy	2.5.61
2024	hyphy	2.5.62
2024	hyphy	2.5.63
2024	hyphy	2.5.64
2024	hyphy	2.5.65
2024	ibridges	1.2.0
2024	icescreen	1.3.1
2024	icescreen	1.3.2
2024	icfree-ml	2.3.0
2024	icfree-ml	2.3.1
2024	icfree-ml	2.3.2
2024	icfree-ml	2.3.3
2024	icfree-ml	2.4.0
2024	icfree-ml	2.5.0
2024	icfree-ml	2.5.1
2024	icfree-ml	2.5.2
2024	icfree-ml	2.6.0
2024	icfree-ml	2.7.0
2024	icfree-ml	2.7.1
2024	idemuxcpp	0.3.0
2024	igblast	1.22.0
2024	igfinder	1.0
2024	igv-reports	1.11.0
2024	igv-reports	1.12.0
2024	igv-reports	1.13.0
2024	igv-reports	1.14.0
2024	igv-reports	1.14.1
2024	igv	2.17.3
2024	igv	2.17.4
2024	igvtools	2.17.3
2024	illumina-interop	1.3.2
2024	im2deep	0.1.2
2024	im2deep	0.1.7
2024	im2deep	0.1.8
2024	im2deep	0.1.9
2024	im2deep	0.2.0
2024	im2deep	0.3.1
2024	immuneml	3.0.3
2024	immuneml	3.0.4
2024	immuneml	3.0.5
2024	immuneml	3.0.6
2024	impg	0.2.0
2024	impg	0.2.1
2024	impg	0.2.2
2024	infernal	1.1.5
2024	influx-si-data-manager	1.0.0
2024	influx-si-data-manager	1.0.1
2024	influx-si-data-manager	1.0.2
2024	influx-si-data-manager	1.0.3
2024	influx_si	7.0.2
2024	influx_si	7.0.3
2024	influx_si	7.0.4
2024	influx_si	7.1.0
2024	influx_si	7.2.0
2024	influx_si	7.2.1
2024	influx_si	7.2.2
2024	inmoose	0.7.2
2024	insilicoseq	2.0.0
2024	insilicoseq	2.0.1
2024	inspector	1.3
2024	inspector	1.3.1
2024	instanovo	1.0.0
2024	instrain	1.8.1
2024	instrain	1.9.0
2024	insurveyor	1.1.3
2024	intarna	3.4.0
2024	intarna	3.4.1
2024	integron_finder	2.0.3
2024	integron_finder	2.0.5
2024	ionquant	1.10.12
2024	ipk	0.5.0
2024	ipk	0.5.1
2024	ipyrad	0.9.100
2024	ipyrad	0.9.101
2024	ipyrad	0.9.102
2024	ipyrad	0.9.103
2024	ipyrad	0.9.94
2024	ipyrad	0.9.95
2024	ipyrad	0.9.96
2024	ipyrad	0.9.97
2024	ipyrad	0.9.98
2024	ipyrad	0.9.99
2024	iqtree	2.3.0
2024	iqtree	2.3.3
2024	iqtree	2.3.4
2024	iqtree	2.3.5
2024	iqtree	2.3.6
2024	irescue	1.1.0
2024	irescue	1.1.1
2024	irescue	1.1.2
2024	irissv	1.0.5
2024	irma	1.1.4
2024	irma	1.2.0
2024	isa-rwval	0.10.10
2024	iseq	1.0.0
2024	iseq	1.1.0
2024	iseq	1.2.0
2024	iseq	1.3.0
2024	iseq	1.4.0
2024	iseq	1.5.0
2024	isonform	0.3.4
2024	isoquant	3.4.0
2024	isoquant	3.4.1
2024	isoquant	3.4.2
2024	isoquant	3.5.0
2024	isoquant	3.5.1
2024	isoquant	3.5.2
2024	isoquant	3.6.0
2024	isoquant	3.6.1
2024	isoquant	3.6.2
2024	isoseq	4.2.0
2024	isospecpy	2.2.2
2024	itol-config	0.1.0
2024	itolapi	4.1.3
2024	itolapi	4.1.4
2024	itolapi	4.1.5
2024	itsxpress	2.0.2
2024	itsxpress	2.1.0
2024	itsxpress	2.1.1
2024	itsxpress	2.1.2
2024	itsxpress	2.1.3
2024	ivar	1.4.3
2024	jaeger-bio	1.1.26
2024	jaeger-bio	1.1.30
2024	jalview	2.11.3.3
2024	jalview	2.11.4.0
2024	jalview	2.11.4.1
2024	jarvis3	3.7
2024	jbrowse2	2.10.1
2024	jbrowse2	2.10.2
2024	jbrowse2	2.10.3
2024	jbrowse2	2.11.0
2024	jbrowse2	2.11.1
2024	jbrowse2	2.11.2
2024	jbrowse2	2.12.0
2024	jbrowse2	2.12.2
2024	jbrowse2	2.12.3
2024	jbrowse2	2.13.0
2024	jbrowse2	2.13.1
2024	jbrowse2	2.14.0
2024	jbrowse2	2.15.0
2024	jbrowse2	2.15.1
2024	jbrowse2	2.15.3
2024	jbrowse2	2.15.4
2024	jbrowse2	2.16.0
2024	jbrowse2	2.16.1
2024	jbrowse2	2.17.0
2024	jbrowse2	2.18.0
2024	jccirc	1.0.0
2024	jclusterfunk	0.0.25
2024	jcvi	1.4.10
2024	jcvi	1.4.11
2024	jcvi	1.4.15
2024	jcvi	1.4.16
2024	jcvi	1.4.9
2024	jms-metabolite-services	0.5.8
2024	jolytree	2.1
2024	jronn	7.1.0
2024	jupiterplot	1.1
2024	jvarkit	2024.04.20
2024	jvarkit	2024.08.01
2024	jvarkit	2024.08.25
2024	k8	1.0
2024	k8	1.1
2024	k8	1.2
2024	kaiju	1.10.1
2024	kalamari	5.2.1
2024	kalamari	5.3.2
2024	kalamari	5.3.3
2024	kalamari	5.4.0
2024	kalamari	5.4.1
2024	kalamari	5.5.0
2024	kalamari	5.6.0
2024	kalamari	5.6.1
2024	kalamari	5.6.2
2024	kalamari	5.6.3
2024	kalamari	5.7.0
2024	kalamari	5.7.1
2024	kalamari	5.7.2
2024	kallisto	0.51.0
2024	kallisto	0.51.1
2024	kaptive	3.0.0b1
2024	kaptive	3.0.0b4
2024	kaptive	3.0.0b5
2024	kaptive	3.0.0b6
2024	kb-python	0.28.1
2024	kb-python	0.28.2
2024	kb-python	0.29.1
2024	kegalign-full	0.1.2.7
2024	kegg-pathways-completeness	1.0.2
2024	kegg-pathways-completeness	1.0.3
2024	kegg-pathways-completeness	1.0.4
2024	kegg-pathways-completeness	1.0.5
2024	keggcharter	1.1.0
2024	keggcharter	1.1.1
2024	keggcharter	1.1.2
2024	kestrel	1.0.3
2024	khipu-metabolomics	2.0.1
2024	khipu-metabolomics	2.0.2
2024	kin	3.1.4
2024	kinex	1.1.0
2024	kinex	1.2.0
2024	kingfisher	0.4.1
2024	kinship-read	2.1.0
2024	kinship-read	2.1.1
2024	kissplice	2.6.5
2024	kitsune	1.3.5
2024	kleborate	3.0.5
2024	kleborate	3.0.6
2024	kleborate	3.0.8
2024	kleborate	3.0.9
2024	kleborate	3.1.0
2024	kleborate	3.1.2
2024	kma	1.4.14
2024	kma	1.4.15
2024	kmc	3.2.4
2024	kmer-db	2.2.2
2024	kmer-db	2.2.5
2024	kmer-jellyfish	2.3.1
2024	kmercamel	1.0.2
2024	kmertools	0.1.0
2024	kmertools	0.1.2
2024	kmertools	0.1.3
2024	kmertools	0.1.4
2024	kmertools	0.1.5
2024	knotinframe	2.3.0
2024	knotinframe	2.3.1
2024	knotinframe	2.3.2
2024	konezumiaid	0.2.2
2024	konezumiaid	0.3.0
2024	konezumiaid	0.3.1
2024	konezumiaid	0.3.5
2024	konezumiaid	0.3.6.1
2024	koverage	0.1.10
2024	koverage	0.1.11
2024	koverage	0.1.8
2024	koverage	0.1.9
2024	kpop	1.1.1
2024	kseqpp	1.1.2
2024	lamassemble	1.7.1
2024	lamassemble	1.7.2
2024	lambda	3.1.0
2024	lamps	1.0.3
2024	last	1526
2024	last	1540
2024	last	1541
2024	last	1542
2024	last	1544
2024	last	1548
2024	last	1550
2024	last	1565
2024	last	1571
2024	last	1574
2024	last	1584
2024	last	1595
2024	last	1607
2024	lastz	1.04.41
2024	learnmsa	1.3.4
2024	learnmsa	2.0.1
2024	lemur	1.0.0
2024	lemur	1.0.1
2024	leviosam2	0.5.0
2024	lexicmap	0.4.0
2024	lexicmap	0.5.0
2024	liana	1.4.0
2024	lib-pod5	0.3.15
2024	libcifpp	7.0.3
2024	libcifpp	7.0.4
2024	libcifpp	7.0.5
2024	libcifpp	7.0.6
2024	libcifpp	7.0.7
2024	libcifpp	7.0.8
2024	libgff	2.0.0
2024	libmaus2	2.0.813
2024	libopenms	3.2.0
2024	libsbml	5.20.4
2024	liftover	1.1.18
2024	liftover	1.2.0
2024	liftover	1.2.1
2024	liftover	1.2.2
2024	liftover	1.3.0
2024	liftover	1.3.1
2024	liftover	1.3.2
2024	lighter	1.1.3
2024	lima	2.12.0
2024	linearfold	1.0.1.dev20220829
2024	linearpartition	1.0.1.dev20240123
2024	liqa	1.3.4
2024	localhgt	1.0.1
2024	locarna	2.0.1
2024	locidex	0.1.1
2024	locidex	0.1.2
2024	locityper	0.13.4
2024	locityper	0.14.4
2024	locityper	0.14.5
2024	locityper	0.15.0
2024	locityper	0.15.1
2024	locityper	0.15.2
2024	locityper	0.15.3
2024	locityper	0.16.0
2024	locityper	0.16.10
2024	locityper	0.16.11
2024	locityper	0.16.12
2024	locityper	0.16.5
2024	locityper	0.16.6
2024	locityper	0.16.7
2024	locityper	0.16.8
2024	locityper	0.16.9
2024	locityper	0.17.3
2024	locityper	0.17.4
2024	locityper	0.17.5
2024	lodei	1.0.0
2024	lollipop	0.4.0
2024	lollipop	0.4.1
2024	lollipop	0.5.0
2024	lollipop	0.5.1
2024	longcallr_nn	0.0.1
2024	longphase	1.7.3
2024	longshot	1.0.0
2024	lotus2	2.32
2024	lotus2	2.34
2024	lotus2	2.34.1
2024	lrge	0.1.1
2024	lrge	0.1.2
2024	lrge	0.1.3
2024	lrzip	0.651
2024	lsabgc	1.0.0
2024	lsabgc	1.0.3
2024	lsabgc	1.0.4
2024	lsabgc	1.0.5
2024	lsabgc	1.0.6
2024	lsabgc	1.0.7
2024	lsabgc	1.0.9
2024	lsabgc	1.1.0
2024	lsabgc	1.1.1
2024	lsabgc	1.1.2
2024	ltr_finder_parallel	1.1
2024	ltr_harvest_parallel	1.1
2024	ltr_retriever	2.9.8
2024	ltr_retriever	2.9.9
2024	ltr_retriever	3.0.0
2024	ltr_retriever	3.0.1
2024	lusstr	0.10
2024	lusstr	0.9
2024	lz-ani	1.2.0
2024	lz-ani	1.2.3
2024	maaslin2	1.16.0
2024	macrel	1.4.0
2024	macrel	1.5.0
2024	macs3	3.0.1
2024	macs3	3.0.2
2024	macsyfinder	2.1.4
2024	maegatk	0.2.0
2024	mafft	7.525
2024	magic-impute	3.0.0
2024	magus-msa	0.1.3
2024	magus-msa	0.2.0
2024	malt	0.62
2024	mapad	0.43.0
2024	mappy	2.27
2024	mappy	2.28
2024	mapseq	2.1.1a
2024	mapseq	2.1.1b
2024	marti	0.9.16
2024	marti	0.9.18
2024	mashmap	3.1.3
2024	mashpit	0.9.10
2024	mashpit	0.9.6
2024	mashpit	0.9.7
2024	mashpit	0.9.8
2024	mashpit	0.9.9
2024	mass2chem	0.5.0
2024	massdash	0.0.5
2024	massdash	0.0.6
2024	massdash	0.0.8
2024	massdash	0.0.9
2024	massdash	0.1.0
2024	masurca	4.1.1
2024	masurca	4.1.2
2024	matchms	0.24.1
2024	matchms	0.24.2
2024	matchms	0.24.3
2024	matchms	0.24.4
2024	matchms	0.25.0
2024	matchms	0.26.1
2024	matchms	0.26.2
2024	matchms	0.26.3
2024	matchms	0.26.4
2024	matchms	0.27.0
2024	matchms	0.28.1
2024	matchms	0.28.2
2024	matchtigs	2.1.7
2024	maxit	11.200
2024	mcscanx	0.1
2024	mcscanx	1.0.0
2024	medaka	2.0.0
2024	medaka	2.0.1
2024	medicc2	1.0.4
2024	medicc2	1.1.1
2024	medicc2	1.1.2
2024	megan	6.25.9
2024	mehari	0.21.2
2024	mehari	0.22.0
2024	mehari	0.23.0
2024	mehari	0.23.1
2024	mehari	0.23.2
2024	mehari	0.24.1
2024	mehari	0.24.2
2024	mehari	0.25.0
2024	mehari	0.25.2
2024	mehari	0.25.3
2024	mehari	0.25.4
2024	mehari	0.25.5
2024	mehari	0.26.0
2024	mehari	0.26.1
2024	mehari	0.27.0
2024	mehari	0.28.0
2024	mehari	0.28.1
2024	melon	0.1.3
2024	melon	0.1.4
2024	melon	0.1.5
2024	melon	0.1.6
2024	melon	0.2.0
2024	melon	0.2.1
2024	melon	0.2.2
2024	melon	0.2.3
2024	melon	0.2.4
2024	melon	0.2.5
2024	meme	5.5.5
2024	meme	5.5.6
2024	meme	5.5.7
2024	memote	0.17.0
2024	mercat2	1.4.0
2024	mercat2	1.4.1
2024	merge-gbk-records	0.2.0
2024	merquryfk	1.1.0
2024	merquryfk	1.1.1
2024	mess	0.10.0
2024	mess	0.8.0
2024	mess	0.8.2
2024	mess	0.8.3
2024	mess	0.9.0
2024	meta-neuro	1.0.0
2024	meta_eukaryome_detect	0.1.1
2024	metabat2	2.17
2024	metabolabpy	0.9.41
2024	metabolabpy	0.9.42
2024	metabolabpy	0.9.43
2024	metabolabpy	0.9.44
2024	metabolabpy	0.9.45
2024	metabolabpy	0.9.46
2024	metabolabpy	0.9.47
2024	metabolabpy	0.9.48
2024	metabolabpy	0.9.50
2024	metabolabpy	0.9.51
2024	metabolabpy	0.9.53
2024	metabolabpy	0.9.59
2024	metabolabpy	0.9.61
2024	metabolabpy	0.9.62
2024	metabolabpy	0.9.63
2024	metabolabpy	0.9.64
2024	metabolabpy	0.9.65
2024	metabolights-utils	1.1.0
2024	metabolights-utils	1.1.1
2024	metabolights-utils	1.1.10
2024	metabolights-utils	1.1.11
2024	metabolights-utils	1.1.12
2024	metabolights-utils	1.1.2
2024	metabolights-utils	1.1.3
2024	metabolights-utils	1.1.5
2024	metabolights-utils	1.1.6
2024	metabolights-utils	1.1.7
2024	metabolights-utils	1.1.8
2024	metabolights-utils	1.1.9
2024	metabolights-utils	1.2.0
2024	metabolights-utils	1.2.1
2024	metabolights-utils	1.2.2
2024	metabolights-utils	1.3.1
2024	metabolights-utils	1.3.10
2024	metabolights-utils	1.3.3
2024	metabolights-utils	1.3.4
2024	metabolights-utils	1.3.5
2024	metabolights-utils	1.3.6
2024	metabolights-utils	1.3.7
2024	metabolights-utils	1.3.8
2024	metabolights-utils	1.3.9
2024	metabuli	1.0.3
2024	metabuli	1.0.5
2024	metabuli	1.0.8
2024	metacache	2.3.2
2024	metacache	2.4.0
2024	metacache	2.4.2
2024	metacache	2.4.3
2024	metacerberus-lite	1.3.1
2024	metacerberus-lite	1.3.2
2024	metacerberus-lite	1.4.0
2024	metacerberus	1.2
2024	metacerberus	1.2.1
2024	metacerberus	1.3.0
2024	metacerberus	1.3.1
2024	metacerberus	1.4.0
2024	metacoag	1.2.0
2024	metacoag	1.2.1
2024	metacoag	1.2.2
2024	metaeuk	7.bba0d80
2024	metagenome-atlas	2.18.2
2024	metagenome-atlas	2.19.0
2024	metamaps	0.1.633d2e0
2024	metamate	0.4.3
2024	metamdbg	1.0
2024	metamdbg	1.1
2024	metaphlan	4.1.0
2024	metaphlan	4.1.1
2024	metaphor	1.7.10
2024	metaphor	1.7.11
2024	metaphor	1.7.12
2024	metaphor	1.7.13
2024	metaphor	1.7.14
2024	metav	1.0.4
2024	metav	1.0.5
2024	metav	1.0.6
2024	metdatamodel	0.5.5
2024	metdatamodel	0.6.0
2024	meteor	2.0.11
2024	meteor	2.0.13
2024	meteor	2.0.14
2024	meteor	2.0.16
2024	meteor	2.0.17
2024	meteor	2.0.9
2024	methbat	0.13.0
2024	methbat	0.13.1
2024	methbat	0.13.2
2024	methbat	0.13.3
2024	methplotlib	0.21.2
2024	methylartist	1.3.0
2024	methylartist	1.3.1
2024	methylmap	0.5.1
2024	methylmap	0.5.2
2024	methylmap	0.5.3
2024	methylmap	0.5.4
2024	methylmap	0.5.5
2024	methylmap	0.5.6
2024	mg-toolkit	0.10.4
2024	mgatk	0.7.0
2024	mgems	1.3.2
2024	mgems	1.3.3
2024	mgikit	0.1.5
2024	mgikit	0.1.6
2024	mgikit	0.1.7
2024	mgnify-pipelines-toolkit	0.0.9
2024	mgnify-pipelines-toolkit	0.1.0
2024	mgnify-pipelines-toolkit	0.1.1
2024	mgnify-pipelines-toolkit	0.1.2
2024	mgnify-pipelines-toolkit	0.1.3
2024	mgnify-pipelines-toolkit	0.1.4
2024	mgnify-pipelines-toolkit	0.1.5
2024	mgnify-pipelines-toolkit	0.1.6
2024	mgnify-pipelines-toolkit	0.1.7
2024	mgnify-pipelines-toolkit	0.1.8
2024	mhcflurry	2.1.1
2024	mhcflurry	2.1.2
2024	mhcflurry	2.1.4
2024	micom	0.33.1
2024	micom	0.33.2
2024	micom	0.34.1
2024	micom	0.35.0
2024	micom	0.36.0
2024	micom	0.36.1
2024	micom	0.36.2
2024	micom	0.36.3
2024	micom	0.36.4
2024	micom	0.37.0
2024	microhapulator	0.8
2024	microhapulator	0.8.1
2024	microhapulator	0.8.2
2024	microhapulator	0.8.3
2024	microhapulator	0.8.4
2024	microview	0.10.1
2024	microview	0.11.0
2024	midsv	0.11.0
2024	midsv	0.11.1
2024	mikrokondo-tools	0.0.1rc0
2024	mimeo	1.1.2
2024	mimsi	0.4.5
2024	mini3di	0.2.1
2024	minigraph	0.21
2024	minimac4	4.1.6
2024	minimap2	2.27
2024	minimap2	2.28
2024	minimizers	0.1.2
2024	miniprot-boundary-scorer	1.0.0
2024	miniprot	0.13
2024	mintie	0.4.3
2024	minute	0.10.0
2024	minute	0.10.1
2024	minute	0.6.0
2024	minute	0.8.0
2024	minute	0.9.0
2024	mira-multiome	2.1.1
2024	mirmachine	0.2.13
2024	mirscore	0.3.0
2024	mirscore	0.3.1
2024	mirscore	0.3.2
2024	mirtop	0.4.27
2024	mirtop	0.4.28
2024	mitgard	1.1
2024	mitos	1.1.4
2024	mitos	1.1.5
2024	mitos	1.1.6
2024	mitos	1.1.7
2024	mitos	2.1.6
2024	mitos	2.1.7
2024	mitos	2.1.8
2024	mitos	2.1.9
2024	mkdesigner	0.3.4
2024	mkdesigner	0.4.1
2024	mkdesigner	0.4.2
2024	mkdesigner	0.4.3
2024	mkdesigner	0.4.4
2024	mkdesigner	0.5.1
2024	mm2plus	1.0
2024	mmft	0.2.1
2024	mmlong2-lite	1.1.0
2024	mmlong2	1.1.0
2024	mmseqs2-server	8.c4b9644
2024	mmseqs2	16.747c6
2024	mob_suite	3.1.9
2024	mofapy2	0.7.1
2024	mofapy2	0.7.2
2024	moni	0.2.2
2024	monopogen	1.1.0
2024	monopogen	1.5.0
2024	monopogen	1.6.0
2024	monsda	1.2.4
2024	monsda	1.2.6
2024	monsda	1.2.7
2024	monsda	1.2.8
2024	moods	1.9.4.2
2024	morpheus	288
2024	morpheus	290
2024	mosca	2.2.0
2024	mosca	2.2.1
2024	mosca	2.3.0
2024	mosdepth	0.3.10
2024	mosdepth	0.3.7
2024	mosdepth	0.3.8
2024	mpra-data-access-portal	0.1.9
2024	mquad	0.1.8b
2024	ms-entropy	1.1.3
2024	ms-entropy	1.2.0
2024	ms-entropy	1.3.3
2024	ms-entropy	1.3.4
2024	ms2deepscore	1.0.0
2024	ms2deepscore	2.0.0
2024	ms2deepscore	2.1.0
2024	ms2deepscore	2.2.0
2024	ms2deepscore	2.3.0
2024	ms2deepscore	2.4.0
2024	ms2deepscore	2.5.0
2024	ms2pip	4.0.0
2024	ms2pip	4.0.0.dev8
2024	ms2query	1.5.0
2024	ms2query	1.5.1
2024	ms2query	1.5.2
2024	ms2query	1.5.3
2024	ms2rescore-rs	0.1.0
2024	ms2rescore-rs	0.2.0
2024	ms2rescore	3.0.1
2024	ms2rescore	3.0.2
2024	ms2rescore	3.0.3
2024	msa4u	0.4.0
2024	msfragger	4.0
2024	msgf_plus	2024.03.26
2024	msisensor-pro	1.2.2
2024	msisensor-pro	1.3.0
2024	msisensor-rna	0.1.6
2024	msisensor-rna	0.1.6a
2024	msmetaenhancer	0.4.0
2024	msstitch	3.16
2024	msweep	2.1.0
2024	msweep	2.1.1
2024	msweep	2.1.2
2024	msweep	2.2.0
2024	msweep	2.2.1
2024	mtgrasp	1.1.3
2024	mtgrasp	1.1.4
2024	mtgrasp	1.1.5
2024	mtgrasp	1.1.6
2024	mtgrasp	1.1.8
2024	mtnucratio	0.7.1
2024	multiqc	1.20
2024	multiqc	1.21
2024	multiqc	1.22
2024	multiqc	1.22.1
2024	multiqc	1.22.2
2024	multiqc	1.22.3
2024	multiqc	1.23
2024	multiqc	1.24
2024	multiqc	1.24.1
2024	multiqc	1.25
2024	multiqc	1.25.1
2024	multiqc	1.25.2
2024	multiqc	1.26
2024	multirnafold	2.1
2024	multixrank	0.3
2024	muscle	5.1.0
2024	muscle	5.2
2024	muscle	5.3
2024	muse	2.1.2
2024	mustang	3.2.4
2024	mutamr	0.0.1
2024	mutmap	2.3.5
2024	mutmap	2.3.6
2024	mutmap	2.3.8
2024	mutyper	1.0.2
2024	mview	1.68
2024	mvip	1.0.0
2024	mvip	1.1.0
2024	mvip	1.1.1
2024	mvip	1.1.2
2024	mvip	1.1.3
2024	mvip	1.1.4
2024	mvip	1.1.5
2024	mycotools	0.31.34
2024	mycotools	0.31.35
2024	mycotools	0.31.36
2024	mycotools	0.31.37
2024	mycotools	0.31.38
2024	mycotools	0.31.39
2024	mycotools	0.31.40
2024	mycotools	0.31.41
2024	mycotools	0.31.42
2024	mycotools	0.31.43
2024	mycotools	0.31.44
2024	mycotools	0.31.45
2024	mycotools	0.31.46
2024	mycotools	0.31.48
2024	mycotools	0.32.1
2024	mycotools	0.32.10
2024	mycotools	0.32.11
2024	mycotools	0.32.2
2024	mycotools	0.32.3
2024	mycotools	0.32.4
2024	mycotools	0.32.5
2024	mycotools	0.32.6
2024	mycotools	0.32.7
2024	mycotools	0.32.9
2024	mzpaf	0.2.0a0
2024	mzpaf	0.2.0b0
2024	mzspeclib	1.0.1
2024	naibr-plus	0.5.3
2024	nanocaller	3.5.0
2024	nanocaller	3.6.0
2024	nanocomp	1.24.2
2024	nanocount	1.0.0.post6
2024	nanoinsight	0.0.3
2024	nanomath	1.4.0
2024	nanometa-live	0.4.2
2024	nanometa-live	0.4.3
2024	nanomonsv	0.7.2
2024	nanomotif	0.1.13
2024	nanomotif	0.1.14
2024	nanomotif	0.1.15
2024	nanomotif	0.1.17
2024	nanomotif	0.1.18
2024	nanomotif	0.1.19
2024	nanomotif	0.1.20
2024	nanomotif	0.1.7
2024	nanomotif	0.4.10
2024	nanomotif	0.4.11
2024	nanomotif	0.4.12
2024	nanomotif	0.4.13
2024	nanomotif	0.4.14
2024	nanomotif	0.4.15
2024	nanomotif	0.4.16
2024	nanomotif	0.4.17
2024	nanomotif	0.4.3
2024	nanomotif	0.4.4
2024	nanomotif	0.4.5
2024	nanomotif	0.4.6
2024	nanomotif	0.4.7
2024	nanomotif	0.4.8
2024	nanomotif	0.4.9
2024	nanomotif	0.5.0
2024	nanopack	1.1.1
2024	nanoplot	1.43.0
2024	nanoqc	0.10.0
2024	nanosim	3.2.0
2024	nanosim	3.2.1
2024	nanosim	3.2.2
2024	nanovar	1.5.1
2024	nanovar	1.8.0
2024	nanovar	1.8.1
2024	narfmap	1.4.2
2024	ncbi-amrfinderplus	3.12.8
2024	ncbi-amrfinderplus	4.0.3
2024	ncbi-datasets-pylib	16.1.1
2024	ncbi-datasets-pylib	16.1.2
2024	ncbi-datasets-pylib	16.2.0
2024	ncbi-datasets-pylib	16.3.0
2024	ncbi-datasets-pylib	16.4.3
2024	ncbi-datasets-pylib	16.4.4
2024	ncbi-datasets-pylib	16.4.5
2024	ncbi-datasets-pylib	16.4.7
2024	ncbi-datasets-pylib	16.4.8
2024	ncbi-datasets-pylib	16.4.9
2024	ncbi-datasets-pylib	16.5.0
2024	ncbi-datasets-pylib	16.6.0
2024	ncbi-datasets-pylib	16.6.1
2024	ncbi-fcs-gx	0.5.4
2024	ncbi-stxtyper	1.0.24
2024	ncbi-stxtyper	1.0.25
2024	ncbi-stxtyper	1.0.27
2024	ncbi-vdb-py	3.1.0
2024	ncbi-vdb-py	3.1.1
2024	ncbi-vdb	3.1.0
2024	ncbi-vdb	3.1.1
2024	nda-tools	0.2.27
2024	nda-tools	0.3.0
2024	ndex2	3.7.0
2024	ndex2	3.8.0
2024	ndex2	3.9.0
2024	neat	4.0
2024	neat	4.1.1
2024	neat	4.1.2
2024	neat	4.2.1
2024	neat	4.2.2
2024	neat	4.2.3
2024	neat	4.2.4
2024	neat	4.2.5
2024	neat	4.2.6
2024	neat	4.2.7
2024	nedbit-features-calculator	1.2
2024	needletail	0.6.1
2024	neodisambiguate	1.0.0
2024	neodisambiguate	1.1.0
2024	neofox	1.1.0
2024	neofox	1.2.2
2024	neptune-signature	2.0.0
2024	nextclade	3.0.0
2024	nextclade	3.0.1
2024	nextclade	3.1.0
2024	nextclade	3.2.0
2024	nextclade	3.2.1
2024	nextclade	3.3.0
2024	nextclade	3.3.1
2024	nextclade	3.4.0
2024	nextclade	3.5.0
2024	nextclade	3.6.0
2024	nextclade	3.7.0
2024	nextclade	3.7.1
2024	nextclade	3.7.3
2024	nextclade	3.7.4
2024	nextclade	3.8.0
2024	nextclade	3.8.1
2024	nextclade	3.8.2
2024	nextclade	3.9.0
2024	nextclade	3.9.1
2024	nextflow	23.10.1
2024	nextflow	24.04.1
2024	nextflow	24.04.2
2024	nextflow	24.04.3
2024	nextflow	24.04.4
2024	nextflow	24.10.0
2024	nextflow	24.10.1
2024	nextflow	24.10.2
2024	nextflow	24.10.3
2024	nextpolish2	0.2.1
2024	nextstrain-cli	8.0.0
2024	nextstrain-cli	8.0.1
2024	nextstrain-cli	8.2.0
2024	nextstrain-cli	8.5.0
2024	nextstrain-cli	8.5.1
2024	nextstrain-cli	8.5.2
2024	nextstrain-cli	8.5.3
2024	nextstrain-cli	8.5.4
2024	nf-core	2.12
2024	nf-core	2.12.1
2024	nf-core	2.13
2024	nf-core	2.13.1
2024	nf-core	2.14.1
2024	nf-core	3.0.0
2024	nf-core	3.0.1
2024	nf-core	3.0.2
2024	nf-test	0.8.3
2024	nf-test	0.8.4
2024	nf-test	0.9.0
2024	nf-test	0.9.1
2024	nf-test	0.9.2
2024	ngs-bits	2024_02
2024	ngs-bits	2024_06
2024	ngs-bits	2024_07
2024	ngs-bits	2024_08
2024	ngs-bits	2024_11
2024	ngs-chew	0.9.2
2024	ngs-chew	0.9.4
2024	ngs-smap	5.0.1
2024	ngs-tools	1.8.6
2024	ngsderive	4.0.0
2024	niemagraphgen	1.0.6
2024	ninja-nj	1.00
2024	nohuman	0.1.1
2024	nohuman	0.2.0
2024	nohuman	0.2.1
2024	nohuman	0.3.0
2024	nonpareil	3.5.1
2024	nonpareil	3.5.2
2024	nonpareil	3.5.3
2024	nonpareil	3.5.4
2024	nonpareil	3.5.5
2024	nordic	2.5.0
2024	notramp	1.1.6
2024	notramp	1.1.7
2024	novae	0.2.2
2024	novoplasty	4.3.5
2024	npstructures	0.2.16
2024	npstructures	0.2.17
2024	npstructures	0.2.18
2024	npstructures	0.2.19
2024	ntedit	2.0.0
2024	ntedit	2.0.1
2024	ntedit	2.0.2
2024	ntedit	2.0.3
2024	ntedit	2.1.0
2024	ntedit	2.1.1
2024	nthits	1.0.3
2024	ntjoin	1.1.4
2024	ntjoin	1.1.5
2024	ntlink	1.3.10
2024	ntlink	1.3.11
2024	ntm-profiler	0.4.0
2024	ntm-profiler	0.5.0
2024	ntroot	1.0.0
2024	ntroot	1.0.1
2024	ntroot	1.1.0
2024	ntroot	1.1.1
2024	ntroot	1.1.2
2024	ntroot	1.1.3
2024	ntroot	1.1.4
2024	ntroot	1.1.5
2024	ntroot	1.1.6
2024	ntsm	1.2.0
2024	ntsm	1.2.1
2024	ntstat	1.0.0
2024	ntstat	1.0.1
2024	ntsynt	1.0.0
2024	ntsynt	1.0.1
2024	ntsynt	1.0.2
2024	oakvar	2.10.1
2024	oakvar	2.10.2
2024	oakvar	2.10.3
2024	oakvar	2.10.4
2024	oakvar	2.11.0
2024	oakvar	2.11.1
2024	oakvar	2.11.10
2024	oakvar	2.11.11
2024	oakvar	2.11.14
2024	oakvar	2.11.2
2024	oakvar	2.11.21
2024	oakvar	2.11.24
2024	oakvar	2.11.25
2024	oakvar	2.11.26
2024	oakvar	2.11.3
2024	oakvar	2.11.4
2024	oakvar	2.11.5
2024	oakvar	2.11.8
2024	oakvar	2.11.9
2024	oakvar	2.12.2
2024	oakvar	2.12.3
2024	oakvar	2.12.4
2024	oakvar	2.12.5
2024	oakvar	2.12.6
2024	oakvar	2.9.106
2024	oakvar	2.9.109
2024	oakvar	2.9.110
2024	oakvar	2.9.111
2024	oakvar	2.9.112
2024	oakvar	2.9.114
2024	oakvar	2.9.116
2024	oakvar	2.9.119
2024	oakvar	2.9.122
2024	oakvar	2.9.123
2024	oakvar	2.9.127
2024	oakvar	2.9.128
2024	oakvar	2.9.85
2024	oakvar	2.9.87
2024	oakvar	2.9.88
2024	oakvar	2.9.89
2024	oakvar	2.9.90
2024	oakvar	2.9.91
2024	oakvar	2.9.92
2024	oakvar	2.9.93
2024	oakvar	2.9.94
2024	oakvar	2.9.95
2024	oakvar	2.9.96
2024	oakvar	2.9.97
2024	oarfish	0.2.0
2024	oarfish	0.3.0
2024	oarfish	0.3.1
2024	oarfish	0.4.0
2024	oarfish	0.5.0
2024	oarfish	0.5.1
2024	oarfish	0.6.1
2024	oarfish	0.6.2
2024	oarfish	0.6.3
2024	oarfish	0.6.4
2024	oarfish	0.6.5
2024	obonet	1.1.0
2024	occultercut	1.1
2024	odgi	0.8.4
2024	odgi	0.8.5
2024	odgi	0.8.6
2024	odgi	0.9.0
2024	olivar	1.1.4
2024	olivar	1.1.5
2024	olivar	1.2.0
2024	olivar	1.2.1
2024	omamer	2.0.3
2024	omamer	2.0.4
2024	omamer	2.0.5
2024	omamer	2.1.0
2024	oncopipe	1.0.12
2024	ont-fast5-api	4.1.3
2024	ont-modkit	0.2.5
2024	ont-modkit	0.2.6
2024	ont-modkit	0.2.7
2024	ont-modkit	0.3.0
2024	ont-modkit	0.3.1
2024	ont-modkit	0.3.2
2024	ont-modkit	0.3.3
2024	ont-modkit	0.4.0
2024	ont-modkit	0.4.1
2024	ontime	0.3.0
2024	ontime	0.3.1
2024	open-cravat	2.11.0
2024	open-cravat	2.11.1
2024	open-cravat	2.5.0
2024	open-cravat	2.6.0
2024	open-cravat	2.6.1
2024	open-cravat	2.7.1
2024	open-cravat	2.7.2
2024	open-cravat	2.7.3
2024	open-cravat	2.8.0
2024	open-cravat	2.9.0
2024	open-cravat	2.9.1
2024	openms-thirdparty	3.2.0
2024	openms	3.2.0
2024	opticlust	0.3.0
2024	opticlust	0.4.0
2024	opticlust	0.4.1
2024	optilcms	1.1.0
2024	orfanage	1.2.0
2024	orientationpy	0.2.0.4
2024	orsum	1.7.0
2024	orthanq	1.1.0
2024	orthanq	1.2.0
2024	orthanq	1.3.0
2024	orthanq	1.3.2
2024	orthanq	1.4.0
2024	orthanq	1.5.0
2024	orthanq	1.6.0
2024	orthanq	1.7.0
2024	orthanq	1.7.1
2024	orthanq	1.7.2
2024	orthanq	1.7.4
2024	orthanq	1.7.5
2024	orthanq	1.7.6
2024	orthanq	1.7.7
2024	orthanq	1.7.8
2024	orthanq	1.7.9
2024	orthodb	0.9.0
2024	orthodb	0.9.1
2024	orthofinder	3.0.1b1
2024	orthofisher	1.1.1
2024	orthoflow	0.3.1
2024	orthoflow	0.3.4
2024	orthologer	3.3.1
2024	orthologer	3.3.2
2024	orthologer	3.4.0
2024	orthologer	3.4.1
2024	orthologer	3.4.2
2024	orthologer	3.5.0
2024	ostir	1.1.2
2024	pacu_snp	0.0.3
2024	pacu_snp	0.0.4
2024	pacu_snp	0.0.5
2024	pacu_snp	0.0.6
2024	paf2chain	0.1.1
2024	pairix	0.3.8
2024	pairtools	1.1.0
2024	pairtools	1.1.2
2024	palantir	1.3.3
2024	palantir	1.3.4
2024	palantir	1.3.6
2024	palikiss	1.1.0
2024	panacus	0.2.4
2024	panacus	0.2.5
2024	panaroo	1.4.0
2024	panaroo	1.4.1
2024	panaroo	1.4.2
2024	panaroo	1.5.0
2024	panaroo	1.5.1
2024	panfeed	1.6.0
2024	panfeed	1.6.1
2024	panfeed	1.6.2
2024	panfeed	1.7.0
2024	pango-collapse	0.8.2
2024	pango-designation	1.24
2024	pango-designation	1.25
2024	pango-designation	1.26
2024	pango-designation	1.27
2024	pango-designation	1.28
2024	pango-designation	1.29
2024	pango-designation	1.30
2024	pango-designation	1.31
2024	pangolin-data	1.24
2024	pangolin-data	1.25
2024	pangolin-data	1.25.1
2024	pangolin-data	1.26
2024	pangolin-data	1.27
2024	pangolin-data	1.28
2024	pangolin-data	1.28.1
2024	pangolin-data	1.29
2024	pangolin-data	1.30
2024	pangolin-data	1.31
2024	pangolin	4.3.1
2024	pangu	0.2.4
2024	pangu	0.2.5
2024	pangu	0.2.6
2024	pangu	0.2.7
2024	pangu	0.2.8
2024	pangwes	0.2.0_alpha
2024	pangwes	0.3.0_alpha
2024	panisa	0.1.7
2024	panta	1.0.1
2024	pantax	1.0.2
2024	pantools	4.3.2
2024	paragone	1.1.0
2024	paragone	1.1.1
2024	paragone	1.1.2
2024	paragone	1.1.3
2024	paraphase	3.1.0
2024	paraphase	3.1.1
2024	parascopy	1.15.0
2024	parascopy	1.15.1
2024	parascopy	1.16.0
2024	parascopy	1.16.2
2024	parascopy	1.16.3
2024	parascopy	1.17.0
2024	parascopy	1.17.1
2024	parebrick	0.5.7
2024	parm	0.0.2
2024	parm	0.0.3
2024	parm	0.0.4
2024	parm	0.0.5
2024	parm	0.0.6
2024	parm	0.0.7
2024	parnas	0.1.6
2024	parsnp	2.0.2
2024	parsnp	2.0.3
2024	parsnp	2.0.4
2024	parsnp	2.0.5
2024	parsnp	2.0.6
2024	parsnp	2.1.1
2024	pass	0.3.1
2024	pasta	1.9.2
2024	pastml	1.9.43
2024	pastml	1.9.45
2024	pastml	1.9.46
2024	pastml	1.9.48
2024	pastml	1.9.49
2024	pasty	2.0.0
2024	pasty	2.0.2
2024	pasty	2.1.0
2024	pasty	2.2.0
2024	pasty	2.2.1
2024	patchify	0.2.3
2024	pathogen-embed	2.0.0
2024	pathogen-embed	2.1.0
2024	pathogen-embed	2.2.0
2024	pathogen-embed	2.2.1
2024	pathogen-embed	2.3.0
2024	pathogen-embed	3.0.0
2024	pathogen-embed	3.1.0
2024	pathogen-profiler	4.0.0
2024	pathogen-profiler	4.1.0
2024	pathogen-profiler	4.2.0
2024	pathogen-profiler	4.3.0
2024	pathogen-profiler	4.4.0
2024	pathogen-profiler	4.5.0
2024	pathogen-profiler	4.5.1
2024	pathogen-profiler	4.6.0
2024	pathphynder	1.2.0
2024	pathphynder	1.2.1
2024	pathphynder	1.2.2
2024	pathphynder	1.2.3
2024	pbaa	1.1.0
2024	pbfusion	0.4.1
2024	pbfusion	0.5.1
2024	pbjasmine	2.4.0
2024	pbmarkdup	1.1.0
2024	pbmm2	1.14.99
2024	pbmm2	1.16.0
2024	pbmm2	1.16.99
2024	pbpigeon	1.3.0
2024	pbptyper	2.0.0
2024	pbsim3	3.0.2
2024	pbsim3	3.0.4
2024	pbskera	1.3.0
2024	pbstarphase	0.10.0
2024	pbstarphase	0.10.1
2024	pbstarphase	0.10.2
2024	pbstarphase	0.11.0
2024	pbstarphase	0.11.1
2024	pbstarphase	0.11.2
2024	pbstarphase	0.11.3
2024	pbstarphase	0.12.0
2024	pbstarphase	0.13.0
2024	pbstarphase	0.13.1
2024	pbstarphase	0.13.2
2024	pbstarphase	0.13.3
2024	pbstarphase	0.14.0
2024	pbstarphase	0.14.1
2024	pbstarphase	0.14.2
2024	pbstarphase	0.8.0
2024	pbstarphase	0.8.1
2024	pbstarphase	0.8.2
2024	pbstarphase	0.9.0
2024	pbstarphase	0.9.1
2024	pbstarphase	1.0.0
2024	pbsv	2.10.0
2024	pbtk	3.4.0
2024	pcaone	0.4.2
2024	pcaone	0.4.3
2024	pcaone	0.4.4
2024	pcaone	0.4.5
2024	pcaone	0.4.6
2024	pcaone	0.4.7
2024	pcaone	0.4.8
2024	pcst-fast	1.0.10
2024	pdb2fasta	1.0
2024	pdbx	1.0.0
2024	pdivas	1.2.0
2024	peaks2utr	1.2.2
2024	peaks2utr	1.2.3
2024	peaks2utr	1.2.4
2024	peaks2utr	1.2.5
2024	peaks2utr	1.2.6
2024	peaks2utr	1.3.0
2024	peaks2utr	1.3.2
2024	peaks2utr	1.3.3
2024	peaks2utr	1.4.0
2024	peer	1.3
2024	pegas	0.2.13
2024	pegas	1.0.1
2024	pegasusio	0.9.0
2024	pegasusio	0.9.1
2024	pegasuspy	1.10.0
2024	pegasuspy	1.9.0
2024	pegasuspy	1.9.1.post1
2024	peka	1.0.1
2024	peka	1.0.2
2024	peptide-shaker	3.0.11
2024	peptide-shaker	3.0.6
2024	peptide-shaker	3.0.8
2024	peptides	0.3.4
2024	perbase	0.10.0
2024	perbase	0.10.1
2024	percolator	3.6.5
2024	percolator	3.7.1
2024	perl-bio-kmer	0.55
2024	perl-biox-seq	0.008009
2024	perl-class-methodmaker	2.25
2024	perl-convert-binary-c	0.85
2024	perl-datetime-locale	1.43
2024	perl-datetime-locale	1.44
2024	perl-dbd-pg	3.18.0
2024	perl-dbd-sqlite	1.76
2024	perl-dbm-deep	2.0019
2024	perl-devel-size	0.84
2024	perl-excel-writer-xlsx	1.13
2024	perl-excel-writer-xlsx	1.14
2024	perl-experimental	0.033
2024	perl-getopt-long	2.58
2024	perl-graph	0.9728
2024	perl-graph	0.9729
2024	perl-graph	0.9730
2024	perl-graph	0.9731
2024	perl-graph	0.9732
2024	perl-math-bigint	2.003002
2024	perl-math-bigint	2.003003
2024	perl-mce-shared	1.888
2024	perl-mce-shared	1.889
2024	perl-mce-shared	1.890
2024	perl-mce-shared	1.891
2024	perl-mce-shared	1.892
2024	perl-mce-shared	1.893
2024	perl-mce	1.891
2024	perl-mce	1.893
2024	perl-mce	1.894
2024	perl-mce	1.895
2024	perl-mce	1.896
2024	perl-mce	1.897
2024	perl-mce	1.898
2024	perl-mce	1.899
2024	perl-mce	1.900
2024	perl-minion	10.29
2024	perl-minion	10.30
2024	perl-minion	10.31
2024	perl-ms	0.207003
2024	perl-namespace-autoclean	0.31
2024	perl-ole-storage_lite	0.22
2024	perl-parallel-forkmanager	2.03
2024	perl-parallel-loops	0.12
2024	perl-specio	0.49
2024	perl-spreadsheet-parseexcel	0.66
2024	perl-string-diff	0.08
2024	perl-term-table	0.022
2024	perl-term-table	0.023
2024	perl-term-table	0.024
2024	perl-test-utf8	1.03
2024	perl-test2-suite	0.000163
2024	perl-uri-db	0.22
2024	perl-xml-libxslt	2.003000
2024	pgenlib	0.90.2
2024	pgenlib	0.91.0
2024	pggb	0.6.0
2024	pggb	0.7.0
2024	pggb	0.7.1
2024	pggb	0.7.2
2024	pgrc	2.0
2024	pgrc	2.0.1
2024	pgrc	2.0.2
2024	pgscatalog-utils	1.1.1
2024	pgscatalog-utils	1.1.2
2024	pgscatalog-utils	1.2.0
2024	pgscatalog-utils	1.3.0
2024	pgscatalog-utils	1.3.1
2024	pgscatalog-utils	1.4.0
2024	pgscatalog-utils	1.4.1
2024	pgscatalog-utils	1.4.2
2024	pgscatalog-utils	1.4.4
2024	pgscatalog.calc	0.2.1
2024	pgscatalog.calc	0.2.2
2024	pgscatalog.calc	0.3.0
2024	pgscatalog.core	0.2.1
2024	pgscatalog.core	0.2.2
2024	pgscatalog.core	0.3.1
2024	pgscatalog.core	0.3.2
2024	pgscatalog.core	0.3.3
2024	pgscatalog.match	0.2.1
2024	pgscatalog.match	0.2.2
2024	pgscatalog.match	0.2.3
2024	pgscatalog.match	0.3.0
2024	pgscatalog.match	0.3.1
2024	pgscatalog.match	0.3.2
2024	pgscatalog.match	0.3.3
2024	phables	1.3.0
2024	phables	1.3.1
2024	phables	1.3.2
2024	phables	1.3.3
2024	phables	1.4.0
2024	phables	1.4.1
2024	phabox	2.0.0
2024	phabox	2.1.0
2024	phabox	2.1.10
2024	phabox	2.1.4
2024	phabox	2.1.5
2024	phabox	2.1.6
2024	phabox	2.1.7
2024	phabox	2.1.8
2024	phabox	2.1.9
2024	phanotate	1.6.4
2024	phanotate	1.6.5
2024	phanotate	1.6.6
2024	phanotate	1.6.7
2024	pharokka	1.6.0
2024	pharokka	1.6.1
2024	pharokka	1.7.0
2024	pharokka	1.7.1
2024	pharokka	1.7.2
2024	pharokka	1.7.3
2024	pharokka	1.7.4
2024	phasius	0.2.0
2024	phava	0.2.3
2024	phenograph	1.5.7
2024	phigaro	2.4.0
2024	phold	0.1.1
2024	phold	0.1.2
2024	phold	0.1.3
2024	phold	0.1.4
2024	phold	0.2.0
2024	phyclone	0.5.1
2024	phykit	1.13.0
2024	phykit	1.13.1
2024	phykit	1.14.0
2024	phykit	1.16.0
2024	phykit	1.17.0
2024	phykit	1.19.0
2024	phykit	1.19.1
2024	phykit	1.19.2
2024	phykit	1.19.3
2024	phykit	1.19.4
2024	phykit	1.19.5
2024	phykit	1.19.6
2024	phykit	1.19.8
2024	phykit	1.19.9
2024	phykit	1.20.0
2024	phykit	2.0.0
2024	phykit	2.0.1
2024	phyloacc	2.3.1
2024	phyloacc	2.3.2
2024	phyloacc	2.3.3
2024	phyloacc	2.3.4
2024	phyloacc	2.4.0
2024	phyloacc	2.4.1
2024	phyloacc	2.4.2
2024	phyloaln	1.0.0
2024	phylodeep	0.6
2024	phylodeep	0.7
2024	phylodeep	0.9
2024	phylodeep_data_bd	0.6
2024	phylodeep_data_bdei	0.4
2024	phylodeep_data_bdss	0.3
2024	phylodeep_data_bdss	0.4
2024	phylodm	3.1.0
2024	phylodm	3.2.0
2024	phylofisher	1.2.14
2024	phylophlan	3.1
2024	phylophlan	3.1.1
2024	phylornn	1.1
2024	phynder	1.0
2024	phynteny	0.1.13
2024	physher	2.0.0
2024	physher	2.0.1
2024	physiofit	3.3.3
2024	physiofit	3.3.4
2024	physiofit	3.3.5
2024	physiofit	3.3.6
2024	physiofit	3.4.0
2024	phytop	0.3
2024	pia	1.5.1
2024	pia	1.5.2
2024	pia	1.5.3
2024	pia	1.5.4
2024	pia	1.5.5
2024	piawka	0.7.10
2024	piawka	0.8.1
2024	piawka	0.8.2
2024	piawka	0.8.4
2024	piawka	0.8.5
2024	piawka	0.8.6
2024	piawka	0.8.7
2024	piawka	0.8.8
2024	piawka	0.8.9
2024	picard-slim	3.2.0
2024	picard-slim	3.3.0
2024	picard	3.2.0
2024	picard	3.3.0
2024	picrust2	2.5.3
2024	piper	0.14.2
2024	piper	0.14.3
2024	pipits	3.1
2024	piranha-polio	1.2.3
2024	piranha-polio	1.2.5
2024	piranha-polio	1.3
2024	piranha-polio	1.3.1
2024	piscem-infer	0.5.2
2024	piscem-infer	0.6.0
2024	piscem	0.10.0
2024	piscem	0.10.1
2024	piscem	0.10.2
2024	piscem	0.10.3
2024	piscem	0.10.4
2024	piscem	0.11.0
2024	piscem	0.7.0
2024	piscem	0.7.1
2024	piscem	0.8.0
2024	piscem	0.9.0
2024	pixelator	0.16.2
2024	pixelator	0.17.0
2024	pixelator	0.17.1
2024	pixelator	0.18.1
2024	pixelator	0.18.2
2024	pixelator	0.18.3
2024	pixelator	0.19.0
2024	pkiss	2.3.0
2024	planemo	0.75.20
2024	planemo	0.75.21
2024	planemo	0.75.22
2024	planemo	0.75.24
2024	planemo	0.75.25
2024	planemo	0.75.26
2024	plannotate	1.2.2
2024	plasnet	0.5.1
2024	plasnet	0.6.0
2024	plass	5.cf8933
2024	plassembler	1.5.1
2024	plassembler	1.6.0
2024	plassembler	1.6.1
2024	plassembler	1.6.2
2024	pling	2.0.0
2024	plink2	2.00a5.10
2024	plink2	2.00a5.12
2024	plinkio	0.9.8
2024	pmultiqc	0.0.24
2024	pmultiqc	0.0.25
2024	pneumo-typer	1.0.2
2024	pneumo-typer	1.0.3
2024	pod5	0.3.15
2024	polap	0.2.4
2024	polap	0.2.6
2024	polap	0.3.7
2024	polap	0.3.7.1
2024	polap	0.3.7.2
2024	polap	0.3.7.3
2024	polap	0.4.1.1
2024	poly-qtlseq	1.0.1
2024	polypolish	0.6.0
2024	poolsnp	1.0.0
2024	poolsnp	1.0.1
2024	popins2	0.13.0
2024	poplddecay	3.43
2024	popoolation2	1.201
2024	poppunk	2.6.4
2024	poppunk	2.6.5
2024	poppunk	2.6.7
2024	poppunk	2.7.0
2024	poppunk	2.7.1
2024	poppunk	2.7.2
2024	poseidon-trident	1.4.1.0
2024	poseidon-trident	1.5.0.1
2024	poseidon-trident	1.5.4.0
2024	poseidon-trident	1.5.7.0
2024	poseidon-xerxes	1.0.1.1
2024	ppanggolin	2.0.1
2024	ppanggolin	2.0.2
2024	ppanggolin	2.0.3
2024	ppanggolin	2.0.4
2024	ppanggolin	2.0.5
2024	ppanggolin	2.1.0
2024	ppanggolin	2.1.1
2024	ppanggolin	2.1.2
2024	ppanggolin	2.2.0
2024	ppanggolin	2.2.1
2024	ppx	1.4.2
2024	ppx	1.4.4
2024	prank	170427
2024	predictosaurus	0.1.0
2024	predictosaurus	0.1.1
2024	predictosaurus	0.2.0
2024	predictosaurus	0.2.1
2024	predictosaurus	0.2.2
2024	predictosaurus	0.2.3
2024	predictosaurus	0.2.4
2024	predictosaurus	0.2.5
2024	predictosaurus	0.2.6
2024	presto	0.7.2
2024	pretextgraph	0.0.7
2024	primer3-py	2.0.2
2024	primer3-py	2.0.3
2024	primerforge	0.7.4
2024	primerforge	1.0.0
2024	primerforge	1.0.2
2024	primerforge	1.1.0
2024	primerforge	1.1.1
2024	primers	0.5.10
2024	primers	0.5.4
2024	profile_dists	1.0.1
2024	prokbert	0.0.44
2024	promotercalculator	1.2.4
2024	pronto	2.5.6
2024	pronto	2.5.7
2024	pronto	2.5.8
2024	prophyle	0.3.3.2
2024	prosampler	1.5
2024	prot-scriber	0.1.6
2024	proteinortho	6.3.2
2024	proteinortho	6.3.3
2024	proteinortho	6.3.4
2024	protgraph	0.3.10
2024	protgraph	0.3.11
2024	protmapper	0.0.29
2024	prymer	2.0.0
2024	prymer	2.1.1
2024	prymer	2.2.0
2024	psdm	0.3.0
2024	pseqsid	1.0.2
2024	psims	1.3.3
2024	psims	1.3.4
2024	psirc	1.0.0
2024	psm-utils	0.7.3
2024	psm-utils	0.7.4
2024	psm-utils	0.8.0
2024	psm-utils	0.8.1
2024	psm-utils	0.8.2
2024	psm-utils	0.8.3
2024	psm-utils	0.9.0
2024	psm-utils	1.0.0
2024	psm-utils	1.0.1
2024	psm-utils	1.1.0
2024	psm-utils	1.1.1
2024	psm-utils	1.2.0
2024	pstrain	1.0.2
2024	pstrain	1.0.3
2024	ptrimmer	1.4.0
2024	purge_haplotigs	1.1.3
2024	pxblat	1.1.18
2024	pxblat	1.1.19
2024	pxblat	1.1.20
2024	pxblat	1.2.1
2024	pyabpoa	1.5.0
2024	pyabpoa	1.5.1
2024	pyabpoa	1.5.2
2024	pyabpoa	1.5.3
2024	pyani	0.2.13
2024	pyani	0.2.13.1
2024	pybarrnap	0.3.0
2024	pybarrnap	0.4.1
2024	pybarrnap	0.5.0
2024	pybbi	0.4.0
2024	pybbi	0.4.1
2024	pybdei	0.13
2024	pybedlite	0.1.0
2024	pybedlite	1.0.0
2024	pybedtools	0.10.0
2024	pybigtools	0.1.0
2024	pybigtools	0.1.2
2024	pybigtools	0.1.3
2024	pybigtools	0.1.4
2024	pybigtools	0.2.0
2024	pybigtools	0.2.2
2024	pybigtools	0.2.3
2024	pybigwig	0.3.23
2024	pybiolib	1.1.1673
2024	pybiolib	1.1.1682
2024	pybiolib	1.1.1685
2024	pybiolib	1.1.1689
2024	pybiolib	1.1.1691
2024	pybiolib	1.1.1703
2024	pybiolib	1.1.1745
2024	pybiolib	1.1.1747
2024	pybiolib	1.1.1749
2024	pybiolib	1.1.1755
2024	pybiolib	1.1.1774
2024	pybiolib	1.1.1780
2024	pybiolib	1.1.1794
2024	pybiolib	1.1.1815
2024	pybiolib	1.1.1834
2024	pybiolib	1.1.1846
2024	pybiolib	1.1.1855
2024	pybiolib	1.1.1879
2024	pybiolib	1.1.1881
2024	pybiolib	1.1.1909
2024	pybiolib	1.1.1917
2024	pybiolib	1.1.1921
2024	pybiolib	1.1.1923
2024	pybiolib	1.1.1930
2024	pybiolib	1.1.1934
2024	pybiolib	1.1.1942
2024	pybiolib	1.1.1957
2024	pybiolib	1.1.1971
2024	pybiolib	1.1.1974
2024	pybiolib	1.1.1979
2024	pybiolib	1.1.1988
2024	pybiolib	1.1.1998
2024	pybiolib	1.1.2004
2024	pybiolib	1.1.2013
2024	pybiolib	1.1.2017
2024	pybiolib	1.1.2023
2024	pybiolib	1.1.2025
2024	pybiolib	1.1.2031
2024	pybiolib	1.1.2036
2024	pybiolib	1.1.2097
2024	pybiolib	1.1.2109
2024	pybiolib	1.1.2112
2024	pybiolib	1.1.2119
2024	pybiolib	1.1.2123
2024	pybiolib	1.1.2133
2024	pybiolib	1.1.2138
2024	pybiolib	1.1.2141
2024	pybiolib	1.1.2145
2024	pybiolib	1.1.2155
2024	pybiolib	1.1.2173
2024	pybiolib	1.1.2175
2024	pybiolib	1.1.2180
2024	pybiolib	1.1.2184
2024	pybiolib	1.1.2189
2024	pybiolib	1.1.2191
2024	pybiolib	1.1.2195
2024	pybiolib	1.1.2199
2024	pybiolib	1.1.2204
2024	pybiolib	1.1.2208
2024	pybiolib	1.1.2226
2024	pybiolib	1.1.2229
2024	pybiolib	1.1.2232
2024	pybiolib	1.1.2236
2024	pybiolib	1.1.2244
2024	pybiolib	1.2.108
2024	pybiolib	1.2.111
2024	pybiolib	1.2.12
2024	pybiolib	1.2.122
2024	pybiolib	1.2.142
2024	pybiolib	1.2.16
2024	pybiolib	1.2.166
2024	pybiolib	1.2.174
2024	pybiolib	1.2.181
2024	pybiolib	1.2.185
2024	pybiolib	1.2.188
2024	pybiolib	1.2.197
2024	pybiolib	1.2.205
2024	pybiolib	1.2.211
2024	pybiolib	1.2.216
2024	pybiolib	1.2.218
2024	pybiolib	1.2.221
2024	pybiolib	1.2.223
2024	pybiolib	1.2.230
2024	pybiolib	1.2.243
2024	pybiolib	1.2.249
2024	pybiolib	1.2.252
2024	pybiolib	1.2.257
2024	pybiolib	1.2.261
2024	pybiolib	1.2.264
2024	pybiolib	1.2.31
2024	pybiolib	1.2.50
2024	pybiolib	1.2.71
2024	pychopper	2.7.10
2024	pychopper	2.7.9
2024	pyclone-vi	0.1.4
2024	pyclone-vi	0.1.5
2024	pyclone-vi	0.1.6
2024	pycomo	0.1.3
2024	pycomo	0.2.0
2024	pycomo	0.2.1
2024	pycomo	0.2.2
2024	pycomo	0.2.4
2024	pycomo	0.2.5
2024	pycomo	0.2.6
2024	pycov3	2.0.4b0
2024	pycov3	2.1.0
2024	pycoverm	0.6.2
2024	pydamage	0.80
2024	pydbsnp	2.0.2
2024	pydeseq2	0.4.10
2024	pydeseq2	0.4.11
2024	pydeseq2	0.4.12
2024	pydeseq2	0.4.5
2024	pydeseq2	0.4.6
2024	pydeseq2	0.4.7
2024	pydeseq2	0.4.8
2024	pydeseq2	0.4.9
2024	pydna	5.2.0
2024	pydna_repeatfinder	0.2.8
2024	pydna_repeatfinder	0.2.9
2024	pydustmasker	1.0.0
2024	pyega3	5.2.0
2024	pyensembl	2.3.0
2024	pyensembl	2.3.11
2024	pyensembl	2.3.12
2024	pyensembl	2.3.13
2024	pyensembl	2.3.4
2024	pyensembl	2.3.6
2024	pyensembl	2.3.9
2024	pyfaidx	0.8.0
2024	pyfaidx	0.8.1.1
2024	pyfaidx	0.8.1.2
2024	pyfaidx	0.8.1.3
2024	pyfamsa	0.3.1
2024	pyfamsa	0.3.2
2024	pyfamsa	0.4.0
2024	pyfamsa	0.5.1
2024	pyfamsa	0.5.2
2024	pyfamsa	0.5.3
2024	pyfastani	0.5.1
2024	pyfastani	0.6.0
2024	pyfastx	2.1.0
2024	pygcap	0.0.5
2024	pygcap	0.0.7
2024	pygcap	1.0.1
2024	pygcap	1.1.6
2024	pygcap	1.2.0
2024	pygcap	1.2.2
2024	pygcap	1.2.3
2024	pygcap	1.2.5
2024	pygcap	1.2.6
2024	pygenetic_code	0.20.0
2024	pygenometracks	3.9
2024	pyhmmer	0.10.10
2024	pyhmmer	0.10.11
2024	pyhmmer	0.10.12
2024	pyhmmer	0.10.13
2024	pyhmmer	0.10.14
2024	pyhmmer	0.10.15
2024	pyhmmer	0.10.5
2024	pyhmmer	0.10.6
2024	pyhmmer	0.10.7
2024	pyhmmer	0.10.8
2024	pyhmmer	0.10.9
2024	pyhmmsearch	2024.10.20
2024	pyjess	0.3.3
2024	pyjess	0.4.0
2024	pyjess	0.4.1
2024	pykofamsearch	2024.10.20
2024	pyliftover	0.4.1
2024	pymethylation_utils	0.4.1
2024	pymlst	2.1.6
2024	pymochi	1.0
2024	pymochi	1.1
2024	pymsaviz	0.5.0
2024	pymzml	2.5.10
2024	pymzml	2.5.4
2024	pymzml	2.5.5
2024	pymzml	2.5.6
2024	pymzml	2.5.9
2024	pyopal	0.5.0
2024	pyopal	0.5.1
2024	pyopal	0.5.2
2024	pyopal	0.6.0
2024	pyopal	0.6.1
2024	pyopal	0.7.0
2024	pyopenms	3.2.0
2024	pypgatk	0.0.24
2024	pypgx	0.24.0
2024	pypgx	0.25.0
2024	pypints	1.1.13
2024	pypints	1.1.14
2024	pypints	1.1.15
2024	pyplink	1.3.7
2024	pypolca	0.3.0
2024	pypolca	0.3.1
2024	pyranges	0.1.2
2024	pyrle	0.0.40
2024	pyrodigal-gv	0.3.2
2024	pyrodigal	3.2.2
2024	pyrodigal	3.3.0
2024	pyrodigal	3.4.1
2024	pyrodigal	3.5.0
2024	pyrodigal	3.5.1
2024	pyrodigal	3.5.2
2024	pyrodigal	3.6.3
2024	pysam	0.22.1
2024	pyscenic	0.12.1
2024	pyseer	1.3.12
2024	pyskani	0.1.3
2024	pyslow5	1.2.0
2024	pyslow5	1.3.0
2024	pysradb	2.2.1
2024	pysradb	2.2.2
2024	pytaxonkit	0.9
2024	pytaxonkit	0.9.1
2024	pyteomics	4.7
2024	pyteomics	4.7.1
2024	pyteomics	4.7.2
2024	pyteomics	4.7.3
2024	pyteomics	4.7.4
2024	pyteomics	4.7.5
2024	python-bioext	0.21.7
2024	python-bioext	0.21.8
2024	python-bioext	0.21.9
2024	python-crypt4gh	1.7
2024	python-edlib	1.3.9.post1
2024	python-hivclustering	1.8.0
2024	python-hyphy-python	0.1.12
2024	pytransaln	0.2.1
2024	pytrf	1.3.0
2024	pytrf	1.3.1
2024	pytrf	1.3.2
2024	pytrf	1.3.3
2024	pytrf	1.4.1
2024	pytrimal	0.8.0
2024	pytximport	0.10.0
2024	pytximport	0.11.0
2024	pytximport	0.6.0
2024	pytximport	0.7.0
2024	pytximport	0.8.0
2024	pytximport	0.9.0
2024	qtlseq	2.2.5
2024	qtlseq	2.2.6
2024	qtlseq	2.2.8
2024	quantms-rescoring	0.0.1
2024	quantms-rescoring	0.0.2
2024	quantms-rescoring	0.0.3
2024	quantms-utils	0.0.10
2024	quantms-utils	0.0.11
2024	quantms-utils	0.0.12
2024	quantms-utils	0.0.13
2024	quantms-utils	0.0.14
2024	quantms-utils	0.0.15
2024	quantms-utils	0.0.16
2024	quantms-utils	0.0.17
2024	quantms-utils	0.0.18
2024	quantms-utils	0.0.2
2024	quantms-utils	0.0.3
2024	quantms-utils	0.0.4
2024	quantms-utils	0.0.5
2024	quantms-utils	0.0.6
2024	quantms-utils	0.0.7
2024	quantms-utils	0.0.8
2024	quantms-utils	0.0.9
2024	quast	5.3.0
2024	quatradis	1.2.0
2024	quatradis	1.3.0
2024	quatradis	1.3.1
2024	query_phenomizer	1.2.1
2024	querynator	0.4.2
2024	querynator	0.5.0
2024	querynator	0.5.1
2024	querynator	0.5.2
2024	querynator	0.5.3
2024	querynator	0.5.4
2024	querynator	0.5.5
2024	querynator	0.6.0
2024	quota_anchor	0.0.1a0
2024	quota_anchor	0.0.1a1
2024	quota_anchor	0.0.1b1
2024	quota_anchor	0.0.1b2
2024	quota_anchor	0.0.1rc
2024	r-acidgenerics	0.7.7
2024	r-acidgenerics	0.7.8
2024	r-acidplots	0.7.3
2024	r-acidplyr	0.5.4
2024	r-acidsinglecell	0.4.2
2024	r-ampvis2	2.8.6
2024	r-ampvis2	2.8.9
2024	r-anndata	0.7.5.6
2024	r-archr	1.0.2
2024	r-archr	1.0.3
2024	r-aroma.affymetrix	3.2.2
2024	r-aroma.core	3.3.1
2024	r-azimuth	0.4.6
2024	r-azimuth	0.5.0
2024	r-bcbiornaseq	0.6.2
2024	r-buencolors	0.5.6
2024	r-cellosaurus	0.8.2
2024	r-chord	2.02
2024	r-chord	2.03
2024	r-chromvarmotifs	0.2.0
2024	r-circrnafull	1.0.0
2024	r-classdiscovery	3.4.5
2024	r-cleangeostreamr	1.0.0
2024	r-cobrar	0.1.0
2024	r-cobrar	0.1.1
2024	r-codedepends	0.6.6
2024	r-conos	1.5.1
2024	r-conos	1.5.2
2024	r-corncob	0.4.1
2024	r-crbhits	0.0.5
2024	r-deconcell	0.1.0
2024	r-deseqanalysis	0.7.1
2024	r-diffcorr	0.4.4
2024	r-dimsum	1.3.1
2024	r-dimsum	1.3.2
2024	r-dsb	1.0.3
2024	r-dsb	1.0.4
2024	r-easydifferentialgenecoexpression	1.4
2024	r-easylift	0.2.1
2024	r-epitrace	0.0.1.3
2024	r-gchromvar	0.3.2
2024	r-grain	1.4.2
2024	r-grain	1.4.3
2024	r-grain	1.4.4
2024	r-grain	1.4.5
2024	r-grbase	2.0.2
2024	r-grbase	2.0.3
2024	r-hgvsparser	0.1.0
2024	r-ic10	2.0.2
2024	r-ichorcna	0.5.1
2024	r-jackstraw	1.3.9
2024	r-ldweaver	1.4
2024	r-ldweaver	1.5
2024	r-ldweaver	1.5.1
2024	r-leidenbase	0.1.27
2024	r-leidenbase	0.1.31
2024	r-liger	2.0.0
2024	r-liger	2.0.1
2024	r-liger	2.1.0
2024	r-linxreport	1.0.0
2024	r-locuszoomr	0.3.5
2024	r-mams	1.0.1
2024	r-metacoder	0.3.7
2024	r-mfassignr	1.0.3
2024	r-mfassignr	1.1.0
2024	r-mfassignr	1.1.1
2024	r-mfassignr	1.1.2
2024	r-mspbwt	0.1.0
2024	r-mutsigextractor	1.14
2024	r-mutsigextractor	1.28
2024	r-mutsigextractor	1.29
2024	r-oncopharmadb	1.5.1
2024	r-oncopharmadb	1.7.0
2024	r-oncopharmadb	1.8.1
2024	r-oncopharmadb	1.8.7
2024	r-ontologyplot	1.7
2024	r-pathfindr	2.3.1
2024	r-pathfindr	2.4.0
2024	r-pathfindr	2.4.1
2024	r-presto	1.0.0
2024	r-pscbs	0.67.0
2024	r-quilt	2.0.0
2024	r-quilt	2.0.1
2024	r-recetox-aplcms	0.13.0
2024	r-recetox-aplcms	0.13.2
2024	r-recetox-aplcms	0.13.3
2024	r-recetox-aplcms	0.13.4
2024	r-redeemr	1.0.0
2024	r-remapenrich	0.99.0
2024	r-saccharis	1.0.5
2024	r-scavenge	1.0.2
2024	r-scevan	1.0.1
2024	r-seamless	0.1.1
2024	r-seqmagick	0.1.7
2024	r-seurat-data	0.2.1
2024	r-seurat-disk	0.0.0.9021
2024	r-shinyngs	1.8.6
2024	r-shinyngs	1.8.7
2024	r-shinyngs	1.8.8
2024	r-shinyngs	2.0.0
2024	r-sigminer	2.3.1
2024	r-signac	1.13.0
2024	r-signac	1.14.0
2024	r-sigqc	0.1.24
2024	r-spacexr	2.2.1
2024	r-stitch	1.6.11
2024	r-stitch	1.7.0
2024	r-stitch	1.7.1
2024	r-stitch	1.7.2
2024	r-tinyarray	2.3.2
2024	r-tinyarray	2.3.3
2024	r-tinyarray	2.4.1
2024	r-tinyarray	2.4.2
2024	r-wgcna	1.73
2024	rabbitqcplus	2.2.7
2024	rabbitqcplus	2.2.8
2024	rabbitqcplus	2.2.9
2024	rabbitqcplus	2.3.0
2024	rabbittclust	2.3.0
2024	radiant	1.1.5
2024	radtk	0.2.0
2024	raiss	4.0.1
2024	rapidshapes	2.1.0
2024	rasusa	0.8.0
2024	rasusa	1.0.0
2024	rasusa	2.0.0
2024	rasusa	2.1.0
2024	raxml-ng	1.2.2
2024	rbpbench	0.9
2024	rbpbench	1.0
2024	rbpbench	1.0.1
2024	rcorrector	1.0.7
2024	rcx-tk	0.1.0
2024	rdeval	0.0.2
2024	rdeval	0.0.3
2024	rdp_classifier	2.14
2024	reads2graph	1.0.0
2024	rebar	0.2.1
2024	recentrifuge	1.13.1
2024	recentrifuge	1.13.2
2024	recentrifuge	1.14.0
2024	recentrifuge	1.14.1
2024	recentrifuge	1.15.0
2024	recgraph	0.3.0
2024	recgraph	1.0.0
2024	recognizer	1.11.0
2024	recognizer	1.11.1
2024	reduce	4.14
2024	reframed	1.5.1
2024	reframed	1.5.2
2024	reframed	1.5.3
2024	regenie	3.4.1
2024	regenie	3.5
2024	regenie	3.6
2024	regenie	4.0
2024	relion	4.0.2
2024	reneo	0.3.0
2024	reneo	0.3.1
2024	reneo	0.4.0
2024	reneo	0.5.0
2024	repeatmasker	4.1.7p1
2024	repeatmodeler	2.0.6
2024	repeatscout	1.0.7
2024	repic	1.0.0
2024	reseek	2.0.1
2024	reseek	2.02
2024	resfinder	4.4.2
2024	resfinder	4.4.3
2024	resfinder	4.5.0
2024	resfinder	4.6.0
2024	resistify	0.1.1
2024	resistify	0.2.1
2024	resistify	0.2.2
2024	resistify	0.3.0
2024	resistify	0.4.0
2024	resistify	0.5.0
2024	resistify	0.5.1
2024	resistify	0.5.2
2024	resistify	0.6.0
2024	resistify	0.6.1
2024	resistify	0.6.2
2024	resistify	0.6.3
2024	resistify	0.70.0
2024	resistify	1.0.0
2024	revbayes	1.2.4
2024	revbayes	1.2.5
2024	reviewer	0.2.7
2024	revoluzer	0.1.2
2024	revoluzer	0.1.5
2024	revoluzer	0.1.6
2024	rhotermpredict	3.4
2024	riassigner	0.4.0
2024	riassigner	0.4.1
2024	ribodetector	0.3.1
2024	ribotin	1.3
2024	ribotools	1.0.4
2024	ribotricer	1.4.0
2024	ribowaltz	2.0
2024	ripcal	2.0
2024	rlpipes	0.9.4
2024	rmats	4.3.0
2024	rna-seqc	2.4.2
2024	rnaalishapes	2.5.0
2024	rnachipintegrator	3.0.0
2024	rnamining	1.0.4
2024	rnanorm	2.1.0
2024	rnaquast	2.3.0
2024	rnashapes	3.4.0
2024	rnastructure	6.4
2024	rnavirhost	1.0.5
2024	roadies	0.1.4
2024	robust-bias-aware	0.0.1
2024	ropebwt3	3.3
2024	ropebwt3	3.4
2024	ropebwt3	3.5
2024	ropebwt3	3.6
2024	ropebwt3	3.7
2024	ropebwt3	3.8
2024	ropebwt3	3.9
2024	rosella	0.5.3
2024	rosella	0.5.4
2024	rosella	0.5.5
2024	rotate	1.0
2024	rpbp	3.0.4
2024	rpsbproc	0.5.0
2024	rrikindp	0.0.1
2024	rrikindp	0.0.2
2024	rseqc	5.0.4
2024	rsv-typer	0.3.0
2024	rsv-typer	0.4.0
2024	rtk2	2.10
2024	rtk2	2.11.1
2024	rtk2	2.11.2
2024	rukki	0.3.0
2024	rust-bio-tools	0.42.1
2024	rust-bio-tools	0.42.2
2024	saccharis	2.0.1
2024	saccharis	2.0.1.dev21
2024	saccharis	2.0.2
2024	saccharis	2.0.3
2024	saccharis	2.0.4
2024	sage-proteomics	0.14.6
2024	sage-proteomics	0.14.7
2024	sainsc	0.1.0
2024	sainsc	0.1.1
2024	sainsc	0.2.0
2024	sainsc	0.2.1
2024	salmon	1.10.3
2024	salty	1.0.6
2024	sam2pairwise	1.0.0
2024	sambamba	1.0.1
2024	samestr	1.2024.2.post1
2024	samestr	1.2024.8
2024	samshee	0.2.1
2024	samshee	0.2.2
2024	samshee	0.2.3
2024	samshee	0.2.5
2024	samshee	0.2.8
2024	samtools	1.19.1
2024	samtools	1.19.2
2024	samtools	1.20
2024	samtools	1.21
2024	sanntis	0.9.3.5
2024	sansa	0.1.1
2024	sansa	0.2.1
2024	sansa	0.2.2
2024	sativa	0.9.3
2024	savana	1.0.5
2024	savana	1.2.0
2024	savana	1.2.1
2024	savana	1.2.2
2024	savana	1.2.3
2024	savana	1.2.4
2024	savana	1.2.5
2024	sawfish	0.12.1
2024	sawfish	0.12.2
2024	sawfish	0.12.3
2024	sawfish	0.12.4
2024	sawfish	0.12.5
2024	sawfish	0.12.6
2024	sawfish	0.12.7
2024	sawfish	0.12.8
2024	sc-musketeers	0.3.7
2024	sc-musketeers	0.4.1
2024	scanpy-scripts	1.9.0
2024	scanpy-scripts	1.9.301
2024	scar	0.5.4
2024	scar	0.5.5
2024	scar	0.6.0
2024	scar	0.6.1
2024	scar	0.7.0
2024	scarches	0.6.1
2024	sccmec	1.0.0
2024	sccmec	1.1.0
2024	sccmec	1.2.0
2024	schpl	1.0.5
2024	scib	1.1.5
2024	scib	1.1.6
2024	scirpy	0.15.0
2024	scirpy	0.16.0
2024	scirpy	0.16.1
2024	scirpy	0.17.0
2024	scirpy	0.17.1
2024	scirpy	0.17.2
2024	scirpy	0.18.0
2024	scirpy	0.19.0
2024	scirpy	0.20.0
2024	scitrack	2024.10.8
2024	scmidas	0.0.17
2024	scmidas	0.0.18
2024	scmidas	0.1.3
2024	scnic	0.6.6
2024	scoring-matrices	0.2.0
2024	scoring-matrices	0.2.1
2024	scoring-matrices	0.2.2
2024	scoring-matrices	0.3.0
2024	screadcounts	1.4.0
2024	scrubby	0.2.1
2024	scspectra	0.2.0
2024	scspectra	0.2.1
2024	scsplit	1.0.8.2
2024	sctriangulate	0.13.0
2024	sdeper	1.1.0
2024	sdeper	1.2.0
2024	sdeper	1.2.1
2024	sdeper	1.3.0
2024	sdeper	1.3.1
2024	sdeper	1.4.0
2024	sdeper	1.5.0
2024	sdeper	1.6.1
2024	sdeper	1.6.2
2024	sdeper	1.6.3
2024	sdm	2.17
2024	sdm	2.18
2024	sdrf-pipelines	0.0.25
2024	sdrf-pipelines	0.0.26
2024	sdrf-pipelines	0.0.27
2024	sdrf-pipelines	0.0.28
2024	sdrf-pipelines	0.0.29
2024	sdrf-pipelines	0.0.30
2024	sdrf-pipelines	0.0.31
2024	sdust	0.1
2024	seacells	0.3.3
2024	search_ncbi	0.1.1
2024	searchgui	4.3.11
2024	searchgui	4.3.6
2024	searchgui	4.3.9
2024	segalign-full	0.1.2
2024	segalign-full	0.1.2.1
2024	segalign-full	0.1.2.2
2024	segalign-full	0.1.2.3
2024	segalign-full	0.1.2.4
2024	segalign-full	0.1.2.6
2024	segalign-full	0.1.2.7
2024	segalign-galaxy	0.1.2.7
2024	segmetrics	1.4.1
2024	segmetrics	1.5
2024	segul	0.21.3
2024	segul	0.22.0
2024	segul	0.22.1
2024	segzoo	1.0.12
2024	segzoo	1.0.13
2024	seismic-rna	0.19.2
2024	seismic-rna	0.20.0
2024	seismic-rna	0.20.1
2024	seismic-rna	0.21.0
2024	seismic-rna	0.21.1
2024	seismic-rna	0.22.0
2024	seismic-rna	0.22.1
2024	selene-sdk	0.5.3
2024	selene-sdk	0.6.0
2024	semibin	2.1.0
2024	sentieon	202308.02
2024	sentieon	202308.03
2024	sepp	4.5.4
2024	sepp	4.5.5
2024	seq-hasher	0.1.0
2024	seq-hasher	0.2.0
2024	seq2science	1.2.2
2024	seqchromloader	0.7.4
2024	seqchromloader	0.7.5
2024	seqchromloader	0.7.6
2024	seqchromloader	0.7.7
2024	seqchromloader	0.7.8
2024	seqerakit	0.4.6
2024	seqerakit	0.4.7
2024	seqerakit	0.4.8
2024	seqerakit	0.4.9
2024	seqfu	1.20.3
2024	seqfu	1.22.0
2024	seqfu	1.22.2
2024	seqfu	1.22.3
2024	seqkit	2.7.0
2024	seqkit	2.8.0
2024	seqkit	2.8.1
2024	seqkit	2.8.2
2024	seqkit	2.9.0
2024	seqlogo	5.29.9
2024	seqnado	0.4.1
2024	seqnado	0.4.3
2024	seqnado	0.5.0
2024	seqnado	0.5.1
2024	seqnado	0.5.2
2024	seqnado	0.5.3
2024	seqnado	0.5.4
2024	seqscreen	4.4
2024	seqsero2	1.3.1
2024	seqsizzle	0.1.4
2024	seqsizzle	0.1.5
2024	seqspec	0.3.0
2024	seqspec	0.3.1
2024	sequali	0.10.0
2024	sequali	0.11.0
2024	sequali	0.11.1
2024	sequali	0.12.0
2024	sequali	0.5.0
2024	sequali	0.5.1
2024	sequali	0.6.0
2024	sequali	0.7.0
2024	sequali	0.7.1
2024	sequali	0.8.0
2024	sequali	0.9.1
2024	sequencetools	1.5.4.0
2024	seqverify	1.2.0
2024	seqverify	1.2.1
2024	seqverify	1.3.0
2024	seqwish	0.7.10
2024	seqwish	0.7.11
2024	sercol	1.0.0
2024	serotypefinder	2.0.2
2024	seshat	0.10.0
2024	seurat-scripts	4.4.0
2024	sevenbridges-python	2.10.1
2024	sevenbridges-python	2.10.2
2024	sevenbridges-python	2.10.3
2024	sevenbridges-python	2.11.0
2024	sevenbridges-python	2.11.1
2024	severus	0.1.2
2024	severus	1.0
2024	severus	1.1
2024	severus	1.2
2024	sfold	2.2
2024	shasta	0.12.0
2024	shasta	0.13.0
2024	shigapass	1.5.0
2024	shiver	1.7.0
2024	shiver	1.7.2
2024	shiver	1.7.3
2024	shortstack	4.0.4
2024	shortstack	4.1.0
2024	shortstack	4.1.1
2024	shorttracks	1.2
2024	sigprofilerassignment	0.1.5
2024	sigprofilerassignment	0.1.6
2024	sigprofilerassignment	0.1.7
2024	sigprofilerassignment	0.1.8
2024	sigprofilermatrixgenerator	1.2.25
2024	sigprofilermatrixgenerator	1.2.26
2024	sigprofilermatrixgenerator	1.2.27
2024	sigprofilermatrixgenerator	1.2.28
2024	sigprofilermatrixgenerator	1.2.29
2024	sigprofilermatrixgenerator	1.2.30
2024	sigprofilermatrixgenerator	1.2.31
2024	sigprofilerplotting	1.3.21
2024	sigprofilerplotting	1.3.22
2024	sigprofilerplotting	1.3.23
2024	sigprofilerplotting	1.3.24
2024	simpleaf	0.16.0
2024	simpleaf	0.16.1
2024	simpleaf	0.16.2
2024	simpleaf	0.17.0
2024	simpleaf	0.17.1
2024	simpleaf	0.17.2
2024	simpleaf	0.17.3
2024	simpleaf	0.17.4
2024	simpleaf	0.18.0
2024	simpleaf	0.18.1
2024	simpleaf	0.18.2
2024	simpleaf	0.18.4
2024	simug	1.0.1
2024	sincei	0.3.1
2024	sincei	0.4
2024	singlem	0.17.0
2024	singlem	0.18.0
2024	singlem	0.18.1
2024	singlem	0.18.2
2024	singlem	0.18.3
2024	sinto	0.10.1
2024	sipros	4.01
2024	sirius-csifingerid	5.8.6
2024	sistr_cmd	1.1.2
2024	sistr_cmd	1.1.3
2024	sizemeup	1.0.2
2024	sizemeup	1.1.0
2024	sizemeup	1.1.1
2024	sizemeup	1.2.0
2024	sizemeup	1.2.2
2024	sizemeup	1.2.3
2024	sizemeup	1.3.0
2024	ska2	0.3.10
2024	ska2	0.3.11
2024	ska2	0.3.6
2024	ska2	0.3.7
2024	ska2	0.3.8
2024	ska2	0.3.9
2024	skani	0.2.2
2024	skder	1.0.10
2024	skder	1.0.9
2024	skder	1.1.1
2024	skder	1.2.1
2024	skder	1.2.2
2024	skder	1.2.3
2024	skder	1.2.4
2024	skder	1.2.5
2024	skder	1.2.6
2024	skder	1.2.7
2024	skder	1.2.8
2024	skyline2isocor	0.1.0
2024	skyline2isocor	0.1.1
2024	skyline2isocor	0.1.2
2024	skyline2isocor	0.2.0
2024	skyline2isocor	0.3.0
2024	skyline2isocor	1.0.0
2024	slivar	0.3.1
2024	slow5curl	0.2.1
2024	slow5tools	1.2.0
2024	slow5tools	1.3.0
2024	smafa	0.8.0
2024	smallgenomeutilities	0.4.1
2024	smcpp	1.15.4
2024	smof	2.22.4
2024	smoothxg	0.7.3
2024	smoothxg	0.7.4
2024	smoothxg	0.8.0
2024	smudgeplot	0.3.0
2024	smudgeplot	0.4.0
2024	snakeatac_env	0.1.1
2024	snakedeploy	0.10.0
2024	snakedeploy	0.10.1
2024	snakedeploy	0.10.2
2024	snakedeploy	0.10.3
2024	snakefmt	0.10.0
2024	snakefmt	0.10.1
2024	snakefmt	0.10.2
2024	snakefmt	0.9.0
2024	snakemake-executor-plugin-cluster-generic	1.0.8
2024	snakemake-executor-plugin-cluster-generic	1.0.9
2024	snakemake-executor-plugin-cluster-sync	0.1.4
2024	snakemake-executor-plugin-drmaa	0.1.4
2024	snakemake-executor-plugin-drmaa	0.1.5
2024	snakemake-executor-plugin-googlebatch	0.2.0
2024	snakemake-executor-plugin-googlebatch	0.3.0
2024	snakemake-executor-plugin-googlebatch	0.3.1
2024	snakemake-executor-plugin-googlebatch	0.3.3
2024	snakemake-executor-plugin-googlebatch	0.4.0
2024	snakemake-executor-plugin-googlebatch	0.5.0
2024	snakemake-executor-plugin-kubernetes	0.1.5
2024	snakemake-executor-plugin-kubernetes	0.2.0
2024	snakemake-executor-plugin-kubernetes	0.2.1
2024	snakemake-executor-plugin-kubernetes	0.2.2
2024	snakemake-executor-plugin-lsf-jobstep	0.1.10
2024	snakemake-executor-plugin-lsf	0.2.1
2024	snakemake-executor-plugin-lsf	0.2.2
2024	snakemake-executor-plugin-lsf	0.2.3
2024	snakemake-executor-plugin-lsf	0.2.4
2024	snakemake-executor-plugin-lsf	0.2.5
2024	snakemake-executor-plugin-lsf	0.2.6
2024	snakemake-executor-plugin-slurm-jobstep	0.1.10
2024	snakemake-executor-plugin-slurm-jobstep	0.1.11
2024	snakemake-executor-plugin-slurm-jobstep	0.1.9
2024	snakemake-executor-plugin-slurm-jobstep	0.2.1
2024	snakemake-executor-plugin-slurm	0.1.5
2024	snakemake-executor-plugin-slurm	0.10.0
2024	snakemake-executor-plugin-slurm	0.10.2
2024	snakemake-executor-plugin-slurm	0.11.0
2024	snakemake-executor-plugin-slurm	0.11.1
2024	snakemake-executor-plugin-slurm	0.11.2
2024	snakemake-executor-plugin-slurm	0.2.0
2024	snakemake-executor-plugin-slurm	0.2.1
2024	snakemake-executor-plugin-slurm	0.3.0
2024	snakemake-executor-plugin-slurm	0.3.1
2024	snakemake-executor-plugin-slurm	0.3.2
2024	snakemake-executor-plugin-slurm	0.4.1
2024	snakemake-executor-plugin-slurm	0.4.2
2024	snakemake-executor-plugin-slurm	0.4.4
2024	snakemake-executor-plugin-slurm	0.4.5
2024	snakemake-executor-plugin-slurm	0.5.0
2024	snakemake-executor-plugin-slurm	0.5.1
2024	snakemake-executor-plugin-slurm	0.5.2
2024	snakemake-executor-plugin-slurm	0.6.0
2024	snakemake-executor-plugin-slurm	0.7.0
2024	snakemake-executor-plugin-slurm	0.8.0
2024	snakemake-executor-plugin-slurm	0.9.0
2024	snakemake-executor-plugin-tes	0.1.3
2024	snakemake-interface-common	1.15.1
2024	snakemake-interface-common	1.15.2
2024	snakemake-interface-common	1.15.3
2024	snakemake-interface-common	1.16.0
2024	snakemake-interface-common	1.17.0
2024	snakemake-interface-common	1.17.1
2024	snakemake-interface-common	1.17.2
2024	snakemake-interface-common	1.17.3
2024	snakemake-interface-common	1.17.4
2024	snakemake-interface-executor-plugins	8.2.0
2024	snakemake-interface-executor-plugins	9.0.0
2024	snakemake-interface-executor-plugins	9.0.1
2024	snakemake-interface-executor-plugins	9.0.2
2024	snakemake-interface-executor-plugins	9.1.0
2024	snakemake-interface-executor-plugins	9.1.1
2024	snakemake-interface-executor-plugins	9.2.0
2024	snakemake-interface-executor-plugins	9.3.1
2024	snakemake-interface-executor-plugins	9.3.2
2024	snakemake-interface-executor-plugins	9.3.3
2024	snakemake-interface-report-plugins	1.0.0
2024	snakemake-interface-report-plugins	1.1.0
2024	snakemake-interface-storage-plugins	3.1.0
2024	snakemake-interface-storage-plugins	3.1.1
2024	snakemake-interface-storage-plugins	3.2.0
2024	snakemake-interface-storage-plugins	3.2.2
2024	snakemake-interface-storage-plugins	3.2.3
2024	snakemake-interface-storage-plugins	3.2.4
2024	snakemake-interface-storage-plugins	3.3.0
2024	snakemake-minimal	8.1.0
2024	snakemake-minimal	8.1.1
2024	snakemake-minimal	8.1.2
2024	snakemake-minimal	8.1.3
2024	snakemake-minimal	8.10.0
2024	snakemake-minimal	8.10.4
2024	snakemake-minimal	8.10.5
2024	snakemake-minimal	8.10.6
2024	snakemake-minimal	8.10.7
2024	snakemake-minimal	8.10.8
2024	snakemake-minimal	8.11.0
2024	snakemake-minimal	8.11.1
2024	snakemake-minimal	8.11.3
2024	snakemake-minimal	8.11.6
2024	snakemake-minimal	8.12.0
2024	snakemake-minimal	8.13.0
2024	snakemake-minimal	8.14.0
2024	snakemake-minimal	8.15.0
2024	snakemake-minimal	8.15.1
2024	snakemake-minimal	8.15.2
2024	snakemake-minimal	8.16.0
2024	snakemake-minimal	8.17.0
2024	snakemake-minimal	8.18.0
2024	snakemake-minimal	8.18.1
2024	snakemake-minimal	8.18.2
2024	snakemake-minimal	8.2.0
2024	snakemake-minimal	8.2.1
2024	snakemake-minimal	8.2.3
2024	snakemake-minimal	8.20.1
2024	snakemake-minimal	8.20.3
2024	snakemake-minimal	8.20.4
2024	snakemake-minimal	8.20.5
2024	snakemake-minimal	8.20.6
2024	snakemake-minimal	8.20.7
2024	snakemake-minimal	8.21.0
2024	snakemake-minimal	8.22.0
2024	snakemake-minimal	8.23.0
2024	snakemake-minimal	8.23.1
2024	snakemake-minimal	8.23.2
2024	snakemake-minimal	8.24.0
2024	snakemake-minimal	8.24.1
2024	snakemake-minimal	8.25.0
2024	snakemake-minimal	8.25.1
2024	snakemake-minimal	8.25.2
2024	snakemake-minimal	8.25.3
2024	snakemake-minimal	8.25.4
2024	snakemake-minimal	8.25.5
2024	snakemake-minimal	8.26.0
2024	snakemake-minimal	8.3.2
2024	snakemake-minimal	8.4.0
2024	snakemake-minimal	8.4.1
2024	snakemake-minimal	8.4.11
2024	snakemake-minimal	8.4.12
2024	snakemake-minimal	8.4.2
2024	snakemake-minimal	8.4.3
2024	snakemake-minimal	8.4.4
2024	snakemake-minimal	8.4.6
2024	snakemake-minimal	8.4.7
2024	snakemake-minimal	8.4.8
2024	snakemake-minimal	8.4.9
2024	snakemake-minimal	8.5.1
2024	snakemake-minimal	8.5.2
2024	snakemake-minimal	8.5.3
2024	snakemake-minimal	8.5.4
2024	snakemake-minimal	8.5.5
2024	snakemake-minimal	8.6.0
2024	snakemake-minimal	8.7.0
2024	snakemake-minimal	8.8.0
2024	snakemake-minimal	8.9.0
2024	snakemake-storage-plugin-azure	0.1.5
2024	snakemake-storage-plugin-azure	0.1.6
2024	snakemake-storage-plugin-azure	0.2.0
2024	snakemake-storage-plugin-azure	0.2.1
2024	snakemake-storage-plugin-azure	0.2.2
2024	snakemake-storage-plugin-azure	0.3.0
2024	snakemake-storage-plugin-azure	0.4.0
2024	snakemake-storage-plugin-azure	0.4.1
2024	snakemake-storage-plugin-azure	0.4.2
2024	snakemake-storage-plugin-fs	0.2.0
2024	snakemake-storage-plugin-fs	1.0.0
2024	snakemake-storage-plugin-fs	1.0.3
2024	snakemake-storage-plugin-fs	1.0.4
2024	snakemake-storage-plugin-fs	1.0.5
2024	snakemake-storage-plugin-fs	1.0.6
2024	snakemake-storage-plugin-ftp	0.1.2
2024	snakemake-storage-plugin-gcs	0.1.4
2024	snakemake-storage-plugin-gcs	1.0.0
2024	snakemake-storage-plugin-gcs	1.1.0
2024	snakemake-storage-plugin-gcs	1.1.1
2024	snakemake-storage-plugin-gcs	1.1.2
2024	snakemake-storage-plugin-irods	0.1.2
2024	snakemake-storage-plugin-irods	0.2.0
2024	snakemake-storage-plugin-s3	0.2.10
2024	snakemake-storage-plugin-s3	0.2.11
2024	snakemake-storage-plugin-s3	0.2.12
2024	snakemake-storage-plugin-s3	0.2.9
2024	snakemake-storage-plugin-zenodo	0.1.3
2024	snakemake-storage-plugin-zenodo	0.1.4
2024	snakemake	8.1.0
2024	snakemake	8.1.1
2024	snakemake	8.1.2
2024	snakemake	8.1.3
2024	snakemake	8.10.0
2024	snakemake	8.10.4
2024	snakemake	8.10.5
2024	snakemake	8.10.6
2024	snakemake	8.10.7
2024	snakemake	8.10.8
2024	snakemake	8.11.0
2024	snakemake	8.11.1
2024	snakemake	8.11.2
2024	snakemake	8.11.3
2024	snakemake	8.11.6
2024	snakemake	8.12.0
2024	snakemake	8.13.0
2024	snakemake	8.14.0
2024	snakemake	8.15.0
2024	snakemake	8.15.1
2024	snakemake	8.15.2
2024	snakemake	8.16.0
2024	snakemake	8.17.0
2024	snakemake	8.18.0
2024	snakemake	8.18.1
2024	snakemake	8.18.2
2024	snakemake	8.2.0
2024	snakemake	8.2.1
2024	snakemake	8.2.3
2024	snakemake	8.20.1
2024	snakemake	8.20.3
2024	snakemake	8.20.4
2024	snakemake	8.20.5
2024	snakemake	8.20.6
2024	snakemake	8.20.7
2024	snakemake	8.21.0
2024	snakemake	8.22.0
2024	snakemake	8.23.0
2024	snakemake	8.23.1
2024	snakemake	8.23.2
2024	snakemake	8.24.0
2024	snakemake	8.24.1
2024	snakemake	8.25.0
2024	snakemake	8.25.1
2024	snakemake	8.25.2
2024	snakemake	8.25.3
2024	snakemake	8.25.4
2024	snakemake	8.25.5
2024	snakemake	8.26.0
2024	snakemake	8.3.2
2024	snakemake	8.4.0
2024	snakemake	8.4.1
2024	snakemake	8.4.11
2024	snakemake	8.4.12
2024	snakemake	8.4.2
2024	snakemake	8.4.3
2024	snakemake	8.4.4
2024	snakemake	8.4.6
2024	snakemake	8.4.7
2024	snakemake	8.4.8
2024	snakemake	8.4.9
2024	snakemake	8.5.1
2024	snakemake	8.5.2
2024	snakemake	8.5.3
2024	snakemake	8.5.4
2024	snakemake	8.5.5
2024	snakemake	8.6.0
2024	snakemake	8.7.0
2024	snakemake	8.8.0
2024	snakemake	8.9.0
2024	snakeobjects	3.1.4
2024	snaketool-utils	0.0.5
2024	snapatac2	2.5.2
2024	snapatac2	2.5.3
2024	snapatac2	2.6.4
2024	snapatac2	2.7.0
2024	snapatac2	2.7.1
2024	snapatac2	2.8.0
2024	snapgene-reader	0.1.21
2024	sneakernet-qc	0.25.0
2024	sneakernet-qc	0.26.0
2024	sneakernet-qc	0.27.0
2024	sneakernet-qc	0.27.2
2024	sneep	0.9
2024	sneep	1.0
2024	sneep	1.1
2024	sniffles	2.3.2
2024	sniffles	2.3.3
2024	sniffles	2.4
2024	sniffles	2.5.2
2024	sniffles	2.5.3
2024	snipe	0.1.3
2024	snipe	0.1.4
2024	snipe	0.1.5
2024	snipe	0.1.6
2024	snipit	1.6
2024	snk-cli	0.5.2
2024	snk-cli	0.5.4
2024	snk-cli	0.5.5
2024	snk-cli	0.7.0
2024	snk-cli	0.7.1
2024	snk	0.30.1
2024	snk	0.31.0
2024	snk	0.31.1
2024	snp2cell	0.2.0
2024	snpick	1.0.0
2024	soda-gallery	1.2.0
2024	softsv	1.4.2
2024	solvebio	2.27.0
2024	solvebio	2.28.0
2024	solvebio	2.29.0
2024	solvebio	2.29.1
2024	solvebio	2.29.2
2024	somalier	0.2.19
2024	somaticseq	3.7.4
2024	somaticseq	3.8.0
2024	somaticseq	3.9.1
2024	sonicparanoid	2.0.7
2024	sonicparanoid	2.0.8
2024	sonlib	2.0.dev88
2024	sopa	1.1.5
2024	sortmerna	4.3.7
2024	sourcepredict	0.5.1
2024	sourmash	4.8.10
2024	sourmash	4.8.11
2024	sourmash	4.8.12
2024	sourmash	4.8.6
2024	sourmash	4.8.7
2024	sourmash	4.8.8
2024	sourmash	4.8.9
2024	spades	4.0.0
2024	spaln	3.0.4
2024	spaln	3.0.6
2024	spaln	3.0.6b
2024	spapros	0.1.5
2024	spatialleiden	0.1.1
2024	spatialleiden	0.2.0
2024	sphae	1.3.3
2024	sphae	1.3.4
2024	sphae	1.4.1
2024	sphae	1.4.2
2024	sphae	1.4.3
2024	sphae	1.4.4
2024	sphae	1.4.5
2024	splash	2.11.0
2024	splitcode	0.29.4
2024	splitcode	0.30.0
2024	splitubam	0.1.1
2024	spreadgltools	1.1.0
2024	sprinter	1.0.0
2024	squeakr	0.7
2024	squigualiser	0.6.3
2024	squigulator	0.3.0
2024	squigulator	0.4.0
2024	squirrel	1.0.10
2024	squirrel	1.0.11
2024	squirrel	1.0.12
2024	squirrel	1.0.7
2024	squirrel	1.0.8
2024	squirrel	1.0.9
2024	sra-tools	3.1.0
2024	sra-tools	3.1.1
2024	srahunter	0.0.2
2024	srahunter	0.0.3
2024	srahunter	0.0.4
2024	srahunter	0.0.6
2024	srahunter	0.0.7
2024	srnamapper	1.0.10
2024	srnamapper	1.0.11
2024	srnamapper	1.0.9
2024	sspace_basic	2.1.1
2024	staden_io_lib	1.15.0
2024	star-fusion	1.13.0
2024	star-fusion	1.14.0
2024	star	2.7.11b
2024	staramr	0.11.0
2024	starcatpy	1.0.8
2024	starfish	0.3.0
2024	starfish	0.3.1
2024	steamboat	1.0.0
2024	stecfinder	1.1.2
2024	straglr	1.5.0
2024	straglr	1.5.1
2024	straglr	1.5.2
2024	straglr	1.5.3
2024	straindesign	3.2.3
2024	strainge	1.3.9
2024	strainr2	1.0.1
2024	strainr2	2.0.0
2024	strainr2	2.1.0
2024	strainy	1.1
2024	strainy	1.2
2024	strangepg	0.8.0
2024	strangepg	0.8.1
2024	strangepg	0.8.10
2024	strangepg	0.8.11
2024	strangepg	0.8.12
2024	strangepg	0.8.13
2024	strangepg	0.8.14
2024	strangepg	0.8.15
2024	strangepg	0.8.16
2024	strangepg	0.8.2
2024	strangepg	0.8.3
2024	strangepg	0.8.4
2024	strangepg	0.8.5
2024	strangepg	0.8.6
2024	strangepg	0.8.7
2024	strangepg	0.8.8
2024	strangepg	0.8.9
2024	stranger	0.9.0
2024	stranger	0.9.1
2024	stranger	0.9.2
2024	stranger	0.9.3
2024	strdust	0.8.0
2024	strdust	0.8.2
2024	stringtie	2.2.2
2024	stringtie	2.2.3
2024	stripepy-hic	0.0.2
2024	strobealign	0.13.0
2024	strobealign	0.14.0
2024	strobealign	0.15.0
2024	strucvis	0.8
2024	strucvis	0.9
2024	stxtyper	1.0.25
2024	submission-excel2xml	2.5
2024	submission-excel2xml	2.6
2024	submission-excel2xml	2.8
2024	submission-excel2xml	2.8.1
2024	submission-excel2xml	2.9
2024	submission-excel2xml	2.9.1
2024	submission-excel2xml	3.0
2024	submission-excel2xml	3.1
2024	subread	2.0.8
2024	subset-bam	1.1.0
2024	suchtree	1.2
2024	superdsm	0.2.0
2024	superdsm	0.3.0
2024	superdsm	0.4.0
2024	superintervals	0.2.3
2024	superintervals	0.2.5
2024	survindel2	1.1.3
2024	svclone	1.1.3
2024	svdss	2.0.0
2024	svision-pro	2.0
2024	svision-pro	2.1
2024	svision-pro	2.2
2024	svision-pro	2.3
2024	svist4get	1.3.1.1
2024	svseq2	2
2024	svtopo	0.1.1
2024	svtopo	0.1.3
2024	svtopovz	0.1.1
2024	svtopovz	0.1.3
2024	svync	0.1.0
2024	svync	0.1.1
2024	svync	0.1.2
2024	swarm	3.1.5
2024	sylph-tax	1.0.0
2024	sylph-tax	1.1.0
2024	sylph	0.6.0
2024	sylph	0.6.1
2024	sylph	0.7.0
2024	sylph	0.8.0
2024	synapseclient	4.0.0
2024	synapseclient	4.1.0
2024	synapseclient	4.1.1
2024	synapseclient	4.2.0
2024	synapseclient	4.3.0
2024	synapseclient	4.3.1
2024	synapseclient	4.4.0
2024	synapseclient	4.4.1
2024	synapseclient	4.5.0
2024	syngap	1.2.2
2024	syngap	1.2.3
2024	syngap	1.2.4
2024	syngap	1.2.5
2024	syny	1.1a
2024	syny	1.1b
2024	syny	1.2
2024	syri	1.7.0
2024	t1k	1.0.6
2024	table2asn	1.28.1111
2024	table2asn	1.28.1179
2024	tadrep	0.9.2
2024	tajimas_d	2.0.1
2024	tajimas_d	2.0.2
2024	tandem-genotypes	1.9.2
2024	tantan	50
2024	tantan	51
2024	taseq	1.0.0
2024	taseq	1.1.0
2024	taxmyphage	0.2.7
2024	taxmyphage	0.2.8
2024	taxmyphage	0.2.9
2024	taxmyphage	0.3.0
2024	taxmyphage	0.3.1
2024	taxmyphage	0.3.2
2024	taxmyphage	0.3.3
2024	taxonkit	0.16.0
2024	taxonkit	0.17.0
2024	taxonkit	0.18.0
2024	taxonomy	0.10.0
2024	taxopy	0.13.0
2024	taxor	0.1.1
2024	taxor	0.1.2
2024	taxor	0.1.3
2024	taxpasta	0.7.0
2024	tb-profiler	6.0.0
2024	tb-profiler	6.1.0
2024	tb-profiler	6.2.0
2024	tb-profiler	6.2.1
2024	tb-profiler	6.3.0
2024	tb-profiler	6.4.0
2024	tb-profiler	6.4.1
2024	tb-profiler	6.5.0
2024	tbpore	0.7.1
2024	tbtamr	1.0.2
2024	tbvcfreport	1.0.0
2024	tbvcfreport	1.0.1
2024	tcdemux	0.0.25
2024	tcdemux	0.0.26
2024	tcdemux	0.1.1
2024	tcfinder	1.0.0
2024	tefinder	2.32
2024	teloclip	0.0.5
2024	teloclip	0.1.0
2024	telometer	0.81
2024	telometer	1.0
2024	telometer	1.1
2024	teloscope	0.0.2
2024	teloscope	0.0.3
2024	teloscope	0.0.4
2024	teloscope	0.0.5
2024	teloscope	0.0.6
2024	telosearchlr	1.0.1
2024	terrace	1.1.1
2024	terrace	1.1.2
2024	tesorter	1.4.7
2024	test	0.4
2024	tetrimmer	1.4.0
2024	thapbi-pict	1.0.10
2024	thapbi-pict	1.0.11
2024	thapbi-pict	1.0.12
2024	thapbi-pict	1.0.13
2024	thapbi-pict	1.0.14
2024	thapbi-pict	1.0.15
2024	thapbi-pict	1.0.16
2024	thapbi-pict	1.0.17
2024	thapbi-pict	1.0.18
2024	thapbi-pict	1.0.19
2024	thapbi-pict	1.0.6
2024	thapbi-pict	1.0.7
2024	thapbi-pict	1.0.8
2024	thapbi-pict	1.0.9
2024	thermorawfileparser	1.4.4
2024	thermorawfileparser	1.4.5
2024	tiberius	1.0.0
2024	tiberius	1.1.1
2024	tiddit	3.7.0
2024	tiddit	3.9.0
2024	tidehunter	1.5.5
2024	tides-ml	1.1.3
2024	tides-ml	1.1.4
2024	tides-ml	1.2.0
2024	tides-ml	1.3.0
2024	tides-ml	1.3.2
2024	tides-ml	1.3.4
2024	tides-ml	1.3.5
2024	tidk	0.2.63
2024	tinker	8.11.3
2024	tinscan	0.2.1
2024	tipp	1.1.0
2024	tipp	1.2.0
2024	tipp	1.3.0
2024	tir-learner	3.0.1
2024	tir-learner	3.0.2
2024	tir-learner	3.0.3
2024	tirmite	1.1.5
2024	tirmite	1.1.6
2024	tissuumaps	3.2.0.3
2024	tissuumaps	3.2.0.4
2024	tissuumaps	3.2.0.5
2024	tissuumaps	3.2.1.1
2024	tissuumaps	3.2.1.10
2024	tissuumaps	3.2.1.11
2024	tissuumaps	3.2.1.2
2024	tissuumaps	3.2.1.3
2024	tissuumaps	3.2.1.4
2024	tissuumaps	3.2.1.5
2024	tissuumaps	3.2.1.6
2024	tissuumaps	3.2.1.7
2024	tissuumaps	3.2.1.8
2024	tissuumaps	3.2.1.9
2024	tksm	0.5.0
2024	tksm	0.6.0
2024	tksm	0.6.1
2024	tmhg	1.0.1
2024	tmhg	1.0.2
2024	tmhg	1.0.3
2024	tn93	1.0.13
2024	tn93	1.0.14
2024	tntblast	2.4
2024	tntblast	2.61
2024	tntblast	2.66
2024	tobias	0.17.0
2024	tobias	0.17.1
2024	toil	6.0.0
2024	toil	6.1.0
2024	toil	7.0.0
2024	tooldistillator	0.8.4.0
2024	tooldistillator	0.8.4.1
2024	tooldistillator	0.8.5.0
2024	tooldistillator	0.9
2024	tooldistillator	0.9.1
2024	toulligqc	2.5.2
2024	toulligqc	2.5.3
2024	toulligqc	2.5.4
2024	toulligqc	2.5.5
2024	toulligqc	2.5.6
2024	toulligqc	2.7.1
2024	tower-cli	0.10.3
2024	tpmcalculator	0.0.5
2024	tr-trimmer	0.1.0
2024	tr-trimmer	0.2.0
2024	tracegroomer	0.1.1
2024	tracegroomer	0.1.2
2024	tracegroomer	0.1.3
2024	tracegroomer	0.1.4
2024	trackhub	1.0
2024	tracknado	0.2.4
2024	trackplot	0.3.7
2024	trackplot	0.3.8
2024	trackplot	0.4.0
2024	trackplot	0.5.0
2024	trackplot	0.5.1
2024	tracs	1.0.0
2024	tracs	1.0.1
2024	tracy	0.7.8
2024	transanno	0.4.5
2024	transannot	3.0.0
2024	transannot	3.70b2a60
2024	transannot	3.7f1c8e1
2024	tree-qmc	3.0.0
2024	tree-qmc	3.0.1
2024	tree-qmc	3.0.4
2024	treeqmc	3.0.1
2024	treesap	1.0.10
2024	treesimulator	0.1.22
2024	treesimulator	0.2.0
2024	treesimulator	0.2.1
2024	treeswift	1.1.40
2024	treeswift	1.1.42
2024	treeswift	1.1.43
2024	treeswift	1.1.44
2024	treeswift	1.1.45
2024	treetime	0.11.2
2024	treetime	0.11.3
2024	treetime	0.11.4
2024	trgt	0.8.0
2024	trgt	0.9.0
2024	trgt	1.0.0
2024	trgt	1.1.0
2024	trgt	1.2.0
2024	trgt	1.3.0
2024	trgt	1.4.0
2024	trgt	1.4.1
2024	tribal	0.1.1
2024	trimal	1.5.0
2024	trimnami	0.1.2
2024	trimnami	0.1.3
2024	trimnami	0.1.4
2024	trinity	2.15.2
2024	trtools	6.0.0
2024	trtools	6.0.1
2024	trtools	6.0.2
2024	trtools	6.1.0
2024	trust4	1.0.14
2024	trust4	1.1.0
2024	trust4	1.1.1
2024	trust4	1.1.2
2024	trust4	1.1.3
2024	trust4	1.1.4
2024	trust4	1.1.5
2024	truvari	4.2.2
2024	truvari	4.3.0
2024	truvari	4.3.1
2024	trycycler	0.5.5
2024	tsebra	1.1.2.3
2024	tsebra	1.1.2.4
2024	tsebra	1.1.2.5
2024	tttrlib	0.25.0
2024	tttrlib	0.25.1
2024	ucsc-addcols	466
2024	ucsc-addcols	469
2024	ucsc-ameme	466
2024	ucsc-ameme	469
2024	ucsc-autodtd	466
2024	ucsc-autodtd	469
2024	ucsc-autosql	466
2024	ucsc-autosql	469
2024	ucsc-autoxml	466
2024	ucsc-autoxml	469
2024	ucsc-avecols	466
2024	ucsc-avecols	469
2024	ucsc-axtchain	469
2024	ucsc-axtsort	466
2024	ucsc-axtsort	469
2024	ucsc-axtswap	466
2024	ucsc-axtswap	469
2024	ucsc-axttomaf	469
2024	ucsc-axttopsl	469
2024	ucsc-bamtopsl	469
2024	ucsc-bedclip	469
2024	ucsc-bedcommonregions	466
2024	ucsc-bedcommonregions	469
2024	ucsc-bedcoverage	469
2024	ucsc-bedextendranges	469
2024	ucsc-bedgeneparts	466
2024	ucsc-bedgeneparts	469
2024	ucsc-bedgraphpack	466
2024	ucsc-bedgraphpack	469
2024	ucsc-bedgraphtobigwig	455
2024	ucsc-bedgraphtobigwig	469
2024	ucsc-bedgraphtobigwig	472
2024	ucsc-bedintersect	469
2024	ucsc-beditemoverlapcount	469
2024	ucsc-bedpileups	469
2024	ucsc-bedremoveoverlap	466
2024	ucsc-bedremoveoverlap	469
2024	ucsc-bedrestricttopositions	469
2024	ucsc-bedsort	466
2024	ucsc-bedsort	469
2024	ucsc-bedtobigbed	469
2024	ucsc-bedtobigbed	473
2024	ucsc-bedtogenepred	466
2024	ucsc-bedtogenepred	469
2024	ucsc-bedtopsl	469
2024	ucsc-bedweedoverlapping	469
2024	ucsc-bigbedinfo	465
2024	ucsc-bigbedinfo	469
2024	ucsc-bigbednameditems	465
2024	ucsc-bigbednameditems	469
2024	ucsc-bigbedsummary	465
2024	ucsc-bigbedsummary	469
2024	ucsc-bigbedtobed	465
2024	ucsc-bigbedtobed	469
2024	ucsc-bigmaftomaf	465
2024	ucsc-bigmaftomaf	469
2024	ucsc-bigpsltopsl	465
2024	ucsc-bigpsltopsl	469
2024	ucsc-bigwigaverageoverbed	465
2024	ucsc-bigwigaverageoverbed	469
2024	ucsc-bigwigcat	465
2024	ucsc-bigwigcat	469
2024	ucsc-bigwigcluster	465
2024	ucsc-bigwigcluster	469
2024	ucsc-bigwigcorrelate	465
2024	ucsc-bigwigcorrelate	469
2024	ucsc-bigwiginfo	466
2024	ucsc-bigwiginfo	469
2024	ucsc-bigwigmerge	466
2024	ucsc-bigwigmerge	469
2024	ucsc-bigwigsummary	469
2024	ucsc-bigwigtobedgraph	469
2024	ucsc-bigwigtowig	469
2024	ucsc-blasttopsl	469
2024	ucsc-blat	466
2024	ucsc-blat	468
2024	ucsc-blat	469
2024	ucsc-blat	472
2024	ucsc-catdir	469
2024	ucsc-catuncomment	469
2024	ucsc-cell-browser	1.2.4
2024	ucsc-cell-browser	1.2.5
2024	ucsc-cell-browser	1.2.6
2024	ucsc-cell-browser	1.2.7
2024	ucsc-cell-browser	1.2.8
2024	ucsc-chainantirepeat	469
2024	ucsc-chainfilter	469
2024	ucsc-chainmergesort	469
2024	ucsc-chainnet	469
2024	ucsc-chainprenet	469
2024	ucsc-chainsort	469
2024	ucsc-chainsplit	469
2024	ucsc-chainstitchid	469
2024	ucsc-chainswap	469
2024	ucsc-chaintoaxt	469
2024	ucsc-chaintopsl	469
2024	ucsc-chaintopslbasic	469
2024	ucsc-checkagpandfa	469
2024	ucsc-checkcoveragegaps	469
2024	ucsc-checktablecoords	469
2024	ucsc-chopfalines	469
2024	ucsc-chromgraphfrombin	469
2024	ucsc-chromgraphtobin	469
2024	ucsc-coltransform	469
2024	ucsc-countchars	469
2024	ucsc-crtreeindexbed	469
2024	ucsc-crtreesearchbed	469
2024	ucsc-dbsnoop	469
2024	ucsc-dbtrash	469
2024	ucsc-estorient	469
2024	ucsc-expmatrixtobarchartbed	469
2024	ucsc-faalign	469
2024	ucsc-facmp	469
2024	ucsc-facount	469
2024	ucsc-fafilter	469
2024	ucsc-fafiltern	469
2024	ucsc-fafrag	469
2024	ucsc-fanoise	469
2024	ucsc-faonerecord	469
2024	ucsc-fapolyasizes	469
2024	ucsc-farandomize	469
2024	ucsc-farc	469
2024	ucsc-fasize	469
2024	ucsc-fasomerecords	469
2024	ucsc-fasplit	469
2024	ucsc-fastqstatsandsubsample	469
2024	ucsc-fastqtofa	469
2024	ucsc-fatofastq	469
2024	ucsc-fatotab	469
2024	ucsc-fatotwobit	469
2024	ucsc-fatotwobit	472
2024	ucsc-fatovcf	473
2024	ucsc-fatrans	469
2024	ucsc-featurebits	469
2024	ucsc-fetchchromsizes	466
2024	ucsc-fetchchromsizes	469
2024	ucsc-findmotif	469
2024	ucsc-gaptolift	469
2024	ucsc-genepredcheck	469
2024	ucsc-genepredfilter	469
2024	ucsc-genepredhisto	469
2024	ucsc-genepredsinglecover	469
2024	ucsc-genepredtobed	469
2024	ucsc-genepredtobiggenepred	469
2024	ucsc-genepredtofakepsl	469
2024	ucsc-genepredtogtf	465
2024	ucsc-genepredtogtf	469
2024	ucsc-genepredtomafframes	469
2024	ucsc-genepredtoprot	469
2024	ucsc-gensub2	469
2024	ucsc-getrna	469
2024	ucsc-getrnapred	469
2024	ucsc-gff3togenepred	469
2024	ucsc-gff3topsl	469
2024	ucsc-gmtime	469
2024	ucsc-gtftogenepred	469
2024	ucsc-headrest	469
2024	ucsc-hgbbidblink	469
2024	ucsc-hgfakeagp	469
2024	ucsc-hgfindspec	469
2024	ucsc-hggcpercent	469
2024	ucsc-hgloadbed	469
2024	ucsc-hgloadchain	469
2024	ucsc-hgloadmaf	469
2024	ucsc-hgloadnet	469
2024	ucsc-hgloadout	469
2024	ucsc-hgloadoutjoined	469
2024	ucsc-hgloadsqltab	469
2024	ucsc-hgloadwiggle	469
2024	ucsc-hgspeciesrna	469
2024	ucsc-hgsqldump	469
2024	ucsc-htmlcheck	469
2024	ucsc-hubpubliccheck	469
2024	ucsc-ixixx	466
2024	ucsc-ixixx	469
2024	ucsc-lavtoaxt	469
2024	ucsc-lavtopsl	469
2024	ucsc-ldhggene	469
2024	ucsc-liftover	469
2024	ucsc-liftup	469
2024	ucsc-linestora	469
2024	ucsc-localtime	469
2024	ucsc-mafaddirows	469
2024	ucsc-mafaddqrows	469
2024	ucsc-mafcoverage	469
2024	ucsc-maffetch	469
2024	ucsc-maffilter	469
2024	ucsc-maffrag	469
2024	ucsc-maffrags	469
2024	ucsc-mafgene	469
2024	ucsc-mafmefirst	469
2024	ucsc-maforder	469
2024	ucsc-mafranges	469
2024	ucsc-mafsinregion	469
2024	ucsc-mafspecieslist	469
2024	ucsc-mafspeciessubset	469
2024	ucsc-mafsplit	469
2024	ucsc-mafsplitpos	469
2024	ucsc-maftoaxt	469
2024	ucsc-maftobigmaf	469
2024	ucsc-maftopsl	469
2024	ucsc-maftosnpbed	469
2024	ucsc-maketablelist	469
2024	ucsc-maskoutfa	469
2024	ucsc-mktime	469
2024	ucsc-mrnatogene	469
2024	ucsc-netchainsubset	469
2024	ucsc-netclass	469
2024	ucsc-netfilter	469
2024	ucsc-netsplit	469
2024	ucsc-netsyntenic	469
2024	ucsc-nettoaxt	469
2024	ucsc-nettobed	469
2024	ucsc-newprog	469
2024	ucsc-newpythonprog	469
2024	ucsc-nibfrag	466
2024	ucsc-nibfrag	469
2024	ucsc-nibsize	469
2024	ucsc-oligomatch	466
2024	ucsc-oligomatch	469
2024	ucsc-overlapselect	469
2024	ucsc-para	469
2024	ucsc-parafetch	469
2024	ucsc-parahub	469
2024	ucsc-parahubstop	469
2024	ucsc-paranode	469
2024	ucsc-paranodestart	469
2024	ucsc-paranodestatus	469
2024	ucsc-paranodestop	469
2024	ucsc-parasol	469
2024	ucsc-parasync	469
2024	ucsc-paratestjob	469
2024	ucsc-positionaltblcheck	469
2024	ucsc-pslcat	469
2024	ucsc-pslcdnafilter	469
2024	ucsc-pslcdnafilter	472
2024	ucsc-pslcheck	469
2024	ucsc-psldropoverlap	469
2024	ucsc-pslfilter	469
2024	ucsc-pslhisto	466
2024	ucsc-pslhisto	469
2024	ucsc-pslliftsubrangeblat	469
2024	ucsc-pslmap	469
2024	ucsc-pslmappostchain	469
2024	ucsc-pslmrnacover	469
2024	ucsc-pslpairs	466
2024	ucsc-pslpairs	469
2024	ucsc-pslpartition	469
2024	ucsc-pslpostarget	466
2024	ucsc-pslpostarget	469
2024	ucsc-pslpretty	469
2024	ucsc-pslrc	469
2024	ucsc-pslrecalcmatch	466
2024	ucsc-pslrecalcmatch	469
2024	ucsc-pslreps	469
2024	ucsc-pslscore	469
2024	ucsc-pslselect	469
2024	ucsc-pslsomerecords	469
2024	ucsc-pslsort	466
2024	ucsc-pslsort	469
2024	ucsc-pslstats	469
2024	ucsc-pslswap	469
2024	ucsc-psltobed	466
2024	ucsc-psltobed	469
2024	ucsc-psltobigpsl	469
2024	ucsc-psltochain	466
2024	ucsc-psltochain	469
2024	ucsc-psltopslx	469
2024	ucsc-pslxtofa	469
2024	ucsc-qacagplift	469
2024	ucsc-qactoqa	469
2024	ucsc-qactowig	466
2024	ucsc-qactowig	469
2024	ucsc-qatoqac	469
2024	ucsc-randomlines	469
2024	ucsc-rasqlquery	469
2024	ucsc-ratolines	469
2024	ucsc-ratotab	469
2024	ucsc-rmfadups	469
2024	ucsc-rowstocols	469
2024	ucsc-spacedtotab	469
2024	ucsc-splitfile	469
2024	ucsc-splitfilebycolumn	469
2024	ucsc-sqltoxml	469
2024	ucsc-stringify	466
2024	ucsc-stringify	469
2024	ucsc-stringify	472
2024	ucsc-subchar	466
2024	ucsc-subchar	469
2024	ucsc-subcolumn	469
2024	ucsc-taillines	469
2024	ucsc-tdbquery	469
2024	ucsc-texthistogram	469
2024	ucsc-ticktodate	469
2024	ucsc-tolower	466
2024	ucsc-tolower	469
2024	ucsc-toupper	469
2024	ucsc-transmappsltogenepred	469
2024	ucsc-trfbig	469
2024	ucsc-twobitdup	469
2024	ucsc-twobitinfo	455
2024	ucsc-twobitinfo	469
2024	ucsc-twobitinfo	472
2024	ucsc-twobitmask	469
2024	ucsc-twobittofa	469
2024	ucsc-twobittofa	472
2024	ucsc-validatefiles	469
2024	ucsc-validatemanifest	469
2024	ucsc-websync	469
2024	ucsc-wigcorrelate	469
2024	ucsc-wigtobigwig	469
2024	ucsc-wigtobigwig	472
2024	ucsc-wordline	469
2024	ucsc-xmlcat	466
2024	ucsc-xmlcat	469
2024	ucsc-xmltosql	469
2024	ufcg	1.0.6
2024	umi-transfer	1.5.0
2024	umi_tools	1.1.5
2024	umi_tools	1.1.6
2024	umicollapse	1.1.0
2024	unassigner	1.0.0
2024	unassigner	1.0.2
2024	unassigner	1.1.0
2024	unicore	1.0.0c
2024	unicore	1.0.1
2024	unicycler	0.5.1
2024	unikmer	0.20.0
2024	unikseq	1.3.5
2024	unikseq	2.0.0
2024	unitig-caller	1.3.1
2024	usalign	2024.07.30
2024	usearch	12.0_beta
2024	vadr	1.6.4
2024	vamb	4.1.3
2024	vamos	2.1.0
2024	vamos	2.1.1
2024	vamos	2.1.2
2024	vamos	2.1.3
2024	vamos	2.1.4
2024	vamos	2.1.5
2024	varcode	1.2.0
2024	varcode	1.2.1
2024	varfish-cli	0.6.2
2024	varfish-cli	0.6.3
2024	varfish-cli	0.6.4
2024	varfish-server-worker	0.11.0
2024	varfish-server-worker	0.12.0
2024	varfish-server-worker	0.13.0
2024	varifier	0.4.0
2024	varlociraptor	8.4.10
2024	varlociraptor	8.4.11
2024	varlociraptor	8.4.13
2024	varlociraptor	8.4.14
2024	varlociraptor	8.4.3
2024	varlociraptor	8.4.4
2024	varlociraptor	8.4.5
2024	varlociraptor	8.4.6
2024	varlociraptor	8.4.7
2024	varlociraptor	8.4.8
2024	varlociraptor	8.4.9
2024	varlociraptor	8.5.1
2024	varvamp	1.1
2024	varvamp	1.1.1
2024	varvamp	1.1.2
2024	varvamp	1.1.3
2024	varvamp	1.2.0
2024	varvamp	1.2.1
2024	vcf-validator	0.10.0
2024	vcf-validator	0.9.6
2024	vcf-validator	0.9.7
2024	vcf2circos	1.2.0
2024	vcf2maf	1.6.22
2024	vcf2parquet	0.5.0
2024	vcf2variants	1.2
2024	vcf2variants	1.3
2024	vcfbub	0.1.1
2024	vcfdist	2.4.0
2024	vcfdist	2.5.0
2024	vcfdist	2.5.1
2024	vcfdist	2.5.2
2024	vcfdist	2.5.3
2024	vcflib	1.0.10
2024	vcfphasesets	0.3
2024	vcfpy	0.13.8
2024	vcfsim	1.0.10.alpha
2024	vcfsim	1.0.11.alpha
2024	vcfsim	1.0.12.alpha
2024	vcfsim	1.0.13.alpha
2024	vcfsim	1.0.15.alpha
2024	vcfsim	1.0.16.alpha
2024	vcfsim	1.0.8.alpha
2024	vcfsim	1.0.9.alpha
2024	vclean	0.0.2
2024	vclean	0.1.2
2024	vclean	0.1.3
2024	vclean	0.1.4
2024	vclean	0.1.5
2024	vclean	0.1.9
2024	vclean	0.2.0
2024	vclean	0.2.1
2024	vclust	1.2.7
2024	vclust	1.2.8
2024	vclust	1.2.9
2024	vcontact3	3.0.0.b38
2024	vcontact3	3.0.0.b65
2024	vcontact3	3.0.0.b74
2024	vembrane	1.0.5
2024	vembrane	1.0.6
2024	vembrane	1.0.7
2024	venndata	0.1.0
2024	verkko	2.0
2024	verkko	2.1
2024	verkko	2.2
2024	verkko	2.2.1
2024	versionix	0.2.4
2024	versionix	0.3.0
2024	versionix	0.99.0
2024	versionix	0.99.1
2024	versionix	0.99.2
2024	veryfasttree	4.0.4
2024	vg	1.54.0
2024	vg	1.55.0
2024	vg	1.56.0
2024	vg	1.59.0
2024	vg	1.60.0
2024	vg	1.61.0
2024	vgan	3.0.0
2024	vgorient	0.1.1
2024	viennarna	2.7.0
2024	viguno	0.2.1
2024	viguno	0.3.1
2024	viguno	0.3.2
2024	viloca	1.0.0
2024	viral_consensus	0.0.5
2024	viral_consensus	0.0.6
2024	viralmsa	1.1.41
2024	viralmsa	1.1.42
2024	viralmsa	1.1.43
2024	viralmsa	1.1.44
2024	virdig	1.0.0
2024	vireosnp	0.5.8
2024	virheat	0.7
2024	virheat	0.7.1
2024	virheat	0.7.2
2024	virheat	0.7.3
2024	viroconstrictor	1.4.1
2024	viroconstrictor	1.4.2
2024	viroconstrictor	1.4.3
2024	viroconstrictor	1.4.4
2024	viroconstrictor	1.4.5
2024	viroconstrictor	1.4.6
2024	virstrain	1.17
2024	virusrecom	1.1.2.2
2024	virusrecom	1.1.3
2024	virusrecom	1.1.3.1
2024	virusrecom	1.1.4
2024	virusrecom	1.1.5
2024	virusrecom	1.1.7
2024	virusrecom	1.2.0
2024	virusrecom	1.2.1
2024	virusrecom	1.3.1
2024	virusrecom	1.3.2
2024	virusrecom	1.3.5
2024	virusrecom	1.3.6
2024	vitap	1.1
2024	vitap	1.2
2024	vitap	1.5
2024	vitap	1.7
2024	voyager	0.1.0
2024	voyager	0.1.1
2024	voyager	0.1.2
2024	voyager	0.1.3
2024	voyager	0.1.4
2024	vsearch	2.27.0
2024	vsearch	2.27.1
2024	vsearch	2.28.1
2024	vsearch	2.29.0
2024	vsearch	2.29.1
2024	vsearch	2.29.2
2024	vsnp3	3.19
2024	vsnp3	3.20
2024	vsnp3	3.21
2024	vsnp3	3.22
2024	vsnp3	3.23
2024	vsnp3	3.24
2024	vsnp3	3.25
2024	vsnp3	3.26
2024	vvv2_display	0.2.1
2024	vvv2_display	0.2.2
2024	wally	0.5.9
2024	wally	0.6.1
2024	wfa2-lib	2.3.5
2024	wfmash	0.12.5
2024	wfmash	0.12.6
2024	wfmash	0.13.0
2024	wfmash	0.13.1
2024	wfmash	0.14.0
2024	wfmash	0.15.0
2024	wfmash	0.16.0
2024	wfmash	0.17.0
2024	wfmash	0.18.0
2024	wfmash	0.19.0
2024	wfmash	0.20.0
2024	wfmash	0.21.0
2024	wgatools	0.1.0
2024	wgatools	0.1.1
2024	wgd	2.0.25
2024	wgd	2.0.26
2024	wgd	2.0.27
2024	wgd	2.0.28
2024	wgd	2.0.29
2024	wgd	2.0.30
2024	wgd	2.0.31
2024	wgd	2.0.32
2024	wgd	2.0.33
2024	wgd	2.0.34
2024	wgd	2.0.35
2024	wgd	2.0.37
2024	wgd	2.0.38
2024	wgdi	0.7
2024	wgdi	0.71
2024	wgdi	0.72
2024	whatshap	2.2
2024	whatshap	2.3
2024	wipertools	1.1.0
2024	wipertools	1.1.1
2024	wipertools	1.1.3
2024	wisecondorx	1.2.6
2024	wisecondorx	1.2.7
2024	wisecondorx	1.2.8
2024	wisecondorx	1.2.9
2024	woltka	0.1.6
2024	woltka	0.1.7
2024	xclone	0.3.8
2024	xengsort	2.0.5
2024	xengsort	2.0.7
2024	xengsort	2.0.8
2024	yacht	1.2.1
2024	yacht	1.2.2
2024	yacht	1.2.3
2024	yacht	1.3.0
2024	yahs	1.2
2024	yahs	1.2.1
2024	yahs	1.2.2
2024	ymp	0.3.1
2024	zamp	1.0.0
2024	zarp	1.0.0
2024	zdb	1.2.3
2024	zdb	1.3.0
2024	zdb	1.3.1
2024	zdb	1.3.2
2024	zdb	1.3.3
2024	zdb	1.3.4
2024	zga	0.1.1
2024	zol	1.3.17
2024	zol	1.3.18
2024	zol	1.3.19
2024	zol	1.3.20
2024	zol	1.4.1
2024	zol	1.4.10
2024	zol	1.4.11
2024	zol	1.4.12
2024	zol	1.4.2
2024	zol	1.4.3
2024	zol	1.4.4
2024	zol	1.4.5
2024	zol	1.4.7
2024	zol	1.4.8
2024	zol	1.4.9
2024	zol	1.5.0
2024	zol	1.5.1
2024	zol	1.5.2
2024	zol	1.5.3
2024	zol	1.5.4
2024	zol	1.5.5
2024	zol	1.5.6
2024	zol	1.5.7
2024	zol	1.5.8
2025	a3partitioner	0.1.0
2025	aardvark	0.10.1
2025	aardvark	0.10.2
2025	aardvark	0.10.3
2025	aardvark	0.7.2
2025	aardvark	0.7.3
2025	aardvark	0.7.4
2025	aardvark	0.8.0
2025	aardvark	0.8.1
2025	aardvark	0.9.0
2025	abismal	3.3.0
2025	abnumber	0.4.3
2025	abnumber	0.4.4
2025	abpoa	1.5.4
2025	abpoa	1.5.5
2025	abricate	1.2.0
2025	abritamr	1.0.20
2025	accusnv	1.0.0.3
2025	accusnv	1.0.0.4
2025	accusnv	1.0.0.5
2025	aci	1.15.250702
2025	aci	1.45.251125
2025	actc	0.6.1
2025	adas	0.1.2
2025	adas	0.1.3
2025	addeam	1.0.0
2025	admixtools	8.0.2
2025	afpdb	0.3.0
2025	afpdb	0.3.1
2025	afragmenter	0.0.3
2025	afragmenter	0.0.4
2025	afragmenter	0.0.5
2025	afragmenter	0.0.6
2025	afwdist	1.0.0
2025	agat	1.5.0
2025	agat	1.5.1
2025	agc	3.2.1
2025	agtools	0.1.0
2025	agtools	0.1.1
2025	agtools	0.1.2
2025	agtools	1.0.0
2025	agtools	1.0.1
2025	agtools	1.0.2
2025	albatradis	1.1.2
2025	alen	0.3.2
2025	alevin-fry	0.11.2
2025	alfred	0.5.1
2025	aliceasm	0.6.32
2025	aliceasm	0.6.33
2025	aliceasm	0.6.34
2025	aliceasm	0.6.36
2025	aliceasm	0.6.37
2025	aliceasm	0.6.38
2025	aliceasm	0.6.41
2025	alientrimmer	2.1
2025	align_trim	1.0.1
2025	align_trim	1.0.2
2025	alignoth	0.14.0
2025	alignoth	0.14.1
2025	alignoth	0.14.2
2025	alignoth	0.14.3
2025	alignoth	0.15.0
2025	alignoth	0.16.0
2025	alignoth	0.16.1
2025	alignoth	0.16.2
2025	alignoth	0.16.3
2025	alignoth	0.16.4
2025	alignoth	1.0.1
2025	alignoth	1.0.2
2025	alignoth	1.1.0
2025	alignoth	1.1.1
2025	alignoth	1.1.2
2025	alignoth	1.1.3
2025	alignoth	1.1.5
2025	alignoth	1.1.6
2025	alignoth	1.2.0
2025	alignoth	1.2.1
2025	alignoth	1.3.0
2025	alignoth	1.4.0
2025	alignoth	1.4.1
2025	aliview	1.30
2025	allelecodes	2.1
2025	alloshp	2025.09.08
2025	alloshp	2025.09.08d
2025	alloshp	2025.09.12
2025	alphafill	2.2.0
2025	altamisa	0.3.1
2025	altex-be	1.0.0
2025	altex-be	1.0.2
2025	altex-be	1.0.3
2025	amalgkit	0.12.15
2025	amalgkit	0.12.16
2025	amalgkit	0.12.17
2025	amalgkit	0.12.18
2025	amalgkit	0.12.19
2025	amalgkit	0.12.20
2025	amaranth-assembler	0.1.0
2025	amdirt	1.6.5
2025	amiga	3.0.2
2025	amiga	3.0.3
2025	amiga	3.0.4
2025	aminoextract	0.4.0
2025	aminoextract	0.4.1
2025	amira	0.10.0
2025	amira	0.11.0
2025	amira	0.9.1
2025	amira	0.9.2
2025	amira	0.9.3
2025	ampd-up	1.0.1
2025	ampliconsplitter	1.9.22
2025	ampliconsuite	1.3.6
2025	ampliconsuite	1.3.7
2025	ampliconsuite	1.3.8
2025	ampliconsuite	1.3.9
2025	ampliconsuite	1.4.0
2025	ampliconsuite	1.5.0
2025	amplicontyper	0.1.29
2025	amplify	2.0.1
2025	ampligone	2.0.1
2025	ampligone	2.0.2
2025	amrfior	0.2.3
2025	amrfior	0.4.0
2025	amrfior	0.4.1
2025	amrfior	0.5.0
2025	amulety	1.0
2025	amulety	1.1
2025	amulety	2.0
2025	amulety	2.1
2025	anchorwave	1.2.6
2025	aniclustermap	2.0.1
2025	anndata2ri	2.0
2025	annembed	0.1.8
2025	annembed	0.1.9
2025	annembed	0.2.0
2025	annembed	0.2.1
2025	annembed	0.2.2
2025	annembed	0.2.3
2025	annembed	0.2.4
2025	annembed	0.2.5
2025	annembed	0.2.6
2025	annonars	0.44.0
2025	annonars	0.44.1
2025	annosine2	2.0.8
2025	annosine2	2.0.9
2025	annotsv	3.4.6
2025	annotsv	3.5
2025	annotsv	3.5.1
2025	annotsv	3.5.2
2025	annotsv	3.5.3
2025	anospp-analysis	0.4.0
2025	antismash-lite	8.0.0
2025	antismash-lite	8.0.1
2025	antismash	8.0.0
2025	antismash	8.0.1
2025	antismash	8.0.2
2025	antismash	8.0.4
2025	any2fasta	0.6.0
2025	any2fasta	0.6.2
2025	any2fasta	0.8.1
2025	apscale	3.0.2
2025	apscale	4.0.5
2025	apscale	4.0.6
2025	apscale	4.0.7
2025	apscale	4.1.1
2025	apscale	4.1.2
2025	apscale	4.1.3
2025	apscale	4.1.4
2025	apscale	4.1.6
2025	apscale	4.2.2
2025	apscale	4.2.3
2025	arborator	1.0.6
2025	arborator	1.1.0
2025	arborator	1.2.0
2025	arborist	1.0.0
2025	architeuthis	0.4.0
2025	argnorm	0.7.0
2025	argnorm	0.8.0
2025	argnorm	1.0.0
2025	argnorm	1.1.0
2025	argo	0.2.0
2025	argo	0.2.1
2025	argparse-tui	0.3.1
2025	ariba	2.14.7
2025	arriba	2.5.0
2025	arriba	2.5.1
2025	art_modern-openmpi	1.2.0
2025	art_modern-openmpi	1.3.0
2025	art_modern-openmpi	1.3.1
2025	art_modern-openmpi	1.3.2
2025	art_modern	1.1.10
2025	art_modern	1.1.4
2025	art_modern	1.1.6
2025	art_modern	1.1.7
2025	art_modern	1.1.8
2025	art_modern	1.2.0
2025	art_modern	1.2.1
2025	art_modern	1.3.0
2025	art_modern	1.3.1
2025	art_modern	1.3.2
2025	artex	0.2.0
2025	artic	1.6.0
2025	artic	1.6.1
2025	artic	1.6.2
2025	artic	1.6.3
2025	artic	1.6.4
2025	artic	1.6.5
2025	artic	1.7.0
2025	artic	1.7.1
2025	artic	1.7.2
2025	artic	1.7.3
2025	artic	1.7.4
2025	artic	1.7.5
2025	artic	1.8.0
2025	artic	1.8.1
2025	artic	1.8.2
2025	artic	1.8.3
2025	artic	1.8.4
2025	artic	1.8.5
2025	arvados-cwl-runner	3.1.2
2025	arvados-python-client	3.1.0
2025	arvados-python-client	3.1.1
2025	arvados-python-client	3.1.2
2025	arvados-python-client	3.2.0
2025	asciigenome	1.19.0
2025	aspera-cli	4.20.0
2025	assembly_finder	0.9.0
2025	assembly_uploader	1.3.2
2025	assembly_uploader	1.3.4
2025	assembly_uploader	1.3.5
2025	aster	1.22
2025	aster	1.23
2025	atlas	2.0.1
2025	atol-bpa-datamapper	0.1.1
2025	atol-bpa-datamapper	0.1.10
2025	atol-bpa-datamapper	0.1.11
2025	atol-bpa-datamapper	0.1.12
2025	atol-bpa-datamapper	0.1.13
2025	atol-bpa-datamapper	0.1.14
2025	atol-bpa-datamapper	0.1.16
2025	atol-bpa-datamapper	0.1.17
2025	atol-bpa-datamapper	0.1.2
2025	atol-bpa-datamapper	0.1.3
2025	atol-bpa-datamapper	0.1.4
2025	atol-bpa-datamapper	0.1.5
2025	atol-bpa-datamapper	0.1.6
2025	atol-bpa-datamapper	0.1.7
2025	atol-bpa-datamapper	0.1.8
2025	atol-bpa-datamapper	0.1.9
2025	atol-genome-launcher	0.1.5
2025	atol-qc-annotation	0.1.0
2025	atol-qc-annotation	0.1.1
2025	atol-qc-annotation	0.1.2
2025	atol-qc-annotation	0.1.3
2025	atol-qc-annotation	0.1.4
2025	atol-qc-raw-ont	0.1.10
2025	atol-qc-raw-ont	0.1.11
2025	atol-qc-raw-ont	0.1.12
2025	atol-qc-raw-ont	0.1.2
2025	atol-qc-raw-ont	0.1.3
2025	atol-qc-raw-ont	0.1.4
2025	atol-qc-raw-ont	0.1.5
2025	atol-qc-raw-ont	0.1.6
2025	atol-qc-raw-ont	0.1.7
2025	atol-qc-raw-ont	0.1.9
2025	atol-qc-raw-shortread	0.1.1
2025	atol-qc-raw-shortread	0.1.2
2025	atol-qc-raw-shortread	0.1.3
2025	atol-qc-raw-shortread	0.1.4
2025	atol-qc-raw-shortread	0.1.5
2025	atol-qc-raw-shortread	0.1.6
2025	atol-qc-raw-shortread	0.1.7
2025	augur	27.1.0
2025	augur	27.2.0
2025	augur	28.0.0
2025	augur	28.0.1
2025	augur	29.0.0
2025	augur	29.1.0
2025	augur	30.0.0
2025	augur	30.0.1
2025	augur	31.0.0
2025	augur	31.1.0
2025	augur	31.2.0
2025	augur	31.2.1
2025	augur	31.3.0
2025	augur	31.4.0
2025	augur	31.5.0
2025	augur	32.0.0
2025	augur	32.1.0
2025	auspice	2.62.0
2025	auspice	2.63.0
2025	auspice	2.64.0
2025	auspice	2.65.0
2025	auspice	2.66.0
2025	autobigs-cli	0.4.2
2025	autobigs-cli	0.5.0
2025	autobigs-cli	0.6.0
2025	autobigs-cli	0.6.2
2025	autobigs-cli	0.6.3
2025	autobigs-cli	0.6.5
2025	autobigs-engine	0.11.0
2025	autobigs-engine	0.12.0
2025	autobigs-engine	0.13.0
2025	autobigs-engine	0.14.2
2025	autobigs-engine	0.7.2
2025	autobigs-engine	0.8.0
2025	autocycler	0.2.1
2025	autocycler	0.3.0
2025	autocycler	0.4.0
2025	autocycler	0.5.0
2025	autocycler	0.5.1
2025	autocycler	0.5.2
2025	automappa	2.2.1
2025	aviary	0.11.0
2025	aviary	0.11.1
2025	aviary	0.12.0
2025	axe-demultiplexer	0.3.3
2025	b2b-utils	0.020
2025	babappalign	1.0.0
2025	babappalign	1.0.4
2025	bacpage	2025.08.21
2025	bactopia-py	1.4.0
2025	bactopia-py	1.5.0
2025	bactopia-py	1.5.1
2025	bactopia-py	1.6.1
2025	bactopia-py	1.7.0
2025	bactopia	3.2.0
2025	baczy	1.0.3
2025	bakrep-cli	1.0.0
2025	bakrep-cli	1.1.0
2025	bakta	1.10.4
2025	bakta	1.11.0
2025	bakta	1.11.1
2025	bakta	1.11.2
2025	bakta	1.11.3
2025	bakta	1.11.4
2025	baktfold	0.0.2
2025	baktfold	0.0.3
2025	bali-phy	4.0
2025	bali-phy	4.0beta17
2025	bali-phy	4.1
2025	bam2plot	0.3.7
2025	bamaligncleaner	0.3
2025	bamdam	0.1.1
2025	bamdam	0.2.0
2025	bamdam	0.2.2
2025	bamdam	0.3.0
2025	bamdam	0.4.2
2025	bamdash	0.4
2025	bamdash	0.4.1
2025	bamdash	0.4.2
2025	bamdash	0.4.3
2025	bamdash	0.4.4
2025	bamdash	0.4.5
2025	bamhash	2.0
2025	bamread	0.0.18
2025	bamread	0.0.20
2025	bamrescue	0.3.0
2025	bamslice	0.1.0
2025	bamslice	0.1.1
2025	bamslice	0.1.2
2025	bamslice	0.1.4
2025	bamslice	0.1.5
2025	bamslice	0.1.6
2025	bamtocov	2.8.0
2025	bamtools	2.5.3
2025	bandage	0.9.0
2025	bandage_ng	2025.12.1
2025	bandage_ng	2025.12.2
2025	bandage_ng	2025.12.3
2025	bandage_ng	2025.4.1
2025	bandage_ng	2025.5.1
2025	bandage_ng	2025.6.1
2025	bandwagon	0.3.4
2025	barbell	0.2.2
2025	barbell	0.3.0
2025	barcode-validator	2.0.0
2025	barcode-validator	2.0.1
2025	barcode-validator	2.0.10
2025	barcode-validator	2.0.2
2025	barcode-validator	2.0.3
2025	barcode-validator	2.0.5
2025	barcode-validator	2.0.6
2025	barcode-validator	2.0.7
2025	barcode-validator	2.0.8
2025	barcode-validator	2.0.9
2025	barcodeforge	1.0.0
2025	barcodeforge	1.1.0
2025	barcodeforge	1.1.1
2025	barcodeforge	1.1.2
2025	bayescode	1.3.3
2025	bayescode	1.3.4
2025	baypass	3.1
2025	bbmap	39.15
2025	bbmap	39.17
2025	bbmap	39.18
2025	bbmap	39.19
2025	bbmap	39.24
2025	bbmap	39.25
2025	bbmap	39.26
2025	bbmap	39.28
2025	bbmap	39.33
2025	bbmap	39.37
2025	bbmap	39.50
2025	bbmap	39.52
2025	bbmapy	0.0.46
2025	bbmapy	0.0.51
2025	bcftools-gtc2vcf-plugin	1.21
2025	bcftools-gtc2vcf-plugin	1.22
2025	bcftools-liftover-plugin	1.21
2025	bcftools-liftover-plugin	1.22
2025	bcftools	1.22
2025	bcftools	1.23
2025	beacon2-ri-tools	2.0.5
2025	beagle	5.5_27Feb25.75f
2025	beast	10.5.0
2025	bedops	2.4.42
2025	bedtk	1.1
2025	bedtk	1.2
2025	beem-bio	1.0.1
2025	bellavista	0.0.2
2025	bgen-cpp	1.1.7
2025	bifidoannotator	1.0.0
2025	bifidoannotator	1.0.1
2025	bifidoannotator	1.0.2
2025	bifrost-httr	0.1.0
2025	bifrost-httr	0.2.0
2025	bifrost-httr	0.2.1
2025	bifrost-httr	0.3.0
2025	bifrost-httr	0.3.1
2025	bifrost-httr	0.4.0
2025	bifrost-httr	0.4.2
2025	bifrost-httr	0.5.0
2025	bigmag	1.1.0
2025	bigscape	2.0.0
2025	bigslice	2.0.2
2025	bigtools	0.5.5
2025	bigtools	0.5.6
2025	bigwig-nim	0.0.3
2025	bin2cell	0.3.3
2025	bin2cell	0.3.4
2025	binchicken	0.12.11
2025	binchicken	0.13.0
2025	binchicken	0.13.1
2025	binchicken	0.13.2
2025	binchicken	0.13.3
2025	binchicken	0.13.4
2025	binchicken	0.13.5
2025	bindash	2.4
2025	bindash	2.5
2025	bindash	2.6
2025	bindashtree	0.1.1
2025	binette	1.0.5
2025	binette	1.1.0
2025	binette	1.1.1
2025	binette	1.1.2
2025	binette	1.2.0
2025	binette	1.2.1
2025	bio-ripser	1.2.1
2025	bio-unicorn	1.0.0
2025	bio-unicorn	2.0.0
2025	bio	1.8.0
2025	bio	1.8.1
2025	bio2zarr	0.1.5
2025	bio2zarr	0.1.6
2025	biobb_adapters	5.1.0
2025	biobb_adapters	5.1.1
2025	biobb_adapters	5.1.2
2025	biobb_amber	5.0.4
2025	biobb_amber	5.1.0
2025	biobb_amber	5.2.0
2025	biobb_analysis	5.1.0
2025	biobb_analysis	5.1.1
2025	biobb_analysis	5.1.2
2025	biobb_analysis	5.2.0
2025	biobb_chemistry	5.1.0
2025	biobb_chemistry	5.2.0
2025	biobb_cmip	5.1.0
2025	biobb_cmip	5.2.0
2025	biobb_common	5.0.1
2025	biobb_common	5.1.0
2025	biobb_common	5.1.1
2025	biobb_common	5.2.0
2025	biobb_cp2k	5.1.0
2025	biobb_cp2k	5.2.0
2025	biobb_dna	5.1.0
2025	biobb_dna	5.2.0
2025	biobb_flexdyn	5.1.0
2025	biobb_flexdyn	5.2.0
2025	biobb_flexserv	5.1.0
2025	biobb_flexserv	5.2.0
2025	biobb_godmd	5.1.0
2025	biobb_godmd	5.1.1
2025	biobb_godmd	5.1.2
2025	biobb_godmd	5.2.0
2025	biobb_gromacs	5.1.0
2025	biobb_gromacs	5.1.1
2025	biobb_gromacs	5.1.2
2025	biobb_gromacs	5.2.0
2025	biobb_haddock	5.0.1
2025	biobb_haddock	5.1.0
2025	biobb_haddock	5.1.1
2025	biobb_haddock	5.2.0
2025	biobb_io	5.1.0
2025	biobb_io	5.1.1
2025	biobb_io	5.2.0
2025	biobb_mem	5.0.5
2025	biobb_mem	5.0.6
2025	biobb_mem	5.1.0
2025	biobb_mem	5.1.1
2025	biobb_mem	5.1.2
2025	biobb_mem	5.2.0
2025	biobb_model	5.1.0
2025	biobb_model	5.2.0
2025	biobb_morph	5.0.0
2025	biobb_morph	5.0.1
2025	biobb_pdb_tools	5.0.1
2025	biobb_pdb_tools	5.1.0
2025	biobb_pdb_tools	5.1.1
2025	biobb_pdb_tools	5.2.0
2025	biobb_pmx	5.1.0
2025	biobb_pmx	5.2.1
2025	biobb_pytorch	5.1.0
2025	biobb_structure_checking	3.15.6
2025	biobb_structure_utils	5.1.0
2025	biobb_vs	5.1.0
2025	bioblend	1.5.0
2025	bioblend	1.6.0
2025	bioblend	1.7.0
2025	biobox_add_taxid	1.0
2025	biobox_add_taxid	1.1
2025	biobox_add_taxid	1.2
2025	biocantor	1.3.0
2025	biocode	0.12.1
2025	biocommons.seqrepo	0.6.11
2025	bioconda-repodata-patches	20250516
2025	bioconda-repodata-patches	20250603
2025	bioconda-repodata-patches	20251031
2025	bioconda-repodata-patches	20251102
2025	bioconda-repodata-patches	20251216
2025	bioconda-utils	3.7.0
2025	bioconda-utils	3.7.1
2025	bioconda-utils	3.7.2
2025	bioconda-utils	3.8.0
2025	bioconda-utils	3.9.0
2025	bioconda-utils	3.9.1
2025	bioconductor-a4	1.54.0
2025	bioconductor-adapt	1.0.0
2025	bioconductor-affyilm	1.58.0
2025	bioconductor-alabaster.base	1.6.1
2025	bioconductor-alabaster.bumpy	1.6.0
2025	bioconductor-alabaster.files	1.4.0
2025	bioconductor-alabaster.matrix	1.6.1
2025	bioconductor-alabaster.spatial	1.6.1
2025	bioconductor-alabaster	1.6.0
2025	bioconductor-alabaster.vcf	1.6.0
2025	bioconductor-amaretto	1.22.0
2025	bioconductor-animalcules	1.22.0
2025	bioconductor-apalyzer	1.20.0
2025	bioconductor-arraymvout	1.64.0
2025	bioconductor-arrayqualitymetrics	3.62.0
2025	bioconductor-atacseqqc	1.30.0
2025	bioconductor-atacseqtfea	1.8.0
2025	bioconductor-atena	1.12.0
2025	bioconductor-atsnp	1.22.0
2025	bioconductor-attract	1.58.0
2025	bioconductor-badregionfinder	1.34.0
2025	bioconductor-bambu	3.8.3
2025	bioconductor-basic4cseq	1.42.0
2025	bioconductor-batchqc	2.2.0
2025	bioconductor-bbcanalyzer	1.36.0
2025	bioconductor-beadsorted.saliva.epic	1.14.0
2025	bioconductor-bigmelon	1.32.0
2025	bioconductor-biocancer	1.34.0
2025	bioconductor-biocfhir	1.8.0
2025	bioconductor-biocgenerics	0.56.0
2025	bioconductor-biocpkgtools	1.24.0
2025	bioconductor-bioplex	1.12.0
2025	bioconductor-blacksheepr	1.20.0
2025	bioconductor-bobafit	1.10.0
2025	bioconductor-branchpointer	1.32.0
2025	bioconductor-broadseq	1.0.0
2025	bioconductor-bsgenome.hsapiens.ucsc.hg17.masked	1.3.999
2025	bioconductor-bubbletree	2.36.0
2025	bioconductor-busparse	1.20.0
2025	bioconductor-cagefightr	1.26.0
2025	bioconductor-cageminer	1.12.0
2025	bioconductor-cager	2.12.0
2025	bioconductor-camutqc	1.2.0
2025	bioconductor-cardelino	1.8.0
2025	bioconductor-categorycompare	1.50.0
2025	bioconductor-cbnplot	1.6.0
2025	bioconductor-cellbaser	1.30.0
2025	bioconductor-cellbench	1.22.0
2025	bioconductor-cemitool	1.30.0
2025	bioconductor-cetf	1.18.0
2025	bioconductor-cexor	1.44.0
2025	bioconductor-cfdnapro	1.12.0
2025	bioconductor-chipcomp	1.36.0
2025	bioconductor-chipexoqual	1.30.0
2025	bioconductor-chipqc	1.42.0
2025	bioconductor-chipseeker	1.42.0
2025	bioconductor-chromvar	1.30.1
2025	bioconductor-cimice	1.14.0
2025	bioconductor-cleanupdtseq	1.44.0
2025	bioconductor-cleanuprnaseq	1.0.0
2025	bioconductor-clusterprofiler	4.14.0
2025	bioconductor-cner	1.43.0
2025	bioconductor-cnvfilter	1.20.0
2025	bioconductor-cnviz	1.14.0
2025	bioconductor-cnvpanelizer	1.38.0
2025	bioconductor-cnvrd2	1.44.0
2025	bioconductor-codex	1.38.0
2025	bioconductor-comethdmr	1.10.0
2025	bioconductor-condiments	1.14.0
2025	bioconductor-consensusde	1.24.0
2025	bioconductor-copynumberplots	1.22.0
2025	bioconductor-corral	1.16.0
2025	bioconductor-cosia	1.6.0
2025	bioconductor-cosmic.67	1.42.0
2025	bioconductor-curatedtbdata	2.2.0
2025	bioconductor-curatedtcgadata	1.28.1
2025	bioconductor-customprodb	1.46.0
2025	bioconductor-cydar	1.30.0
2025	bioconductor-daglogo	1.44.0
2025	bioconductor-damefinder	1.18.0
2025	bioconductor-damsel	1.2.0
2025	bioconductor-data-packages	20241231
2025	bioconductor-data-packages	20250101
2025	bioconductor-data-packages	20250104
2025	bioconductor-data-packages	20250105
2025	bioconductor-data-packages	20250105.1
2025	bioconductor-data-packages	20250401
2025	bioconductor-data-packages	20250625
2025	bioconductor-debrowser	1.34.0
2025	bioconductor-decomptumor2sig	2.22.0
2025	bioconductor-deconvr	1.12.0
2025	bioconductor-degcre	1.2.0
2025	bioconductor-delayedtensor	1.12.0
2025	bioconductor-demuxsnp	1.4.0
2025	bioconductor-derfinder	1.40.0
2025	bioconductor-derfinderplot	1.40.0
2025	bioconductor-desousa2013	1.42.0
2025	bioconductor-diffbind	3.16.0
2025	bioconductor-dmelsgi	1.37.0
2025	bioconductor-dmrcate	3.2.1
2025	bioconductor-dnafusion	1.8.0
2025	bioconductor-dnazoodata	1.6.0
2025	bioconductor-dominoeffect	1.26.0
2025	bioconductor-dreamlet	1.6.0
2025	bioconductor-drugtargetinteractions	1.14.0
2025	bioconductor-drugvsdisease	2.48.0
2025	bioconductor-dupradar	1.38.0
2025	bioconductor-easycelltype	1.8.0
2025	bioconductor-easylift	1.4.0
2025	bioconductor-egsea	1.34.0
2025	bioconductor-enhancerhomologsearch	1.12.0
2025	bioconductor-enmix	1.42.0
2025	bioconductor-enrichdo	1.0.0
2025	bioconductor-enrichplot	1.26.1
2025	bioconductor-enrichviewnet	1.4.0
2025	bioconductor-epicompare	1.10.0
2025	bioconductor-epigenomix	1.46.0
2025	bioconductor-epimutacions	1.10.0
2025	bioconductor-epiregulon.extra	1.2.0
2025	bioconductor-epiregulon	1.2.0
2025	bioconductor-erma	1.22.0
2025	bioconductor-escape	2.2.0
2025	bioconductor-eudysbiome	1.36.0
2025	bioconductor-eventpointer	3.14.0
2025	bioconductor-experimentsubset	1.16.0
2025	bioconductor-famat	1.16.0
2025	bioconductor-fccac	1.32.0
2025	bioconductor-fcscan	1.20.0
2025	bioconductor-ffpe	1.50.0
2025	bioconductor-ffpeexampledata	1.44.0
2025	bioconductor-fgga	1.14.0
2025	bioconductor-fgsea	1.32.2
2025	bioconductor-filterffpe	1.16.0
2025	bioconductor-findit2	1.12.0
2025	bioconductor-flowsorted.blood.450k	1.44.0
2025	bioconductor-flowsorted.blood.epic	2.10.0
2025	bioconductor-flowsorted.cordblood.450k	1.34.0
2025	bioconductor-flowsorted.cordbloodcombined.450k	1.22.0
2025	bioconductor-flowsorted.cordbloodnorway.450k	1.32.0
2025	bioconductor-flowsorted.dlpfc.450k	1.42.0
2025	bioconductor-fourdndata	1.6.0
2025	bioconductor-fraser	2.4.6
2025	bioconductor-funtoonorm	1.30.0
2025	bioconductor-ga4ghclient	1.30.0
2025	bioconductor-ga4ghshiny	1.28.0
2025	bioconductor-gars	1.26.0
2025	bioconductor-gdcrnatools	1.26.0
2025	bioconductor-gdnax	1.4.0
2025	bioconductor-generegionscan	1.62.0
2025	bioconductor-genetonic	3.0.0
2025	bioconductor-genomicdistributionsdata	1.14.0
2025	bioconductor-genomicfiles	1.42.0
2025	bioconductor-genomicsupersignature	1.14.0
2025	bioconductor-genvisr	1.38.0
2025	bioconductor-geometadb	1.68.1
2025	bioconductor-glad	2.70.0
2025	bioconductor-gmapr	1.48.0
2025	bioconductor-gmicr	1.20.0
2025	bioconductor-gosorensen	1.8.0
2025	bioconductor-gostag	1.30.0
2025	bioconductor-granie	1.10.0
2025	bioconductor-gwasurvivr	1.24.0
2025	bioconductor-hcadata	1.22.0
2025	bioconductor-hcatonsildata	1.4.0
2025	bioconductor-helloranges	1.32.0
2025	bioconductor-hermes	1.10.0
2025	bioconductor-hibed	1.4.0
2025	bioconductor-hireadsprocessor	1.42.0
2025	bioconductor-hmp2data	1.20.0
2025	bioconductor-holofoodr	1.0.0
2025	bioconductor-icetea	1.24.0
2025	bioconductor-icheck	1.36.0
2025	bioconductor-icnv	1.26.0
2025	bioconductor-ideal	2.0.0
2025	bioconductor-igvr	1.26.0
2025	bioconductor-illuminahumanmethylationepicv2anno.20a1.hg38	1.0.0
2025	bioconductor-illuminahumanmethylationepicv2manifest	1.0.0
2025	bioconductor-inetgrate	1.4.0
2025	bioconductor-inpas	2.14.0
2025	bioconductor-intad	1.26.0
2025	bioconductor-interest	1.30.0
2025	bioconductor-iseefier	1.2.0
2025	bioconductor-iseehub	1.8.0
2025	bioconductor-iseeindex	1.4.0
2025	bioconductor-isoformswitchanalyzer	2.6.0
2025	bioconductor-karyoploter	1.32.0
2025	bioconductor-katdetectr	1.8.0
2025	bioconductor-limma	3.62.1
2025	bioconductor-lineagespot	1.10.0
2025	bioconductor-lisaclust	1.14.0
2025	bioconductor-lumi	2.58.0
2025	bioconductor-lumibarnes	1.46.0
2025	bioconductor-lungcancerlines	0.44.0
2025	bioconductor-m6aboost	1.12.0
2025	bioconductor-madseq	1.32.0
2025	bioconductor-magar	1.14.0
2025	bioconductor-mageckflute	2.9.0
2025	bioconductor-manor	1.78.0
2025	bioconductor-maqcsubset	1.44.0
2025	bioconductor-mariner	1.6.0
2025	bioconductor-mastr	1.6.0
2025	bioconductor-matrixqcvis	1.14.0
2025	bioconductor-mbqn	2.18.0
2025	bioconductor-mcseadata	1.26.1
2025	bioconductor-meat	1.18.0
2025	bioconductor-medips	1.58.0
2025	bioconductor-merfishdata	1.8.0
2025	bioconductor-meshes	1.32.0
2025	bioconductor-metabolomicsworkbenchr	1.16.0
2025	bioconductor-metaphor	1.8.0
2025	bioconductor-methylaid	1.40.0
2025	bioconductor-methylaiddata	1.38.0
2025	bioconductor-methylcc	1.20.0
2025	bioconductor-methylclock	1.12.0
2025	bioconductor-methylclockdata	1.14.0
2025	bioconductor-methylseqdata	1.16.0
2025	bioconductor-methylumi	2.52.0
2025	bioconductor-microbiomebenchmarkdata	1.8.0
2025	bioconductor-microbiomedatasets	1.14.0
2025	bioconductor-microbiomeprofiler	1.12.0
2025	bioconductor-mineica	1.46.0
2025	bioconductor-minfidata	0.52.0
2025	bioconductor-minfidataepic	1.32.0
2025	bioconductor-minimumdistance	1.50.0
2025	bioconductor-mircomp	1.36.0
2025	bioconductor-mirlab	1.36.0
2025	bioconductor-mirsponger	2.10.0
2025	bioconductor-missmethyl	1.40.0
2025	bioconductor-mitoclone2	1.12.0
2025	bioconductor-monalisa	1.12.0
2025	bioconductor-moonlight2r	1.4.0
2025	bioconductor-moonlightr	1.32.0
2025	bioconductor-mosdef	1.2.0
2025	bioconductor-motifmatchr	1.30.0
2025	bioconductor-motifstack	1.50.0
2025	bioconductor-msbackendmetabolights	1.0.0
2025	bioconductor-msigdb	1.14.0
2025	bioconductor-msquality	1.6.0
2025	bioconductor-mudata	1.10.0
2025	bioconductor-multicrispr	1.16.0
2025	bioconductor-multigsea	1.16.0
2025	bioconductor-mungesumstats	1.14.1
2025	bioconductor-muscdata	1.20.0
2025	bioconductor-mutationalpatterns	3.16.0
2025	bioconductor-mvoutdata	1.42.0
2025	bioconductor-myvariant	1.36.0
2025	bioconductor-nadfinder	1.30.0
2025	bioconductor-nestlink	1.22.0
2025	bioconductor-netsam	1.46.0
2025	bioconductor-netzoor	1.10.0
2025	bioconductor-newwave	1.16.0
2025	bioconductor-norce	1.18.0
2025	bioconductor-octad	1.8.0
2025	bioconductor-omicrexposome	1.28.0
2025	bioconductor-omicsmlrepor	1.0.0
2025	bioconductor-omicspca	1.24.0
2025	bioconductor-orfhunter	1.14.0
2025	bioconductor-outrider	1.26.3
2025	bioconductor-pagerank	1.16.0
2025	bioconductor-pairedgsea	1.6.0
2025	bioconductor-panomir	1.10.0
2025	bioconductor-partcnv	1.4.0
2025	bioconductor-pasilla	1.34.0
2025	bioconductor-pcaexplorer	3.0.0
2025	bioconductor-pigengene	1.32.0
2025	bioconductor-precisetad	1.16.0
2025	bioconductor-primirtss	1.24.0
2025	bioconductor-profileplyr	1.22.0
2025	bioconductor-prolocdata	1.44.0
2025	bioconductor-prolocgui	2.16.0
2025	bioconductor-prone	1.0.0
2025	bioconductor-proteodisco	1.12.0
2025	bioconductor-psichomics	1.32.0
2025	bioconductor-ptairdata	1.14.0
2025	bioconductor-purecn	2.12.0
2025	bioconductor-quantro	1.40.0
2025	bioconductor-r453plus1toolbox	1.56.0
2025	bioconductor-raerdata	1.4.0
2025	bioconductor-raids	1.4.0
2025	bioconductor-rblast	1.2.0
2025	bioconductor-rbowtie2	2.12.3
2025	bioconductor-rcm	1.22.0
2025	bioconductor-reactomepa	1.50.0
2025	bioconductor-reconsi	1.18.0
2025	bioconductor-recount	1.32.0
2025	bioconductor-recount3	1.16.0
2025	bioconductor-recountmethylation	1.16.0
2025	bioconductor-regionereloaded	1.8.0
2025	bioconductor-regionreport	1.40.0
2025	bioconductor-remp	1.30.0
2025	bioconductor-resolve	1.8.0
2025	bioconductor-rgntx	1.8.0
2025	bioconductor-ribor	1.18.0
2025	bioconductor-riboseqr	1.40.0
2025	bioconductor-ribosomeprofilingqc	1.18.0
2025	bioconductor-rmmquant	1.24.0
2025	bioconductor-rnaagecalc	1.18.0
2025	bioconductor-rnaseqsamplesize	2.16.0
2025	bioconductor-rnbeads.hg38	1.38.1
2025	bioconductor-rnbeads	2.24.0
2025	bioconductor-rwikipathways	1.30.0
2025	bioconductor-sampleclassifier	1.30.0
2025	bioconductor-sarc	1.4.0
2025	bioconductor-scan.upc	2.48.0
2025	bioconductor-scanmirapp	1.12.0
2025	bioconductor-scannotatr	1.12.0
2025	bioconductor-scatac.explorer	1.12.1
2025	bioconductor-scater	1.34.1
2025	bioconductor-scdblfinder	1.20.2
2025	bioconductor-scdblfinder	1.23.4
2025	bioconductor-scdiagnostics	1.0.0
2025	bioconductor-scds	1.22.0
2025	bioconductor-scfeatures	1.6.0
2025	bioconductor-scone	1.30.0
2025	bioconductor-scope	1.18.0
2025	bioconductor-scoreinvhap	1.28.0
2025	bioconductor-scpdata	1.13.0
2025	bioconductor-scry	1.18.0
2025	bioconductor-sctensor	2.16.0
2025	bioconductor-segmenter	1.12.0
2025	bioconductor-seqcat	1.28.0
2025	bioconductor-seqgsea	1.46.0
2025	bioconductor-sgcp	1.6.0
2025	bioconductor-shinyepico	1.14.0
2025	bioconductor-shinymethyl	1.42.0
2025	bioconductor-signaturesearch	1.20.0
2025	bioconductor-signer	2.8.0
2025	bioconductor-sigspack	1.20.0
2025	bioconductor-simffpe	1.18.0
2025	bioconductor-singlecellmultimodal	1.18.0
2025	bioconductor-singlecelltk	2.16.0
2025	bioconductor-singlemoleculefootprinting	2.0.0
2025	bioconductor-skewr	1.38.0
2025	bioconductor-snphood	1.36.0
2025	bioconductor-spatiallibd	1.18.0
2025	bioconductor-spatialomicsoverlay	1.6.0
2025	bioconductor-spatzie	1.12.0
2025	bioconductor-spiat	1.8.0
2025	bioconductor-splicewiz	1.8.0
2025	bioconductor-ssviz	1.40.0
2025	bioconductor-standr	1.10.0
2025	bioconductor-statial	1.8.0
2025	bioconductor-structtoolbox	1.18.2
2025	bioconductor-structuralvariantannotation	1.22.0
2025	bioconductor-svanumt	1.12.0
2025	bioconductor-svaretro	1.12.0
2025	bioconductor-tabulamurissenisdata	1.12.0
2025	bioconductor-tdbasedufeadv	1.6.0
2025	bioconductor-tekrabber	1.10.0
2025	bioconductor-tenxbraindata	1.26.0
2025	bioconductor-teqc	4.28.0
2025	bioconductor-terratcgadata	1.10.0
2025	bioconductor-tfbstools	1.46.0
2025	bioconductor-tfea.chip	1.26.0
2025	bioconductor-tfutils	1.26.0
2025	bioconductor-tidyomics	1.2.0
2025	bioconductor-tidyspatialexperiment	1.2.0
2025	bioconductor-titancna	1.44.0
2025	bioconductor-tloh	1.14.0
2025	bioconductor-tmexplorer	1.16.0
2025	bioconductor-tracktables	1.40.0
2025	bioconductor-transcriptogramer	1.28.0
2025	bioconductor-transmogr	1.2.0
2025	bioconductor-traser	1.36.0
2025	bioconductor-tumourmethdata	1.3.0
2025	bioconductor-ularcirc	1.24.0
2025	bioconductor-uniquorn	2.26.0
2025	bioconductor-updhmm	1.6.0
2025	bioconductor-usort	1.32.0
2025	bioconductor-variancepartition	1.36.2
2025	bioconductor-varianttools	1.48.0
2025	bioconductor-varianttoolsdata	1.30.0
2025	bioconductor-vasp	1.18.0
2025	bioconductor-vcfarray	1.22.0
2025	bioconductor-velociraptor	1.16.0
2025	bioconductor-visse	1.14.0
2025	bioconductor-vulcan	1.28.0
2025	bioconductor-waddr	1.20.0
2025	bioconductor-watermelon	2.12.0
2025	bioconductor-yarn	1.32.0
2025	bioconductor-zenith	1.8.0
2025	bioconductor-zygositypredictor	1.6.0
2025	bioemu	1.1.0
2025	bioemu	1.2.0
2025	bioframe	0.8.0
2025	bionumpy	1.0.13
2025	bionumpy	1.0.14
2025	biophi	1.0.11
2025	biovalid	0.3.0
2025	biox	1.1.0
2025	biox	1.2.0
2025	bird_tool_utils_python	0.5.1
2025	bird_tool_utils_python	0.6.0
2025	biscuit	1.6.1.20250415
2025	biscuit	1.7.0.20250512
2025	biscuit	1.7.1.20250908
2025	biskit	3.0.1
2025	bismark	0.25.0
2025	bismark	0.25.1
2025	blast	2.17.0
2025	blastbesties	1.2.0
2025	blastn2dotplots	1.1.2
2025	blobtk	0.6.5
2025	blobtk	0.7.1
2025	blobtoolkit	4.4.6
2025	blobtoolkit	4.5.0
2025	blosum	2.2.0
2025	blue-crab	0.4.0
2025	bohra	2.3.10
2025	bohra	2.3.8
2025	bohra	2.3.9
2025	bolt-lmm	2.5
2025	bracken	3.1
2025	breakfast	0.4.6
2025	breakinator	1.0.1
2025	breakinator	1.0.3
2025	breakinator	1.1.0
2025	breakinator	1.1.1
2025	bronko	0.0.1
2025	bronko	0.0.2
2025	bronko	0.0.3
2025	bronko	0.1.0
2025	bte	0.9.3
2025	btllib	1.7.5
2025	bubblefinder	1.0.1
2025	bubblegun	1.1.10
2025	busco	5.8.3
2025	busco	6.0.0
2025	buscolite	25.4.23
2025	buscolite	25.4.24
2025	buscolite	25.4.3
2025	bustools	0.45.0
2025	bustools	0.45.1
2025	bwa-mem2	2.3
2025	bwa	0.7.19
2025	bwameth	0.2.8
2025	bwameth	0.2.9
2025	bwtk	1.8.1
2025	bx-python	0.14.0
2025	bygul	1.0.3
2025	bygul	1.0.4
2025	bygul	1.0.5
2025	bygul	1.0.6
2025	cactus-gfa-tools	0.1
2025	cactus	2.9.9
2025	cactus	3.0.0
2025	cactus	3.0.1
2025	cadd-scripts	1.7.3
2025	cagecleaner	1.2.0
2025	cagecleaner	1.2.1
2025	cagecleaner	1.2.2
2025	cagecleaner	1.2.3
2025	cagecleaner	1.3.0
2025	cagecleaner	1.3.1
2025	cagecleaner	1.4.0
2025	cagecleaner	1.4.1
2025	cagecleaner	1.4.2
2025	cagecleaner	1.4.3
2025	cagecleaner	1.4.4
2025	cagecleaner	1.4.5
2025	calisp	3.1
2025	calisp	3.1.1
2025	calisp	3.1.4
2025	callingcardstools	1.8.1
2025	camlhmp	1.1.3
2025	capcruncher	0.3.14
2025	captus	1.1.1
2025	captus	1.1.2
2025	captus	1.2.0
2025	captus	1.3.0
2025	captus	1.3.1
2025	captus	1.3.2
2025	captus	1.3.3
2025	captus	1.3.4
2025	captus	1.3.6
2025	captus	1.3.7
2025	captus	1.3.8
2025	captus	1.3.9
2025	captus	1.4.0
2025	captus	1.4.1
2025	captus	1.4.2
2025	captus	1.4.3
2025	captus	1.4.4
2025	captus	1.4.5
2025	captus	1.4.6
2025	captus	1.4.7
2025	captus	1.4.8
2025	captus	1.4.9
2025	captus	1.5.0
2025	captus	1.5.1
2025	captus	1.5.2
2025	captus	1.5.3
2025	captus	1.5.4
2025	captus	1.5.5
2025	captus	1.5.7
2025	captus	1.5.8
2025	captus	1.5.9
2025	captus	1.6.0
2025	captus	1.6.1
2025	carp	0.1.0
2025	carp	0.1.1
2025	carpedeam	1.0.1
2025	carveme	1.6.3
2025	carveme	1.6.4
2025	carveme	1.6.5
2025	carveme	1.6.6
2025	cas-offinder	2.4.1
2025	cascade-reg	0.5.1
2025	caspeak	1.0.0
2025	caspeak	1.0.1
2025	caspeak	1.1.0
2025	caspeak	1.1.1
2025	caspeak	1.1.2
2025	caspeak	1.1.3
2025	caspeak	1.1.4
2025	caspeak	1.1.5
2025	cats-rb	1.0.0
2025	cats-rb	1.0.1
2025	cats-rb	1.0.2
2025	cats-rb	1.0.3
2025	cats-rf	1.0.0
2025	cats-rf	1.0.1
2025	cats-rf	1.0.2
2025	cats-rf	1.0.3
2025	cats-rf	1.0.4
2025	cawlign	0.1.11
2025	cawlign	0.1.12
2025	cawlign	0.1.13
2025	cawlign	0.1.14
2025	cawlign	0.1.15
2025	cayman	0.10.1
2025	cayman	0.10.2
2025	cblaster	1.4.0
2025	ccp4srs	2024.06.14
2025	cctk	1.0.3
2025	cctyper	1.8.0
2025	cdskit	0.14.1
2025	cdskit	0.14.2
2025	cdskit	0.14.3
2025	cdskit	0.14.4
2025	cdskit	0.14.5
2025	cdst	0.2.1
2025	cell2cell	0.8.0
2025	cell2cell	0.8.1
2025	cell2cell	0.8.2
2025	cell2cell	0.8.3
2025	cell2cell	0.8.4
2025	cellqc	0.1.0
2025	celltypist	1.7.0
2025	celltypist	1.7.1
2025	cenmap	1.0.4
2025	cenmap	1.1.0
2025	cenmap	1.1.1
2025	cenote-taker3	3.4.0
2025	cenote-taker3	3.4.1
2025	cenote-taker3	3.4.2
2025	cenote-taker3	3.4.3
2025	cenplot	0.1.4
2025	cenplot	0.1.5
2025	censtats	0.1.0
2025	censtats	0.1.1
2025	censtats	0.1.2
2025	censtats	0.1.3
2025	centrifuger	1.0.10
2025	centrifuger	1.0.11
2025	centrifuger	1.0.12
2025	centrifuger	1.0.6
2025	centrifuger	1.0.7
2025	centrifuger	1.0.8
2025	centrifuger	1.0.9
2025	centrosome	1.3.1
2025	centrosome	1.3.2
2025	cerberus-x	1.5.0
2025	cgecore	2.0.1
2025	chamois	0.1.3
2025	chamois	0.2.0
2025	changeo	1.3.1
2025	changeo	1.3.3
2025	changeo	1.3.4
2025	checkatlas	0.5.6
2025	checkatlas	0.6.0
2025	checkatlas	0.7.1
2025	checkm-genome	1.2.4
2025	checkm2	1.1.0
2025	checkqc	4.0.6
2025	checkqc	4.0.7
2025	chewbbaca	3.4.0
2025	chewbbaca	3.4.1
2025	chewbbaca	3.4.2
2025	chewbbaca	3.5.0
2025	chopper	0.10.0
2025	chopper	0.11.0
2025	chopper	0.12.0
2025	chopper	0.9.1
2025	chopper	0.9.2
2025	chromap	0.3.0
2025	chromap	0.3.1
2025	chromap	0.3.2
2025	chromhmm	1.26
2025	chromhmm	1.27
2025	chromsize	0.0.3
2025	chromsize	0.0.31
2025	chromsize	0.0.32
2025	cif-tools	1.0.12
2025	circle-map-cpp	1.0.0
2025	circtools	2.0
2025	circtools	2.0.1
2025	circtools	2.0.2
2025	circtools	2.0.3
2025	ciriquant	1.1.3
2025	civicpy	4.1.0
2025	civicpy	5.0.0
2025	civicpy	5.1.0
2025	clair3-illumina	1.0.11
2025	clair3-illumina	1.1.0
2025	clair3-illumina	1.1.1
2025	clair3-illumina	1.1.2
2025	clair3-illumina	1.2.0
2025	clair3	1.0.11
2025	clair3	1.1.0
2025	clair3	1.1.1
2025	clair3	1.1.2
2025	clair3	1.2.0
2025	clam	0.1.2
2025	clam	0.1.3
2025	clam	0.1.4
2025	clam	0.1.5
2025	clam	0.1.6
2025	clam	0.1.7
2025	clam	0.2.0
2025	clam	0.2.1
2025	clam	0.2.2
2025	clark	1.3.0.0
2025	cleanifier	0.1.1
2025	cleanifier	0.1.3
2025	cleanifier	0.2.1
2025	cleanifier	1.0.0
2025	cleanifier	1.0.1
2025	cleanifier	1.1.0
2025	cleanifier	1.1.2
2025	cleanifier	1.1.3
2025	cleanifier	1.1.4
2025	cleanifier	1.2.0
2025	cleaverna	1.0.0
2025	cligv	0.1.0
2025	clincnv	1.18.3
2025	clincnv	1.19.1
2025	clinker-py	0.0.32
2025	clinvar-this	0.18.5
2025	clipkit	2.4.0
2025	clipkit	2.4.1
2025	clipkit	2.6.1
2025	clipkit	2.7.0
2025	clipper	2.1.20180802
2025	cloci	0.4.0
2025	clumppling	0.3.2
2025	clumppling	1.0.0
2025	clumppling	1.0.1
2025	clumppling	1.0.2
2025	clumppling	1.1.3
2025	clumppling	1.2.0
2025	clumppling	1.3.0
2025	clumppling	1.5.0
2025	clumppling	2.0.0
2025	clumppling	2.0.1
2025	clumppling	2.0.4
2025	clumppling	2.0.5
2025	clumppling	2.0.6
2025	clusty	1.2.0
2025	clusty	1.2.2
2025	cmat	3.3.2
2025	cmat	3.3.3
2025	cmat	3.3.4
2025	cmat	3.4.0
2025	cmat	3.4.1
2025	cmat	3.4.2
2025	cnasim	1.3.5
2025	cnmf	1.7.0
2025	cnvpytor	1.3.2
2025	codoff	1.2.0
2025	codoff	1.2.1
2025	codoff	1.2.2
2025	codoff	1.2.3
2025	codon-bias	0.3.5
2025	cogclassifier	2.0.0
2025	cogent3	2024.12.19a2
2025	cogent3	2025.12.10a2
2025	cogent3	2025.12.10a3
2025	cogent3	2025.3.22a2
2025	cogent3	2025.3.22a4
2025	cogent3	2025.5.8a1
2025	cogent3	2025.5.8a10
2025	cogent3	2025.5.8a2
2025	cogent3	2025.5.8a3
2025	cogent3	2025.5.8a4
2025	cogent3	2025.5.8a5
2025	cogent3	2025.5.8a6
2025	cogent3	2025.5.8a7
2025	cogent3	2025.5.8a8
2025	cogent3	2025.5.8a9
2025	cogent3	2025.7.10a1
2025	cogent3	2025.7.10a10
2025	cogent3	2025.7.10a2
2025	cogent3	2025.7.10a3
2025	cogent3	2025.7.10a4
2025	cogent3	2025.7.10a5
2025	cogent3	2025.7.10a6
2025	cogent3	2025.7.10a7
2025	cogent3	2025.7.10a8
2025	cogent3	2025.7.10a9
2025	cogent3	2025.9.8a1
2025	cogent3	2025.9.8a10
2025	cogent3	2025.9.8a2
2025	cogent3	2025.9.8a3
2025	cogent3	2025.9.8a4
2025	cogent3	2025.9.8a5
2025	cogent3	2025.9.8a7
2025	cogent3	2025.9.8a9
2025	collectl	4.3.20.1
2025	colorbrewer	0.3
2025	commec	0.3.1
2025	commec	0.3.2
2025	commec	1.0.0
2025	commec	1.0.1
2025	commec	1.0.2
2025	comparem2	2.13.1
2025	comparem2	2.14.1
2025	comparem2	2.15.1
2025	comparem2	2.15.2
2025	comparem2	2.15.3
2025	comparem2	2.16.1
2025	comparem2	2.16.2
2025	compleasm	0.2.7
2025	confindr	0.8.2
2025	conifer	1.0.3
2025	conservation	1.0.1
2025	coolbox	0.3.9
2025	coolbox	0.4.0
2025	cooler	0.10.4
2025	coot-headless	1.1.17
2025	coot-headless	1.1.18
2025	coot-headless	1.1.19
2025	coot-headless	1.1.20
2025	coreprofiler	1.1.1
2025	coreprofiler	1.1.2
2025	coreprofiler	1.1.3
2025	coreprofiler	1.1.4
2025	coreprofiler	1.1.5
2025	coreprofiler	1.1.6
2025	coreprofiler	1.1.7
2025	coreprofiler	1.1.8
2025	coreprofiler	1.1.9
2025	coreprofiler	2.0.0
2025	corgi	0.4.1
2025	corgi	0.4.3
2025	corneto	1.0.0b0
2025	corneto	1.0.0b2
2025	corona_lineage_dynamics	0.1.5
2025	corona_lineage_dynamics	0.1.6
2025	corona_lineage_dynamics	0.1.7
2025	cosg	1.0.2
2025	cosg	1.0.3
2025	cosigt	0.1.4
2025	cosigt	0.1.5
2025	cosigt	0.1.6
2025	cosigt	0.1.7
2025	covar	0.2.0
2025	covtobed	1.4.0
2025	cpstools	2.0.6
2025	cpstools	2.0.7
2025	cpstools	2.0.8
2025	cpstools	2.0.9
2025	cpstools	2.2
2025	cpstools	2.3
2025	cpstools	2.4
2025	cpstools	2.5
2025	cpstools	2.6
2025	cpstools	2.7
2025	cpstools	2.8
2025	cpstools	2.9
2025	cpstools	3.0
2025	crabs	1.12.0
2025	crabs	1.14.0
2025	crabs	1.9.0
2025	cram-archiver	1.0.0
2025	cram-archiver	1.1.0
2025	cramino	0.16.0
2025	cramino	0.17.0
2025	cramino	1.0.0
2025	cramino	1.1.0
2025	cramino	1.2.0
2025	cramino	1.3.0
2025	craq	1.10
2025	crazydoc	0.2.2
2025	cressent	1.0.0
2025	cressent	1.0.2
2025	crispresso2	2.3.2
2025	crispresso2	2.3.3
2025	crispritz	2.7.0
2025	crisprme	2.1.7
2025	crisprme	2.1.8
2025	crocodeel	1.0.6
2025	crocodeel	1.0.7
2025	crocodeel	1.0.8
2025	crossfilt	0.1.1
2025	crossfilt	0.1.3
2025	crossfilt	0.1.4
2025	crossfilt	0.1.5
2025	crossfilt	0.2.1
2025	crossmap	0.7.3
2025	crunchstat-summary	3.1.2
2025	crunchstat-summary	3.2.0
2025	crussmap	1.0.1
2025	cryptogenotyper	1.5.0
2025	csubst	1.4.0
2025	csubst	1.4.20
2025	ctc-scite	1.0.2
2025	ctyper	1.0
2025	ctyper	1.0.1
2025	ctyper	1.0.5
2025	cuna	0.1.0
2025	cuna	0.2.0
2025	cuna	0.3.0
2025	curve-curator	0.6.0
2025	curves	3.0.3
2025	cutadapt	5.1
2025	cutadapt	5.2
2025	cutefc	1.0.2
2025	cutehap	1.0.2
2025	cutesv-ol	1.0.0
2025	cutesv-ol	1.0.1
2025	cutesv-ol	1.0.2
2025	cutesv	2.1.2
2025	cutesv	2.1.3
2025	cvanmf	0.5.1
2025	cvanmf	1.0.0
2025	cytoscape	3.10.4
2025	cytotrace2-python	1.1.0
2025	cyvcf2	0.31.2
2025	cyvcf2	0.31.3
2025	cyvcf2	0.31.4
2025	dadaist2	1.3.1
2025	dagchainer	r111120
2025	daisyblast	0.2.0
2025	dajin2	0.6.0
2025	dajin2	0.6.1
2025	dajin2	0.6.2
2025	dajin2	0.7.0
2025	dajin2	0.7.1
2025	dajin2	0.7.2
2025	dajin2	0.7.3
2025	dajin2	0.7.4
2025	daligner	2.0.20240118
2025	damidseq_pipeline	1.6.1
2025	damidseq_pipeline	1.6.2
2025	dampa	0.1.0
2025	dampa	0.1.1
2025	dampa	0.1.2
2025	dampa	0.1.3
2025	dampa	0.1.4
2025	dampa	0.2.0
2025	danbing-tk	1.3.2.5
2025	dapcy	1.3.0
2025	dapcy	1.3.0.post1
2025	dapcy	1.3.1
2025	darkprofiler	0.1.3
2025	dartunifrac-gpu	0.2.7
2025	dartunifrac-gpu	0.2.8
2025	dartunifrac	0.2.3
2025	dartunifrac	0.2.4
2025	dartunifrac	0.2.5
2025	dartunifrac	0.2.6
2025	dartunifrac	0.2.7
2025	dartunifrac	0.2.8
2025	dashing2	2.1.20
2025	dbcan	5.0.0
2025	dbcan	5.0.2
2025	dbcan	5.0.3
2025	dbcan	5.0.4
2025	dbcan	5.0.6
2025	dbcan	5.1.0
2025	dbcan	5.1.1
2025	dbcan	5.1.2
2025	dbcan	5.2.1
2025	dbcanlight	1.1.1
2025	ddprimer	0.1.1
2025	ddqc	1.0
2025	ddquint	0.1.0
2025	deacon	0.1.0
2025	deacon	0.10.0
2025	deacon	0.11.0
2025	deacon	0.12.0
2025	deacon	0.13.1
2025	deacon	0.13.2
2025	deacon	0.2.0
2025	deacon	0.3.0
2025	deacon	0.4.0
2025	deacon	0.5.0
2025	deacon	0.6.0
2025	deacon	0.7.0
2025	deacon	0.8.0
2025	deacon	0.8.1
2025	deacon	0.9.0
2025	decenttree	1.0.0
2025	deconveil	0.1.4
2025	deepchopper-cli	1.2.9
2025	deepchopper	1.2.9
2025	deepdetails	0.0.1rc1
2025	deepdetails	0.0.1rc2
2025	deepdetails	0.1.1rc1
2025	deeplc	3.1.10
2025	deeplc	3.1.13
2025	deeplc	3.1.5
2025	deeplc	3.1.7
2025	deeplc	3.1.8
2025	deeplc	3.1.9
2025	deeplcretrainer	1.0.2
2025	deepnog	1.2.4
2025	deeptools	3.5.6
2025	deepvariant	1.8.0
2025	deepvariant	1.9.0
2025	defense-finder	2.0.0
2025	defense-finder	2.0.1
2025	delly	1.3.2
2025	delly	1.3.3
2025	delly	1.5.0
2025	delly	1.7.2
2025	delve-bio	0.1.0
2025	delve-bio	0.2.0
2025	demultiplexer2	1.1.5
2025	demultiplexer2	1.1.6
2025	demuxem	0.1.8
2025	dendropy	5.0.2
2025	dendropy	5.0.3
2025	dendropy	5.0.4
2025	dendropy	5.0.5
2025	dendropy	5.0.6
2025	dendropy	5.0.7
2025	dendropy	5.0.8
2025	density-fitness	1.2.0
2025	derip2	0.4.0
2025	derip2	0.4.1
2025	dfast	1.3.5
2025	dfast	1.3.6
2025	dfast	1.3.7
2025	dfast_qc	1.0.6
2025	dfast_qc	1.0.7
2025	diamond	2.1.11
2025	diamond	2.1.12
2025	diamond	2.1.13
2025	diamond	2.1.14
2025	diamond	2.1.15
2025	diamond	2.1.16
2025	diamond	2.1.17
2025	diatracer	1.2.5
2025	dicey	0.3.4
2025	digest	0.2.0
2025	digest	0.3.0
2025	dipper	0.1.1
2025	dipper	0.1.2
2025	disco	1.3
2025	distle	0.3.0
2025	distree	1.0.0
2025	djinn	1.0
2025	djinn	1.0.1
2025	djinn	1.1
2025	dmox	0.1.3
2025	dmox	0.2.0
2025	dmox	0.2.1
2025	dna_features_viewer	3.1.4
2025	dna_features_viewer	3.1.5
2025	dnaapler	1.1.0
2025	dnaapler	1.2.0
2025	dnaapler	1.3.0
2025	dnacauldron	2.0.11
2025	dnacauldron	2.0.12
2025	dnachisel	3.2.13
2025	dnachisel	3.2.15
2025	dnachisel	3.2.16
2025	dnadotplot	0.1.4
2025	dnarrange	1.6.3
2025	dnmtools	1.5.0
2025	dnmtools	1.5.1
2025	dnoise	1.4.2
2025	domainator	0.8.0
2025	domclust	1.2.8
2025	doubletdetection	4.3.0.post1
2025	dpcstruct	0.1.1
2025	dream-stellar	2.1.0
2025	drep	3.6.1
2025	drep	3.6.2
2025	drevalpy	1.4.0
2025	drhip	0.1.1
2025	drhip	0.1.2
2025	drhip	0.1.3
2025	drhip	0.1.4
2025	drop	1.5.0
2025	dsh-bio	3.0
2025	duphist	1.0.0
2025	duphist	1.0.3
2025	duphist	1.0.4
2025	duphist	1.0.5
2025	duphist	1.0.6
2025	duphist	1.0.7
2025	duphist	1.0.8
2025	duphist	1.0.9
2025	dxpy	0.388.0
2025	dxpy	0.389.0
2025	dxpy	0.390.0
2025	dxpy	0.391.0
2025	dxpy	0.392.0
2025	dxpy	0.393.0
2025	dxpy	0.394.0
2025	dxpy	0.395.0
2025	dxpy	0.396.0
2025	dxpy	0.397.0
2025	dxpy	0.398.0
2025	dxpy	0.399.0
2025	dxpy	0.399.1
2025	dxpy	0.400.1
2025	dysgu	1.8.0
2025	dysgu	1.8.1
2025	dysgu	1.8.2
2025	dysgu	1.8.3
2025	dysgu	1.8.4
2025	dysgu	1.8.5
2025	dysgu	1.8.6
2025	dysgu	1.8.7
2025	earlgrey	5.1.1
2025	earlgrey	6.0.0
2025	earlgrey	6.0.1
2025	earlgrey	6.0.3
2025	earlgrey	6.1.0
2025	earlgrey	6.1.1
2025	earlgrey	6.2.0
2025	earlgrey	6.3.0
2025	earlgrey	6.3.1
2025	earlgrey	6.3.2
2025	earlgrey	6.3.3
2025	earlgrey	6.3.4
2025	earlgrey	6.3.5
2025	earlgrey	6.3.6
2025	eastr	1.1.1
2025	eastr	1.1.2
2025	easypqp	0.1.51
2025	easypqp	0.1.52
2025	easypqp	0.1.53
2025	easypqp	0.1.54
2025	ebi-eva-common-pyutils	0.6.12
2025	ebi-eva-common-pyutils	0.6.14
2025	ebi-eva-common-pyutils	0.6.16
2025	ebi-eva-common-pyutils	0.7.0
2025	ebi-eva-common-pyutils	0.7.1
2025	ebi-eva-common-pyutils	0.7.3
2025	ebi-eva-common-pyutils	0.7.4
2025	ebi-eva-common-pyutils	0.8.0
2025	ebolaseq	0.1.3
2025	ebolaseq	0.1.4
2025	ebolaseq	0.1.5
2025	ebolaseq	0.1.6
2025	echidna	1.0.3
2025	edentity	1.4.4
2025	edentity	1.4.5
2025	edentity	1.4.6
2025	edentity	1.4.7
2025	edentity	1.4.8
2025	edentity	1.4.9
2025	edentity	1.5.0
2025	edentity	1.5.1
2025	edentity	1.5.2
2025	egap	2.5.3
2025	egap	2.5.4
2025	egap	2.6.2
2025	egap	2.6.4
2025	egap	2.6.5
2025	egap	2.6.6
2025	egap	3.0.0b
2025	egap	3.0.0f
2025	egap	3.1
2025	egap	3.1b
2025	egap	3.2c
2025	egap	3.3.4
2025	egap	3.3.5
2025	egap	3.3c
2025	egglib	3.3.5
2025	egglib	3.5.2
2025	eggnog-mapper	2.1.13
2025	eider	0.1
2025	el_gato	1.21.0
2025	el_gato	1.21.2
2025	el_gato	1.22.0
2025	elastic-blast	1.4.0
2025	elastic-blast	1.5.0
2025	emblmygff3	2.4
2025	emu-pca	1.2.1
2025	emu-pca	1.3.0
2025	emu-pca	1.4.0
2025	emu-pca	1.4.1
2025	emu-pca	1.5.0
2025	emu	3.5.1
2025	emu	3.5.3
2025	emu	3.5.4
2025	emu	3.5.5
2025	ena-upload-cli	0.7.5
2025	ena-upload-cli	0.8.0
2025	ena-upload-cli	0.9.0
2025	ena-webin-cli	8.1.1
2025	ena-webin-cli	8.2.0
2025	ena-webin-cli	8.3.0
2025	ena-webin-cli	9.0.0
2025	ena-webin-cli	9.0.1
2025	enabrowsertools	1.7.1
2025	enabrowsertools	1.7.2
2025	endorspy	1.4
2025	enhancedsppider	0.2.0
2025	enhancedsppider	0.2.2
2025	enhjoerning	2.0.0
2025	enhjoerning	2.0.1
2025	enhjoerning	2.0.2
2025	enhjoerning	2.0.3
2025	enhjoerning	2.1.0
2025	enhjoerning	2.2.0
2025	enhjoerning	2.3.0
2025	enhjoerning	2.4.0
2025	enrichm	0.6.6
2025	ensembl-genomio	1.6.1
2025	ensembl-genomio	1.6.2
2025	ensembl-py	2.1.3
2025	ensembl-py	3.0.0
2025	ensembl-py	3.0.1
2025	ensembl-utils	0.7.0
2025	ensembl-utils	0.8.0
2025	ensembl-vep	113.4
2025	ensembl-vep	114.0
2025	ensembl-vep	114.1
2025	ensembl-vep	114.2
2025	ensembl-vep	115
2025	ensembl-vep	115.1
2025	ensembl-vep	115.2
2025	ensemblcov	0.1.0
2025	entrez-direct	24.0
2025	enviroampdesigner	0.1.2
2025	enviroampdesigner	0.1.3
2025	enzbert	1.1
2025	enzymm	0.3.1
2025	ephemeris	0.10.11
2025	epic2	0.0.53
2025	epic2	0.0.54
2025	epicore	0.1.2
2025	epicore	0.1.3
2025	epicore	0.1.4
2025	epicore	0.1.5
2025	epicore	0.1.6
2025	epicore	0.1.7
2025	epimetheus-py	0.6.2
2025	epimetheus-py	0.7.2
2025	epimetheus-py	0.7.4
2025	epimetheus-py	0.7.5
2025	epimetheus-py	0.7.6
2025	epimetheus-py	0.7.7
2025	ervdetective	1.0.9
2025	ervmancer	0.0.1
2025	ervmancer	0.0.2
2025	ervmancer	0.0.3
2025	ervmancer	0.0.4
2025	esme	1.0.0
2025	esme_esmf_mpich_4_2_3	8.8.0
2025	esme_esmf_mpich_4_3_1	8.8.1
2025	esme_esmf_mvapich_4_0	8.8.0
2025	esme_esmf_mvapich_4_0	8.8.1
2025	esme_esmf_mvapich_4_0_ofi	8.8.1
2025	esme_esmf_mvapich_4_0_ucx	8.8.1
2025	esme_esmf_openmpi_4_1_6	8.8.0
2025	esme_esmf_openmpi_5_0_6	8.8.0
2025	esme_esmf_openmpi_5_0_7	8.8.0
2025	esme_esmf_psmpi_5_10_0	8.8.0
2025	esme_esmf_psmpi_5_12_1	8.9.0
2025	esme_hdf5_mpich_4_2_3	1.14.5
2025	esme_hdf5_mpich_4_3_1	1.14.6
2025	esme_hdf5_mvapich_4_0	1.14.5
2025	esme_hdf5_mvapich_4_0	1.14.6
2025	esme_hdf5_mvapich_4_0_ofi	1.14.6
2025	esme_hdf5_mvapich_4_0_ucx	1.14.6
2025	esme_hdf5_openmpi_4_1_6	1.14.5
2025	esme_hdf5_openmpi_5_0_6	1.14.5
2025	esme_hdf5_openmpi_5_0_7	1.14.5
2025	esme_hdf5_psmpi_5_10_0	1.14.5
2025	esme_hdf5_psmpi_5_12_1	1.14.6
2025	esme_mpich_4_2_3	1.0.0
2025	esme_mpich_4_3_1	1.0.2
2025	esme_mvapich_4_0	1.0.1
2025	esme_mvapich_4_0	1.0.2
2025	esme_mvapich_4_0_ofi	1.0.2
2025	esme_mvapich_4_0_ucx	1.0.2
2025	esme_netcdf-c_mpich_4_2_3	4.9.2
2025	esme_netcdf-c_mpich_4_3_1	4.9.3
2025	esme_netcdf-c_mvapich_4_0	4.9.2
2025	esme_netcdf-c_mvapich_4_0	4.9.3
2025	esme_netcdf-c_mvapich_4_0_ofi	4.9.3
2025	esme_netcdf-c_mvapich_4_0_ucx	4.9.3
2025	esme_netcdf-c_openmpi_4_1_6	4.9.2
2025	esme_netcdf-c_openmpi_5_0_6	4.9.2
2025	esme_netcdf-c_openmpi_5_0_7	4.9.2
2025	esme_netcdf-c_psmpi_5_10_0	4.9.2
2025	esme_netcdf-c_psmpi_5_12_1	4.9.3
2025	esme_netcdf-fortran_mpich_4_2_3	4.6.1
2025	esme_netcdf-fortran_mpich_4_3_1	4.6.2
2025	esme_netcdf-fortran_mvapich_4_0	4.6.1
2025	esme_netcdf-fortran_mvapich_4_0	4.6.2
2025	esme_netcdf-fortran_mvapich_4_0_ofi	4.6.2
2025	esme_netcdf-fortran_mvapich_4_0_ucx	4.6.2
2025	esme_netcdf-fortran_openmpi_4_1_6	4.6.1
2025	esme_netcdf-fortran_openmpi_5_0_6	4.6.1
2025	esme_netcdf-fortran_openmpi_5_0_7	4.6.1
2025	esme_netcdf-fortran_psmpi_5_10_0	4.6.1
2025	esme_netcdf-fortran_psmpi_5_12_1	4.6.2
2025	esme_omb_mpich_4_2_3	7.5
2025	esme_omb_mpich_4_3_1	7.5.1
2025	esme_omb_mvapich_4_0	7.5
2025	esme_omb_openmpi_4_1_6	7.5
2025	esme_omb_openmpi_5_0_6	7.5
2025	esme_omb_openmpi_5_0_7	7.5
2025	esme_omb_psmpi_5_10_0	7.5
2025	esme_omb_psmpi_5_12_1	7.5.1
2025	esme_openmpi_4_1_6	1.0.0
2025	esme_openmpi_5_0_6	1.0.0
2025	esme_openmpi_5_0_7	1.0.1
2025	esme_pio_mpich_4_2_3	2.6.2
2025	esme_pio_mpich_4_3_1	2.6.6
2025	esme_pio_mvapich_4_0	2.6.5
2025	esme_pio_mvapich_4_0	2.6.6
2025	esme_pio_mvapich_4_0_ofi	2.6.6
2025	esme_pio_mvapich_4_0_ucx	2.6.6
2025	esme_pio_openmpi_4_1_6	2.6.2
2025	esme_pio_openmpi_5_0_6	2.6.2
2025	esme_pio_openmpi_5_0_7	2.6.5
2025	esme_pio_psmpi_5_10_0	2.6.5
2025	esme_pio_psmpi_5_12_1	2.6.6
2025	esme_pnetcdf_mpich_4_2_3	1.14.0
2025	esme_pnetcdf_mpich_4_3_1	1.14.1
2025	esme_pnetcdf_mvapich_4_0	1.14.0
2025	esme_pnetcdf_mvapich_4_0	1.14.1
2025	esme_pnetcdf_mvapich_4_0_ofi	1.14.1
2025	esme_pnetcdf_mvapich_4_0_ucx	1.14.1
2025	esme_pnetcdf_openmpi_4_1_6	1.14.0
2025	esme_pnetcdf_openmpi_5_0_6	1.14.0
2025	esme_pnetcdf_openmpi_5_0_7	1.14.0
2025	esme_pnetcdf_psmpi_5_10_0	1.14.0
2025	esme_pnetcdf_psmpi_5_12_1	1.14.1
2025	esme_psmpi_5_10_0	1.0.1
2025	esme_psmpi_5_12_1	1.0.2
2025	esmf_mpich	8.8.0
2025	espresso	1.6.0
2025	esviritu	1.0.1
2025	esviritu	1.0.2
2025	esviritu	1.0.3
2025	esviritu	1.1.0
2025	esviritu	1.1.1
2025	esviritu	1.1.2
2025	eukcc	2.1.3
2025	eukfinder	1.2.4
2025	eukulele	2.1.2
2025	eva-sub-cli	0.4.10
2025	eva-sub-cli	0.4.11
2025	eva-sub-cli	0.4.12
2025	eva-sub-cli	0.4.13
2025	eva-sub-cli	0.4.14
2025	eva-sub-cli	0.4.3
2025	eva-sub-cli	0.4.4
2025	eva-sub-cli	0.4.6
2025	eva-sub-cli	0.4.7
2025	eva-sub-cli	0.4.8
2025	eva-sub-cli	0.4.9
2025	eva-sub-cli	0.5.0
2025	eva-sub-cli	0.5.1
2025	eviann	2.0.3
2025	eviann	2.0.4
2025	eviann	2.0.5
2025	evofr	0.1.27
2025	excludonfinder	0.1.1
2025	excludonfinder	0.1.2
2025	excludonfinder	0.1.3
2025	excludonfinder	0.1.4
2025	excludonfinder	0.1.5
2025	excludonfinder	0.1.7
2025	excludonfinder	0.2.0
2025	expam	1.4.0.7
2025	ezaai	1.2.4
2025	ezcharts	0.13.1
2025	ezcharts	0.14.0
2025	ezcharts	0.14.1
2025	ezcharts	0.15.0
2025	ezcharts	0.15.1
2025	ezcharts	0.15.2
2025	ezfastq	0.1
2025	ezfastq	0.1.1
2025	ezfastq	0.1.2
2025	ezfastq	0.1.3
2025	ezfastq	0.2
2025	ezomero	3.1.1
2025	ezomero	3.2.1
2025	ezomero	3.2.2
2025	f5c	1.6
2025	fa-lint	1.0.0
2025	fa-lint	1.1.0
2025	fa-lint	1.2.0
2025	fairease-source	1.4.6
2025	fairy	0.5.8
2025	falco	1.2.5
2025	famsa	2.4.1
2025	famus	0.1.1
2025	famus	0.1.2
2025	faqcs	2.11
2025	faqcs	2.12
2025	fast-fasta-compressor	1.0
2025	fast2q	2.7.2
2025	fast2q	2.7.4
2025	fast2q	2.7.7
2025	fast2q	2.7.8
2025	fast2q	2.8.0
2025	fast2q	2.8.1
2025	fastan	0.5
2025	fastcov	0.1.3
2025	fastdup	1.0.0
2025	fasten	0.8.4
2025	fasten	0.8.5
2025	fasten	0.8.7
2025	fasten	0.8.8
2025	fasten	0.8.9
2025	fasten	0.9.0
2025	fastga	1.2
2025	fastga	1.3
2025	fastga	1.3.1
2025	fastlin	0.4.2
2025	fastlin	0.4.2.1
2025	fastmd5	1.0.0
2025	fastmlst	0.0.19
2025	fastobo	0.13.0
2025	fastoma	0.3.4
2025	fastoma	0.3.5
2025	fastoma	0.4.0
2025	fastoma	0.4.1
2025	fastoma	0.5.0
2025	fastoma	0.5.1
2025	fastp	0.24.1
2025	fastp	0.24.2
2025	fastp	0.24.3
2025	fastp	0.25.0
2025	fastp	0.26.0
2025	fastp	1.0.0
2025	fastp	1.0.1
2025	fastplong	0.3.0
2025	fastplong	0.4.0
2025	fastplong	0.4.1
2025	fastppm	1.1.0
2025	fastppm	1.1.1
2025	fastq-dl	3.0.1
2025	fastq-groupmerge	1.0.1
2025	fastq-groupmerge	1.0.2
2025	fastq_utils	0.25.3
2025	fastqe	0.5.0
2025	fastqe	0.5.2
2025	fastqtk	0.28
2025	fastreer	1.13.23
2025	fastreer	1.13.26
2025	fastreer	1.13.30
2025	fastreer	2.0.0
2025	fastreer	2.1.0
2025	fastreer	2.1.2
2025	fasttree	2.2.0
2025	fatslim_biobb	0.2.2
2025	feems	2.0.0
2025	feems	2.0.1
2025	fermi2	r204
2025	fetchmgs	2.1.2
2025	fgbio-minimal	2.5.0
2025	fgbio-minimal	2.5.1
2025	fgbio-minimal	2.5.21
2025	fgbio-minimal	3.0.0
2025	fgbio-minimal	3.1.0
2025	fgbio-minimal	3.1.1
2025	fgbio	2.5.0
2025	fgbio	2.5.1
2025	fgbio	2.5.21
2025	fgbio	3.0.0
2025	fgbio	3.1.0
2025	fgbio	3.1.1
2025	fgpyo	1.0.0
2025	fgpyo	1.1.0
2025	fgpyo	1.2.0
2025	fgpyo	1.3.0
2025	fgpyo	1.4.0
2025	fgsmk	0.1.1
2025	fgsmk	0.1.2
2025	fibertools-rs	0.6.4
2025	fibertools-rs	0.7.1
2025	fibertools-rs	0.8.0
2025	fibertools-rs	0.8.1
2025	fiji	20250206
2025	filtlong	0.3.0
2025	filtlong	0.3.1
2025	finaletoolkit	0.10.7
2025	finaletoolkit	0.11.0
2025	firecloud	0.16.38
2025	fishplotpy	1.0.0
2025	flagx	0.1.0
2025	flagx	0.2.0
2025	flair	2.1.1
2025	flair	2.1.2
2025	flair	2.2.0
2025	flair	3.0.0b1
2025	flams	1.1.5
2025	flams	1.1.6
2025	flashlfq	2.0.0
2025	flashlfq	2.1.3
2025	flashlfq	2.1.4
2025	flexidot	2.0.1
2025	flexidot	2.0.2
2025	flexiformatter	1.0.3
2025	flexiformatter	1.0.4
2025	flexiformatter	1.0.5
2025	flexiplex	1.02.3
2025	flexiplex	1.02.4
2025	flexiplex	1.02.5
2025	flexsweep	1.3
2025	flexynesis	0.2.13
2025	flexynesis	0.2.14
2025	flexynesis	0.2.16
2025	flexynesis	0.2.17
2025	flexynesis	0.2.18
2025	flexynesis	0.2.19
2025	flexynesis	0.2.20
2025	flexynesis	1.0.3
2025	flexynesis	1.0.4
2025	flexynesis	1.0.5
2025	flexynesis	1.0.7
2025	flexynesis	1.0.8
2025	flexynesis	1.1.0
2025	flexynesis	1.1.1
2025	flexynesis	1.1.3
2025	flexynesis	1.1.4
2025	flexynesis	1.1.5
2025	flexynesis	1.1.6
2025	floco	1.0.1
2025	floria	0.0.2
2025	flumut	0.6.4
2025	flumutdb	6.4
2025	flumutdb	6.5
2025	flye	2.9.6
2025	fmlrc2	0.1.8
2025	fmsi	0.4.0
2025	foldcomp	0.1.0
2025	folddisco	1.7514114
2025	foldmason	3.954d202
2025	foldmason	4.dd3c235
2025	foldseek	10.941cd33
2025	formulaic-contrasts	1.0.0
2025	fpocketr	1.3.4
2025	fqgrep	1.1.0
2025	fqgrep	1.1.1
2025	frag_gene_scan_rs	1.1.0
2025	fragpipe	22.0
2025	fragpipe	23.0
2025	fragpipe	23.1
2025	fragpipe	24.0
2025	freebayes	1.3.10
2025	freebayes	1.3.9
2025	freyja	1.5.3
2025	freyja	2.0.0
2025	freyja	2.0.1
2025	freyja	2.0.2
2025	frogs	4.2.0
2025	frogs	5.0.1
2025	frogs	5.0.2
2025	fstic	1.0.0
2025	fufihla	0.1.0
2025	fufihla	0.2.2
2025	fufihla	0.2.3
2025	fusion-report	3.1.1
2025	fusion-report	3.1.2
2025	fusion-report	4.0.0
2025	fusion-report	4.0.1
2025	fusioncatcher	1.33b
2025	fwdpp	0.6.1
2025	fwdpp	0.9.2
2025	fwdpy11	0.24.5
2025	gadma	2.0.3
2025	gafpack	0.1.3
2025	gaftools	1.1.1
2025	gaftools	1.1.3
2025	gaftools	1.2.0
2025	gaftools	1.2.1
2025	gaftools	1.3.0
2025	galaxy-data	24.2.0
2025	galaxy-data	24.2.1
2025	galaxy-data	24.2.2
2025	galaxy-data	24.2.3
2025	galaxy-data	24.2.4
2025	galaxy-data	25.0.1
2025	galaxy-data	25.0.2
2025	galaxy-data	25.0.3
2025	galaxy-data	25.0.4
2025	galaxy-files-full	24.2.3
2025	galaxy-files-full	24.2.4
2025	galaxy-files-full	25.0.1
2025	galaxy-files-full	25.0.2
2025	galaxy-files-full	25.0.3
2025	galaxy-files-full	25.0.4
2025	galaxy-files	24.2.0
2025	galaxy-files	24.2.1
2025	galaxy-files	24.2.2
2025	galaxy-files	24.2.3
2025	galaxy-files	24.2.4
2025	galaxy-files	25.0.1
2025	galaxy-files	25.0.2
2025	galaxy-files	25.0.3
2025	galaxy-files	25.0.4
2025	galaxy-files	25.1.0
2025	galaxy-job-config-init	0.1.3
2025	galaxy-job-execution	24.2.4
2025	galaxy-job-execution	25.0.1
2025	galaxy-job-execution	25.0.2
2025	galaxy-job-execution	25.0.3
2025	galaxy-job-execution	25.0.4
2025	galaxy-objectstore	24.2.0
2025	galaxy-objectstore	24.2.1
2025	galaxy-objectstore	24.2.2
2025	galaxy-objectstore	24.2.3
2025	galaxy-objectstore	24.2.4
2025	galaxy-objectstore	25.0.1
2025	galaxy-objectstore	25.0.2
2025	galaxy-objectstore	25.0.3
2025	galaxy-objectstore	25.0.4
2025	galaxy-schema	24.2.0
2025	galaxy-schema	24.2.1
2025	galaxy-schema	24.2.2
2025	galaxy-schema	24.2.3
2025	galaxy-schema	24.2.4
2025	galaxy-schema	25.0.1
2025	galaxy-schema	25.0.2
2025	galaxy-schema	25.0.3
2025	galaxy-schema	25.0.4
2025	galaxyxml	0.5.4
2025	galaxyxml	0.5.5
2025	gambitcore	0.0.2
2025	ganon	2.1.1
2025	gapmm2	25.4.13
2025	gapmm2	25.4.5
2025	gapmm2	25.8.12
2025	gappa	0.9.0
2025	gapseq	1.4.0
2025	gargammel	1.1.4
2025	gather	0.1.0
2025	gather	0.1.1
2025	gather	1.0.1
2025	gatk4-spark	4.6.2.0
2025	gatk4	4.6.2.0
2025	gb-io	0.3.5
2025	gb-io	0.3.6
2025	gb-io	0.3.7
2025	gb-io	0.3.8
2025	gbdraw	0.1.0
2025	gbdraw	0.1.1
2025	gbdraw	0.2.0
2025	gbdraw	0.3.0
2025	gbdraw	0.4.0
2025	gbdraw	0.5.0
2025	gbdraw	0.5.1
2025	gbdraw	0.5.2
2025	gbdraw	0.5.3
2025	gbdraw	0.6.0
2025	gbdraw	0.7.0
2025	gbdraw	0.8.0
2025	gbintk	1.0.1
2025	gbintk	1.0.2
2025	gbintk	1.0.3
2025	gci	1.0
2025	gcluster	2.0.7
2025	gecco	0.10.0
2025	gecco	0.10.1
2025	gemma	0.98.5
2025	gempipe	1.37.5
2025	gempipe	1.37.6
2025	gempipe	1.37.7
2025	gempipe	1.38.0
2025	gempipe	1.38.1
2025	gempipe	1.38.2
2025	gempipe	1.38.3
2025	gempipe	1.38.4
2025	gempipe	1.38.5
2025	genbank	0.120
2025	genbank	0.121
2025	gencove	3.0.0
2025	gencove	3.0.1
2025	gencove	3.1.0
2025	gencove	3.2.0
2025	gencove	4.0.1
2025	gencove	4.1.0
2025	gencove	4.2.0
2025	gencube	1.1.0
2025	gencube	1.11.0
2025	gencube	1.9.0
2025	gene-fetch	1.0.11
2025	gene-fetch	1.0.12
2025	gene-fetch	1.0.13
2025	gene-fetch	1.0.14
2025	gene-fetch	1.0.15
2025	gene-fetch	1.0.17
2025	gene-fetch	1.0.18
2025	gene-fetch	1.0.19
2025	gene-fetch	1.0.20
2025	gene-fetch	1.0.21
2025	gene-fetch	1.0.9
2025	genedom	0.2.1
2025	genedom	0.2.2
2025	genepop	4.8.4
2025	genin2	2.0.1
2025	genin2	2.1.2
2025	genin2	2.1.3
2025	genin2	2.1.5
2025	genmod	3.10
2025	genmod	3.10.1
2025	genmod	3.10.2
2025	genoboo	0.4.17
2025	genoboo	0.4.18
2025	genoflu	1.06
2025	genomad	1.10.0
2025	genomad	1.11.0
2025	genomad	1.11.1
2025	genomad	1.11.2
2025	genomad	1.9.0
2025	genome-uploader	2.3.4
2025	genome-uploader	2.4.0
2025	genome-uploader	2.5.0
2025	genome-uploader	2.5.1
2025	genome2tree	1.0.0
2025	genome2tree	1.1.0
2025	genome_profiler	0.4.2
2025	genome_updater	0.7.0
2025	genomedata	1.7.4
2025	genomepy	0.16.2
2025	genomepy	0.16.3
2025	genomescope2	2.1.0
2025	genomesyn2	1.0.0
2025	genometools-genometools	1.6.6
2025	genomic_address_service	0.1.4
2025	genomic_address_service	0.1.5
2025	genomic_address_service	0.2.0
2025	genomic_address_service	0.2.1
2025	genomic_address_service	0.3.0
2025	genomic_address_service	0.3.1
2025	genotypy	0.3.3
2025	genotypy	0.3.4
2025	geofetch	0.12.8
2025	geofetch	0.12.9
2025	geomloss	0.2.6
2025	get_fasta_info	2.5.0
2025	get_homologues	3.7.3
2025	get_homologues	3.7.4
2025	get_homologues	3.7.5
2025	get_pangenes	1.3
2025	get_pangenes	20250123
2025	get_pangenes	20250904
2025	gfaffix	0.2.0
2025	gfaffix	0.2.1
2025	gfastats	1.3.10
2025	gfastats	1.3.11
2025	gfatools	0.5.5
2025	gffcompare	0.12.10
2025	gffcompare	0.12.9
2025	gfftk	25.4.17
2025	gfftk	25.6.10
2025	gfviewer	1.0.4
2025	ggcaller	1.4.1
2025	ggcat	2.0.0
2025	giatools	0.3.2
2025	giatools	0.4.0
2025	giatools	0.4.1
2025	giatools	0.5.0
2025	giatools	0.5.2
2025	giatools	0.6.0
2025	giatools	0.7.0
2025	giatools	0.7.1
2025	gimmemotifs-minimal	0.18.1
2025	gimmemotifs	0.18.1
2025	glean-gene	1.0.1
2025	gmap	2025.04.18
2025	gmap	2025.04.19
2025	gmap	2025.07.31
2025	gmove	1.3
2025	gnparser	1.11.10
2025	gnparser	1.11.2
2025	gnparser	1.11.3
2025	gnparser	1.11.4
2025	gnparser	1.11.5
2025	gnparser	1.11.6
2025	gnparser	1.11.7
2025	gnparser	1.11.8
2025	gnparser	1.11.9
2025	gnparser	1.12.0
2025	gnparser	1.12.1
2025	goalign	0.3.8
2025	goalign	0.3.9
2025	goalign	0.4.0
2025	gocr	0.52
2025	godmd	1.6
2025	godmd	1.7
2025	gofasta	1.2.2
2025	gofasta	1.2.3
2025	goldrush	1.2.2
2025	gotohscan	2.0
2025	gotree	0.5.0
2025	gotree	0.5.1
2025	gottcha2	2.1.10
2025	gottcha2	2.1.8.10
2025	gottcha2	2.1.8.11
2025	gottcha2	2.1.8.8
2025	gottcha2	2.1.9
2025	gpatch	0.3.6
2025	gpatch	0.3.8
2025	gpsw	0.6.3
2025	gpsw	0.7.0
2025	gpsw	0.8.0
2025	gpsw	0.9.0
2025	gpsw	0.9.1
2025	gqlib	2.14.4
2025	grampa	1.4.1
2025	grampa	1.4.2
2025	grampa	1.4.3
2025	grampa	1.4.4
2025	graphembed	0.1.3
2025	graphembed	0.1.4
2025	graphembed	0.1.5
2025	graphembed	0.1.6
2025	graphembed	0.1.7
2025	graphembed	0.1.8
2025	grenedalf	0.6.3
2025	grepq	1.4.1
2025	grepq	1.4.2
2025	grepq	1.4.3
2025	grepq	1.4.4
2025	grepq	1.4.5
2025	grepq	1.4.7
2025	grepq	1.4.8
2025	grepq	1.4.9
2025	grepq	1.5.0
2025	grepq	1.5.1
2025	grepq	1.5.2
2025	grepq	1.5.3
2025	grepq	1.5.4
2025	gromacs_mddb	2025.3
2025	grz-check	0.1.0
2025	grz-check	0.2.0
2025	grz-check	0.2.1
2025	grz-cli	0.1.4
2025	grz-cli	0.3.0
2025	grz-cli	0.4.0
2025	grz-cli	0.5.0
2025	grz-cli	0.6.0
2025	grz-cli	0.6.1
2025	grz-cli	0.7.0
2025	grz-cli	1.0.0
2025	grz-cli	1.0.1
2025	grz-cli	1.0.2
2025	grz-cli	1.0.3
2025	grz-cli	1.1.0
2025	grz-cli	1.1.1
2025	grz-cli	1.1.2
2025	grz-cli	1.2.0
2025	grz-cli	1.3.0
2025	grz-cli	1.3.1
2025	grz-cli	1.4.0
2025	grz-cli	1.5.0
2025	grz-cli	1.5.1
2025	grz-common	0.1.0
2025	grz-common	1.0.0
2025	grz-common	1.0.1
2025	grz-common	1.0.2
2025	grz-common	1.0.3
2025	grz-common	1.1.0
2025	grz-common	1.1.1
2025	grz-common	1.2.0
2025	grz-common	1.2.1
2025	grz-common	1.3.0
2025	grz-common	1.3.1
2025	grz-common	1.4.0
2025	grz-common	1.5.0
2025	grz-common	1.6.0
2025	grz-common	1.6.1
2025	grz-db	0.1.0
2025	grz-db	0.2.0
2025	grz-db	0.2.1
2025	grz-db	0.3.0
2025	grz-db	0.4.0
2025	grz-db	0.5.0
2025	grz-db	0.6.0
2025	grz-db	1.0.0
2025	grz-db	1.0.1
2025	grz-db	1.1.0
2025	grz-db	1.2.0
2025	grz-pydantic-models	1.2.0
2025	grz-pydantic-models	1.2.1
2025	grz-pydantic-models	1.3.0
2025	grz-pydantic-models	1.4.0
2025	grz-pydantic-models	1.5.0
2025	grz-pydantic-models	2.0.0
2025	grz-pydantic-models	2.0.1
2025	grz-pydantic-models	2.0.2
2025	grz-pydantic-models	2.0.3
2025	grz-pydantic-models	2.1.0
2025	grz-pydantic-models	2.1.1
2025	grz-pydantic-models	2.1.2
2025	grz-pydantic-models	2.2.0
2025	grz-pydantic-models	2.2.1
2025	grz-pydantic-models	2.3.0
2025	grz-pydantic-models	2.3.1
2025	grz-pydantic-models	2.4.0
2025	grz-pydantic-models	2.5.0
2025	grzctl	0.1.0
2025	grzctl	0.2.0
2025	grzctl	0.2.1
2025	grzctl	0.2.2
2025	grzctl	0.2.3
2025	grzctl	0.2.4
2025	grzctl	0.2.5
2025	grzctl	0.2.6
2025	grzctl	0.3.0
2025	grzctl	0.4.0
2025	grzctl	0.5.0
2025	grzctl	0.6.0
2025	grzctl	1.0.0
2025	grzctl	1.0.1
2025	grzctl	1.2.0
2025	grzctl	1.3.0
2025	grzctl	1.4.0
2025	gseapy	1.1.10
2025	gseapy	1.1.11
2025	gseapy	1.1.5
2025	gseapy	1.1.6
2025	gseapy	1.1.8
2025	gseapy	1.1.9
2025	gsearch	0.2.4
2025	gsearch	0.2.5
2025	gsearch	0.2.6
2025	gsearch	0.2.7
2025	gsearch	0.2.8
2025	gsearch	0.2.9
2025	gsearch	0.3.0
2025	gsearch	0.3.1
2025	gsearch	0.3.2
2025	gsearch	0.3.3
2025	gsmap	1.73.0
2025	gsmap	1.73.1
2025	gsmap	1.73.2
2025	gsmap	1.73.3
2025	gsmap	1.73.4
2025	gsmap	1.73.5
2025	gsmap	1.73.6
2025	gsort	0.1.5
2025	gtdbtk	2.4.1
2025	gtdbtk	2.5.0
2025	gtdbtk	2.5.1
2025	gtdbtk	2.5.2
2025	gtdbtk	2.6.0
2025	gtdbtk	2.6.1
2025	gtotree	1.8.10
2025	gtotree	1.8.11
2025	gtotree	1.8.12
2025	gtotree	1.8.13
2025	gtotree	1.8.14
2025	gtotree	1.8.15
2025	gtotree	1.8.16
2025	gtotree	1.8.9
2025	gubbins	3.4.1
2025	gubbins	3.4.2
2025	gubbins	3.4.3
2025	gustaf	1.0.10
2025	gw	1.1.2
2025	gw	1.1.3
2025	gw	1.1.4
2025	gw	1.2.0
2025	gw	1.2.1
2025	gw	1.2.2
2025	gw	1.2.3
2025	gw	1.2.4
2025	gw	1.2.5
2025	gw	1.2.6
2025	gxf2bed	0.2.5
2025	gxf2bed	0.2.6
2025	gxf2bed	0.2.7
2025	gxformat2	0.21.0
2025	hackgap	1.0.1
2025	haddock_biobb	2025.5
2025	haddock_biobb	3.0.7
2025	hal2vg	1.1.8
2025	halla	0.8.40
2025	hamronization	1.1.9
2025	haphic	1.0.7
2025	haplogrep3	3.2.2
2025	haplotaglr	1.1.10
2025	haplotaglr	1.1.12
2025	haplotaglr	1.1.13
2025	haptools	0.6.2
2025	harpy	1.15.0
2025	harpy	1.16.0
2025	harpy	1.16.1
2025	harpy	1.16.2
2025	harpy	1.16.3
2025	harpy	2.0
2025	harpy	2.1
2025	harpy	2.2
2025	harpy	2.3
2025	harpy	2.4
2025	harpy	2.4.1
2025	harpy	2.4.2
2025	harpy	2.5.0
2025	harpy	2.6.0
2025	harpy	2.6.1
2025	harpy	2.7
2025	harpy	2.8
2025	harpy	2.8.1
2025	harpy	3.0
2025	harpy	3.0.1
2025	harpy	3.1
2025	harvesttools	1.3
2025	hatchet	2.1.1
2025	hatchet	2.1.2
2025	hdf5_mpich	1.14.5
2025	hdmi	1.0.0
2025	heasoft	6.35.1
2025	heasoft	6.35.2
2025	hecatomb	1.3.4
2025	heliano	1.3.1
2025	hgtools	10.1.0
2025	hgvs	1.5.5
2025	hgvs	1.5.6
2025	hicberg	1.0.0
2025	hicberg	1.0.1
2025	hictk	2.0.2
2025	hictk	2.1.0
2025	hictk	2.1.1
2025	hictk	2.1.2
2025	hictk	2.1.4
2025	hictk	2.1.5
2025	hictk	2.2.0
2025	hictkpy	1.2.0
2025	hictkpy	1.3.0
2025	hictkpy	1.4.0
2025	hifi_trimmer	1.2.2
2025	hifi_trimmer	1.2.3
2025	hifi_trimmer	2.0.0
2025	hifi_trimmer	2.1.0
2025	hifiasm	0.25.0
2025	hifiasm_meta	hamtv0.3.3
2025	hifiasm_meta	hamtv0.3.4
2025	hifiasm_meta	hamtv0.3.5
2025	hiphase	1.5.0
2025	hippunfold-dev	2.0.0
2025	hippunfold	2.0.0
2025	hisat-3n	0.0.3
2025	hisat2-pipeline	1.1.0
2025	hisat2-pipeline	1.1.1
2025	hits	0.4.5
2025	hmftools-amber	4.1.1
2025	hmftools-amber	4.2
2025	hmftools-bam-tools	1.3
2025	hmftools-bam-tools	1.4
2025	hmftools-bam-tools	1.4.1
2025	hmftools-bam-tools	1.4.2
2025	hmftools-bam-tools	1.5
2025	hmftools-bwa-plus	1.0.0
2025	hmftools-chord	2.1.0
2025	hmftools-chord	2.1.1
2025	hmftools-chord	2.1.2
2025	hmftools-cider	1.0.3
2025	hmftools-cider	1.0.4
2025	hmftools-cider	1.1
2025	hmftools-cobalt	2.0
2025	hmftools-cobalt	2.1
2025	hmftools-cobalt	2.2
2025	hmftools-cuppa	2.3.1
2025	hmftools-cuppa	2.3.2
2025	hmftools-cuppa	2.4
2025	hmftools-esvee	1.0
2025	hmftools-esvee	1.0.1
2025	hmftools-esvee	1.0.2
2025	hmftools-esvee	1.0.3
2025	hmftools-esvee	1.1
2025	hmftools-esvee	1.1.1
2025	hmftools-esvee	1.1.2
2025	hmftools-esvee	1.2
2025	hmftools-gene-utils	1.2
2025	hmftools-gene-utils	1.3
2025	hmftools-isofox	1.7.2
2025	hmftools-lilac	1.7.1
2025	hmftools-lilac	1.7.2
2025	hmftools-lilac	1.7.3
2025	hmftools-linx	2.0
2025	hmftools-linx	2.0.1
2025	hmftools-linx	2.0.2
2025	hmftools-linx	2.0.3
2025	hmftools-linx	2.1
2025	hmftools-linx	2.2
2025	hmftools-neo	1.2
2025	hmftools-neo	1.2.1
2025	hmftools-orange	3.7.1
2025	hmftools-orange	3.8.0
2025	hmftools-orange	3.8.1
2025	hmftools-orange	4.0.0
2025	hmftools-orange	4.0.1
2025	hmftools-orange	4.1
2025	hmftools-orange	4.1.1
2025	hmftools-orange	4.1.2
2025	hmftools-pave	1.7
2025	hmftools-pave	1.7.1
2025	hmftools-pave	1.8
2025	hmftools-pave	1.8.1
2025	hmftools-pave	1.8.2
2025	hmftools-purple	4.1
2025	hmftools-purple	4.2
2025	hmftools-purple	4.3
2025	hmftools-redux	1.1
2025	hmftools-redux	1.1.1
2025	hmftools-redux	1.1.2
2025	hmftools-redux	1.2
2025	hmftools-redux	1.2.1
2025	hmftools-redux	1.2.2
2025	hmftools-sage	4.0
2025	hmftools-sage	4.1
2025	hmftools-sage	4.2
2025	hmftools-teal	1.3.3
2025	hmftools-teal	1.3.4
2025	hmftools-teal	1.3.5
2025	hmftools-teal	1.3.6
2025	hmftools-virus-interpreter	1.7
2025	hmftools-virus-interpreter	1.7.1
2025	hmftools-virus-interpreter	1.7.2
2025	hmftools-wisp	1.2
2025	hmnfusion	1.3.0
2025	hmnfusion	1.3.1
2025	hmnfusion	1.4.0
2025	hmnfusion	1.5.0
2025	hmnfusion	1.5.1
2025	homer	5.1
2025	homopolish	0.4.2
2025	hostile	2.0.1
2025	hostile	2.0.2
2025	htsbox	r350
2025	htseq	2.0.9
2025	htslib	1.22
2025	htslib	1.22.1
2025	htslib	1.23
2025	htstream	1.4.1
2025	humanfilt	0.1.1
2025	humanfilt	1.0.0
2025	hybpiper	2.3.2
2025	hybpiper	2.3.3
2025	hybracter	0.11.1
2025	hybracter	0.11.2
2025	hybran	1.9
2025	hymet	1.0.0
2025	hymet	1.2.0
2025	hymet	1.2.1
2025	hymet2	1.0.0
2025	hyperloglog	0.0.14
2025	hyperloglog	0.1.3
2025	hyperloglog	0.1.5
2025	hyphy	2.5.69
2025	hyphy	2.5.70
2025	hyphy	2.5.71
2025	hyphy	2.5.73
2025	hyphy	2.5.74
2025	hyphy	2.5.75
2025	hyphy	2.5.76
2025	hyphy	2.5.77
2025	hyphy	2.5.78
2025	hyphy	2.5.79
2025	hyphy	2.5.80
2025	hyphy	2.5.81
2025	hyphy	2.5.82
2025	hyphy	2.5.83
2025	hyphy	2.5.84
2025	hyphy	2.5.85
2025	hyphy	2.5.86
2025	hyphy	2.5.92
2025	hyphy	2.5.93
2025	hyplas	1.0.1
2025	hyplas	1.0.2
2025	ibridges	1.3.0
2025	ibridges	1.5.0
2025	ibridges	1.5.1
2025	ibridges	1.5.2
2025	ibridges	2.0.0
2025	ibridges	2.0.1
2025	ice-cream	2.0.0
2025	iced	0.5.13
2025	iced	0.6.0
2025	icescreen	1.3.3
2025	icfree-ml	2.8.0
2025	icfree-ml	2.9.0
2025	icfree-ml	2.9.1
2025	igdtools	2.5
2025	igdtools	2.6
2025	igua	0.1.0
2025	igv-notebook	0.6.2
2025	igv-reports	1.15.0
2025	igv-reports	1.15.1
2025	igv-reports	1.16.0
2025	igv	2.19.1
2025	igv	2.19.2
2025	igv	2.19.3
2025	igv	2.19.4
2025	igv	2.19.6
2025	igv	2.19.7
2025	illumina-interop	1.4.0
2025	illumina-interop	1.5.0
2025	illumina-interop	1.7.0
2025	illumina-interop	1.8.0
2025	illumina-interop	1.9.0
2025	im2deep	1.0.1
2025	im2deep	1.0.2
2025	im2deep	1.0.3
2025	im2deep	1.1.0
2025	im2deep	1.1.1
2025	immuneml	3.0.11
2025	immuneml	3.0.12
2025	immuneml	3.0.14
2025	immuneml	3.0.15
2025	immuneml	3.0.16
2025	immuneml	3.0.17
2025	immuneml	3.0.7
2025	immuneml	3.0.8
2025	immuneml	3.0.9
2025	impg	0.2.3
2025	impg	0.2.4
2025	impg	0.3.1
2025	impg	0.3.2
2025	impg	0.3.3
2025	influx-si-data-manager	1.1.0
2025	influx-si-data-manager	1.1.1
2025	influx_si	7.2.3
2025	influx_si	7.2.4
2025	influx_si	7.3.0
2025	influx_si	7.4.0
2025	influx_si	7.4.1
2025	inmoose	0.7.6
2025	inmoose	0.7.7
2025	inmoose	0.7.8
2025	inmoose	0.8.0
2025	inmoose	0.8.1
2025	inmoose	0.9.0
2025	instanovo	1.1.1
2025	instanovo	1.1.2
2025	instanovo	1.1.3
2025	instanovo	1.1.4
2025	instanovo	1.2.2
2025	instrain	1.10.0
2025	instrain	1.9.1
2025	integron_finder	2.0.6
2025	iobrpy	0.1.3
2025	iobrpy	0.1.4
2025	iobrpy	0.1.6
2025	iobrpy	0.1.7
2025	ionquant	1.10.27
2025	ionquant	1.11.9
2025	iow	1.0.7
2025	iow	1.0.8
2025	ipcr	1.1.0
2025	ipcr	2.0.0
2025	ipcr	2.3.1
2025	ipcr	3.0.0
2025	ipcr	4.1.1
2025	iphop	1.4.1
2025	ipyrad	0.9.104
2025	ipyrad	0.9.105
2025	ipyrad	0.9.106
2025	ipyrad	0.9.107
2025	iqtree	2.4.0
2025	iqtree	3.0.1
2025	irescue	1.2.0
2025	irf	3.09
2025	irida-uploader	0.9.3
2025	irida-uploader	0.9.4
2025	irida-uploader	0.9.5
2025	isatools	0.14.3
2025	iscc-sum	0.1.0
2025	iseq	1.6.0
2025	iseq	1.7.0
2025	iseq	1.8.0
2025	iseq	1.9.0
2025	iseq	1.9.1
2025	iseq	1.9.2
2025	iseq	1.9.3
2025	iseq	1.9.4
2025	iseq	1.9.5
2025	iseq	1.9.6
2025	iseq	1.9.7
2025	iseq	1.9.8
2025	isescan	1.7.3
2025	isodesign	2.0.1
2025	isodesign	2.0.2
2025	isodesign	2.0.3
2025	isoformcheck	1.0.0
2025	isonclust3	0.3.0
2025	isoquant	3.10.0
2025	isoquant	3.6.3
2025	isoquant	3.7.0
2025	isoquant	3.7.1
2025	isoquant	3.9.0
2025	isorefiner	0.1.0
2025	isoseq	4.3.0
2025	isotools	0.3.4
2025	isotools	2.0.0
2025	itolapi	4.1.6
2025	itsxpress	2.1.4
2025	ivar	1.4.4
2025	jacusa2	2.0.4
2025	jacusa2	2.1.15
2025	jacusa2	2.1.16
2025	jalview	2.11.5.0
2025	jalview	2.11.5.1
2025	jbrowse2	3.0.0
2025	jbrowse2	3.0.1
2025	jbrowse2	3.0.2
2025	jbrowse2	3.0.3
2025	jbrowse2	3.0.4
2025	jbrowse2	3.0.5
2025	jbrowse2	3.1.0
2025	jbrowse2	3.2.0
2025	jbrowse2	3.3.0
2025	jbrowse2	3.4.0
2025	jbrowse2	3.5.0
2025	jbrowse2	3.5.1
2025	jbrowse2	3.6.2
2025	jbrowse2	3.6.3
2025	jbrowse2	3.6.4
2025	jbrowse2	3.6.5
2025	jbrowse2	3.7.0
2025	jcvi	1.5.10
2025	jcvi	1.5.11
2025	jcvi	1.5.4
2025	jcvi	1.5.6
2025	jcvi	1.5.7
2025	jcvi	1.5.8
2025	jcvi	1.5.9
2025	juicebox_scripts	0.1.0gita7ae991
2025	juicertools	2.20.00
2025	jvarkit-bamstats04	2025.07.28
2025	kalamari	5.8.0
2025	kamino	0.1.0
2025	kamino	0.2.0
2025	kamino	0.2.1
2025	kanpig	1.1.0
2025	kaptive	3.1.0
2025	kb-python	0.29.3
2025	kb-python	0.29.4
2025	kb-python	0.29.5
2025	kb-python	0.30.0
2025	kbo-cli	0.1.1
2025	kbo-cli	0.2.1
2025	kcftools	0.0.1
2025	kcftools	0.1.0
2025	kcftools	0.2.0
2025	kcftools	0.3.0
2025	kcftools	0.4.0
2025	kegalign-full	0.1.2.8
2025	kegg-pathways-completeness	1.2.1
2025	kegg-pathways-completeness	1.3.0
2025	kernel_density_plots	0.1
2025	kf2vec	0.1.3
2025	kf2vec	1.0.62
2025	kfilt	0.1.1
2025	khipu-metabolomics	2.0.4
2025	kleborate	3.1.3
2025	kleborate	3.2.0
2025	kleborate	3.2.1
2025	kleborate	3.2.2
2025	kleborate	3.2.3
2025	kleborate	3.2.4
2025	kled	1.2.10
2025	kled	1.2.9H11
2025	kma	1.4.17
2025	kma	1.4.18
2025	kma	1.5.0
2025	kma	1.5.1
2025	kma	1.6.6
2025	kma	1.6.7
2025	kma	1.6.8
2025	kmer-counter	0.1.2
2025	kmer-db	2.3.1
2025	kmer2stats	1.0.1
2025	kmercamel	2.0.0
2025	kmercamel	2.1.0
2025	kmercamel	2.1.1
2025	kmercamel	2.2.0
2025	kmertools	0.2.0
2025	kmertools	0.2.1
2025	kmetashot	0.1.0
2025	kmetashot	2.0
2025	kmindex	0.6.0
2025	kmtricks	1.5.0
2025	kmtricks	1.5.1
2025	kneaddata	0.12.1
2025	kneaddata	0.12.2
2025	kneaddata	0.12.3
2025	kneaddata	0.12.4
2025	kompot	0.6.0
2025	kompot	0.6.1
2025	kompot	0.6.2
2025	kractor	1.0.0
2025	kractor	1.0.1
2025	kractor	2.0.0
2025	kractor	3.0.0
2025	kractor	3.1.0
2025	kraken2	2.1.5
2025	kraken2	2.1.6
2025	kraken2	2.17
2025	kraken2	2.17.1
2025	krakentools	1.2.1
2025	krepp	0.5.1
2025	krepp	0.6.0
2025	kyber	0.6.0d
2025	lamps	1.0.4
2025	lassaseq	0.1.0
2025	lassaseq	0.1.1
2025	lassaseq	0.1.2
2025	lassensus	0.0.2
2025	lassensus	0.0.3
2025	lassensus	0.0.4
2025	lassensus	0.0.5
2025	last	1608
2025	last	1611
2025	last	1615
2025	last	1639
2025	last	1642
2025	last	1648
2025	last	1650
2025	lastz	1.04.45
2025	lastz	1.04.52
2025	latch	2.57.2
2025	latch	2.57.3
2025	latch	2.58.0
2025	latch	2.58.2
2025	latch	2.59.0
2025	latch	2.59.1
2025	latch	2.61.0
2025	latch	2.61.1
2025	latch	2.61.2
2025	latch	2.62.0
2025	latch	2.62.1
2025	latch	2.62.2
2025	latch	2.62.3
2025	latch	2.63.1
2025	latch	2.64.0
2025	latch	2.64.1
2025	latch	2.65.1
2025	latch	2.65.2
2025	latch	2.65.3
2025	latch	2.65.5
2025	latch	2.65.6
2025	latch	2.65.7
2025	latch	2.66.1
2025	latch	2.66.3
2025	latch	2.67.0
2025	latch	2.67.12
2025	latch	2.67.13
2025	latch	2.67.14
2025	latch	2.67.16
2025	latch	2.67.17
2025	latch	2.67.19
2025	latch	2.67.2
2025	latch	2.67.20
2025	latch	2.67.21
2025	latch	2.67.4
2025	latch	2.67.5
2025	latch	2.67.6
2025	ldblockshow	1.41
2025	learnmsa	2.0.10
2025	learnmsa	2.0.11
2025	learnmsa	2.0.12
2025	learnmsa	2.0.13
2025	learnmsa	2.0.14
2025	learnmsa	2.0.15
2025	learnmsa	2.0.16
2025	lepwrap	5.0
2025	lexicmap	0.6.0
2025	lexicmap	0.6.1
2025	lexicmap	0.7.0
2025	lexicmap	0.8.0
2025	lexicmap	0.8.1
2025	liana	1.5.1
2025	liana	1.6.1
2025	lib-pod5	0.3.23
2025	lib-pod5	0.3.27
2025	lib-pod5	0.3.33
2025	libbigwig	0.4.8
2025	libcarna-python	0.2.0
2025	libcarna	3.3.3
2025	libcarna	3.4.0
2025	libccp4	8.0.0
2025	libcifpp	7.0.9
2025	libcifpp	8.0.0
2025	libcifpp	8.0.1
2025	libcifpp	9.0.0
2025	libcifpp	9.0.1
2025	libcifpp	9.0.2
2025	libcifpp	9.0.3
2025	libcifpp	9.0.4
2025	libcifpp	9.0.5
2025	libopenms	3.3.0
2025	libopenms	3.4.0
2025	libopenms	3.4.1
2025	libopenms	3.5.0
2025	libpdb-redo	3.3.0
2025	libpdb-redo	3.3.1
2025	libssw	1.2.5
2025	liftover	1.3.3
2025	ligand-validation	0.0.1
2025	lima	2.13.0
2025	linkedsv	0.1.0
2025	lirtmats	1.0.0
2025	locidex	0.3.0
2025	locidex	0.4.0
2025	locityper	0.18.0
2025	locityper	0.19.1
2025	locityper	1.0.0
2025	locityper	1.1.0
2025	locityper	1.1.1
2025	locityper	1.1.2
2025	locityper	1.2.0
2025	locityper	1.2.1
2025	lodei	1.1.0
2025	lodei	1.1.1
2025	lollipop	0.5.2
2025	lollipop	0.5.3
2025	longbow	2.3.0
2025	longbow	2.3.1
2025	longcalld	0.0.4
2025	longcalld	0.0.5
2025	longcalld	0.0.6
2025	longcalld	0.0.7
2025	longcalld	0.0.8
2025	longcallr	1.11.0
2025	longcallr	1.12.0
2025	longcallr_nn	0.0.2
2025	longdust	1.2
2025	longdust	1.3
2025	longdust	1.4
2025	longphase	2.0
2025	longtr	1.2
2025	longtrack	1.0.0
2025	loomxpy	0.4.2
2025	lorax	0.5.1
2025	lotus3	3.03
2025	lovis4u	0.1.1.2
2025	lovis4u	0.1.4.1
2025	lovis4u	0.1.5
2025	lovis4u	0.1.5.1
2025	lovis4u	0.1.6
2025	lr_gapcloser	1.0
2025	lrge	0.2.0
2025	lrge	0.2.1
2025	ls-gkm	0.1.1
2025	lsabgc	1.1.10
2025	lsabgc	1.1.3
2025	lsabgc	1.1.4
2025	lsabgc	1.1.5
2025	lsabgc	1.1.6
2025	lsabgc	1.1.7
2025	lsabgc	1.1.8
2025	lsabgc	1.1.9
2025	ltr_finder_parallel	1.3
2025	ltr_harvest_parallel	1.2
2025	ltr_retriever	3.0.2
2025	ltr_retriever	3.0.3
2025	ltr_retriever	3.0.4
2025	lusstr	0.11
2025	maaslin3	0.99.16
2025	mach2	1.0.1.1
2025	mach2	1.0.2
2025	macrel	1.6.0
2025	macs3	3.0.3
2025	macsyfinder	2.1.5
2025	macsyfinder	2.1.6
2025	macsylib	1.0.1
2025	macsylib	1.0.2
2025	macsylib	1.0.3
2025	macsylib	1.0.4
2025	madre	0.0.4
2025	madre	0.0.5
2025	magmax	1.0.0
2025	magmax	1.1.0
2025	magneto	1.2
2025	magneto	1.3
2025	magneto	1.4
2025	magneto	1.5
2025	maker	3.01.04
2025	mameshiba	0.6.0
2025	mameshiba	0.6.1
2025	mameshiba	0.6.2
2025	mameshiba	0.6.3
2025	mameshiba	0.7.0
2025	mameshiba	0.7.1
2025	mameshiba	0.8.0
2025	mameshiba	0.8.1
2025	mapad	0.44.1
2025	mapad	0.45.0
2025	mapdamage2	2.2.3
2025	mappy	2.29
2025	mappy	2.30
2025	marbel	0.2.3
2025	marbel	0.2.4
2025	markov_genome	1.0.0
2025	marti	0.9.20
2025	marti	0.9.22
2025	marti	0.9.25
2025	marti	0.9.29
2025	mason	2.0.12
2025	massdash	0.1.1
2025	masurca	4.1.3
2025	masurca	4.1.4
2025	matam	1.6.2
2025	matchms	0.29.0
2025	matchms	0.30.0
2025	matchms	0.30.1
2025	matchms	0.30.2
2025	matchms	0.31.0
2025	matchtigs	2.1.9
2025	mavenn	1.1.0
2025	mavenn	1.1.3
2025	maverick	1.0.5
2025	mavis	3.1.2
2025	maxit	11.300
2025	maxit	11.400
2025	mbg	1.0.17
2025	mbgc	2.1
2025	medaka	2.1.0
2025	medaka	2.1.1
2025	megan	6.25.10
2025	mehari	0.35.0
2025	mehari	0.35.1
2025	mehari	0.36.0
2025	mehari	0.36.1
2025	mehari	0.36.2
2025	mehari	0.36.3
2025	mehari	0.37.0
2025	mehari	0.37.1
2025	mehari	0.38.0
2025	mehari	0.38.1
2025	melon	0.3.0
2025	meme	5.5.8
2025	meme	5.5.9
2025	memopair	0.1.4
2025	memopair	0.1.5
2025	memopair	0.1.6
2025	merquryfk	1.1.2
2025	merquryfk	1.1.3
2025	mess	0.11.0
2025	mess	0.12.0
2025	met4j	2.0.0
2025	met4j	2.0.1
2025	met4j	2.0.2
2025	met4j	2.1.0
2025	met4j	2.2.0
2025	meta-neuro	1.0.1
2025	meta-neuro	2.0.0
2025	meta-neuro	2.0.1
2025	metabat2	2.18
2025	metabolabpy	0.9.66
2025	metabolabpy	0.9.67
2025	metabolabpy	0.9.68
2025	metabolabpy	0.9.69
2025	metabolabpy	0.9.70
2025	metabolabpy	0.9.71
2025	metabolabpy	0.9.72
2025	metabolabpy	0.9.73
2025	metabolabpy	0.9.74
2025	metabolabpy	0.9.77
2025	metabolabpy	0.9.78
2025	metabolabpy	0.9.79
2025	metabolabpy	0.9.83
2025	metabolabpy	0.9.84
2025	metabolabpy	0.9.85
2025	metabolights-utils	1.3.12
2025	metabolights-utils	1.4.0
2025	metabolights-utils	1.4.1
2025	metabolights-utils	1.4.11
2025	metabolights-utils	1.4.12
2025	metabolights-utils	1.4.13
2025	metabolights-utils	1.4.15
2025	metabolights-utils	1.4.2
2025	metabolights-utils	1.4.3
2025	metabolights-utils	1.4.4
2025	metabolights-utils	1.4.5
2025	metabolights-utils	1.4.8
2025	metabolights-utils	1.4.9
2025	metabolishmm	2.22
2025	metabuli	1.0.9.2
2025	metabuli	1.1.0
2025	metacache	2.5.0
2025	metacache	2.5.1
2025	metacompass	1.12
2025	metadmg	0.4.1
2025	metadmg	0.4.2
2025	metafun	0.1.1
2025	metafun	0.2.0
2025	metafun	0.3.0
2025	metafun	1.0.0
2025	metafx	1.1.0
2025	metagenome-atlas	19.0.1
2025	metagraph	0.4.3
2025	metagraph	0.4.5
2025	metamate	0.5.0
2025	metamate	0.5.1
2025	metamate	0.5.2
2025	metamdbg	1.2
2025	metaphlan	4.1.2
2025	metaphlan	4.2.0
2025	metaphlan	4.2.1
2025	metaphlan	4.2.2
2025	metaphlan	4.2.3
2025	metaphlan	4.2.4
2025	metasbt	0.1.4.post1
2025	metasbt	0.1.5
2025	metaspace2020	2.0.9
2025	metator	1.3.10
2025	metator	1.3.7
2025	metav	2.0.0
2025	metawrap-annotate-bins	1.3.0
2025	metawrap-assembly	1.3.0
2025	metawrap-binning	1.3.0
2025	metawrap-blobology	1.3.0
2025	metawrap-classify-bins	1.3.0
2025	metawrap-kraken	1.3.0
2025	metawrap-quant-bins	1.3.0
2025	metawrap-read-qc	1.3.0
2025	metawrap-reassemble-bins	1.3.0
2025	metawrap-refinement	1.3.0
2025	metaxaqr	3.0rc1.1
2025	metaxaqr	3.0rc2
2025	meteor	2.0.18
2025	meteor	2.0.19
2025	meteor	2.0.20
2025	meteor	2.0.21
2025	meteor	2.0.22
2025	methbat	0.14.0
2025	methbat	0.14.1
2025	methbat	0.14.2
2025	methbat	0.15.0
2025	methbat	0.16.0
2025	methbat	0.16.1
2025	methbat	0.17.0
2025	methurator	0.1.5
2025	methurator	0.1.6
2025	methurator	0.1.7
2025	methylartist	1.4.0
2025	methylartist	1.5.0
2025	methylartist	1.5.1
2025	methylartist	1.5.2
2025	methylartist	1.5.3
2025	methylmap	0.5.11
2025	methylmap	0.5.7
2025	metilene	0.2.9
2025	mgikit	1.0.0
2025	mgikit	2.0.0
2025	mgikit	2.0.1
2025	mgikit	2.1.0
2025	mgikit	2.1.1
2025	mgnify-pipelines-toolkit	0.1.9
2025	mgnify-pipelines-toolkit	0.2.0
2025	mgnify-pipelines-toolkit	0.2.1
2025	mgnify-pipelines-toolkit	0.2.2
2025	mgnify-pipelines-toolkit	1.0.0
2025	mgnify-pipelines-toolkit	1.0.1
2025	mgnify-pipelines-toolkit	1.0.2
2025	mgnify-pipelines-toolkit	1.0.3
2025	mgnify-pipelines-toolkit	1.0.4
2025	mgnify-pipelines-toolkit	1.0.5
2025	mgnify-pipelines-toolkit	1.0.6
2025	mgnify-pipelines-toolkit	1.0.7
2025	mgnify-pipelines-toolkit	1.0.8
2025	mgnify-pipelines-toolkit	1.1.0
2025	mgnify-pipelines-toolkit	1.1.1
2025	mgnify-pipelines-toolkit	1.1.2
2025	mgnify-pipelines-toolkit	1.2.0
2025	mgnify-pipelines-toolkit	1.2.1
2025	mgnify-pipelines-toolkit	1.2.10
2025	mgnify-pipelines-toolkit	1.2.11
2025	mgnify-pipelines-toolkit	1.2.3
2025	mgnify-pipelines-toolkit	1.2.4
2025	mgnify-pipelines-toolkit	1.2.5
2025	mgnify-pipelines-toolkit	1.2.6
2025	mgnify-pipelines-toolkit	1.2.7
2025	mgnify-pipelines-toolkit	1.2.8
2025	mgnify-pipelines-toolkit	1.2.9
2025	mgnify-pipelines-toolkit	1.3.0
2025	mgnify-pipelines-toolkit	1.4.1
2025	mgnify-pipelines-toolkit	1.4.10
2025	mgnify-pipelines-toolkit	1.4.4
2025	mgnify-pipelines-toolkit	1.4.5
2025	mgnify-pipelines-toolkit	1.4.6
2025	mgnify-pipelines-toolkit	1.4.8
2025	mgnify-pipelines-toolkit	1.4.9
2025	mhcflurry	2.1.5
2025	mi-pimento	0.0.4
2025	mi-pimento	1.0.0
2025	mi-pimento	1.0.1
2025	mi-pimento	1.0.2
2025	mice	0.1.2
2025	micom	0.37.1
2025	micomplete	1.1.1
2025	microhapdb	0.12
2025	midsv	0.13.0
2025	mimeo	1.2.0
2025	mimeo	1.2.1
2025	mimi	1.0.0
2025	mimi	1.0.1
2025	mimi	1.0.2
2025	mimi	1.0.3
2025	mimi	1.0.4
2025	mimick	1.0
2025	mimick	1.0.1
2025	mimick	1.0.2
2025	mimick	1.1.0
2025	mimick	1.2
2025	mimick	1.2.1
2025	mimick	1.3
2025	mimick	2.0
2025	mimick	2.0.1
2025	mimick	2.1
2025	mimick	2.2
2025	mimick	2.2.1
2025	mimick	2.2.2
2025	mimick	2.3
2025	mimick	3.0
2025	mimick	3.0.1
2025	mimseq	1.3.9
2025	minialign	0.6.0
2025	minimap2	2.29
2025	minimap2	2.30
2025	minimod	0.4.0
2025	minipileup	1.4b
2025	minipolish	0.2.0
2025	miniprot-boundary-scorer	1.0.1
2025	miniprot	0.14
2025	miniprot	0.15
2025	miniprot	0.16
2025	miniprot	0.17
2025	miniprot	0.18
2025	minisplice	0.4
2025	minkemap	0.1.0
2025	minute	0.12.1
2025	mira	5.0.0rc2
2025	mirmachine	0.3.0
2025	mirmachine	0.3.0.1
2025	mirmachine	0.3.0.2
2025	mirscore	0.3.4
2025	mirtop	0.4.30
2025	mist_typing	0.0.2
2025	mist_typing	0.0.3
2025	mist_typing	0.0.4
2025	mist_typing	0.0.5
2025	mist_typing	1.0.0
2025	mitorsaw	0.1.1
2025	mitorsaw	0.2.0
2025	mitorsaw	0.2.1
2025	mitorsaw	0.2.2
2025	mitorsaw	0.2.3
2025	mitorsaw	0.2.4
2025	mitorsaw	0.2.5
2025	mitorsaw	0.2.6
2025	mitorsaw	0.2.7
2025	mitos	2.1.10
2025	mitosalt	1.1.1
2025	mity	1.1.0
2025	mity	1.2.0
2025	mity	2.0.0
2025	mity	2.0.1
2025	mkdesigner	0.5.2
2025	mlst	2.25.0
2025	mlst	2.28.1
2025	mlstdb	0.1.3
2025	mlstdb	0.1.5
2025	mlstdb	0.1.6
2025	mlstdb	0.1.7
2025	mm2plus	1.1
2025	mm2plus	1.2
2025	mmcif	0.91.0
2025	mmcif	0.92.0
2025	mmcif	1.0.0
2025	mmcif	1.1.0
2025	mmdb2	2.0.22
2025	mmft	0.3.2
2025	mmlong2-lite	1.2.0
2025	mmlong2-lite	1.2.1
2025	mmlong2	1.2.1
2025	mmpdb	3.1.3
2025	mmseqs2	17.b804f
2025	mmseqs2	18.8cc5c
2025	modlamp	4.3.2
2025	mogaaap	1.0.1
2025	mogaaap	1.0.2
2025	mogaaap	1.1.0
2025	moments	1.3.1
2025	moments	1.4.2
2025	moments	1.4.3
2025	moments	1.4.4
2025	moments	1.4.5
2025	moments	1.5.0
2025	mosdepth	0.3.11
2025	mosdepth	0.3.12
2025	mothur	1.48.3
2025	mp-est	3.1.0
2025	mpboot	1.2
2025	mpra-data-access-portal	0.1.10
2025	mpralib	0.6.0
2025	mpralib	0.6.1
2025	mpralib	0.6.2
2025	mpralib	0.6.3
2025	mpralib	0.6.4
2025	mpralib	0.6.5
2025	mpralib	0.7.0
2025	mpralib	0.7.1
2025	mpralib	0.7.2
2025	mpralib	0.7.3
2025	mpralib	0.7.4
2025	mpralib	0.8.0
2025	mpralib	0.8.1
2025	mpralib	0.8.2
2025	mpralib	0.9.0
2025	mrbayes_volpiano	3.2.7a
2025	mrpast	0.2
2025	mrtrix3	3.0.4
2025	mrtrix3	3.0.5
2025	mrtrix3	3.0.6
2025	mrtrix3	3.0.7
2025	mrtrix3	3.0.8
2025	ms2deepscore	2.5.1
2025	ms2deepscore	2.5.2
2025	ms2deepscore	2.5.3
2025	ms2deepscore	2.5.4
2025	ms2deepscore	2.5.5
2025	ms2deepscore	2.6.0
2025	ms2pip	4.1.0
2025	ms2query	1.5.4
2025	ms2rescore-rs	0.4.1
2025	ms2rescore-rs	0.4.2
2025	ms2rescore-rs	0.4.3
2025	ms2rescore	3.1.4
2025	ms2rescore	3.1.5
2025	ms2rescore	3.2.0.post1
2025	msfragger	4.1
2025	msfragger	4.2
2025	msi	0.3.8
2025	msmetaenhancer	0.4.1
2025	msoma	0.1.0
2025	msoma	0.1.1
2025	msoma	0.1.2
2025	msstitch	3.17
2025	muat	0.1.0
2025	muat	0.1.1
2025	muat	0.1.10
2025	muat	0.1.11
2025	muat	0.1.12
2025	muat	0.1.2
2025	muat	0.1.4
2025	muat	0.1.5
2025	muat	0.1.6
2025	muat	0.1.7
2025	muat	0.1.8
2025	muat	0.1.9
2025	multiqc-xenium-extra	1.0.1
2025	multiqc-xenium-extra	1.0.2
2025	multiqc	1.27
2025	multiqc	1.27.1
2025	multiqc	1.28
2025	multiqc	1.29
2025	multiqc	1.30
2025	multiqc	1.31
2025	multiqc	1.32
2025	multiqc	1.33
2025	multiqc_sav	0.2.0
2025	multitax	1.3.2
2025	mumemto	1.1.0
2025	mumemto	1.1.1
2025	mumemto	1.2.0
2025	mumemto	1.2.1
2025	mumemto	1.2.2
2025	mumemto	1.3.0
2025	mumemto	1.3.1
2025	mumemto	1.3.2
2025	mumemto	1.3.3
2025	mumemto	1.3.4
2025	mummer4	4.0.0
2025	mummer4	4.0.1
2025	muset	0.5.1
2025	mutalyzer_hgvs_parser	0.3.7
2025	mutalyzer_hgvs_parser	0.3.8
2025	mutalyzer_hgvs_parser	0.3.9
2025	mutamr	0.0.2
2025	mutmap	2.3.9
2025	mutscan	1.14.1
2025	mutserve	2.0.3
2025	mycotools	1.0.0
2025	myloasm	0.1.0
2025	myloasm	0.2.0
2025	myloasm	0.3.0
2025	mylotools	2.0.0
2025	mypmfs_py	0.1.7
2025	mypmfs_py	0.1.8
2025	mysterymaster	0.0.4
2025	mysterymaster	0.0.7
2025	mysterymaster	0.0.8
2025	mzmine	4.7.27
2025	mzmine	4.7.29
2025	mzmine	4.7.8
2025	mzspeclib	1.0.3
2025	mzspeclib	1.0.5
2025	mzspeclib	1.0.7
2025	n50	1.7.0
2025	n50	1.9.3
2025	nafcodec	0.2.0
2025	nafcodec	0.3.1
2025	nail	0.3.0
2025	nail	0.4.0
2025	nanocaller	3.6.1
2025	nanocaller	3.6.2
2025	nanocomp	1.25.2
2025	nanocomp	1.25.3
2025	nanocomp	1.25.4
2025	nanocomp	1.25.6
2025	nanoget	1.19.4
2025	nanomonsv	0.8.0
2025	nanomotif	0.5.1
2025	nanomotif	0.5.2
2025	nanomotif	0.5.3
2025	nanomotif	0.5.4
2025	nanomotif	0.5.5
2025	nanomotif	0.5.6
2025	nanomotif	0.5.8
2025	nanomotif	0.6.0
2025	nanomotif	0.6.1
2025	nanomotif	0.6.2
2025	nanomotif	0.7.0
2025	nanomotif	0.7.1
2025	nanomotif	0.8.0
2025	nanomotif	1.0.0
2025	nanomotif	1.0.2
2025	nanoplot	1.44.1
2025	nanoplot	1.45.0
2025	nanoplot	1.46.0
2025	nanoplot	1.46.1
2025	nanoplot	1.46.2
2025	nanosim	3.2.3
2025	nanovar	1.8.2
2025	nanovar	1.8.3
2025	nbitk	0.3.2
2025	nbitk	0.3.3
2025	nbitk	0.4.0
2025	nbitk	0.5.0
2025	nbitk	0.5.1
2025	nbitk	0.5.10
2025	nbitk	0.5.11
2025	nbitk	0.5.12
2025	nbitk	0.5.2
2025	nbitk	0.5.3
2025	nbitk	0.5.5
2025	nbitk	0.5.6
2025	nbitk	0.5.7
2025	nbitk	0.5.8
2025	nbitk	0.5.9
2025	nbitk	0.6.1
2025	nbitk	0.6.2
2025	nbitk	0.6.3
2025	nbitk	0.6.4
2025	nbitk	0.6.6
2025	nbitk	0.6.7
2025	nbitk	0.7.0
2025	nbitk	0.7.1
2025	nbitk	0.7.2
2025	nbitk	0.7.3
2025	ncbi-amrfinderplus	4.0.15
2025	ncbi-amrfinderplus	4.0.19
2025	ncbi-amrfinderplus	4.0.22
2025	ncbi-amrfinderplus	4.0.23
2025	ncbi-amrfinderplus	4.2.4
2025	ncbi-amrfinderplus	4.2.5
2025	ncbi-datasets-pyclient	17.2.0
2025	ncbi-datasets-pyclient	17.3.0
2025	ncbi-datasets-pyclient	18.0.1
2025	ncbi-datasets-pyclient	18.0.2
2025	ncbi-datasets-pyclient	18.0.5
2025	ncbi-datasets-pyclient	18.1.0
2025	ncbi-datasets-pyclient	18.13.0
2025	ncbi-datasets-pyclient	18.2.0
2025	ncbi-datasets-pyclient	18.2.2
2025	ncbi-datasets-pyclient	18.2.3
2025	ncbi-datasets-pyclient	18.3.0
2025	ncbi-datasets-pyclient	18.3.1
2025	ncbi-datasets-pyclient	18.4.0
2025	ncbi-fcs-gx	0.5.5
2025	ncbi-stxtyper	1.0.31
2025	ncbi-stxtyper	1.0.40
2025	ncbi-stxtyper	1.0.42
2025	ncbi-stxtyper	1.0.45
2025	ncbi-vdb-py	3.2.0
2025	ncbi-vdb-py	3.2.1
2025	ncbi-vdb	3.2.0
2025	ncbi-vdb	3.2.1
2025	ncbi-vdb	3.3.0
2025	ncbitax2lin	2.4.1
2025	ncbitax2lin	3.0.0
2025	ncls	0.0.70
2025	nda-tools	0.4.0
2025	nda-tools	0.5.0
2025	ndex2	3.10.0
2025	ndex2	3.11.0
2025	neat	4.2.8
2025	neat	4.3.0
2025	neat	4.3.1
2025	neat	4.3.4
2025	neat	4.3.5
2025	needletail	0.6.2
2025	needletail	0.6.3
2025	needletail	0.7.0
2025	needletail	0.7.1
2025	neffy-cli	0.1.1
2025	neffy	0.1.1
2025	negspy	0.2.24
2025	neodisambiguate	1.1.1
2025	neofox	1.2.3
2025	netcdf-c_mpich	4.9.2
2025	netcdf-fortran_mpich	4.6.1
2025	netmd	1.0.0
2025	netmd	1.0.1
2025	netmd	1.0.2
2025	netmd	1.0.3
2025	netsyn	1.0.0
2025	newmap	0.2
2025	nextclade	3.10.1
2025	nextclade	3.10.2
2025	nextclade	3.11.0
2025	nextclade	3.12.0
2025	nextclade	3.13.0
2025	nextclade	3.13.1
2025	nextclade	3.13.2
2025	nextclade	3.13.3
2025	nextclade	3.14.0
2025	nextclade	3.14.1
2025	nextclade	3.14.2
2025	nextclade	3.14.3
2025	nextclade	3.14.4
2025	nextclade	3.14.5
2025	nextclade	3.15.0
2025	nextclade	3.15.1
2025	nextclade	3.15.2
2025	nextclade	3.15.3
2025	nextclade	3.16.0
2025	nextclade	3.17.0
2025	nextclade	3.18.0
2025	nextclade	3.18.1
2025	nextflow	24.10.4
2025	nextflow	24.10.5
2025	nextflow	24.10.6
2025	nextflow	25.04.0
2025	nextflow	25.04.1
2025	nextflow	25.04.2
2025	nextflow	25.04.3
2025	nextflow	25.04.4
2025	nextflow	25.04.5
2025	nextflow	25.04.6
2025	nextflow	25.04.7
2025	nextflow	25.04.8
2025	nextflow	25.10.0
2025	nextflow	25.10.1
2025	nextflow	25.10.2
2025	nextpolish2	0.2.2
2025	nextstrain-cli	10.2.0
2025	nextstrain-cli	10.2.1.post1
2025	nextstrain-cli	10.3.0
2025	nextstrain-cli	10.4.1
2025	nextstrain-cli	9.0.0
2025	nf-core	3.1.0
2025	nf-core	3.1.1
2025	nf-core	3.1.2
2025	nf-core	3.2.0
2025	nf-core	3.2.1
2025	nf-core	3.3.1
2025	nf-core	3.3.2
2025	nf-core	3.4.1
2025	nf-core	3.5.0
2025	nf-core	3.5.1
2025	nf-test	0.9.3
2025	ngmaster	1.1.1
2025	ngmerge	0.4
2025	ngmerge	0.5
2025	ngs-bits	2025_01
2025	ngs-bits	2025_03
2025	ngs-bits	2025_05
2025	ngs-bits	2025_07
2025	ngs-bits	2025_09
2025	ngseqbasic	20.0
2025	ngsfetch	0.1.1
2025	ngsrelate	2.0
2025	nifflr	2.0.0
2025	nim-abif	0.1.0
2025	nim-abif	0.2.0
2025	nmslib-metabrainz	2.1.3
2025	nohuman	0.4.0
2025	nohuman	0.5.0
2025	nomadic	0.4.0
2025	nomadic	0.5.0
2025	nomadic	0.6.0
2025	nomadic	0.7.0
2025	nomadic	0.7.1
2025	nordic	2.6.0
2025	nordic	2.7.0
2025	nordic	2.7.1
2025	notramp	1.1.8
2025	notramp	1.1.9
2025	novae	0.2.4
2025	novae	1.0.0
2025	novae	1.0.1
2025	novoloci	0.3
2025	novoloci	0.4
2025	novoloci	0.5
2025	ntm-profiler	0.6.0
2025	ntm-profiler	0.6.1
2025	ntm-profiler	0.7.0
2025	ntm-profiler	0.8.0
2025	ntsynt	1.0.3
2025	ntsynt	1.0.4
2025	nucflag	0.3.7
2025	nucflag	0.3.8
2025	nwalign3	0.1.6
2025	nwkit	0.17.2
2025	nwkit	0.18.0
2025	nwkit	0.18.1
2025	nwkit	0.18.2
2025	oakvar	2.12.10
2025	oakvar	2.12.11
2025	oakvar	2.12.12
2025	oakvar	2.12.15
2025	oakvar	2.12.17
2025	oakvar	2.12.18
2025	oakvar	2.12.19
2025	oakvar	2.12.20
2025	oakvar	2.12.21
2025	oakvar	2.12.22
2025	oakvar	2.12.7
2025	oakvar	2.12.9
2025	oarfish	0.7.0
2025	oarfish	0.7.1
2025	oarfish	0.7.2
2025	oarfish	0.7.3
2025	oarfish	0.8.0
2025	oarfish	0.8.1
2025	oarfish	0.9.0
2025	obitools4	4.4.0
2025	obonet	1.1.1
2025	octopusv	0.1.0
2025	octopusv	0.2.0
2025	octopusv	0.2.2
2025	octopusv	0.2.3
2025	odgi	0.9.1
2025	odgi	0.9.2
2025	odgi	0.9.3
2025	ogmapper	1.0.0
2025	ogtfinder	0.0.1
2025	ogtfinder	0.0.2
2025	olga	1.3.0
2025	oligoarrayaux	3.8.1
2025	oligon-design	0.4.0
2025	oligon-design	1.0.0
2025	olivar	1.3.0
2025	olivar	1.3.1
2025	olivar	1.3.2
2025	olivar	1.3.3
2025	omamer	2.1.1
2025	omamer	2.1.2
2025	omark	0.3.1
2025	omark	0.4.1
2025	omb_mpich	7.5
2025	ont-modkit	0.4.2
2025	ont-modkit	0.4.3
2025	ont-modkit	0.4.4
2025	ont-modkit	0.5.0
2025	ont-modkit	0.6.0
2025	ont_vbz_hdf_plugin	1.0.12
2025	open-cravat	2.12.0
2025	open-cravat	2.13.0
2025	open-cravat	2.15.0
2025	open-cravat	2.16.0
2025	openms-thirdparty	3.3.0
2025	openms-thirdparty	3.4.0
2025	openms-thirdparty	3.4.1
2025	openms-thirdparty	3.5.0
2025	openms	3.3.0
2025	openms	3.4.0
2025	openms	3.4.1
2025	openms	3.5.0
2025	openstructure	2.10.0
2025	openstructure	2.11.0
2025	openstructure	2.11.1
2025	openstructure	2.9.3
2025	opticlust	0.4.2
2025	opticlust	0.4.3
2025	opticlust	0.5.0
2025	orfm	1.4.0
2025	orsum	1.8.0
2025	orthanq	1.10.0
2025	orthanq	1.12.1
2025	orthanq	1.13.0
2025	orthanq	1.14.0
2025	orthanq	1.15.0
2025	orthanq	1.16.0
2025	orthanq	1.16.1
2025	orthanq	1.17.0
2025	orthanq	1.18.0
2025	orthanq	1.18.1
2025	orthanq	1.19.0
2025	orthanq	1.20.0
2025	orthanq	1.21.0
2025	orthanq	1.8.0
2025	orthanq	1.9.0
2025	orthanq	1.9.1
2025	orthanq	1.9.2
2025	orthanq	1.9.3
2025	orthofinder	3.1.0
2025	orthofinder	3.1.1
2025	orthologer	3.7.1
2025	orthologer	3.8.0
2025	orthologer	3.8.1
2025	orthologer	3.8.2
2025	ourotools	0.2.7
2025	ourotools	0.2.8
2025	ourotools	0.2.9
2025	ovrlpy	0.2.1
2025	ovrlpy	1.0.0
2025	ovrlpy	1.0.1
2025	owl	0.4.0
2025	oxbow	0.4.1
2025	oxbow	0.4.2
2025	oxbow	0.5.0
2025	oxbow	0.5.1
2025	pacini_typing	1.6.1
2025	pacini_typing	1.6.3
2025	pacini_typing	1.6.4
2025	pacini_typing	2.0.0
2025	pacini_typing	2.0.2
2025	pacu_snp	0.0.7
2025	pacu_snp	1.0.0
2025	padloc	2.0.0
2025	paidiverpy	0.1.3
2025	paidiverpy	0.1.4
2025	paidiverpy	0.2.0
2025	paidiverpy	0.2.1
2025	pairix	0.3.9
2025	pairtools	1.1.3
2025	paladin	1.6.0
2025	palantir	1.4.0
2025	palantir	1.4.1
2025	palantir	1.4.2
2025	paml	4.10.9
2025	panacus	0.3.0.2
2025	panacus	0.3.3
2025	panacus	0.4.0
2025	panacus	0.4.1
2025	panaln	2.09
2025	panaroo	1.5.2
2025	panchip	3.0.14
2025	panfeed	1.7.2
2025	pangbank-api	0.1.2
2025	pangene	r231
2025	pangenie	4.2.1
2025	pango-designation	1.32
2025	pango-designation	1.33
2025	pango-designation	1.33.1
2025	pango-designation	1.34
2025	pango-designation	1.35
2025	pango-designation	1.36
2025	pangolin-data	1.32
2025	pangolin-data	1.33
2025	pangolin-data	1.34
2025	pangolin-data	1.35
2025	pangolin-data	1.36
2025	pangolin	4.3.2
2025	pangolin	4.3.3
2025	pangolin	4.3.4
2025	pangwas	0.1.0
2025	panman	0.1.2
2025	panman	0.1.3
2025	panman	0.1.4
2025	panorama	0.5.0
2025	panplexity	0.1.1
2025	pantax	1.2.0
2025	pantax	2.0.0
2025	pantools	4.3.3
2025	pantools	4.3.4
2025	paraphase	3.1.2
2025	paraphase	3.2.0
2025	paraphase	3.2.1
2025	paraphase	3.3.0
2025	paraphase	3.3.1
2025	paraphase	3.3.2
2025	paraphase	3.3.3
2025	paraphase	3.3.4
2025	paraphase	3.4.0
2025	parasail	2.6.2
2025	parascopy	1.17.2
2025	parascopy	1.17.4
2025	parascopy	1.18.0
2025	paraviewer	0.1.0
2025	parm	0.1.0
2025	parm	0.1.27
2025	parm	0.1.39
2025	parm	0.1.44
2025	parnas	0.1.7
2025	parsnp	2.1.2
2025	parsnp	2.1.3
2025	parsnp	2.1.4
2025	parsnp	2.1.5
2025	pasta	1.9.3
2025	pastml	1.9.50
2025	pastml	1.9.51
2025	pastrami	1.0.0
2025	pastrami	1.0.1
2025	pathogen-profiler	4.7.0
2025	pathogen-profiler	4.8.0
2025	pathogen-profiler	5.0.0
2025	pathogen-profiler	5.0.1
2025	pathogen-profiler	5.0.2
2025	pathogen-profiler	5.0.3
2025	pathogen-profiler	5.1.0
2025	pathphynder	1.2.4
2025	pb-cpg-tools	3.0.0
2025	pbaa	1.2.0
2025	pbiotools	5.0.0
2025	pbjasmine	2.7.99
2025	pbmarkdup	1.2.0
2025	pbmm2	1.17.0
2025	pbpigeon	1.4.0
2025	pbsim3	3.0.5
2025	pbskera	1.4.0
2025	pbstarphase	1.0.1
2025	pbstarphase	1.1.0
2025	pbstarphase	1.2.0
2025	pbstarphase	1.3.0
2025	pbstarphase	1.3.1
2025	pbstarphase	1.3.2
2025	pbstarphase	1.4.0
2025	pbstarphase	1.4.1
2025	pbstarphase	1.4.2
2025	pbstarphase	1.5.0
2025	pbstarphase	2.0.0
2025	pbstarphase	2.0.1
2025	pbsv	2.11.0
2025	pbtk	3.5.0
2025	pcangsd	1.36.4
2025	pcaone	0.5.2
2025	pcaone	0.5.3
2025	pcaone	0.5.4
2025	pcaone	0.6.0
2025	pcdl	3.3.6
2025	pcdl	3.3.7
2025	pcdl	3.3.8
2025	pcne	0.1.0
2025	pcne	0.2.0
2025	pcne	1.0.0
2025	pcne	2.0.0
2025	pdbx	827b2a2
2025	peaks2utr	1.4.1
2025	pegas	1.0.2
2025	pegas	1.0.3
2025	pegas	1.0.4
2025	pegas	1.0.5
2025	pegas	1.0.6
2025	pegas	1.0.7
2025	pegas	1.0.8
2025	pegas	1.0.9
2025	pegasusio	0.10.0
2025	pegasuspy	1.10.1
2025	pegasuspy	1.10.2
2025	pepsirf	1.7.1
2025	peptides	0.4.0
2025	peptides	0.5.0
2025	perbase	0.10.2
2025	perbase	0.10.3
2025	perbase	1.0.0
2025	perbase	1.1.0
2025	perbase	1.2.0
2025	perl-alien-build-plugin-download-gitlab	0.01
2025	perl-alien-build	2.84
2025	perl-alien-libxml2	0.20
2025	perl-archive-tar	3.04
2025	perl-autodie	2.37
2025	perl-bignum	0.67
2025	perl-bio-automatedannotation	2023.03.14.16.40.01.685
2025	perl-bio-easel	0.17
2025	perl-bio-monophylizer	1.0.0
2025	perl-bio-phylo	2.0.1
2025	perl-bio-phylo	2.0.2
2025	perl-cgi	4.67
2025	perl-cgi	4.69
2025	perl-cgi	4.70
2025	perl-cgi	4.71
2025	perl-config-general	2.67
2025	perl-convert-binary-c	0.86
2025	perl-crypt-openssl-rsa	0.34
2025	perl-crypt-openssl-rsa	0.35
2025	perl-crypt-openssl-rsa	0.37
2025	perl-data-munge	0.111
2025	perl-data-uuid	1.227
2025	perl-date-manip	6.98
2025	perl-datetime-format-strptime	1.79
2025	perl-datetime-format-strptime	1.80
2025	perl-datetime-locale	1.45
2025	perl-datetime-timezone	2.57
2025	perl-datetime-timezone	2.65
2025	perl-datetime-timezone	2.66
2025	perl-datetime	1.65
2025	perl-datetime	1.66
2025	perl-dbd-mysql	5.013
2025	perl-devel-size	0.85
2025	perl-digest-hmac	1.05
2025	perl-error	0.17030
2025	perl-excel-writer-xlsx	1.15
2025	perl-experimental	0.034
2025	perl-experimental	0.035
2025	perl-experimental	0.036
2025	perl-extutils-cppguess	0.27
2025	perl-extutils-depends	0.8002
2025	perl-extutils-manifest	1.75
2025	perl-extutils-parsexs	3.57
2025	perl-extutils-parsexs	3.58
2025	perl-extutils-parsexs	3.59
2025	perl-extutils-parsexs	3.60
2025	perl-ffi-checklib	0.31
2025	perl-file-copy-link	0.200
2025	perl-file-copy-recursive-reduced	0.008
2025	perl-file-fetch	1.08
2025	perl-file-find-rule	0.35
2025	perl-file-sharedir-install	0.14
2025	perl-findbin	1.54
2025	perl-gd	2.83
2025	perl-gdgraph	1.56
2025	perl-getopt-long-descriptive	0.116
2025	perl-graph	0.9733
2025	perl-graph	0.9734
2025	perl-graph	0.9735
2025	perl-graphviz	2.25
2025	perl-graphviz	2.26
2025	perl-html-form	6.11
2025	perl-html-parser	3.83
2025	perl-html-tableextract	2.15
2025	perl-html-tagset	3.24
2025	perl-http-cookiejar-lwp	0.014
2025	perl-http-cookies	6.11
2025	perl-http-message	6.44
2025	perl-http-message	7.00
2025	perl-http-message	7.01
2025	perl-image-exiftool	13.30
2025	perl-image-exiftool	13.35
2025	perl-image-exiftool	13.36
2025	perl-image-exiftool	13.44
2025	perl-image-info	1.45
2025	perl-inline-c	0.82
2025	perl-inline	0.87
2025	perl-io-compress	2.213
2025	perl-io-compress	2.214
2025	perl-io-interactive	1.026
2025	perl-io-interactive	1.027
2025	perl-io-zlib	1.15
2025	perl-ipc-run	20250809.0
2025	perl-ipc-run3	0.049
2025	perl-json-validator	5.15
2025	perl-json-xs	4.04
2025	perl-libwww-perl	6.68
2025	perl-libwww-perl	6.79
2025	perl-libwww-perl	6.80
2025	perl-libwww-perl	6.81
2025	perl-log-any	1.718
2025	perl-lwp-protocol-https	6.14
2025	perl-lwp-simple	6.67
2025	perl-mailtools	2.22
2025	perl-math-base-convert	0.13
2025	perl-math-bigint	2.003004
2025	perl-math-bigint	2.004001
2025	perl-math-bigint	2.005001
2025	perl-math-bigint	2.005002
2025	perl-math-bigint	2.005003
2025	perl-mce	1.901
2025	perl-mce	1.902
2025	perl-mime-tools	5.515
2025	perl-mime-types	2.27
2025	perl-mime-types	2.28
2025	perl-mime-types	2.29
2025	perl-mime-types	2.30
2025	perl-minion	11.0
2025	perl-module-corelist	5.20230220
2025	perl-module-corelist	5.20250528
2025	perl-module-corelist	5.20250702
2025	perl-module-corelist	5.20250720
2025	perl-module-corelist	5.20250803
2025	perl-module-corelist	5.20250820
2025	perl-module-corelist	5.20250923
2025	perl-module-corelist	5.20251022
2025	perl-module-corelist	5.20251120
2025	perl-module-corelist	5.20251220
2025	perl-module-list	0.005
2025	perl-module-scandeps	1.37
2025	perl-mojo-pg	4.28
2025	perl-moosex-app	1.43
2025	perl-moosex-getopt	0.78
2025	perl-moosex-nonmoose	0.27
2025	perl-moosex-types	0.51
2025	perl-mozilla-ca	20250602
2025	perl-net-http	6.23
2025	perl-net-http	6.24
2025	perl-ole-storage_lite	0.24
2025	perl-parallel-forkmanager	2.04
2025	perl-parallel-iterator	1.002
2025	perl-pdf-table	1.007
2025	perl-pegex	0.75
2025	perl-perl-version	1.018
2025	perl-perlio-utf8_strict	0.010
2025	perl-pod-usage	2.05
2025	perl-postscript-simple	0.09
2025	perl-sereal-decoder	5.004
2025	perl-sereal-encoder	5.004
2025	perl-sereal	5.004
2025	perl-set-object	1.43
2025	perl-specio	0.50
2025	perl-specio	0.51
2025	perl-specio	0.52
2025	perl-specio	0.53
2025	perl-string-diff	0.11
2025	perl-sys-info-driver-linux	0.7906
2025	perl-sys-info-driver-linux	0.7908
2025	perl-sys-info-driver-linux	0.7909
2025	perl-sys-info-driver-linux	0.7911
2025	perl-sys-info-driver-osx	0.7963
2025	perl-template-toolkit	3.102
2025	perl-term-detect-software	0.227
2025	perl-term-progressbar	2.23
2025	perl-term-table	0.025
2025	perl-term-table	0.027
2025	perl-term-table	0.028
2025	perl-test-class-moose	1.00
2025	perl-test-file	1.994
2025	perl-test-file	1.995
2025	perl-test-inter	1.12
2025	perl-test-script	1.30
2025	perl-test-script	1.31
2025	perl-test-taint	1.08
2025	perl-test2-plugin-nowarnings	0.10
2025	perl-text-balanced	2.07
2025	perl-text-format	0.63
2025	perl-tree-dag_node	1.33
2025	perl-tree-dag_node	1.34
2025	perl-tree-dag_node	1.35
2025	perl-uri-db	0.23
2025	perl-vcftools-vcf	0.1.17
2025	perl-www-mechanize	2.19
2025	perl-www-mechanize	2.20
2025	perl-xml-libxml	2.0210
2025	perl-xxx	0.38
2025	perl-yaml-pp	0.39.0
2025	pftools	3.2.13
2025	pgap2	1.0.3
2025	pgap2	1.0.4
2025	pgap2	1.0.6
2025	pgenlib	0.92.1
2025	pgenlib	0.93.0
2025	pggb	0.7.3
2025	pggb	0.7.4
2025	pgscatalog-utils	2.0.0
2025	pgscatalog-utils	2.0.1
2025	pgscatalog-utils	2.0.2
2025	pgscatalog.calc	0.3.1
2025	pgscatalog.core	1.0.0
2025	pgscatalog.core	1.0.1
2025	pgscatalog.core	1.0.2
2025	pgscatalog.match	0.4.0
2025	phables	1.5.0
2025	phabox	2.1.11
2025	phabox	2.1.12
2025	phabox	2.1.13
2025	pharokka	1.7.5
2025	pharokka	1.8.0
2025	pharokka	1.8.1
2025	pharokka	1.8.2
2025	phasius	0.3.0
2025	phasius	0.5.0
2025	phasius	0.6.0
2025	phate	2.0.0
2025	philosopher	5.1.0
2025	philosopher	5.1.2
2025	phlame	1.0.8
2025	phlame	1.1.0
2025	phold	1.0.0
2025	phold	1.1.0
2025	phu	0.1.1
2025	phu	0.2.1
2025	phu	0.3.0
2025	phu	0.4.0
2025	phu	0.4.3
2025	phu	0.4.4
2025	phyclone	0.6.0
2025	phyclone	0.7.0
2025	phyclone	0.7.1
2025	phykit	2.0.2
2025	phykit	2.0.3
2025	phykit	2.1.2
2025	phyling	2.3.0
2025	phyling	2.3.1
2025	phyloacc	2.4.3
2025	phyloaln	1.1.0
2025	phylogenize	2.0a0
2025	phylopypruner	1.2.6
2025	phynteny_transformer	0.1.2
2025	phynteny_transformer	0.1.3
2025	pia	1.5.6
2025	pia	1.5.7
2025	piawka	0.8.10
2025	piawka	0.8.11
2025	picard-slim	3.4.0
2025	picard	3.4.0
2025	picrust2	2.6.0
2025	picrust2	2.6.1
2025	picrust2	2.6.2
2025	picrust2	2.6.3
2025	pigpen	0.0.4
2025	pigpen	0.0.5
2025	pigpen	0.0.6
2025	pigpen	0.0.7
2025	pigpen	0.0.8
2025	pigpen	0.0.9
2025	pilea	0.1.0
2025	pilea	0.2.0
2025	pilea	0.2.1
2025	pilea	0.2.2
2025	pilea	0.2.3
2025	pilea	1.0.0
2025	pilea	1.1.0
2025	pilea	1.1.1
2025	pilea	1.1.2
2025	pilea	1.2.0
2025	pilea	1.2.1
2025	pilea	1.2.2
2025	pilea	1.2.3
2025	pilea	1.2.4
2025	pilea	1.3.0
2025	pilea	1.3.1
2025	pilea	1.3.2
2025	pilea	1.3.3
2025	pio_mpich	2.6.2
2025	piper	0.14.4
2025	piper	0.14.5
2025	pipits	4.0
2025	piranha-polio	1.4.2
2025	piranha-polio	1.5
2025	piranha-polio	1.5.1
2025	piranha-polio	1.5.2
2025	piranha-polio	1.5.3
2025	pisad	1.1.0
2025	pisad	1.1.1
2025	pisad	1.1.2
2025	pisad	1.2.0
2025	piscem-infer	0.7.0
2025	piscem	0.12.0
2025	piscem	0.12.1
2025	piscem	0.12.2
2025	piscem	0.13.0
2025	piscem	0.14.0
2025	piscem	0.14.2
2025	planemo	0.75.27
2025	planemo	0.75.29
2025	planemo	0.75.30
2025	planemo	0.75.31
2025	planemo	0.75.32
2025	planemo	0.75.33
2025	plannotate	1.2.3
2025	plannotate	1.2.4
2025	plasann	1.0.1
2025	plasann	1.0.3
2025	plasann	1.0.8
2025	plasann	1.1.3
2025	plasann	1.1.6
2025	plasmar	1.4
2025	plasmar	1.5
2025	plasmidcommunity	1.0.2
2025	plassembler	1.7.0
2025	plassembler	1.7.1
2025	plassembler	1.8.0
2025	plassembler	1.8.1
2025	plateo	0.3.1
2025	plinder	0.2.25
2025	pling	2.0.1
2025	plink	1.9.0b.7.7
2025	plink	1.90b7.7
2025	plink2	2.0.0a.6.9
2025	plothic	0.4.16
2025	plothic	0.4.17
2025	plothic	0.4.18
2025	plothic	0.4.19
2025	plothic	0.5.0
2025	plothic	1.0.0
2025	pm4ngs	0.1.2
2025	pmidcite	0.1.1
2025	pmidcite	0.1.2
2025	pmidcite	0.1.3
2025	pmidcite	0.2.0
2025	pmidcite	0.3.0
2025	pmidcite	0.3.1
2025	pmultiqc	0.0.26
2025	pmultiqc	0.0.27
2025	pmultiqc	0.0.28
2025	pmultiqc	0.0.29
2025	pmultiqc	0.0.30
2025	pmultiqc	0.0.31
2025	pmultiqc	0.0.32
2025	pmultiqc	0.0.33
2025	pmultiqc	0.0.34
2025	pmultiqc	0.0.36
2025	pmultiqc	0.0.38
2025	pmultiqc	0.0.39
2025	pmx_biobb	5.2.1
2025	pmx_biobb	5.2.2
2025	pnetcdf_mpich	1.14.0
2025	pneumo-typer	2.0.1
2025	pod5	0.3.23
2025	pod5	0.3.27
2025	pod5	0.3.33
2025	polap	0.4.3.7
2025	polap	0.4.3.7.2
2025	polap	0.4.3.7.3
2025	polap	0.4.3.7.4
2025	polap	0.4.3.7.5
2025	polap	0.4.3.7.6
2025	polap	0.4.3.7.7
2025	polap	0.4.3.7.8
2025	polap	0.4.3.7.9
2025	polap	0.5.3.1
2025	poly-qtlseq	1.0.2
2025	poly-qtlseq	1.0.3
2025	poly-qtlseq	1.2.6
2025	polyat	0.1.2
2025	polypolish	0.6.1
2025	pomoxis	0.3.16
2025	poppunk	2.7.5
2025	poppunk	2.7.6
2025	poppunk	2.7.7
2025	porechop_abi	0.5.0post1
2025	porechop_abi	0.5.1
2025	portello	0.6.1
2025	poseidon-trident	1.6.2.1
2025	poseidon-trident	1.6.7.1
2025	postmaster	0.1.0
2025	ppanggolin	2.2.2
2025	ppanggolin	2.2.3
2025	ppanggolin	2.2.4
2025	ppanggolin	2.2.5
2025	ppanggolin	2.2.6
2025	pplacer	1.1.alpha20
2025	ppx	1.5.0
2025	pqlseqpy	0.1.2
2025	predictosaurus	0.2.10
2025	predictosaurus	0.2.9
2025	predictosaurus	0.3.0
2025	predictosaurus	0.3.1
2025	predictosaurus	0.3.2
2025	predictosaurus	0.4.0
2025	predictosaurus	0.4.1
2025	predictosaurus	0.4.2
2025	predictosaurus	0.5.0
2025	predictosaurus	0.6.0
2025	predictosaurus	0.7.0
2025	predictosaurus	0.7.1
2025	predictosaurus	0.7.2
2025	predictosaurus	0.7.3
2025	predictosaurus	0.7.4
2025	presto	0.7.3
2025	presto	0.7.4
2025	presto	0.7.5
2025	presto	0.7.6
2025	pretextgraph	0.0.8
2025	pretextgraph	0.0.9
2025	pretextsnapshot	0.0.5
2025	primalbedtools	0.10.1
2025	primalbedtools	0.11.1
2025	primalbedtools	0.6.2
2025	primalbedtools	0.8.1
2025	primalbedtools	0.9
2025	primalbedtools	1.0.0
2025	primer3-py	2.2.0
2025	primerforge	1.5.2
2025	primerforge	1.5.3
2025	priorcons	0.1.0
2025	privateer	MKV
2025	probe	2.18
2025	profile_dists	1.0.10
2025	profile_dists	1.0.3
2025	profile_dists	1.0.4
2025	profile_dists	1.0.5
2025	profile_dists	1.0.6
2025	profile_dists	1.0.7
2025	profile_dists	1.0.8
2025	profile_dists	1.0.9
2025	progenomes	0.2.0
2025	progenomes	0.3.0
2025	prokbert	0.0.46
2025	prokbert	0.0.48
2025	prokka	1.15.6
2025	promod3	3.5.0
2025	promod3	3.6.0
2025	pronto	2.6.0
2025	prooverlap	0.1.2
2025	protal	0.1.0a
2025	protal	0.2.0a
2025	protal	0.2.1a
2025	proteinortho	6.3.5
2025	proteinortho	6.3.6
2025	proteowizard	3_0_25292_c9a6a18
2025	prymer	3.0.0
2025	prymer	3.0.1
2025	prymer	3.0.2
2025	psauron	1.0.6
2025	psauron	1.1.0
2025	psims	1.3.5
2025	psipred	3.5
2025	psipred	4.0
2025	psm-utils	1.3.0
2025	psm-utils	1.4.0
2025	psm-utils	1.4.1
2025	psm-utils	1.5.0.post1
2025	psm-utils	1.5.1
2025	psosp	1.1.0
2025	psosp	1.1.1
2025	psosp	1.1.2
2025	pupmapper	0.0.9
2025	pupmapper	0.1.0
2025	pvga	0.1.1
2025	pvga	0.1.2
2025	pxblat	1.2.8
2025	py2bit	0.3.3
2025	py_nucflag	0.1.3
2025	py_nucflag	0.1.4
2025	py_nucflag	0.1.5
2025	py_nucflag	0.1.6
2025	pyabpoa	1.5.4
2025	pyabpoa	1.5.5
2025	pyamilyseq	1.3.2
2025	pyani-plus	0.0.1
2025	pyani-plus	1.0.0
2025	pybarrnap	0.5.1
2025	pybascule	1.0.1
2025	pybbi	0.4.2
2025	pybedlite	1.1.0
2025	pybedtools	0.11.0
2025	pybedtools	0.12.0
2025	pybigtools	0.2.4
2025	pybigwig	0.3.24
2025	pybiolib	1.2.1007
2025	pybiolib	1.2.1018
2025	pybiolib	1.2.1022
2025	pybiolib	1.2.1027
2025	pybiolib	1.2.1034
2025	pybiolib	1.2.1045
2025	pybiolib	1.2.1053
2025	pybiolib	1.2.1056
2025	pybiolib	1.2.1135
2025	pybiolib	1.2.1139
2025	pybiolib	1.2.1144
2025	pybiolib	1.2.1153
2025	pybiolib	1.2.1168
2025	pybiolib	1.2.1173
2025	pybiolib	1.2.1175
2025	pybiolib	1.2.1187
2025	pybiolib	1.2.1240
2025	pybiolib	1.2.1242
2025	pybiolib	1.2.1247
2025	pybiolib	1.2.1293
2025	pybiolib	1.2.1527
2025	pybiolib	1.2.1531
2025	pybiolib	1.2.1538
2025	pybiolib	1.2.1540
2025	pybiolib	1.2.1557
2025	pybiolib	1.2.1560
2025	pybiolib	1.2.1564
2025	pybiolib	1.2.1576
2025	pybiolib	1.2.1594
2025	pybiolib	1.2.1597
2025	pybiolib	1.2.1602
2025	pybiolib	1.2.1621
2025	pybiolib	1.2.1644
2025	pybiolib	1.2.1675
2025	pybiolib	1.2.270
2025	pybiolib	1.2.298
2025	pybiolib	1.2.347
2025	pybiolib	1.2.366
2025	pybiolib	1.2.408
2025	pybiolib	1.2.435
2025	pybiolib	1.2.437
2025	pybiolib	1.2.445
2025	pybiolib	1.2.464
2025	pybiolib	1.2.497
2025	pybiolib	1.2.500
2025	pybiolib	1.2.502
2025	pybiolib	1.2.503
2025	pybiolib	1.2.515
2025	pybiolib	1.2.517
2025	pybiolib	1.2.520
2025	pybiolib	1.2.558
2025	pybiolib	1.2.561
2025	pybiolib	1.2.567
2025	pybiolib	1.2.582
2025	pybiolib	1.2.589
2025	pybiolib	1.2.602
2025	pybiolib	1.2.611
2025	pybiolib	1.2.698
2025	pybiolib	1.2.701
2025	pybiolib	1.2.716
2025	pybiolib	1.2.720
2025	pybiolib	1.2.735
2025	pybiolib	1.2.740
2025	pybiolib	1.2.744
2025	pybiolib	1.2.749
2025	pybiolib	1.2.772
2025	pybiolib	1.2.783
2025	pybiolib	1.2.796
2025	pybiolib	1.2.802
2025	pybiolib	1.2.814
2025	pybiolib	1.2.838
2025	pybiolib	1.2.841
2025	pybiolib	1.2.846
2025	pybiolib	1.2.856
2025	pybiolib	1.2.869
2025	pybiolib	1.2.871
2025	pybiolib	1.2.878
2025	pybiolib	1.2.883
2025	pybiolib	1.2.888
2025	pybiolib	1.2.902
2025	pybiolib	1.2.909
2025	pybiolib	1.2.911
2025	pybiolib	1.2.918
2025	pybiolib	1.2.923
2025	pybiolib	1.2.931
2025	pybiolib	1.2.942
2025	pybiolib	1.2.944
2025	pybiolib	1.2.947
2025	pybiolib	1.2.980
2025	pybiolib	1.2.983
2025	pybiolib	1.2.985
2025	pybwa	1.3.4
2025	pybwa	1.4.0
2025	pybwa	1.4.3
2025	pybwa	1.4.4
2025	pybwa	1.4.5
2025	pybwa	1.4.6
2025	pybwa	1.4.7
2025	pybwa	1.4.8
2025	pybwa	1.5.0
2025	pybwa	1.5.2
2025	pybwa	1.6.0
2025	pybwa	2.0.0
2025	pybwa	2.0.1
2025	pybwa	2.1.0
2025	pybwa	2.2.0
2025	pycistarget	1.1
2025	pycistopic	2.0a
2025	pycomo	0.2.8
2025	pycomo	0.2.9
2025	pydamage	0.90
2025	pydamage	1.0
2025	pydeseq2	0.5.0
2025	pydeseq2	0.5.1
2025	pydeseq2	0.5.2
2025	pydeseq2	0.5.3
2025	pydustmasker	1.0.2
2025	pydustmasker	1.0.3
2025	pyfaidx	0.8.1.4
2025	pyfaidx	0.8.2
2025	pyfaidx	0.9.0
2025	pyfaidx	0.9.0.1
2025	pyfaidx	0.9.0.3
2025	pyfamsa	0.5.3.post1
2025	pyfastani	0.6.1
2025	pyfastaq	3.18.0
2025	pyfastx	2.2.0
2025	pygrgl	2.4
2025	pyhmmer	0.11.0
2025	pyhmmer	0.11.1
2025	pyhmmer	0.11.2
2025	pyhmmer	0.11.3
2025	pyhmmer	0.11.4
2025	pyhmmsearch	2025.1.23
2025	pyhmmsearch	2025.10.23.post1
2025	pyhmmsearch	2025.9.4
2025	pyhmmsearch	2025.9.4.post1
2025	pyhmmsearch	2025.9.5
2025	pyjaspar	4.0.0
2025	pyjess	0.5.0
2025	pyjess	0.5.1
2025	pyjess	0.5.2
2025	pyjess	0.6.0
2025	pyjess	0.7.0
2025	pyjess	0.8.0
2025	pyjess	0.9.0
2025	pyjess	0.9.1
2025	pykofamsearch	2024.11.8.post1
2025	pykofamsearch	2024.11.9
2025	pykofamsearch	2025.9.5
2025	pylipid	1.5.14
2025	pymethylation_utils	0.5.2
2025	pymethylation_utils	0.5.3
2025	pymlst	2.2.1
2025	pymlst	2.2.2
2025	pymummer	0.12.0
2025	pymzml	2.5.11
2025	pyngost	1.1.3
2025	pyonsite	0.0.1
2025	pyonsite	0.0.2
2025	pyopal	0.7.1
2025	pyopal	0.7.2
2025	pyopal	0.7.3
2025	pyopenms	3.3.0
2025	pyopenms	3.4.0
2025	pyopenms	3.4.1
2025	pypints	1.2.0
2025	pypints	1.2.1
2025	pypolca	0.4.0
2025	pyprophet	3.0.1
2025	pyprophet	3.0.2
2025	pyprophet	3.0.3
2025	pyprophet	3.0.4
2025	pyprophet	3.0.5
2025	pyranges	0.1.4
2025	pyrle	0.0.42
2025	pyrodigal-rv	0.1.0
2025	pyrodigal	3.6.3.post1
2025	pysam	0.23.0
2025	pysam	0.23.1
2025	pysam	0.23.2
2025	pysam	0.23.3
2025	pysctransform	0.1.1
2025	pyseer	1.4.0
2025	pyskani	0.2.0
2025	pyslow5	1.3.1
2025	pyspoa	0.3.1
2025	pyspoa	0.3.2
2025	pysradb	2.3.0
2025	pysradb	2.4.1
2025	pysradb	2.5.1
2025	pytantan	0.1.3
2025	pytaxonkit	0.10
2025	python-bioext	0.21.10
2025	python-intervaltree	3.2.0
2025	python-msgpack	1.1.1
2025	python-msgpack	1.1.2
2025	python-newick	1.10.0
2025	pytransaln	0.2.2
2025	pytrf	1.4.2
2025	pytrimal	0.8.4
2025	pytrimal	0.8.5
2025	pytwobit	0.3.1
2025	pytximport	0.12.0
2025	pyvcf3	1.0.4
2025	pyvolve	1.1.0
2025	pywgsim	0.6.0
2025	qcatch	0.2.1
2025	qcatch	0.2.3
2025	qcatch	0.2.4
2025	qcatch	0.2.5
2025	qcatch	0.2.6
2025	qcatch	0.2.7
2025	qglmm	0.1.0
2025	qglmm	0.1.1
2025	qimba	0.4.0
2025	qtlseq	2.2.9
2025	qualifilter	1.0.0
2025	qualrepair	1.0.0
2025	quantms-rescoring	0.0.10
2025	quantms-rescoring	0.0.4
2025	quantms-rescoring	0.0.5
2025	quantms-rescoring	0.0.6
2025	quantms-rescoring	0.0.7
2025	quantms-rescoring	0.0.8
2025	quantms-rescoring	0.0.9
2025	quantms-utils	0.0.19
2025	quantms-utils	0.0.20
2025	quantms-utils	0.0.21
2025	quantms-utils	0.0.22
2025	quantms-utils	0.0.23
2025	quantms-utils	0.0.24
2025	quantpi	1.0.0
2025	quaqc	1.3d
2025	quaqc	1.3e
2025	quaqc	1.3g
2025	quaqc	1.4
2025	quaqc	1.5
2025	quatradis	1.3.2
2025	quatradis	1.3.3
2025	quatradis	1.4.0
2025	quick-variants	1.2.4
2025	quickmirseq	1.0.0
2025	quota_anchor	1.0.0
2025	quota_anchor	1.0.0rc
2025	quota_anchor	1.0.1
2025	quota_anchor	1.0.2
2025	r-acidbase	0.7.4
2025	r-acidbase	0.7.5
2025	r-acidcli	0.3.1
2025	r-acidcli	0.3.2
2025	r-acidexperiment	0.5.5
2025	r-acidgenerics	0.7.10
2025	r-acidgenerics	0.7.9
2025	r-acidgenomes	0.7.3
2025	r-acidgenomes	0.7.4
2025	r-acidgenomes	0.7.5
2025	r-acidgsea	0.9.1
2025	r-acidmarkdown	0.3.1
2025	r-acidplots	0.7.4
2025	r-acidplyr	0.5.5
2025	r-acidsinglecell	0.4.3
2025	r-acidsinglecell	0.4.4
2025	r-amlmapr	0.1.0
2025	r-ampvis2	2.8.10
2025	r-ampvis2	2.8.11
2025	r-aroma.affymetrix	3.2.3
2025	r-aroma.core	3.3.2
2025	r-bascule	1.0.0
2025	r-bascule	1.0.1
2025	r-basejump	0.18.1
2025	r-bmix	1.0.0
2025	r-bpcells	0.3.0
2025	r-bpcells	0.3.1
2025	r-classdiscovery	3.4.8
2025	r-classdiscovery	3.4.9
2025	r-cnaqc	1.1.2
2025	r-cnaqc	1.1.3
2025	r-cobrar	0.1.2
2025	r-cobrar	0.2.0
2025	r-cobrar	0.2.2
2025	r-corncob	0.4.2
2025	r-crbhits	0.0.7
2025	r-ctree	1.1.0
2025	r-dartr	2.9.9.5
2025	r-deseqanalysis	0.7.2
2025	r-diffcorr	0.4.5
2025	r-dimsum	1.4
2025	r-dinamic.duo	1.0.3
2025	r-dinamic.duo	1.0.4
2025	r-dndscv	0.1.0
2025	r-dsb	2.0.0
2025	r-dsb	2.0.1
2025	r-easypar	1.0.0
2025	r-efglmh	0.1.0
2025	r-eggnog	0.3.1
2025	r-erah	2.2.0
2025	r-exomedepth	1.1.18
2025	r-flanders	1.0.0
2025	r-flanders	1.0.1
2025	r-floral	0.4.0
2025	r-floral	0.5.0
2025	r-floral	0.6.0
2025	r-geneexpressionfromgeo	1.2
2025	r-geneexpressionfromgeo	1.3
2025	r-goalie	0.7.8
2025	r-hahmmr	1.0.0
2025	r-hmm	1.0.2
2025	r-jackstraw	1.3.17
2025	r-ldweaver	1.5.2
2025	r-liger	2.2.0
2025	r-liger	2.2.1
2025	r-linxreport	1.1.0
2025	r-locuszoomr	0.3.6
2025	r-locuszoomr	0.3.7
2025	r-locuszoomr	0.3.8
2025	r-metacoder	0.3.8
2025	r-mobster	0.1.1
2025	r-monocle3	1.4.26
2025	r-mspbwt	0.1.1
2025	r-mytai	2.3.4
2025	r-numbat	1.4.2
2025	r-numbat	1.5.1
2025	r-oncopharmadb	1.9.2
2025	r-oncopharmadb	1.9.7
2025	r-panther	0.5.1
2025	r-pathfindr	2.4.2
2025	r-pathfindr	2.5.0
2025	r-pathfindr	2.5.1
2025	r-pathfindr	2.6.0
2025	r-pathfindr	2.7.0
2025	r-pathosurveilr	0.3.0
2025	r-pathosurveilr	0.3.1
2025	r-pathosurveilr	0.4.0
2025	r-pathosurveilr	0.4.1
2025	r-peakpick	0.11
2025	r-pio	0.1.0
2025	r-pipette	0.15.3
2025	r-pscbs	0.68.0
2025	r-psminer	0.2.0
2025	r-quilt	2.0.2
2025	r-quilt	2.0.3
2025	r-quilt	2.0.4
2025	r-rblast	1.3.1
2025	r-recetox-aplcms	0.14.0
2025	r-recetox-aplcms	0.14.1
2025	r-recetox-aplcms	0.14.2
2025	r-recetox-waveica	0.2.1
2025	r-restfulr	0.0.16
2025	r-rldne	1.0.0
2025	r-rphast	1.6.11
2025	r-rspectral	1.0.0.14
2025	r-sartools	1.8.2
2025	r-scevan	1.0.3
2025	r-scistreer	1.2.0
2025	r-scroshi	1.0.0.0
2025	r-seurat-data	0.2.2.9002
2025	r-shinyngs	2.1.0
2025	r-shinyngs	2.2.0
2025	r-shinyngs	2.2.2
2025	r-shinyngs	2.2.3
2025	r-shinyngs	2.2.4
2025	r-shinyngs	2.3.0
2025	r-signac	1.15.0
2025	r-signac	1.16.0
2025	r-sleuth	0.30.2
2025	r-stitch	1.7.3
2025	r-stitch	1.8.2
2025	r-stitch	1.8.4
2025	r-structssi	1.2.0
2025	r-structssi	1.2.1
2025	r-syntactic	0.7.2
2025	r-tidyheatmap	1.11.4
2025	r-tidyheatmap	1.11.6
2025	r-tidyheatmap	1.12.2
2025	r-tidyheatmap	1.13.1
2025	r-tinc	0.1.0
2025	r-tinyarray	2.4.3
2025	r-tmae	1.0.5
2025	r-ukbrapr	0.2.9
2025	r-ukbrapr	0.3.0
2025	r-ukbrapr	0.3.1
2025	r-ukbrapr	0.3.2
2025	r-ukbrapr	0.3.3
2025	r-ukbrapr	0.3.4
2025	r-ukbrapr	0.3.5
2025	r-ukbrapr	0.3.6
2025	r-ukbrapr	0.3.7
2025	r-ukbrapr	0.3.8
2025	r-viber	1.0.0
2025	rabbitsketch	0.1.1
2025	rabies	0.5.2
2025	rabies	0.5.4
2025	rabies	0.5.5
2025	rad	0.6.0
2025	radiantkit	0.1.0
2025	radte	0.2.3
2025	rascaf	20180710
2025	rastair	0.8.2
2025	rasusa	2.1.1
2025	rasusa	2.2.0
2025	rasusa	2.2.1
2025	rasusa	2.2.2
2025	ratt	1.1.0
2025	rattle	1.0
2025	rbpbench	1.0.2
2025	rbpbench	1.0.3
2025	rbpbench	1.0.4
2025	rbpbench	1.0.6
2025	rdeval	0.0.4
2025	rdeval	0.0.5
2025	rdeval	0.0.6
2025	rdeval	0.0.7
2025	rdeval	0.0.8
2025	rdock	24.04.204_legacy
2025	rdrpcatch	0.0.1
2025	rdrpcatch	0.0.3
2025	rdrpcatch	0.0.4
2025	rdrpcatch	0.0.5
2025	rdrpcatch	0.0.6
2025	rdrpcatch	0.0.7
2025	rdrpcatch	0.0.8
2025	rdrpcatch	0.0.9
2025	reactome-cli	0.0.0
2025	reactome-cli	1.0.0
2025	read2tree	2.0.0
2025	read2tree	2.0.1
2025	rearr	1.0.0
2025	rearr	1.0.1
2025	rearr	1.0.2
2025	rearr	1.0.3
2025	rearr	1.0.4
2025	recentrifuge	1.15.1
2025	recentrifuge	1.16.0
2025	recentrifuge	1.16.1
2025	recur	1.0.0
2025	reditools3	3.4
2025	reditools3	3.5
2025	reduce	4.15
2025	reframed	1.5.4
2025	reframed	1.6.0
2025	refseq-plasmid-dl	0.1.0
2025	regain-cli	1.6.2
2025	regain-cli	1.6.3
2025	regain-cli	1.7.1
2025	regenie	4.1
2025	regenie	4.1.1
2025	regenie	4.1.2
2025	relecov-tools	1.3.0
2025	relecov-tools	1.4.0
2025	relecov-tools	1.5.0
2025	relecov-tools	1.5.1
2025	relecov-tools	1.5.2
2025	relecov-tools	1.5.3
2025	relecov-tools	1.5.4
2025	relecov-tools	1.5.5
2025	relecov-tools	1.6.0
2025	relecov-tools	1.6.1
2025	relecov-tools	1.6.2
2025	relecov-tools	1.7.0
2025	relecov-tools	1.7.1
2025	relecov-tools	1.7.2
2025	relecov-tools	1.7.3
2025	relecov-tools	1.7.4
2025	relion	5.0.0
2025	relion	5.0.1
2025	remag	0.1.0
2025	remag	0.1.1
2025	remag	0.1.2
2025	remag	0.1.3
2025	remag	0.1.5
2025	remag	0.2.0
2025	remag	0.2.1
2025	remag	0.2.2
2025	remag	0.2.3
2025	remag	0.2.4
2025	remag	0.2.5
2025	remag	0.3.1
2025	remag	0.3.2
2025	remag	0.3.3
2025	remag	0.3.4
2025	repaq	0.5.0
2025	repaq	0.5.1
2025	repeatafterme	0.0.7
2025	repeatmasker	4.1.8
2025	repeatmasker	4.1.9
2025	repeatmasker	4.2.0
2025	repeatmasker	4.2.1
2025	repeatmasker	4.2.2
2025	repeatmodeler	2.0.7
2025	replidec	0.3.4
2025	replidec	0.3.5
2025	reseek	2.3
2025	reseek	2.4
2025	reseek	2.5
2025	reseek	2.6.1
2025	resfinder	4.7.0
2025	resfinder	4.7.2
2025	resistify	1.0.1
2025	resistify	1.1.0
2025	resistify	1.1.1
2025	resistify	1.1.2
2025	resistify	1.1.3
2025	resistify	1.1.4
2025	resistify	1.1.5
2025	resistify	1.2.0
2025	resistify	1.2.1
2025	resistify	1.3.0
2025	revbayes	1.3.0
2025	revbayes	1.3.1
2025	revbayes	1.3.2
2025	revoluzer	0.1.7
2025	revoluzer	0.1.8
2025	revtag	1.0.0
2025	rgi	6.0.4
2025	rgi	6.0.5
2025	riassigner	0.5.0
2025	ribodetector	0.3.2
2025	riboloco	0.3.10
2025	ribotin	1.4
2025	ribotin	1.5
2025	ribotish	0.2.8
2025	ribotools	2.0.0
2025	rmlst_api	0.1.6
2025	rmlst_api	0.1.8
2025	rnablueprint	1.3.3
2025	rnacode	0.3.1
2025	rnalyze	1.0.0
2025	rnalyze	1.0.1
2025	rnanorm	2.2.0
2025	rnftools	0.4.0.0
2025	roadies	0.1.10
2025	roadies	0.1.8
2025	ropebwt3	3.10
2025	rpbp	4.0.0
2025	rpbp	4.0.1
2025	rrmscorer	1.0.10
2025	rrmscorer	1.0.11
2025	rs3	0.0.18
2025	rsat-core	2025.04.04
2025	rscape	2.0.4.a
2025	rsidx	0.3.1
2025	rsv-typer	0.5.0
2025	rtg-core	3.13
2025	rtg-tools	3.13
2025	rucs	1.0.3
2025	runjob	2.10.9
2025	ruranges	0.0.13
2025	ruranges	0.0.14
2025	ruranges	0.0.15
2025	rust-gtars	0.2.0
2025	rust-gtars	0.2.1
2025	rust-gtars	0.2.2
2025	rust-gtars	0.2.3
2025	rust-gtars	0.2.4
2025	rust-gtars	0.2.5
2025	rust-gtars	0.2.6
2025	rust-gtars	0.2.7
2025	rust-gtars	0.2.8
2025	rust-gtars	0.3.0
2025	rust-gtars	0.4.0
2025	rust-gtars	0.5.0
2025	rust-gtars	0.5.1
2025	rust-gtars	0.5.2
2025	rust-proseg	2.0.4
2025	rust-proseg	2.0.5
2025	rust-proseg	2.0.6
2025	rustybam	0.1.34
2025	s4pred	1.2.0
2025	s4pred	1.2.1
2025	saccharis	2.0.5
2025	sadie-antibody	2.0.0
2025	sainsc	0.3.0
2025	sainsc	0.3.1
2025	sak	0.4.8
2025	samestr	1.2025.111
2025	sample_grouping	1.0.0
2025	samrefiner	1.4.1
2025	samrefiner	1.4.2
2025	samrefiner	1.4.2.1
2025	samshee	0.2.10
2025	samshee	0.2.11
2025	samshee	0.2.12
2025	samshee	0.2.9
2025	samsift	0.3.1
2025	samstrip	0.2.1
2025	samtools	1.22
2025	samtools	1.22.1
2025	samtools	1.23
2025	sanntis	0.9.4.0
2025	sanntis	0.9.4.1
2025	sansa	0.2.3
2025	sansa	0.2.5
2025	sapling	1.0.0
2025	sassy	0.1.8
2025	savana	1.3.0
2025	savana	1.3.1
2025	savana	1.3.3
2025	savana	1.3.4
2025	savana	1.3.5
2025	savana	1.3.6
2025	savont	0.1.0
2025	savont	0.2.0
2025	sawfish	0.12.10
2025	sawfish	0.12.9
2025	sawfish	1.0.0
2025	sawfish	1.0.1
2025	sawfish	1.0.2
2025	sawfish	2.0.0
2025	sawfish	2.0.1
2025	sawfish	2.0.2
2025	sawfish	2.0.3
2025	sawfish	2.0.4
2025	sawfish	2.0.5
2025	sawfish	2.1.0
2025	sawfish	2.1.1
2025	sawfish	2.2.0
2025	sawfish	2.2.1
2025	sc-musketeers	0.4.2
2025	scanpy-cli	0.1.4
2025	scanpy-cli	0.1.6
2025	scanpy-cli	0.2.0
2025	scarap	1.0.0
2025	scarap	1.0.1
2025	scatac-fragment-tools	0.1.4
2025	sccellfie	0.5.0
2025	scenicplus	1.0a2
2025	scglue	0.4.0
2025	schemarefinery	0.3.3.1
2025	schemarefinery	0.4.0
2025	scib	1.1.7
2025	scirpy	0.20.1
2025	scirpy	0.21.0
2025	scirpy	0.22.0
2025	scirpy	0.22.1
2025	scirpy	0.22.2
2025	scirpy	0.22.3
2025	scirpy	0.22.4
2025	scispacy	0.5.5
2025	scispacy	0.6.2
2025	scmidas	0.1.10
2025	scmidas	0.1.12
2025	scmidas	0.1.13
2025	scmidas	0.1.15
2025	scmidas	0.1.4
2025	scmidas	0.1.5
2025	scmidas	0.1.6
2025	scmidas	0.1.7
2025	scmidas	0.1.8
2025	scmidas	0.1.9
2025	scoop	0.7.2.0
2025	scoring-matrices	0.3.1
2025	scoring-matrices	0.3.2
2025	scoring-matrices	0.3.3
2025	screadcounts	1.4.1
2025	screadcounts	1.4.2
2025	scripps-msms	2.6.1
2025	scxmatch	0.0.2
2025	scxmatch	0.0.3
2025	scxmatch	0.1.0
2025	sdeper	1.6.4
2025	sdeper	1.7.0
2025	sdeper	1.7.1
2025	sdm	3.08
2025	sdm	3.10
2025	sdrf-pipelines	0.0.32
2025	sdrf-pipelines	0.0.33
2025	seabreeze-genomics	1.4.0
2025	seabreeze-genomics	1.5.0
2025	search_ncbi	0.1.2
2025	searchgui	4.3.14
2025	searchgui	4.3.15
2025	seg-suite	97
2025	seg-suite	98
2025	seismic-rna	0.22.3
2025	seismic-rna	0.23.0
2025	seismic-rna	0.23.1
2025	seismic-rna	0.24.0
2025	seismic-rna	0.24.1
2025	seismic-rna	0.24.2
2025	seismic-rna	0.24.3
2025	semibin	2.2.0
2025	semibin	2.2.1
2025	sentieon	202503
2025	sentieon	202503.01
2025	sepp	4.5.6
2025	seq2science	1.2.3
2025	seq2science	1.2.4
2025	seq2squiggle	0.3.0
2025	seq2squiggle	0.3.1
2025	seq2squiggle	0.3.2
2025	seq2squiggle	0.3.3
2025	seq2squiggle	0.3.4
2025	seqan3	3.4.0
2025	seqchromloader	0.8.3
2025	seqchromloader	0.8.6
2025	seqchromloader	0.9.1
2025	seqerakit	0.5.0
2025	seqerakit	0.5.1
2025	seqerakit	0.5.2
2025	seqerakit	0.5.3
2025	seqerakit	0.5.4
2025	seqerakit	0.5.5
2025	seqerakit	0.5.6
2025	seqfold	0.9.0
2025	seqforge	1.0.0
2025	seqforge	1.0.1
2025	seqforge	1.0.4
2025	seqforge	2.0.0
2025	seqfu	1.23.0
2025	seqkit	2.10.0
2025	seqkit	2.10.1
2025	seqkit	2.11.0
2025	seqkit	2.12.0
2025	seqlib	1.2.0
2025	seqnado	0.6.0
2025	seqnado	0.6.1
2025	seqnado	0.6.2
2025	seqnado	0.6.3
2025	seqnado	0.6.4
2025	seqnado	0.6.5
2025	seqnado	0.6.6
2025	seqnado	0.6.7
2025	seqnado	0.7.0
2025	seqnado	0.7.1
2025	seqnado	0.7.2
2025	seqnado	0.7.3
2025	seqnado	0.7.4
2025	seqnado	0.7.6
2025	seqscreen	4.5
2025	seqsero2	1.3.2
2025	seqsero2s	1.1.3
2025	seqsero2s	1.1.4
2025	seqsizzle	0.2.0
2025	seqsizzle	0.3.0
2025	seqspec	0.4.0
2025	seqtk	1.5
2025	sequali	1.0.0
2025	sequali	1.0.1
2025	sequali	1.0.2
2025	sequana	0.19.2
2025	sequana	0.19.3
2025	sequana	0.19.4
2025	sequana	0.19.5
2025	sequana_pipetools	1.2.2
2025	sequana_pipetools	1.3.0
2025	sequencetools	1.6.0.0
2025	sequenoscope	1.0.0
2025	sequenticon	0.1.6
2025	sequenticon	0.1.7
2025	sequenticon	0.1.8
2025	sequip	0.11
2025	seqwin	0.1.0
2025	seqwin	0.2.0
2025	sevenbridges-python	2.11.2
2025	severus	1.3
2025	severus	1.4
2025	severus	1.5
2025	severus	1.6
2025	sglearn	1.2.5
2025	shasta	0.14.0
2025	shiba	0.6.1
2025	shiba	0.6.2
2025	shiba	0.6.3
2025	shiba	0.7.0
2025	shiba	0.7.1
2025	shiba	0.8.0
2025	shiba	0.8.1
2025	shiba2sashimi	0.1.0
2025	shiba2sashimi	0.1.2
2025	shiba2sashimi	0.1.3
2025	shiba2sashimi	0.1.4
2025	shiba2sashimi	0.1.5
2025	shiba2sashimi	0.1.6
2025	shiba2sashimi	0.1.7
2025	shortcut	1.0
2025	shortstack	4.1.2
2025	shorttracks	1.3
2025	shovill	1.4.1
2025	shovill	1.4.2
2025	showali	1.0.1
2025	sibeliaz	1.2.6
2025	sibeliaz	1.2.7
2025	sideretro	1.1.6
2025	sierra-local	0.4.2
2025	sierra-local	0.4.3
2025	sigprofilerassignment	0.2.2
2025	sigprofilerassignment	0.2.3
2025	sigprofilerassignment	0.2.4
2025	sigprofilerassignment	0.2.5
2025	sigprofilerassignment	0.2.6
2025	sigprofilerassignment	1.0.0
2025	sigprofilerassignment	1.0.1
2025	sigprofilerassignment	1.0.3
2025	sigprofilerextractor	1.2.1
2025	sigprofilerextractor	1.2.2
2025	sigprofilerextractor	1.2.3
2025	sigprofilerextractor	1.2.4
2025	sigprofilerextractor	1.2.5
2025	sigprofilermatrixgenerator	1.3.2
2025	sigprofilermatrixgenerator	1.3.3
2025	sigprofilerplotting	1.4.0
2025	sigprofilerplotting	1.4.1
2025	sigprofilerplotting	1.4.2
2025	simphyni	1.0.0
2025	simpleaf	0.19.0
2025	simpleaf	0.19.1
2025	simpleaf	0.19.2
2025	simpleaf	0.19.3
2025	simpleaf	0.19.4
2025	simpleaf	0.19.5
2025	sincei	0.5
2025	sincei	0.5.1
2025	sincei	0.5.2
2025	singlem	0.19.0
2025	singlem	0.20.2
2025	singlem	0.20.3
2025	sipros	4.02
2025	sipros	5.0
2025	sipros	5.0.1
2025	sistem	1.0.3
2025	sistem	1.0.4
2025	ska2	0.4.0
2025	ska2	0.4.1
2025	ska2	0.5.0
2025	skani	0.3.0
2025	skani	0.3.1
2025	skder	1.2.9
2025	skder	1.3.0
2025	skder	1.3.1
2025	skder	1.3.2
2025	skder	1.3.3
2025	skder	1.3.4
2025	sketchlib	0.2.4
2025	slivar	0.3.2
2025	slivar	0.3.3
2025	smakcr	0.1.0
2025	smallgenomeutilities	0.5.0
2025	smallgenomeutilities	0.5.1
2025	smallgenomeutilities	0.5.2
2025	smetana	1.2.1
2025	smithwaterman	1.0.0
2025	smoothxg	0.8.1
2025	smoothxg	0.8.2
2025	smudgeplot	0.5.3
2025	snakealtpromoter	1.0.5
2025	snakebids	0.13.1
2025	snakebids	0.14.0
2025	snakebids	0.15.0
2025	snakedeploy	0.10.4
2025	snakedeploy	0.11.0
2025	snakedeploy	0.14.0
2025	snakedeploy	0.15.0
2025	snakefmt	0.11.0
2025	snakefmt	0.11.1
2025	snakefmt	0.11.2
2025	snakemake-executor-plugin-aws-batch	0.2.1
2025	snakemake-executor-plugin-cannon	1.2.1a0
2025	snakemake-executor-plugin-cannon	1.2.2.post1
2025	snakemake-executor-plugin-cannon	1.3.6.post1
2025	snakemake-executor-plugin-cannon	1.3.6.post2
2025	snakemake-executor-plugin-cannon	1.4.0.post1
2025	snakemake-executor-plugin-cannon	1.5.0.post1
2025	snakemake-executor-plugin-cannon	1.6.0.post1
2025	snakemake-executor-plugin-cannon	1.8.0.post2
2025	snakemake-executor-plugin-cannon	1.9.2.post2
2025	snakemake-executor-plugin-cluster-sync	0.1.5
2025	snakemake-executor-plugin-kubernetes	0.3.0
2025	snakemake-executor-plugin-kubernetes	0.3.1
2025	snakemake-executor-plugin-kubernetes	0.3.2
2025	snakemake-executor-plugin-kubernetes	0.4.0
2025	snakemake-executor-plugin-kubernetes	0.4.1
2025	snakemake-executor-plugin-kubernetes	0.4.2
2025	snakemake-executor-plugin-kubernetes	0.4.3
2025	snakemake-executor-plugin-kubernetes	0.4.4
2025	snakemake-executor-plugin-kubernetes	0.5.0
2025	snakemake-executor-plugin-kubernetes	0.5.1
2025	snakemake-executor-plugin-slurm-jobstep	0.3.0
2025	snakemake-executor-plugin-slurm-jobstep	0.4.0
2025	snakemake-executor-plugin-slurm	0.12.0
2025	snakemake-executor-plugin-slurm	0.12.1
2025	snakemake-executor-plugin-slurm	0.14.0
2025	snakemake-executor-plugin-slurm	0.14.1
2025	snakemake-executor-plugin-slurm	0.14.2
2025	snakemake-executor-plugin-slurm	0.14.3
2025	snakemake-executor-plugin-slurm	0.15.0
2025	snakemake-executor-plugin-slurm	0.15.1
2025	snakemake-executor-plugin-slurm	1.0.0
2025	snakemake-executor-plugin-slurm	1.0.1
2025	snakemake-executor-plugin-slurm	1.1.0
2025	snakemake-executor-plugin-slurm	1.2.0
2025	snakemake-executor-plugin-slurm	1.2.1
2025	snakemake-executor-plugin-slurm	1.2.11
2025	snakemake-executor-plugin-slurm	1.2.2
2025	snakemake-executor-plugin-slurm	1.2.4
2025	snakemake-executor-plugin-slurm	1.2.5
2025	snakemake-executor-plugin-slurm	1.3.6
2025	snakemake-executor-plugin-slurm	1.4.0
2025	snakemake-executor-plugin-slurm	1.5.0
2025	snakemake-executor-plugin-slurm	1.6.0
2025	snakemake-executor-plugin-slurm	1.6.1
2025	snakemake-executor-plugin-slurm	1.7.0
2025	snakemake-executor-plugin-slurm	1.8.0
2025	snakemake-executor-plugin-slurm	1.9.2
2025	snakemake-executor-plugin-slurm	2.0.0
2025	snakemake-executor-plugin-slurm	2.0.3
2025	snakemake-interface-common	1.18.0
2025	snakemake-interface-common	1.19.4
2025	snakemake-interface-common	1.20.0
2025	snakemake-interface-common	1.20.1
2025	snakemake-interface-common	1.20.2
2025	snakemake-interface-common	1.21.0
2025	snakemake-interface-common	1.22.0
2025	snakemake-interface-executor-plugins	9.3.5
2025	snakemake-interface-executor-plugins	9.3.6
2025	snakemake-interface-executor-plugins	9.3.7
2025	snakemake-interface-executor-plugins	9.3.8
2025	snakemake-interface-executor-plugins	9.3.9
2025	snakemake-interface-logger-plugins	1.2.3
2025	snakemake-interface-logger-plugins	1.2.4
2025	snakemake-interface-logger-plugins	2.0.0
2025	snakemake-interface-report-plugins	1.1.1
2025	snakemake-interface-report-plugins	1.2.0
2025	snakemake-interface-report-plugins	1.3.0
2025	snakemake-interface-scheduler-plugins	1.0.0
2025	snakemake-interface-scheduler-plugins	2.0.0
2025	snakemake-interface-scheduler-plugins	2.0.1
2025	snakemake-interface-scheduler-plugins	2.0.2
2025	snakemake-interface-storage-plugins	3.4.0
2025	snakemake-interface-storage-plugins	3.5.0
2025	snakemake-interface-storage-plugins	4.1.0
2025	snakemake-interface-storage-plugins	4.2.1
2025	snakemake-interface-storage-plugins	4.2.2
2025	snakemake-interface-storage-plugins	4.2.3
2025	snakemake-interface-storage-plugins	4.3.1
2025	snakemake-interface-storage-plugins	4.3.2
2025	snakemake-logger-plugin-snkmt	0.1.5
2025	snakemake-minimal	8.27.0
2025	snakemake-minimal	8.27.1
2025	snakemake-minimal	8.28.0
2025	snakemake-minimal	8.29.0
2025	snakemake-minimal	8.29.1
2025	snakemake-minimal	8.29.2
2025	snakemake-minimal	8.29.3
2025	snakemake-minimal	8.30.0
2025	snakemake-minimal	9.0.1
2025	snakemake-minimal	9.1.1
2025	snakemake-minimal	9.1.10
2025	snakemake-minimal	9.1.11
2025	snakemake-minimal	9.1.2
2025	snakemake-minimal	9.1.3
2025	snakemake-minimal	9.1.4
2025	snakemake-minimal	9.1.5
2025	snakemake-minimal	9.1.6
2025	snakemake-minimal	9.1.7
2025	snakemake-minimal	9.1.9
2025	snakemake-minimal	9.10.0
2025	snakemake-minimal	9.10.1
2025	snakemake-minimal	9.11.0
2025	snakemake-minimal	9.11.1
2025	snakemake-minimal	9.11.2
2025	snakemake-minimal	9.11.3
2025	snakemake-minimal	9.11.4
2025	snakemake-minimal	9.11.5
2025	snakemake-minimal	9.11.6
2025	snakemake-minimal	9.11.7
2025	snakemake-minimal	9.11.8
2025	snakemake-minimal	9.12.0
2025	snakemake-minimal	9.13.1
2025	snakemake-minimal	9.13.2
2025	snakemake-minimal	9.13.3
2025	snakemake-minimal	9.13.4
2025	snakemake-minimal	9.13.5
2025	snakemake-minimal	9.13.6
2025	snakemake-minimal	9.13.7
2025	snakemake-minimal	9.14.0
2025	snakemake-minimal	9.14.1
2025	snakemake-minimal	9.14.3
2025	snakemake-minimal	9.14.4
2025	snakemake-minimal	9.14.5
2025	snakemake-minimal	9.2.0
2025	snakemake-minimal	9.3.0
2025	snakemake-minimal	9.3.1
2025	snakemake-minimal	9.3.2
2025	snakemake-minimal	9.3.3
2025	snakemake-minimal	9.3.4
2025	snakemake-minimal	9.3.5
2025	snakemake-minimal	9.4.0
2025	snakemake-minimal	9.4.1
2025	snakemake-minimal	9.5.0
2025	snakemake-minimal	9.5.1
2025	snakemake-minimal	9.6.0
2025	snakemake-minimal	9.6.1
2025	snakemake-minimal	9.6.2
2025	snakemake-minimal	9.7.1
2025	snakemake-minimal	9.8.0
2025	snakemake-minimal	9.8.1
2025	snakemake-minimal	9.8.2
2025	snakemake-minimal	9.9.0
2025	snakemake-scheduler-plugin-firstfit	0.1.2
2025	snakemake-storage-plugin-azure	0.4.3
2025	snakemake-storage-plugin-azure	0.4.4
2025	snakemake-storage-plugin-cached-http	0.1.0
2025	snakemake-storage-plugin-fs	1.1.0
2025	snakemake-storage-plugin-fs	1.1.1
2025	snakemake-storage-plugin-fs	1.1.2
2025	snakemake-storage-plugin-fs	1.1.3
2025	snakemake-storage-plugin-ftp	0.1.3
2025	snakemake-storage-plugin-gcs	1.1.3
2025	snakemake-storage-plugin-gcs	1.1.4
2025	snakemake-storage-plugin-http	0.3.0
2025	snakemake-storage-plugin-irods	0.3.1
2025	snakemake-storage-plugin-s3	0.2.13
2025	snakemake-storage-plugin-s3	0.3.0
2025	snakemake-storage-plugin-s3	0.3.1
2025	snakemake-storage-plugin-s3	0.3.2
2025	snakemake-storage-plugin-s3	0.3.3
2025	snakemake-storage-plugin-s3	0.3.4
2025	snakemake-storage-plugin-s3	0.3.5
2025	snakemake-storage-plugin-s3	0.3.6
2025	snakemake-storage-plugin-sftp	0.1.3
2025	snakemake-storage-plugin-sharepoint	0.4.4
2025	snakemake-storage-plugin-xrootd	0.4.0
2025	snakemake-storage-plugin-xrootd	0.4.1
2025	snakemake-storage-plugin-zenodo	0.1.5
2025	snakemake-wrapper-utils	0.7.0
2025	snakemake-wrapper-utils	0.7.1
2025	snakemake-wrapper-utils	0.7.2
2025	snakemake-wrapper-utils	0.8.0
2025	snakemake	8.27.0
2025	snakemake	8.27.1
2025	snakemake	8.28.0
2025	snakemake	8.29.0
2025	snakemake	8.29.1
2025	snakemake	8.29.2
2025	snakemake	8.29.3
2025	snakemake	8.30.0
2025	snakemake	9.0.1
2025	snakemake	9.1.1
2025	snakemake	9.1.10
2025	snakemake	9.1.11
2025	snakemake	9.1.2
2025	snakemake	9.1.3
2025	snakemake	9.1.4
2025	snakemake	9.1.5
2025	snakemake	9.1.6
2025	snakemake	9.1.7
2025	snakemake	9.1.9
2025	snakemake	9.10.0
2025	snakemake	9.10.1
2025	snakemake	9.11.0
2025	snakemake	9.11.1
2025	snakemake	9.11.2
2025	snakemake	9.11.3
2025	snakemake	9.11.4
2025	snakemake	9.11.5
2025	snakemake	9.11.6
2025	snakemake	9.11.7
2025	snakemake	9.11.8
2025	snakemake	9.12.0
2025	snakemake	9.13.1
2025	snakemake	9.13.2
2025	snakemake	9.13.3
2025	snakemake	9.13.4
2025	snakemake	9.13.5
2025	snakemake	9.13.6
2025	snakemake	9.13.7
2025	snakemake	9.14.0
2025	snakemake	9.14.1
2025	snakemake	9.14.3
2025	snakemake	9.14.4
2025	snakemake	9.14.5
2025	snakemake	9.2.0
2025	snakemake	9.3.0
2025	snakemake	9.3.1
2025	snakemake	9.3.2
2025	snakemake	9.3.3
2025	snakemake	9.3.4
2025	snakemake	9.3.5
2025	snakemake	9.4.0
2025	snakemake	9.4.1
2025	snakemake	9.5.0
2025	snakemake	9.5.1
2025	snakemake	9.6.0
2025	snakemake	9.6.1
2025	snakemake	9.6.2
2025	snakemake	9.7.1
2025	snakemake	9.8.0
2025	snakemake	9.8.1
2025	snakemake	9.8.2
2025	snakemake	9.9.0
2025	snakesee	0.1.0
2025	snakesee	0.2.1
2025	snakesee	0.4.1
2025	snap-aligner	2.0.5
2025	snap	2017_03_01
2025	snapgene-reader	0.1.22
2025	snapgene-reader	0.1.23
2025	sniffles	2.6.0
2025	sniffles	2.6.1
2025	sniffles	2.6.2
2025	sniffles	2.6.3
2025	sniffles	2.7.0
2025	sniffles	2.7.1
2025	sniffles	2.7.2
2025	snk-cli	0.7.2
2025	snkmt	0.2.3
2025	snkmt	0.2.4
2025	snp-dists	1.2.0
2025	snp2cell	0.2.1
2025	snp2cell	0.2.2
2025	snp2cell	0.3.0
2025	snpeff	5.3.0a
2025	snpeff	5.4.0a
2025	snpsift	5.3.0a
2025	snpsift	5.4.0a
2025	soapdenovo-trans	1.0.5
2025	socru	2.2.5
2025	soi	1.2.0
2025	soi	1.2.3
2025	solvebio	2.30.0
2025	solvebio	2.30.1
2025	solvebio	2.31.0
2025	solvebio	2.31.1
2025	solvebio	2.31.2
2025	solvebio	2.32.0
2025	solvebio	2.33.0
2025	solvebio	2.34.0
2025	somalier	0.3.0
2025	somalier	0.3.1
2025	somaticseq	3.10.0
2025	somaticseq	3.11.0
2025	somaticseq	3.11.1
2025	sonicparanoid	2.0.9
2025	sopa	2.0.3
2025	sopa	2.0.4
2025	sopa	2.0.6
2025	sopa	2.0.7
2025	sopa	2.1.0
2025	sopa	2.1.1
2025	sopa	2.1.10
2025	sopa	2.1.11
2025	sopa	2.1.2
2025	sopa	2.1.3
2025	sopa	2.1.4
2025	sopa	2.1.5
2025	sopa	2.1.6
2025	sopa	2.1.8
2025	sopa	2.1.9
2025	sorted_nearest	0.0.41
2025	souporcell	2.5
2025	sourmash	4.8.14
2025	sourmash	4.9.0
2025	sourmash	4.9.2
2025	sourmash	4.9.3
2025	sourmash	4.9.4
2025	spacedust	2.e56c505
2025	spacerextractor	0.9.5
2025	spacerextractor	0.9.6
2025	spacerextractor	0.9.7
2025	spacerextractor	0.9.8
2025	spacerplacer	1.0.1
2025	spades	4.1.0
2025	spades	4.2.0
2025	spagrn	1.1.0
2025	spaln	3.0.6c
2025	spaln	3.0.7
2025	spapros	0.1.6
2025	spatialleiden	0.3.0
2025	spatialleiden	0.4.0
2025	spec2vec	0.9.1
2025	spectrum_utils	0.5.0
2025	spestimator	0.1.0.232
2025	sphae	1.4.6
2025	sphae	1.4.7
2025	sphae	1.4.8
2025	sphae	1.5.0
2025	sphae	1.5.2
2025	sphae	1.5.3
2025	splitcode	0.31.0
2025	splitcode	0.31.1
2025	splitcode	0.31.2
2025	splitcode	0.31.3
2025	splitcode	0.31.4
2025	splitcode	0.31.5
2025	splitcode	0.31.6
2025	spoa	4.1.5
2025	spp-dcj	2.0.0
2025	squeakr	0.8
2025	squigualiser	0.6.4
2025	squirrel	1.0.13
2025	squirrel	1.1.2
2025	squirrel	1.1.3
2025	squirrel	1.1.4
2025	squirrel	1.1.5
2025	squirrel	1.1.6
2025	squirrel	1.1.7
2025	squirrel	1.2
2025	squirrel	1.2.2
2025	squirrel	1.3
2025	sr2silo	0.0.4
2025	sr2silo	0.1.1
2025	sr2silo	0.1.2
2025	sr2silo	0.2.0
2025	sr2silo	1.0.1
2025	sr2silo	1.1.0
2025	sr2silo	1.1.1
2025	sr2silo	1.2.0
2025	sr2silo	1.3.0
2025	sr2silo	1.4.0
2025	sr2silo	1.5.0
2025	sr2silo	1.6.0
2025	sr2silo	1.6.1
2025	sra-tools	3.2.0
2025	sra-tools	3.2.1
2025	srahunter	0.0.8
2025	srahunter	0.0.9
2025	srf-n-trf	0.1.1
2025	srf-n-trf	0.1.2
2025	srnamapper	1.0.12
2025	srnapipe	1.2.1
2025	sshash	4.0.0
2025	sshash	4.0.0_test_bioconda
2025	ssm	1.4
2025	stacks	2.68
2025	staden_io_lib	1.15.1
2025	star-fusion	1.15.0
2025	star-fusion	1.15.1
2025	staramr	0.11.1
2025	starcatpy	1.0.9
2025	stare-abc	1.0.5
2025	starfish	0.3.2
2025	starfish	0.3.3
2025	starfish	0.3.4
2025	steamboat	1.1.1
2025	stellarscope	1.5
2025	stemcnv-check	0.5.0
2025	stemcnv-check	0.5.1
2025	stemcnv-check	0.5.2
2025	stemcnv-check	0.5.3
2025	stemcnv-check	0.5.4
2025	stemcnv-check	1.0.0
2025	straglr	1.5.4
2025	straglr	1.5.5
2025	straglr	1.5.6
2025	strainr2	2.2.1
2025	strainr2	2.3.0
2025	strangepg	0.8.17
2025	strangepg	0.8.18.1
2025	strangepg	0.8.19.3
2025	strangepg	0.8.20
2025	strangepg	0.9.0
2025	strangepg	0.9.1
2025	strangepg	0.9.2
2025	strangepg	0.9.3.1
2025	strangepg	0.9.4
2025	stranger	0.10.0
2025	stranger	0.9.4
2025	stranger	0.9.5
2025	strdust	0.11.0
2025	strdust	0.11.1
2025	strdust	0.11.4
2025	strdust	0.13.0
2025	stringmeup	0.1.5
2025	stringtie	3.0.0
2025	stringtie	3.0.1
2025	stringtie	3.0.2
2025	stringtie	3.0.3
2025	stripepy-hic	1.0.0
2025	stripepy-hic	1.1.0
2025	stripepy-hic	1.1.1
2025	stripepy-hic	1.2.0
2025	stripepy-hic	1.2.1
2025	stripepy-hic	1.3.0
2025	strling	0.6.0
2025	strobealign	0.16.0
2025	strobealign	0.16.1
2025	strobealign	0.17.0
2025	structure-threader	1.3.11
2025	strvctvre	1.10
2025	submission-excel2xml	3.2
2025	submission-excel2xml	3.3
2025	submission-excel2xml	3.4
2025	submission-excel2xml	3.5
2025	submission-excel2xml	3.6
2025	submission-excel2xml	3.6.2
2025	subread	2.1.1
2025	suchtree	1.3
2025	sunbeamlib	5.0.1
2025	sunbeamlib	5.0.4
2025	sunbeamlib	5.0.5
2025	sunbeamlib	5.1.0
2025	sunbeamlib	5.1.2
2025	sunbeamlib	5.2.1
2025	sunbeamlib	5.2.2
2025	superintervals	0.2.10
2025	superintervals	0.2.7
2025	superintervals	0.2.9
2025	superintervals	0.3.1
2025	superintervals	0.3.2
2025	superintervals	0.3.5
2025	suppa	2.4
2025	survindel2	1.1.4
2025	suvtk	0.1.3
2025	suvtk	0.1.4
2025	suvtk	0.1.5
2025	suvtk	0.1.6
2025	svaba	1.2.0
2025	svarp	1.0.1
2025	svarp	1.1.1
2025	svclone	1.1.4
2025	svdb	2.8.3
2025	svdss	2.1.0
2025	svision-pro	2.4
2025	svision-pro	2.5
2025	svpg	1.1
2025	svpg	1.2.0
2025	svpg	1.3.0
2025	svtopo	0.2.0
2025	svtopo	0.3.0
2025	svtopovz	0.2.0
2025	svtopovz	0.3.0
2025	svtyper-python3	0.7.1
2025	svync	0.2.0
2025	svync	0.3.0
2025	swarm	3.1.6
2025	switchtfi	0.1.0
2025	sylph-tax	1.1.1
2025	sylph-tax	1.1.2
2025	sylph-tax	1.2.0
2025	sylph-tax	1.3.0
2025	sylph-tax	1.4.0
2025	sylph-tax	1.5.0
2025	sylph-tax	1.5.1
2025	sylph-tax	1.6.0
2025	sylph-tax	1.7.0
2025	sylph-tax	1.7.1
2025	sylph-tax	1.8.0
2025	sylph	0.8.1
2025	sylph	0.9.0
2025	synapseclient	4.10.0
2025	synapseclient	4.9.0
2025	syny	1.3.0
2025	syny	1.3.1
2025	syri	1.7.1
2025	t-coffee	13.46.1.b8b01e06
2025	t-coffee	13.46.2.7c9e712d
2025	t1k	1.0.7
2025	t1k	1.0.8
2025	t1k	1.0.9
2025	tagbam	0.1.0
2025	tagdust2	2.33.1
2025	tagra	0.2.5
2025	tajimas_d	2.0.4
2025	tandemtwister	0.1.0
2025	taranys	3.0.1
2025	targetdb	1.3.3
2025	taseq	1.1.1
2025	tasmanian-mismatch	1.0.9
2025	taxburst	0.3.0
2025	taxburst	0.3.1
2025	taxburst	0.3.2
2025	taxmyphage	0.3.4
2025	taxmyphage	0.3.5
2025	taxmyphage	0.3.6
2025	taxoniumtools	2.1.17
2025	taxonkit	0.19.0
2025	taxonkit	0.20.0
2025	taxonomy	0.10.1
2025	taxopy	0.14.0
2025	taxor	0.2.0
2025	taxor	0.2.1
2025	taxtastic	0.11.0
2025	taxtastic	0.12.0
2025	tb-profiler	6.6.0
2025	tb-profiler	6.6.1
2025	tb-profiler	6.6.2
2025	tb-profiler	6.6.3
2025	tb-profiler	6.6.4
2025	tb-profiler	6.6.5
2025	tb-profiler	6.6.6
2025	tbtamr	1.0.3
2025	td2	1.0.0
2025	td2	1.0.1
2025	td2	1.0.2
2025	td2	1.0.3
2025	td2	1.0.5
2025	td2	1.0.6
2025	te-aid	1.0.0
2025	tedna	1.3.1
2025	teloclip	0.1.1
2025	teloclip	0.2.0
2025	teloclip	0.3.2
2025	teloclip	0.3.4
2025	telogator2	2.2.2
2025	telogator2	2.2.3
2025	teloscope	0.0.7
2025	teloscope	0.0.8
2025	teloscope	0.0.9
2025	teloscope	0.1.0
2025	teloscope	0.1.1
2025	teloscope	0.1.2
2025	teloscope	0.1.3
2025	tesorter	1.5.1
2025	tetrimmer	1.5.1
2025	tetrimmer	1.5.2
2025	tetrimmer	1.5.4
2025	tetrimmer	1.6.0
2025	tetrimmer	1.6.1
2025	tetrimmer	1.6.2
2025	tgtools	0.0.4
2025	tgv	0.0.6
2025	tgv	0.1.0
2025	thapbi-pict	1.0.20
2025	tiberius	1.1.6
2025	tiberius	1.1.7
2025	tiddit	3.9.1
2025	tiddit	3.9.2
2025	tiddit	3.9.3
2025	tiddit	3.9.4
2025	tidk	0.2.64
2025	tidk	0.2.65
2025	tir-learner	3.0.5
2025	tir-learner	3.0.6
2025	tir-learner	3.0.7
2025	tirank	0.1.3
2025	tirmite	1.2.0
2025	tissuumaps	3.2.1.12
2025	tissuumaps	3.2.1.14
2025	tmalign	20190822
2025	tmalign	20220227
2025	tmb	1.5.0
2025	tmscoring	0.4.post0
2025	tn93	1.0.15
2025	tobias	0.17.2
2025	tobias	0.17.3
2025	tomm40_wgs	0.0.1
2025	tomm40_wgs	1.0.0
2025	tomm40_wgs	1.0.1
2025	tooldistillator	0.9.2
2025	tooldistillator	0.9.3
2025	tooldistillator	1.0.0
2025	tooldistillator	1.0.1
2025	tooldistillator	1.0.2
2025	tooldistillator	1.0.3
2025	tooldistillator	1.0.4
2025	tophat	2.1.2
2025	tortoize	2.0.15
2025	tortoize	2.0.16
2025	tower-cli	0.11.0
2025	tower-cli	0.11.1
2025	tower-cli	0.11.2
2025	tower-cli	0.11.3
2025	tower-cli	0.11.4
2025	tower-cli	0.11.5
2025	tower-cli	0.12.0
2025	tower-cli	0.12.2
2025	tower-cli	0.13.0
2025	tower-cli	0.14.0
2025	tower-cli	0.15.0
2025	tower-cli	0.16.0
2025	tower-cli	0.17.0
2025	tower-cli	0.18.0
2025	tr-trimmer	0.3.0
2025	tr-trimmer	0.4.0
2025	trackplot	0.5.2
2025	trackplot	0.5.3
2025	trackplot	0.5.5
2025	trackplot	0.5.6
2025	trackplot	0.5.7
2025	tracy	0.8.1
2025	transannot	4.0.0
2025	transit	3.3.19
2025	transit	3.3.20
2025	treecluster	1.0.5
2025	treesimulator	0.2.15
2025	treesimulator	0.2.17
2025	treesimulator	0.2.18
2025	treesimulator	0.2.19
2025	treesimulator	0.2.20
2025	treesimulator	0.2.24
2025	treesimulator	0.2.25
2025	treesimulator	0.2.26
2025	treesimulator	0.2.27
2025	treesimulator	0.2.3
2025	treesimulator	0.2.4
2025	treesimulator	0.2.8
2025	treeswirl	2.0.0
2025	trf	4.10.0rc2
2025	trgt	1.5.0
2025	trgt	1.5.1
2025	trgt	2.0.0
2025	trgt	2.1.0
2025	trgt	3.0.0
2025	trgt	4.0.0
2025	trgt	4.1.0
2025	trgt	5.0.0
2025	trimal	1.5.1
2025	trimmomatic	0.40
2025	triqler	0.9.0
2025	triqler	0.9.1
2025	trust4	1.1.6
2025	trust4	1.1.6.1
2025	trust4	1.1.7
2025	truvari	5.0.0
2025	truvari	5.1.0
2025	truvari	5.1.1
2025	truvari	5.2.0
2025	truvari	5.3.0
2025	truvari	5.4.0
2025	trycycler	0.5.6
2025	tsumugi	0.5.0
2025	twilight	0.1.1
2025	twilight	0.1.2
2025	twilight	0.1.3
2025	twilight	0.1.4
2025	twilight	0.1.4a
2025	twilight	0.2.0
2025	twilight	0.2.1
2025	twilight	0.2.2
2025	twilight	0.2.3
2025	twopaco	1.1.0
2025	uchime	4.2
2025	ucsc-addcols	482
2025	ucsc-ameme	482
2025	ucsc-autodtd	482
2025	ucsc-autosql	482
2025	ucsc-autoxml	482
2025	ucsc-avecols	482
2025	ucsc-axtchain	482
2025	ucsc-axtsort	482
2025	ucsc-axtswap	482
2025	ucsc-axttomaf	482
2025	ucsc-axttopsl	482
2025	ucsc-bamtopsl	482
2025	ucsc-bedclip	482
2025	ucsc-bedcommonregions	482
2025	ucsc-bedcoverage	482
2025	ucsc-bedextendranges	482
2025	ucsc-bedgeneparts	482
2025	ucsc-bedgraphpack	482
2025	ucsc-bedgraphtobigwig	481
2025	ucsc-bedgraphtobigwig	482
2025	ucsc-bedintersect	482
2025	ucsc-beditemoverlapcount	482
2025	ucsc-bedpileups	482
2025	ucsc-bedremoveoverlap	482
2025	ucsc-bedrestricttopositions	482
2025	ucsc-bedsort	482
2025	ucsc-bedtobigbed	482
2025	ucsc-bedtogenepred	482
2025	ucsc-bedtopsl	482
2025	ucsc-bedweedoverlapping	482
2025	ucsc-bigbedinfo	482
2025	ucsc-bigbednameditems	482
2025	ucsc-bigbedsummary	482
2025	ucsc-bigbedtobed	482
2025	ucsc-bigmaftomaf	482
2025	ucsc-bigpsltopsl	482
2025	ucsc-bigwigaverageoverbed	482
2025	ucsc-bigwigcat	482
2025	ucsc-bigwigcluster	482
2025	ucsc-bigwigcorrelate	482
2025	ucsc-bigwiginfo	482
2025	ucsc-bigwigmerge	482
2025	ucsc-bigwigsummary	482
2025	ucsc-bigwigtobedgraph	482
2025	ucsc-bigwigtowig	482
2025	ucsc-blasttopsl	482
2025	ucsc-blat	481
2025	ucsc-blat	482
2025	ucsc-catdir	482
2025	ucsc-catuncomment	482
2025	ucsc-cell-browser	1.2.10
2025	ucsc-cell-browser	1.2.11
2025	ucsc-cell-browser	1.2.12
2025	ucsc-cell-browser	1.2.13
2025	ucsc-cell-browser	1.2.14
2025	ucsc-cell-browser	1.2.15
2025	ucsc-cell-browser	1.2.16
2025	ucsc-chainantirepeat	482
2025	ucsc-chainfilter	482
2025	ucsc-chainmergesort	482
2025	ucsc-chainnet	482
2025	ucsc-chainprenet	482
2025	ucsc-chainsort	482
2025	ucsc-chainsplit	482
2025	ucsc-chainstitchid	482
2025	ucsc-chainswap	482
2025	ucsc-chaintoaxt	482
2025	ucsc-chaintopsl	482
2025	ucsc-chaintopslbasic	482
2025	ucsc-checkagpandfa	482
2025	ucsc-checkcoveragegaps	482
2025	ucsc-checkhgfindspec	482
2025	ucsc-checktablecoords	482
2025	ucsc-chopfalines	482
2025	ucsc-chromgraphfrombin	482
2025	ucsc-chromgraphtobin	482
2025	ucsc-coltransform	482
2025	ucsc-countchars	482
2025	ucsc-crtreeindexbed	482
2025	ucsc-crtreesearchbed	482
2025	ucsc-dbsnoop	482
2025	ucsc-dbtrash	482
2025	ucsc-estorient	482
2025	ucsc-faalign	482
2025	ucsc-facmp	482
2025	ucsc-facount	482
2025	ucsc-fafilter	482
2025	ucsc-fafiltern	482
2025	ucsc-fafrag	482
2025	ucsc-fanoise	482
2025	ucsc-faonerecord	482
2025	ucsc-fapolyasizes	482
2025	ucsc-farandomize	482
2025	ucsc-farc	482
2025	ucsc-fasize	482
2025	ucsc-fasomerecords	482
2025	ucsc-fasplit	482
2025	ucsc-fastqstatsandsubsample	482
2025	ucsc-fastqtofa	482
2025	ucsc-fatofastq	482
2025	ucsc-fatotab	482
2025	ucsc-fatotwobit	480
2025	ucsc-fatotwobit	482
2025	ucsc-fatovcf	482
2025	ucsc-fatrans	482
2025	ucsc-featurebits	482
2025	ucsc-fetchchromsizes	482
2025	ucsc-findmotif	482
2025	ucsc-gaptolift	482
2025	ucsc-genepredcheck	482
2025	ucsc-genepredfilter	482
2025	ucsc-genepredhisto	482
2025	ucsc-genepredsinglecover	482
2025	ucsc-genepredtobed	482
2025	ucsc-genepredtobiggenepred	482
2025	ucsc-genepredtofakepsl	482
2025	ucsc-genepredtogtf	482
2025	ucsc-genepredtomafframes	482
2025	ucsc-genepredtoprot	482
2025	ucsc-getrna	482
2025	ucsc-getrnapred	482
2025	ucsc-gff3togenepred	482
2025	ucsc-gff3topsl	482
2025	ucsc-gmtime	482
2025	ucsc-gtftogenepred	482
2025	ucsc-headrest	482
2025	ucsc-hgbbidblink	482
2025	ucsc-hgfakeagp	482
2025	ucsc-hgfindspec	482
2025	ucsc-hggcpercent	482
2025	ucsc-hgloadbed	482
2025	ucsc-hgloadchain	482
2025	ucsc-hgloadmaf	482
2025	ucsc-hgloadnet	482
2025	ucsc-hgloadout	482
2025	ucsc-hgloadoutjoined	482
2025	ucsc-hgloadsqltab	482
2025	ucsc-hgloadwiggle	482
2025	ucsc-hgspeciesrna	482
2025	ucsc-hgsqldump	482
2025	ucsc-hgtrackdb	482
2025	ucsc-htmlcheck	482
2025	ucsc-hubcheck	482
2025	ucsc-hubpubliccheck	482
2025	ucsc-ixixx	482
2025	ucsc-lavtoaxt	482
2025	ucsc-lavtopsl	482
2025	ucsc-ldhggene	482
2025	ucsc-liftover	482
2025	ucsc-liftup	482
2025	ucsc-linestora	482
2025	ucsc-localtime	482
2025	ucsc-mafaddirows	482
2025	ucsc-mafaddqrows	482
2025	ucsc-mafcoverage	482
2025	ucsc-maffetch	482
2025	ucsc-maffilter	482
2025	ucsc-maffrag	482
2025	ucsc-maffrags	482
2025	ucsc-mafgene	482
2025	ucsc-mafgene	490
2025	ucsc-mafmefirst	482
2025	ucsc-maforder	482
2025	ucsc-mafranges	482
2025	ucsc-mafsinregion	482
2025	ucsc-mafspecieslist	482
2025	ucsc-mafspeciessubset	482
2025	ucsc-mafsplit	482
2025	ucsc-mafsplitpos	482
2025	ucsc-maftoaxt	482
2025	ucsc-maftobigmaf	482
2025	ucsc-maftopsl	482
2025	ucsc-maftosnpbed	482
2025	ucsc-maketablelist	482
2025	ucsc-maskoutfa	482
2025	ucsc-matrixclustercolumns	482
2025	ucsc-matrixmarkettotsv	482
2025	ucsc-matrixnormalize	482
2025	ucsc-matrixtobarchartbed	482
2025	ucsc-mktime	482
2025	ucsc-mrnatogene	482
2025	ucsc-netchainsubset	482
2025	ucsc-netclass	482
2025	ucsc-netfilter	482
2025	ucsc-netsplit	482
2025	ucsc-netsyntenic	482
2025	ucsc-nettoaxt	482
2025	ucsc-nettobed	482
2025	ucsc-newprog	482
2025	ucsc-newpythonprog	482
2025	ucsc-nibfrag	482
2025	ucsc-nibsize	482
2025	ucsc-oligomatch	482
2025	ucsc-overlapselect	482
2025	ucsc-parafetch	482
2025	ucsc-parahubstop	482
2025	ucsc-paranode	482
2025	ucsc-paranodestart	482
2025	ucsc-paranodestatus	482
2025	ucsc-paranodestop	482
2025	ucsc-parasol	482
2025	ucsc-parasync	482
2025	ucsc-paratestjob	482
2025	ucsc-positionaltblcheck	482
2025	ucsc-pslcat	482
2025	ucsc-pslcdnafilter	482
2025	ucsc-pslcheck	482
2025	ucsc-psldropoverlap	482
2025	ucsc-pslfilter	482
2025	ucsc-pslhisto	482
2025	ucsc-pslliftsubrangeblat	482
2025	ucsc-pslmap	482
2025	ucsc-pslmappostchain	482
2025	ucsc-pslmrnacover	482
2025	ucsc-pslpairs	482
2025	ucsc-pslpartition	482
2025	ucsc-pslpostarget	482
2025	ucsc-pslpretty	482
2025	ucsc-pslprottornacoords	482
2025	ucsc-pslrc	482
2025	ucsc-pslrecalcmatch	482
2025	ucsc-pslreps	482
2025	ucsc-pslscore	482
2025	ucsc-pslselect	482
2025	ucsc-pslsomerecords	482
2025	ucsc-pslsort	482
2025	ucsc-pslsortacc	482
2025	ucsc-pslsplicejunctions	482
2025	ucsc-pslsplitontarget	482
2025	ucsc-pslstats	482
2025	ucsc-pslswap	482
2025	ucsc-psltobed	482
2025	ucsc-psltobigpsl	482
2025	ucsc-psltochain	482
2025	ucsc-psltopslx	482
2025	ucsc-pslxtofa	482
2025	ucsc-qacagplift	482
2025	ucsc-qactoqa	482
2025	ucsc-qactowig	482
2025	ucsc-qatoqac	482
2025	ucsc-randomlines	482
2025	ucsc-rasqlquery	482
2025	ucsc-ratolines	482
2025	ucsc-ratotab	482
2025	ucsc-rmfadups	482
2025	ucsc-rowstocols	482
2025	ucsc-spacedtotab	482
2025	ucsc-splitfile	482
2025	ucsc-splitfilebycolumn	482
2025	ucsc-sqltoxml	482
2025	ucsc-stringify	482
2025	ucsc-subchar	482
2025	ucsc-subcolumn	482
2025	ucsc-taillines	482
2025	ucsc-tdbquery	482
2025	ucsc-texthistogram	482
2025	ucsc-ticktodate	482
2025	ucsc-tolower	482
2025	ucsc-toupper	482
2025	ucsc-transmappsltogenepred	482
2025	ucsc-trfbig	482
2025	ucsc-twobitdup	482
2025	ucsc-twobitinfo	481
2025	ucsc-twobitinfo	482
2025	ucsc-twobitmask	482
2025	ucsc-twobittofa	482
2025	ucsc-validatefiles	482
2025	ucsc-validatemanifest	482
2025	ucsc-wigcorrelate	482
2025	ucsc-wigtobigwig	482
2025	ucsc-wordline	482
2025	ucsc-xmlcat	482
2025	ucsc-xmltosql	482
2025	ultra	1.1.0
2025	ultra	1.2.0
2025	ultra	1.2.1
2025	ultraplex	1.2.10
2025	umi-transfer	1.6.0
2025	unetcoreograph	2.4.3
2025	unetcoreograph	2.4.4
2025	unetcoreograph	2.4.5
2025	unetcoreograph	2.4.6
2025	unicore	1.0.2
2025	unicore	1.1.0
2025	unicore	1.1.1
2025	unifeb	0.1.1
2025	unifire	1.0.0
2025	unifire	1.0.1
2025	unifrac-binaries	1.5
2025	unifrac-binaries	1.5.1
2025	unifrac-binaries	1.6
2025	unifrac	1.3.2
2025	unifrac	1.5
2025	unifrac	1.5.1
2025	unikseq	2.0.1
2025	uniprot-id-mapper	1.1.4
2025	uniqsketch	1.1.0
2025	unmicst	2.6.6
2025	upimapi	1.13.3
2025	usalign	20241201
2025	usearch	10.0.240
2025	usearch	10.0.259
2025	usearch	11.0.667
2025	usearch	5.2.236
2025	usearch	5.2.32
2025	usearch	6.1.544
2025	usearch	7.0.1090
2025	usearch	8.0.1623
2025	usearch	8.1.1861
2025	usearch	9.0.2132
2025	usearch	9.1.13
2025	usearch	9.2.64
2025	usher	0.6.4
2025	usher	0.6.5
2025	usher	0.6.6
2025	vafator	2.2.2
2025	vamb	5.0.3
2025	vamb	5.0.4
2025	vambcore	0.1.2
2025	vamos	2.1.6
2025	vamos	2.1.7
2025	vapor	1.0.3
2025	varfish-cli	0.7.0
2025	varfish-server-worker	0.17.2
2025	varfish-server-worker	0.17.3
2025	varlinker	0.1.0
2025	varlociraptor	8.6.0
2025	varlociraptor	8.6.1
2025	varlociraptor	8.7.0
2025	varlociraptor	8.7.1
2025	varlociraptor	8.7.2
2025	varlociraptor	8.7.3
2025	varlociraptor	8.7.4
2025	varlociraptor	8.8.0
2025	varlociraptor	8.8.1
2025	varlociraptor	8.8.2
2025	varlociraptor	8.9.0
2025	varlociraptor	8.9.1
2025	varpubs	0.1.1
2025	varpubs	0.1.2
2025	varpubs	0.2.0
2025	varpubs	0.2.1
2025	varpubs	0.2.2
2025	varpubs	0.3.0
2025	varpubs	0.3.1
2025	varpubs	0.4.0
2025	varpubs	0.4.1
2025	vartovcf	1.0.0
2025	vartovcf	1.1.0
2025	vartovcf	1.2.0
2025	vartovcf	1.3.0
2025	vartovcf	1.4.0
2025	varvamp	1.2.2
2025	vbz-h5py-plugin	1.0.1
2025	vcf-pg-loader	0.5.1
2025	vcf-pg-loader	0.5.3
2025	vcf-pg-loader	0.5.4
2025	vcf-reformatter	0.2.0
2025	vcf-reformatter	0.3.0
2025	vcf-validator	0.10.1
2025	vcf-validator	0.10.2
2025	vcf2cytosure	0.9.3
2025	vcf2pandas	0.2.0
2025	vcf_parser	1.6
2025	vcfanno	0.3.6
2025	vcfanno	0.3.7
2025	vcfbub	0.1.2
2025	vcfdist	2.6.0
2025	vcfdist	2.6.1
2025	vcfdist	2.6.2
2025	vcfdist	2.6.3
2025	vcfdist	2.6.4
2025	vcfexpress	0.3.4
2025	vcflib	1.0.12
2025	vcflib	1.0.13
2025	vcflib	1.0.14
2025	vcfpy	0.14.2
2025	vcfsim	1.0.18.alpha
2025	vcfsim	1.0.22.alpha
2025	vcfsim	1.0.23.alpha
2025	vcfsim	1.0.24.alpha
2025	vcfsim	1.0.25.alpha
2025	vcfsim	1.0.27.alpha
2025	vcftools	0.1.17
2025	vcfx	1.0.2
2025	vcfx	1.0.3
2025	vcfx	1.0.4
2025	vcfx	1.1.3
2025	vcfx	1.1.4
2025	vclust	1.3.1
2025	vcontact3	3.0.3
2025	vcontact3	3.0.5
2025	vcontact3	3.1.3
2025	vcontact3	3.1.4
2025	vcontact3	3.1.6
2025	vembrane	2.0.0
2025	vembrane	2.1.0
2025	vembrane	2.2.0
2025	vembrane	2.3.3
2025	vembrane	2.3.4
2025	vembrane	2.4.0
2025	verkko	2.3
2025	versionix	0.99.3
2025	verticall	0.4.3
2025	veryfasttree	4.0.5
2025	vg	1.63.1
2025	vg	1.65.0
2025	vg	1.67.0
2025	vg	1.70.0
2025	vgan	3.1.0
2025	vgp-processcuration	1.0
2025	vidjil-algo	2025.02
2025	viennarna	2.7.1
2025	viguno	0.4.0
2025	viloca	1.1.0
2025	viloca	1.2.0
2025	vinalc	1.4.2
2025	viral-host-hunter	0.1.11
2025	viral-host-hunter	0.2.0
2025	viral_consensus	1.0.0
2025	viralmsa	1.1.45
2025	viralmsa	1.1.46
2025	viralrecall	3.0.1
2025	viralrecall	3.0.2
2025	vireosnp	0.5.9
2025	virheat	0.7.4
2025	virheat	0.7.6
2025	virmet	2.0.0
2025	viroconstrictor	1.5.0
2025	viroconstrictor	1.5.1
2025	viroconstrictor	1.5.2
2025	viroconstrictor	1.5.3
2025	viroconstrictor	1.5.4
2025	viroconstrictor	1.5.5
2025	viroconstrictor	1.6.0
2025	viroconstrictor	1.6.1
2025	viroconstrictor	1.6.2
2025	virprof	0.9.2
2025	virulencefinder	3.1.0
2025	virulencefinder	3.2.0
2025	virusrecom	1.3.7
2025	virusrecom	1.4.0
2025	visceral-evaluatesegmentation	2021.03.25
2025	vitap	1.10
2025	vitap	1.7.1
2025	vitessce-python	3.1.0
2025	vitessce-python	3.7.7
2025	vitessce-python	3.7.9
2025	vmatch	2.3.1
2025	voronota	1.29.4370
2025	voronota	1.29.4408
2025	voronota	1.29.4412
2025	voronota	1.29.4415
2025	votuderep	0.1.1
2025	votuderep	0.2.0
2025	votuderep	0.4.0
2025	votuderep	0.4.1
2025	votuderep	0.6.0
2025	vpt-cellpose2	1.0.0
2025	vpt-core	1.2.0
2025	vpt-plugin-cellpose2	1.0.1
2025	vpt-segmentation-packing	1.0.1
2025	vpt	1.3.0
2025	vqbg	1.0.0
2025	vqbg	1.0.1
2025	vqbg	1.0.2
2025	vsearch	2.29.3
2025	vsearch	2.29.4
2025	vsearch	2.30.0
2025	vsearch	2.30.1
2025	vsearch	2.30.2
2025	vsnp3	3.27
2025	vsnp3	3.28
2025	vsnp3	3.29
2025	vsnp3	3.30
2025	vsnp3	3.31
2025	vsnp3	3.32
2025	vuegen	0.2.2
2025	vuegen	0.3.1
2025	vuegen	0.3.2
2025	vuegen	0.3.3
2025	vuegen	0.4.0
2025	vuegen	0.4.1
2025	vuegen	0.5.0
2025	vuegen	0.5.1
2025	vvv2_display	0.2.3.1
2025	vvv2_display	0.2.3.2
2025	vvv2_display	0.2.3.3
2025	vvv2_display	0.2.3.4
2025	vvv2_display	0.2.3.5
2025	vvv2_display	0.2.3.6
2025	vvv2_display	0.2.3.7
2025	vvv2_display	0.2.3.8
2025	vvv2_display	0.2.3.9
2025	vvv2_display	0.2.4.0
2025	wade	1.2.0
2025	wakhan	0.1.1
2025	wakhan	0.1.2
2025	wakhan	0.2.0
2025	wally	0.7.1
2025	wbuild	1.8.2
2025	wepp	0.1.4.1
2025	wepp	0.1.5
2025	wfmash	0.22.0
2025	wfmash	0.23.0
2025	wfmash	0.24.0
2025	wfmash	0.24.1
2025	wgatools	1.0.0
2025	wgatools	1.1.0
2025	wgdi	0.74
2025	wgdi	0.75
2025	whatshap	2.4
2025	whatshap	2.5
2025	whatshap	2.6
2025	whatshap	2.7
2025	whatshap	2.8
2025	wheezy.template	3.2.3
2025	wheezy.template	3.2.4
2025	wipertools	1.1.4
2025	wipertools	1.1.5
2025	wtv	0.0.2
2025	wtv	0.1.0
2025	x-mapper	1.2.0
2025	xclone	0.4.0
2025	xengsort	2.0.9
2025	xengsort	2.1.0
2025	yacht	1.3.1
2025	yacht	1.3.2
2025	yame	1.0.4
2025	yame	1.0.5
2025	yara	1.0.3
2025	yara	1.0.5
2025	yasma	1.0.1
2025	yasma	1.1.0
2025	yass	1.16
2025	yleaf-pipelines	3.3.0
2025	yleaf	3.2.1
2025	ymp	0.3.2
2025	zdb	1.3.10
2025	zdb	1.3.11
2025	zdb	1.3.5
2025	zdb	1.3.6
2025	zdb	1.3.7
2025	zdb	1.3.8
2025	zdb	1.3.9
2025	zipstrain	0.1.7
2025	zipstrain	0.1.8
2025	zipstrain	0.2.10
2025	zipstrain	0.2.12
2025	zipstrain	0.2.16
2025	zipstrain	0.2.21
2025	zipstrain	0.2.7
2025	zol	1.5.10
2025	zol	1.5.11
2025	zol	1.5.12
2025	zol	1.5.13
2025	zol	1.5.14
2025	zol	1.5.15
2025	zol	1.5.16
2025	zol	1.5.17
2025	zol	1.5.19
2025	zol	1.5.9
2025	zol	1.6.1
2025	zol	1.6.10
2025	zol	1.6.11
2025	zol	1.6.12
2025	zol	1.6.13
2025	zol	1.6.14
2025	zol	1.6.15
2025	zol	1.6.16
2025	zol	1.6.17
2025	zol	1.6.2
2025	zol	1.6.3
2025	zol	1.6.4
2025	zol	1.6.5
2025	zol	1.6.7
2025	zol	1.6.8
2025	zol	1.6.9
