citing_doi	year	title	venue	authors
	None	Organizing genome engineering for the gigabase scale	RePEc: Research Papers in Economics	Bryan Bartley, Jacob Beal, Jonathan R. Karr, Elizabeth A. Strychalski
	1978	[The emergency treatment of a recent burn of the oesophagus (author's transl)].	PubMed	P Narcy, Yves Manac'h
	2006	相関処理に2次元の参照関数を用いた合成開口ソーナー(非線形音響/一般)	Revista Panamericana De Salud Publica-pan American Journal of Public Health	隆雄 澤, 友男 鎌倉, 亮司 鈴木, 太郎 青木
10.1002/0471250953.bi1005s19	2007	Using Galaxy to Perform Large‐Scale Interactive Data Analyses	Current Protocols in Bioinformatics	James Taylor, Ian Schenck, Daniel Blankenberg, ANTON Y NEKRUTENKO
10.1186/1471-2164-11-s4-s27	2010	Advancing standards for bioinformatics activities: persistence, reproducibility, disambiguation and Minimum Information About a Bioinformatics investigation (MIABi)	BMC Genomics	Tin Wee Tan, Joo Chuan Tong, Asif M. Khan, Mark de Silva, Kuan Siong Lim, Shoba Ranganathan
10.1016/j.tibtech.2010.09.001	2010	Bacterial population genomics and infectious disease diagnostics	Trends in biotechnology	Sandeep J. Joseph, Timothy D. Read
10.1186/1471-2105-11-610	2010	BiologicalNetworks 2.0 - an integrative view of genome biology data	BMC Bioinformatics	Sergey Kozhenkov, Yulia Dubinina, Mayya Sedova, Amarnath Gupta, Julia V. Ponomarenko, Michael Baitaluk
10.1093/bioinformatics/btq707	2010	CompleteMOTIFs: DNA motif discovery platform for transcription factor binding experiments	Bioinformatics	Lakshmi Kuttippurathu, Michael Hsing, Yongchao Liu, Bertil Schmidt, Douglas Leslie Maskell, Kyungjoon Lee, Aibin He, William T. Pu, Sek Won Kong
10.1371/journal.pone.0014219	2010	Discovering Cooperative Relationships of Chromatin Modifications in Human T Cells Based on a Proposed Closeness Measure	PLoS ONE	Jie Lv, Hong Qiao, Hongbo Liu, Xueting Wu, Jiang Zhu, Jianzhong Su, Fang Wang, Ying Cui, Yan Zhang
10.1002/wsbm.139	2010	Functional genomics of the brain: uncovering networks in the CNS using a systems approach	WIREs Systems Biology and Medicine	Geneviève Konopka
10.1093/nar/gkq918	2010	ParameciumDB in 2011: new tools and new data for functional and comparative genomics of the model ciliate Paramecium tetraurelia	Nucleic Acids Research	Olivier Arnaiz, Linda Sperling
10.1038/nbt1010-1053	2010	Putting epigenome comparison into practice	Nature Biotechnology	Aleksandar Milosavljevic
10.1109/bibmw.2010.5703810	2010	Relational database index choices for genome annotation data		Oleksiy Karpenko, Yang David Dai
10.1109/works.2010.5671858	2010	Taming complex bioinformatics workflows with weaver, makeflow, and starch		Andrew Thrasher, Rory Carmichael, Peter Bui, Li Yu, Douglas Thain, Scott Emrich
10.1186/1471-2105-11-s12-s12	2010	The MOLGENIS toolkit: rapid prototyping of biosoftware at the push of a button	BMC Bioinformatics	Morris A. Swertz, Martijn Dijkstra, Tomasz Adamusiak, Joeri K. van der Velde, Alexandros Kanterakis, Erik T Roos, Joris Lops, Guðmundur Á. Þórisson, Danny Arends, George Byelas, Juha Muilu, Anthony J. Brookes, Engbert O. de Brock, Ritsert C. Jansen, Helen E. Parkinson
10.1186/gb-2010-11-8-128	2010	The missing graphical user interface for genomics	Genome biology	Michael C. Schatz
10.1093/bioinformatics/btq640	2010	The uniqueome: a mappability resource for short-tag sequencing	Bioinformatics	Ryan Koehler, Hadar Issac, Nicole Cloonan, Sean Michael Grimmond
10.1016/j.ygeno.2011.08.004	2011	4040 SNPs for genomic analysis in the rhesus macaque (Macaca mulatta)	Genomics	Jessica Satkoski Trask, Wendy T. Garnica, Sree Kanthaswamy, Ripan Singh Malhi, David Glenn Smith
10.1016/j.ajhg.2011.04.011	2011	A Mutation in the Golgi Qb-SNARE Gene GOSR2 Causes Progressive Myoclonus Epilepsy with Early Ataxia	The American Journal of Human Genetics	Mark A Corbett, Michael Schwake, Melanie Bahlo, Leanne M. Dibbens, Meng Lin, Luke C. Gandolfo, Danya F. Vears, John D. O’Sullivan, Thomas E. Robertson, Marta A. Bayly, Alison E. Gardner, Annemarie M. M. Vlaar, Georg Christoph Korenke, Bastiaan R. Bloem, I.F.M. de Coo, Judith M. A. Verhagen, Anna‐Eli
10.1371/journal.pgen.1001380	2011	A Sustained Dietary Change Increases Epigenetic Variation in Isogenic Mice	PLoS Genetics	Cheryl C. Y. Li, Jennifer E. Cropley, Mark J. Cowley, Thomas Preiß, David I. K. Martin, Catherine M. Suter
10.1186/1471-2164-12-593	2011	A co-ordinated interaction between CTCF and ER in breast cancer cells	BMC Genomics	Caryn S. Ross-Innes, Gordon D. Brown, Jason S. Carroll
	2011	A feedback guided interface for elastic computing.	Grundlagen von Datenbanken	Sebastian G. Schönherr, Lukas Forer, Hansi Weißensteiner, Florian Kronenberg, Günther Specht, Anita Kloss‐Brandstätter
10.1186/1758-2946-3-s1-p15	2011	A framework and workflow system for virtual screening and molecular docking	Journal of Cheminformatics	Marcel René Schumann, Marc Röttig, NM Fischer, Oliver Kohlbacher
10.1007/s10588-011-9101-y	2011	A proposal for augmenting biological model construction with a semi-intelligent computational modeling assistant	Computational and Mathematical Organization Theory	Scott Christley, Gary C. An
10.1145/2166896.2166913	2011	Adding text mining workflows as web services to the BioCatalogue		Georgios Kontonasios, Ioannis Korkontzelos, BalaKrishna Kolluru, Sophia Ananiadou
10.1186/1756-0500-4-331	2011	Agile parallel bioinformatics workflow management using Pwrake	BMC Research Notes	Hiroyuki Mishima, Kensaku Sasaki, Masahiro Tanaka, Osamu Tatebe, Koh-ichiro Yoshiura
10.1186/1471-2105-12-277	2011	An integrated ChIP-seq analysis platform with customizable workflows	BMC Bioinformatics	Eugenia G Giannopoulou, Olivier Elemento
10.1016/j.ympev.2011.12.007	2011	Applications of next-generation sequencing to phylogeography and phylogenetics	Molecular Phylogenetics and Evolution	John E. McCormack, Sarah M. Hird, Amanda J. Zellmer, Bryan C. Carstens, Robb Thomas Brumfield
10.1186/1471-2105-12-304	2011	Applications of the pipeline environment for visual informatics and genomics computations	BMC Bioinformatics	Ivo D. Dinov, Federica Torri, Fabio M. Macciardi, Petros Petrosyan, Zhizhong Liu, Alen Zamanyan, Paul Eggert, Jonathan Pierce, Alex Genco, James A. Knowles, Andrew P. Clark, John D. Van Horn, Joseph Ames, Carl Kesselman, Arthur W. Toga
10.1515/jib-2011-166	2011	Bio-Search Computing: Integration and global ranking of bioinformatics search results	Berichte aus der medizinischen Informatik und Bioinformatik/Journal of integrative bioinformatics	Marco Masseroli, Giorgio Ghisalberti, Stefano Ceri
10.1371/journal.pcbi.1002216	2011	BioStar: An Online Question & Answer Resource for the Bioinformatics Community	PLoS Computational Biology	Laurence D. Parnell, Pierre Lindenbaum, Khader Shameer, Giovanni Marco Dall’Olio, Daniel Swan, Lars Juhl Jensen, Simon Cockell, Brent S. Pedersen, Mary E. Mangan, Christopher A. Miller, Istvan U. Albert
10.1145/2110486.2110494	2011	Building an environment to facilitate discoveries for plant sciences		Andrew Lenards, Nirav C. Merchant, Dan Stanzione
10.1145/2166896.2166924	2011	CLI-mate		Zuotian Tatum, Johan T. den Dunnen, Jeroen F. J. Laros
10.1145/1996023.1996027	2011	Characterizing deep sequencing analytics using BFAST		Joo-Hyun Kim, Sharath Maddineni, Shantenu Jha
10.1016/j.cbd.2011.12.003	2011	Characterizing short read sequencing for gene discovery and RNA-Seq analysis in Crassostrea gigas	Comparative Biochemistry and Physiology Part D Genomics and Proteomics	Mackenzie R. Gavery, Steven Roberts
10.1186/1471-2164-12-507	2011	Chipster: user-friendly analysis software for microarray and other high-throughput data	BMC Genomics	M Aleksi Kallio, Jarno Tuimala, Taavi Hupponen, Petri Klemelä, Massimiliano Gentile, Ilari Scheinin, Mikko Koski, Janne Käki, Eija Korpelainen
10.1038/nprot.2011.406	2011	Chromatin immunoprecipitation and high-throughput sequencing from paraffin-embedded pathology tissue	Nature Protocols	Mirco Fanelli, Stefano Amatori, Iros Barozzi, Saverio Minucci
10.1007/s00439-011-1007-8	2011	Chromosome-wide DNA methylation analysis predicts human tissue-specific X inactivation	Human Genetics	Allison M. Cotton, Lucia L.C. Lam, Joslynn G. Affleck, Ian M. Wilson, Maria S. Peñaherrera, Deborah E. McFadden, Michael Steffen Kobor, Wan Ling Lam, Wendy P. Robinson, Carolyn J. Brown
10.1104/pp.111.181164	2011	Chromosomes Carrying Meiotic Avoidance Loci in Three Apomictic Eudicot Hieracium Subgenus Pilosella Species Share Structural Features with Two Monocot Apomicts	PLANT PHYSIOLOGY	Takashi Okada, Kanae Ito, Susan D. Johnson, Karsten Oelkers, Go Suzuki, Andreas Houben, Yasuhiko Mukai, Anna M. Koltunow
10.1186/gb-2011-12-8-r83	2011	Cistrome: an integrative platform for transcriptional regulation studies	Genome biology	Tao Liu, Jorge Ortíz, Len Taing, Clifford A. Meyer, Bernett Teck Kwong Lee, Yong Zhang, Hyunjin Shin, Swee Seong Wong, Jian Ma, Ying Lei, Utz Johann Pape, Michael Poidinger, Yiwen Chen, Kevin Yeung, Myles A Brown, Yaron Turpaz, X. Shirley Liu
10.1186/1471-2105-12-356	2011	CloVR: A virtual machine for automated and portable sequence analysis from the desktop using cloud computing	BMC Bioinformatics	Samuel V. Angiuoli, Malcolm N. Matalka, Aaron Gussman, Kevin Galens, Mahesh Vangala, David R. J. Riley, Cesar Arze, James Robert White, Owen R. White, W. Florian Fricke
10.48550/arxiv.1109.5999	2011	Coding Sequence Density Estimation Via Topological Pressure	arXiv (Cornell University)	David Koslicki, Daniel J. Thompson
10.1002/9781118026038.ch20	2011	Collaborative Tools to Accelerate Neglected Disease Research: Open‐Source Drug Discovery Model		Anshu Bhardwaj, Vinod Scaria, Zakir Thomas, Santhosh Adayikkoth, Samir Kumar Brahmachari
10.1093/bioinformatics/btr314	2011	Computational discovery of human coding and non-coding transcripts with conserved splice sites	Bioinformatics	Dominic Rose, Michael Hiller, Katharina S. Schütt, Jörg Hackermüller, Rolf Backofen, Peter Florian Stadler
10.1128/jvi.05511-11	2011	Conditional CD8+T Cell Escape during Acute Simian Immunodeficiency Virus Infection	Journal of Virology	Shelby L. O’Connor, Ericka A. Becker, Jason T. Weinfurter, Emily N. Chin, Melisa L. Budde, Emma Gostick, Michael Correll, Michael Gleicher, Austin L. Hughes, David Anthony Price, Thomas C. Friedrich, David H. O’Connor
10.1073/pnas.1112567108	2011	Context-dependent individualization of nucleotides and virtual genomic hybridization allow the precise location of human SNPs	Proceedings of the National Academy of Sciences	José Luis Reyes, Laura Gómez-Romero, Ximena Ibarra-Soria, Kim Palacios-Flores, Luis R. Arriola, Alejandro Hernandez Wences, Delfino García, Margareta Boege, Guillermo Dávila, Margarita Flores, Rafael Palacios
10.1093/bioinformatics/btr040	2011	Conveyor: a workflow engine for bioinformatic analyses	Bioinformatics	Burkhard Linke, Robert Giegerich, Alexander Goesmann
10.1371/journal.pone.0028448	2011	DNA Damage in Plant Herbarium Tissue	PLoS ONE	Martijn Staats, Argelia Cuenca, James Edward Richardson, Ria Vrielink-van Ginkel, Gitte Petersen, Ole Seberg, Freek T. Bakker
	2011	DUK - A Fast and Efficient Kmer Matching Tool	eScholarship (California Digital Library)	Mingkun Li, Alex Copeland, James Han
	2011	Database tool Tripal: a construction toolkit for online genome databases		Stephen Patrick Ficklin, Lacey-Anne Sanderson, Chun-Huai Cheng, Margaret E. Staton, Taein Lee, Il-Hyung Cho, Sook Jung, Kirstin E. Bett, Doreen Main
10.1038/nbt.1808	2011	David Haussler	Nature Biotechnology	David Haussler
10.1371/journal.pone.0029582	2011	Design and Implementation of Degenerate Microsatellite Primers for the Mammalian Clade	PLoS ONE	Emmanuel Buschiazzo, Josephine Beck, Neil J. Gemmell
10.1186/gb-2011-12-6-r59	2011	Dynamics of mitochondrial heteroplasmy in three families investigated via a repeatable re-sequencing study	Genome biology	Hiroki Goto, Benjamin Dickins, Enis Afgan, Ian M. Paul, James Taylor, Kateryna D. Makova, ANTON Y NEKRUTENKO
10.1038/nature09944	2011	Enterotypes of the human gut microbiome	Nature	Manimozhiyan Arumugam, Jeroen Raes, Eric D. Pelletier, Denis Le Paslier, Takuji Yamada, Daniel R. Mende, Gabriel da Rocha Fernandes, Julien Tap, Thomas Brüls, Jean-Michel Batto, Marcelo Bertalan, Natalia Borruel, Francesc Casellas, Leyden Fernández, Laurent Gautier, Torben F. Hansen, Masahira Hattor
10.5281/zenodo.1333415	2011	Exons And Introns Classification In Human And Other Organisms	Zenodo (CERN European Organization for Nuclear Research)	Benjamin Y. M. Kwan, Jennifer Y. Y. Kwan, Hon Keung Kwan
10.1002/9783527644582.ch27	2011	Experimental Design and Quality Control of Next‐Generation Sequencing Experiments		Peter A.C. ’t Hoen, Matthew S. Hestand, Judith M. Boer, Yuching Lai, Maarten van Iterson, Michiel van Galen, Henk P.J. Buermans, Johan T. den Dunnen
10.3389/fpls.2011.00063	2011	Experimental flux measurements on a network scale	Frontiers in Plant Science	Jörg Schwender
10.1186/1471-2105-12-415	2011	Exploratory analysis of genomic segmentations with Segtools	BMC Bioinformatics	Orion J. Buske, Michael M. Hoffman, Nadia Ponts, Karine G. Le Roch, William Stafford Noble
10.1145/2110497.2110508	2011	Exploring workflow interoperability tools for neuroimaging data analysis		Vladimir V. Korkhov, Dagmar Krefting, Tamas Kukla, Gabor Z. Terstyanszky, Matthan W.A. Caan, Silvia Delgado Olabarriaga
10.17077/etd.um0zdvm1	2011	Expression profiling and functional studies of non-coding RNAs in the central nervous system		Amy N. Dubinsky, Mary Edythe Wilson, Andrew F. Russo, Alexander G. Bassuk, Paul B. McCray, Beverly L. Davidson
10.1186/gb-2011-12-7-r69	2011	ExpressionPlot: a web-based framework for analysis of RNA-Seq and microarray gene expression data	Genome biology	Brad A. Friedman, Tom Maniatis
10.1093/bioinformatics/btr478	2011	Extending KNIME for next-generation sequencing data analysis	Bioinformatics	Bernd Jagla, Bernd Wiswedel, Jean‐Yves Coppée
10.1093/bioinformatics/btr228	2011	From sets to graphs: towards a realistic enrichment analysis of transcriptomic systems	Bioinformatics	Ludwig Geistlinger, Gergely Csaba, Robert Küffner, Nicola Mulder, Ralf Zimmer
10.1187/cbe.11-08-0065	2011	GCAT-SEEKquence: Genome Consortium for Active Teaching of Undergraduates through Increased Faculty Access to Next-Generation Sequencing Data	CBE—Life Sciences Education	Vincent P. Buonaccorsi, Michael D. Boyle, Deborah Grove, Craig Alan Praul, Eric Sakk, Ash Stuart, Tammy C. Tobin, Jay Hosler, Susan L. Carney, Michael J. Engle, Barry E. Overton, Jeffrey D. Newman, Marie C. Pizzorno, Jennifer R. Powell, Nancy J. Trun
10.1093/bioinformatics/btr123	2011	GeCo++: a C++ library for genomic features computation and annotation in the presence of variants	Bioinformatics	Matteo Cereda, Manuela Sironi, Matteo Cavalleri, Uberto Pozzoli
10.1093/bioinformatics/btr442	2011	Gee Fu: a sequence version and web-services database tool for genomic assembly, genome feature and NGS data	Bioinformatics	Ricardo Humberto Ramirez-Gonzalez, Mario Cáccamo, Dan MacLean
10.1093/nar/gkr1110	2011	Gene Array Analyzer: alternative usage of gene arrays to study alternative splicing events	Nucleic Acids Research	Pascal Gellert, Mizue Teranishi, Katharina Jenniches, Piera De Gaspari, David John, Karsten grosse Kreymborg, Thomas W Braun, Shizuka Uchida
10.1093/nar/gkr902	2011	Gene network inference and visualization tools for biologists: application to new human transcriptome datasets	Nucleic Acids Research	Daniel Hurley, Hiromitsu Araki, Yoshinori Tamada, Ben Dunmore, Deborah A. Sanders, Sally Humphreys, Muna Affara, Seiya Imoto, Kaori Yasuda, Yuki Tomiyasu, Kosuke Tashiro, Christopher J. Savoie, Vicky Cho, S. Kaye Smith, Satoru Kuhara, Satoru Miyano, David S. Jones, Edmund J. Crampin, Cristin Gregor 
10.1038/nmeth.1809	2011	GeneProf: analysis of high-throughput sequencing experiments	Nature Methods	Florian Halbritter, Harsh Jayesh Vaidya, Simon R. Tomlinson
10.1073/pnas.1102838108	2011	Genetic diversity and population structure of the endangered marsupial Sarcophilus harrisii (Tasmanian devil)	Proceedings of the National Academy of Sciences	Webb Miller, Vanessa M. Hayes, Aakrosh Ratan, Desiree C. Petersen, Nicola E. Wittekindt, Jason Rafe Miller, Brian P. Walenz, James Knight, Ji Qi, Fangqing Zhao, Qingyu Wang, Oscar C. Bedoya-Reina, Neerja Katiyar, Lynn P. Tomsho, Lindsay McClellan Kasson, Rae‐Anne Hardie, Paula Woodbridge, Elizabeth 
10.5772/20696	2011	Genome-Wide Identification of Estrogen Receptor Alpha Regulated miRNAs Using Transcription Factor Binding Data	InTech eBooks	Jianzhen Xu, Xi Fa Zhou, Chi‐Wai Wong
10.1016/j.devcel.2011.04.008	2011	Genome-wide Analysis of Simultaneous GATA1/2, RUNX1, FLI1, and SCL Binding in Megakaryocytes Identifies Hematopoietic Regulators	Developmental Cell	Marloes R. Tijssen, Ana Cvejic, Anagha Joshi, Rebecca Hannah, Rita Ferreira, Ariel Forrai, Dana C. Bellissimo, S. Helen Oram, Peter A. Smethurst, Nicola K. Wilson, Xiaonan Wang, Katrin Ottersbach, Derek L. Stemple, Anthony Richard Green, Willem Hendrik Ouwehand, Berthold Göttgens
10.1093/nar/gkr1219	2011	Genome-wide Runx2 occupancy in prostate cancer cells suggests a role in regulating secretion	Nucleic Acids Research	Gillian H. Little, Houtan Noushmehr, Sanjeev Kumar Baniwal, Benjamin Paul Berman, Gerhard A. Coetzee, Baruch Frenkel
10.1093/bioinformatics/btr666	2011	GenomeRunner: automating genome exploration	Bioinformatics	Mikhail G. Dozmorov, Lukas R. Cara, Cory B. Giles, Jonathan D. Wren
10.1002/humu.21568	2011	Genotype and cardiovascular phenotype correlations with TBX1 in 1,022 velo-cardio-facial/digeorge/22q11.2 deletion syndrome patients	Human Mutation	Tingwei Guo, Donna M. McDonald‐McGinn, Anna M. Blonska, Alan Lawrence Shanske, Anne S. Bassett, Eva W.C. Chow, Mark Bowser, Molly B. Sheridan, Frits A. Beemer, Koenraad Devriendt, Ann Swillen, Jeroen Breckpot, Maria Cristina Digilio, Bruno Marino, Bruno Dallapiccola, Courtney Carpenter, Xin Zheng, J
10.1093/gbe/evr036	2011	Getting a Full Dose? Reconsidering Sex Chromosome Dosage Compensation in the Silkworm, Bombyx mori	Genome Biology and Evolution	James R. Walters, Thomas J. Hardcastle
10.1371/journal.pgen.1002311	2011	Global Mapping of Cell Type–Specific Open Chromatin by FAIRE-seq Reveals the Regulatory Role of the NFI Family in Adipocyte Differentiation	PLoS Genetics	Hironori Waki, Masahiro Nakamura, Toshimasa Yamauchi, Ken-ichi Wakabayashi, Jing Yu, Lisa Hirose, Kazumi Take, Wei Sun, Masato Iwabu, Miki Okada‐Iwabu, Takanori Fujita, Tomohisa Aoyama, Shuichi Tsutsumi, Kohjiro Ueki, Tatsuhiko Kodama, Juro Sakai, Hiroyuki Aburatani, Takashi Kadowaki
10.1016/j.bcmd.2010.12.011	2011	Glucocerebrosidase gene has an alternative upstream promoter, which has features and expression characteristic of housekeeping genes	Blood Cells Molecules and Diseases	Eva Svobodová, Lenka Steiner Mrazova, Ondřej Lukšan, Deborah Elstein, Ari Zimran, Larisa Stolnaya, Jakub Minks, Jitka Eberová, Lenka Dvořáková, Milan Jirsa, Martin Hřebı́ček
10.1038/nbt.2028	2011	Harnessing cloud computing with Galaxy Cloud	Nature Biotechnology	Enis Afgan, Dannon Baker, Nate Coraor, Hiroki Goto, Ian M. Paul, Kateryna D. Makova, ANTON Y NEKRUTENKO, James Taylor
10.1016/j.cell.2011.01.003	2011	High-Resolution Genome-wide Mapping of the Primary Structure of Chromatin	Cell	Zhenhai Zhang, B. Franklin Pugh
10.1186/1756-0500-4-546	2011	HumMeth27QCReport: an R package for quality control and primary analysis of Illumina Infinium methylation data	BMC Research Notes	Francesco Mattia Mancuso, Magda Montfort, Anna Carreras, Andreu Alibés, Guglielmo Roma
10.1002/9783527644582.ch15	2011	Identification of Nucleotide Variation in Genomes Using Next‐Generation Sequencing		Hendrik‐Jan Megens, Martien A. M. Groenen
10.1016/j.ydbio.2011.03.007	2011	Identification of cis regulatory features in the embryonic zebrafish genome through large-scale profiling of H3K4me1 and H3K4me3 binding sites	Developmental Biology	Aaron W. Aday, Lihua Julie Zhu, Abirami Lakshmanan, Jie Wang, Nathan D. Lawson
10.1186/gm281	2011	Identification of cis-regulatory sequence variations in individual genome sequences	Genome Medicine	Rebecca Worsley-Hunt, Virginie Bernard, Wyeth W. Wasserman
10.1186/1471-2105-12-494	2011	Identifying elemental genomic track types and representing them uniformly	BMC Bioinformatics	Sveinung Gundersen, Matúš Kalaš, Osman Abul, Arnoldo Frigessi, Eivind J. Hovig, Geir Kjetil Sandve
10.1186/1471-2148-11-165	2011	Immunoglobulin heavy chains in medaka (Oryzias latipes)	BMC Evolutionary Biology	Susana Magadán, Christian Sánchez‐Espinel, Francisco Gambón-Deza
	2011	Incremental Workflow Improvement Through Analysis of Its Data Provenance		Paolo Missier
10.1093/database/bar011	2011	Integrating diverse databases into an unified analysis framework: a Galaxy approach	Database	Daniel Blankenberg, Nate Coraor, Gregory Von Kuster, James Taylor, ANTON Y NEKRUTENKO, on behalf of The Galaxy Team
10.1186/1471-2105-12-385	2011	Interactive metagenomic visualization in a Web browser	BMC Bioinformatics	Brian Ondov, Nicholas H. Bergman, Adam M. Phillippy
10.1101/gr.127738.111	2011	Interlocus gene conversion events introduce deleterious mutations into at least 1% of human genes associated with inherited disease	Genome Research	Claudio Casola, Ugne Zekonyte, Andrew D. Phillips, D.N. Cooper, Matthew W. Hahn
10.1038/ng.1006	2011	Large-scale discovery of enhancers from human heart tissue	Nature Genetics	Dalit May, Matthew James Blow, Tommy Kaplan, David J. McCulley, Brian C. Jensen, Jennifer A. Akiyama, Amy Holt, Ingrid Plajzer-Frick, Malak I. Shoukry, Crystal Wright, Veena Afzal, Paul C. Simpson, Edward M. Rubin, Brian L. Black, James D Bristow, Len A. Pennacchio, Axel Visel
	2011	METHODS FOR HIGH-THROUGHPUT COMPARATIVE GENOMICS AND DISTRIBUTED SEQUENCE ANALYSIS	University Libraries (University of Maryland)	Samuel V. Angiuoli
10.1093/bioinformatics/btr398	2011	Making whole genome multiple alignments usable for biologists	Bioinformatics	Daniel Blankenberg, James Taylor, ANTON Y NEKRUTENKO, The Galaxy Team
10.1186/gb-2011-12-6-r60	2011	Metagenomic biomarker discovery and explanation	Genome biology	Nicola Segata, Jacques Izard, Levi D. Waldron, Dirk Gevers, Larisa Miropolsky, Wendy S. Garrett, Curtis Huttenhower
10.1093/humrep/der201	2011	Microarray assessment of methylation in individual mouse blastocyst stage embryos shows that in vitro culture may have widespread genomic effects	Human Reproduction	Katharine M. Wright, Lucia Y. Brown, Gregory G. Brown, Peter R. Casson, Stephen A. Brown
10.1186/1741-7007-9-34	2011	Microarrays, deep sequencing and the true measure of the transcriptome	BMC Biology	John H. Malone, Brian Oliver
10.1016/j.mito.2011.08.005	2011	MitoBamAnnotator: A web-based tool for detecting and annotating heteroplasmy in human mitochondrial DNA sequences	Mitochondrion	Ilia Zhidkov, Tal Nagar, Dan Mishmar, Eitan Rubin
10.3732/ajb.1100335	2011	Navigating the tip of the genomic iceberg: Next‐generation sequencing for plant systematics	American Journal of Botany	Shannon C. K. Straub, Matthew Parks, Kevin Weitemier, Mark Fishbein, Richard Cronn, Aaron Liston
10.1093/gbe/evr116	2011	Negative Correlation between Expression Level and Evolutionary Rate of Long Intergenic Noncoding RNAs	Genome Biology and Evolution	David Managadze, Igor B. Rogozin, Diana A. Chernikova, Svetlana A. Shabalina, Eugene V. Koonin
10.3389/fpls.2011.00077	2011	Next generation quantitative genetics in plants	Frontiers in Plant Science	José M. Jiménez‐Gómez
10.1038/nbt0111-45b	2011	Next-generation sequence analysis	Nature Biotechnology	H. Craig Mak
10.1145/2166896.2166903	2011	OPPL-Galaxy		Mikel Egaña Aranguren, Jesualdo Tomás Fernández‐Breis, Erick Antezana
10.1145/2110497.2110503	2011	Optimizing bioinformatics workflows for data analysis using cloud management techniques		Vincent C. Emeakaroha, Paweł Piotr Łabaj, Michael Maurer, Ivona Brandić, David Philip Kreil
10.1186/1471-2105-12-s11-a7	2011	Oqtans: a Galaxy-integrated workflow for quantitative transcriptome analysis from NGS Data	BMC Bioinformatics	Sebastian J. Schultheiß, Géraldine Jean, Jonas Behr, Regina Bohnert, Philipp Drewe, Nico Görnitz, André Kahles, Pramod Kaushik Mudrakarta, Vipin T. Sreedharan, Georg Zeller, Gunnar Rätsch
	2011	PARSES: A Pipeline for Analysis of RNA-Sequencing Exogenous Sequences	ScholarWorks @ The University of New Orleans (The University of New Orleans)	Joseph Coco
10.1093/nar/gkr373	2011	PRI-CAT: a web-tool for the analysis, storage and visualization of plant ChIP-seq experiments	Nucleic Acids Research	José M. Muiño, Marlous Hoogstraat, Roeland C. H. J. van Ham, Aalt D. J. van Dijk
10.1093/bfgp/elr042	2011	Pathogen comparative genomics in the next-generation sequencing era: genome alignments, pangenomics and metagenomics	Briefings in Functional Genomics	Bin Hu, Gary G. Xie, Chien‐Chi Lo, Shawn R. Starkenburg, Patrick Chain
10.1074/jbc.m111.243006	2011	Patterns of Histone H3 Lysine 27 Monomethylation and Erythroid Cell Type-specific Gene Expression	Journal of Biological Chemistry	Laurie A. Steiner, Vincent Schulz, Yelena D. Maksimova, Clara Wong, Patrick G. Gallagher
10.1371/journal.pone.0024914	2011	Persistence and Availability of Web Services in Computational Biology	PLoS ONE	Sebastian J. Schultheiß, Marc-Christian Münch, Gergana D. Andreeva, Gunnar Rätsch
10.1016/j.jhazmat.2011.04.005	2011	Perturbation of an arctic soil microbial community by metal nanoparticles	Journal of Hazardous Materials	Niraj Kumar, Vishal Shah, Virginia K. Walker
10.1093/nar/gkr1026	2011	PolymiRTS Database 2.0: linking polymorphisms in microRNA target sites with human diseases and complex traits	Nucleic Acids Research	Jesse Dylan Ziebarth, Anindya Bhattacharya, Alon Chen, Yan Cui
10.1007/s00439-011-1125-3	2011	Polymorphic NumtS trace human population relationships	Human Genetics	Martin Lang, Marco Sazzini, Francesco Maria Calabrese, Domenico Simone, Alessio Boattini, Giovanni Cara Romeo, Donata Luiselli, Marcella Attimonelli, Giuseppe Gasparre
10.1101/gad.2046211	2011	Post-transcription initiation function of the ubiquitous SAGA complex in tissue-specific gene activation	Genes & Development	Vikki Marie Weake, Jamie O. Dyer, Christopher W. Seidel, Andrew Box, Selene K. Swanson, Allison Peak, Laurence A. Florens, Michael P. Washburn, Susan M. Abmayr, Jerry L. Workman
10.1186/1471-2105-12-s7-a1	2011	Proceedings of the Tenth Annual UT-ORNL-KBRIN Bioinformatics Summit 2011	BMC Bioinformatics	Eric Christian Rouchka, Robert M Flight, Ramin Homayouni
10.1002/yea.1899	2011	Pronounced and extensive microtubule defects in a Saccharomyces cerevisiae DIS3 mutant	Yeast	Sarah B. Smith, Dániel Kiss, Edward M. Turk, Alan Michael Tartakoff, Erik D. Andrulis
10.1093/bioinformatics/btr081	2011	Proteomics to go: Proteomatic enables the user-friendly creation of versatile MS/MS data evaluation workflows	Bioinformatics	Michael Specht, Sebastian Kuhlgert, Christian Fufezan, Michael Hippler
10.1002/humu.21602	2011	Rapid and efficient human mutation detection using a bench-top next-generation DNA sequencer	Human Mutation	Qian Jiang, Tychele N. Turner, Maria X. Sosa, Ankit Rakha, Stacey M. Arnold, Aravinda Chakravarti
10.1016/j.biopsych.2011.04.017	2011	Rare Nonsynonymous Variants in Alpha-4 Nicotinic Acetylcholine Receptor Gene Protect Against Nicotine Dependence	Biological Psychiatry	Pingxing Xie, Henry R. Kranzler, Michael O. Krauthammer, Kelly Cosgrove, David W. Oslin, Raymond F. Anton, Lindsay A. Farrer, Marina R. Picciotto, John Harrison Krystal, Hongyu Zhao, Joel E. Gelernter
10.1186/1471-2164-12-441	2011	Refining transcriptional programs in kidney development by integration of deep RNA-sequencing and array-based spatial profiling	BMC Genomics	Rathi D. Thiagarajan, Nicole Cloonan, Brooke Gardiner, Tim R. Mercer, Gabriel Kolle, Ehsan Nourbakhsh, Shivangi Wani, Dave T. P. Tang, Keerthana Krishnan, Kylie M. Georgas, Bree A. Rumballe, Han Sheng Chiu, Jason A. Steen, John S. Mattick, Melissa Helen Little, Sean Michael Grimmond
	2011	Role of oxalate metabolizing bacteria in calcium oxalate urolithiasis in dogs	University of Minnesota Digital Conservancy (University of Minnesota)	Josephine S. Gnanandarajah
	2011	SLICEE: A Service oriented middleware for intensive scientific computation	HAL (Le Centre pour la Communication Scientifique Directe)	Jonathan Piat, François Moreews, Olivier Collin, Dominique D. Lavenier, Alexandre Cornu
10.1109/sose.2011.6139101	2011	Scientific workflows composition and deployment on SOA frameworks		Yan Liu, Ian Gorton, Adam S. Wynne, Anand Kullkarni
10.1145/2034863.2034865	2011	Search, adapt, and reuse	ACM SIGMOD Record	Sarah Cohen‐Boulakia, Ulf Leser
10.1371/journal.pone.0026715	2011	Segtor: Rapid Annotation of Genomic Coordinates and Single Nucleotide Variations Using Segment Trees	PLoS ONE	Gabriel Renaud, Pedro Neves, Edson Luiz Folador, Carlos Gil Ferreira, Fábio Passetti
10.1145/1988688.1988756	2011	Semantic systems biology		Erick Antezana, Ward Blondé, Aravind Venkatesan, Bernard De Baets, Vladimir Mironov, Martin T. R. Kuiper
10.1101/gr.121897.111	2011	Sequence shortening in the rodent ancestor	Genome Research	Steven Laurie, Macarena Toll‐Riera, Núria Radó-Trilla, M. Mar Albà
10.1093/bioinformatics/btr568	2011	Sequential Monte Carlo multiple testing	Bioinformatics	Geir Kjetil Sandve, Egil Ferkingstad, Ståle Nygård
10.1126/scisignal.2001844	2011	Setting the Standards for Signal Transduction Research	Science Signaling	Julio Sáez-Rodríguez, Leonidas G. Alexopoulos, Gustavo A. Stolovitzky
10.1186/1471-2105-12-s11-a13	2011	Spectral classification of short numerical exon and intron sequences	BMC Bioinformatics	Benjamin YM Kwan, Jennifer Y. Y. Kwan, Hon Keung Kwan
10.1093/bioinformatics/btr508	2011	SpliceTrap: a method to quantify alternative splicing under single cellular conditions	Bioinformatics	Jie Wu, Martin Akerman, Shuying Sun, William Richard McCombie, Adrian R. Krainer, Michael Q. Zhang
10.1371/journal.pcbi.1001126	2011	Ten Simple Rules for Providing a Scientific Web Resource	PLoS Computational Biology	Sebastian J. Schultheiß
10.1371/journal.pone.0022431	2011	The 2010 Rosetta Developers Meeting: Macromolecular Prediction and Design Meets Reproducible Publishing	PLoS ONE	Paul Douglas Renfrew, Gabrielle Campbell, Charlie E. M. Strauss, Richard Bonneau
10.1093/nar/gkr286	2011	The BioExtract Server: a web-based bioinformatic workflow platform	Nucleic Acids Research	C. M. Lushbough, Douglas M. Jennewein, Volker Brendel
10.1093/database/bar053	2011	The Comprehensive Phytopathogen Genomics Resource: a web-based resource for data-mining plant pathogen genomes	Database	John P. Hamilton, Eric C Neeno-Eckwall, Bishwo N. Adhikari, Nicole T. Perna, Ned A. Tisserat, Jan E. Leach, C. André Lévesque, C. Robin Buell
10.1128/mcb.05504-11	2011	The Forkhead Transcription Factor FOXK2 Promotes AP-1-Mediated Transcriptional Regulation	Molecular and Cellular Biology	Zongling Ji, Ian J. Donaldson, Jingru Liu, Andrew Hayes, Leo A. H. Zeef, Andrew D Sharrocks
10.1109/biovis.2011.6094046	2011	The Galaxy Track Browser: Transforming the genome browser from visualization tool to analysis tool		Jeremy Goecks, Kanwei Li, Dave Clements, The Galaxy Team, James Taylor
10.1093/database/bar031	2011	The Reactome BioMart	Database	Robin Haw, David Croft, Christina K. Yung, Nelson Ndegwa, Peter D’Eustachio, Henning Hermjakob, Lincoln D. Stein
10.1093/nar/gkr1051	2011	The Stem Cell Discovery Engine: an integrated repository and analysis system for cancer stem cell comparisons	Nucleic Acids Research	Shannan J. Ho Sui, Kimberly Begley, Dorothy Silver Reilly, Brad Chapman, Ray McGovern, Philippe Rocca-Sera, Eamonn Maguire, Gabriel M. Altschuler, Terah A. A. Hansen, Ramakrishna R. Sompallae, Andrei V. Krivtsov, Ramesh A. Shivdasani, Scott A. Armstrong, Aedín C. Culhane, Mick Correll, Susanna‐Assun
10.1093/nar/gkr990	2011	The UCSC Archaeal Genome Browser: 2012 update	Nucleic Acids Research	Patricia P. Chan, Andrew Holmes, Andrew M. Smith, Diem K. Tran, T. M. Lowe
10.1002/0471142905.hg1806s71	2011	The UCSC Genome Browser	Current Protocols in Human Genetics	Donna Karolchik, Angie S. Hinrichs, W. James Kent
10.1186/gb-2011-12-8-125	2011	The real cost of sequencing: higher than you think!	Genome biology	Andrea Sboner, Xinmeng Jasmine Mu, Dov S. Greenbaum, Raymond K. Auerbach, Mark Gerstein
10.1093/database/bar027	2011	The strategies WDK: a graphical search interface and web development kit for functional genomics databases	Database	Stefanie Fischer, Cristina Aurrecoechea, Brian P. Brunk, Xin D. Gao, Omar S. Harb, Eileen Kraemer, Cary Pennington, Charles Treatman, Jessica C. Kissinger, David S. Roos, Christian J. Stoeckert
	2011	Topological Pressure and Coding Sequence Density Estimation in the Human Genome	arXiv (Cornell University)	David Koslicki, Daniel J. Thompson
10.1109/services.2011.22	2011	Towards Composing Data Aware Systems Biology Workflows on Cloud Platforms: A MeDICi-Based Approach		Ian Gorton, Yan Liu, Jian Yin, Anand Vijay Kulkarni, Adam S. Wynne
10.1038/nprot.2011.409	2011	Transcription factor binding predictions using TRAP for the analysis of ChIP-seq data and regulatory SNPs	Nature Protocols	Morgane Thomas‐Chollier, Andrew L. Hufton, Matthias Heinig, Sean O’Keeffe, Nassim El Masri, Helge Gottfried Roider, Thomas Manke, Martin Vingron
10.1016/j.fm.2011.11.001	2011	Transcriptome sequencing of Salmonella enterica serovar Enteritidis under desiccation and starvation stress in peanut oil	Food Microbiology	Xiangyu Deng, Zengxin Li, Wei Zhang
	2011	Transcriptomic Data Analysis Using Graph-Based Out-of-Core Methods		Gary L. Rogers
10.1093/database/bar044	2011	Tripal: a construction toolkit for online genome databases	Database	Stephen Patrick Ficklin, L.-A. Sanderson, Chun-Huai Cheng, Margaret E. Staton, T. Lee, Il-Hyung Cho, Seolkyoung Jung, Kirstin E. Bett, Dorrie Main
10.1101/gr.125666.111	2011	Tumor-specific retargeting of an oncogenic transcription factor chimera results in dysregulation of chromatin and transcription	Genome Research	Mukund Patel, Jeremy M. Simon, Michael D. Iglesia, Sam B. Wu, Andrew W. McFadden, Jason D. Lieb, Ian J. Davis
10.1093/bib/bbr039	2011	Tutorial videos of bioinformatics resources: online distribution trial in Japan named TogoTV	Briefings in Bioinformatics	Shin Kawano, Hiromasa Ono, Toshiyuki Takagi, Hidemasa U. Bono
10.1371/journal.pcbi.1002256	2011	Validation of Skeletal Muscle cis-Regulatory Module Predictions Reveals Nucleotide Composition Bias in Functional Enhancers	PLoS Computational Biology	Andrew Tae-Jun Kwon, Alice Chou, David J. Arenillas, Wyeth W. Wasserman
10.1093/bioinformatics/btr711	2011	VarSifter: Visualizing and analyzing exome-scale sequence variation data on a desktop computer	Bioinformatics	Jamie K. Teer, Eric D. Green, James C. Mullikin, Leslie G. Biesecker
10.1002/pros.22480	2011	Variations in the exome of the LNCaP prostate cancer cell line	The Prostate	Lien Spans, Zeynep Kalender Atak, Filip Van Nieuwerburgh, Dieter L. D. Deforce, Evelyne Lerut, Stein Aerts, Frank Claessens
10.1080/01652176.2011.604971	2011	Viral metagenomics as an emerging and powerful tool in veterinary medicine	Veterinary Quarterly	Anne-Lie Blomström
10.1373/clinchem.2010.158618	2011	What Information Should Be Required to Support Clinical “Omics” Publications?	Clinical Chemistry	Keith Baggerly, Kevin R. Coombes
10.1007/978-3-642-19668-3_20	2011	Workflows for Information Integration in the Life Sciences	Lecture notes in computer science	Paolo Missier, Norman W. Paton, Peter Li
10.1093/bioinformatics/btq698	2011	X-MATE: a flexible system for mapping short read data	Bioinformatics	David Wood, Qinying Xu, John V. Pearson, Nicole Cloonan, Sean Michael Grimmond
10.1038/emboj.2011.327	2011	microRNA‐34c is a novel target to treat dementias	The EMBO Journal	Athanasios Zovoilis, H.Y. Agbemenyah, Roberto Carlos Agís‐Balboa, Roman Manuel Stilling, Dieter Edbauer, Pooja Rao, Laurent Farinelli, Ivana Delalle, Andrea Schmitt, Peter Falkai, Sanaz Bahari‐Javan, Susanne Burkhardt, Farahnaz Sananbenesi, André Fischer
10.1186/1471-2105-12-468	2011	openBIS: a flexible framework for managing and analyzing complex data in biology research	BMC Bioinformatics	Angela Bauch, Izabela Adamczyk, Piotr Buczek, Franz‐Josef Elmer, Kaloyan Enimanev, Pawel Glyzewski, Manuel Kohler, Tomasz Pylak, Andreas Quandt, Chandrasekhar Ramakrishnan, Christian Beisel, Lars Malmström, Ruedi Aebersold, Bernd Rinn
10.1093/molbev/mss235	2012	"Orphan" Retrogenes in the Human Genome	Molecular Biology and Evolution	Joanna Ciomborowska, Wojciech Rosikiewicz, Damian Szklarczyk, Wojciech Makałowski, Izabela Makałowska
10.1007/978-3-642-31235-9_24	2012	(Re)Use in Public Scientific Workflow Repositories	Lecture notes in computer science	Johannes Starlinger, Sarah Cohen‐Boulakia, Ulf Leser
10.1371/journal.pgen.1002990	2012	A Novel Human-Infection-Derived Bacterium Provides Insights into the Evolutionary Origins of Mutualistic Insect–Bacterial Symbioses	PLoS Genetics	Adam L. Clayton, Kelly F. Oakeson, Maria Gutin, Arthur Costa Pontes, Diane Marie Dunn, Andrew C. von Niederhausern, Robert B. Weiss, Mark A. Fisher, Colin Dale
10.1371/journal.pgen.1003135	2012	A Polycomb Group Protein Is Retained at Specific Sites on Chromatin in Mitosis	PLoS Genetics	Nicole E. Follmer, Ajazul Hamid Wani, Nicole  Jane Francis
10.32607/20758251-2012-4-3-59-71	2012	A Polygenic Approach to the Study of Polygenic Diseases	Acta Naturae	Dmitrijs Lvovs, Olga O. Favorova, Alexander V. Favorov
10.1371/journal.pone.0048314	2012	A Streamlined Method for Detecting Structural Variants in Cancer Genomes by Short Read Paired-End Sequencing	PLoS ONE	Martina Mijušković, Stuart M. Brown, Zuojian Tang, Cory Lindsay, Efstratios Efstathiadis, Ludovic Deriano, David B. Roth
10.1126/scisignal.2002429	2012	A Systematic Approach for Analysis of Peptide Array Kinome Data	Science Signaling	Yue Li, Ryan J. Arsenault, Brett Trost, Jillian Slind, Philip John Griebel, Scott Napper, ANTHONY J. KUSALIK
10.1186/1471-2164-13-637	2012	A Toolkit for bulk PCR-based marker design from next-generation sequence data: application for development of a framework linkage map in bulb onion (Allium cepa L.)	BMC Genomics	Samantha J. Baldwin, Roopashree Revanna, Susan J. Thomson, Meeghan D. Pither-Joyce, Kathryn Mary Wright, Ross N. Crowhurst, Mark W. E. J. Fiers, Leshi Chen, Richard C. Macknight, John A. McCallum
10.1016/b978-0-12-391938-0.00005-7	2012	A Torrent of Data: Mapping Chromatin Organization Using 5C and High-Throughput Sequencing	Methods in enzymology on CD-ROM/Methods in enzymology	James A. Fraser, Sylvain D. Ethier, Hisashi Miura, Josée Dostie
10.1007/978-1-62703-083-0_3	2012	A User-Friendly Computational Workflow for the Analysis of MicroRNA Deep Sequencing Data	Methods in molecular biology	Anna Majer, Kyle A. Caligiuri, Stephanie A. Booth
10.1016/j.cell.2012.09.016	2012	A Validated Regulatory Network for Th17 Cell Specification	Cell	Maria Ciofani, Aviv Madar, Carolina Galan, MacLean Sellars, Kieran Mace, Florencia Pauli, Ashish Agarwal, Wendy Jia Men Huang, Christopher N. Parkurst, Michael A. Muratet, Kim M. Newberry, Sarah Kristen Meadows, Alex Greenfield, Yi Yang, Preti Jain, Francis K. Kirigin, Carmen Birchmeier, Erwin Fried
10.1007/s00439-012-1213-z	2012	A beginners guide to SNP calling from high-throughput DNA-sequencing data	Human Genetics	André Altmann, Peter C Weber, Daniel M. Bader, Michael H Preuss, Elisabeth B. Binder, Bertram Müller-Myhsok
10.1093/bib/bbs029	2012	A brief introduction to web-based genome browsers	Briefings in Bioinformatics	Jue Wang, Lei Kong, Ge Gao, Jingchu Luo
10.1016/j.ydbio.2012.07.002	2012	A cis-regulatory module upstream of deltaC regulated by Ntla and Tbx16 drives expression in the tailbud, presomitic mesoderm and somites	Developmental Biology	Leila Jahangiri, Andrew C. Nelson, Fiona C. Wardle
10.1038/nprot.2012.088	2012	A complete workflow for the analysis of full-size ChIP-seq (and similar) data sets using peak-motifs	Nature Protocols	Morgane Thomas‐Chollier, Élodie Darbo, Carl Herrmann, Matthieu Defrance, Denis Thieffry, Jacques van Helden
10.1016/j.eplepsyres.2011.12.009	2012	A de novo balanced t(2;6)(p15;p22.3) in a patient with West Syndrome disrupts a lnc-RNA	Epilepsy Research	Geert Vandeweyer, Nathalie Van der Aa, Berten Ceulemans, Bregje W.M. van Bon, Liesbeth Rooms, R. Frank Kooy
10.11606/t.64.2012.tde-20092012-102334	2012	A estrutura e composição de comunidades microbianas (Bacteria e Archaea) em fragmentos de carvão pirogênico de Terra Preta de Índio da Amazônia Central		Fabiana de Souza Cannavan
10.1186/1471-2202-13-118	2012	A genome-wide signature of glucocorticoid receptor binding in neuronal PC12 cells	BMC Neuroscience	Japke A.E. Polman, Jennifer E Welten, Danny S Bosch, Robert T de Jonge, Judit Balog, Silvère M. van der Maarel, E. R. de Kloet, Nicole A. Datson
10.1186/1471-2105-13-163	2012	A graph-based approach for designing extensible pipelines	BMC Bioinformatics	Maira Ribeiro Rodrigues, Wagner C. S. Magalhães, Moara Machado, Eduardo Tarazona‐Santos
10.1007/s00705-012-1345-4	2012	A novel miRNA produced during lytic HSV-1 infection is important for efficient replication in tissue culture	Archives of Virology	Daniel J. Munson, April D. Burch
10.1016/j.biochi.2012.06.002	2012	A pipeline for the identification and characterization of chromatin modifications derived from ChIP-Seq datasets	Biochimie	Antony Kaspi, Mark D. Ziemann, Haloom Rafehi, Ross M Lazarus, Assam El‐Osta
10.18297/etd/997	2012	A systems-based approach for detecting molecular interactions across tissues.		Fahim Mohammad
10.1186/1471-2105-13-2	2012	ABrowse - a customizable next-generation genome browser framework	BMC Bioinformatics	Lei Kong, Jun Wang, Shuqi Zhao, Xiaocheng Gu, Jingchu Luo, Ge Gao
10.1142/s0219720012500060	2012	ANVAYA: A WORKFLOWS ENVIRONMENT FOR AUTOMATED GENOME ANALYSIS	Journal of Bioinformatics and Computational Biology	Bhakti Limaye, Ruma Banerjee, Avik Datta, Harshal Inamdar, Pankaj Vats, Sonal Dahale, Alok Bhandari, E P Ramakrishnan, RAJNIKANTH TUPAKULA, Sandeep Surendra Malviya, Avinash Bayaskar, Renu Gadhari, Sankalp Jain, Vivek Gavane, Rashmi Mahajan, K. V. N. Sunitha, Rajendra Joshi
	2012	AbsIDconvert: An absolute approach for converting genetic identifiers at different		Robert M Flight, Benjamin J. Harrison, Jeffrey C. Petruska, Eric Christian Rouchka
10.1186/1471-2105-13-229	2012	AbsIDconvert: An absolute approach for converting genetic identifiers at different granularities	BMC Bioinformatics	Fahim Mohammad, Robert M Flight, Benjamin J. Harrison, Jeffrey C. Petruska, Eric Christian Rouchka
10.1007/s00792-012-0476-6	2012	Acid-shifted isoelectric point profiles of the proteins in a hypersaline microbial mat: an adaptation to life at high salt concentrations?	Extremophiles	Rahel Elevi Bardavid, Aharon Oren
10.1111/1574-6941.12018	2012	Acidobacterial community responses to agricultural management of soybean in Amazon forest soils	FEMS Microbiology Ecology	Acácio Aparecido Navarrete, Eiko E. Kuramae, Mattias de Hollander, Agata S. Pijl, Johannes A. van Veen, Siu Mui Tsai
10.1017/s0031182012001874	2012	Activation of hatching in diapaused and quiescentGlobodera pallida	Parasitology	Juan E. Palomares‐Rius, John T. Jones, Peter Cock, Pablo Castillo, Vivian Carol Blok
10.1002/bit.24619	2012	Algal swimming velocities signal fatty acid accumulation	Biotechnology and Bioengineering	Travis J. Hansen, Miki Hondzo, Mara T. Mashek, Douglas G. Mashek, Paul A. Lefebvre
10.1038/ncomms2032	2012	Alternative α-synuclein transcript usage as a convergent mechanism in Parkinson's disease pathology	Nature Communications	Hervé Rhinn, Liang Qiang, Toru Yamashita, David B. Rhee, Aryeh Zolin, William B. Vanti, Asa Abeliovich
10.48550/arxiv.1208.4436	2012	An Open Framework for Extensible Multi-Stage Bioinformatics Software	arXiv (Cornell University)	Gabriel Keeble‐Gagnère, Johan Nyström-Persson, M. Bellgard, Kenji Mizuguchi
10.1007/978-3-642-34123-6_10	2012	An Open Framework for Extensible Multi-stage Bioinformatics Software	Lecture notes in computer science	Gabriel Keeble‐Gagnère, Johan Nyström-Persson, M. Bellgard, Kenji Mizuguchi
10.1109/rcis.2012.6240414	2012	An agile model-driven approach for simplifying the development of genetic analysis tools		María José Villanueva
10.1002/humu.22032	2012	An analysis of exome sequencing for diagnostic testing of the genes associated with muscle disease and spastic paraplegia	Human Mutation	Cristina Dias, Murat Sincan, Praveen F. Cherukuri, Rosemarie Rupps, Yan Huang, Hannah Briemberg, Kathryn A. Selby, James C. Mullikin, Thomas C. Markello, David R. Adams, William Allen Gahl, Cornelius F. Boerkoel
10.1002/path.4082	2012	An integrated functional genomics approach identifies the regulatory network directed by brachyury (T) in chordoma	The Journal of Pathology	Andrew C. Nelson, Nischalan Pillay, Stephen Henderson, Nadège Presneau, Roberto Tirabosco, Dina Halai, Fitim Berisha, Paul Flicek, Derek L. Stemple, Claudio D. Stern, Fiona C. Wardle, Adrienne Margaret Flanagan
10.1109/escience.2012.6404425	2012	An integrated science portal for collaborative compute and data intensive protein structure studies		Ian Stokes-Rees, Daniel J. O’Donovan, Peter Doherty, Meghan Porter-Mahoney, Piotr Sliz
10.1038/nrg3273	2012	Analysing and interpreting DNA methylation data	Nature Reviews Genetics	Christoph Bock
10.1002/humu.22035	2012	Analysis of DNA sequence variants detected by high-throughput sequencing	Human Mutation	David R. Adams, Murat Sincan, Karin Fuentes Fajardo, James C. Mullikin, Tyler Mark Pierson, Camilo Toro, Cornelius F. Boerkoel, Cynthia J. Tifft, William Allen Gahl, Tom C. Markello
10.1007/978-94-007-5558-1_7	2012	Analytical Approaches for Exome Sequence Data	Translational bioinformatics	Andrew R Collins
10.1111/j.1365-2958.2012.08196.x	2012	Anomalies of the anaerobic tricarboxylic acid cycle in S hewanella oneidensis revealed by T n‐seq	Molecular Microbiology	Evan D. Brutinel, Jeffrey A. Gralnick
10.1002/cpe.2925	2012	Answering the demands of digital genomics	Concurrency and Computation Practice and Experience	Matthew A. Titmus, James P Gurtowski, Michael C. Schatz
10.1186/1471-2172-13-52	2012	Application of circular consensus sequencing and network analysis to characterize the bovine IgG repertoire	BMC Immunology	Peter A. Larsen, Timothy P. L. Smith
10.1016/j.eswa.2012.10.054	2012	Application of statistics and machine learning for risk stratification of heritable cardiac arrhythmias	Expert Systems with Applications	Pavandip Singh Wasan, Mahesh Uttamchandani, Shabbir Moochhala, Von Bing Yap, P. H. Yap
10.3732/ajb.1200020	2012	Applications of next‐generation sequencing in plant biology	American Journal of Botany	Ashley N. Egan, Jessica Ann Schlueter, David M. Spooner
10.1093/nar/gks1174	2012	ArrayExpress update—trends in database growth and links to data analysis tools	Nucleic Acids Research	Gabriella Rustici, Nikolay N. Kolesnikov, Marco Brandizi, Tony Burdett, Miroslaw Dylag, Ibrahim Emam, Anna Farne, Emma Hastings, Jon Ison, Maria Keays, Natalja Kurbatova, JAMES M. MALONE, Roby Mani, Annalisa Mupo, Rui Pedro Pereira, Ekaterina Pilicheva, Johan Rung, Anjan Sharma, Amy A. Tang, Tobias 
10.1186/1472-6785-12-28	2012	Assessing biodiversity of a freshwater benthic macroinvertebrate community through non-destructive environmental barcoding of DNA from preservative ethanol	BMC Ecology	Mehrdad Hajibabaei, Jennifer L. Spall, Shadi Shokralla, Steven van Konynenburg
10.1371/journal.pone.0031386	2012	Assessment of Metagenomic Assembly Using Simulated Next Generation Sequencing Data	PLoS ONE	Daniel R. Mende, Alison S. Waller, Shinichi Sunagawa, Aino I. Järvelin, Michelle M. Chan, Manimozhiyan Arumugam, Jeroen Raes, Peer Bork
10.1016/j.cageo.2011.11.029	2012	BPELPower—A BPEL execution engine for geospatial web services	Computers & Geosciences	Genong Yu, Peisheng Zhao, Liping Di, Aijun Chen, Meixia Deng, Yuqi Bai
10.5772/48239	2012	Beyond the Gene List: Exploring Transcriptomics Data in Search for Gene Function, Trait Mechanisms and Genetic Architecture	InTech eBooks	Bregje Wertheim
10.1038/nbt.2079	2012	Big data in small places	Nature Biotechnology	Dan MacLean, Sophien Kamoun
10.1109/bibe.2012.6399736	2012	Bio-Linux as a tool for bioinformatics training		Tim Booth, Mesude Bicak, Hyun S. Gweon, Dawn Field, Enis Afgan
	2012	Bioinformatic Identification of Genomic Alterations in Breast Cancer	Työväentutkimus Vuosikirja	Henrik Edgren
10.1007/978-3-642-27392-6_2	2012	Bioinformatics Applications Discovery and Composition with the Mobyle Suite and MobyleNet	Lecture notes in computer science	Hervé Ménager, Vivek Gopalan, Bertrand Néron, Sandrine Larroudé, Julien Maupetit, Adrien Saladin, Pierre Tufféry, Yentram Huyen, Bernard Caudron
10.1007/s00262-012-1354-x	2012	Bioinformatics for cancer immunology and immunotherapy	Cancer Immunology Immunotherapy	Pornpimol Charoentong, Mihaela Angelova, Mirjana Efremova, Ralf Gallasch, Hubert Hackl, Jérôme Galon, Zlatko Trajanoski
10.1093/bib/bbr070	2012	Bioinformatics for personal genome interpretation	Briefings in Bioinformatics	Emidio Capriotti, Nathan L Nehrt, Maricel G. Kann, Yana Bromberg
10.1371/journal.pone.0039477	2012	Bovine Polledness – An Autosomal Dominant Trait with Allelic Heterogeneity	PLoS ONE	Ivica Međugorac, Doris Seichter, Alexander E. Graf, Ingolf Ruß, Helmut Blum, Karl Heinrich Göpel, Sophie Rothammer, M. Förster, Stefan Krebs
10.1093/bioinformatics/bts167	2012	Bpipe: a tool for running and managing bioinformatics pipelines	Bioinformatics	Simon P. Sadedin, Bernard J. Pope, Alicia Oshlack
10.4230/oasics.gcb.2012.49	2012	Building and Documenting Workflows with Python-Based Snakemake	Centrum Wiskunde & Informatica (CWI), the national research institute for mathematics and computer science in the Netherlands	Johannes Köster, Sven Rahmann
10.1186/1471-2164-13-688	2012	CBS: an open platform that integrates predictive methods and epigenetics information to characterize conserved regulatory features in multiple Drosophila genomes	BMC Genomics	Enrique Blanco, Montserrat Corominas
10.1016/j.celrep.2012.08.003	2012	CEL-Seq: Single-Cell RNA-Seq by Multiplexed Linear Amplification	Cell Reports	Tamar Hashimshony, Florian Wagner, Noa Sher, Itai Yanai
10.1093/bioinformatics/bts007	2012	CHROMATRA: a Galaxy tool for visualizing genome-wide chromatin signatures	Bioinformatics	Thomas Hentrich, Julia Maria Schulze-Hentrich, Eldon G. Emberly, Michael Steffen Kobor
10.1074/jbc.m111.331561	2012	Caspar-like Gene Depletion Reduces Leishmania Infection in Sand Fly Host Lutzomyia longipalpis	Journal of Biological Chemistry	Erich Loza Telleria, Maurı́cio Roberto Viana Sant'Anna, João Ramalho Ortigão‐Farias, André Nóbrega Pitaluga, Viv Maureen Dillon, Paul Andrew Bates, Yara Maria Traub-Csekö, Rod James Dillon
10.1186/1471-2164-13-244	2012	Characterisation of QTL-linked and genome-wide restriction site-associated DNA (RAD) markers in farmed Atlantic salmon	BMC Genomics	Ross D. Houston, John W. Davey, Stephen Bishop, Natalie R Lowe, Jose C. Mota-Velasco, Alastair Hamilton, D. R. Guy, Alan E. Tinch, Marian L. Thomson, Mark Blaxter, Karim Gharbi, James E. Bron, John Bernard Taggart
10.1109/bibmw.2012.6470285	2012	Classification and clustering in metagenomics with unified data management and computational framework		Zeehasham Rasheed, Huzefa Rangwala, Patrick Martin Gillevet
10.1007/978-3-7091-0947-2_2	2012	Cloud Computing		Lukas Forer, Sebastian G. Schönherr, Hansi Weißensteiner, Günther Specht, Florian Kronenberg, Anita Kloss‐Brandstätter
10.1021/pr300561q	2012	Cloud Parallel Processing of Tandem Mass Spectrometry Based Proteomics Data	Journal of Proteome Research	Yassene Mohammed, Ekaterina Mostovenko, Alex A. Henneman, Rob Marissen, André M. Deelder, Magnus Palmblad
10.1186/1471-2105-13-315	2012	CloudMan as a platform for tool, data, and analysis distribution	BMC Bioinformatics	Enis Afgan, Brad Chapman, James Taylor
10.1186/1471-2105-13-200	2012	Cloudgene: A graphical execution platform for MapReduce programs on private and public clouds	BMC Bioinformatics	Sebastian G. Schönherr, Lukas Forer, Hansi Weißensteiner, Florian Kronenberg, Günther Specht, Anita Kloss‐Brandstätter
10.1186/1471-2105-13-32	2012	CodingMotif: exact determination of overrepresented nucleotide motifs in coding sequences	BMC Bioinformatics	Yang Ding, William Andrew Lorenz, Jeffrey H. Chuang
10.1093/bioinformatics/bts295	2012	CodonLogo: a sequence logo-based viewer for codon patterns	Bioinformatics	Virag Sharma, David P. Murphy, Gregory M. Provan, Pavel V. Baranov
10.63317/2sgpzdfyzqwv	2012	Collaborative Development and Evaluation of Text-processing Workflows in a UIMA-supported Web-based Workbench		Rafał Rak, Andrew G. D. Rowley, Sophia Ananiadou
10.1201/b12682-14	2012	Color Insert	Chapman & Hall/CRC mathematical and computational biology series	Jung Soh, Paul M.K. Gordon, Christoph W. Sensen
10.1109/escience.2012.6404427	2012	Common motifs in scientific workflows: An empirical analysis		Daniel Garijo, Pinar Alper, Khalid Belhajjame, Óscar Corcho, Yolanda Gil, Carole Goble
10.1093/jhered/ess002	2012	Comparative Population Genetic Analysis of Bocaccio Rockfish Sebastes paucispinis Using Anonymous and Gene-Associated Simple Sequence Repeat Loci	Journal of Heredity	Vincent P. Buonaccorsi, Carol A. Kimbrell, Eric A. Lynn, John R. Hyde
10.1093/hmg/dds340	2012	Comparative analysis of somatic copy-number alterations across different human cancer types reveals two distinct classes of breakpoint hotspots	Human Molecular Genetics	Yudong Li, Li Zhang, Robyn L. Ball, Xinle Liang, Jianrong Li, Zhenguo Lin, Han Liang
10.1111/j.1365-2672.2012.05390.x	2012	Comparative faecal microbiota of dogs with and without calcium oxalate stones	Journal of Applied Microbiology	Josephine S. Gnanandarajah, Timothy J. Johnson, H.B. Kim, Juan E. Abrahante, Jody P. Lulıch, Michael P. Murtaugh
10.1186/gb-2012-13-11-177	2012	Computational thinking in the era of big data biology	Genome biology	Michael C. Schatz
10.1111/j.1601-183x.2012.00790.x	2012	Confirmation of an epilepsy modifier locus on mouse chromosome 11 and candidate gene analysis by RNA‐Seq	Genes Brain & Behavior	Nikki A. Hawkins, Jennifer A. Kearney
10.1016/j.jmb.2012.07.017	2012	Construction of a Stability Landscape of the CH3 Domain of Human IgG1 by Combining Directed Evolution with High Throughput Sequencing	Journal of Molecular Biology	Michael W. Traxlmayr, Christoph Hasenhindl, Matthias Hackl, Gerhard Stadlmayr, Jakub Dalibor Rybka, Nicole Borth, Johannes Grillari, Florian Rüker, Christian Obinger
10.1016/j.ajhg.2012.08.003	2012	Contribution of Global Rare Copy-Number Variants to the Risk of Sporadic Congenital Heart Disease	The American Journal of Human Genetics	Rachel Soemedi, Ian Wilson, Jamie Bentham, Rebecca Darlay, Ana Töpf, Diana Zélénika, Catherine Cosgrove, Kerry Setchfield, Chris Thornborough, Javier T Granados-Riveron, Gillian M. Blue, Jeroen Breckpot, Stephen W. Hellens, Simon Zwolinkski, Elise Glen, Chrysovalanto Mamasoula, Thahira Rahman, Darro
10.1111/cea.12060	2012	Copy number variation prevalence in known asthma genes and their impact on asthma susceptibility	Clinical & Experimental Allergy	Angela J. Rogers, J Chu, K. Darvishi, Iuliana Ionita‐Laza, H. Lehmann, Ryan E. Mills, Charles Lee, Benjamin A. Raby
10.1189/jlb.0612287	2012	Correlates of relative resistance against low-dose rectal simian immunodeficiency virus challenges in peripheral blood mononuclear cells of vaccinated rhesus macaques	Journal of Leukocyte Biology	Raj K. Kurupati, Steve Tuyishime, Andrew V. Kossenkov, Marina Sazanovich, Larissa H. Haut, Marcio O. Lasaro, Sarah J. Ratcliffe, Steven E. Bosinger, Diane G. Carnathan, Mark G. Lewis, Louise C. Showe, Guido Silvestri, Hildegund C.J. Ertl
10.1093/bioinformatics/bts573	2012	Creating reusable tools from scripts: the Galaxy Tool Factory	Bioinformatics	Ross M Lazarus, Antony Kaspi, Mark D. Ziemann, The Galaxy Team
10.1186/gb-2012-13-4-243	2012	Current challenges in de novo plant genome sequencing and assembly	Genome biology	Michael C. Schatz, JAN A. WITKOWSKI, William Richard McCombie
10.1186/gb4015	2012	Current challenges in de novo plant genome sequencing and assembly	Genome biology	Michael C. Schatz, JAN A. WITKOWSKI, William Richard McCombie
10.1093/nar/gks420	2012	Cyber-T web server: differential analysis of high-throughput data	Nucleic Acids Research	Mathew A. Kayala, Pierre Baldi
10.1007/s00438-012-0703-y	2012	DNA hypermethylation of alternatively spliced and repeat sequences in humans	Molecular Genetics and Genomics	Andigoni Malousi, Sofia Kouidou
10.1186/1471-2172-13-58	2012	DNA methylation profile of Aire-deficient mouse medullary thymic epithelial cells	BMC Immunology	Guoying Wu, Keiji Hirabayashi, Shinya Sato, Nobuko Akiyama, Taishin Akiyama, Kunio Shiota, Shintaro Yagi
10.1038/ncomms1982	2012	DNA replication timing and selection shape the landscape of nucleotide variation in cancer genomes	Nature Communications	Yong Hwan Woo, Wen‐Hsiung Li
10.1007/s13222-012-0098-2	2012	Data Management Challenges in Next Generation Sequencing	Datenbank-Spektrum	Sebastian Wandelt, Astrid Rheinländer, Marc Bux, Lisa Thalheim, Berit Haldemann, Ulf Leser
10.4018/ijsbbt.2012070101	2012	Data Mining and Meta-Analysis on DNA Microarray Data	International Journal of Systems Biology and Biomedical Technologies	Triantafyllos Paparountas, Maria Nefeli Nikolaidou-Katsaridou, Gabriella Rustici, Vasilis Aidinis
10.1007/978-1-62703-011-3_7	2012	Data Mining as a Discovery Tool for Imprinted Genes	Methods in molecular biology	Chelsea M. Brideau, Paul D. Soloway
10.6084/m9.figshare.96750.v3	2012	De novo transcriptome assembly, annotation, and identification of low-copy number genes in the flowering plant genus Silene (Caryophyllaceae)	bioRxiv (Cold Spring Harbor Laboratory)	Mats Töpel, Anne‐Cathrine Scheen, Anna Petri, Bertrand, Yann J K, Bengt Oxelman
10.1099/vir.0.042622-0	2012	Deep sequencing reveals persistence of intra- and inter-host genetic diversity in natural and greenhouse populations of zucchini yellow mosaic virus	Journal of General Virology	Heather E. Simmons, Joseph P. Dunham, J. Conrad Stack, Benjamin Dickins, Israel Pagán, Edward Charles Holmes, Andrew G. Stephenson
10.1109/sc.companion.2012.131	2012	Deploying Bioinformatics Workflows on Clouds with Galaxy and Globus Provision		Bo Liu, Borja Sotomayor, Ravi Madduri, Kyle Chard, Ian T Foster
10.3732/ajb.1100292	2012	Designing a transcriptome next‐generation sequencing project for a nonmodel plant species1	American Journal of Botany	Susan R. Strickler, Aureliano Bombarely, Lukas A. Mueller
10.1002/humu.22033	2012	Detecting false-positive signals in exome sequencing	Human Mutation	Karin V. Fuentes Fajardo, David R. Adams, NISC Comparative Sequencing Program, Christopher E. Mason, Murat Sincan, Cynthia J. Tifft, Camilo Toro, Cornelius F. Boerkoel, William Allen Gahl, Thomas C. Markello
10.1586/erm.12.119	2012	Detection and interpretation of genomic structural variation in health and disease	Expert Review of Molecular Diagnostics	Geert Vandeweyer, R. Frank Kooy
	2012	Develop a Galaxy-based graphic user interface for QIIME		Navas Molina, José Antonio
10.1007/978-3-642-31178-9_8	2012	Developing Multilingual Text Mining Workflows in UIMA and U-Compare	Lecture notes in computer science	Georgios Kontonasios, Ioannis Korkontzelos, Sophia Ananiadou
10.1371/journal.pone.0036898	2012	Developing and Applying Heterogeneous Phylogenetic Models with XRate	PLoS ONE	Oscar Westesson, Ian H Holmes
10.1007/s11032-012-9727-6	2012	Development of robust genomic simple sequence repeat markers for estimation of genetic diversity within and among bulb onion (Allium cepa L.) populations	Molecular Breeding	Samantha J. Baldwin, Meeghan D. Pither-Joyce, Kathryn Mary Wright, Leshi Chen, John A. McCallum
10.1038/nprot.2012.016	2012	Differential gene and transcript expression analysis of RNA-seq experiments with TopHat and Cufflinks	Nature Protocols	Cole Trapnell, Adam Roberts, Loyal A. Goff, Geo M. Pertea, Daehwan Kim, David R. Kelley, Harold Pimentel, Steven L. Salzberg, John L. Rinn, Lior S. Pachter
10.1371/journal.pone.0036234	2012	Digital Gene Expression Analysis Based on Integrated De Novo Transcriptome Assembly of Sweet Potato [Ipomoea batatas (L.) Lam.]	PLoS ONE	Xiang Tao, Yinghong Gu, Haiyan Wang, Wen Tao Zheng, Xiao Li, Chuan-Wu Zhao, Yizheng Zhang
10.1109/escience.2012.6404431	2012	Discovering drug targets for neglected diseases using a pharmacophylogenomic cloud workflow		Kary Ocaña, Daniel de Oliveira, Jonas Furtado Dias, Eduardo Ogasawara, Marta Mattoso
10.1111/j.1365-294x.2012.05750.x	2012	Dissecting molecular stress networks: identifying nodes of divergence between life‐history phenotypes	Molecular Ecology	Tonia S. Schwartz, Anne M. Bronikowski
10.14806/ej.18.b.565	2012	Distilling structure in scientific workflows	EMBnet journal	Juiqiang Chen, Christine Froidevaux, Carole Goble, Alan R Williams, Sarah Cohen‐Boulakia
10.1093/gbe/evs116	2012	Distinct Mutational Behaviors Differentiate Short Tandem Repeats from Microsatellites in the Human Genome	Genome Biology and Evolution	Guruprasad Ananda, Erin M. Walsh, Kimberly D. Jacob, Maria M. Krasilnikova, Kristin A. Eckert, Francesca Chiaromonte, Kateryna D. Makova
10.1261/rna.032185.111	2012	Does base-pairing strength play a role in microRNA repression?	RNA	Ido Carmel, Noam Shomron, Yael Heifetz
10.1101/gr.136788.111	2012	Drosophila CTCF tandemly aligns with other insulator proteins at the borders of H3K27me3 domains	Genome Research	Kevin Van Bortle, Edward Ramos, Naomi Takenaka, Jingping Yang, Jessica Emilia Wahi, Victor G. Corces
10.1371/journal.pone.0040399	2012	Dynamic Changes in Ezh2 Gene Occupancy Underlie Its Involvement in Neural Stem Cell Self-Renewal and Differentiation towards Oligodendrocytes	PLoS ONE	Falak Sher, Erik Boddeke, Marta Olah, Sjef C.V.M. Copray
10.1371/journal.pgen.1002694	2012	ELK1 Uses Different DNA Binding Modes to Regulate Functionally Distinct Classes of Target Genes	PLoS Genetics	Zaneta Odrowaz, Andrew D. Sharrocks
10.14806/ej.18.b.592	2012	EMBnet.journal 18 Suppl. B	EMBnet journal	EMBnet journal
	2012	EXPLORING THE IMPACT OF THE ANTIVIRAL DRUG RIBAVIRIN ON RNA VIRUSES IN HONEY BEES AND THE PRESENCE OF RNA VIRUSES IN BEES IN BRAZIL		Michael E. Andrew, Thompson Freiberg
10.1186/gb-2012-13-10-r96	2012	EpiExplorer: live exploration and global analysis of large epigenomic datasets	Genome biology	Konstantin Halachev, Hannah Bast, Felipe Albrecht, Thomas Lengauer, Christoph Bock
	2012	Estudi bioinformàtic de la funcionalitat i conservació de l’splicing alternatiu	TDX (Tesis Doctorals en Xarxa)	Jordi Morata Chirivella
10.1093/nar/gks1113	2012	EuPathDB: The Eukaryotic Pathogen database	Nucleic Acids Research	Cristina Aurrecoechea, Antônio César Honorato Barreto, John E. Brestelli, Brian P. Brunk, S. Cade, Ryan Doherty, Stefanie Fischer, Bindu Gajria, Xin D. Gao, Alan R. Gingle, Gregory R. Grant, Omar S. Harb, Mark Heiges, S. Hu, John Iodice, Jessica C. Kissinger, Eileen Kraemer, Wei Li, Deborah F. Pinne
10.1111/j.1365-294x.2012.05484.x	2012	Evolutionary insight from whole‐genome sequencing of experimentally evolved microbes	Molecular Ecology	Jeremy R. Dettman, Nicolas Rodrigue, Anita H. Melnyk, Alex Wong, Susan F. Bailey, Rees Kassen
10.1093/gbe/evs029	2012	Experimental Analysis of Sources of Error in Evolutionary Studies Based on Roche/454 Pyrosequencing of Viral Genomes	Genome Biology and Evolution	Ericka A. Becker, Charles M. Burns, Evelina Jesica León, S. Rajabojan, Robert Friedman, Thomas C. Friedrich, S. L. O'Connor, AustinL. Hughes
10.1111/j.1365-294x.2012.05756.x	2012	Exploring local immunological adaptation of two stickleback ecotypes by experimental infection and transcriptome‐wide digital gene expression analysis	Molecular Ecology	Tobias L. Lenz, Christophe Eizaguirre, Björn Rotter, Martin Kalbe, Manfred Milinski
10.2337/db12-0526	2012	Fecal Microbiota Composition Differs Between Children With β-Cell Autoimmunity and Those Without	Diabetes	Marcus C. de Goffau, Kristiina Luopajärvi, Mikael Knip, Jorma Ilonen, Terhi Ruohtula, Taina Härkönen, Laura Orivuori, S. Hakala, Gjalt W. Welling, Hermie J. M. Harmsen, Outi Vaarala
10.1371/journal.pone.0039651	2012	Fluorescence-Based Phenotypic Selection Allows Forward Genetic Screens in Haploid Human Cells	PLoS ONE	Lidia M. Duncan, Richard T. Timms, Eszter Zavodszky, Florencia Cano, Gordon Dougan, Felix Randow, Paul J. Lehner
10.1201/b11800-38	2012	Forensic Bioinformatics		Keith Baggerly, Kevin R. Coombes
10.1093/nar/gks836	2012	From next-generation sequencing alignments to accurate comparison and validation of single-nucleotide variants: the pibase software	Nucleic Acids Research	Michael Förster, Peter Forster, Abdou ElSharawy, Georg Hemmrich, Benjamin Kreck, Michael Wittig, Ingo Thomsen, Björn Stade, Matthias Barann, David Ellinghaus, Britt‐Sabina Petersen, Sandra May, Espen Melum, Markus B. Schilhabel, Andreas Keller, Stefan Schreiber, Philip C Rosenstiel, André Franke
10.1093/nar/gks394	2012	FusionAnalyser: a new graphical, event-driven tool for fusion rearrangements discovery	Nucleic Acids Research	Rocco Piazza, Alessandra Pirola, Roberta Spinelli, Simona Valletta, Sara Redaelli, Vera Magistroni, Carlo B Gambacorti-Passerini
10.1371/journal.pgen.1002829	2012	GRHL3/GET1 and Trithorax Group Members Collaborate to Activate the Epidermal Progenitor Differentiation Program	PLoS Genetics	Amelia Soto Hopkin, William M. Gordon, Rachel Herndon Klein, Francisco Espitia, Kenneth Daily, Michael D. Zeller, Pierre Baldi, Bogi Andersen
10.1109/wetice.2012.51	2012	Galaxy Workflow Integration on Garuda Grid		Karuna, N. Mangala, Janaki Ch, Sharma Bhushan Shashi, C. Subrata
10.1093/bioinformatics/bts199	2012	Geneious Basic: An integrated and extendable desktop software platform for the organization and analysis of sequence data	Bioinformatics	Matthew D. Kearse, Richard Moir, Amy Swango Wilson, Steven Stones-Havas, Matthew Cheung, Shane S. Sturrock, Simon Buxton, Alex Cooper, Sidney Markowitz, Chris Duran, Tobias Thierer, Bruce Ashton, Peter Meintjes, Alexei J. Drummond
10.1128/jb.01481-12	2012	Genome Sequences of Two Freshwater Betaproteobacterial Isolates, Limnohabitans Species Strains Rim28 and Rim47, Indicate Their Capabilities as Both Photoautotrophs and Ammonia Oxidizers	Journal of Bacteriology	Yonghui Zeng, Vojtěch Kasalický, Karel Šimek, Michal Koblížek
10.1104/pp.112.204404	2012	Genome-Wide Analysis ofStowaway-Like MITEs in Wheat Reveals High Sequence Conservation, Gene Association, and Genomic Diversification	PLANT PHYSIOLOGY	Beery Yaakov, Smadar Ben‐David, Khalil Kashkush
10.1371/journal.pcbi.1002613	2012	Genome-Wide Localization of Protein-DNA Binding and Histone Modification by a Bayesian Change-Point Method with ChIP-seq Data	PLoS Computational Biology	Haipeng Xing, Yifan Mo, Will Liao, Michael Q. Zhang
10.1093/nar/gks389	2012	Genome-wide analysis of p63 binding sites identifies AP-2 factors as co-regulators of epidermal differentiation	Nucleic Acids Research	Simon S. McDade, Alexandra E. Henry, Géraldine Pivato, Iwanka Kozarewa, Constantinos Mitsopoulos, Kerry Fenwick, Ioannis Assiotis, Jarle Hakas, Marketa Zvelebil, Nicholas Orr, Christopher J. Lord, Daksha Patel, Alan Ashworth, Dennis J. McCance
10.1093/nar/gkr1240	2012	Genome-wide occupancy links Hoxa2 to Wnt–β-catenin signaling in mouse embryonic development	Nucleic Acids Research	Ian J. Donaldson, Shilu Amin, James J. Hensman, Eva Kutějová, Magnus Rattray, Neil David Lawrence, Andrew Hayes, Christopher M. Ward, Nicoletta Bobola
10.1186/1471-2164-13-189	2012	Genome-wide recruitment to Polycomb-modified chromatin and activity regulation of the synovial sarcoma oncogene SYT-SSX2	BMC Genomics	Christina B. Garcia, Christian M. Shaffer, Josiane E. Eid
10.3732/ajb.1100333	2012	Genome‐wide mapping of transcription factor binding reveals developmental process integration and a fresh look at evolutionary dynamics	American Journal of Botany	Levi J Yant
10.5815/ijitcs.2012.08.03	2012	Genomic Analysis and Classification of Exon and Intron Sequences Using DNA Numerical Mapping Techniques	International Journal of Information Technology and Computer Science	Mohammed M. Abo-Zahhad, Sabah Mohammed Ahmed, Shimaa A. Abdelrahman
10.1533/9781908818249.189	2012	GenomicTools: an open source platform for developing high-throughput analytics in genomics	Elsevier eBooks	Aristoteli.s. Tsirigos, Niina Haiminen, Erhan Bilal, Filippo Utro
	2012	Genomics and bioinformatics an introduction to programming tools for life scientists		Tore Samuelsson
10.4236/abb.2012.34054	2012	Genomics of crop plant genetic resources	Advances in Bioscience and Biotechnology	Arun Prabhu Dhanapal
10.1073/pnas.1209444109	2012	Genotype of a historic strain of Mycobacterium tuberculosis	Proceedings of the National Academy of Sciences	Abigail Bouwman, Sandra Kennedy, Romy Müller, Richard H. Stephens, Malin Holst, Anwen Caffell, Charlotte Ann Roberts, Terence A. Brown
10.1007/978-1-61779-839-9_15	2012	Global Assembly of Expressed Sequence Tags	Methods in molecular biology	Foo Cheung
10.2218/ijdc.v7i1.221	2012	Golden Trail: Retrieving the Data History that Matters from a Comprehensive Provenance Repository	International Journal of Digital Curation	Paolo Missier, Bertram Ludäscher, Saumen Dey, Michael Wang, Tim McPhillips, Shawn Bowers, Michael Agun, İlkay Altıntaş
10.14806/ej.18.b.581	2012	HARP: an automated platform for targeted resequencing data analysis	EMBnet journal	Fernando Palluzzi
10.7490/f1000research.1092801.1	2012	HARP: an automated platform for targeted resequencing data analysis	F1000Research	Fernando Palluzzi
10.1007/s12064-012-0151-6	2012	Hidden treasures in unspliced EST data	Theory in Biosciences	John F. Engelhardt, Peter Florian Stadler
10.1007/s00335-012-9424-0	2012	High throughput sequencing approaches to mutation discovery in the mouse	Mammalian Genome	Michelle M. Simon, Ann‐Marie Mallon, Gareth R. Howell, Laura G. Reinholdt
10.5376/cmb.2012.02.0002	2012	High-Throughput Computational Approaches to Analyzing Histone Modification Next-Generation Sequencing Data	Computational Molecular Biology	Jie Lv, Hongbo Liu, Qiong Wu, Yan Zhang
10.1186/1471-2105-13-s18-a1	2012	Highlights from the Eighth International Society for Computational Biology (ISCB) Student Council Symposium 2012	BMC Bioinformatics	Alexander Goncearenco, Priscila Grynberg, Olga Borisovna Botvinnik, Geoff Macintyre, Thomas Abeel
10.1186/1471-2164-13-429	2012	Identification and analysis of pig chimeric mRNAs using RNA sequencing data	BMC Genomics	Lei Ma, Shulin Yang, Weiming Zhao, Zhonglin Tang, Tingting Zhang, Kui Li
10.1111/mpp.12014	2012	Identification of candidate effector genes in the transcriptome of the rice root knot nematode M eloidogyne graminicola	Molecular Plant Pathology	Annelies Haegeman, Lander Bauters, Tina Kyndt, Mohammad Masuder Rahman, Godelieve Gheysen
10.1007/s00251-012-0672-7	2012	Immunoglobulin genes of the turtles	Immunogenetics	Susana Magadán, Christian Sánchez‐Espinel, Francisco Gambón-Deza
10.1186/1471-2164-13-s1-s1	2012	Improving ChIP-seq peak-calling for functional co-regulator binding by integrating multiple sources of biological information	BMC Genomics	Hatice U. Osmanbeyoglu, Ryan James Hartmaier, Steffi Oesterreich, Xinghua Lu
10.1126/science.1218389	2012	In Situ Evolutionary Rate Measurements Show Ecological Success of Recently Emerged Bacterial Hybrids	Science	Vincent J. Denef, Jillian F. Banfield
10.1186/gb-2012-13-11-r104	2012	InSilico DB genomic datasets hub: an efficient starting point for analyzing genome-wide studies in GenePattern, Integrative Genomics Viewer, and R/Bioconductor	Genome biology	Alain Coletta, Colin Molter, Robin Duqué, David Steenhoff, Jonatan Taminau, Virginie de Schaetzen, Stijn Meganck, Cosmin Lazar, David Venet, Vincent Detours, Ann Nowé, Hugues Bersini, David Y. Weiss Solís
10.11606/t.64.2012.tde-19092012-152431	2012	Influência da cobertura vegetal nas comunidades de bactérias em Terra Preta de Índio na Amazônia Central brasileira		Amanda Barbosa Lima
10.1101/gr.139360.112	2012	Integration of ChIP-seq and machine learning reveals enhancers and a predictive regulatory sequence vocabulary in melanocytes	Genome Research	David U. Gorkin, Dongwon Lee, Xylena Reed, Christopher Fletez-Brant, Seneca L. Bessling, Stacie K. Loftus, M Beer, William J. Pavan, Andrew S. McCallion
10.1002/stem.1297	2012	Integration-Free Induced Pluripotent Stem Cells Model Genetic and Neural Developmental Features of Down Syndrome Etiology	Stem Cells	James Alexander Briggs, Jane Q. J. Sun, Jill L. Shepherd, Dmitry A. Ovchinnikov, Tung-Liang Chung, Sam Nayler, Li‐Pin Kao, Carl A. Morrow, Nilay Y. Thakar, Set-Yen Soo, Teija Tuulikki Peura, Sean Michael Grimmond, Ernst Jurgen Wolvetang
10.1093/bioinformatics/bts577	2012	InterMine: a flexible data warehouse system for the integration and analysis of heterogeneous biological data	Bioinformatics	Richard Nigel Smith, J. Aleksić, Daniela Butano, Adrian R. Carr, Sergio Contrino, Fengyuan Hu, Mike Lyne, Rachel Lyne, Alex Kalderimis, Kim Rutherford, Radek Štěpán, Julie Sullivan, Matthew Neil Wakeling, Xavier Watkins, Gos Micklem
10.1007/978-3-642-29740-3_52	2012	Large-Scale DNA Sequence Analysis in the Cloud: A Stream-Based Approach	Lecture notes in computer science	Romeo Kienzler, Rémy Bruggmann, Anand Ranganathan, Nesime Tatbul
10.1109/escience.2012.6404442	2012	Lessons learned from Galaxy, a Web-based platform for high-throughput genomic analyses		Jeremy Goecks, The Galaxy Team, ANTON Y NEKRUTENKO, James Taylor
10.1109/bibe.2012.6399767	2012	Linked2Safety: A secure linked data medical information space for semantically-interconnecting EHRs advancing patients' safety in medical research		Athos Antoniades, Christos Georgousopoulos, Nikolaus P. Forgo, Aristos Aristodimou, Federica Tozzi, Panagiotis Hasapis, Κonstantinos Perakis, Thanasis Bouras, Dimitris Alexandrou, Eleni Kamateri, Eleni Panopoulou, Konstantinos A. Tarabanis, Constantinos S. Pattichis
10.1002/ijc.27783	2012	Low‐grade and high‐grade mammary carcinomas in WAP‐T transgenic mice are independent entities distinguished by Met expression	International Journal of Cancer	Benjamin Otto, Katharina Gruner, Christina Heinlein, Florian Wegwitz, Peter Nollau, Bauke Ylstra, Klaus Pantel, Udo Schumacher, Lars Oliver Baumbusch, José Ignacio Martín-Subero, Reiner Siebert, Christoph Wagener, Thomas Streichert, Wolfgang Deppert, Genrich V. Tolstonog
10.1371/journal.pone.0047656	2012	MOCAT: A Metagenomics Assembly and Gene Prediction Toolkit	PLoS ONE	Jens Roat Kultima, Shinichi Sunagawa, Junhua Li, Wei–Neng Chen, Hua Chen, Daniel R. Mende, Manimozhiyan Arumugam, Qi Pan, Binghang Liu, Junjie Qin, Jun Wang, Peer Bork
10.1158/0008-5472.can-12-0271	2012	MicroRNAs Regulate Tumor Angiogenesis Modulated by Endothelial Progenitor Cells	Cancer Research	Prue N. Plummer, Ruth Freeman, Ryan J. Taft, Jelena Vider, Michael Sax, Brittany A. Umer, Dingcheng Gao, Christopher Johns, John S. Mattick, Stephen D. Wilton, Vito Ferro, Nigel A.J. McMillan, Alexander Swarbrick, Vivek Mittal, Albert Sleiman Mellick
10.1007/s11103-012-9957-3	2012	Mobilization of Stowaway-like MITEs in newly formed allohexaploid wheat species	Plant Molecular Biology	Beery Yaakov, Khalil Kashkush
10.1007/978-3-642-34222-6_14	2012	Modelling Provenance Using Structured Occurrence Networks	Lecture notes in computer science	Paolo Missier, Brian Randell, Maciej Koutny
10.1111/j.1365-294x.2012.05749.x	2012	Molecular evolutionary and population genomic analysis of the nine‐spined stickleback using a modified restriction‐site‐associated DNA tag approach	Molecular Ecology	Matthieu Bruneaux, Susan E. Johnston, Gábor Herczeg, Juha Merilä, Craig Robert Primmer, Anti Vasemägi
10.1007/s10048-012-0314-0	2012	Mutation in the AP4B1 gene cause hereditary spastic paraplegia type 47 (SPG47)	Neurogenetics	Peter Bauer, Esther Leshinsky‐Silver, Lubov Blumkin, Nina Schlipf, Christopher Schröder, Julia Schicks, Dorit Lev, Olaf Horst Riess, Tally Lerman‐Sagie, Ludger J. Schöls
	2012	NCBO-Galaxy: bridging the BioPortal web services and the Galaxy platform.	ICBO	José Antonio Miñarro-Giménez, Mikel Egaña Aranguren, Jesualdo Tomás Fernández‐Breis, Erick Antezana
10.1038/nbt.2404	2012	NGS analyses by visualization with Trackster	Nature Biotechnology	Jeremy Goecks, Nate Coraor, The Galaxy Team, ANTON Y NEKRUTENKO, James Taylor
10.1186/1471-2105-13-301	2012	NRE: a tool for exploring neutral loci in the human genome	BMC Bioinformatics	Leonardo Arbiza, Elaine Zhong, Alon Keinan
10.1093/bioinformatics/bts463	2012	Nebula—a web-server for advanced ChIP-seq data analysis	Bioinformatics	Valentina Boeva, Alban Lermine, Camille Barette, Christel Guillouf, Emmanuel Barillot
10.3390/genes3030545	2012	Next Generation Sequence Analysis and Computational Genomics Using Graphical Pipeline Workflows	Genes	Federica Torri, Ivo D. Dinov, Alen Zamanyan, Sam Hobel, Alex Genco, Petros Petrosyan, Andrew P. Clark, Zhizhong Liu, Paul Eggert, Jonathan Pierce, James A. Knowles, Joseph Ames, Carl Kesselman, Arthur W. Toga, Steven G. Potkin, Marquis P. Vawter, Fabio M. Macciardi
10.1016/j.jas.2012.04.012	2012	Next generation sequencing of DNA in 3300-year-old charred cereal grains	Journal of Archaeological Science	Sandra Louise Bunning, Glynis Jones, Terence A. Brown
10.1038/nrg3305	2012	Next-generation sequencing data interpretation: enhancing reproducibility and accessibility	Nature Reviews Genetics	ANTON Y NEKRUTENKO, James Taylor
10.7554/elife.00068	2012	Non-canonical TAF complexes regulate active promoters in human embryonic stem cells	eLife	Glenn A. Maston, Lihua Julie Zhu, Lynn Chamberlain, Ling Lin, Minggang Fang, Michael R. Green
10.3389/fmicb.2012.00017	2012	Novel Degenerate PCR Method for Whole-Genome Amplification Applied to Peru Margin (ODP Leg 201) Subsurface Samples	Frontiers in Microbiology	Amanda J. Martino, Matthew E. Rhodes, Jennifer F. Biddle, Leah D. Brandt, Lynn P. Tomsho, Christopher H. House
10.1186/1687-6180-2012-50	2012	Novel methodologies for spectral classification of exon and intron sequences	EURASIP Journal on Advances in Signal Processing	Hon Keung Kwan, Benjamin Y. M. Kwan, Jennifer Y. Y. Kwan
10.1101/gr.135707.111	2012	Novel roles for KLF1 in erythropoiesis revealed by mRNA-seq	Genome Research	Michael R. Tallack, Graham William Magor, Benjamin Dartigues, Lei Sun, Stephen Huang, Jessica M. Fittock, Sally V. Fry, Evgeny A. Glazov, Timothy L. Bailey, Andrew Charles Perkins
10.1007/978-3-642-34032-1_6	2012	OWL-DL Domain-Models as Abstract Workflows	Lecture notes in computer science	Ian B. Wood, Ben P. Vandervalk, Luke McCarthy, Mark D. Wilkinson
10.4172/2153-0602.1000115	2012	OmicsMiner: A Biological Data Mining Framework	Journal of Data Mining in Genomics & Proteomics	Zhenguo Zhou
	2012	Open source workflow systems for the development of complex computational experiments	The Library of Electronic Cyprus Thematic Organized Collections (LYKYTHOS) (University of Cyprus)	Κλειώ Αχιλλέως, K. G. Achilleos
10.1109/bibe.2012.6399732	2012	Open source workflow systems in life sciences informatics		K. G. Achilleos, Christos C. Kannas, Christos A. Nicolaou, Constantinos S. Pattichis, Vasilis J. Promponas
10.1371/journal.pone.0052031	2012	PFunkel: Efficient, Expansive, User-Defined Mutagenesis	PLoS ONE	Elad Firnberg, Marc Ostermeier
10.1371/journal.pone.0048102	2012	PPARG Binding Landscapes in Macrophages Suggest a Genome-Wide Contribution of PU.1 to Divergent PPARG Binding in Human and Mouse	PLoS ONE	Sebastian Pott, Nima K. Kamrani, Guillaume Bourque, Sven Pettersson, Edison T. Liu
10.1093/nar/gks1083	2012	PeroxiBase: a database for large-scale evolutionary analysis of peroxidases	Nucleic Acids Research	Nizar Fawal, Qiang Li, Bruno Savelli, Marie Brette, Gisele Passaia, Maxime Fabre, Catherine Mathé, Christophe Dunand
10.1017/cbo9781139022095.021	2012	Personal genomes: what’s in my genome?	Cambridge University Press eBooks	Tore Samuelsson
10.1186/1471-2105-13-s17-s22	2012	Personalized cloud-based bioinformatics services for research and education: use cases and the elasticHPC package	BMC Bioinformatics	Mohamed El-Kalioby, Mohamed Ibrahim Abouelhoda, Jan Walters Kruger, Robert Giegerich, Alexander Sczyrba, Dennis Paul Wall, Peter J. Tonellato
10.1016/j.cell.2012.10.045	2012	Piwi-Interacting RNAs Protect DNA against Loss during Oxytricha Genome Rearrangement	Cell	Wenwen Fang, Xing Wang, John R. Bracht, Mariusz Nowacki, Laura F. Landweber
10.1186/1471-2105-13-331	2012	Prediction of novel long non-coding RNAs based on RNA-Seq data of mouse Klf1 knockout study	BMC Bioinformatics	Lei Sun, Zhihua Zhang, Timothy L. Bailey, Andrew Charles Perkins, Michael R. Tallack, Xu Dong Zhao, Hui Liu
10.1186/1471-2105-13-s4-s15	2012	Primates and mouse NumtS in the UCSC Genome Browser	BMC Bioinformatics	Francesco Maria Calabrese, Domenico Simone, Marcella Attimonelli
10.1186/1471-2164-13-118	2012	RNA-Seq analysis uncovers transcriptomic variations between morphologically similar in vivo- and in vitro-derived bovine blastocysts	BMC Genomics	Ashley M. Driver, Francisco Peñagaricano, Wen Huang, Khawaja Raees Ahmad, Katie S Hackbart, Milo Charles Wiltbank, Hasan Khatib
10.13070/mm.en.2.203	2012	RNA-seq Using Next Generation Sequencing	Materials and Methods	David C. Corney
10.1093/bioinformatics/bts356	2012	RSeQC: quality control of RNA-seq experiments	Bioinformatics	Liguo Wang, Shengqin Wang, Wei Li
10.14806/ej.18.b.555	2012	Ranking-aware integration and explorative search of distributed bio-data	EMBnet journal	Marco Masseroli, Matteo Picozzi, Giorgio Ghisalberti
10.1186/1756-8935-5-10	2012	Rapid genome-scale mapping of chromatin accessibility in tissue	Epigenetics & Chromatin	Lars Grøntved, Russell Bandle, Sam John, Songjoon Baek, Hye‐Jung Chung, Ying Liu, Greti Aguilera, Carl Oberholtzer, Gordon L. Hager, David Levens
10.1242/dev.083931	2012	Rapid positional cloning of zebrafish mutations by linkage and homozygosity mapping using whole-genome sequencing	Development	Nikolaus D. Obholzer, Ian A. Swinburne, Evan Schwab, Alex V. Nechiporuk, Teresa A. Nicolson, Sean G. Megason
10.1186/1471-2164-13-668	2012	Rapid transcriptome characterization and parsing of sequences in a non-model host-pathogen interaction; pea-Sclerotinia sclerotiorum	BMC Genomics	Xiaofeng Zhuang, Kevin E. McPhee, Tristan E. Coram, Tobin L. Peever, Martin I. Chilvers
10.1038/ng.2495	2012	Recurrent SETBP1 mutations in atypical chronic myeloid leukemia	Nature Genetics	Rocco Piazza, Simona Valletta, Nils Winkelmann, Sara Redaelli, Roberta Spinelli, Alessandra Pirola, Laura Antolini, Luca Mologni, Carla Donadoni, Elli Papaemmanuil, Susanne Schnittger, Dongwook Kim, Jacqueline Boultwood, Fabio M V Rossi, Giuseppe Gaipa, Greta P De Martini, Paola Francia di Celle, Hy
10.1128/jvi.02337-12	2012	Reduced Infectivity of Adenovirus Type 5 Particles and Degradation of Entering Viral Genomes Associated with Incomplete Processing of the Preterminal Protein	Journal of Virology	Sayuri E. M. Kato, Jasdave S. Chahal, S. Jane Flint
10.1186/gb-2012-13-6-r54	2012	Regulation of alternative splicing by the circadian clock and food related cues	Genome biology	Nicholas J. McGlincy, Amandine Valomon, Johanna Elizabeth Chesham, Elizabeth Susan Maywood, Michael Harvey Hastings, Jernej Ule
10.1210/me.2011-1314	2012	Research Resource: Interplay between the Genomic and Transcriptional Networks of Androgen Receptor and Estrogen Receptor α in Luminal Breast Cancer Cells	Molecular Endocrinology	Eleanor F. Need, Luke A. Selth, Tiffany J. Harris, Stephen N. Birrell, Wayne D. Tilley, Grant S. Buchanan
10.1109/ccgrid.2012.107	2012	Resource Management for Elastic Cloud Workflows		Li Yu, Douglas Thain
10.1016/j.gpb.2012.05.006	2012	Review of General Algorithmic Features for Genome Assemblers for Next Generation Sequencers	Genomics Proteomics & Bioinformatics	Bilal Wajid, Erchin Serpedin
10.1093/nar/gks540	2012	RobiNA: a user-friendly, integrated software solution for RNA-Seq-based transcriptomics	Nucleic Acids Research	Marc Lohse, Anthony Bolger, Axel Nagel, Alisdair Robert Fernie, John Edward Lunn, Mark Stitt, Björn Usadel
10.1093/nar/gks310	2012	SAVoR: a server for sequencing annotation and visualization of RNA structures	Nucleic Acids Research	Fan Li, Paul Ryvkin, Daniel Micah Childress, Otto Valladares, Brian D. Gregory, L.-S. Wang
10.1371/journal.pone.0047818	2012	SIV Genome-Wide Pyrosequencing Provides a Comprehensive and Unbiased View of Variation within and outside CD8 T Lymphocyte Epitopes	PLoS ONE	Austin L. Hughes, Ericka A. Becker, Michael Lauck, Julie A. Karl, Andrew T. Braasch, David H. O’Connor, Shelby L. O’Connor
10.1371/journal.pone.0052302	2012	SNP Detection from De Novo Transcriptome Sequencing in the Bivalve Macoma balthica: Marker Development for Evolutionary Studies	PLoS ONE	Eric Pante, Audrey Rohfritsch, Vanessa Becquet, Khalid Belkhir, Nicolas Bierne, Pascale Garcia
10.1007/978-3-642-34222-6_16	2012	SOLE: Linking Research Papers with Science Objects	Lecture notes in computer science	Quan T. Pham, Tanu Malik, Ian T Foster, Roberto Di Lauro, Raffaele Montella
10.1371/journal.pone.0053214	2012	SOLiD-SAGE of Endophyte-Infected Red Fescue Reveals Numerous Effects on Host Transcriptome and an Abundance of Highly Expressed Fungal Secreted Proteins	PLoS ONE	Karen V. Ambrose, Faith C. Belanger
10.1093/nar/gks427	2012	Savant Genome Browser 2: visualization and analysis for population-scale genomics	Nucleic Acids Research	M. Fiume, Eric Smith, Alan Henry Brook, Dario Strbenac, Blair Turner, A. M. Mezlini, Mark D. Robinson, Shoshana J. Wodak, Michael Brudno
10.1109/ipdpsw.2012.186	2012	Scientific Application Performance on HPC, Private and Public Cloud Resources: A Case Study Using Climate, Cardiac Model Codes and the NPB Benchmark Suite		Peter E Strazdins, Jie Cai, Muhammad Atif, Joseph Antony
10.1007/s13740-012-0004-y	2012	Scientific Workflow, Provenance, and Data Modeling Challenges and Approaches	Journal on Data Semantics	Shawn Bowers
10.1109/escience.2012.6404419	2012	Scientific workflow rewriting while preserving provenance		Sarah Cohen‐Boulakia, Christine Froidevaux, Jiuqiang Chen
10.1109/iccabs.2012.6182647	2012	Shifting the bioinformatics computing paradigm: A case study in parallelizing genome annotation using MAKER and Work Queue		Andrew Thrasher, Douglas Thain, Scott Emrich, Zachary Musgrave
10.1016/j.tube.2012.11.002	2012	Single nucleotide polymorphisms in Mycobacterium tuberculosis and the need for a curated database	Tuberculosis	David Stucki, Sébastien Gagneux
10.1016/j.cell.2012.09.035	2012	Single-Neuron Sequencing Analysis of L1 Retrotransposition and Somatic Mutation in the Human Brain	Cell	Gilad D. Evrony, Xuyu Cai, Eunjung Lee, Leonard Benjamin Hills, Princess C. Elhosary, Hillel S. Lehmann, John Parker, Kutay Deniz Atabay, Edward C. Gilmore, Annapurna  H. Poduri, Peter J. Park, Christopher A. Walsh
10.1002/ajp.22091	2012	Single‐Nucleotide Polymorphisms Reveal Patterns of Allele Sharing Across the Species Boundary Between Rhesus (Macaca mulatta) and Cynomolgus (M. fascicularis) Macaques	American Journal of Primatology	Jessica A. Satkoski Trask, Wendy T. Garnica, David Glenn Smith, Paul Houghton, Nicholas W. Lerche, Sree Kanthaswamy
10.1038/nmeth.2143	2012	Site-specific genome editing in Plasmodium falciparum using engineered zinc-finger nucleases	Nature Methods	Judith Straimer, Lee M, Andrew H Lee, Bryan Zeitler, April E. Williams, Jocelynn R. Pearl, Lei Zhang, Edward J. Rebar, Philip D. Gregory, Manuel Llinás, Fyodor D. Urnov, David A. Fidock
10.1186/1471-2164-13-427	2012	Small interfering RNA-producing loci in the ancient parasitic eukaryote Trypanosoma brucei	BMC Genomics	Christian Tschudi, Huafang Shi, Joseph B. Franklin, Elisabetta Ullu
10.1093/bioinformatics/bts480	2012	Snakemake—a scalable bioinformatics workflow engine	Bioinformatics	Johannes Köster, Sven Rahmann
10.1016/j.dci.2012.03.001	2012	Snakes antibodies	Developmental & Comparative Immunology	Francisco Gambón-Deza, Christian Sánchez‐Espinel, Serafín Mirete-Bachiller, Susana Magadán
10.1002/0471250953.bi1502s39	2012	Some Phenotype Association Tools in Galaxy: Looking for Disease SNPs in a Full Genome	Current Protocols in Bioinformatics	Belinda M. Giardine, Cathy Riemer, Richard C. Burhans, Aakrosh Ratan, Webb Miller
10.1128/jvi.00716-12	2012	Specific CD8 + T Cell Responses Correlate with Control of Simian Immunodeficiency Virus Replication in Mauritian Cynomolgus Macaques	Journal of Virology	Melisa L. Budde, Justin Russell Greene, Emily N. Chin, Adam J. Ericsen, Matthew Scarlotta, Brian T Cain, Ngoc H Pham, Ericka A. Becker, Max Harris, Jason T. Weinfurter, Shelby L. O’Connor, Michael Piatak, Jeffrey D. Lifson, Emma Gostick, David Anthony Price, Thomas C. Friedrich, David H. O’Connor
10.1109/icbeb.2012.363	2012	Spectral Methods for Classifying Short Exon and Intron Sequences		Benjamin Y. M. Kwan, Jennifer Y. Y. Kwan, Hon Keung Kwan
10.1109/iscas.2012.6272093	2012	Spectral techniques for classifying short exon and intron sequences		Benjamin Y. M. Kwan, Jennifer Y. Y. Kwan, Hon Keung Kwan
10.1093/nar/gkr1263	2012	Structural bias in T4 RNA ligase-mediated 3′-adapter ligation	Nucleic Acids Research	Fanglei Zhuang, Ryan T. Fuchs, Zhiyi Sun, Yu Zheng, G. Brett Robb
10.1186/1471-2164-13-678	2012	Structure of the type IV secretion system in different strains of Anaplasma phagocytophilum	BMC Genomics	Basima Al‐Khedery, Anna M. Lundgren, Snorre Stuen, Erik G. Granquist, Ulrike G. Munderloh, Curtis M. Nelson, A. Rick Alleman, Suman M. Mahan, Anthony F. Barbet
10.1371/journal.pone.0046176	2012	Systematic Analysis of microRNA Targeting Impacted by Small Insertions and Deletions in Human Genome	PLoS ONE	Anindya Bhattacharya, Jesse Dylan Ziebarth, Yan Cui
10.1007/978-1-4614-4998-0_51	2012	Systems Medicine: A New Model for Health Care		Linda H. MacArthur, Timothy R. Mhyre, Elenora E. Connors, Sona Vasudevan, Elliott Crooke, Howard J. Federoff
	2012	THE ACCESSIBILITY AND SCALABILITY OF GENE FAMILY ANALYSIS	University of New Hampshire Scholars Repository (University of New Hampshire at Manchester)	James D. Jackson
10.1021/pr300187f	2012	TOPPAS: A Graphical Workflow Editor for the Analysis of High-Throughput Proteomics Data	Journal of Proteome Research	Johannes Junker, Chris Bielow, Andreas Bertsch, Marc Sturm, Knut Reinert, Oliver Kohlbacher
10.1186/1746-4811-8-12	2012	Targeted parallel sequencing of large genetically-defined genomic regions for identifying mutations in Arabidopsis	Plant Methods	Kun-Hsiang Liu, Matthew McCormack, Jen Sheen
10.1534/genetics.112.143743	2012	Targeting of >1.5 Mb of Human DNA into the Mouse X Chromosome Reveals Presence of cis-Acting Regulators of Epigenetic Silencing	Genetics	Christine Yang, Andrea J. McLeod, Allison M. Cotton, Charles N. de Leeuw, Stéphanie Laprise, Kathleen G. Banks, Elizabeth M. Simpson, Carolyn J. Brown
10.1128/aem.01372-12	2012	Testing Potential Effects of Maize Expressing the Bacillus thuringiensis Cry1Ab Endotoxin (Bt Maize) on Mycorrhizal Fungal Communities via DNA- and RNA-Based Pyrosequencing and Molecular Fingerprinting	Applied and Environmental Microbiology	Erik Verbruggen, Eiko E. Kuramae, Remy Hillekens, Mattias de Hollander, E. Toby Kiers, Wilfred F. M. Röling, George A. Kowalchuk, Marcel G. A. van der Heijden
10.1371/journal.pgen.1002972	2012	Tethering of the Conserved piggyBac Transposase Fusion Protein CSB-PGBD3 to Chromosomal AP-1 Proteins Regulates Expression of Nearby Genes in Humans	PLoS Genetics	Lucas T. Gray, Kimberly K. Fong, Thomas Pavelitz, Alan M. Weiner
10.1126/science.1230612	2012	The Evolutionary Landscape of Alternative Splicing in Vertebrate Species	Science	Nuno L. Barbosa‐Morais, Manuel Irimia, Qun Pan, Hui Yuan Xiong, Serge Gueroussov, Leo J. Lee, Valentina Slobodeniuc, Claudia Kutter, Stephen Watt, Recep Çolak, Taehyung P. Kim, Christine M. Misquitta-Ali, Michael D. Wilson, Philip M. Kim, Duncan T. Odom, Brendan J. Frey, Benjamin J. Blencowe
10.1371/journal.pgen.1002736	2012	The NSL Complex Regulates Housekeeping Genes in Drosophila	PLoS Genetics	Kin Chung Lam, Friederike Mühlpfordt, Juan M. Vaquerizas, Sunil Jayaramaiah Raja, Herbert Holz, Nicholas M. Luscombe, Thomas Manke, Asifa Akhtar
10.1002/0471250953.bi0104s40	2012	The UCSC Genome Browser	Current Protocols in Bioinformatics	Donna Karolchik, Angie S. Hinrichs, W. James Kent
10.1016/j.ygeno.2012.08.005	2012	The Wasp System: An open source environment for managing and analyzing genomic data	Genomics	Andrew S. McLellan, Robert Dubin, Qiang Jing, Pilib Ó Broin, David M. Moskowitz, Masako Suzuki, R. Brent Calder, Joseph Hargitai, Aaron Golden, John M. Greally
10.1007/s00792-012-0455-y	2012	The amino acid composition of proteins from anaerobic halophilic bacteria of the order Halanaerobiales	Extremophiles	Rahel Elevi Bardavid, Aharon Oren
10.1093/hmg/dds021	2012	The combination of a genome-wide association study of lymphocyte count and analysis of gene expression data reveals novel asthma candidate genes	Human Molecular Genetics	Darren A. Cusanovich, Christine Billstrand, Xiang Zhou, Claudia I. Chavarria, Sherryl De Leon, Katelyn Michelini, Athma A. Pai, Carole Ober, Yoav Gilad
10.1111/mec.12029	2012	The ecological and genetic basis of convergent thick‐lipped phenotypes in cichlid fishes	Molecular Ecology	Marco Colombo, Eveline T. Diepeveen, Moritz Muschick, Maria Emilia Santos, Adrian Indermaur, Nicolas Boileau, Marta Barluenga, Walter Salzburger
10.31274/etd-180810-4845	2012	The evolution of stress response and complex life history traits in natural populations of garter snakes		Tonia S. Schwartz
10.3389/fninf.2012.00007	2012	The pipeline system for Octave and Matlab (PSOM): a lightweight scripting framework and execution engine for scientific workflows	Frontiers in Neuroinformatics	Pierre Bellec, Sébastien Lavoie-Courchesne, Phil Dickinson, Jason P. Lerch, Alex P. Zijdenbos, Alan Charles Evans
10.1038/nprot.2012.086	2012	The ribosome profiling strategy for monitoring translation in vivo by deep sequencing of ribosome-protected mRNA fragments	Nature Protocols	Nicholas T. Ingolia, Gloria Ann Brar, Silvi Rouskin, Anna M. McGeachy, Jonathan S. Weissman
10.1371/journal.ppat.1003000	2012	Therapeutic Helminth Infection of Macaques with Idiopathic Chronic Diarrhea Alters the Inflammatory Signature and Mucosal Microbiota of the Colon	PLoS Pathogens	Mara Jana Broadhurst, Amir Ardeshir, Bittoo Kanwar, Julie Mirpuri, Uma Mahesh Gundra, Jacqueline M. Leung, Kirsten E. Wiens, Ivan Vujkovic-Cvijin, Charles C. Kim, Felix Yarovinsky, Nicholas W. Lerche, Joseph M. McCune, P’ng Loke
10.1016/j.cell.2012.05.043	2012	Transcript Dynamics of Proinflammatory Genes Revealed by Sequence Analysis of Subcellular RNA Fractions	Cell	Dev M. Bhatt, Amy Pandya‐Jones, Ann-Jay Tong, Iros Barozzi, Michelle M. Lissner, Gioacchino Natoli, Douglas L. Black, Stephen T. Smale
10.1371/journal.pone.0035202	2012	Transcriptional Enhancers in Protein-Coding Exons of Vertebrate Developmental Genes	PLoS ONE	Deborah Ritter, Zhiqiang Dong, Su Guo, Jeffrey H. Chuang
10.2218/ijdc.v7i2.232	2012	Trends in Use of Scientific Workflows: Insights from a Public Repository and Recommendations for Best Practice	International Journal of Digital Curation	Richard Littauer, Karthik Ram, Bertram Ludäscher, William K. Michener, Rebecca J. Koskela
10.13028/bw3j-x330	2012	Understanding Small RNA Formation in Drosophila Melanogaster: A Dissertation	eScholarship@UMassChan	Elif Sarinay Cenik
10.1145/2483954.2483957	2012	Understanding mapreduce-based next-generation sequencing alignment on distributed cyberinfrastructure		Pradeep Kumar Mantha, Nayong Kim, André Luckow, Joo-Hyun Kim, Shantenu Jha
10.26481/dis.20120621mm	2012	Understanding regulation of gene transcription through epigenomics and cistromics : unfolding ones and zeros into (un)folding chromatin		Michiel E. Adriaens
10.1093/bioinformatics/bts091	2012	Unipro UGENE: a unified bioinformatics toolkit	Bioinformatics	Konstantin Okonechnikov, Olga Golosova, Mikhail Fursov, the UGENE team
10.1371/journal.pgen.1002908	2012	Use of Allele-Specific FAIRE to Determine Functional Regulatory Polymorphism Using Large-Scale Genotyping Arrays	PLoS Genetics	Andrew J P Smith, Philip Jay Howard, Sonia H Shah, Per Olof Eriksson, Stefan Stender, Claudia Giambartolomei, Lasse Folkersen, Anne Tybjærg‐Hansen, Meena Kumari, Jutta Palmen, Aroon Dinesh Hingorani, Philippa J. Talmud, Steve Eric Humphries
10.1002/0471250953.bi1109s38	2012	Using Cloud Computing Infrastructure with CloudBioLinux, CloudMan, and Galaxy	Current Protocols in Bioinformatics	Enis Afgan, Brad Chapman, Margita Jadan, Vedran Franke, James Taylor
10.1002/0471250953.bi1005s38	2012	Using Galaxy to Perform Large‐Scale Interactive Data Analyses	Current Protocols in Bioinformatics	Jennifer Hillman‐Jackson, Dave Clements, Daniel Blankenberg, James Taylor, ANTON Y NEKRUTENKO, Galaxy Zoo Team
10.1201/b12682-11	2012	Web-Based Workflows	Chapman & Hall/CRC mathematical and computational biology series	Jung Soh, Paul M.K. Gordon, Christoph W. Sensen
10.1186/1471-2164-13-78	2012	Whole-Genome sequencing and genetic variant analysis of a quarter Horse mare	BMC Genomics	Ryan N. Doan, Noah D. Cohen, J. E. Sawyer, Noushin Ghaffari, Charles D. Johnson, Scott V. Dindot
10.1186/1471-2105-13-102	2012	Workflows for microarray data processing in the Kepler environment	BMC Bioinformatics	Thomas Stropp, Timothy McPhillips, Bertram Ludäscher, Mark C. Bieda
10.1093/bioinformatics/bts630	2012	XiP: a computational environment to create, extend and share workflows	Bioinformatics	Masao Nagasaki, André Fujita, Yayoi Sekiya, Ayumu Saito, Emi Ikeda, Chen Li, Satoru Miyano
10.1038/emboj.2011.470	2012	dNTP pools determine fork progression and origin usage under replication stress	The EMBO Journal	Jérôme Poli, Olga Tsaponina, Laure Crabbé, Andrea Keszthelyi, Véronique Pantesco, Andrei Chabes, Armelle Lengronne, Philippe Pasero
10.1371/journal.pone.0046847	2012	lociNGS: A Lightweight Alternative for Assessing Suitability of Next-Generation Loci for Evolutionary Analysis	PLoS ONE	Sarah M. Hird
10.1534/g3.112.003202	2012	oPOSSUM-3: Advanced Analysis of Regulatory Motif Over-Representation Across Genes or ChIP-Seq Datasets	G3 Genes Genomes Genetics	Andrew Tae-Jun Kwon, David J. Arenillas, Rebecca Worsley Hunt, Wyeth W. Wasserman
10.1093/nar/gks797	2012	siSPOTR: a tool for designing highly specific and potent siRNAs for human and mouse	Nucleic Acids Research	Ryan L. Boudreau, Ryan M. Spengler, Ray Hales Hylock, Brandyn J. Kusenda, Heather Davis, David A. Eichmann, Beverly L. Davidson
10.1136/jmedgenet-2012-100918	2012	wANNOVAR: annotating genetic variants for personal genomes via the web	Journal of Medical Genetics	Xiao Chang, Kai You Wang
10.1093/bioinformatics/bts049	2012	xQTL workbench: a scalable web environment for multi-level QTL analysis	Bioinformatics	Danny Arends, K. Joeri van der Velde, Pjotr Prins, Karl W. Broman, Steffen Möller, Ritsert C. Jansen, Morris A. Swertz
10.1016/j.aquatox.2013.11.022	2013	454 pyrosequencing-based analysis of gene expression profiles in the amphipod Melita plumulosa: Transcriptome assembly and toxicant induced changes	Aquatic Toxicology	Sharon E. Hook, Natalie A. Twine, Stuart L. Simpson, David A. Spadaro, Philippe Moncuquet, Marc Ronald Wilkins
10.1186/1756-3305-6-167	2013	5-methyl-cytosine and 5-hydroxy-methyl-cytosine in the genome of Biomphalaria glabrata, a snail intermediate host of Schistosoma mansoni	Parasites & Vectors	Sara Fneich, Nolwenn M. Dheilly, Coen M. Adema, Anne Rognon, Michael Reichelt, Jan Bulla, Christoph Grunau, Céline Cosseau
10.4049/jimmunol.1300622	2013	A Novel Approach to Tracking Antigen-Experienced CD4 T Cells into Functional Compartments via Tandem Deep and Shallow TCR Clonotyping	The Journal of Immunology	Megan Estorninho, Vivienne B. Gibson, Deborah Kronenberg‐Versteeg, YF Liu, Chester Ni, Karen M. Cerosaletti, Mark Peakman
10.1016/j.ydbio.2013.10.025	2013	A Pou5f1/Oct4 dependent Klf2a, Klf2b, and Klf17 regulatory sub-network contributes to EVL and ectoderm development during zebrafish embryogenesis	Developmental Biology	Kay Kotkamp, Rebecca Mössner, Anita LaFrance Allen, Daria Onichtchouk, Wolfgang Driever
10.5808/gi.2013.11.4.191	2013	A Primer for Disease Gene Prioritization Using Next-Generation Sequencing Data	Genomics & Informatics	Shuoguo Wang, Jinchuan Xing
10.1016/j.cell.2013.10.001	2013	A Retrotransposon-Driven Dicer Isoform Directs Endogenous Small Interfering RNA Production in Mouse Oocytes	Cell	Matyáš Flemr, Radek Malı́k, Vedran Franke, Jana Nejepinska, Radislav Sedláček, Kristian Vlahoviček, Petr Svoboda
10.14257/astl.2013.33.11	2013	A Scalable Computing Framework for Large-Scale Bioinformatics Analysis	Advanced Science and Technology Letters	Youngmahn Han, Hyunsik Kim
10.1371/journal.pone.0073351	2013	A Two-Component System Regulates Hemin Acquisition in Porphyromonas gingivalis	PLoS ONE	Jodie Scott, Brian A. Klein, Ana E. Duran-Pinedo, Linden Hu, Margaret J. Duncan
10.1186/1471-2164-14-620	2013	A combination of improved differential and global RNA-seq reveals pervasive transcription initiation and events in all stages of the life-cycle of functional RNAs in Propionibacterium acnes, a major contributor to wide-spread human disease	BMC Genomics	Yufei Lin, David Romero A, Shuang Guan, Lira Mamanova, Kenneth J. McDowall
10.3389/fnmol.2013.00043	2013	A comprehensive characterization of the nuclear microRNA repertoire of post-mitotic neurons	Frontiers in Molecular Neuroscience	Sharof Khudayberdiev, Federico Zampa, Marek Rajman, Gerhard M. Schratt
10.1101/000455	2013	A data repository and analysis framework for spontaneous neural activity recordings in developing retina	bioRxiv (Cold Spring Harbor Laboratory)	Stephen John Eglen, Michael Weeks, Mark Jessop, Jennifer D. Simonotto, Tom Jackson, Evelyne Sernagor
	2013	A next generation sequencing approach to constructing a genetic map for Populus tremula	Epsilon Archive for Student Projects (University of Southampton)	Tahir Mujtaba
10.1134/s1068162013040110	2013	A novel approach to identification of somatic retroelements’ insertions in human genome	Russian Journal of Bioorganic Chemistry	Alexey A. Kurnosov, Svetlana V. Ustyugova, Mikhail V. Pogorelyy, Alexander Yu. Komkov, Dmitriy A. Bolotin, Konstantin V. Khodosevich, Ilgar Z. Mamedov, Yuri B. Lebedev
	2013	A phylogeographic, ecological and genomic analysis of the recent range expansion of the wasp spider Argiope bruennichi	Multimedialen Archiv und Publikationsserver der Christian-Albrechts-Universität zu Kiel (Christian-Albrechts-Universität zu Kiel)	Henrik Krehenwinkel, Diethard Tautz, Guenther B. Hartl
10.1093/nar/gkt829	2013	A quality control system for profiles obtained by ChIP sequencing	Nucleic Acids Research	Marco Antonio Mendoza-Parra, Wouter Van Gool, Mohamed Ashick Mohamed Saleem, Danilo G. Ceschin, Hinrich Gronemeyer
10.1109/bigdata.2013.6691723	2013	A scalable data analysis platform for metagenomics		Wei Tang, Jared Wilkening, Narayan Desai, Wolfgang Gerlach, Andreas Wilke, Folker Meyer
	2013	A study of chemotherapy resistance in acute myeloid leukemia	University of Minnesota Digital Conservancy (University of Minnesota)	Susan K. Rathe
10.1093/bib/bbs086	2013	A survey of tools for variant analysis of next-generation genome sequencing data	Briefings in Bioinformatics	Stephan Pabinger, Andreas Dander, M. Fischer, René Snajder, Michael Sperk, Mirjana Efremova, Birgit Krabichler, Michael R. Speicher, Johannes Zschocke, Zlatko Trajanoski
10.1145/2484762.2484817	2013	A sustainable national gateway for biological computation		James Taylor, ANTON Y NEKRUTENKO, Nate Coraor, Philip D. Blood, Alex Ropelewski, Zhihui Zhang, Josephine Palencia, S. Sanielevici, Jared Yanovich, Robert Budden
10.1109/icitst.2013.6750194	2013	A workflow for parallel and distributed computing of large-scale genomic data		Hyun-Hwa Choi, Byoung-Seob Kim, Shinyoung Ahn, Seungjo Bae
10.1186/1756-0500-6-5	2013	ASAP: an environment for automated preprocessing of sequencing data	BMC Research Notes	Eric S. Torstenson, Bingshan Li, Chun Li
10.1186/2047-217x-2-3	2013	AXIOME: automated exploration of microbial diversity	GigaScience	Michael D. J. Lynch, Andre P. Masella, Michael Hall, Andrea K. Bartram, Josh David Neufeld
10.1093/molbev/mst083	2013	Accelerated Evolution after Gene Duplication: A Time-Dependent Process Affecting Just One Copy	Molecular Biology and Evolution	Cinta Pegueroles, Steven Laurie, M. Mar Albà
10.1007/978-3-642-37186-8_1	2013	Accelerating Scientists’ Knowledge Turns	Communications in computer and information science	Carole Goble, David De Roure, Sean Bechhofer
10.1128/jvi.00909-13	2013	Acute-Phase CD8 T Cell Responses That Select for Escape Variants Are Needed to Control Live Attenuated Simian Immunodeficiency Virus	Journal of Virology	Max Harris, Charles M. Burns, Ericka A. Becker, Andrew T. Braasch, Emma Gostick, Randall C. Johnson, Karl W. Broman, David Anthony Price, Thomas C. Friedrich, Shelby L. O’Connor
10.1002/cpe.3013	2013	Advancing next‐generation sequencing data analytics with scalable distributed infrastructure	Concurrency and Computation Practice and Experience	Joohyun Kim, Sharath Maddineni, Shantenu Jha
10.31390/gradschool_dissertations.3287	2013	Alu elements and primate genomics		Adam T. McLain
10.1111/1462-2920.12367	2013	Ammonium induces differential expression of methane and nitrogen metabolism‐related genes in M ethylocystis sp. strain SC 2	Environmental Microbiology	Bomba Dam, Somasri Dam, Yongkyu Kim, Werner Liesack
10.3348/kjr.2013.14.2.139	2013	An Engineering View on Megatrends in Radiology: Digitization to Quantitative Tools of Medicine	Korean Journal of Radiology	Namkug Kim, Jaesoon Choi, Jaeyoun Yi, Seungwook Choi, Seyoun Park, Yongjun Chang, Joon Beom Seo
10.1111/cgf.12096	2013	An Interactive Analysis and Exploration Tool for Epigenomic Data	Computer Graphics Forum	Hamid Younesy, Cydney B Nielsen, Torsten Bert Möller, Olivia Alder, Rebecca L Cullum, Matthew C. Lorincz, Mohammad Mahdi Karimi, Steven J.M. Jones
10.1016/j.ajhg.2013.07.022	2013	An X-Linked Cobalamin Disorder Caused by Mutations in Transcriptional Coregulator HCFC1	The American Journal of Human Genetics	Hung‐Chun Yu, Jennifer L. Sloan, Gunter H. Scharer, Alison Brebner, Anita M. Quintana, Nathan P. Achilly, Irini Manoli, Curtis R. Coughlin, Elizabeth A. Geiger, Una G. Schneck, David Watkins, Terttu Suormala, Johan L.K. Van Hove, Brian Fowler, Matthias R. Baumgartner, David S. Rosenblatt, Charles P.
10.1111/mec.12519	2013	An inordinate fondness for beetles? Variation in seasonal dietary preferences of night‐roosting big brown bats ( Eptesicus fuscus )	Molecular Ecology	Elizabeth L. Clare, William O. C. Symondson, Melville Brockett Fenton
10.1111/mec.12512	2013	An integrative approach to detect subtle trophic niche differentiation in the sympatric trawling bat species M yotis dasycneme and M yotis daubentonii	Molecular Ecology	Friedrich Krüger, Elizabeth L. Clare, Stefan Greif, Björn M. Siemers, William O. C. Symondson, Robert S. Sommer
10.1007/s12041-013-0294-3	2013	An integrative bioinformatics pipeline for the genomewide identification of novel porcine microRNA genes	Journal of Genetics	Wei Fang, Na Zhou, Dengyun Li, Zhigang Chen, Pengfei Jiang, Deli Zhang
10.1016/j.celrep.2013.03.029	2013	Analysis of the DNA-Binding Profile and Function of TALE Homeoproteins Reveals Their Specialization and Specific Interactions with Hox Genes/Proteins	Cell Reports	Dmitry Penkov, Daniel Mateos San Martín, Luis C. Fernández, Catalina Ana Rosselló, Carlos Torroja, Fátima Sánchez‐Cabo, Hans-Jörg Warnatz, Marc Sultan, Marie L. Yaspo, Arianna Gabrieli, Tkachuk Va, Andrea Brendolan, Francesco Blasi, Miguel Torres
10.1186/1759-8753-4-26	2013	Analysis of western lowland gorilla (Gorilla gorilla gorilla) specific Alu repeats	Mobile DNA	Adam T. McLain, Glenn W Carman, Mitchell L. Fullerton, Thomas O. Beckstrom, William G. Gensler, Thomas Joshua Meyer, Christopher D. Faulk, Mark A. Batzer
10.1002/9781118297674.ch23	2013	Arabidopsis thaliana as Model for Studies on the Bacterial Root Microbiota		Klaus Schlaeppi, Emiel Ver Loren van Themaat, Davide Bulgarelli, Paul Schulze‐Lefert
10.1371/currents.tol.099161de5eabdee073fd3d21a44518dc	2013	Arbor: Comparative Analysis Workflows for the Tree of Life	PLoS Currents	Luke J. Harmon, Jeffrey Baumes, Charles E. Hughes, Jorge M. Soberón, Chelsea Dvorak Specht, Wesley Turner, Curtis R. Lisle, ROBERT W. THACKER
10.23860/thesis-anderson-elizabeth-2013	2013	Are Full-Length mRNA In Bos taurus Spermatozoa Transferred to the Oocyte During Fertilization?		Elizabeth J. Anderson
	2013	Are bacterial species really ecotypes	White Rose eTheses Online (University of Leeds, The University of Sheffield, University of York)	Nitin Kumar
10.1016/j.tplants.2013.03.005	2013	Arguments for standardizing transposable element annotation in plant genomes	Trends in Plant Science	Raja Ragupathy, Frank M. You, Sylvie Cloutier
10.1093/bioinformatics/btt390	2013	Automated QuantMap for rapid quantitative molecular network topology analysis	Bioinformatics	Wesley Schaal, Ulf Hammerling, Mats G. Gustafsson, Ola Spjuth
10.14806/ej.19.a.626	2013	Automated and traceable processing for large-scale high-throughput sequencing facilities	EMBnet journal	Luca Pireddu, Gianmauro Cuccuru, Luca Lianas, Matteo Vocale, Giorgio Fotia, Gianluigi Zanetti
10.1073/pnas.1211990110	2013	Aye-aye population genomic analyses highlight an important center of endemism in northern Madagascar	Proceedings of the National Academy of Sciences	George H. Perry, Edward E. Louis, Aakrosh Ratan, Oscar C. Bedoya-Reina, Richard C. Burhans, Runhua Lei, Steig E. Johnson, Stephan Christoph Schuster, Webb Miller
10.11606/t.64.2013.tde-22042013-163134	2013	Bacterial ecology in Amazonian soils under deforestation and agricultural management		Acácio Aparecido Navarrete
10.1038/nrg3624	2013	Bacterial genome sequencing in the clinic: bioinformatic challenges and solutions	Nature Reviews Genetics	W. Florian Fricke, David A. Rasko
10.1371/journal.pone.0057323	2013	Bidirectional Promoters as Important Drivers for the Emergence of Species-Specific Transcripts	PLoS ONE	Valer Gotea, Hanna M. Petrykowska, Laura L. Elnitski
10.12704/vb/e8	2013	BioUML Genome Browser	Virtual Biology	Tagir Valeev, Ivan Yevshin, Fedor Kolpakov
10.1007/978-3-642-30574-0_10	2013	Bioinformatic Methods to Discover Cis-regulatory Elements in mRNAs		Stewart G. Stevens, Chris M. Brown
10.1186/1471-2105-14-201	2013	Bioinformatic pipelines in Python with Leaf	BMC Bioinformatics	Francesco Napolitano, Renato Mariani‐Costantini, Roberto Tagliaferri
10.1039/9781849734363-00199	2013	Bioinformatics and Statistics: LC‐MS(/MS) Data Preprocessing for Biomarker Discovery	Royal Society of Chemistry eBooks	Peter L. Horvatovich, Frank Suits, Berend Hoekman, Rainer Bischoff
10.1002/art.38217	2013	Brief Report: Whole‐Exome Sequencing Revealing Somatic NLRP3 Mosaicism in a Patient With Chronic Infantile Neurologic, Cutaneous, Articular Syndrome	Arthritis & Rheumatology	Ebun Omoyinmi, Sonia Melo Gomes, Ariane S. I. Standing, Dorota M. Rowczenio, Despina Eleftheriou, Nigel J. Klein, Juan I. Aróstegui, Helen Jane Lachmann, Philip Nigel Hawkins, Paul A. Brogan
	2013	Bringing Scientific Workflow to the Masses via Pegasus and HUBzero.		Michael J. McLennan, Steven M. Clark, Frank McKenna, Ewa Deelman, Mats Rynge, Karan Vahi, Derrick Kearney, Carol Song
10.1016/j.stem.2013.06.006	2013	Browsing (Epi)genomes: A Guide to Data Resources and Epigenome Browsers for Stem Cell Researchers	Cell stem cell	Rahul Karnik, Alexander Meissner
10.1016/j.jmb.2013.07.038	2013	Building a Genome Analysis Pipeline to Predict Disease Risk and Prevent Disease	Journal of Molecular Biology	Yana Bromberg
10.1109/bmeicon.2013.6687676	2013	Building biomedical pipelines for large-scale sequencing analysis based on Galaxy and Cloud		Bo Liu, Jianqiang Li, Chunchen Liu
10.1109/bmei.2013.6747031	2013	Building localized bioinformatics platform based on Galaxy and high performance computing cluster		Xiaolei Wang, Jiangyu Li, Yang Liu, Yufeng Wang, Dongsheng Zhao
10.1038/emboj.2013.106	2013	C/EBP maintains chromatin accessibility in liver and facilitates glucocorticoid receptor recruitment to steroid response elements	The EMBO Journal	Lars Grøntved, Sam John, Songjoon Baek, Ying Liu, John R Buckley, Charles Vinson, Greti Aguilera, Gordon L. Hager
10.1016/j.future.2013.09.023	2013	CAMP: Community Access MODIS Pipeline	Future Generation Computer Systems	Valerie Hendrix, Lavanya Ramakrishnan, Youngryel Ryu, Catharine van Ingen, Keith Jackson, D. Agarwal
10.1021/pr400795c	2013	CAPER 2.0: An Interactive, Configurable, and Extensible Workflow-Based Platform to Analyze Data Sets from the Chromosome-centric Human Proteome Project	Journal of Proteome Research	Dan Wang, Zhongyang Liu, Feifei Guo, Lihong Diao, Yang Li, Xinlei Zhang, Zechi Huang, Dong Li, Fuchu He
10.1093/nar/gkt242	2013	COHCAP: an integrative genomic pipeline for single-nucleotide resolution DNA methylation analysis	Nucleic Acids Research	Charles Warden, Heehyoung Lee, Joshua D. Tompkins, Xiaojin Li, Charles Wang, Arthur D. Riggs, Hua Yu, Richard Jove, Yate‐Ching Yuan
10.1371/journal.pone.0074792	2013	Characterization and Phylogenetic Analysis of the Mitochondrial Genome of Glarea lozoyensis Indicates High Diversity within the Order Helotiales	PLoS ONE	Loubna Youssar, Björn Andreas Grüning, Stefan Günther, Wolfgang Hüttel
10.1007/s00251-013-0708-7	2013	Characterization of MHC class II B polymorphism in bottlenecked New Zealand saddlebacks reveals low levels of genetic diversity	Immunogenetics	Jolene T. Sutton, Bruce C. Robertson, Catherine E. Grueber, Jo‐Ann L. Stanton, Ian G. Jamieson
	2013	Characterization of Vomeronasal Type-1 Receptor (V1R) Repertoire Diversity in Mouse Lemurs (Genus Microcebus)		Amy Michelle, Kam May Heilman
10.1111/1755-0998.12205	2013	Characterizing DNA preservation in degraded specimens of A mara alpina( C arabidae: C oleoptera)	Molecular Ecology Resources	Peter D. Heintzman, Scott A. Elias, Karen Moore, Konrad H. Paszkiewicz, Ian Barnes
10.1101/gr.161919.113	2013	Chromosome-wide profiling of X-chromosome inactivation and epigenetic states in fetal brain and placenta of the opossum, Monodelphis domestica	Genome Research	Xu Wang, Kory C. Douglas, John L. VandeBerg, Andrew G. Clark, Paul B. Samollow
10.1038/nature11928	2013	Circular RNAs are a large class of animal RNAs with regulatory potency	Nature	Sebastian Memczak, Marvin Jens, Antigoni L Elefsinioti, Francesca Torti, Janna Krueger, Agnieszka Rybak‐Wolf, Luisa Maier, Sebastian D. Mackowiak, Lea H. Gregersen, Mathias Munschauer, Alexander Loewer, Ulrike Ziebold, Markus Landthaler, Christine Kocks, Ferdinand le Noble, Nikolaus Rajewsky
10.1002/0471250953.bi0915s43	2013	Cloud Computing with iPlant Atmosphere	Current Protocols in Bioinformatics	Sheldon McKay, Edwin J. Skidmore, Christopher J. LaRose, Andre W. Mercer, Christos Noutsos
10.1186/1471-2164-14-494	2013	Cloud-based uniform ChIP-Seq processing tools for modENCODE and ENCODE	BMC Genomics	Quang M. Trinh, Fei-Yang Arthur Jen, Ziru Zhou, Kar Ming Chu, Marc D. Perry, Ellen Towle Kephart, Sergio Contrino, Peter Ruzanov, Lincoln Stein
10.1145/2506583.2506605	2013	Cloud4SNP		Giuseppe Agapito, Mario Cannataro, Pietro Hiram Guzzi, Fabrizio Marozzo, Domenico Talia, Paolo Trunfio
10.1101/gr.164079.113	2013	Combinatorial effects of multiple enhancer variants in linkage disequilibrium dictate levels of gene expression to confer susceptibility to common traits	Genome Research	Olivia Corradin, Alina Saiakhova, Batool Akhtar‐Zaidi, Lois L. Myeroff, Joseph E. Willis, Richard Cowper‐Sal·lari, Mathieu Lupien, Sanford D. Markowitz, Peter C. Scacheri
10.1016/j.future.2013.09.018	2013	Common motifs in scientific workflows: An empirical analysis	Future Generation Computer Systems	Daniel Garijo, Pinar Alper, Khalid Belhajjame, Óscar Corcho, Yolanda Gil, Carole Goble
10.1186/1471-2164-14-412	2013	Comparative transcriptome analysis of obligately asexual and cyclically sexual rotifers reveals genes with putative functions in sexual reproduction, dormancy, and asexual egg production	BMC Genomics	Sara J. Hanson, Claus‐Peter Stelzer, David B. Mark Welch, John M. Logsdon
10.1186/1754-6834-6-72	2013	Comparative transcriptome analysis to investigate the high starch accumulation of duckweed (Landoltia punctata) under nutrient starvation	Biotechnology for Biofuels	Xiang Tao, Yang Fang, Yao Xiao, Yanling Jin, Xinrong Ma, Yun Fu Zhao, Kaize He, Hai Long Zhao, Haiyan Wang
10.1371/journal.pone.0082362	2013	Comparison of Ultra-Conserved Elements in Drosophilids and Vertebrates	PLoS ONE	Igor V. Makunin, Viktor V. Shloma, Stuart J. Stephen, Michael Pheasant, Stepan N. Belyakin
10.1128/jvi.02388-13	2013	Comprehensive Analysis of Human Endogenous Retrovirus Group HERV-W Locus Transcription in Multiple Sclerosis Brain Lesions by High-Throughput Amplicon Sequencing	Journal of Virology	Katja Schmitt, Christin Richter, Christina Backes, Eckart U. Meese, Klemens Ruprecht, Jens M. Mayer
10.1681/asn.2013050453	2013	Comprehensive Genetic Analysis of Complement and Coagulation Genes in Atypical Hemolytic Uremic Syndrome	Journal of the American Society of Nephrology	Fengxiao Bu, Tara Maga, Nicole C. Meyer, Kai You Wang, Christie P. Thomas, Carla Nester, Richard J. Smith
10.1371/journal.pcbi.1002962	2013	Computational Predictions Provide Insights into the Biology of TAL Effector Target Sites	PLoS Computational Biology	Jan Grau, Annett Wolf, Maik Reschke, Ulla Bonas, Stefan Posch, Jens Boch
	2013	Computational analysis of CpG site DNA methylation	Brunel University Research Archive (BURA) (Brunel University London)	Mohammadmersad Ghorbani
10.1093/bioinformatics/btt031	2013	Computational phosphorylation site prediction in plants using random forests and organism-specific instance weights	Bioinformatics	Brett Trost, ANTHONY J. KUSALIK
10.1080/15659801.2013.797676	2013	Computational population biology: linking the inner and outer worlds of organisms	Israel Journal of Ecology and Evolution	Wayne Marcus Getz
10.1038/nrg3433	2013	Computational solutions for omics data	Nature Reviews Genetics	Bonnie Berger, Jian Xun Peng, Mona Singh
10.1186/1471-2164-14-514	2013	Confero: an integrated contrast data and gene set platform for computational analysis and biological interpretation of omics data	BMC Genomics	Leandro C. Hermida, Carine Poussin, Michael Beda Stadler, Sylvain Gubian, Alain Sewer, Dimos Gaidatzis, Hans-Rudolf Hotz, Florian Pierre Martin, Vincenzo Belcastro, Stéphane Cano, Manuel C. Peitsch, Julia Hoeng
10.1371/journal.ppat.1003758	2013	Conservative Sex and the Benefits of Transformation in Streptococcus pneumoniae	PLoS Pathogens	Daniël J. P. Engelmoer, Ian J. Donaldson, Daniel E. Rozen
10.1371/annotation/40a74b75-fdcc-4c15-9ddb-cf6ac40464f7	2013	Correction: SNP Detection from De Novo Transcriptome Sequencing in the Bivalve Macoma balthica: Marker Development for Evolutionary Studies	PLoS ONE	Eric Pante, Audrey Rohfritsch, Vanessa Becquet, Khalid Belkhir, Nicolas Bierne, Pascale Garcia
10.3389/fmicb.2013.00282	2013	Coupled high-throughput functional screening and next generation sequencing for identification of plant polymer decomposing enzymes in metagenomic libraries	Frontiers in Microbiology	Mari Nyyssönen, Huu M. Q. Tran, Ulaş Karaöz, Claudia Weihe, Masood Z. Hadi, Jennifer B. H. Martiny, Adam Camillo Martiny, Eoin Brodie
10.1155/2013/709042	2013	CpGislandEVO: A Database and Genome Browser for Comparative Evolutionary Genomics of CpG Islands	BioMed Research International	Guillermo Barturen, Stefanie Geisen, Francisco Dios, E. J. Maarten Hamberg, Michael Hackenberg, José Luis Tejera Oliver
10.1095/biolreprod.112.103788	2013	Cryopreserved Bovine Spermatozoal Transcript Profile as Revealed by High-Throughput Ribonucleic Acid Sequencing1	Biology of Reproduction	Christopher J. Card, Elizabeth J. Anderson, Samanta Zamberlan, Karin E. Krieger, M. Kaproth, Becky L. Sartini
10.3390/pathogens2030556	2013	Culture-Independence for Surveillance and Epidemiology	Pathogens	Benjamin C Kirkup
10.12688/f1000research.2-192.v1	2013	Cyrface: An interface from Cytoscape to R that provides a user interface to R packages	F1000Research	Emanuel Gonçalves, Julio Sáez-Rodríguez
	2013	D2.2v2 Design, implementation and deployment of workflow lifecycle management components - Phase II		Khalid Belhajjame, Daniel Garijo, Graham Klyne, Raúl Palma, Esteban García-Cuesta, Asuncíon Gómez-Pérez
10.1093/dnares/dst017	2013	DDBJ Read Annotation Pipeline: A Cloud Computing-Based Pipeline for High-Throughput Analysis of Next-Generation Sequencing Data	DNA Research	Hideaki Nagasaki, Takako Mochizuki, Yuichi Kodama, Satoshi Saruhashi, S. Morizaki, Hideaki Sugawara, Hajime Ohyanagi, Nobuhiko Kurata, Kousaku Okubo, Toshiyuki Takagi, Eli Kaminuma, Yasukazu Nakamura
10.1093/nar/gkt1066	2013	DDBJ progress report: a new submission system for leading to a correct annotation	Nucleic Acids Research	Takehide Kosuge, Jun Mashima, Yuichi Kodama, Takatomo Fujisawa, Eli Kaminuma, Osamu Ogasawara, Kousaku Okubo, Toshihisa Takagi, Yasukazu Nakamura
10.1093/hmg/ddt131	2013	DNA polymerase ɛ and δ exonuclease domain mutations in endometrial cancer	Human Molecular Genetics	David N. Church, Sarah Briggs, Claire Palles, Enric Domingo, Stephen J. Kearsey, Jonathan M. Grimes, Maggie Gorman, Lynn M. Martin, Kimberley M. Howarth, Shirley Victoria Hodgson, Kulvinder Kaur, Jenny C. Taylor, Ian P.M. Tomlinson
10.1093/nar/gkt1174	2013	DNA secondary structures are associated with recombination in majorPlasmodium falciparumvariable surface antigen gene families	Nucleic Acids Research	Adam Frederik Sander, Thomas Lavstsen, Thomas S. Rask, Michael Lisby, Ali Salanti, Sarah L. Fordyce, Jakob Schmidt Jespersen, Richard Carter, Kirk Deitsch, Thor Grundtvig Theander, Anders Gorm Pedersen, David E. Arnot
10.4018/978-1-4666-3604-0.ch062	2013	Data Mining and Meta-Analysis on DNA Microarray Data	Bioinformatics	Triantafyllos Paparountas, Maria Nefeli Nikolaidou-Katsaridou, Gabriella Rustici, Vassilis Aidinis
10.1016/j.tube.2012.11.003	2013	Database resources for the tuberculosis community	Tuberculosis	Jocelyne M. Lew, Chunhong Mao, Maulik P. Shukla, Andrew S. Warren, Rebecca Will, Dmitry Kuznetsov, Ioannis Xénarios, Brian D. Robertson, Stephen Vincent Gordon, Dirk Schnappinger, Stewart Thomas Cole, Bruno Sobral
10.4161/trns.24885	2013	Decoding human gene expression signatures in the brain	Transcription	Guang-Zhong Wang, Geneviève Konopka
10.1186/2041-1480-4-7	2013	Deploying and sharing U-Compare workflows as web services	Journal of Biomedical Semantics	Georgios Kontonatsios, Ioannis Korkontzelos, BalaKrishna Kolluru, Paul M. Thompson, Sophia Ananiadou
10.11606/t.11.2013.tde-30102013-144329	2013	Descrição da microbiota relacionada às transformações do enxofre em sedimentos de manguezais		Maryeimy Varon Lopez
10.1016/j.cancergen.2013.11.003	2013	Design of targeted, capture-based, next generation sequencing tests for precision cancer therapy	Cancer Genetics	Ian S. Hagemann, Catherine E. Cottrell, Christina M. Lockwood
10.1007/978-1-62703-514-9_13	2013	Detection of Reverse Transcriptase Termination Sites Using cDNA Ligation and Massive Parallel Sequencing	Methods in molecular biology	Lukasz Jan Kielpinski, Mette Boyd, Albin Sandelin, Jeppe Vinther
10.1016/j.ymeth.2013.06.003	2013	Detection of non-coding RNA in bacteria and archaea using the DETR’PROK Galaxy pipeline	Methods	Claire Toffano‐Nioche, Yufei Luo, Claire Kuchly, Claire Wallon, Delphine Steinbach, Matthias Zytnicki, Annick Jacq, Daniel Gautheret
10.1145/2484762.2484784	2013	Developing a high-volume batch submission system for earthquake engineering		Anup Mohan, Thomas J. Hacker, Gregory P. Rodgers
10.25549/usctheses-c3-223572	2013	Developing statistical and algorithmic methods for shotgun metagenomics and time series analysis	viXra	Xia, Li Charlie (author)
10.1002/bdra.23126	2013	Developmental profiles of the murine palatal methylome	Birth Defects Research Part A Clinical and Molecular Teratology	Ratnam S. Seelan, Savitri N. Appana, Partha Mukhopadhyay, Dennis Ray Warner, Guy Nathaniel Brock, Marina Pisano, Robert M. Greene
10.1111/mec.12547	2013	Diet of the insectivorous bat P ipistrellus nathusiiduring autumn migration and summer residence	Molecular Ecology	Frauke Krüger, Elizabeth L. Clare, William O. C. Symondson, Oskars Keišs, Gunārs Pētersons
10.1111/mec.12445	2013	Dietary competition between the alien A sian M usk S hrew ( S uncus murinus) and a re‐introduced population of T elfair's S kink ( L eiolopisma telfairii)	Molecular Ecology	D. S. Brown, Richard L. Burger, Nik C. Cole, DASS ROY VENCATASAMY, Elizabeth L. Clare, Anna Montazam, William O. C. Symondson
10.1186/1742-4690-10-156	2013	Differential inhibition of LINE1 and LINE2 retrotransposition by vertebrate AID/APOBEC proteins	Retrovirology	Nataša Lindič, Maruška Budič, Toni Petan, Binyamin A. Knisbacher, Erez Y. Levanon, Nika Lovšin
10.1371/journal.pone.0077985	2013	Discovery of Microorganisms and Enzymes Involved in High-Solids Decomposition of Rice Straw Using Metagenomic Analyses	PLoS ONE	Amitha P. Reddy, Christopher W. Simmons, Patrik D’haeseleer, Jane I. Khudyakov, Helcio Burd, Masood Z. Hadi, Blake Alexander Simmons, Steven W. Singer, Michael P. Thelen, Jean S. VanderGheynst
	2013	Discovery of Putative STAT5 Transcription Factor Binding Sites in Mice with Diabetic Nephropathy	OhioLink ETD Center (Ohio Library and Information Network)	Jens Schmidt
10.1371/journal.pone.0072614	2013	DistMap: A Toolkit for Distributed Short Read Mapping on a Hadoop Cluster	PLoS ONE	Ram Vinay Pandey, Christian Schlötterer
10.1038/emboj.2013.111	2013	Distinct mechanisms of transcriptional pausing orchestrated by GAGA factor and M1BP, a novel transcription factor	The EMBO Journal	Jian Li, David S. Gilmour
10.1145/2534248.2534259	2013	Distributed tools deployment and management for multiple galaxy instances in globus genomics		Dinanath Sulakhe, Alex C. Rodriguez, Nick Prozorovsky, Nilesh Kavthekar, Ravi Madduri, Amol Parikh, Paul Dave, Łukasz Łaciński, Ian T Foster
	2013	Dynamic benchmarking in bioinformatics	NORA - Norwegian Open Research Archives	Anders Ramsvik Bragstad
10.4161/cc.24742	2013	Dynamic changes in the genomic localization of DNA replication-related element binding factor during the cell cycle	Cell Cycle	B. V. Gurudatta, Jingping Yang, Kevin Van Bortle, Paul Gregory Donlin-Asp, Victor G. Corces
10.1093/bioinformatics/btt113	2013	EDAM: an ontology of bioinformatics operations, types of data and identifiers, topics and formats	Bioinformatics	Jon Ison, Matúš Kalaš, Inge Jonassen, Dan M Bolser, Mahmut Uludağ, Hamish McWilliam, JAMES M. MALONE, Rodrigo Sanz López, Steve R. Pettifer, Peter Rice
10.14806/ej.19.a.689	2013	EMBnet.journal 19 Suppl. A	EMBnet journal	EMBnet journal
10.14806/ej.19.b.749	2013	EMBnet.journal 19 Suppl. B	EMBnet journal	EMBnet journal
10.1017/s1431927612014043	2013	EMEN2: An Object Oriented Database and Electronic Lab Notebook	Microscopy and Microanalysis	Ian Rees, Ed Langley, Wah Keung Chiu, Steven J. Ludtke
10.3390/biology2020629	2013	Ecology of Subglacial Lake Vostok (Antarctica), Based on Metagenomic/Metatranscriptomic Analyses of Accretion Ice	Biology	Scott Orland Rogers, Yury M. Shtarkman, Zeynep A. Koçer, Robyn E. Edgar, Ram Veerapaneni, Tom D’Elia
10.1093/bioinformatics/btt070	2013	Efficient comparison of sets of intervals with NC-lists	Bioinformatics	Matthias Zytnicki, Yufei Luo, Hadi Quesneville
10.31274/etd-180810-2130	2013	Elucidating mechanisms of toxicity and engineering Escherichia coli for tolerance of short chain fatty acids		Liam A. Royce
10.1038/ng.2761	2013	Enabling transparent and collaborative computational analysis of 12 tumor types within The Cancer Genome Atlas	Nature Genetics	Larsson Omberg, Kyle Ellrott, Yuan Yuan, Cyriac Kandoth, Chris Wong, Michael Kellen, Stephen Henry Friend, Joshua M. Stuart, Han Liang, Adam A Margolin
10.1371/journal.pone.0075110	2013	Evidence of Coat Color Variation Sheds New Light on Ancient Canids	PLoS ONE	Morgane Ollivier, Anne Tresset, Christophe Hitte, Coraline Petit, Sandrine Hughes, Benjamin Gillet, Marilyne Duffraisse, Maud Pionnier-Capitan, Laëtitia Lagoutte, Rose‐Marie Arbogast, Adrian Bălăşescu, Adina Boroneanț, Marjan Mashkour, Jean‐Denis Vigne, Catherine Hänni
10.1145/2484762.2484827	2013	Experiences in building a next-generation sequencing analysis service using galaxy, globus online and Amazon web service		Ravi Madduri, Paul Dave, Dinanath Sulakhe, Łukasz Łaciński, Bo Liu, Ian T Foster
10.1007/s10723-013-9262-7	2013	Exploring Workflow Interoperability for Neuroimage Analysis on the SHIWA Platform	Journal of Grid Computing	Vladimir V. Korkhov, Dagmar Krefting, Tamas Kukla, Gabor Z. Terstyanszky, Matthan W.A. Caan, Silvia Delgado Olabarriaga
10.1093/bib/bbt055	2013	Facilitating the use of large-scale biological data and tools in the era of translational bioinformatics	Briefings in Bioinformatics	Irene A. Kouskoumvekaki, Nour W Shublaq, Søren Brunak
10.3410/f.718151387.793486069	2013	Faculty Opinions recommendation of Hsp70-Hsp40 chaperone complex functions in controlling polarized growth by repressing Hsf1-driven heat stress-associated transcription.	Faculty Opinions – Post-Publication Peer Review of the Biomedical Literature	Leah E. Cowen, Michelle D. Leach
10.3410/f.718140570.793485265	2013	Faculty Opinions recommendation of Structure of the CRISPR interference complex CSM reveals key similarities with cascade.	Faculty Opinions – Post-Publication Peer Review of the Biomedical Literature	Hong Li
10.3410/f.718074555.793482118	2013	Faculty Opinions recommendation of Therapeutic helminth infection of macaques with idiopathic chronic diarrhea alters the inflammatory signature and mucosal microbiota of the colon.	Faculty Opinions – Post-Publication Peer Review of the Biomedical Literature	Julius Lukeš
10.3410/f.717991054.793473285	2013	Faculty Opinions recommendation of Transcript dynamics of proinflammatory genes revealed by sequence analysis of subcellular RNA fractions.	Faculty Opinions – Post-Publication Peer Review of the Biomedical Literature	Karla M. Neugebauer
10.1145/2542168	2013	Form-Based Web Service Composition for Domain Experts	ACM Transactions on the Web	Ingo M. Weber, Hye-Young Paik, Boualem Benatallah
10.1534/genetics.113.149567	2013	Forward Genetics by Genome Sequencing Reveals That Rapid Cyanide Release Deters Insect Herbivory of Sorghum bicolor	Genetics	Kartikeya Krothapalli, Elizabeth M. Buescher, Xu Li, Elliot Brown, Clint C. S. Chapple, Brian P. Dilkes, Mitchell R. Tuinstra
10.1016/j.jbspin.2013.07.006	2013	Frequency of CYP2C9 polymorphisms in polynesian people and potential relevance to management of gout with benzbromarone	Joint Bone Spine	Rebecca L Roberts, Mary C. Wallace, Daniel F. B. Wright, Murray J. Cadzow, Nicola Dalbeth, Peter Brian Jones, Lisa K. Stamp, Andrew A. Harrison, Michael A. Black, Tony Raymond Merriman
10.15496/publikation-3781	2013	From the Desktop to the Grid: conversion of KNIME Workflows to gUSE	MPG.PuRe (Max Planck Society)	Luis de la Garza, Jens Krüger, Ch. Schärfe, Marc Röttig, Stephan Aiche, Knut Reinert, Oliver Kohlbacher
10.13021/mars/4830	2013	GPU based Eulerian Assembly of Genomes		Syed Faraz Mahmood
10.1093/bioinformatics/btt115	2013	Galaxy LIMS for next-generation sequencing	Bioinformatics	Jelle Scholtalbers, Jasmin Rößler, Patrick Sorn, Jos de Graaf, Valesca Boisguérin, John C. Castle, Uğur Şahin
	2013	Galaxy based BLAST submission to distributed national high throughput computing resources	IUScholarWorks (Indiana University)	Soichi Hayashi, Sandra Gesing, Rob Quick, Scott TEIGE, Carrie L. Ganote, Le‐Shin Wu, Elizabeth Prout
10.7717/peerj.167	2013	Galaxy tools and workflows for sequence analysis with applications in molecular plant pathology	PeerJ	Peter Cock, Björn Andreas Grüning, Konrad H. Paszkiewicz, Leighton Pritchard
10.1186/2047-217x-2-17	2013	Galaxy tools to study genome diversity	GigaScience	Oscar C. Bedoya-Reina, Aakrosh Ratan, Richard C. Burhans, Hie Lim Kim, Belinda M. Giardine, Cathy Riemer, Qunhua Li, Thomas L. Olson, Thomas P. Loughran, Bridgett M. vonHoldt, George H. Perry, Stephan Christoph Schuster, Webb Miller
	2013	Gamete differentiation : a genetic, biochemical and evolutionary study using Ectocarpus siliculosus	Ghent University Academic Bibliography (Ghent University)	Agnieszka P. Lipinska
10.1371/journal.pone.0083016	2013	Gathering and Exploring Scientific Knowledge in Pharmacovigilance	PLoS ONE	Pedro Henrique de Meneses Bittencourt Lopes, Tiago Nunes, David Campos, Laura Ines Furlong, Anna Bauer‐Mehren, Ferrán Sanz, Maria C. Carrascosa, Jordi Mestres, Jan A. Kors, Bharat Singh, Erik M. van Mulligen, Johan van der Lei, Gayo Diallo, Paul Avillach, Ernst Ahlberg, Scott K. Boyer, Carlos Díaz, 
10.1038/ismej.2013.167	2013	Gene-targeted metagenomic analysis of glucan-branching enzyme gene profiles among human and animal fecal microbiota	The ISME Journal	Sunghee Lee, Brandi L. Cantarel, Bernard Henrissat, Dirk Gevers, Bruce W. Birren, Curtis Huttenhower, GwangPyo Ko
10.1093/nar/gkt966	2013	GeneProf data: a resource of curated, integrated and reusable high-throughput genomics experiments	Nucleic Acids Research	Florian Halbritter, Anastasia I. Kousa, Simon R. Tomlinson
10.4172/jpb.1000278	2013	Genocms - The Content Management System for Genes and Proteins	Journal of Proteomics & Bioinformatics	Ekaterina Vladimirovna Poverennaya
10.1128/genomea.00034-13	2013	Genome Sequences and Photosynthesis Gene Cluster Composition of a Freshwater Aerobic Anoxygenic Phototroph, Sandarakinorhabdus sp. Strain AAP62, Isolated from the Shahu Lake in Ningxia, China	Genome Announcements	Yonghui Zeng, Fuying Feng, Yapeng Liu, Yunxu Li, Michal Koblížek
10.1109/tcbb.2013.140	2013	Genome-Guided Transcriptome Assembly in the Age of Next-Generation Sequencing	IEEE Transactions on Computational Biology and Bioinformatics	Liliana Florea, Steven L. Salzberg
10.1007/978-1-62703-429-6_11	2013	Genome-Wide Analysis of c-MYC-Regulated mRNAs and miRNAs, and c-MYC DNA Binding by Next-Generation Sequencing	Methods in molecular biology	René Jackstadt, Antje Menssen, Heiko Hermeking
10.1371/journal.pone.0064779	2013	Genome-Wide Small RNA Sequencing and Gene Expression Analysis Reveals a microRNA Profile of Cancer Susceptibility in ATM-Deficient Human Mammary Epithelial Cells	PLoS ONE	Jill E. Hesse, Liwen Liu, Cynthia L. Innes, Yuxia Cui, Stela S. Palii, Richard S. Paules
10.1371/journal.ppat.1003271	2013	Genome-wide Determinants of Proviral Targeting, Clonal Abundance and Expression in Natural HTLV-1 Infection	PLoS Pathogens	Anat Melamed, Daniel Joseph Laydon, Nicolas Albert Gillet, Yuetsu Tanaka, Graham Philip Taylor, Charles R. M. Bangham
10.1016/j.cell.2013.11.016	2013	Genome-wide Map of Nuclear Protein Degradation Shows NCoR1 Turnover as a Key to Mitochondrial Gene Regulation	Cell	André Catic, Carol Y. Suh, Cedric T. Hill, Laurence M. Daheron, Theresa Henkel, Keith William Orford, David Dombkowski, Tao Liu, X. Shirley Liu, David T. Scadden
10.1186/1471-2164-14-67	2013	Genome-wide analysis of human hotspot intersected genes highlights the roles of meiotic recombination in evolution and disease	BMC Genomics	Tao Zhou, Zhibin Hu, Zuomin Zhou, Xuejiang Guo, Jiahao Sha
10.1073/pnas.1300428110	2013	Genome-wide identification of Bacillus subtilis CodY-binding sites at single-nucleotide resolution	Proceedings of the National Academy of Sciences	Boris R. Belitsky, Abraham L. Sonenshein
10.1111/tpj.12229	2013	Genome‐wide transcript analysis of early maize leaf development reveals gene cohorts associated with the differentiation of C4 K ranz anatomy	The Plant Journal	Peng Wang, Steven L. Kelly, Jim P. Fouracre, Jane A. Langdale
10.1109/tcbb.2012.170	2013	Genomic Region Operation Kit for Flexible Processing of Deep Sequencing Data	IEEE Transactions on Computational Biology and Bioinformatics	Kristian Ovaska, Lauri Lyly, Biswajyoti Sahu, Olli A. Jänne, Sampsa Hautaniemi
10.1016/b978-0-12-396967-5.00010-4	2013	Genomic Resource Projects	Elsevier eBooks	Matthew D. Parker, Erin Hedlund, Jinghui Zhang
10.1093/database/bat058	2013	GnpIS: an information system to integrate genetic and genomic data from plants and fungi	Database	Delphine Steinbach, Michaël Alaux, Joëlle Amselem, Nathalie Choisne, Sophie Durand, Raphaël Flores, Aminah-Olivia Keliet, Alec C. Kimmelman, Nicolas Lapalu, Isabelle Luyten, Célia Michotey, Nacer Mohellibi, Cyril Pommier, Sébastien Reboux, Dorothée Valdenaire, Daphné Verdelet, Hadi Quesneville
10.1371/journal.pone.0069666	2013	GobyWeb: Simplified Management and Analysis of Gene Expression and DNA Methylation Sequencing Data	PLoS ONE	Kevin C. Dorff, Nyasha Chambwe, Zachary Zeno, Manuele Simi, Rita Shaknovich, Fabien Campagne
10.1093/database/bat061	2013	Groups: knowledge spreadsheets for symbolic biocomputing	Database	Michael Travers, Suzanne Paley, Jeff Shrager, Timothy A. Holland, Peter D. Karp
10.1186/1471-2164-14-688	2013	Guide: a desktop application for analysing gene expression data	BMC Genomics	Jarny Choi
10.1097/qad.0b013e3283611816	2013	Gut Lactobacillales are associated with higher CD4 and less microbial translocation during HIV infection	AIDS	Josué Pérez‐Santiago, Sara Gianella, Marta Massanella, Celsa A. Spina, Maile Karris, Susanna R. Var, Derek R. Patel, Parris S. Jordan, Jason A. Young, Susan J. Little, Douglas D. Richman, Davey Mitchell Smith
10.1016/j.cell.2013.04.048	2013	HIF1A Employs CDK8-Mediator to Stimulate RNAPII Elongation in Response to Hypoxia	Cell	Matthew D. Galbraith, Mary Ann Allen, Claire Bensard, Xiaoxing Wang, Marie K. Schwinn, Bo Qin, Henry W. Long, Danette L. Daniels, William C. Hahn, Robin D. Dowell, Joaquin Maximiliano Espinosa
	2013	HPC-ready Language Analysis for Human Beings	DSpace repository (University of Tartu)	Emanuele Lapponi, Erik Velldal, Nikolay Vazov, Stephan Oepen
10.1016/j.chom.2013.02.006	2013	HRas Signal Transduction Promotes Hepatitis C Virus Cell Entry by Triggering Assembly of the Host Tetraspanin Receptor Complex	Cell Host & Microbe	Laetitia Zona, Joachim Lupberger, Nazha Sidahmed‐Adrar, Christine Thumann, Helen J. Harris, Amy Barnes, Jonathan Florentin, Rajiv G. Tawar, Fei Xiao, Marine Turek, Sarah Durand, François H.T. Duong, Markus Hermann Heim, François‐Loïc Cosset, Ivan Hirsch, Didier Samuel, Laurent Brino, Mirjam B. Zeise
10.1093/bioinformatics/btt352	2013	Harnessing virtual machines to simplify next-generation DNA sequencing analysis	Bioinformatics	Julie Nocq, Magalie Celton, Patrick Gendron, Sébastien Lemieux, Brian T. Wilhelm
10.1371/journal.pone.0076546	2013	High-Throughput Sequencing of Islet-Infiltrating Memory CD4+ T Cells Reveals a Similar Pattern of TCR Vβ Usage in Prediabetic and Diabetic NOD Mice	PLoS ONE	Idania Marrero, David E. Hamm, Joanna Davida Davies
10.1007/978-1-4614-8778-4_3	2013	High-Throughput Translational Medicine: Challenges and Solutions	Advances in experimental medicine and biology	Dinanath Sulakhe, Sandhya Balasubramanian, Bingqing Xie, Eduardo Berrocal, Bo Feng, Andrew James Taylor, Bhadrachalam Chitturi, Utpal J. Dave, Gady Agam, Jinbo Xu, Daniela Börnigen, Inna L Dubchak, T. Conrad Gilliam, Natalia Maltsev
10.1002/stem.1341	2013	Histone Acetyltransferase Cofactor Trrap Maintains Self-Renewal and Restricts Differentiation of Embryonic Stem Cells	Stem Cells	Carla Sawan, Héctor Hernández‐Vargas, Rabih Murr, Fabrice Lopez, Thomas Vaissière, Akram Ghantous, Cyrille Cuenin, Jean Imbert, Zhao‐Qi Wang, Bing Ren, Zdenko Herceg
10.1093/nar/gkt762	2013	Homology-mediated end-capping as a primary step of sister chromatid fusion in the breakage-fusion-bridge cycles	Nucleic Acids Research	Michael L. Marotta, Xiongfong Chen, Takaaki Watanabe, Pieter W. Faber, Scott J. Diede, Stephen J. Tapscott, Raymond Tubbs, Anna A. Kondratova, Robert M. Stephens, Hisashi Tanaka
10.1093/nar/gkt998	2013	Hox in motion: tracking HoxA cluster conformation during differentiation	Nucleic Acids Research	Mathieu  C. Rousseau, Jennifer Lynn Crutchley, Hisashi Miura, Matthew J Suderman, Mathieu Blanchette, Josée Dostie
10.1371/journal.pgen.1003886	2013	Hsp70-Hsp40 Chaperone Complex Functions in Controlling Polarized Growth by Repressing Hsf1-Driven Heat Stress-Associated Transcription	PLoS Genetics	Aleksandar Vještica, Dan Zhang, Jianhua Liu, Snezhana Oliferenko
10.1089/big.2013.0031	2013	Human Analysts at Superhuman Scales: What Has Friendly Software To Do?	Big Data	Élénie Godzaridis, Sébastien Boisvert, Fangfang Xia, Mikhail Eugene Kandel, Steve Behling, Bill Long, Carlos P. Sosa, François Laviolette, Jacques Corbeil
	2013	ICAT Job Portal: a generic job submission system built on a scientific data catalog.		Stephen M. Fisher, Kevin Phipps, Daniel J. Rolfe
10.1038/mi.2013.31	2013	IL-22-producing CD4+ cells are depleted in actively inflamed colitis tissue	Mucosal Immunology	Jacqueline M. Leung, Mark Davenport, Martin J. Wolff, Kirsten E. Wiens, Wasif M. Abidi, Michael A. Poles, Ilseung Cho, Thomas A. Ullman, Lauren Mayer, P’ng Loke
10.1128/jb.02041-12	2013	Identification of CodY Targets in Bacillus anthracis by Genome-Wide In Vitro Binding Analysis	Journal of Bacteriology	Alice Château, Willem van Schaik, Praveen Joseph, Luke D. Handke, Shonna M. McBride, Frédéric Smeets, Abraham L. Sonenshein, Agnès Fouet
10.1007/978-1-62703-299-5_13	2013	Identification of Mutations in Evolved Bacterial Genomes	Methods in molecular biology	Liam A. Royce, Erin Boggess, Tao Jin, Julie A. Dickerson, Laura R. Jarboe
10.1002/0471142727.mb0713s104	2013	Identification of Mutations in Zebrafish Using Next‐Generation Sequencing	Current Protocols in Molecular Biology	Katrin Henke, Margot E. Bowen, Matthew P. Harris
10.1002/mgg3.23	2013	Identification of novel point mutations in splicing sites integrating whole‐exome and RNA ‐seq data in myeloproliferative diseases	Molecular Genetics & Genomic Medicine	Roberta Spinelli, Alessandra Pirola, Sara Redaelli, Nitesh Devinarayan Sharma, Hima Raman, Simona Valletta, Vera Magistroni, Rocco Piazza, Carlo B Gambacorti-Passerini
10.1371/journal.pone.0076561	2013	Identifying Genes Relevant to Specific Biological Conditions in Time Course Microarray Experiments	PLoS ONE	Nitesh Kumar Singh, Dirk Repsilber, Volkmar Liebscher, Leila Taher, Georg Fuellen
10.1007/s00251-013-0692-y	2013	IgH loci of American alligator and saltwater crocodile shed light on IgA evolution	Immunogenetics	Susana Magadán, Christian Sánchez‐Espinel, Francisco Gambón-Deza
10.3389/fphys.2013.00180	2013	Immune response of the Caribbean sea fan, Gorgonia ventalina, exposed to an Aplanochytrium parasite as revealed by transcriptome sequencing	Frontiers in Physiology	Colleen A. Burge, Morgan E. Mouchka, C. Drew Harvell, Steven Roberts
10.1007/s00251-013-0678-9	2013	Immunoglobulin light chains in medaka (Oryzias latipes)	Immunogenetics	Susana Magadán, Anastasia M. Zimmerman, Christian Sánchez‐Espinel, Francisco Gambón-Deza
10.1111/mec.12523	2013	Improving accuracy of DNA diet estimates using food tissue control materials and an evaluation of proxies for digestion bias	Molecular Ecology	Austen C. Thomas, Simon Jarman, Katherine H. Haman, Andrew W. Trites, Bruce Emerson Deagle
10.1016/j.ymeth.2013.11.006	2013	In silico to in vivo splicing analysis using splicing code models	Methods	Matthew R. Gazzara, Jorge Vaquero-Garcia, Kristen W. Lynch, Yoseph Barash
10.1038/emi.2013.13	2013	Integrated whole-genome sequencing and temporospatial analysis of a continuing Group A Streptococcus epidemic	Emerging Microbes & Infections	Nahuel Fittipaldi, Gregory J. Tyrrell, Donald E. Low, Irene Etayo Martín, Yun-Te Lin, Kumar L Hari, James M. Musser
10.1016/j.stem.2013.03.003	2013	Integration of Genome-wide Approaches Identifies lncRNAs of Adult Neural Stem Cells and Their Progeny In Vivo	Cell stem cell	Alexander D. Ramos, Aaron  A. Diaz, Abhinav Nellore, Ryan N. Delgado, Ki-Youb Park, Gabriel Gonzales-Roybal, Michael C. Oldham, Jun S. Song, Daniel A. Lim
10.1007/s00438-013-0771-7	2013	Integration of genomic and functional approaches reveals enhancers at LMX1A and LMX1B	Molecular Genetics and Genomics	Grzegorz M. Burzynski, Xylena Reed, Samantha Maragh, Takeshi Matsui, Andrew S. McCallion
10.1016/j.cell.2013.01.009	2013	LBR and Lamin A/C Sequentially Tether Peripheral Heterochromatin and Inversely Regulate Differentiation	Cell	Irina V. Solovei, Audrey Shimei Wang, Katharina Thanisch, Christine S. Schmidt, Stefan Krebs, Monika Zwerger, Tatiana V. Cohen, Didier Devys, Roland Foisner, Leo Peichl, Harald O. Herrmann, Helmut Blum, Dieter Engelkamp, Colin L. Stewart, Heinrich Leonhardt, Boris I. Joffe
	2013	LINEs, SINEs, and Wallabies: The Dynamic Landscape of a Regional Centromere	OpenCommons at University of Connecticut (University of Connecticut)	Laura E. Hall
10.1186/2047-217x-2-9	2013	Lessons learned from implementing a national infrastructure in Sweden for storage and analysis of next-generation sequencing data	GigaScience	Samuel Lampa, Martin Dahlö, Pall I. Olason, Jonas Hagberg, Ola Spjuth
10.1136/amiajnl-2013-002059	2013	Leveraging the national cyberinfrastructure for biomedical research	Journal of the American Medical Informatics Association	Richard D. LeDuc, Matthew W. Vaughn, John M. Fonner, Michael B. Sullivan, James Gordon Williams, Philip D. Blood, James Taylor, William K. Barnett
10.3389/fmicb.2013.00315	2013	Life at high salt concentrations, intracellular KCl concentrations, and acidic proteomes	Frontiers in Microbiology	Aharon Oren
10.1016/j.bone.2013.10.011	2013	Localization of the gene for X-linked calvarial hyperostosis to chromosome Xq27.3–Xqter	Bone	Vere Borra, Ellen Steenackers, Fenna de Freitas, Els Van Hul, Ian A. Glass, Wim Van Hul
10.1186/1471-2164-14-258	2013	Long-range transcriptional regulation by the p110 CUX1 homeodomain protein on theENCODE array	BMC Genomics	Charles Vadnais, Arif Awan, Ryoko Harada, Pier‐Luc Clermont, Lam Leduy, Ginette Bérubé, Alain Nepveu
10.1186/2041-1480-4-4	2013	MAPI: a software framework for distributed biomedical applications	Journal of Biomedical Semantics	Johan A Karlsson, Oswaldo Trelles
10.20381/ruor-2945	2013	MBBR Ammonia Removal: An Investigation of Nitrification Kinetics, Biofilm and Biomass Response, and Bacterial Population Shifts During Long-Term Cold Temperature Exposure	uO Research (University of Ottawa)	Valerie Hoang
10.1007/978-1-4614-6418-1_238-1	2013	METAREP, Overview		Johannes B. Goll
10.1007/s10723-013-9260-9	2013	Managing and Optimizing Bioinformatics Workflows for Data Analysis in Clouds	Journal of Grid Computing	Vincent C. Emeakaroha, Michael J. Maurer, Patrick Stern, Paweł Piotr Łabaj, Ivona Brandić, David Philip Kreil
10.1111/gbb.12099	2013	Mapping genetic modifiers of survival in a mouse model of Dravet syndrome	Genes Brain & Behavior	Anthony R. Miller, Nikki A. Hawkins, C. E. McCollom, Jennifer A. Kearney
10.1111/febs.12177	2013	Marine R hodobacteraceae l ‐haloacid dehalogenase contains a novel H is/ G lu dyad that could activate the catalytic water	FEBS Journal	Halina R. Novak, C. Sayer, Michail N. Isupov, Konrad H. Paszkiewicz, Dorothee Götz, Andrew Mearns Spragg, Jennifer Ann Littlechild
10.1371/journal.ppat.1003687	2013	Massive Depletion of Bovine Leukemia Virus Proviral Clones Located in Genomic Transcriptionally Active Sites during Primary Infection	PLoS Pathogens	Nicolas Albert Gillet, Gerónimo Gutiérrez, Sabrina Rodríguez, Alix de Brogniez, Nathalie Renotte, Irene Álvarez, Karina Gabriela Trono, Luc Willems
10.1534/g3.112.005173	2013	Mature Microsatellites: Mechanisms Underlying Dinucleotide Microsatellite Mutational Biases in Human Cells	G3 Genes Genomes Genetics	Beverly A. Baptiste, Guruprasad Ananda, Noelle Strubczewski, Andrew Lutzkanin, Su Jen Khoo, Abhinaya Srikanth, Nari Kim, Kateryna D. Makova, Maria M. Krasilnikova, Kristin A. Eckert
10.1371/journal.pone.0076079	2013	Metagenomic Profiling of Antibiotic Resistance Genes and Mobile Genetic Elements in a Tannery Wastewater Treatment Plant	PLoS ONE	Zhu Wang, Xuxiang Zhang, Kailong Huang, Yu Miao, Peng Shi, Bo Liu, Chao Long, Aimin Li
10.1371/journal.pone.0063816	2013	Microbial Diversity Analysis of Fermented Mung Beans (Lu-Doh-Huang) by Using Pyrosequencing and Culture Methods	PLoS ONE	Shiou-Huei Chao, Hui-Yu Huang, Chuan-Hsiung Chang, Chih-Hsien Yang, Wei-Shen Cheng, Ya-Huei Kang, Koichi Watanabe, Ying-Chieh Tsai
10.1371/journal.pone.0054710	2013	Microsatellite Tandem Repeats Are Abundant in Human Promoters and Are Associated with Regulatory Elements	PLoS ONE	Sterling M. Sawaya, Andrew Bagshaw, Emmanuel Buschiazzo, Pankaj Kumar, Shantanu Chowdhury, Michael A. Black, Neil J. Gemmell
10.1007/978-3-642-37015-1_12	2013	Mobi-CoSWAC: An Access Control Approach for Collaborative Scientific Workflow in Mobile Environment	Lecture notes in computer science	Zhaocan Chen, Tun Lu, Tiejiang Liu, Ning Gu
10.1007/978-3-319-03035-7_2	2013	Modeling Genome Data Processing Pipelines	In-memory data management research	Marie Schäffer
10.1002/9780470015902.a0025011	2013	Mouse Genetic and Phenotypic Resources as Tools for Human Genetics	Encyclopedia of Life Sciences	John M. Hancock
10.1534/g3.113.006429	2013	Mutation Rates, Spectra, and Genome-Wide Distribution of Spontaneous Mutations in Mismatch Repair Deficient Yeast	G3 Genes Genomes Genetics	Gregory I. Lang, Lance Parsons, Alison E. Gammie
10.1016/j.ajhg.2013.05.018	2013	Mutations in KARS, Encoding Lysyl-tRNA Synthetase, Cause Autosomal-Recessive Nonsyndromic Hearing Impairment DFNB89	The American Journal of Human Genetics	Regie Lyn P. Santos‐Cortez, Kwanghyuk Lee, Zahid Azeem, Patrick J. Antonellis, Lana M. Pollock, Saadullah Khan, Irfanullah Irfanullah, Paula B. Andrade-Elizondo, Ilene Chiu, Mark D. Adams, Sulman Basit, Joshua D. Smith, Deborah A. Nickerson, Brian M. McDermott, Wasim Ahmad, Suzanne M. Leal
10.1186/1471-2105-14-s7-s10	2013	NGS-Trex: Next Generation Sequencing Transcriptome profile explorer	BMC Bioinformatics	Ilenia Boria, Lara Boatti, Graziano Pesole, Flavio Mignone
10.1145/2484762.2484790	2013	National Center for Genome Analysis support leverages XSEDE to support life science research		Richard D. LeDuc, Thomas G. Doak, Le‐Shin Wu, Philip D. Blood, Carrie L. Ganote, Matthew W. Vaughn
	2013	Next-generation nematode genomes	ERA	Sujai Kumar
10.1186/1471-2105-14-98	2013	NightShift: NMR shift inference by general hybrid model training - a framework for NMR chemical shift prediction	BMC Bioinformatics	Anna Katharina Dehof, Simon Loew, Hans‐Peter Lenhof, Andreas Hildebrandt
10.1016/j.watres.2013.11.018	2013	Nitrifying moving bed biofilm reactor (MBBR) biofilm and biomass response to long term exposure to 1 °C	Water Research	Valerie Hoang, Robert Delatolla, Turki S. Abujamel, Walid Mottawea, Alain Gadbois, Édith Laflamme, Alain Stintzi
10.31390/gradschool_dissertations.3458	2013	Novel computational tools and utilization of the gut microbiota for phylogeographic inference		Sarah M. Hird
10.1093/bioinformatics/btt085	2013	Nozzle: a report generation toolkit for data analysis pipelines	Bioinformatics	Nils Gehlenborg, Michael S. Noble, Gad A. Getz, Lynda Chin, Peter J. Park
	2013	OPPL-Galaxy, a Galaxy tool for enhancing ontology exploitation as part of bioinformatics		Chris Mungall, Erick Antezana, Mark D. Wilkinson
10.1186/2041-1480-4-2	2013	OPPL-Galaxy, a Galaxy tool for enhancing ontology exploitation as part of bioinformatics workflows	Journal of Biomedical Semantics	Mikel Egaña Aranguren, Jesualdo Tomás Fernández‐Breis, Chris Mungall, Erick Antezana, Alejandro Rodríguez‐González, Mark D. Wilkinson
10.1007/978-3-642-39437-9_4	2013	OmixAnalyzer – A Web-Based System for Management and Analysis of High-Throughput Omics Data Sets	Lecture notes in computer science	Thomas Stoltmann, Karin Zimmermann, André Koschmieder, Ulf Leser
	2013	Original article Groups: knowledge spreadsheets for symbolic biocomputing		Michael Travers, Suzanne Paley, Jeff Shrager, Timothy A. Holland, Peter D. Karp
	2013	Original article The Banana Genome Hub		Gaëtan Droc, Valentin Guignon, Nabila Yahiaoui, Dominique This, Olivier Garsmeur, Alexis Dereeper, Chantal Hamelin, Xavier Argout, Juliette Lengellé, Franc‐Christophe Baurens, Alberto Cenci, Bertrand Pitollat, Manuel Ruíz, Mathieu Rouard
10.1371/journal.pone.0080156	2013	PD5: A General Purpose Library for Primer Design Software	PLoS ONE	Michael C. Riley, Wayne Aubrey, Michael R. Young, Amanda J. Clare
10.1186/1471-2164-14-918	2013	POMO - Plotting Omics analysis results for Multiple Organisms	BMC Genomics	Jake Lin, Richard Kreisberg, Aleksi Kallio, Aimée M. Dudley, Matti Nykter, Ilya Shmulevich, Patrick May, Reija Autio
10.25781/kaust-wy88b	2013	PREDICTION OF CHROMATIN STATES USING DNA SEQUENCE PROPERTIES	King Abdullah University of Science and Technology Repository (King Abdullah University of Science and Technology)	Rihab Riyad Bahabri
10.1371/journal.pbio.1001490	2013	Parallel Evolutionary Dynamics of Adaptive Diversification in Escherichia coli	PLoS Biology	Matthew D. Herron, Michael Doebeli
10.48550/arxiv.1303.7195	2013	Parallelization in Scientific Workflow Management Systems	arXiv (Cornell University)	Marc Bux, Ulf Leser
10.7287/peerj.167v0.1/reviews/1	2013	Peer Review #1 of "Galaxy tools and workflows for sequence analysis with applications in molecular plant pathology (v0.1)"		
10.7287/peerj.167v0.1/reviews/2	2013	Peer Review #2 of "Galaxy tools and workflows for sequence analysis with applications in molecular plant pathology (v0.1)"		
	2013	Peroxide-Mediated Oxidative Stress Transcriptional Response to Hydrogen The Yeast Snt2 Protein Coordinates the		Brian T. Chait, Deyou Zheng, Cynthia L. David, Allis Lindsey, Andrew Howard Baker, Beatrix M. Ueberheide, Scott B. Dewell
10.1128/mcb.01387-12	2013	Phosphorylation Regulates FOXC2-Mediated Transcription in Lymphatic Endothelial Cells	Molecular and Cellular Biology	Konstantin I. Ivanov, Yan Agalarov, Leena Valmu, Olga V. Samuilova, Johanna Liebl, Nawal Houhou, Hélène Maby–El Hajjami, Camilla Norrmén, Muriel Jaquet, Naoyuki Miura, Nadine Zangger, Seppo Ylä‐Herttuala, Mauro Delorenzi, Tatiana V. Petrova
10.1186/1471-2164-14-48	2013	Phylogenetic and DNA methylation analysis reveal novel regions of variable methylation in the mouse IAP class of transposons	BMC Genomics	Christopher D. Faulk, Amanda K. Barks, Dana C. Dolinoy
10.1186/1471-2105-14-158	2013	Phylotastic! Making tree-of-life knowledge accessible, reusable and convenient	BMC Bioinformatics	Arlin B. Stoltzfus, Hilmar Lapp, Naim Matasci, Helena Deus, Brian L. Sidlauskas, Christian M. Zmasek, Gaurav Vaidya, Enrico Pontelli, Karen Cranston, Rutger Aldo Vos, Campbell O. Webb, Luke J. Harmon, Megan Pirrung, Brian C. O’Meara, Matthew W. Pennell, Siavash Mirarab, Michael S. Rosenberg, James P
10.1104/pp.113.223560	2013	Plastid Genome Instability Leads to Reactive Oxygen Species Production and Plastid-to-Nucleus Retrograde Signaling in Arabidopsis	PLANT PHYSIOLOGY	Elodie Lepage, Éric Zampini, Normand Brisson
10.1016/j.cell.2013.08.052	2013	Poly(ADP-ribosyl)ation Regulates Insulator Function and Intrachromosomal Interactions in Drosophila	Cell	Chin‐Tong Ong, Kevin Van Bortle, Edward Ramos, Victor G. Corces
10.1038/ncb2701	2013	Polycomb Cbx family members mediate the balance between haematopoietic stem cell self-renewal and differentiation	Nature Cell Biology	Karin Klauke, Višnja Radulović, Mathilde Broekhuis, Ellen Weersing, Erik Zwart, Sandra G. M. Olthof, Martha Ritsema, Sophia W.M. Bruggeman, Xudong Wu, Kristian Helin, Leonid V Bystrykh, Gerald de Haan
10.1093/nar/gkt367	2013	Polycomb recruitment attenuates retinoic acid–induced transcription of the bivalent NR2F1 gene	Nucleic Acids Research	Kristian Bruun Laursen, Nigel Patrick Mongan, Yong Zhuang, Mary M. Ng, Yannick D. Benoit, Lorraine J. Gudas
10.1038/ismej.2013.137	2013	Potential role of viruses in white plague coral disease	The ISME Journal	Nitzan Soffer, Marilyn E. Brandt, Adrienne M. S. Correa, Tyler B. Smith, Rebecca Vega Thurber
10.1126/science.1242527	2013	Pou5f1 Transcription Factor Controls Zygotic Gene Activation In Vertebrates	Science	Manuel Leichsenring, Julia Maes, Rebecca Mössner, Wolfgang Driever, Daria Onichtchouk
10.1371/journal.pcbi.1003326	2013	Practical Guidelines for the Comprehensive Analysis of ChIP-seq Data	PLoS Computational Biology	Timothy L. Bailey, Paweł Krajewski, István Ladunga, Céline Lefèbvre, Qunhua Li, Tao Liu, Pedro Madrigal, Cenny Taslim, Jie Zhang
10.1371/journal.pgen.1003143	2013	Predicting Mendelian Disease-Causing Non-Synonymous Single Nucleotide Variants in Exome Sequencing Studies	PLoS Genetics	Miaoxin Li, Johnny S. H. Kwan, Suying Bao, Wanling Yang, Shu‐Leong Ho, You‐Qiang Song, Pak Chung Sham
10.1109/biovis.2013.6664344	2013	PresentaBALL — A powerful package for presentations and lessons in structural biology		Stefan Nickels, Daniel Stöckel, Sabine C. Mueller, Hans‐Peter Lenhof, Andreas Hildebrandt, Anna Katharina Dehof
10.1111/1755-0998.12109	2013	Principles of transcriptome analysis and gene expression quantification: an RNA ‐seq tutorial	Molecular Ecology Resources	Jochen B. W. Wolf
10.1016/j.bbapap.2013.11.007	2013	ProfileDB: A resource for proteomics and cross-omics biomarker discovery	Biochimica et Biophysica Acta (BBA) - Proteins and Proteomics	Chris Bauer, Alexander Glintschert, Johannes Schuchhardt
10.1155/2013/373275	2013	Protein Adaptations in Archaeal Extremophiles	Archaea	Christopher J. Reed, Hunter Lewis, Eric Trejo, Vern D. Winston, Caryn Evilia
10.1002/cpe.3035	2013	Provenance and data differencing for workflow reproducibility analysis	Concurrency and Computation Practice and Experience	Paolo Missier, Simon Woodman, Hugo Hiden, Paul Watson
10.1093/nar/gkt333	2013	QualitySNPng: a user-friendly SNP detection and visualization tool	Nucleic Acids Research	Harm Nijveen, Martijn van Kaauwen, Danny G. Esselink, Brechtje Hoegen, B. Vosman
10.1371/journal.pone.0080278	2013	Quantifying Reproducibility in Computational Biology: The Case of the Tuberculosis Drugome	PLoS ONE	Daniel Garijo, Sarah Kinnings, Li Xie, Lei Xie, Yinliang Zhang, Philip E. Bourne, Yolanda Gil
10.13070/mm.en.3.203	2013	RNA-seq Using Next Generation Sequencing	Materials and Methods	David C. Corney
10.1186/1471-2164-14-350	2013	RNA-seq analysis of single bovine blastocysts	BMC Genomics	James Lee Chitwood, Gonzalo Rincón, G Kaiser, Juan F F Medrano, Pablo J. Ross
10.1101/gr.147322.112	2013	RNA-seq–based mapping and candidate identification of mutations from forward genetic screens	Genome Research	Adam C. Miller, Nikolaus D. Obholzer, Arish N Shah, Sean G. Megason, Cecilia B. Moens
10.1371/journal.pgen.1003543	2013	RSR-2, the Caenorhabditis elegans Ortholog of Human Spliceosomal Component SRm300/SRRM2, Regulates Development by Influencing the Transcriptional Machinery	PLoS Genetics	Laura Fontrodona, Montserrat Porta-de-la-Riva, Tomás Morán, Wei Niu, Mònica Dı́az, David Aristizábal-Corrales, Alberto Villanueva, Simó Schwartz, V Reinke, Julián Cerón
10.1089/ast.2012.0923	2013	Radiation Resistance of Sequencing Chips for in situ Life Detection	Astrobiology	Christopher E. Carr, Holli Rowedder, Clarissa S. Lui, Ilya Zlatkovsky, Chris W. Papalias, Jarie Bolander, Jason W. Myers, James M. Bustillo, Jonathan M. Rothberg, Maria T. Zuber, Gary Ruvkun
10.1371/journal.pone.0085093	2013	Random or Stochastic Monoallelic Expressed Genes Are Enriched for Neurodevelopmental Disorder Candidate Genes	PLoS ONE	Aaron R. Jeffries, David Andrew Collier, Evangelos Vassos, Sarah R Curran, Caroline Mackie Ogilvie, Jack Price
10.1007/s00239-013-9602-z	2013	Rates of Evolution of Hominoid Seminal Proteins are Correlated with Function and Expression, Rather than Mating System	Journal of Molecular Evolution	Sarah J. C. Craig, Michael I. Jensen‐Seaman
10.1038/nmeth.2632	2013	Recommendations for the design and analysis of epigenome-wide association studies	Nature Methods	Karin B. Michels, Alexandra M. Binder, Sarah Dedeurwaerder, Charles B Epstein, John M. Greally, Ivo Glynne Gut, Eugene Andres Houseman, Benedetta Izzi, Karl T. Kelsey, Alexander Meissner, Aleksandar Milosavljevic, Kimberly D. Siegmund, Christoph Bock, Rafael A. Irizarry
10.1002/9781118554609.refs	2013	References		Wei Tan, MengChu Zhou
10.1128/jcm.02966-12	2013	Region of Difference 4 in Alpine Mycobacterium caprae Isolates Indicates Three Variants	Journal of Clinical Microbiology	Janina Domogalla, Wolfgang Maria Prodinger, Helmut Blum, Stefan Krebs, Susanne Gellert, Matthias Müller, Erdmute Neuendorf, Florian Sedlmaier, Mathias Büttner
10.1093/bioinformatics/btt054	2013	RepeatExplorer: a Galaxy-based web server for genome-wide characterization of eukaryotic repetitive elements from next-generation sequence reads	Bioinformatics	Petr Novák, Pavel Neumann, Jiří Pech, Jaroslav Steinhaisl, Jir̆ı́ Macas
10.1210/me.2013-1144	2013	Research Resource: Progesterone Receptor Targetome Underlying Mammary Gland Branching Morphogenesis	Molecular Endocrinology	Ashlee R. Lain, Chad J. Creighton, Orla M. Conneely
10.1111/tpj.12307	2013	Resistance gene enrichment sequencing ( R en S eq) enables reannotation of the NB ‐ LRR gene family from sequenced plant genomes and rapid mapping of resistance loci in segregating populations	The Plant Journal	Florian Jupe, Kamil Witek, Walter Verweij, Jadwiga Śliwka, Leighton Pritchard, Graham John Etherington, Dan MacLean, Peter Cock, Richard M. Leggett, Glenn J. Bryan, Linda Cardle, Ingo Hein, Jonathan D. G. Jones
10.1111/tpj.2013.76.issue-3	2013	Resistance gene enrichment sequencing (RenSeq) enables reannotation of the NB-LRR gene family from sequenced plant genomes and rapid mapping of resistance loci in segregating populations	The Plant Journal	Jupe, Florian, Witek, Kamil, Verweij, Walter, Śliwka, Jadwiga, Pritchard, Leighton, Etherington, Graham J., Maclean, Dan, Cock, Peter J., Leggett, Richard M., Bryan, Glenn J., Cardle, Linda, Hein, Ingo, Jones, Jonathan D.g.
10.1155/2013/890123	2013	SNiPloid: A Utility to Exploit High-Throughput SNP Data Derived from RNA-Seq in Allopolyploid Species	International Journal of Plant Genomics	Marine Peralta, Marie‐Christine Combes, Alberto Cenci, Philippe Lashermes, Alexis Dereeper
10.1534/g3.113.007674	2013	STAT3 Targets Suggest Mechanisms of Aggressive Tumorigenesis in Diffuse Large B-Cell Lymphoma	G3 Genes Genomes Genetics	Jennifer Hardee, Zhengqing Ouyang, Yuping Zhang, Anshul Kundaje, Philippe Lacroute, Michael Snyder
10.1145/2484762.2484819	2013	Scalable online comparative genomics of mononucleosomes		Jack A. Smith, Melissa Romanus, Pradeep Kumar Mantha, Yaakoub El Khamra, Thomas Connor Bishop, Shantenu Jha
10.1109/bigdata.2013.6691725	2013	SciFlow: A dataflow-driven model architecture for scientific computing using Hadoop		Pengfei Xuan, Yueli Zheng, Sapna Sarupria, Amy Apon
10.1145/2465848.2480345	2013	Science as a service		Ian T Foster, Ravi Madduri
10.1145/2488551.2488588	2013	Seamless coarse grained parallelism integration in intensive bioinformatics workflows		François Moreews, Dominique D. Lavenier
10.1016/j.compenvurbsys.2013.06.001	2013	Seeing the forest through the trees: A review of integrated environmental modelling tools	Computers Environment and Urban Systems	Carlos Granell, Sven Schade, Nicole Ostländer
10.1038/ni.2707	2013	Selective regulation of lymphopoiesis and leukemogenesis by individual zinc fingers of Ikaros	Nature Immunology	Hilde Schjerven, Jami McLaughlin, Teresita L. Arenzana, Seth E. Frietze, Donghui Cheng, Sarah Wadsworth, Gregory W Lawson, Steven J. Bensinger, Peggy Farnham, Owen N. Witte, Stephen T. Smale
	2013	Semantic Visualisation of Gene Expression Information.		Andy F. S. Taylor, Kenneth McLeod, Albert Burger
10.11606/d.11.2013.tde-22082013-163147	2013	Sequenciamento do microbioma do rúmen de ovinos utilizando a plataforma Ion Torrent (PGM)		Lucas Dantas Lopes
10.3389/fgene.2013.00288	2013	Sequencing quality assessment tools to enable data-driven informatics for high throughput genomics	Frontiers in Genetics	Richard M. Leggett, Ricardo Humberto Ramirez-Gonzalez, Bernardo Clavijo, Darren Waite, Robert Davey
10.1109/bibm.2013.6732546	2013	Sesame: A new bioinformatics semantic workflow design system		Lu Zhang, Yunsheng Wang, Pengfei Xuan, Alexander Duvall, Jonathan J. Lowe, Yanyan Wang, Arvind Subramanian, Pradip K. Srimani, Feng Luo, Yongping Duan
10.1261/rna.039081.113	2013	Splicing kinetics and transcript release from the chromatin compartment limit the rate of Lipid A-induced gene expression	RNA	Amy Pandya‐Jones, Dev M. Bhatt, Chia-Ho Lin, Ann-Jay Tong, Stephen T. Smale, Douglas L. Black
10.14806/ej.19.b.726	2013	Sprints, Hackathons and Codefests as community gluons in computational biology	EMBnet journal	Steffen Möller, Enis Afgan, Michael Banck, Peter Cock, Matúš Kalaš, László Kaján, Pjotr Prins, Jacqueline Quinn, Olivier Sallou, Francesco Strozzi, Torsten Seemann, Andreas Tille, Roman Valls Guimerà, Toshiaki Katayama, Brad Chapman
10.2174/1389202911314030003	2013	Strand-Specific RNA-Seq Provides Greater Resolution of Transcriptome Profiling	Current Genomics	James Dominic Mills, Yoshihiro Kawahara, Michael Janitz
10.1155/2013/791051	2013	Streaming Support for Data Intensive Cloud-Based Sequence Analysis	BioMed Research International	Shady Issa, Romeo Kienzler, Mohamed El-Kalioby, Peter J. Tonellato, Dennis Paul Wall, Rémy Bruggmann, Mohamed Ibrahim Abouelhoda
10.1038/ejhg.2013.181	2013	Streamlined ion torrent PGM-based diagnostics: BRCA1 and BRCA2 genes as a model	European Journal of Human Genetics	Julien Tarabeux, Bruno Zeitouni, Virginie Moncoutier, Henrique Tenreiro, Khadija Abidallah, Séverine Lair, Patricia Legoix-Né, Quentin Leroy, Étienne Rouleau, Lisa Golmard, Emmanuel Barillot, Marc‐Henri Stern, Thomas Rio Frio, Dominique Stoppa‐Lyonnet, Claude Houdayer
10.1146/annurev-arplant-050312-120106	2013	Structure and Functions of the Bacterial Microbiota of Plants	Annual Review of Plant Biology	Davide Bulgarelli, Klaus Schlaeppi, Stijn Spaepen, Emiel Ver Loren van Themaat, Paul Schulze‐Lefert
	2013	Structure of an Ensemble of Insectivorous Bats	Scholarship@Western (Western University)	Matthew A. Emrich
10.1016/j.molcel.2013.08.020	2013	Structure of the CRISPR Interference Complex CSM Reveals Key Similarities with Cascade	Molecular Cell	Christophe Rouillon, Min Zhou, Jing Zhang, Argyris Politis, Victoria Beilsten-Edmands, Giuseppe Cannone, Shirley A. Graham, Carol V. Robinson, Laura Spagnolo, Malcolm F. White
10.1038/ctg.2013.9	2013	Study of the Viral and Microbial Communities Associated With Crohn's Disease: A Metagenomic Approach	Clinical and Translational Gastroenterology	Vicente Pérez‐Brocal, Rodrigo García-López, Jorge Francisco Vázquez-Castellanos, Pilar Nos, Belén Beltrán, Amparo Latorre, Andrés Moyá
10.1109/icde.2013.6544881	2013	SubZero: A fine-grained lineage system for scientific databases		Eugene W. Wu, Samuel R. Madden, Michael R Stonebraker
10.1371/journal.pone.0067221	2013	Subglacial Lake Vostok (Antarctica) Accretion Ice Contains a Diverse Set of Sequences from Aquatic, Marine and Sediment-Inhabiting Bacteria and Eukarya	PLoS ONE	Yury M. Shtarkman, Zeynep A. Koçer, Robyn E. Edgar, Ram Veerapaneni, Tom D’Elia, Paul F. Morris, Scott Orland Rogers
10.1186/1471-2164-14-s2-i1	2013	Summary of talks and papers at ISCB-Asia/SCCG 2012	BMC Genomics	Konstantin Tretyakov, Tatyana Goldberg, Victor X. Jin, Paul B. Horton
	2013	Support for data-intensive computing with CloudMan	International Convention on Information and Communication Technology, Electronics and Microelectronics	Yousef Kowsar, Enis Afgan
10.1145/2506583.2506595	2013	TCGA Toolbox		David E. Robbins, Alexander Grüneberg, Helena Deus, Murat M. Tanik, Jonas S. Almeida
10.1371/journal.pcbi.1003285	2013	Ten Simple Rules for Reproducible Computational Research	PLoS Computational Biology	Geir Kjetil Sandve, ANTON Y NEKRUTENKO, James Taylor, Eivind J. Hovig
10.1186/2041-1480-4-6	2013	The 3rd DBCLS BioHackathon: improving life science data integration with Semantic Web technologies	Journal of Biomedical Semantics	Toshiaki Katayama, Mark D. Wilkinson, Gos Micklem, Shuichi Kawashima, Atsuko Yamaguchi, Mitsuteru Nakao, Yasunori Yamamoto, Shinobu Okamoto, Kenta Oouchida, Hong-Woo Chun, Jan A Aerts, Hammad Afzal, Erick Antezana, Kazuharu Arakawa, Bruno Aranda, François Belleau, Jerven Tjalling Bolleman, Raoul J.P
10.1093/database/bat035	2013	The Banana Genome Hub	Database	Gaëtan Droc, Delphine Larivière, Valentin Guignon, Nabila Yahiaoui, Dominique This, Olivier Garsmeur, Alexis Dereeper, Chantal Hamelin, Xavier Argout, Jean-François Dufayard, Juliette Lengellé, Franc‐Christophe Baurens, Alberto Cenci, Bertrand Pitollat, Angélique D’Hont, Manuel Ruíz, Mathieu Rouard,
10.1128/genomea.00024-13	2013	The Complete Genome Sequence of Proteus mirabilis Strain BB2000 Reveals Differences from the P. mirabilis Reference Strain	Genome Announcements	Nora L. Sullivan, Alecia N. Septer, Andrew T. Fields, Larissa M. Wenren, Karine A. Gibbs
10.1186/1471-2164-14-794	2013	The Drosophila early ovarian transcriptome provides insight to the molecular causes of recombination rate variation across genomes	BMC Genomics	Andrew B. Adrian, Josep M. Comeron
10.1074/jbc.m113.504399	2013	The Ets Transcription Factor EHF as a Regulator of Cornea Epithelial Cell Identity	Journal of Biological Chemistry	Denise N. Stephens, Rachel Herndon Klein, Michael Salmans, William M. Gordon, Hsiang Ho, Bogi Andersen
10.1093/nar/gkt342	2013	The Genomic HyperBrowser: an analysis web server for genome-scale data	Nucleic Acids Research	Geir Kjetil Sandve, Sveinung Gundersen, Morten Johansen, Ingrid K. Glad, Krishanthi Gunathasan, Lars Holden, Marit Holden, Knut Liestøl, Ståle Nygård, Vegard M. Nygaard, Jonas Paulsen, Halfdan Rydbeck, Kai Trengereid, Trevor Clancy, Finn Drabløs, Egil Ferkingstad, Matúš Kalaš, Tonje Gulbrandsen Lien
10.1016/j.celrep.2013.05.003	2013	The Genomic Landscape of the Somatic Linker Histone Subtypes H1.1 to H1.5 in Human Cells	Cell Reports	Annalisa Izzo, Kinga Kamieniarz-Gdula, Fidel Ramírez, Nighat Noureen, Jop Kind, Thomas Manke, Bas van Steensel, Robert Schneider
10.1371/journal.pone.0078105	2013	The Mitochondrial RNA Landscape of Saccharomyces cerevisiae	PLoS ONE	Edward M. Turk, Vaijayanti Das, Ryan D. Seibert, Erik D. Andrulis
10.1038/cddis.2013.119	2013	The Myb-p300-CREB axis modulates intestine homeostasis, radiosensitivity and tumorigenesis	Cell Death and Disease	Shienny Sampurno, A Bijenhof, Dane Anthony Cheasley, Huiling Xu, Sylvie Robine, Douglas J. Hilton, Warren S. Alexander, Lloyd A. Pereira, Theo Mantamadiotis, Jordane Malaterre, Robert George Ramsay
10.1093/bib/bbt045	2013	The NGS WikiBook: a dynamic collaborative online training effort with long-term sustainability	Briefings in Bioinformatics	Jing‐Woei Li, Dan M Bolser, Magnus Manske, Federico Manuel Giorgi, Nikolay Vyahhi, Björn Usadel, Bernardo Clavijo, Ting‐Fung Chan, N Wong, Daniel R. Zerbino, Maria Victoria Schneider
10.1186/1756-0500-6-133	2013	The PinkThing for analysing ChIP profiling data in their genomic context	BMC Research Notes	Fiona G. G. Nielsen, Maarten Kooyman, Philip Reiner Kensche, Hendrik Marks, Henk G. Stunnenberg, Martijn A. Huynen
10.1007/978-3-642-39881-0_18	2013	The Role and Use of MicroRNA in Cancer Diagnosis	Advances in intelligent systems and computing	Michał Świerniak, Andrzej Świerniak
10.1093/nar/gkt328	2013	The Taverna workflow suite: designing and executing workflows of Web Services on the desktop, web or in the cloud	Nucleic Acids Research	Katherine Wolstencroft, Robert Haines, Donal K. Fellows, Alan R Williams, David Withers, Stuart Owen, Stian Soiland‐Reyes, Ian Dunlop, Aleksandra Nenadić, Paul Graham Fisher, Jiten Bhagat, Khalid Belhajjame, Finn Bacall, Alex Hardisty, Abraham Nieva de la Hidalga, Maria P. Balcazar Vargas, Shoaib Su
10.1371/journal.pone.0084160	2013	The Utility of Shallow RNA-Seq for Documenting Differential Gene Expression in Genes with High and Low Levels of Expression	PLoS ONE	Joel Atallah, David C. Plachetzki, W. Cameron Jasper, Brian R. Johnson
10.1128/mcb.00025-13	2013	The Yeast Snt2 Protein Coordinates the Transcriptional Response to Hydrogen Peroxide-Mediated Oxidative Stress	Molecular and Cellular Biology	Lindsey A. Baker, Beatrix M. Ueberheide, Scott B. Dewell, Brian T. Chait, Deyou Zheng, C. David Allis
10.1093/bib/bbt018	2013	The challenges of delivering bioinformatics training in the analysis of high-throughput data	Briefings in Bioinformatics	Benilton S. Carvalho, Gabriella Rustici
10.1145/2534248.2534260	2013	The demand for consistent web-based workflow editors		Sandra Gesing, Malcolm Atkinson, Iraklis Klampanos, Michelle Galea, Michael R. Berthold, R. Barbera, Diego Scardaci, Gabor Z. Terstyanszky, Tamás Kiss, Péter Kacsuk
10.1111/mec.12542	2013	The diet of M yotis lucifugus across C anada: assessing foraging quality and diet variability	Molecular Ecology	Elizabeth L. Clare, William O. C. Symondson, Hugh G. Broders, François Fabianek, Erin E. Fraser, Alistair S. MacKenzie, Andrew Boughen, Rachel Hamilton, Craig K. R. Willis, Felix Martinez‐Nuñez, Allyson K. Menzies, Kaleigh J. O. Norquay, Mark Brigham, Joseph A. Poissant, Jody Rintoul, Robert M. R. B
	2013	The human communication science virtual lab		Dominique Estival, Steve Cassidy, Peter Sefton, Denis K. Burnham
10.17077/etd.ujx4lrpa	2013	The molecular mechanisms of PITX2 in tooth development and enamel defects in Axenfeld-Rieger Syndrome		Xiao Li, Galen B. Schneider, Brad A. Amendt, John F. Engelhardt, Andrew F. Russo, Hank Heng Qi
10.1145/2484762.2484814	2013	The parallel system for integrating impact models and sectors (pSIMS)		Joshua Elliott, David J. A. Kelly, Neil Best, Michael Wilde, Michael J. Glotter, Ian T Foster
10.1007/s11682-013-9248-x	2013	The perfect neuroimaging-genetics-computation storm: collision of petabytes of data, millions of hardware devices and thousands of software tools	Brain Imaging and Behavior	for the Alzheimer’s Disease Neuroimaging Initiative, Ivo D. Dinov, Petros Petrosyan, Zhizhong Liu, Paul Eggert, Alen Zamanyan, Federica Torri, Fabio M. Macciardi, Sam Hobel, Seok Woo Moon, Young Hee Sung, Zhiguo Jiang, Jennifer S. Labus, Florian Kurth, Cody Ashe-McNalley, Emeran A. Mayer, Paul M Ves
10.2217/pme.13.16	2013	The real informatics challenges of personalized medicine: not just about the number of central processing units	Personalized Medicine	Jonathan P Sheldon, Wanmei Ou
10.1186/1741-7007-11-29	2013	The “fossilized” mitochondrial genome of Liriodendron tulipifera: ancestral gene content and order, ancestral editing sites, and extraordinarily low mutation rate	BMC Biology	Aaron O. Richardson, Danny W. Rice, Gregory J. Young, Andrew James Alverson, Jeffrey D. Palmer
10.1021/pr400820p	2013	Tools to Covisualize and Coanalyze Proteomic Data with Genomes and Transcriptomes: Validation of Genes and Alternative mRNA Splicing	Journal of Proteome Research	Chi Nam Ignatius Pang, Aidan P. Tay, Carlos Aya, Natalie A. Twine, Linda Harkness, Gene Hart‐Smith, Samantha Z. Chia, Zhiliang Chen, Nandan Deshpande, Nadeem O. Kaakoush, Hazel M. Mitchell, Moustapha S Kassem, Marc Ronald Wilkins
	2013	Towards a Life Sciences Virtual Research Environment	HAL (Le Centre pour la Communication Scientifique Directe)	Yvan Le Bras, Aurélien Roult, Cyril Monjoeaud, Bahin Mathieu, Olivier Quenez, Heriveau Claudia, Anthony Bretaudeau, Olivier Sallou, Olivier Collin
	2013	Towards large-scale language analysis in the cloud	Duo Research Archive (University of Oslo)	Emanuele Lapponi, Erik Velldal, Nikolay Vazov, Stephan Oepen
10.1371/journal.pone.0069973	2013	Tracking Fungal Community Responses to Maize Plants by DNA- and RNA-Based Pyrosequencing	PLoS ONE	Eiko E. Kuramae, Erik Verbruggen, Remy Hillekens, Mattias de Hollander, Wilfred F. M. Röling, Marcel G. A. van der Heijden, George A. Kowalchuk
10.1093/molbev/mst085	2013	Transcription Start Site Evolution in Drosophila	Molecular Biology and Evolution	Bradley J. Main, Andrew D. Smith, H. Josh Jang, Sergey V. Nuzhdin
10.1271/bbb.130218	2013	Transcriptome Analysis to Identify Putative Floral-Specific Genes and Flowering Regulatory-Related Genes of Sweet Potato	Bioscience Biotechnology and Biochemistry	Xiang Tao, Yinghong Gu, Yu-Song JIANG, Yizheng Zhang, Haiyan Wang
10.1016/j.cell.2013.10.024	2013	Transcriptome Surveillance by Selective Termination of Noncoding RNA Synthesis	Cell	Daniel Schulz, Bjoern Schwalb, Anja Kiesel, Carlo Baejen, Phillipp Torkler, Julien Gagneur, Johannes Soeding, Patrick Cramer
10.1093/nar/gks1457	2013	Transcriptome-wide expansion of non-coding regulatory switches: evidence from co-occurrence of Alu exonization, antisense and editing	Nucleic Acids Research	Amit Kumar Mandal, Rajesh Pandey, Vineet Jha, Mitali Mukerji
10.1371/journal.pone.0060826	2013	Transcriptomic Study Reveals Widespread Spliced Leader Trans-Splicing, Short 5′-UTRs and Potential Complex Carbon Fixation Mechanisms in the Euglenoid Alga Eutreptiella sp.	PLoS ONE	Rita C. Kuo, Huan Zhang, Yunyun Zhuang, Linda I. Hannick, Senjie Lin
10.1371/journal.pgen.1003470	2013	Transposable Elements Are Major Contributors to the Origin, Diversification, and Regulation of Vertebrate Long Noncoding RNAs	PLoS Genetics	Aurélie Kapusta, Zev N. Kronenberg, Vincent J. Lynch, Xiaoyu Zhuo, LeeAnn Ramsay, Guillaume Bourque, Mark D. Yandell, Cédric Feschotte
10.18632/aging.100621	2013	Transposable elements become active and mobile in the genomes of aging mammalian somatic tissues	Aging	Marco De Cecco, Steven W. Criscione, Abigail L. Peterson, Nicola Neretti, John M. Sedivy, Jill A. Kreiling
10.1093/bioinformatics/btt267	2013	TrioVis: a visualization approach for filtering genomic variants of parent–child trios	Bioinformatics	Ryo Sakai, Alejandro Sifrim, Andrew Vande Moere, Jan A Aerts
10.1186/1471-2148-13-233	2013	True lemurs…true species - species delimitation using multiple data sources in the brown lemur complex	BMC Evolutionary Biology	Matthias Markolf, Hanitriniaina Rakotonirina, Claudia Fichtel, Phillip von Grumbkow, Markus Brameier, Peter M. Kappeler
10.1210/en.2012-2187	2013	Two Populations of Glucocorticoid Receptor-Binding Sites in the Male Rat Hippocampal Genome	Endocrinology	Japke A.E. Polman, E. R. de Kloet, Nicole A. Datson
10.1128/iai.00266-13	2013	Understanding Barriers to Borrelia burgdorferi Dissemination during Infection Using Massively Parallel Sequencing	Infection and Immunity	Erin B. Troy, Tao Lin, Lihui Gao, David W. Lazinski, Andrew Camilli, Steven J. Norris, Linden T. Hu
10.1371/journal.pone.0078480	2013	Unique Transcriptome Patterns of the White and Grey Matter Corroborate Structural and Functional Heterogeneity in the Human Frontal Lobe	PLoS ONE	James Dominic Mills, Tomas Kavanagh, Woojin Scott Kim, Bei Jun Chen, Yoshihiro Kawahara, Glenda Margaret Halliday, Michael Janitz
10.1186/1471-2164-14-283	2013	Unscrambling butterfly oogenesis	BMC Genomics	Jean-Michel Carter, Simon C. Baker, Ryan Charles Pink, David R. F. Carter, Aiden Collins, J. R. LE B. Tomlin, Melanie Gibbs, Casper J. Breuker
10.1093/bioinformatics/btt250	2013	Using Genome Query Language to uncover genetic variation	Bioinformatics	Christos Kozanitis, Andrew Heiberg, Varghese George, Vineet Bafna
10.1007/s00213-013-3334-z	2013	Using genetic findings in autism for the development of new pharmaceutical compounds	Psychopharmacology	Jacob A. S. Vorstman, Will P. J. M. Spooren, Antonio Maria Persico, David Andrew Collier, Stefan Aigner, Ravi Jagasia, Jeffrey Colm Glennon, Jan K. Buitelaar
10.1101/gr.158253.113	2013	Variation in chromatin accessibility in human kidney cancer links H3K36 methyltransferase loss with widespread RNA processing defects	Genome Research	Jeremy M. Simon, Kathryn E. Hacker, Darshan Singh, Angela Rose Brannon, Joel S. Parker, Matthew Weiser, Thai Huu Ho, Pei Fen Kuan, Eric W. Jonasch, Terrence S. Furey, Jan F. Prins, Jason D. Lieb, W. Kimryn Rathmell, Ian J. Davis
10.1142/s0219720013300025	2013	WHEN CLOUD COMPUTING MEETS BIOINFORMATICS: A REVIEW	Journal of Bioinformatics and Computational Biology	Shuigeng Zhou, Ruiqi Liao, Jihong Guan
10.1186/gb-2013-14-8-r93	2013	Web Apollo: a web-based genomic annotation editing platform	Genome biology	Eduardo Lee, Gregg A. Helt, Justin Reese, Monica C. Muñoz-Torres, Christopher P. Childers, Robert Buels, Lincoln Stein, Ian H Holmes, Christine G. Elsik, Suzanna Lewis
10.1186/1471-2164-14-397	2013	Web-based visual analysis for high-throughput genomics	BMC Genomics	Jeremy Goecks, Carl Eberhard, Tomithy Too, The Galaxy Team, ANTON Y NEKRUTENKO, James Taylor
10.3389/fgene.2013.00038	2013	Where in the genome are we? A cautionary tale of database use in genomics research	Frontiers in Genetics	Laura Kelly Vaughan, Vinodh Srinivasasainagendra
10.1128/genomea.00072-13	2013	Whole-Genome Sequence of a Freshwater Aerobic Anoxygenic Phototroph, Porphyrobacter sp. Strain AAP82, Isolated from the Huguangyan Maar Lake in Southern China	Genome Announcements	Xiuling Li, Michal Koblížek, Fuying Feng, Yunxu Li, Jichang Jian, Yonghui Zeng
10.1128/genomea.00071-13	2013	Whole-Genome Sequences of an Aerobic Anoxygenic Phototroph, Blastomonas sp. Strain AAP53, Isolated from a Freshwater Desert Lake in Inner Mongolia, China	Genome Announcements	Yonghui Zeng, Michal Koblížek, Fuying Feng, Yapeng Liu, Zaohe Wu, Jichang Jian
10.2147/idr.s35710	2013	Whole-genome sequencing in bacteriology: state of the art	Infection and Drug Resistance	Michael J. Dark
10.1007/s10723-013-9256-5	2013	Workflows for Heliophysics	Journal of Grid Computing	Anja Le Blanc, John Martin Brooke, Donal K. Fellows, Marco Soldati, David Pérez–Suárez, Alessandro Marassi, A. Santin
10.1371/journal.pcbi.1003246	2013	dPeak: High Resolution Identification of Transcription Factor Binding Sites from PET and SET ChIP-Seq Data	PLoS Computational Biology	Dongjun Chung, Dan M. Park, Kevin S. Myers, Jeffrey A. Grass, Patricia J. Kiley, Robert C. Landick, Sündüz Keleş
10.1186/1756-0381-6-15	2013	gff2sequence, a new user friendly tool for the generation of genomic sequences	BioData Mining	Salvatore Camiolo, Andrea Porceddu
10.1261/rna.036780.112	2013	hnRNP A1 and secondary structure coordinate alternative splicing of Mag	RNA	Nancy Ruth Zearfoss, Emily S. Johnson, Seán Ryder
10.14806/ej.19.b.723	2013	iNGS: a prototype tool for genome interpretation and annotation	EMBnet journal	Ismael Navas‐Delgado, María Jesús García-Godoy, Fátima Arjona-Pulido, Trinidad Castillo-Castillo, Ana Isabel Ramos-Ostio, José Francisco Aldana-Montes
10.1093/nar/gkt519	2013	kmer-SVM: a web server for identifying predictive regulatory sequence features in genomic data sets	Nucleic Acids Research	Christopher Fletez-Brant, Dongwon Lee, Andrew S. McCallion, M Beer
10.1093/database/bat060	2013	metabolicMine: an integrated genomics, genetics and proteomics data warehouse for common metabolic disease research	Database	Mike Lyne, Richard Nigel Smith, Rachel Lyne, J. Aleksić, Fengyuan Hu, Alex Kalderimis, Radek Štěpán, Gos Micklem
10.1186/1471-2164-14-544	2013	miRNA and miRNA target genes in copy number variations occurring in individuals with intellectual disability	BMC Genomics	Ying Qiao, Chansonette Badduke, Eloi Mercier, M. E. Suzanne Lewis, Paul Pavlidis, Evica Rajcan‐Separovic
10.1093/bfgp/elu028	2014	(Post-)Genomics approaches in fungal research	Briefings in Functional Genomics	María Victoria Aguilar Pontes, Ronald P. de Vries, Miaomiao Zhou
10.4018/978-1-4666-6320-6.ch013	2014	A Case Study of a Laboratory Information System Developed at the Institute for Cancer Research at Candiolo	Advances in healthcare information systems and administration book series	Alessandro Fiori, Alberto Grand, Piero Alberto, Emanuele Geda, Francesco Gavino Brundu, Domenico Schioppa, Andrea Bertotti
10.1109/gce.2014.8	2014	A Cloud-Based Image Analysis Gateway for Traumatic Brain Injury Research		Kyle Chard, Ravi Madduri, Xia Jiang, Farid Dahi, Michael Walter Vannier, Ian T Foster
	2014	A DNA Metabarcoding Study of a Polyphagous Beetle Dietary Diversity: the Utility of Barcodes and Sequencing Techniques*		Łukasz Kajtoch
10.1145/2649387.2649429	2014	A Hadoop-Galaxy adapter for user-friendly and scalable data-intensive bioinformatics in Galaxy		Luca Pireddu, Simone Leo, Nicola Soranzo, Gianluigi Zanetti
10.1371/journal.pone.0093248	2014	A Model-Based Approach to Identify Binding Sites in CLIP-Seq Data	PLoS ONE	Tao Wang, Beibei Chen, Minsoo Kim, Yang Xie, Guanghua Xiao
10.5815/ijitcs.2014.04.02	2014	A Novel Circular Mapping Technique for Spectral Classification of Exons and Introns in Human DNA Sequences	International Journal of Information Technology and Computer Science	Mohammed M. Abo-Zahhad, Sabah Mohammed Ahmed, Shimaa A. Abdelrahman
10.1074/jbc.m114.575654	2014	A Pituitary Homeobox 2 (Pitx2):microRNA-200a-3p:β-catenin Pathway Converts Mesenchymal Cells to Amelogenin-expressing Dental Epithelial Cells	Journal of Biological Chemistry	Thad Sharp, Jianbo Wang, Xiao Li, Huojun Cao, Shan Gao, Myriam Moreno, Brad A. Amendt
10.1038/ng.2899	2014	A SWI/SNF-related autism syndrome caused by de novo mutations in ADNP	Nature Genetics	Céline Helsmoortel, Anneke T. Vulto-van Silfhout, Bradley P. Coe, Geert Vandeweyer, Liesbeth Rooms, Jenneke van den Ende, Janneke H. M. Schuurs-Hoeijmakers, Carlo Marcelis, Marjolein H. Willemsen, Lisenka E.L.M. Vissers, Helger G. Yntema, Madhura Bakshi, Meredith J.C. Wilson, Kali T. Witherspoon, He
10.1109/ccgrid.2014.127	2014	A Survey of Approaches and Frameworks to Carry Out Genomic Data Analysis on the Cloud		Philip C. Church, Andrzej M Goscinski
10.1109/tsc.2014.2353645	2014	A Survey of Cloud-Based Service Computing Solutions for Mammalian Genomics	IEEE Transactions on Services Computing	Philip C. Church, Andrzej M Goscinski
10.1186/2047-217x-3-3	2014	A data repository and analysis framework for spontaneous neural activity recordings in developing retina	GigaScience	Stephen John Eglen, Michael Weeks, Mark Jessop, Jennifer D. Simonotto, Tom Jackson, Evelyne Sernagor
	2014	A molecular investigation of the effects of the loss of linker histone H1 in the filamentous fungus Neurospora crassa		Michael Seymour
10.1016/j.jtbi.2014.09.038	2014	A novel pairwise comparison method for in silico discovery of statistically significant cis-regulatory elements in eukaryotic promoter regions: Application to Arabidopsis	Journal of Theoretical Biology	Roohollah Shamloo‐Dashtpagerdi, Hooman Razi, Massumeh Aliakbari, Angelica Lindlöf, Mahdi M Ebrahimi, Esmaeil Ebrahimie
10.1186/1471-2164-15-188	2014	A pipeline for the de novo assembly of the Themira biloba (Sepsidae: Diptera) transcriptome using a multiple k-mer length approach	BMC Genomics	Dacotah Melicher, Alex S. Torson, Ian M. Dworkin, Julia H. Bowsher
10.1111/1755-0998.12222	2014	A targeted next‐generation sequencing toolkit for exon‐based cichlid phylogenomics	Molecular Ecology Resources	Katriina L. Ilves, Hernán López‐Fernández
10.1145/2649387.2660852	2014	A taxonomy for bioinformatics tools		Mario Cannataro, Pietro Hiram Guzzi
10.1007/978-3-319-14325-5_36	2014	Adaptive Simulation with Repast Simphony and Swift	Lecture notes in computer science	Jonathan Ozik, Michael Wilde, Nicholson T. Collier, Charles M. Macal
10.17918/etd-6424	2014	Addiction, Mental Health, and Infectious Disease: A complex web of genetic interactions	iDEA - Drexel University Institutional Repository	Latifa Jackson
10.1016/j.margen.2014.06.010	2014	Advances in European sea bass genomics and future perspectives	Marine Genomics	Bruno Louro, Deborah Mary Power, Adelino V. M. Canário
10.1371/journal.pone.0110692	2014	Allele Frequencies of Variants in Ultra Conserved Elements Identify Selective Pressure on Transcription Factor Binding	PLoS ONE	Toomas Silla, Katrin Kepp, E Shyong Tai, Liang Kee Goh, Sonia Dávila, Tina Catela Ivković, George A. Călin, Pieter Mathijs Voorhoeve
10.1002/jcp.24577	2014	Altered Histone Mark Deposition and DNA Methylation at Homeobox Genes in Human Oral Squamous Cell Carcinoma	Journal of Cellular Physiology	Katarzyna M. Marcinkiewicz, Lorraine J. Gudas
10.1016/j.cell.2014.05.052	2014	Altering the Intestinal Microbiota during a Critical Developmental Window Has Lasting Metabolic Consequences	Cell	Laura M. Cox, Shingo Yamanishi, Jiho Sohn, Alexander V. Alekseyenko, Jacqueline M. Leung, Ilseung Cho, Sungheon Kim, Huilin Li, Zhan Gao, Douglas Mahana, Jorge Rodríguez, Arlin B. Rogers, Nicolas Robine, P’ng Loke, Martin J. Blaser
10.1016/j.molcel.2014.03.025	2014	Alternative Capture of Noncoding RNAs or Protein-Coding Genes by Herpesviruses to Alter Host T Cell Function	Molecular Cell	Yang Eric Guo, Kasandra J.-L. Riley, Akiko Iwasaki, JOAN ARGETSINGER STEITZ
10.1016/j.gene.2014.08.021	2014	Alternative polyadenylation regulates CELF1/CUGBP1 target transcripts following T cell activation	Gene	Daniel J. Beisang, Cavan Reilly, Paul R. Bohjanen
10.1155/2014/893501	2014	AmalgamScope: Merging Annotations Data across the Human Genome	BioMed Research International	Georgia Tsiliki, Konstantinos Tsaramirsis, Σοφία Κοσσίδα
10.1007/s00248-014-0472-8	2014	Amazonian Dark Earth and Plant Species from the Amazon Region Contribute to Shape Rhizosphere Bacterial Communities	Microbial Ecology	Amanda Barbosa Lima, Fabiana S. Cannavan, Acácio Aparecido Navarrete, Wenceslau Geraldes Teixeira, Eiko E. Kuramae, Siu Mui Tsai
10.3791/51961	2014	An Experimental and Bioinformatics Protocol for RNA-seq Analyses of Photoperiodic Diapause in the Asian Tiger Mosquito, Aedes albopictus	Journal of Visualized Experiments	Monica F. Poelchau, Xin Huang, Allison C. Goff, Julie A. Reynolds, Peter  A. Armbruster
10.1007/978-3-319-12418-6_1	2014	An Extensible Framework for Genomic and Metagenomic Analysis	Lecture notes in computer science	Luciano Antônio Digiampietri, Vivian Mayumi Yamassaki Pereira, Camila I. Costa, Geraldo J. dos Santos Júnior, Fernando M. Stefanini, Caio R. N. Santiago
10.1109/hpcsim.2014.6903742	2014	An automated infrastructure to support high-throughput bioinformatics		Gianmauro Cuccuru, Simone Leo, Luca Lianas, Michele Muggiri, Andréa Pinna, Luca Pireddu, Paolo Uva, Andrea Angius, Giorgio Fotia, Gianluigi Zanetti
10.1109/fie.2014.7044205	2014	An extensible online environment for teaching data science concepts through gamification		Paul E. Anderson, Clayton A. Turner, Jacob Dierksheide, Renée A. McCauley
10.1093/nar/gku132	2014	An improved predictive recognition model for Cys2-His2 zinc finger proteins	Nucleic Acids Research	Ankit Gupta, Ryan G. Christensen, Heather Anne Bell, Mathew J. Goodwin, Ronak Y. Patel, Manishi Pandey, Metewo Selase Enuameh, Amy L. Rayla, Cong Zhu, Stacey Thibodeau-Beganny, Michael H. Brodsky, J. Keith Joung, Scot A. Wolfe, Gary D. Stormo
10.1002/ajmg.a.36379	2014	An individual with blepharophimosis–ptosis–epicanthus inversus syndrome (BPES) and additional features expands the phenotype associated with mutations in KAT6B	American Journal of Medical Genetics Part A	Hung‐Chun Yu, Elizabeth A. Geiger, Līvija Medne, Elaine H. Zackai, Tamim H. Shaikh
10.1093/nar/gkt1381	2014	An integrated framework for discovery and genotyping of genomic variants from high-throughput sequencing experiments	Nucleic Acids Research	Jorge Duitama, Jhon Sneeider Vargas Quintero, Daniel Felipe Cruz, Constanza Quintero, Georg Hubmann, María R. Foulquié-Moreno, Kevin J. Verstrepen, Johan M. Thevelein, Joe M. Tohme
10.1016/b978-0-444-62651-6.00015-5	2014	Analysis of Deep Sequencing Data	Comprehensive analytical chemistry	Jacob Malcom, John H. Malone
10.1371/journal.pone.0112341	2014	Analysis of Micro-Rearrangements in 25 Eukaryotic Species Pairs by SyntenyMapper	PLoS ONE	Stefanie Kaufmann, Dmitrij Frishman
10.1007/978-1-4939-0512-6_2	2014	Analysis of Next-Generation Sequencing Data Using Galaxy	Methods in molecular biology	Daniel Blankenberg, Jennifer Hillman‐Jackson
10.1007/s11033-014-3625-4	2014	Analysis of immune-related ESTs and differential expression analysis of few important genes in lines of rohu (Labeo rohita) selected for resistance and susceptibility to Aeromonas hydrophila infection	Molecular Biology Reports	Sweta Das, Chiranjibi Chhottaray, Kanta D Mahapatra, Jatindra Nath Saha, Matthew Baranski, Nicholas Andrew Robinson, Pramoda Kumar Sahoo
10.1109/hicss.2014.364	2014	Analyzing and Modeling of Medical Data on Distributed Computing Infrastructures		Gabor Z. Terstyanszky, Tamás Kiss, Vladimir V. Korkhov, Silvia Delgado Olabarriaga
10.5441/002/edbt.2014.79	2014	Annotating the Behavior of Scientific Modules Using Data Examples: A Practical Approach		Khalid Belhajjame
10.11606/t.11.2014.tde-06102014-151230	2014	Análise, via RNAseq, do transcritoma do feijoeiro e identificação de genes expressos em resposta à infecção pelo nematoide das galhas		Luciane Santini
10.1101/gr.170985.113	2014	Application of histone modification-specific interaction domains as an alternative to antibodies	Genome Research	Goran Kungulovski, Ina Kycia, Raluca Tamas, Renata Zofia Jurkowska, Srikanth Kudithipudi, Chisato Henry, Richard Reinhardt, Paul Labhart, Albert Jeltsch
10.3233/sw-2012-0088	2014	Applying linked data approaches to pharmacology: Architectural decisions and implementation	Semantic Web	Alasdair J. G. Gray, Paul Thomas Groth, Antonis Loizou, Sune Askjaer, Christian Y. A. Brenninkmeijer, Kees Burger, Christine H. Chichester, Chris T. Evelo, Carole Goble, Lee Harland, Steve R. Pettifer, Mark A Thompson, Andra Waagmeester, Antony John Williams
10.1007/978-3-319-08043-7_29	2014	AusTalk and Alveo: An Australian Corpus and Human Communication Science Collaboration Down Under	Text, speech and language technology	Dominique Estival
	2014	AutoFlow: an easy way to build workflows	IWBBIO	Pedro Seoane, Rosario Carmona, Rocí­o Bautista, Darío Guerrero-Fernández, Manuel Gonzalo Claros
10.1186/s13000-014-0216-6	2014	Automated Selection of Hotspots (ASH): enhanced automated segmentation and adaptive step finding for Ki67 hotspot detection in adrenal cortical cancer	Diagnostic Pathology	Hao Lu, Thomas G. Papathomas, David van Zessen, Ivo Palli, Ronald R. de Krijger, Peter J. van der Spek, Winand N.M. Dinjens, Andrew Stubbs
10.1088/1742-6596/489/1/012048	2014	Automatic Atlas Based Electron Density and Structure Contouring for MRI-based Prostate Radiation Therapy on the Cloud	Journal of Physics Conference Series	Jason Dowling, Neil Burdett, Peter B. Greer, Jidi Sun, Janhavi Satchidanand Parker, Peter‐Paul Pichler, Peter Stanwell, Shekhar S. Chandra, David Rivest‐Hénault, Soumya Ghose, Olivier Salvado, Jürgen Fripp
	2014	Automatic Script Generation Based on User-System Interactions		Maciej Golik
10.1186/2041-1480-5-46	2014	Automatically exposing OpenLifeData via SADI semantic Web Services	Journal of Biomedical Semantics	Alejandro Rodríguez‐González, Alison Callahan, José Cruz-Toledo, Adrián  Jesús García, Mikel Egaña Aranguren, Michel J. Dumontier, Mark D. Wilkinson
10.1109/bdcloud.2014.22	2014	Automating Deployment of Customized Scientific Data Analytic Environments on Clouds		Chao Jin, Wenjun Wu, Hui Zhang
10.1182/blood.v124.21.4137.4137	2014	BCL6 Orchestrates Tfh Differentiation Via Multiple Distinct Mechanisms	Blood	Katerina Hatzi, John Philip Nance, Mark A. Kroenke, Elias K. Haddad, Ari M. Melnick, Shane Crotty
10.1186/1756-0500-7-740	2014	BIFI: a Taverna plugin for a simplified and user-friendly workflow platform	BMC Research Notes	Ahmet Yıldız, Erkan Dilaveroǧlu, Ilhami Visne, Bilal Günay, Emrah Sefer, Andreas Weinhäusel, Frank Rattay, Carole Goble, Ram Vinay Pandey, Albert Kriegner
10.1002/cpe.3234	2014	Batchsubmit: a high‐volume batch submission system for earthquake engineering simulation	Concurrency and Computation Practice and Experience	Anup Mohan, Thomas J. Hacker, Gregory P. Rodgers, Tanzima Zerin Islam
10.1038/ncomms4551	2014	Bhlhe40 controls cytokine production by T cells and is essential for pathogenicity in autoimmune neuroinflammation	Nature Communications	Chih‐Chung Lin, Tara R. Bradstreet, Elizabeth A. Schwarzkopf, Julia E. Sim, Javier A. Carrero, Chun Chou, Lindsey E. Cook, Takeshi Egawa, Reshma Taneja, Theresa L. Murphy, John H. Russell, Brian T. Edelson
10.1093/nar/gku457	2014	BiQ Analyzer HiMod: an interactive software tool for high-throughput locus-specific analysis of 5-methylcytosine and its oxidized derivatives	Nucleic Acids Research	Daniel Jacob Becker, Pavlo Lutsik, Peter Ebert, Christoph Bock, Thomas Lengauer, Jörn Walter
10.1371/journal.pone.0087301	2014	Binding Sites Analyser (BiSA): Software for Genomic Binding Sites Archiving and Overlap Analysis	PLoS ONE	Matloob Khushi, Christopher Liddle, Christine L. Clarke, J. Dinny Graham
10.1093/nar/gku1083	2014	Binding site discovery from nucleic acid sequences by discriminative learning of hidden Markov models	Nucleic Acids Research	Jonas Maaskola, Nikolaus Rajewsky
10.1093/bioinformatics/btu386	2014	BioBlend.objects: metacomputing with Galaxy	Bioinformatics	Simone Leo, Luca Pireddu, Gianmauro Cuccuru, Luca Lianas, Nicola Soranzo, Enis Afgan, Gianluigi Zanetti
10.1186/1751-0473-9-20	2014	BioFlow: a web based workflow management software for design and execution of genomics pipelines	Source Code for Biology and Medicine	Harold R. Garner, Ashwin Puthige
10.12688/f1000research.3-46.v1	2014	BioJS InterMineTable Component: A BioJS component for displaying data from InterMine compatible webservice endpoints	F1000Research	Alexis Kalderimis, Radek Štěpán, Julie Sullivan, Rachel Lyne, Michael Lyne, Gos Micklem
10.1101/012799	2014	BioWardrobe: an integrated platform for analysis of epigenomics and transcriptomics data	bioRxiv (Cold Spring Harbor Laboratory)	Andrey V. Kartashov, Artem Barski
10.1016/j.febslet.2014.02.056	2014	Biochemical and structural characterisation of a haloalkane dehalogenase from a marine Rhodobacteraceae	FEBS Letters	Halina R. Novak, C. Sayer, Michail N. Isupov, Dorothee Götz, Andrew Mearns Spragg, Jennifer Ann Littlechild
	2014	Biogeographic Analysis of Eastern Oyster Microbial Associates in the Choptank River	Library, Museums and Press - UDSpace (University of Delaware)	Samuel J. Widmayer
10.1371/journal.pone.0093445	2014	Bioinformatic Approaches Reveal Metagenomic Characterization of Soil Microbial Community	PLoS ONE	Zhuofei Xu, Martin Asser Hansen, Lars Hestbjerg Hansen, Samuel Jacquiod, Søren Johannes Sørensen
10.7717/peerj.654	2014	Bioinformatic analysis of cis-regulatory interactions between progesterone and estrogen receptors in breast cancer	PeerJ	Matloob Khushi, Christine L. Clarke, J. Dinny Graham
10.1371/journal.pone.0095217	2014	Bioinformatics Pipelines for Targeted Resequencing and Whole-Exome Sequencing of Human and Mouse Genomes: A Virtual Appliance Approach for Instant Deployment	PLoS ONE	Jason Li, Maria Doyle, Isaam Saeed, Stephen Q. Wong, Victoria Mar, David L. Goode, Franco Caramia, Ken Doig, Georgina L. Ryland, Ella R. Thompson, Sally M. Hunter, Saman Kumara Halgamuge, Jason Ellul, Alexander Dobrovic, Ian Campbell, Anthony T. Papenfuss, Grant A. McArthur, Richard W. Tothill
10.1158/aacr.edb-14-6406	2014	Bioinformatics analysis pipeline for exome sequencing data	AACR Education book	Christos Hatzis
10.1002/9780470015902.a0005311.pub3	2014	Bioinformatics in Genome Sequencing Projects	Encyclopedia of Life Sciences	Cornelis Victor Jongeneel
10.1093/bioinformatics/btu270	2014	BlockClust: efficient clustering and classification of non-coding RNAs from short read RNA-seq profiles	Bioinformatics	Pavankumar Videm, Dominic Rose, Fabrizio Costa, Rolf Backofen
10.1111/tpj.12554	2014	Both CRISPR / C as‐based nucleases and nickases can be used efficiently for genome engineering in A rabidopsis thaliana	The Plant Journal	Friedrich Fauser, Simon Schiml, Holger Puchta
10.1093/bioinformatics/btt756	2014	CGAT: computational genomics analysis toolkit	Bioinformatics	David Sims, Nicholas Edward Ilott, Stephen Nicholas Sansom, Ian M. Sudbery, Jethro S. Johnson, Katherine A. Fawcett, Antonio J. Berlanga‐Taylor, Sebastián Luna-Valero, Chris Paul Ponting, Andreas Heger
10.1186/2047-217x-3-1	2014	CGtag: complete genomics toolkit and annotation in a cloud-based Galaxy	GigaScience	Saskia Hiltemann, Hailiang Mei, Mattias de Hollander, Ivo Palli, Peter J. van der Spek, Guido W Jenster, Andrew Stubbs
10.1093/bioinformatics/btu385	2014	COSMOS: Python library for massively parallel workflows	Bioinformatics	Erik Gafni, Lovelace J. Luquette, Alex K. Lancaster, Jared B. Hawkins, Jae-Yoon Jung, Yassine Souilmi, Dennis Paul Wall, Peter J. Tonellato
10.1093/bioinformatics/btu113	2014	CanSNPer: a hierarchical genotype classifier of clonal pathogens	Bioinformatics	Adrian Lärkeryd, Kerstin Myrtennäs, Edvin Karlsson, Chinmay Kumar Dwibedi, Mats Forsman, Pär Larsson, Anders F. Johansson, Andreas Sjödin
10.1038/nature13982	2014	Catalysts from synthetic genetic polymers	Nature	Alexander I. Taylor, Vitor Bernardes Pinheiro, Matthew J. Smola, Alexey S. Morgunov, Sew‐Yeu Peak‐Chew, Christopher Cozens, Kevin M. Weeks, Piet A. Herdewijn, Philipp Holliger
10.1371/journal.pone.0099430	2014	Certain Adenylated Non-Coding RNAs, Including 5′ Leader Sequences of Primary MicroRNA Transcripts, Accumulate in Mouse Cells following Depletion of the RNA Helicase MTR4	PLoS ONE	Jane E. Dorweiler, Ting Ni, Jun Zhu, Stephen H. Munroe, James T. Anderson
10.1111/cge.12470	2014	Challenges and opportunities in the investigation of unexplained intellectual disability using family‐based whole‐exome sequencing	Clinical Genetics	Céline Helsmoortel, Geert Vandeweyer, Phillip T. Ordoukhanian, Filip Van Nieuwerburgh, Nathalie Van der Aa, R. Frank Kooy
10.1163/15685411-00002748	2014	Characterisation of the transcriptome of Aphelenchoides besseyi and identification of a GHF 45 cellulase	Nematology	Tiasei Kikuchi, Peter Cock, Johannes Helder, John T. Jones
10.1038/nprot.2014.063	2014	Characterization of ancient and modern genomes by SNP detection and phylogenomic and metagenomic analysis using PALEOMIX	Nature Protocols	Mikkel Schubert, Luca Ermini, Clio Der Sarkissian, Hákon Jónsson, Aurélien Ginolhac, Robert Schaefer, Michael D. Martin, Ruth Fernández, Martin Kircher, Molly E. McCue, Eske Willerslev, Ludovic Orlando
10.1186/1471-2164-15-239	2014	Characterization of the caleosin gene family in the Triticeae	BMC Genomics	Hala Badr Khalil, Sabrina C. Brunetti, Uyen Minh Pham, Deborah Maret, André Laroche, Patrick J. Gulick
10.1007/s10709-014-9799-9	2014	Characterization of the complete mitochondrial genome of flower-breeding Drosophila incompta (Diptera, Drosophilidae)	Genetica	Francine Cenzi De Ré, Gabriel Luz Wallau, Lizandra Jaqueline Robe, Élgion L. S. Loreto
	2014	Characterizing the Community Dynamics of the Leaf Microbiome	TSpace (University of Toronto)	Kathleen Julia Copeland
10.1186/1756-8935-7-33	2014	Chromatin accessibility: a window into the genome	Epigenetics & Chromatin	Maria Tsompana, Michael Buck
	2014	Clinical and Immunological Diversity of Recombination Defects	EUR Research Repository (Erasmus University Rotterdam)	Hanna IJspeert
10.1371/journal.ppat.1004006	2014	Clonality of HTLV-2 in Natural Infection	PLoS Pathogens	Anat Melamed, Aviva Witkover, Daniel Joseph Laydon, Rachael Brown, Kristin Ladell, Kelly L. Miners, Aileen G. Rowan, Niall A. Gormley, David Anthony Price, Graham Philip Taylor, Edward L. Murphy, Charles R. M. Bangham
10.1016/j.jbi.2014.01.005	2014	Cloud-based bioinformatics workflow platform for large-scale next-generation sequencing analyses	Journal of Biomedical Informatics	Bo Liu, Ravi Madduri, Borja Sotomayor, Kyle Chard, Łukasz Łaciński, Utpal J. Dave, Jianqiang Li, Chunchen Liu, Ian T Foster
10.1371/journal.pone.0098146	2014	CloudDOE: A User-Friendly Tool for Deploying Hadoop Clouds and Analyzing High-Throughput Sequencing Data with MapReduce	PLoS ONE	Wei-Chun Chung, Chien-Chih Chen, Jan-Ming Ho, Chung‐Yen Lin, Wen−Lian Hsu, Yu‐Chun Wang, D. T. Lee, Feipei Lai, Chih‐Wei Huang, Yu-Jung Chang
10.1186/1471-2164-15-688	2014	Co-occurrence of transcription and translation gene regulatory features underlies coordinated mRNA and protein synthesis	BMC Genomics	Ana Tamarkin-Ben-Harush, Edna Schechtman, Rivka Dikstein
10.1093/mp/ssu087	2014	Combinatorial Complexity in a Transcriptionally Centered Signaling Hub in Arabidopsis	Molecular Plant	Anne Pfeiffer, Hui Shi, James M. Tepperman, Yu Zhang, Peter H. Quail
10.1109/works.2014.14	2014	Combining Workflow Templates with a Shared Space-Based Execution Model		Javier Rojas Balderrama, Matthieu Simonin, Lavanya Ramakrishnan, Valerie Hendrix, Christine Morin, D. Agarwal, Cédric Tedeschi
10.3390/pathogens3010025	2014	Comparative Genomics Identifies a Potential Marker of Human-Virulent Anaplasma phagocytophilum	Pathogens	Basima Al‐Khedery, Anthony F. Barbet
10.1128/aac.02955-14	2014	Comparative Mechanistic Studies of Brilacidin, Daptomycin, and the Antimicrobial Peptide LL16	Antimicrobial Agents and Chemotherapy	Bruk Mensa, Gabriella L. Howell, Richard W. Scott, William F. DeGrado
10.1016/j.virusres.2013.12.015	2014	Comparative and retrospective molecular analysis of Parapoxvirus (PPV) isolates	Virus Research	Schirin Friederichs, Stefan Krebs, Helmut Blum, Eckhard Wolf, Heike Lang, Heiner von Buttlar, Mathias Büttner
10.1186/1471-2164-15-129	2014	Comparative genomics of unintrogressed Campylobacter coli clades 2 and 3	BMC Genomics	Caroline PA Skarp-de Haan, Alejandra Culebro, Thomas Schott, Joana Revez, Elke K. H. Schweda, Marja‐Liisa Hänninen, Mirko Rossi
10.1186/1471-2164-15-955	2014	Comparative transcriptomics reveals striking similarities between the bovine and feline isolates of Tritrichomonas foetus: consequences for in silico drug-target identification	BMC Genomics	Victoria Morin-Adeline, Rodrigo Lomas, Denis O’Meally, Colin M. Stack, Ana Conesa, Jan R Šlapeta
10.1186/1471-2164-15-37	2014	Comparison of different assembly and annotation tools on analysis of simulated viral metagenomic communities in the gut	BMC Genomics	Jorge Francisco Vázquez-Castellanos, Rodrigo García-López, Vicente Pérez‐Brocal, Miguel Pignatelli, Andrés Moyá
10.1186/1471-2164-15-353	2014	Comparison of strand-specific transcriptomes of enterohemorrhagic Escherichia coli O157:H7 EDL933 (EHEC) under eleven different environmental conditions including radish sprouts and cattle feces	BMC Genomics	Richard Landstorfer, Svenja Simon, Steffen Schober, Daniel A. Keim, Siegfried Scherer, Klaus Neuhaus
10.1073/pnas.1404099111	2014	Compound-gene interaction mapping reveals distinct roles for Staphylococcus aureus teichoic acids	Proceedings of the National Academy of Sciences	John P. Santa Maria, Ama Sadaka, Samir H. Moussa, Stephanie Brown, Yanjia Jason Zhang, Eric J. Rubin, Michael S. Gilmore, Suzanne Walker
10.1002/wrna.1274	2014	Computational challenges, tools, and resources for analyzing co‐ and post‐transcriptional events in high throughput	Wiley Interdisciplinary Reviews - RNA	Emad Bahrami‐Samani, Dat T. Vo, Patricia Rosa De Araujo, Christine Vogel, Andrew D. Smith, Luiz O. F. Penalva, Philip J. Uren
10.1186/1471-2164-15-1041	2014	Concurrent transcriptional profiling of Dirofilaria immitis and its Wolbachia endosymbiont throughout the nematode life cycle reveals coordinated gene expression	BMC Genomics	Ashley N. Luck, Christopher Charles Evans, Molly D Riggs, Jeremy M. Foster, Andrew Riddell Moorhead, Barton E. Slatko, Michelle L. Michalski
10.1016/j.cell.2014.06.037	2014	Conducting a Microbiome Study	Cell	Julia K. Goodrich, Sara C. Di Rienzi, Angela C. Poole, Omry Koren, William Anton Walters, J. Gregory Caporaso, Rob Knight, Ruth E. Ley
10.5281/zenodo.13711510	2014	Confirmation of introduced Louisiana pinesnakes, Pituophis ruthveni, in Florida based on molecular analyses	Biodiversity Heritage Library (Smithsonian Institution)	Kenneth L. Krysko, Dustin Smith, Michael R. Rochford, GUY N. KIECKHEFER, Leroy P. Nuñez
10.1016/j.cbpc.2014.01.005	2014	Connectivity of vertebrate genomes: Paired-related homeobox (Prrx) genes in spotted gar, basal teleosts, and tetrapods	Comparative Biochemistry and Physiology Part C Toxicology & Pharmacology	Ingo Braasch, Yann Guiguen, Ryan Loker, John Letaw, Allyse M. Ferrara, Julien Bobe, John H. Postlethwait
10.1093/bioinformatics/btu591	2014	Consensus Genotyper for Exome Sequencing (CGES): improving the quality of exome variant genotypes	Bioinformatics	Vassily Vladimirovich Trubetskoy, Alex C. Rodriguez, Uptal Dave, Nicholas G. Campbell, Emily L. Crawford, Edwin H. Cook, James S. Sutcliffe, Ian T Foster, Ravi Madduri, Nancy Jean Cox, Lea Karatheodoris Davis
10.1261/rna.043075.113	2014	Conserved expression of lincRNA during human and macaque prefrontal cortex development and maturation	RNA	Zhisong He, Hindrike Bammann, Dingding Han, Gangcai Xie, Philipp Khaitovich
10.1186/gm554	2014	Copy number variants are a common cause of non-syndromic hearing loss	Genome Medicine	Andrew M. Shearer, Diana L. Kolbe, Héla Azaiez, Christina M. Sloan, Kathy L. Frees, Amy E. Weaver, Erika T Clark, Carla J. Nishimura, E. Ann Black-Ziegelbein, Richard J H Smith
10.1109/sose.2014.73	2014	Customizing Scientific Data Analytic Platforms via SaaS Approach		Wenjun Wu, Chao Jin
10.12688/f1000research.2-192.v2	2014	Cyrface: An interface from Cytoscape to R that provides a user interface to R packages	F1000Research	Emanuel Gonçalves, Franz Mirlach, Julio Sáez-Rodríguez
10.1073/pnas.1415864111	2014	Cytomegalovirus-mediated activation of pyrimidine biosynthesis drives UDP–sugar synthesis to support viral protein glycosylation	Proceedings of the National Academy of Sciences	Stefanie Devito, Emilio Ortiz-Riaño, Luis Martínez‐Sobrido, Joshua C. Munger
10.12688/f1000research.4492.2	2014	Cytoscape: the network visualization tool for GenomeSpace workflows	F1000Research	Barry Demchak, Tim Hull, Michael M. Reich, Ted Liefeld, Michael E. Smoot, Trey Ideker, Jill P. Mesirov
10.12688/f1000research.4492.1	2014	Cytoscape: the network visualization tool for GenomeSpace workflows	F1000Research	Barry Demchak, Tim Hull, Michael M. Reich, Ted Liefeld, Michael E. Smoot, Trey Ideker, Jill P. Mesirov
10.1109/mcg.2014.27	2014	DIVE: A Graph-Based Visual-Analytics Framework for Big Data	IEEE Computer Graphics and Applications	Steven J. Rysavy, Dennis Bromley, Valerie Daggett
10.1101/gr.175141.114	2014	DNA copy number analysis of fresh and formalin-fixed specimens by shallow whole-genome sequencing with identification and exclusion of problematic regions in the genome assembly	Genome Research	Ilari Scheinin, Daoud Sie, Henrik L. Bengtsson, Mark A. van de Wiel, Adam B. Olshen, Hinke F. van Thuijl, Hendrik F. van Essen, Paul P. Eijk, François Rustenburg, Gerrit A. Meijer, Jaap C. Reijneveld, Pieter Wesseling, Daniel Pinkel, Donna G. Albertson, Bauke Ylstra
10.18632/oncotarget.2697	2014	DNA methylation transcriptionally regulates the putative tumor cell growth suppressor ZNF677 in non-small cell lung cancers	Oncotarget	Gerwin Heller, Corinna Altenberger, Bianca Schmid, Maximilian Marhold, Erwin Tomasich, Barbara R. Ziegler, Leonhard Müllauer, Christoph Minichsdorfer, György Láng, Adelheid End‐Pfützenreuter, Balázs Döme, Britt‐Madeleine Arns, Kwun Meng Fong, Casey Maree Wright, Ian A. Yang, Walter Klepetko, Christo
10.1101/013250	2014	DNA-guided establishment of canonical nucleosome patterns in a eukaryotic genome	bioRxiv (Cold Spring Harbor Laboratory)	Leslie Y. Beh, Noam Kaplan, Manuel M. Müller, Tom W. Muir, Laura F. Landweber
10.1186/1471-2105-15-38	2014	DRUMS: Disk Repository with Update Management and Select option for high throughput sequencing data	BMC Bioinformatics	Martin Nettling, Nils Thieme, Andreas Both, Ivo Große
10.1007/s10126-014-9591-y	2014	De Novo Characterisation of the Greenlip Abalone Transcriptome (Haliotis laevigata) with a Focus on the Heat Shock Protein 70 (HSP70) Family	Marine Biotechnology	Brett P. Shiel, Nathan E. Hall, Ira Cooke, Nicholas Andrew Robinson, Jan M. Strugnell
10.1007/978-1-4939-2291-8_17	2014	Deciphering Metatranscriptomic Data	Methods in molecular biology	Evguenia Kopylova, Laurent Noé, Corinne Da Silva, Jean-Frédéric Berthelot, Adriana Alberti, Jean‐Marc Aury, Hélène Touzet
10.1371/journal.pgen.1004365	2014	Deep Evolutionary Comparison of Gene Expression Identifies Parallel Recruitment of Trans-Factors in Two Independent Origins of C4 Photosynthesis	PLoS Genetics	Sylvain Aubry, Steven L. Kelly, Britta M. C. Kümpers, Richard D. Smith-Unna, Julian M. Hibberd
10.1128/iai.02077-14	2014	Deep Sequencing Analysis Reveals Temporal Microbiota Changes Associated with Development of Bovine Digital Dermatitis	Infection and Immunity	Adam C. Krull, Jan Keith Shearer, Patrick J. Gorden, Vickie L. Cooper, Gregory J. Phillips, Paul Joseph Plummer
10.3389/fnmol.2014.00087	2014	Defining the nociceptor transcriptome	Frontiers in Molecular Neuroscience	Matthew Thakur, Megan Crow, Natalie Richards, Gareth I. J. Davey, Emma H. Levine, Jayne H. Kelleher, Chibeza C. Agley, Franziska Denk, Stephen D. R. Harridge, Stephen Brendan McMahon
10.1073/pnas.1312399111	2014	Deletion of conserved protein phosphatases reverses defects associated with mitochondrial DNA damage in Saccharomyces cerevisiae	Proceedings of the National Academy of Sciences	Görkem Garipler, Nebibe Mutlu, Nathan A. Lack, Cory D. Dunn
10.1109/mipro.2014.6859593	2014	Delivering bioinformatics MapReduce applications in the cloud		Lukas Forer, Tomislav Lipić, Sebastian G. Schönherr, Hansi Weisensteiner, Davor Davidović, Florian Kronenberg, Enis Afgan
10.7717/peerj.600	2014	Detailed comparison of two popular variant calling packages for exome and targeted exon studies	PeerJ	Charles Warden, Aaron W. Adamson, Susan L. Neuhausen, Xiwei Wu
10.6084/m9.figshare.1192928.v1	2014	Detection and Analysis of Common Fragile Sites in Drosophila melanogaster	Figshare	Matthew C. LaFave
10.1016/j.bbrc.2014.02.112	2014	Detection of PIWI and piRNAs in the mitochondria of mammalian cancer cells	Biochemical and Biophysical Research Communications	Chang-Hyuk Kwon, Hyosun Tak, Mina Rho, Hae Ryung Chang, Yon Hui Kim, Kyung Tae Kim, Curt Balch, Eun Kyung Lee, Seungyoon Nam
10.1186/1471-2164-15-945	2014	Development and bin mapping of gene-associated interspecific SNPs for cotton (Gossypium hirsutum L.) introgression breeding efforts	BMC Genomics	Amanda M. Hulse‐Kemp, Hamid Ashrafi, Xiuting Zheng, Fei Wang, Kevin A. Hoegenauer, Andrea Maeda, S Samuel Yang, Kevin M. Stoffel, Marta Matvienko, Kimberly Clemons, Joshua A. Udall, Allen Van Deynze, Don C. Jones, David M. Stelly
10.1093/nar/gku618	2014	Discovery of the β-barrel–type RNA methyltransferase responsible forN6-methylation ofN6-threonylcarbamoyladenosine in tRNAs	Nucleic Acids Research	Satoshi Kimura, Kenjyo Miyauchi, Yoshiho Ikeuchi, Patrick C. Thiaville, Valérie de Crécy‐Lagard, Tsutomu Suzuki
	2014	Dissemination of scientific software with Galaxy		Daniel Blankenberg, Gregory Von Kuster, Dave Bouvier, Dannon Baker, Enis Afgan, Nicholas Stoler, James Taylor, ANTON Y NEKRUTENKO
10.1186/gb4161	2014	Dissemination of scientific software with Galaxy ToolShed	Genome biology	Daniel Blankenberg, Gregory Von Kuster, Emil Bouvier, Dannon Baker, Enis Afgan, Nicholas Stoler, Galaxy Team, James Taylor, ANTON Y NEKRUTENKO
10.1145/2618243.2618287	2014	DistillFlow		Jiuqiang Chen, Sarah Cohen‐Boulakia, Christine Froidevaux, Carole Goble, Paolo Missier, Alan R Williams
10.1186/1471-2105-15-s1-s12	2014	Distilling structure in Taverna scientific workflows: a refactoring approach	BMC Bioinformatics	Sarah Cohen‐Boulakia, Jiuqiang Chen, Paolo Missier, Carole Goble, Alan R Williams, Christine Froidevaux
10.1007/s00216-014-8210-0	2014	Distributed computing strategies for processing of FT-ICR MS imaging datasets for continuous mode data visualization	Analytical and Bioanalytical Chemistry	Donald F. Smith, Carl A. Schulz, Marco Konijnenburg, Mehmet Kilic, Ron M. A. Heeren
10.1093/bfgp/elu042	2014	Do it yourself guide to genome assembly	Briefings in Functional Genomics	Bilal Wajid, Erchin Serpedin
10.1128/genomea.00973-13	2014	Draft Genome Sequence of the Alga-Aggregating Bacterium Bacillus sp. Strain RP1137	Genome Announcements	Ryan J. Powell, Tsvetan R. Bachvaroff, Russell T. Hill
10.1007/978-1-4939-1743-3_10	2014	Drawing siRNAs of Viral Origin Out from Plant siRNAs Libraries	Methods in molecular biology	Laura Miozzi, Vitantonio Pantaleo
10.1186/1471-2164-15-806	2014	Dual transcriptional profiling of mice and Toxoplasma gondii during acute and chronic infection	BMC Genomics	Kelly J. Pittman, Matthew T. Aliota, Laura J. Knoll
10.1038/ncomms6288	2014	Dynamic DNA methylation orchestrates cardiomyocyte development, maturation and disease	Nature Communications	Ralf Gilsbach, Sebastian Preißl, Björn Andreas Grüning, Tilman Schnick, Lukas Burger, Vladimı́r Beneš, Andreas Würch, Ulrike Bönisch, Stefan Günther, Rolf Backofen, Bernd K. Fleischmann, Dirk Schübeler, Lutz Hein
10.1101/gr.164830.113	2014	Dynamic shifts in occupancy by TAL1 are guided by GATA factors and drive large-scale reprogramming of gene expression during hematopoiesis	Genome Research	Wei-Sheng Wu, Christapher S. Morrissey, Cheryl A. Keller, Tejaswini Mishra, Maxim Pimkin, Gerd A. Blobel, Mitchell J. Weiss, Ross Cameron Hardison
10.1109/tcbb.2014.2351823	2014	ENISI SDE: A New Web-Based Tool for Modeling Stochastic Processes	IEEE Transactions on Computational Biology and Bioinformatics	Yongguo Mei, Adria Carbo, Stefan Hoops, Raquel Hontecillas, Josep Bassaganya‐Riera
10.1186/1471-2164-15-341	2014	EXPRSS: an Illumina based high-throughput expression-profiling method to reveal transcriptional dynamics	BMC Genomics	Ghanasyam Rallapalli, Eric M. Kemen, Alexandre Robert‐Seilaniantz, Cécile Segonzac, Graham John Etherington, Kee Hoon Sohn, Dan MacLean, Jonathan D. G. Jones
10.1016/j.future.2014.02.016	2014	Enabling scientific workflow sharing through coarse-grained interoperability	Future Generation Computer Systems	Gabor Z. Terstyanszky, Tamas Kukla, Tamás Kiss, Péter Kacsuk, Ákos Balaskó, Zoltán Farkas
10.1109/tcc.2014.2358220	2014	End-to-End Delay Minimization for Scientific Workflows in Clouds under Budget Constraint	IEEE Transactions on Cloud Computing	Chase Qishi Wu, Xiangyu Lin, Dantong Yu, Wei Xu, Li Li
10.1371/journal.pone.0107041	2014	Erbb2 Is Required for Cardiac Atrial Electrical Activity during Development	PLoS ONE	Gennadiy Tenin, Christopher Clowes, Kathryn Wolton, Eliška Drobná Krejčí, JAYNE A. WRIGHT, Simon C. Lovell, David Sedmera, Kathryn E. Hentges
10.1093/bioinformatics/btu366	2014	EuGene-PP: a next-generation automated annotation pipeline for prokaryotic genomes	Bioinformatics	Erika Sallet, Jérôme Gouzy, Thomas Schiex
10.1186/2041-1480-5-42	2014	Executing SADI services in Galaxy	Journal of Biomedical Semantics	Mikel Egaña Aranguren, Alejandro Rodríguez‐González, Mark D. Wilkinson
10.1093/bioinformatics/btu665	2014	ExomeAI: detection of recurrent allelic imbalance in tumors using whole-exome sequencing data	Bioinformatics	Javad Nadaf, Jacek Majewski, Somayyeh Fahiminiya
10.1109/ccgrid.2014.84	2014	Expanding Tasks of Logical Workflows Into Independent Workflows for Improved Scalability		Nicholas Hazekamp, Olivia Choudhury, Sandra Gesing, Scott Emrich, Douglas Thain
10.1002/cpe.3274	2014	Experiences building Globus Genomics: a next‐generation sequencing analysis service using Galaxy, Globus, and Amazon Web Services	Concurrency and Computation Practice and Experience	Ravi Madduri, Dinanath Sulakhe, Łukasz Łaciński, Bo Liu, Alex C. Rodriguez, Kyle Chard, Utpal J. Dave, Ian T Foster
10.1002/cpe.3258	2014	Experiences of the Brazilian national high‐performance computing network on the rapid prototyping of science gateways	Concurrency and Computation Practice and Experience	Antônio Tadeu A. Gomes, Bruno F. Bastos, Vívian Medeiros, Vinícius Macedo Moreira
10.1109/escience.2014.56	2014	Experiences with User-Centered Design for the Tigres Workflow API		Lavanya Ramakrishnan, Sarah S. Poon, Valerie Hendrix, Dan Gunter, Gilberto Zonta Pastorello Junior, D. Agarwal
10.1186/1471-2105-15-s1-s3	2014	Explorative search of distributed bio-data to answer complex biomedical questions	BMC Bioinformatics	Marco Masseroli, Matteo Picozzi, Giorgio Ghisalberti, Stefano Ceri
10.22028/d291-26578	2014	Exploratory visualizations and statistical analysis of large, heterogeneous epigenetic datasets	MPG.PuRe (Max Planck Society)	Konstantin Halachev
	2014	Exploring the Impacts of Major Histocompatibility Complex Variation on Fitness in the Ring-tailed Lemur (Lemur catta): Parasite Resistance, Survival, Mate Choice and Olfactory Ornamentation, and Reproduction		Kathleen E. Grogan
10.1016/j.future.2014.10.001	2014	Exposing HPC and sequential applications as services through the development and deployment of a SaaS cloud	Future Generation Computer Systems	Philip C. Church, Andrzej M Goscinski, Christophe M. Lefèvre
10.3389/fgene.2014.00207	2014	Exposure to hycanthone alters chromatin structure around specific gene functions and specific repeats in Schistosoma mansoni	Frontiers in Genetics	David Roquis, Julie M. J. Lepesant, Emanuel Villafán, JÃ©rÃ´me Boissier, Cristina Vieira, Céline Cosseau, Christoph Grunau
10.1109/gce.2014.17	2014	FACE-IT: A Science Gateway for Food Security Research		Raffaele Montella, Alison Brizius, Joshua Elliott, David J. A. Kelly, Ravi Madduri, Ketan C. Maheshwari, Cheryl H. Porter, Peter Vilter, Michael Wilde, Wei Xiong, Meng Zhang, Ian T Foster
10.1016/j.neo.2014.08.007	2014	FLI1 Expression is Correlated with Breast Cancer Cellular Growth, Migration, and Invasion and Altered Gene Expression	Neoplasia	Melissa Nicole Scheiber, Patricia M. Watson, Tihana Rumboldt, Connor Stanley, Robert C. Wilson, Victoria J. Findlay, Paul E. Anderson, Dennis K. Watson
10.1109/cloudnet.2014.6969011	2014	Federated clouds for biomedical research: Integrating OpenStack for ICTBioMed		Cezary Mazurek, Juliusz Pukacki, Michał Kosiedowski, Szymon Trocha, Michael B. Sullivan, Hemant Darbari, Amit Kumar Saxena, Rajendra Joshi, Devdatt Dubhashi, Subazini Thankaswamy, Paul R. Brenner, Sandra Gesing, Jarek Nabrzyski, Anil Srivastava
10.1021/pr500812t	2014	Flexible and Accessible Workflows for Improved Proteogenomic Analysis Using the Galaxy Framework	Journal of Proteome Research	Pratik Jagtap, James E. Johnson, Getiria Onsongo, Fredrik W. Sadler, Kevin J. Murray, Yuanbo Wang, Gloria M. Shenykman, Sricharan Bandhakavi, Lloyd M. Smith, Timothy J. Griffin
10.1109/ccgrid.2014.128	2014	From Scripted HPC-Based NGS Pipelines to Workflows on the Cloud		Jacek Cała, Yaobo Xu, Eldarina Wijaya, Paolo Missier
10.1101/011973	2014	From peer-reviewed to peer-reproduced: a role for data standards, models and computational workflows in scholarly publishing	bioRxiv (Cold Spring Harbor Laboratory)	Alejandra N Gonzalez-Beltran, Peter Li, Jun Zhao, María Susana Ávila-García, Marco C. Roos, Mark A Thompson, Eelke van der Horst, Rajaram Kaliyaperumal, Ruibang Luo, TL Lee, Tak‐Wah Lam, Scott Edmunds, Susanna‐Assunta Sansone, Philippe Rocca‐Serra
10.1016/j.rhum.2013.08.005	2014	Fréquence des polymorphismes du CYP2C9 chez les Polynésiens et pertinence potentielle concernant le traitement de la goutte par benzbromarone	Revue du Rhumatisme	Rebecca L Roberts, Mary C. Wallace, Daniel F. B. Wright, Murray J. Cadzow, Nicola Dalbeth, Peter Brian Jones, Lisa K. Stamp, Andrew A. Harrison, Michael A. Black, Tony Raymond Merriman
10.4161/19491034.2014.990863	2014	Functional redundancy in the nuclear compartmentalization of the late-replicating genome	Nucleus	Tobias Ragoczy, Agnes Telling, David Scalzo, Charles L Kooperberg, Mark T. Groudine
10.1073/pnas.1400295111	2014	Functional type 2 photosynthetic reaction centers found in the rare bacterial phylum Gemmatimonadetes	Proceedings of the National Academy of Sciences	Yonghui Zeng, Fuying Feng, Hana Medová, Jason Dean, Michal Koblížek
10.1016/j.fgb.2014.06.011	2014	Fungal model systems and the elucidation of pathogenicity determinants	Fungal Genetics and Biology	Elena Pérez‐Nadales, Maria Filomena Almeida Nogueira, Clara Baldin, Sónia Marisa Castanheira, Mennat El Ghalid, Elisabeth Grund, Klaus B. Lengeler, Elisabetta Marchegiani, Pankaj Mehrotra, Marino Moretti, Vikram Naik, Míriam Osés-Ruiz, Therese Oskarsson, Katja Schäfer, Lisa Wasserstrom, Axel A. Brak
10.1101/010538	2014	GalDrive: Pipeline for comparative identification of driver mutations using the Galaxy framework	bioRxiv (Cold Spring Harbor Laboratory)	Saket Kumar Choudhary, Santosh B Noronha
10.1007/978-3-319-06859-6_30	2014	Galaxy + Hadoop: Toward a Collaborative and Scalable Image Processing Toolbox in Cloud	Lecture notes in computer science	Shiping Chen, Tomasz Piotr Bednarz, Piotr Szul, Dadong Wang, Yulia Arzhaeva, Neil Burdett, Alex Khassapov, John Žic, ‪Surya Nepal‬, Tim Gurevey, John Taylor
10.1109/gce.2014.13	2014	Galaxy Cluster to Cloud - Genomics at Scale		Enis Afgan, Dannon Baker, John M. Chilton, Nate Coraor, James Taylor
10.1007/978-1-62703-986-4_1	2014	Galaxy as a Platform for Identifying Candidate Pathogen Effectors	Methods in molecular biology	Peter Cock, Leighton Pritchard
10.22323/1.210.0025	2014	Galaxy based BLAST submission to Open Science Grid resources		Soichi Hayashi, Sandra Gesing, Robert Quick, Scott TEIGE, Carrie L. Ganote, Le-Shin Wu, Elizabeth Prout
10.1109/ihtc.2014.7147530	2014	Gateways to high-perfomance and distributed computing resources for global health challenges		Sandra Gesing, Jarek Nabrzyski, Shantenu Jha
10.1007/978-3-319-10073-9_23	2014	Generating Data Converters to Help Compose Services in Bioinformatics Workflows	Lecture notes in computer science	Mouhamadou Ba, Sébastien Ferré, Mireille Ducassé
10.1371/journal.ppat.1003897	2014	Genetic Dissection of Anopheles gambiae Gut Epithelial Responses to Serratia marcescens	PLoS Pathogens	Stavros Stathopoulos, Daniel E. Neafsey, Mara Lawniczak, Marc A. T. Muskavitch, George K. Christophides
10.4014/jmb.1405.05039	2014	Genome of Betaproteobacterium Caenimonas sp. Strain SL110 Contains a Coenzyme F420 Biosynthesis Gene Cluster	Journal of Microbiology and Biotechnology	Xiuling Li, Fuying Feng, Yonghui Zeng
	2014	Genome wide analyses of the Escherichia coli primary and secondary transcriptomes		David Romero Alvarez
10.1128/mcb.00991-14	2014	Genome-Wide Association of Mediator and RNA Polymerase II in Wild-Type and Mediator Mutant Yeast	Molecular and Cellular Biology	Emily Paul, Zhengwei Zhu, David Landsman, Randall H. Morse
10.1597/13-151	2014	Genome-wide Chromatin Mapping Defines AP2α in the Etiology of Craniofacial Disorders	The Cleft Palate-Craniofacial Journal	Badam Enkhmandakh, Dashzeveg Bayarsaihan
10.1093/nar/gku299	2014	Genome-wide characterization reveals complex interplay between TP53 and TP63 in response to genotoxic stress	Nucleic Acids Research	Simon S. McDade, Daksha Patel, Michael Moran, James Campbell, Kerry Fenwick, Iwanka Kozarewa, Nick Orr, Christopher J. Lord, Alan Ashworth, Dennis J. McCance
10.1186/1471-2164-15-89	2014	Genome-wide histone state profiling of fibroblasts from the opossum, Monodelphis domestica, identifies the first marsupial-specific imprinted gene	BMC Genomics	Kory C. Douglas, Xu Wang, Madhuri Jasti, Abigail Wolff, John L. VandeBerg, Andrew G. Clark, Paul B. Samollow
	2014	Genome-wide regulation of glucocorticoid signaling by SUMO modifications	UEF eRepo (University of Eastern Finland)	Ville Paakinaho
10.1093/bioinformatics/btu803	2014	GenomeCons: a web server for manipulating multiple genome sequence alignments and their consensus sequences	Bioinformatics	Tetsuya Sato, Mikita Suyama
10.1093/molbev/msu138	2014	Genomic Landscape of Human, Bat, and Ex Vivo DNA Transposon Integrations	Molecular Biology and Evolution	Rebeca Campos-Sánchez, Aurélie Kapusta, Cédric Feschotte, Francesca Chiaromonte, Kateryna D. Makova
10.15406/jig.2014.01.00004	2014	Genomic Taxonomy Boost by Lexical Clustering	Journal of Investigative Genomics	Kosi Gramatikoff
10.1007/s00251-014-0784-3	2014	Genomic V exons from whole genome shotgun data in reptiles	Immunogenetics	David Nicholas Olivieri, Bernardo von Haeften, Christian Sánchez‐Espinel, José Faro, Francisco Gambón-Deza
10.1101/002618	2014	Genomic V-gene repertoire in reptiles	bioRxiv (Cold Spring Harbor Laboratory)	David Nicholas Olivieri, Bernardo von Haeften, Christian Sánchez‐Espinel, José Faro, Francisco Gambón-Deza
10.1186/1471-2164-15-490	2014	Genomic data integration for ecological and evolutionary traits in non-model organisms	BMC Genomics	Denis Tagu, John  Kenneth Colbourne, Nicolas Nègre
10.1016/j.anbehav.2014.02.028	2014	Genomics: moving behavioural ecology beyond the phenotypic gambit	Animal Behaviour	Clare C. Rittschof, Gene E. Robinson
10.3390/d6040665	2014	Genotyping-By-Sequencing for Plant Genetic Diversity Analysis: A Lab Guide for SNP Genotyping	Diversity	Gregory W. Peterson, Yibo Dong, Carolee Horbach, Yong‐Bi Fu
10.13110/humanbiology.86.4.0260	2014	Geographic Distribution and Adaptive Significance of Genomic Structural Variants: An Anthropological Genetics Perspective	Human Biology	Muthukrishnan Eaaswarkhanth, Pavlos Pavlidis, Ömer Gökçümen
10.1093/database/bau018	2014	GigaDB: promoting data dissemination and reproducibility	Database	Tam P. Sneddon, Xiao Si Zhe, Scott Edmunds, Peter Li, Laurie Goodman, Chris Hunter
10.1371/journal.pone.0092139	2014	Global Patterns of Abundance, Diversity and Community Structure of the Aminicenantes (Candidate Phylum OP8)	PLoS ONE	Ibrahim Farag, James P. Davis, Noha H. Youssef, Mostafa S. Elshahed
10.1016/j.ecoinf.2014.08.005	2014	Global biotic interactions: An open infrastructure to share and analyze species-interaction datasets	Ecological Informatics	Jorrit H. Poelen, J.D. Simons, Chris Mungall
10.1186/s12915-014-0081-5	2014	Global identification of Smad2 and Eomesodermin targets in zebrafish identifies a conserved transcriptional network in mesendoderm and a novel role for Eomesodermin in repression of ectodermal gene expression	BMC Biology	Andrew C. Nelson, Stephen J. Cutty, Marie Niini, Derek L. Stemple, Paul Flicek, Corinne Houart, Ashley E.E. Bruce, Fiona C. Wardle
	2014	Great ape genomics : diversity and evolution	TDX (Tesis Doctorals en Xarxa)	P. Brox Martínez, Javier Javier
10.1002/cpe.3257	2014	HUBzero and Pegasus: integrating scientific workflows into science gateways	Concurrency and Computation Practice and Experience	Michael J. McLennan, Steven M. Clark, Ewa Deelman, Mats Rynge, Karan Vahi, Frank McKenna, Derrick Kearney, Carol Song
10.1147/jrd.2014.2309032	2014	Heterogeneous biological data integration with declarative query language	IBM Journal of Research and Development	Hoan Nguyen, Laurent D. Michel, Julie Thompson, Olivier Poch
10.1093/bioinformatics/btu082	2014	HiBrowse: multi-purpose statistical analysis of genome-wide chromatin 3D organization	Bioinformatics	Jonas Paulsen, Geir Kjetil Sandve, Sveinung Gundersen, Tonje Gulbrandsen Lien, Kai Trengereid, Eivind J. Hovig
10.3390/genes5040957	2014	High-Performance Integrated Virtual Environment (HIVE) Tools and Applications for Big Data Analysis	Genes	Vahan V. Simonyan, Raja Mazumder
10.3390/pathogens3020258	2014	High-Throughput Sequencing, a VersatileWeapon to Support Genome-Based Diagnosis in Infectious Diseases: Applications to Clinical Bacteriology	Pathogens	Ségolène Caboche, Christophe Audebert, David Hot
10.3389/fninf.2014.00041	2014	High-throughput neuroimaging-genetics computational infrastructure	Frontiers in Neuroinformatics	Ivo D. Dinov, Petros Petrosyan, Zhizhong Liu, Paul Eggert, Sam Hobel, Paul M Vespa, Seok Woo Moon, John D. Van Horn, Joseph Di Franco, Arthur W. Toga
10.1002/9781118278666.ch4	2014	High‐Throughput Sequencing		Xiangyu Deng, Lee S. Katz, Patricia I. Fields, Wei Zhang
10.1016/j.celrep.2014.08.046	2014	Hippo Signaling Influences HNF4A and FOXA2 Enhancer Switching during Hepatocyte Differentiation	Cell Reports	Olivia Alder, Rebecca L Cullum, Sam Lee, Arohumam Kan, Wei Wei, Yuyin Yi, Victoria C. Garside, Misha Bilenky, Malachi Griffith, A. Sorana Morrissy, Gordon Robertson, Nina Thiessen, Yongjun Zhao, Qian Chen, Duojia Pan, Steven J.M. Jones, Marco A. Marra, Pamela A. Hoodless
	2014	IDENTIFYING GENETIC FACTORS PROMOTING FITNESS AND RIFAMPICIN TOLERANCE IN MYCOBACTERIUM TUBERCULOSIS BIOFILMS	D-Scholarship@Pitt (University of Pittsburgh)	Jacob P. Richards
10.1371/journal.pone.0092447	2014	Identification of Genes Differentially Expressed in Myogenin Knock-Down Bovine Muscle Satellite Cells during Differentiation through RNA Sequencing Analysis	PLoS ONE	Eun Ju Lee, Adeel Malik, Smritee Pokharel, Sarafraz Ahmad, Bilal Ahmad Mir, Kyung Hyun Cho, Jihoe Kim, Joon Chan Kong, Dong-Mok Lee, Ki Yong Chung, Sang Hoon Kim, Inho Choi
10.1111/mmi.12557	2014	Identification of in vivo regulators of the V ibrio cholerae xds gene using a high‐throughput genetic selection	Molecular Microbiology	EmilyKate McDonough, David W. Lazinski, Andrew Camilli
10.1016/j.bcmd.2014.10.001	2014	Identification of novel informative loci for DNA-based X-inactivation analysis	Blood Cells Molecules and Diseases	Dita Mušálková, Jakub Minks, Gabriela Štorkánová, Lenka Dvořáková, Martin Hřebı́ček
10.1186/s12865-014-0059-7	2014	ImmunoGlobulin galaxy (IGGalaxy) for simple determination and quantitation of immunoglobulin heavy chain rearrangements from NGS	BMC Immunology	Michael J. Moorhouse, David van Zessen, Hanna IJspeert, Saskia Hiltemann, Sebastian Horsman, Peter J. van der Spek, Mirjam van der Burg, Andrew Stubbs
10.1186/1471-2164-15-s8-s1	2014	Impact of analytic provenance in genome analysis	BMC Genomics	Shatavia S. Morrison, Roman Pyzh, Myung Shin Jeon, Carmen Amaro, Francisco J. Roig, Craig Baker‐Austin, James D. Oliver, Cynthia Gibas
10.1111/1755-0998.12229	2014	Impact of primer choice on characterization of orchid mycorrhizal communities using 454 pyrosequencing	Molecular Ecology Resources	Michael Waud, Pieter Busschaert, Stefan Ruyters, Hans Jacquemyn, Bart Lievens
10.1186/1756-0500-7-314	2014	Implementation of Cloud based Next Generation Sequencing data analysis in a clinical laboratory	BMC Research Notes	Getiria Onsongo, Jesse Erdmann, Michael D. Spears, John M. Chilton, Kenneth B. Beckman, Adam Hauge, Sophia Louise Yohe, Matthew L. Schomaker, Matthew Bower, Kevin A.T. Silverstein, Bharat Thyagarajan
	2014	Improved sequence-read simulation for (meta)genomics	University Library - University of Saskatchewan (University of Saskatchewan)	Stephen E. Johnson
10.13140/2.1.2394.9767	2014	Improving Biological Understanding and Complex Trait Prediction by Integrating Prior Information in Genomic Feature Models		Stefan McKinnon Edwards
10.1109/tcbb.2014.2355213	2014	Improving Integration Effectiveness of ID Mapping Based Biological Record Linkage	IEEE Transactions on Computational Biology and Bioinformatics	Hasan M. Jamil
10.1007/s00335-013-9498-3	2014	Improving mRNA 5′ coding sequence determination in the mouse genome	Mammalian Genome	Allison Piovesan, Maria Caracausi, Maria Chiara Pelleri, Lorenza Vitale, Silvia Martini, Chiara Bassani, Annalisa Gurioli, Raffaella Casadei, Giulia Soldà, Pierluigi Strippoli
10.1007/978-1-4939-1381-7_13	2014	In Silico Investigation of Cancer Using Publicly Available Data		Ying Xu, Juan Cui, David Puett
10.1128/aac.03082-14	2014	In Vitro Selection of Neisseria gonorrhoeae Mutants with Elevated MIC Values and Increased Resistance to Cephalosporins	Antimicrobial Agents and Chemotherapy	Steven R. Johnson, Yonatan Hagai Grad, Satishkumar Ranganathan Ganakammal, Mark Burroughs, Mike Frace, Marc Lipsitch, Ryan Weil, David L. Trees
10.1007/s00439-014-1496-3	2014	Incorporating computational resources in a cancer research program	Human Genetics	Nicholas T. Woods, Ankita Jhuraney, Álvaro N.A. Monteiro
	2014	InfectionSimian Immunodeficiency Virus T Cell Escape during + Conditional CD8		Thomas C. Friedrich, David H. O’Connor, Michael Gleicher, Austin L. Hughes, David Anthony Price, Emily N. Chin, Melisa L. Budde, Emma Gostick, Lance M. O'Connor, Ericka A. Becker, Jason T. Weinfurter
	2014	Inferential analysis of genomic 3D organization	NORA - Norwegian Open Research Archives	Jonas Paulsen
10.1186/gb-2014-15-5-r82	2014	Insulator function and topological domain border strength scale with architectural protein occupancy	Genome biology	Kevin Van Bortle, Michael H. Nichols, Li Li, Chin‐Tong Ong, Naomi Takenaka, Zhaohui Steve Qin, Victor G. Corces
10.5815/ijitcs.2014.08.07	2014	Integrated Model of DNA Sequence Numerical Representation and Artificial Neural Network for Human Donor and Acceptor Sites Prediction	International Journal of Information Technology and Computer Science	Mohammed M. Abo-Zahhad, Sabah Mohammed Ahmed, Shimaa A. Abdelrahman
10.1159/000358693	2014	Integrating Omics Technologies to Study Pulmonary Physiology and Pathology at the Systems Level	Cellular Physiology and Biochemistry	Ravi Ramesh Pathak, Vrushank Davé
10.3115/v1/w14-5202	2014	Integrating UIMA with Alveo, a human communication science virtual laboratory		Dominique Estival, Steve Cassidy, Karin M. Verspoor, Andrew MacKinlay, Denis K. Burnham
10.1371/journal.pgen.1004853	2014	Interaction between Conjugative and Retrotransposable Elements in Horizontal Gene Transfer	PLoS Genetics	Olga Stepanovna Novikova, Dorie Smith, Ingrid Hahn, Arthur Beauregard, Marlene Belfort
	2014	Investigating tumour evolution through graph theoretical analysis of gene regulatory networks	University of Birmingham Institutional Research Archive (University of Birmingham)	Alex Upton
10.1038/ncomms6692	2014	Khoisan hunter-gatherers have been the largest population throughout most of modern-human demographic history	Nature Communications	Hie Lim Kim, Aakrosh Ratan, George H. Perry, Álvaro Montenegro, Webb Miller, Stephan Christoph Schuster
10.1186/1471-2105-15-30	2014	Launching genomics into the cloud: deployment of Mercury, a next generation sequence analysis pipeline	BMC Bioinformatics	Jeffrey G. Reid, Andrew W. Carroll, Narayanan Veeraraghavan, Mahmoud Dahdouli, Andreas Sundquist, Adam C. English, Matthew N. Bainbridge, Simon J. White, William J. Salerno, Christian Buhay, Fuli Yu, Donna Marie Muzny, RICHARD F. DALY, Geoff M. Duyk, Richard A. Gibbs, Eric Boerwinkle
10.1109/escience.2014.19	2014	Layer Decomposition: An Effective Structure-Based Approach for Scientific Workflow Similarity		Johannes Starlinger, Sarah Cohen‐Boulakia, Sanjeev Khanna, Susan B. Davidson, Ulf Leser
10.1111/tpj.12595	2014	Leaf phenomics: a systematic reverse genetic screen for Arabidopsis leaf mutants	The Plant Journal	David Wilson‐Sánchez, Silvia Rubio‐Díaz, Rafael Muñoz‐Viana, José Manuel Pérez‐Pérez, Sara Jover‐Gil, Marı́a Rosa Ponce, José Luis Micol
10.7763/ijeeee.2014.v4.338	2014	Learn2Mine: Data Science Practice and Education through Gameful Experiences	International Journal of e-Education e-Business e-Management and e-Learning	Clayton A. Turner
10.1002/cpe.3237	2014	Life science data analysis workflow development using the bioextract server leveraging the iPlant collaborative cyberinfrastructure	Concurrency and Computation Practice and Experience	Carol Lushbough, Etienne Z. Gnimpiéba, Rion Dooley
10.1093/bioinformatics/btu573	2014	MIRPIPE: quantification of microRNAs in niche model organisms	Bioinformatics	Carsten Tobias Kuenne, Jens Preussner, Mario Herzog, Thomas W Braun, Mario Looso
10.1186/1471-2105-15-144	2014	MOIRAI: a compact workflow system for CAGE analysis	BMC Bioinformatics	Akira Hasegawa, Carsten O. Daub, Piero Carninci, Yoshihide Hayashizaki, Timo Lassmann
10.1038/ncomms6277	2014	MS-GF+ makes progress towards a universal database search tool for proteomics	Nature Communications	Sangtae Kim, Pavel A. Pevzner
10.1155/2014/134023	2014	Managing, Analysing, and Integrating Big Data in Medical Bioinformatics: Open Problems and Future Perspectives	BioMed Research International	Ivan Merelli, Horacio Pérez‐Sánchez, Sandra Gesing, Daniele D’Agostino
10.1186/s13007-014-0041-7	2014	Mapping mutations in plant genomes with the user-friendly web application CandiSNP	Plant Methods	Graham John Etherington, Jacqueline Monaghan, Cyril Zipfel, Dan MacLean
10.1007/978-3-319-14325-5_23	2014	Mario: Interactive Tuning of Biological Analysis Pipelines Using Iterative Processing	Lecture notes in computer science	Martin Ernstsen, Erik Kjærner‐Semb, Nils Peder Willassen, Lars Ailo Bongo
10.1109/iwsg.2014.20	2014	Meta-Metaworkflows for Combining Quantum Chemistry and Molecular Dynamics in the MoSGrid Science Gateway		Sonja Herres‐Pawlis, Alexander Hoffmann, Luis de la Garza, Jens Krüger, Sandra Gesing, Richard Grunzke, Wolfgang E. Nagel, Gabor Terstyansky, Noam Weingarten
10.3389/fbioe.2014.00072	2014	MetaDB a Data Processing Workflow in Untargeted MS-Based Metabolomics Experiments	Frontiers in Bioengineering and Biotechnology	Pietro Franceschi, Roman Mylonas, Nir Shahaf, Matthias Scholz, Panagiotis Arapitsas, Domenico Masuero, Georg Weingart, Silvia Carlin, Urška Vrhovšek, Fulvio Mattivi, Ron Wehrens
10.1128/aem.00717-14	2014	Metatranscriptome of an Anaerobic Benzene-Degrading, Nitrate-Reducing Enrichment Culture Reveals Involvement of Carboxylation in Benzene Ring Activation	Applied and Environmental Microbiology	Fei Luo, Roya Gitiafroz, Cheryl E. Devine, Yunchen Gong, Laura A. Hug, Lutgarde M. Raskin, Elizabeth Anne Edwards
10.4109/jslab.25.87	2014	Methods for analyzing next-generation sequencing data I. Introduction	Japanese Journal of Lactic Acid Bacteria	Koji Kadota, Jianqiang Sun, Min Tang, Tasuku Nishioka, Kentaro K. Shimizu
10.1186/1471-2164-15-311	2014	Microbiota diversity and gene expression dynamics in human oral biofilms	BMC Genomics	Alfonso Benítez‐Páez, Pedro Belda‐Ferre, Áurea Simón‐Soro, Álex Mira
10.1371/journal.pgen.1004498	2014	Microsatellite Interruptions Stabilize Primate Genomes and Exist as Population-Specific Single Nucleotide Polymorphisms within Individual Human Genomes	PLoS Genetics	Guruprasad Ananda, Suzanne E. Hile, Amanda Breski, Yanli Wang, Yogeshwar Kelkar, Kateryna D. Makova, Kristin A. Eckert
10.1038/srep05113	2014	Minimally destructive sampling of type specimens of Pyropia (Bangiales, Rhodophyta) recovers complete plastid and mitochondrial genomes	Scientific Reports	Jeffery R. Hughey, Paul W. Gabrielson, Laurence Rohmer, Jacquie Tortolani, Mayra Silva, Kathy Ann Miller, Joel D. Young, Craig H. Martell, Erik Ruediger
10.1080/10495398.2013.875474	2014	Mitochondrial DNA Sequence and Phylogenetic Evaluation of Geographically DisparateSus scrofaBreeds	Animal Biotechnology	Matthew V. Cannon, Terry D. Brandebourg, Marcel Köhn, Domagoj Đikić, Michael H. Irwin, Carl A. Pinkert
10.3109/19401736.2014.895988	2014	Mitochondrial DNA, restoring Beethovens music	Mitochondrial DNA Part A	Maxime Mohamad Merheb, Stéphane Vaiedelich, Thiérry Maniguet, Catherine Hänni
10.1093/bioinformatics/btu055	2014	Mobyle SNAP Workbench: a web-based analysis portal for population genetics and evolutionary genomics	Bioinformatics	James T. Monacell, Ignazio Carbone
10.1016/j.tig.2014.02.005	2014	Modeling genomic regulatory networks with big data	Trends in Genetics	Hamid Bolouri
10.1371/journal.pone.0086718	2014	Molecular Evolution of Multiple-Level Control of Heme Biosynthesis Pathway in Animal Kingdom	PLoS ONE	Wen‐Shyong Tzou, Ying Chu, Tzung‐Yi Lin, Chin‐Hwa Hu, Tun‐Wen Pai, Hsin‐Fu Liu, H.‐J. Lin, Ildefonso Cases, Ana Maria Rojas, Mayka Sánchez, Zong-Ye You, Ming-Wei Hsu
10.1038/nprot.2014.083	2014	Motif-based analysis of large nucleotide data sets using MEME-ChIP	Nature Protocols	Wenxiu Ma, William Stafford Noble, Timothy L. Bailey
10.1109/vissoft.2014.21	2014	Mr. Clean: A Tool for Tracking and Comparing the Lineage of Scientific Visualization Code		Giacomo Tartari, Lars Tiede, Einar Holsbø, Kenneth Dahl Knudsen, Inge Alexander Raknes, Bjørn Fjukstad, Nicolle A. Mode, John Markus Bjørndalen, Eiliv Lund, Lars Ailo Bongo
10.1128/aac.03667-14	2014	Multiple Influenza A (H3N2) Mutations Conferring Resistance to Neuraminidase Inhibitors in a Bone Marrow Transplant Recipient	Antimicrobial Agents and Chemotherapy	Alireza Eshaghi, Sarah Shalhoub, PAUL S. ROSENFELD, Aimin Li, Rachel R. Higgins, P.J. Stogios, Alexei V. Savchenko, Nathalie Bastien, Yan Li, Coleman Rotstein, Jonathan B. Gubbay
10.1074/jbc.m114.592873	2014	Multiple Regulatory Mechanisms Control the Expression of the Geobacillus stearothermophilus Gene for Extracellular Xylanase	Journal of Biological Chemistry	Smadar Shulami, Ofer Shenker, Yael Langut, Noa Lavid, Orit Gat, Galia Zaide, Arie Zehavi, Abraham L. Sonenshein, Yuval Shoham
10.1007/978-1-4939-2291-8_15	2014	NGS-Trex: An Automatic Analysis Workflow for RNA-Seq Data	Methods in molecular biology	Ilenia Boria, Lara Boatti, Igor Saggese, Flavio Mignone
10.1093/bioinformatics/btu036	2014	NGSANE: a lightweight production informatics framework for high-throughput data analysis	Bioinformatics	Fabian A. Buske, Hugh J. French, Martin A. Smith, Susan J. Clark, Denis C. Bauer
10.1007/s12273-014-0171-x	2014	Nationwide buildings energy research enabled through an integrated data intensive	Building Simulation	Kerstin Kleese van Dam, Carina S. Lansing, Todd Elsethagen, John E. Hathaway, Zoe Guillen, James A. Dirks, Daniel C. Skorski, Eric Stephan, Will Gorrissen, Ian Gorton, Yan Liu
10.1890/14-0242.1	2014	Neglected role of fungal community composition in explaining variation in wood decay rates	Ecology	Annemieke van der Wal, Elisabet Ottosson, Wietse de Boer
10.1109/infoseee.2014.6947794	2014	NetCompare: A visualization tool for network alignment on Galaxy		Jiang Xie, Xiang Chaojuan, Zhonghua Zhou, Dongbo Dai, Huiran Zhang
10.1111/age.12132	2014	New insights into polar overdominance in callipyge sheep	Animal Genetics	C. A. Bidwell, Jolena N. Waddell, Tasia M. Taxis, Hui Min Yu, Ross L. Tellam, Mike K. Neary, N. E. Cockett
10.1016/j.margen.2014.08.003	2014	Next generation sequence analysis of the transcriptome of Sydney rock oysters (Saccostrea glomerata) exposed to a range of environmental stressors	Marine Genomics	Sharon E. Hook, Emma L. Johnston, Sham V. Nair, Anthony C. Roach, Philippe Moncuquet, Natalie A. Twine, David A. Raftos
10.1186/s13073-014-0113-3	2014	Next generation sequencing analysis of nine Corynebacterium ulcerans isolates reveals zoonotic transmission and a novel putative diphtheria toxin-encoding pathogenicity island	Genome Medicine	Dominik M. Meinel, Gabriele Margos, Regina Konrad, Stefan Krebs, Helmut Blum, Andreas Sing
10.4172/2153-0602.1000159	2014	Node-Oriented Workflow (NOW): A Command Template Workflow Management Tool for High Throughput Data Analysis Pipelines	Journal of Data Mining in Genomics & Proteomics	Gerard C. Tromp
10.1186/1471-2105-15-28	2014	Non-synonymous variations in cancer and their effects on the human proteome: workflow for NGS data biocuration and proteome-wide analysis of TCGA data	BMC Bioinformatics	Charles N. Cole, Konstantinos Krampis, Konstantinos Karagiannis, Jonas S. Almeida, William J. Faison, Mona Motwani, Quan Wan, Anton Golikov, Yang Pan, Vahan V. Simonyan, Raja Mazumder
10.1371/journal.pone.0098870	2014	Ocular and Extraocular Expression of Opsins in the Rhopalium of Tripedalia cystophora (Cnidaria: Cubozoa)	PLoS ONE	Jan Bielecki, Alexander K. Zaharoff, Nicole Y. Leung, Anders L. Garm, Todd H. Oakley
10.63317/4ncw74qf2yps	2014	Off-Road LAF: Encoding and Processing Annotations in NLP Workflows		Emanuele Lapponi, Erik Velldal, Stephan Oepen, Rune Lain Knudsen
10.1002/pmic.201400377	2014	Open source libraries and frameworks for biological data visualisation: A guide for developers	PROTEOMICS	Rui Wang, Yasset Pérez‐Riverol, Henning Hermjakob, Juan Antonio Vizcaíno
10.1038/nature13469	2014	Optimization of lag time underlies antibiotic tolerance in evolved bacterial populations	Nature	Ofer Fridman, Amir Goldberg, Irine Ronin, Noam Shoresh, Nathalie Q. Balaban
10.1093/bioinformatics/btu135	2014	Orione, a web-based framework for NGS analysis in microbiology	Bioinformatics	Gianmauro Cuccuru, Massimiliano Orsini, Andréa Pinna, Andrea Sbardellati, Nicola Soranzo, Antonella Travaglione, Paolo Uva, Gianluigi Zanetti, Giorgio Fotia
10.1016/j.ajpath.2014.07.015	2014	Oxyphil Cell Metaplasia in the Parathyroids Is Characterized by Somatic Mitochondrial DNA Mutations in NADH Dehydrogenase Genes and Cytochrome c Oxidase Activity–Impairing Genes	American Journal Of Pathology	Josef Müller‐Höcker, Sabine Schäfer, Stefan Krebs, Helmut Blum, Gábor Zsurka, Wolfram S. Kunz, Holger Prokisch, Peter Seibel, Andreas Jung
10.1111/2041-210x.12158	2014	P op G en R eport : simplifying basic population genetic analyses in R	Methods in Ecology and Evolution	Aaron T. Adamack, Bernd Gruber
10.1109/gce.2014.7	2014	PDACS - A Portal for Data Analysis Services for Cosmological Simulations		Ryan Chard, Saba Sehrish, Alex C. Rodriguez, Ravi Madduri, Thomas D. Uram, M. Paterno, Katrin Heitmann, Shreyas Cholia, Jim Kowalkowski, Salman Habib
10.1534/genetics.114.166785	2014	PHYTOCHROME C Is an Essential Light Receptor for Photoperiodic Flowering in the Temperate Grass, Brachypodium distachyon	Genetics	Daniel P. Woods, Thomas S. Ream, Gregory Minevich, Oliver Hobert, Richard M. Amasino
10.1186/1471-2105-15-311	2014	PLEK: a tool for predicting long non-coding RNAs and messenger RNAs based on an improved k-mer scheme	BMC Bioinformatics	Aimin Li, Junying Zhang, Zhongyin Zhou
10.1093/nar/gku1283	2014	PROTEOFORMER: deep proteome coverage through ribosome profiling and MS integration	Nucleic Acids Research	Jeroen Crappé, Elvis Ndah, Alexander Koch, Sandra Steyaert, Daria Gawron, Sarah De Keulenaer, Ellen De Meester, Tim De Meyer, Wim Van Criekinge, Petra Van Damme, Gerben Menschaert
10.4049/jimmunol.1401569	2014	PU.1 Opposes IL-7–Dependent Proliferation of Developing B Cells with Involvement of the Direct Target Gene Bruton Tyrosine Kinase	The Journal of Immunology	Darah A. Christie, Li Xu, Shereen A. Turkistany, Lauren A. Solomon, Stephen K. H. Li, Edmund Yim, Ian D. Welch, Gillian I. Bell, David A. Hess, Rodney P. DeKoter
10.1242/jeb.115790	2014	Parallel ionoregulatory adjustments underlie phenotypic plasticity and evolution ofDrosophilacold tolerance	Journal of Experimental Biology	Heath Andrew MacMillan, Laura V. Ferguson, Annegret Nicolaï, Andrew Donini, James F. Staples, Brent J. Sinclair
	2014	Parallelization of Scientific Workflows in the Cloud	HAL (Le Centre pour la Communication Scientifique Directe)	Ji Liu, Esther Pacitti, Patrick Valduriez, Marta Mattoso
10.17877/de290r-7242	2014	Parallelization, scalability, and reproducibility in next generation sequencing analysis	Technische Universität Dortmund Eldorado (Technische Universität Dortmund)	Johannes Köster
10.1002/cpe.3435	2014	Parallelizing the execution of native data mining algorithms for computational biology	Concurrency and Computation Practice and Experience	Gianpaolo Coro, Leonardo Candela, Pasquale Pagano, Angela Italiano, Loredana Liccardo
10.7287/peerj.600v0.1/reviews/1	2014	Peer Review #1 of "Detailed comparison of two popular variant calling packages for exome and targeted exon studies (v0.1)"		
10.7287/peerj.600v0.2/reviews/1	2014	Peer Review #1 of "Detailed comparison of two popular variant calling packages for exome and targeted exon studies (v0.2)"		
10.7287/peerj.600v0.1/reviews/2	2014	Peer Review #2 of "Detailed comparison of two popular variant calling packages for exome and targeted exon studies (v0.1)"		
10.7287/peerj.600v0.2/reviews/2	2014	Peer Review #2 of "Detailed comparison of two popular variant calling packages for exome and targeted exon studies (v0.2)"		
10.1016/j.future.2014.10.008	2014	Pegasus, a workflow management system for science automation	Future Generation Computer Systems	Ewa Deelman, Karan Vahi, Gideon Juve, Mats Rynge, S. Callaghan, P. J. Maechling, Rajiv Mayani, Weiwei Chen, Rafael Ferreira da Silva, Miron Livny, Kent Wenger
10.1016/j.jprot.2014.04.018	2014	PeptidePicker: A scientific workflow with web interface for selecting appropriate peptides for targeted proteomics experiments	Journal of Proteomics	Yassene Mohammed, Dominik Domański, Angela Jackson, DEREK S. H. SMITH, André M. Deelder, Magnus Palmblad, Christoph H. Borchers
10.1155/2014/624024	2014	Performance Studies on Distributed Virtual Screening	BioMed Research International	Jens Krüger, Richard Grunzke, Sonja Herres‐Pawlis, Alexander Hoffmann, Luis de la Garza, Oliver Kohlbacher, Wolfgang E. Nagel, Sandra Gesing
10.1111/1462-2920.12553	2014	Phage–bacteria network analysis and its implication for the understanding of coral disease	Environmental Microbiology	Nitzan Soffer, Jesse Zaneveld, Rebecca Vega Thurber
10.1145/2649387.2660851	2014	Pheno2GRN		Nick Weinandt, Laura M. Jackson, Etienne Z. Gnimpiéba, Carol Lushbough
10.1128/mbio.01824-14	2014	Phylodynamic Analysis of Clinical and Environmental Vibrio cholerae Isolates from Haiti Reveals Diversification Driven by Positive Selection	mBio	Taj Azarian, Afsar Ali, Judith Ann Johnson, David W. Mohr, Mattia Prosperi, Nazle Mendonça Collaço Véras, Mohammed Jubair, Samantha L. Strickland, Mohammad H. M. Rashid, Meer Taifur Alam, Thomas A. Weppelmann, Lee S. Katz, Cheryl L. Tarr, Rita R. Colwell, John Glenn Morris, Marco Salemi
10.1109/esgco.2014.6847537	2014	Physiolyze: A Galaxy-based web service for Heart Rate Variability analysis with online processing		Andrea Bizzego, Marco Mina, Calogero Zarbo, Gianluca Esposito, Cesare Furlanello
	2014	Plant pathogen sensing for early disease control	Research Explorer (The University of Manchester)	Stephanie Heard
10.1155/2014/253013	2014	Polyglot Programming in Applications Used for Genetic Data Analysis	BioMed Research International	Robert Marek Nowak
10.1093/molbev/msu342	2014	Population Diversity and Adaptive Evolution in Keratinization Genes: Impact of Environment in Shaping Skin Phenotypes	Molecular Biology and Evolution	Pramod Gautam, Amit Chaurasia, Aniket Bhattacharya, Ritika Grover, Mitali Mukerji, Vivek T. Natarajan
10.4172/jpb.1000302	2014	Prediction of Gene Activity in Early B Cell Development Based on an Integrative Multi-Omics Analysis	Journal of Proteomics & Bioinformatics	Mohammad Heydarian
10.1109/cibcb.2014.6845521	2014	Predictive modeling of lung cancer recurrence using alternative splicing events versus differential expression data		Paul E. Anderson, Victoria McCaffrey, E. Starr Hazard, Patricia M. Watson, Matt R. Paul, Robert C. Wilson, Chadrick E. Denlinger, Dennis K. Watson
10.1111/mec.12680	2014	Prevention, diagnosis and treatment of high‐throughput sequencing data pathologies	Molecular Ecology	Xiaofan Zhou, Antonis Rokas
10.1002/humu.22520	2014	Prioritizing Disease-Linked Variants, Genes, and Pathways with an Interactive Whole-Genome Analysis Pipeline	Human Mutation	In‐Hee Lee, Kyungjoon Lee, Michael Hsing, Yongjoon Choe, Jin‐Ho Park, Shu Hee Kim, Justin M. Bohn, Matthew B. Neu, Kyu‐Baek Hwang, Robert C. Green, Isaac S. Kohane, Sek Won Kong
10.3115/v1/w14-52	2014	Proceedings of the Workshop on Open Infrastructures and Analysis Frameworks for HLT		
10.1093/molbev/msu275	2014	Proliferation of Endogenous Retroviruses in the Early Stages of a Host Germ Line Invasion	Molecular Biology and Evolution	Yasuko Ishida, Kai Xuan Zhao, Alex D. Greenwood, Alfred L. Roca
10.1021/pr401072g	2014	Protein Inference Using Peptide Quantification Patterns	Journal of Proteome Research	Pieter Lukasse, Antoine H. P. America
10.1002/pmic.201400265	2014	ProteoAnnotator – Open source proteogenomics annotation software supporting PSI standards	PROTEOMICS	Fawaz Ghali, Ritesh Krishna, Simon R. Perkins, Andrew Collins, Dong Xia, Jonathan M. Wastling, Andrew R. Jones
10.1016/j.ijfoodmicro.2014.12.027	2014	Pyrosequencing vs. culture-dependent approaches to analyze lactic acid bacteria associated to chicha, a traditional maize-based fermented beverage from Northwestern Argentina	International Journal of Food Microbiology	Patricia Elizaquível, Alba Pérez‐Cataluña, Alba Yépez, Cecilia Aristimuño, Eugenia Jiménez, Pier Sandro Cocconcelli, Graciela Margarita Vignolo, Rosa Aznar
10.1111/1755-0998.12271	2014	QDD version 3.1: a user‐friendly computer program for microsatellite selection and primer design revisited: experimental validation of variables determining genotyping success rate	Molecular Ecology Resources	Emese Meglécz, Nicolas Pech, André Gilles, Vincent Dubut, Pascal Hingamp, Aurélie Trilles, Rémi Grenier, Jean‐François Martin
10.1016/j.mib.2014.11.011	2014	Quantitative bacterial transcriptomics with RNA-seq	Current Opinion in Microbiology	James P. Creecy, Tyrrell Conway
10.1002/cpe.3292	2014	Quantum chemical meta‐workflows in MoSGrid	Concurrency and Computation Practice and Experience	Sonja Herres‐Pawlis, Alexander Hoffmann, Ákos Balaskó, Péter Kacsuk, Georg Birkenheuer, André Brinkmann, Luis de la Garza, Jens Krüger, Sandra Gesing, Richard Grunzke, Gabor Terstyansky, Noam Weingarten
10.1101/007963	2014	RNA-Rocket: An RNA-Seq Analysis Resource for Infectious Disease Research	bioRxiv (Cold Spring Harbor Laboratory)	Andrew S. Warren, Cristina Aurrecoechea, Brian P. Brunk, Prerak Desai, Scott Emrich, Gloria I. Giraldo-Calderón, Omar S. Harb, Deborah Hix, Daniel Lawson, Dustin Machi, Chunhong Mao, Michael McClelland, Eric K. Nordberg, Maulik P. Shukla, Leslie B. Vosshall, Alice Rebecca Wattam, Rebecca Will, Hyun 
10.1109/tcbb.2014.2321156	2014	RNA-Seq Analysis Pipeline Based on Oshell Environment	IEEE Transactions on Computational Biology and Bioinformatics	Jing Li, Jun Hu, Matthew Newman, Kejun Liu, Huanying Ge
10.1371/journal.pone.0106181	2014	RNA-Seq Analysis Reveals a Six-Gene SoxR Regulon in Streptomyces coelicolor	PLoS ONE	Nawar Naseer, Joshua A. Shapiro, Monica Chander
10.3791/51951	2014	RNA-Seq Analysis of Differential Gene Expression in Electroporated Chick Embryonic Spinal Cord	Journal of Visualized Experiments	Felipe Monteleone Vieceli, Chao Yun Irene Yan
10.1016/j.margen.2013.12.004	2014	RNA-Seq analysis of the toxicant-induced transcriptome of the marine diatom, Ceratoneis closterium	Marine Genomics	Sharon E. Hook, Hannah L. Osborn, Francesca Gissi, Philippe Moncuquet, Natalie A. Twine, Marc Ronald Wilkins, Merrin S. Adams
10.1371/journal.pone.0096821	2014	RNAbrowse: RNA-Seq De Novo Assembly Results Browser	PLoS ONE	Jérôme Mariette, Céline Noirot, Ibounyamine Nabihoudine, Philippe Bardou, Claire Hoede, Anis Djari, Cédric Cabau, Christophe Klopp
10.12688/f1000research.5930.1	2014	Rampant software errors undermine scientific results	F1000Research	David A. W. Soergel
10.1186/s12859-014-0366-2	2014	Rapid evaluation and quality control of next generation sequencing data with FaQCs	BMC Bioinformatics	Chien‐Chi Lo, Patrick Chain
10.1007/s00439-014-1507-4	2014	Rare germline copy number deletions of likely functional importance are implicated in endometrial cancer predisposition	Human Genetics	The Australian National Endometrial Cancer Study Group, Gemma Louise Moir-Meyer, The Hunter Community Study, Studies of Epidemiology and Risk Factors in Cancer Heredity, John F. Pearson, Felicity A. Lose, Rodney J. Scott, Mark McEvoy, John Attia, Elizabeth G. Holliday, Paul D.P. Pharoah, Alison M. D
10.1002/cpe.3285	2014	Recipes 2.0: building for today and tomorrow	Concurrency and Computation Practice and Experience	Rion Dooley, Matthew R. Hanlon
10.1371/journal.pone.0090899	2014	Redefining the Human Oral Mycobiome with Improved Practices in Amplicon-based Taxonomy: Discovery of Malassezia as a Prominent Commensal	PLoS ONE	Amanda K. Dupuy, Marika S. David, Lu Li, Thomas N. Heider, Jason D. Peterson, Elizabeth Montano, Anna I. Dongari‐Bagtzoglou, Patricia I. Diaz, Linda D. Strausbaugh
10.1093/gbe/evu057	2014	Reduction in Fecundity and Shifts in Cellular Processes by a Native Virus on an Invasive Insect	Genome Biology and Evolution	Bryan J. Cassone, Andrew P. Michel, Lucy Rae Stewart, Raman Bansal, M. A. Rouf Mian, Margaret G. Redinbaugh
10.4137/cin.s13779	2014	Review of Current Methods, Applications, and Data Management for the Bioinformatics Analysis of Whole Exome Sequencing	Cancer Informatics	Riyue Bao, Lei Huang, Jorge Andrade, Wei Tan, Warren A. Kibbe, Hongmei Jiang, Gang Feng
10.1002/gcc.22228	2014	Ring chromosomes, breakpoint clusters, and neocentromeres in sarcomas	Genes Chromosomes and Cancer	Gemma Macchia, Karolin H. Nord, Monica Zoli, Stefania Purgato, Pietro D’Addabbo, Christopher W. Whelan, Lucia Carbone, Giovanni Perini, Fredrik Mertens, Mariano Rocchi, Clelia Tiziana Storlazzi
10.1152/ajpendo.00323.2014	2014	Role of STAT5 and epigenetics in lactation-associated upregulation of multidrug transporter ABCG2 in the mammary gland	American Journal of Physiology-Endocrinology and Metabolism	Alex Man Lai Wu, Mingdong Yang, Pooja Dalvi, Andrei L. Turinsky, Wei Wang, Darci T. Butcher, Sean E. Egan, Rosanna Weksberg, Patricia A. Harper, Shinya Ito
10.1007/s00766-014-0212-0	2014	SCRAM–CK: applying a collaborative requirements engineering process for designing a web based e-science toolkit	Requirements Engineering	Abraham Nieva de la Hidalga, Alex Hardisty, Andrew Jones
	2014	SPECIAL ISSUE: MOLECULAR DETECTION OF TROPHIC INTERACTIONS The diet of Myotis lucifugus across Canada: assessing foraging quality and diet variability		Elizabeth L. Clare, William O. C. Symondson, Hugh G. Broders, Erin E. Fraser, Alistair S. MacKenzie, Andrew Boughen, Craig K. R. Willis, Allyson K. Menzies, Kaleigh J. O. Norquay, Mark Brigham, Joseph A. Poissant, Jody Rintoul, Robert M. R. Barclay, Jesika P. Reimer
10.1371/journal.pone.0084860	2014	STORMSeq: An Open-Source, User-Friendly Pipeline for Processing Personal Genomics Data in the Cloud	PLoS ONE	Konrad J. Karczewski, Guy Haskin Fernald, Alicia R. Martin, Michael Snyder, Nicholas P. Tatonetti, Joel T. Dudley
10.14806/ej.20.a.764	2014	Scaling Galaxy for Big Data	EMBnet journal	Dave Clements, Galaxy Zoo Team
10.1504/ijbra.2014.062994	2014	Scaling up genome annotation using MAKER and work queue	International Journal of Bioinformatics Research and Applications	Andrew Thrasher, Zachary Musgrave, Brian Kachmarck, Douglas Thain, Scott Emrich
10.1371/journal.pone.0090895	2014	Scanning of Transposable Elements and Analyzing Expression of Transposase Genes of Sweet Potato [Ipomoea batatas]	PLoS ONE	Lang Yan, Yinghong Gu, Xiang Tao, Xianjun Lai, Yizheng Zhang, Xuemei Tan, Haiyan Wang
10.1002/cpe.3362	2014	Science gateway workshops 2013 special issue conference publications	Concurrency and Computation Practice and Experience	Nancy Wilkins‐Diehr, Sandra Gesing, Tamás Kiss
10.1016/j.currproblcancer.2014.08.004	2014	Section I: Integrating laboratory medicine with tissue specimens	Current Problems in Cancer	Kevin E. Fisher, Geoffrey Hughes Smith, Stewart G. Neill, Michael R. Rossi
10.1186/2192-113x-3-5	2014	Self-service infrastructure container for data intensive application	Journal of Cloud Computing Advances Systems and Applications	Ibrahim Kabiru Musa, Stuart D. Walker, Anne M. Owen, Andrew Harrison
	2014	Set-level gene expression data analysis with machine learning	Czech Technical University Digital Library (Czech Technical University in Prague)	Matěj Holec
10.1371/journal.pone.0097252	2014	Should We Build “Obese” or “Lean” Anaerobic Digesters?	PLoS ONE	Aurelio M. Briones, Erik R. Coats, Cynthia K. Brinkman
10.1016/j.jaci.2013.11.028	2014	Similar recombination-activating gene (RAG) mutations result in similar immunobiological effects but in different clinical phenotypes	Journal of Allergy and Clinical Immunology	Hanna IJspeert, Gertjan J. Driessen, Michael J. Moorhouse, Nico G. Hartwig, Beata Wolska‐Kuśnierz, Krzysztof Kałwak, Anna Pituch‐Noworolska, Irina V. Kondratenko, Joris M. van Montfrans, Ester Mejstříková, Arjan C. Lankester, Anton W. Langerak, Dik C. van Gent, Andrew Stubbs, Jacques J. M. van Donge
10.14778/2732977.2732988	2014	Similarity search for scientific workflows	Proceedings of the VLDB Endowment	Johannes Starlinger, Bryan Brancotte, Sarah Cohen‐Boulakia, Ulf Leser
10.1186/1471-2164-15-933	2014	Small RNAs from plants, bacteria and fungi within the order Hypocreales are ubiquitous in human plasma	BMC Genomics	Meabh Beatty, Jasenka Guduric‐Fuchs, Eoin Brown, Stephen Bridgett, Usha Chakravarthy, Ruth Esther Hogg, David A. C. Simpson
10.1002/path.4419	2014	Somatic aberrations of mismatch repair genes as a cause of microsatellite‐unstable cancers	The Journal of Pathology	Willemina R.R. Geurts-Giele, Celine H. Leenen, Hendrikus Jan Dubbink, Isabelle C. Meijssen, Edward P. Post, Hein F.B.M. Sleddens, Ernst Johan Kuipers, Anne Goverde, Ans MW van den Ouweland, Margot GF van Lier, Ewout Willem Steyerberg, Monique Esther van Leerdam, Anja Wagner, Winand N.M. Dinjens
	2014	Special Issue: Kin Selection Genomics: moving behavioural ecology beyond the phenotypic gambit		Clare C. Rittschof, Gene E. Robinson
10.1101/005231	2014	SraTailor: GUI software for visualizing high-throughput sequence read archives	bioRxiv (Cold Spring Harbor Laboratory)	Shinya Oki, Kazumitsu Maehara, Yasuyuki Ohkawa, Chikara Meno
10.1111/gtc.12190	2014	SraTailor: Graphical user interface software for processing and visualizing Ch IP ‐seq data	Genes to Cells	Shinya Oki, Kazumitsu Maehara, Yasuyuki Ohkawa, Chikara Meno
10.1007/978-1-4939-0473-0_43	2014	Strategy for Genome Sequencing Analysis and Assembly for Comparative Genomics of Pseudomonas Genomes	Methods in molecular biology	Julie Jeukens, Brian W. Boyle, Nicholas P. Tucker, Roger C. Lévesque
10.1002/bip.22471	2014	Structure of two crystal forms of sheep β‐lactoglobulin with EF‐loop in closed conformation	Biopolymers	Joanna I. Loch, Marta A. Molenda, Magdalena Kopeć, Sylwia Świątek, Krzysztof Lewiński
10.1186/2041-1480-5-41	2014	Structuring research methods and data with the research object model: genomics workflows as a case study	Journal of Biomedical Semantics	Kristina Maria Hettne, Harish K. Dharuri, Jun Zhao, Katherine Wolstencroft, Khalid Belhajjame, Stian Soiland‐Reyes, Eleni Mina, Mark A Thompson, Don G. Cruickshank, Lourdes L. Verdes-Montenegro, Julián Garrido, David De Roure, Óscar Corcho, Graham Klyne, Reinout van Schouwen, Peter A.C. ’t Hoen, Sea
	2014	Study and comparison of next generation sequence algorithms and tools	K-State Research Exchange (Kansas State University)	Heath Yates
10.5334/jors.an	2014	Summary of the First Workshop on Sustainable Software for Science: Practice and Experiences (WSSSPE1)	Journal of Open Research Software	Colin Venters
10.5220/0004798800400048	2014	SuperPhy - A Pilot Resource for Integrated Phylogenetic and Epidemiological Analysis of Pathogens		Matthew D. Whiteside, Chad Laing, Akiff Manji, Victor P. J. Gannon
10.1016/j.bpj.2014.11.003	2014	Superresolution Modeling of Calcium Release in the Heart	Biophysical Journal	Mark A Walker, George S.B. Williams, Tobias M. Kohl, Stephan E. Lehnart, Mohsin Saleet Jafri, Joseph L. Greenstein, William Jonathan Lederer, Raimond L. Winslow
10.1109/cluster.2014.6968780	2014	Support for bioinformatics applications through volunteer and scalable computing frameworks		Felipe Gutierrez, Danilo Azevedo, Marcos Ennes Barreto, Rodrigo Barban Zucoloto
10.1002/cpe.3238	2014	Supporting biodiversity studies with the EUBrazilOpenBio Hybrid Data Infrastructure	Concurrency and Computation Practice and Experience	Rafael Amaral, Rosa M. Badia, Ignácio Blanquer, Ricardo Braga‐Neto, Leonardo Candela, Donatella Castelli, Christina Flann, Renato De Giovanni, William A. Gray, Andrew Jones, Daniele Lezzi, Pasquale Pagano, Vanderlei Perez‐Canhos, Francisco Quevedo, Roger Rafanell, Vinod E. F. Rebello, Mariane Silvei
10.1093/nar/gku364	2014	SymD webserver: a platform for detecting internally symmetric protein structures	Nucleic Acids Research	Chin‐Hsien Tai, Rohit Paul, Dukka B. KC, Jeffery D. Shilling, Byungkook Lee
10.1186/s13073-014-0112-4	2014	Systematic identification and quantification of phase variation in commensal and pathogenic Escherichia coli	Genome Medicine	Amir Goldberg, Ofer Fridman, Irine Ronin, Nathalie Q. Balaban
10.1021/tx400410s	2014	Systems Toxicology: From Basic Research to Risk Assessment	Chemical Research in Toxicology	Shana J. Sturla, Alan R. Boobis, Rex FitzGerald, Julia Hoeng, Robert J. Kavlock, Kristin Schirmer, Maurice Whelan, Martin F. Wilks, Manuel C. Peitsch
10.23860/diss-card-christopher-2014	2014	THE BOVINE SPERMATOZOAL TRANSCRIPTOME AND SIRE FERTILITY		Christopher J. Card
	2014	Tandem repeats as sources of variation	Otago University Research Archive (University of Otago)	Sterling M. Sawaya
10.1186/1471-2164-15-795	2014	Tangram: a comprehensive toolbox for mobile element insertion detection	BMC Genomics	Jiantao Wu, Wan-Ping Lee, Alistair N. Ward, Jerilyn A. Walker, Miriam K. Konkel, Mark A. Batzer, Gábor Marth
10.1534/genetics.113.160721	2014	TargetOrtho: A Phylogenetic Footprinting Tool to Identify Transcription Factor Targets	Genetics	Lori Glenwinkel, Di Wu, Gregory Minevich, Oliver Hobert
10.1038/nprot.2014.058	2014	Targeted sequencing for gene discovery and quantification using RNA CaptureSeq	Nature Protocols	Tim R. Mercer, Michael B. Clark, Joanna Crawford, Marion E. G. Brunck, Daniel J. Gerhardt, Ryan J. Taft, Lars Keld Nielsen, Marcel E. Dinger, John S. Mattick
10.1007/s10709-014-9783-4	2014	Technical challenges in metatranscriptomic studies applied to the bacterial communities of freshwater ecosystems	Genetica	Noémie Pascault, Valentin Loux, Sandra Dérozier, Véronique Martin, Didier Debroas, Selma Maloufi, Jean François Humbert, Julie Leloup
10.1530/erc-13-0429	2014	Telomerase reverse transcriptase promoter mutations in tumors originating from the adrenal gland and extra-adrenal paraganglia	Endocrine Related Cancer	Thomas G. Papathomas, Lindsey Oudijk, Ellen C. Zwarthoff, Edward P. Post, Floor A.M. Duijkers, Max Maria van Noesel, Leo J. Hofland, Patrick J. Pollard, Eamonn Richard Maher, David F. Restuccia, Richard Abraham Feelders, Gaston J H Franssen, Henri J L M Timmers, Stefan Sleijfer, Wouter W. de Herder,
10.20381/ruor-3863	2014	Tertiary Nitrifying Moving Bed-Biofilm Reactor: A Study of Carrier and Loading Effects on Nitrifying Kinetics, Biologically Produced Solids and Microbial Community	uO Research (University of Ottawa)	Daina Forrest
10.63317/4dpij2fze87h	2014	The Alveo Virtual Laboratory: A Web Based Repository API		Steve Cassidy, Dominique Estival, Timothy Willem Jones, Denis K. Burnham, Jared Burghold
10.1111/tpj.12704	2014	The CRISPR / C as system can be used as nuclease for in planta gene targeting and as paired nickases for directed mutagenesis in A rabidopsis resulting in heritable progeny	The Plant Journal	Simon Schiml, Friedrich Fauser, Holger Puchta
10.1083/jcb.201403021	2014	The Cavβ1a subunit regulates gene expression and suppresses myogenin in muscle progenitor cells	The Journal of Cell Biology	Jackson R. Taylor, Andrea S. Pereyra, Tan Zhang, Marı́a Laura Messi, Zhongmin Wang, Claudia Beatriz Hereñú, Pei Fen Kuan, Osvaldo Delbono
10.1093/nar/gku1120	2014	The DDBJ Japanese Genotype-phenotype Archive for genetic and phenotypic human data	Nucleic Acids Research	Yuichi Kodama, Jun Mashima, Takehide Kosuge, Toshiaki Katayama, Takatomo Fujisawa, Eli Kaminuma, Osamu Ogasawara, Kousaku Okubo, Toshihisa Takagi, Yasukazu Nakamura
10.1371/journal.pone.0113872	2014	The Evolutionary Fate of the Horizontally Transferred Agrobacterial Mikimopine Synthase Gene in the Genera Nicotiana and Linaria	PLoS ONE	Viera Kováčová, Jitka Žlůvová, Bohuslav Janoušek, Martina Talianová, Boris Vyskot
10.1128/jb.02429-14	2014	The Flagellar Set Fla2 in Rhodobacter sphaeroides Is Controlled by the CckA Pathway and Is Repressed by Organic Acids and the Expression of Fla1	Journal of Bacteriology	Benjamín Vega‐Baray, Clelia Domenzain, Anet Rivera, Rocío Alfaro-López, Elidet Gómez-César, Sebastián Poggio, Georges B. J. Dreyfus, Laura Camarena
10.1371/journal.pone.0107682	2014	The Functional Potential of Microbial Communities in Hydraulic Fracturing Source Water and Produced Water from Natural Gas Extraction Characterized by Metagenomic Sequencing	PLoS ONE	Arvind Murali Mohan, Kyle J. Bibby, Daniel Lipus, Richard Hammack, Kelvin B. Gregory
10.1186/1471-2105-15-44	2014	The HTS barcode checkerpipeline, a tool for automated detection of illegally traded species from high-throughput sequencing data	BMC Bioinformatics	Youri Lammers, Tamara Peelen, Rutger Aldo Vos, Barbara Gravendeel
10.1007/978-3-319-31468-6_4	2014	The Language Application Grid	Lecture notes in computer science	Nancy Ide, James D. Pustejovsky, Christopher Cieri, Eric Nyberg, Denise DiPersio, Chunqi Shi, Keith Suderman, Marc Verhagen, Di Wang, Jonathan M. Wright
10.1186/2041-1480-5-25	2014	The Software Ontology (SWO): a resource for reproducibility in biomedical data analysis, curation and digital preservation	Journal of Biomedical Semantics	JAMES M. MALONE, Andy Brown, Allyson Lister, Jon Ison, Duncan Hull, Helen E. Parkinson, Robert Stevens
10.1038/srep06840	2014	The Tribolium castaneum cell line TcA: a new tool kit for cell biology	Scientific Reports	Kristopher Silver, Hong‐Bo Jiang, Jinping Fu, Thomas W. Phillips, Richard W. Beeman, Yoonseong Park
10.1093/nar/gku1073	2014	The UCSC Cancer Genomics Browser: update 2015	Nucleic Acids Research	Mary J. Goldman, Brian Craft, Teresa Swatloski, Melissa Cline, Olena Morozova, Mark E. Diekhans, David H. Haussler, Jingchun Zhu
10.1093/nar/gku1177	2014	The UCSC Genome Browser database: 2015 update	Nucleic Acids Research	Kate R. Rosenbloom, Joel C. Armstrong, Galt P Barber, Jonathan D. Casper, Hiram Clawson, Mark E. Diekhans, Timothy R. Dreszer, Pauline A. Fujita, Luvina Guruvadoo, Maximilian Haeussler, Rachel Harte, Steve Heitner, Glenn Hickey, Angie S. Hinrichs, Robert M. Hubley, Donna Karolchik, Katrina Learned, 
10.4236/oje.2014.413071	2014	The Variation of Microbial Communities in a Depth Profile of an Acidic, Nutrient-Poor Boreal Bog in Southwestern Finland	Open Journal of Ecology	Irina V. Tsitko, Merja Lusa, Jukka Lehto, Lauri Parviainen, A.T.K. Ikonen, Anne-Maj Lahdenperä, Malin Bomberg
10.1016/j.procs.2014.05.213	2014	The WorkWays Problem Solving Environment	Procedia Computer Science	Hoang Anh Nguyen, David Abramson, Timoleon Kipouros
10.1186/scrt486	2014	The ability to suppress macrophage-mediated inflammation in orbital fat stem cells is controlled by miR-671-5p	Stem Cell Research & Therapy	Gi‐Shih Lien, Jen-Fang Liu, Ming‐Hsien Chien, Wei‐Tse Hsu, Tzu‐Hao Chang, Chia‐Chi Ku, Andrea Tung-Qian Ji, Peng Tan, Ting-Lieh Hsieh, Liang-Ming Lee, Jennifer Hui‐Chun Ho
10.1101/gad.243717.114	2014	The cell of origin and subtype of K-Ras-induced lung tumors are modified by Notch and Sox2	Genes & Development	Xia Xu, Lingling Huang, Christopher R. Futtner, Brian Schwab, Rishi R. Rampersad, Yun Lu, Thomas A. Sporn, Brigid L.M. Hogan, Mark W. Onaitis
10.1093/database/bau027	2014	The eGenVar data management system—cataloguing and sharing sensitive data and metadata for the life sciences	Database	Sabry Razick, Rok Močnik, Laurent F. Thomas, Einar Ryeng, Finn Drabløs, Pål Sætrom
10.1101/gr.172684.114	2014	The impact of widespread regulatory neofunctionalization on homeolog gene evolution following whole-genome duplication in maize	Genome Research	Thomas E. Hughes, Jane A. Langdale, Steven L. Kelly
10.3945/ajcn.113.071795	2014	The marriage of nutrigenomics with the microbiome: the case of infant-associated bifidobacteria and milk	American Journal of Clinical Nutrition	David A. Sela, David A. Mills
10.1186/1471-2164-15-364	2014	The multiplicity of alternative splicing decisions in Caenorhabditis elegans is linked to specific intronic regulatory motifs and minisatellites	BMC Genomics	Dominique A. Glauser
10.1186/1757-4749-6-25	2014	The murine appendiceal microbiome is altered in spontaneous colitis and its pathological progression	Gut Pathogens	Sultan Alkadhi, Dale Kunde, Rajkumar Cheluvappa, Sarron Randall‐Demllo, Rajaraman D. Eri
10.1890/130055	2014	The unseen world: environmental microbial sequencing and identification methods for ecologists	Frontiers in Ecology and the Environment	Naupaka B. Zimmerman, Jacques Izard, Christian G. Klatt, Jizhong Z. Zhou, Emma L. Aronson
10.1186/1471-2164-15-720	2014	The utility of PacBio circular consensus sequencing for characterizing complex gene families in non-model organisms	BMC Genomics	Peter A. Larsen, Amy M. Heilman, Anne D. Yoder
10.1109/ccgrid.2014.98	2014	Towards Generic Metadata Management in Distributed Science Gateway Infrastructures		Richard Grunzke, René Jäkel, Wolfgang E. Nagel, Sandra Gesing
10.3390/ijms151019037	2014	ToxDBScan: Large-Scale Similarity Screening of Toxicological Databases for Drug Candidates	International Journal of Molecular Sciences	Michael Römer, Linus Backert, Johannes Eichner, Andreas Zell
10.1007/s10048-014-0430-0	2014	Transcriptome analysis of grey and white matter cortical tissue in multiple system atrophy	Neurogenetics	James Dominic Mills, Woojin Scott Kim, Glenda Margaret Halliday, Michael Janitz
10.1016/j.neuron.2013.10.062	2014	Transcriptome-wide Discovery of microRNA Binding Sites in Human Brain	Neuron	Ryan L. Boudreau, Peng Jiang, Brian L. Gilmore, Ryan M. Spengler, Rebecca S. Tirabassi, Jay A. Nelson, Christopher A. Ross, Yi Xing, Beverly L. Davidson
10.1371/journal.pntd.0002929	2014	Transcriptomic Evidence for a Dramatic Functional Transition of the Malpighian Tubules after a Blood Meal in the Asian Tiger Mosquito Aedes albopictus	PLoS neglected tropical diseases	Carlos J. Esquivel, Bryan J. Cassone, Peter M. Piermarini
10.1186/s12870-014-0328-x	2014	Transcriptomic events associated with internal browning of apple during postharvest storage	BMC Plant Biology	Ιfigeneia Mellidou, Kim Buts, Darwish Hatoum, Quang Tri Ho, Jason W. Johnston, Christopher Brian Watkins, Robert James Schaffer, Nigel E. Gapper, Jim Giovannoni, David R. Rudell, Maarten Hertog, Bart M. Nicolaï
10.1186/1471-2164-15-1008	2014	Transfer of clinically relevant gene expression signatures in breast cancer: from Affymetrix microarray to Illumina RNA-Sequencing technology	BMC Genomics	Debora Fumagalli, Alexis Blanchet-Cohen, David N. Brown, Christine Desmedt, David Gacquer, Stefan Michiels, Françoise Rothé, Samira Majjaj, Roberto Salgado, Denis Larsimont, Michail Ignatiadis, Marion Maetens, Martine J Piccart, Vincent Detours, Christos P. Sotiriou, Benjamin Haibe‐Kains
10.1038/bcj.2014.13	2014	Translocations at 8q24 juxtapose MYC with genes that harbor superenhancers resulting in overexpression and poor prognosis in myeloma patients	Blood Cancer Journal	Brian A. Walker, Christopher P. Wardell, Annamaria Brioli, Eileen Mary Boyle, Martin Kaiser, Dil B Begum, Nasrin B. Dahir, David C. Johnson, F. M. Ross, Faith E. Davies, Gareth John Morgan
10.1007/978-3-642-54420-0_31	2014	Transparent Incremental Updates for Genomics Data Analysis Pipelines	Lecture notes in computer science	Edvard Pedersen, Nils Peder Willassen, Lars Ailo Bongo
10.1007/s10142-014-0404-1	2014	Treatment of potato tubers with the synthetic cytokinin 1-(α-ethylbenzyl)-3-nitroguanidine results in rapid termination of endodormancy and induction of transcripts associated with cell proliferation and growth	Functional & Integrative Genomics	Michael Campbell, Jeffrey C. Suttle, David S. Douches, C. Robin Buell
10.1109/icsda.2014.7051412	2014	Two platforms for research in Human Communication Science: The AusTalk corpus and the Alveo Virtual Laboratory		Denis K. Burnham, Dominique Estival, Steve Cassidy, Peter Sefton, Karin M. Verspoor
10.3389/fcell.2014.00051	2014	Understanding gene regulatory mechanisms by integrating ChIP-seq and RNA-seq data: statistical solutions to biological problems	Frontiers in Cell and Developmental Biology	Claudia Angelini, Valerio Costa
10.7717/peerj.644	2014	Unipro UGENE NGS pipelines and components for variant calling, RNA-seq and ChIP-seq data analyses	PeerJ	Olga Golosova, Ross McDougal Henderson, Yuriy Vaskin, Andrei E. Gabrielian, German Grekhov, Vijayaraj Nagarajan, Andrew J. Oler, Mariam Quiñones, Darrell E. Hurt, Mikhail Fursov, Yentram Huyen
10.1007/978-1-4939-0847-9_7	2014	Using Bioinformatics Tools to Study the Role of microRNA in Cancer	Methods in molecular biology	Fábio Passetti, Natasha Andressa Nogueira Jorge, Alan Mitchell Durham
10.1186/1471-2164-15-703	2014	Using Galaxy-P to leverage RNA-Seq for the discovery of novel protein variations	BMC Genomics	Gloria Sheynkman, James E. Johnson, Pratik Jagtap, Michael R. Shortreed, Getiria Onsongo, Brian L. Frey, Timothy J. Griffin, Lloyd M. Smith
10.1038/srep06048	2014	Using RNA-seq and targeted nucleases to identify mechanisms of drug resistance in acute myeloid leukemia	Scientific Reports	Susan K. Rathe, Branden S. Moriarity, Christopher B. Stoltenberg, Morito Kurata, Natalie K. Aumann, Eric P. Rahrmann, Natashay J. Bailey, Ellen G. Melrose, Dominic A. Beckmann, Chase R. Liska, David A. Largaespada
10.1038/nrg3745	2014	Using next-generation sequencing to isolate mutant genes from forward genetic screens	Nature Reviews Genetics	Korbinian Schneeberger
10.1186/s12859-014-0350-x	2014	Using phylogenetically-informed annotation (PIA) to search for light-interacting genes in transcriptomes from non-model organisms	BMC Bioinformatics	Daniel I. Speiser, M. Sabrina Pankey, Alexander K. Zaharoff, Barbara A. Battelle, Heather D. Bracken‐Grissom, Jesse W. Breinholt, Seth Bybee, Thomas W Cronin, Anders L. Garm, Annie R. Lindgren, Nipam H. Patel, Megan L. Porter, Meredith E. Protas, Ajna S. Rivera, Jeanne M. Serb, Kirk S. Zigler, Keith
10.1016/j.ajhg.2014.09.001	2014	Utilizing Ethnic-Specific Differences in Minor Allele Frequency to Recategorize Reported Pathogenic Deafness Variants	The American Journal of Human Genetics	Aiden Eliot Shearer, Robert W. Eppsteiner, Kevin T. A. Booth, Sean S. Ephraim, Jose G. Gurrola, Allen C. Simpson, E. Ann Black-Ziegelbein, Swati Joshi, Harini Ravi, Angelica C. Giuffre, Scott Happe, Michael S. Hildebrand, Héla Azaiez, Yildirim Ahmet Bayazit, Mehmet Emin Erdal, Jose Antonio Lopez-Esc
10.4161/15592294.2014.989088	2014	VDR regulation of microRNA differs across prostate cell models suggesting extremely flexible control of transcription	Epigenetics	Prashant Kumar Singh, Mark D. Long, Sebastiano Battaglia, Qiang Hu, Song Liu, Lara E. Sucheston‐Campbell, Moray J. Campbell
10.1186/preaccept-1395126137129325	2014	VISPA: a Computational pipeline for the identification and analysis of genomic vector integration sites	Genome Medicine	Andrea Calabria, Simone Leo, Fabrizio Benedicenti, Daniela Cesana, Giulio Spinozzi, Massimilano Orsini, Stefania Merella, Elia Stupka, Gianluigi Zanetti, Eugenio Montini
10.1186/s13073-014-0067-5	2014	VISPA: a computational pipeline for the identification and analysis of genomic vector integration sites	Genome Medicine	Andrea Calabria, Simone Leo, Fabrizio Benedicenti, Daniela Cesana, Giulio Spinozzi, Massimilano Orsini, Stefania Merella, Elia Stupka, Gianluigi Zanetti, Eugenio Montini
10.1186/preaccept-1622561303131056	2014	VariantDB: A flexible annotation and filtering portal for next generation sequencing data	Genome Medicine	Geert Vandeweyer, Lut Van Laer, Bart Loeys, Tim Van den Bulcke, R. Frank Kooy
10.1186/s13073-014-0074-6	2014	VariantDB: a flexible annotation and filtering portal for next generation sequencing data	Genome Medicine	Geert Vandeweyer, Lut Van Laer, Bart Loeys, Tim Van den Bulcke, R. Frank Kooy
10.1093/nar/gku1117	2014	VectorBase: an updated bioinformatics resource for invertebrate vectors and other organisms related with human diseases	Nucleic Acids Research	Gloria I. Giraldo-Calderón, Scott Emrich, Robert M. MacCallum, Gareth Ll. Maslen, Emmanuel Dialynas, Pantelis Topalis, Nicholas Ho, Sandra Gesing, Gregory R. Madey, Frank H. Collins, Daniel Lawson
10.1101/013011	2014	ViennaNGS: A toolbox for building efficient next-generation sequencing analysis pipelines	bioRxiv (Cold Spring Harbor Laboratory)	Michael T. Wolfinger, Jörg Fallmann, Florian Eggenhofer, Fabian Amman
10.1093/bib/bbu043	2014	Virtual Reference Environments: a simple way to make research reproducible	Briefings in Bioinformatics	Daniel Hurley, David Budden, Edmund J. Crampin
10.1186/1471-2164-15-133	2014	Virus-independent and common transcriptome responses of leafhopper vectors feeding on maize infected with semi-persistently and persistent propagatively transmitted viruses	BMC Genomics	Bryan J. Cassone, Saranga Wijeratne, Andrew P. Michel, Lucy Rae Stewart, Yuting Chen, Pearlly S. Yan, Margaret G. Redinbaugh
10.48550/arxiv.1407.2117	2014	Visualization of gene expression information within the context of the mouse anatomy	arXiv (Cornell University)	Andy F. S. Taylor, Kenneth McLeod, Chris J Armit, Richard Baldock, Albert Burger
10.3390/pathogens3020437	2014	WGS Analysis and Interpretation in Clinical and Public Health Microbiology Laboratories: What Are the Requirements and How Do Existing Tools Compare?	Pathogens	Kelly L. Wyres, Thomas Conway, Saurabh Garg, Carlos Queiroz, Matthias Reumann, Kathryn E. Holt, Laura Cristina Rusu
10.1007/s13402-014-0195-3	2014	We are all individuals… bioinformatics in the personalized medicine era	Cellular Oncology	Leander Van Neste, Wim Van Criekinge
10.1109/jbhi.2013.2297167	2014	Web-Based Workflow Planning Platform Supporting the Design and Execution of Complex Multiscale Cancer Models	IEEE Journal of Biomedical and Health Informatics	Vangelis Sakkalis, Stelios G. Sfakianakis, Eleftheria Tzamali, Kostas Marias, GEORGIOS S. STAMATAKOS, Fay D. Misichroni, Eleftherios Ouzounoglou, Eleni A. Kolokotroni, Dimitra D. Dionysiou, David Johnson, Steve McKeever, Norbert M. Graf
10.1007/978-3-319-11985-4_1	2014	What Is the Transcriptome and How it is Evaluated?		Amanda F. Assis, Ernna Hérida Domingues de Oliveira, Paula Barbim Donate, Silvana Giuliatti, Catherine Nguyen, Geraldo Aleixo Silva Passos
10.1109/gce.2014.11	2014	Who Cares about Science Gateways? A Large-Scale Survey of Community Use and Needs		Katherine A Lawrence, Nancy Wilkins‐Diehr, Julie Wernert, Marlon Pierce, Michael Zentner, Suresh Marru
10.1371/journal.pone.0088950	2014	Widespread FRA1-Dependent Control of Mesenchymal Transdifferentiation Programs in Colorectal Cancer Cells	PLoS ONE	Jeannine Diesch, Elaine Sanij, Omer Gilan, Christopher G. Love, Hoanh Tran, Nicholas I. Fleming, Jason Ellul, Amalia Marcia, Izhak Haviv, Richard B. Pearson, Eugene M. Tulchinsky, John  Martin Mariadason, Oliver M. Sieber, Ross D. Hannan, Amardeep S. Dhillon
10.1101/gr.177790.114	2014	Widespread intron retention in mammals functionally tunes transcriptomes	Genome Research	Ulrich Braunschweig, Nuno L. Barbosa‐Morais, Qun Pan, Emil N. Nachman, Babak Alipanahi, Thomas Gonatopoulos-Pournatzis, Brendan J. Frey, Manuel Irimia, Benjamin J. Blencowe
10.1109/gce.2014.6	2014	WorkWays: Interacting with Scientific Workflows		Hoang Anh Nguyen, David Abramson, Timoleon Kiporous, Andrew L. Janke, Graham J. Galloway
10.1093/bioinformatics/btu813	2014	Workflow4Metabolomics: a collaborative research infrastructure for computational metabolomics	Bioinformatics	Franck Giacomoni, Gildas Le Corguillé, Misharl Monsoor, Marion Landi, Pierre Péricard, Mélanie Pétéra, Christophe Dupérier, Marie Tremblay‐Franco, Jean‐François Martin, Daniel J Jacob, Sophie Goulitquer, Etienne Thévenot, Christophe Caron
10.1109/bigdata.2014.7004394	2014	Workload characterization for MG-RAST metagenomic data analytics service in the cloud		Wei Tang, Jared Bischof, Narayan Desai, Kanak Mahadik, Wolfgang Gerlach, Travis Harrison, Andreas Wilke, Folker Meyer
10.1093/bioinformatics/btu119	2014	Wrangling Galaxy’s reference data	Bioinformatics	Daniel Blankenberg, James E. Johnson, The Galaxy Team, James Taylor, ANTON Y NEKRUTENKO
10.1002/cpe.3308	2014	XSEDE13 Special Issue Conference Publications	Concurrency and Computation Practice and Experience	Nancy Wilkins‐Diehr, Amit Majumdar
10.1093/bioinformatics/btu574	2014	ballaxy: web services for structural bioinformatics	Bioinformatics	Anna Katharina Hildebrandt, Daniel Stöckel, Nina Fischer, Luis de la Garza, Jens Krüger, Stefan Nickels, Marc Röttig, Charlotta Schärfe, Marcel René Schumann, Philipp Thiel, Hans‐Peter Lenhof, Oliver Kohlbacher, Andreas Hildebrandt
10.1093/nar/gku365	2014	deepTools: a flexible platform for exploring deep-sequencing data	Nucleic Acids Research	Fidel Ramírez, Friederike Dündar, Sarah K. Diehl, Björn Andreas Grüning, Thomas Manke
10.12688/f1000research.3928.2	2014	edgeR: a versatile tool for the analysis of shRNA-seq and CRISPR-Cas9 genetic screens	F1000Research	Zhiyin Dai, Julie M. Sheridan, Linden J. Gearing, Darcy Moore, Shian Su, Sam Wormald, STEPHEN A. WILCOX, Liam J. O’Connor, Ross A. Dickins, Marnie E. Blewitt, Matthew E. Ritchie
10.1186/2045-9769-3-1	2014	glbase: a framework for combining, analyzing and displaying heterogeneous genomic and high-throughput sequencing data	Cell Regeneration	Andrew P. Hutchins, Ralf Jauch, Mateusz Dyla, Diego Miranda‐Saavedra
10.1101/005991	2014	iRAP - an integrated RNA-seq Analysis Pipeline	bioRxiv (Cold Spring Harbor Laboratory)	Nuno A. Fonseca, Robert Petryszak, John C. Marioni, Alvis Brāzma
10.1186/2047-217x-3-19	2014	iReport: a generalised Galaxy solution for integrated experimental reporting	GigaScience	Saskia Hiltemann, Youri Hoogstrate, Peter J. van der Spek, Guido W Jenster, Andrew Stubbs
10.1109/cbms.2014.8	2014	miXGENE Tool for Learning from Heterogeneous Gene Expression Data Using Prior Knowledge		Matěj Holec, Valentin Gologuzov, Jǐŕı Kléma
10.1016/b978-0-444-62650-9.00002-6	2014	microRNA Profiling	Comprehensive analytical chemistry	Sinéad M. Smith, David W. Murray
10.3389/fpls.2014.00708	2014	plantDARIO: web based quantitative and qualitative analysis of small RNA-seq data in plants	Frontiers in Plant Science	Deblina Patra, Mario Fasold, David Langenberger, Gerhard Steger, Ivo Große, Peter Florian Stadler
10.12688/f1000research.3928.1	2014	shRNA-seq data analysis with edgeR	F1000Research	Zhiyin Dai, Julie M. Sheridan, Linden J. Gearing, Darcy Moore, Shian Su, Ross A. Dickins, Marnie E. Blewitt, Matthew E. Ritchie
10.1201/b17457-6	2014	◾ Introduction to RNA-seq Data Analysis		Eija Korpelainen, Jarno Tuimala, Panu Somervuo, Mikael Huss, Garry Wong
10.1007/978-3-662-46011-5_11	2015	11 Phylogenomics Enabling Genome-Based Mycology		Jason Stajich
10.1007/s00253-015-6536-y	2015	16S rRNA gene high-throughput sequencing data mining of microbial diversity and interactions	Applied Microbiology and Biotechnology	Feng Ju, Tong Zhang
10.1016/j.molcel.2015.03.013	2015	A 3′ External Transcribed Spacer in a tRNA Transcript Acts as a Sponge for Small RNAs to Prevent Transcriptional Noise	Molecular Cell	David Lalaouna, Marie‐Claude Carrier, Szabolcs Semsey, Jean‐Simon Brouard, Jing Wang, Joseph T. Wade, Éric Massé
10.1371/journal.pntd.0003929	2015	A Comparison between Transcriptome Sequencing and 16S Metagenomics for Detection of Bacterial Pathogens in Wildlife	PLoS neglected tropical diseases	Maria Razzauti, Maxime Galan, Maria Bernard, Sarah Maman, Christophe Klopp, Nathalie Charbonnel, Muriel Vayssier‐Taussat, Marc Éloit, Jean‐François Cosson
10.1007/s11295-015-0888-4	2015	A DNA-based diagnostic for differentiating among New Zealand endemic Podocarpus	Tree Genetics & Genomes	Christina W. Marshall, David Chagné, Oliver Deusch, Nicole Gruenheit, John A. McCallum, D. O. Bergin, Peter J. Lockhart, Phillip L. Wilcox
10.1007/978-3-319-23983-5_5	2015	A Grid-Enabled Modular Framework for Efficient Sequence Analysis Workflows	Communications in computer and information science	Olga Vrousgou, Fotis E Psomopoulos, Pericles A. Mitkas
10.5555/2814058.2814082	2015	A Link Prediction System in Social Networks	Journal of the Association for Information Systems	Luciano Antônio Digiampietri, William Takahiro Maruyama, Caio Rafael do Nascimento Santiago, Jamison Jose da Silva Lima
10.1117/12.2081295	2015	A Matlab user interface for the statistically assisted fluid registration algorithm and tensor-based morphometry	Proceedings of SPIE, the International Society for Optical Engineering/Proceedings of SPIE	Fernando Yepes-Calderón, Caroline Brun, Nishita Sant, Paul M. Thompson, Natasha Leporé
10.1371/journal.pone.0134011	2015	A Methodology for the Development of RESTful Semantic Web Services for Gene Expression Analysis	PLoS ONE	Gabriela D. A. Guardia, Luís Ferreira Pires, Ricardo Z. N. Vêncio, Kelen Cristina Ribeiro Malmegrim, Cléver Ricardo Guareis de Farias
10.1007/978-3-319-19776-0_13	2015	A New Bioinformatic Pipeline to Address the Most Common Requirements in RNA-seq Data Analysis	Advances in intelligent systems and computing	Osvaldo Graña‐Castro, Miriam Rubio-Camarillo, Florentino Fdez‐Riverola, David G. Pisano, Daniel Glez‐Peña
10.1371/journal.pcbi.1003972	2015	A Quick Guide for Building a Successful Bioinformatics Community	PLoS Computational Biology	Aidan Budd, Manuel Corpas, Michelle D. Brazas, Jonathan C. Fuller, Jeremy Goecks, Nicola Mulder, Magali Michaut, B. F. Francis Ouellette, Aleksandra Pawlik, Niklas Blomberg
10.1515/mngs-2015-0003	2015	A Review of Cloud Computing Bioinformatics Solutions for Next-Gen Sequencing Data Analysis and Research	Methods in Next Generation Sequencing	Konstantinos Krampis, Claudia Wultsch
10.1371/journal.pone.0123872	2015	A Robust Protocol to Increase NimbleGen SeqCap EZ Multiplexing Capacity to 96 Samples	PLoS ONE	Ilse M. van der Werf, R. Frank Kooy, Geert Vandeweyer
10.1007/s10723-015-9329-8	2015	A Survey of Data-Intensive Scientific Workflow Management	Journal of Grid Computing	Ji Liu, Esther Pacitti, Patrick Valduriez, Marta Mattoso
10.1371/journal.pone.0109277	2015	A Toolkit for ARB to Integrate Custom Databases and Externally Built Phylogenies	PLoS ONE	Steven D. Essinger, Erin R. Reichenberger, C Morrison, Christopher B. Blackwood, GAIL L. ROSEN
10.1016/j.quascirev.2015.09.014	2015	A critical evaluation of how ancient DNA bulk bone metabarcoding complements traditional morphological analysis of fossil assemblages	Quaternary Science Reviews	Alicia C. Grealy, Matthew C. McDowell, R. Paul Scofield, Dáithí C. Murray, Diana A. Fusco, James Haile, Gavin J. Prideaux, Michael Bunce
10.1101/033654	2015	A framework for collaborative computational research	bioRxiv (Cold Spring Harbor Laboratory)	Apuã C.M. Paquola, Jennifer A. Erwin, Fred H. Gage
10.1093/database/bav050	2015	A general concept for consistent documentation of computational analyses	Database	Peter Ebert, Fabian Müller, Karl J. V. Nordström, Thomas Lengauer, Marcel H. Schulz
	2015	A knowledge-based approach to scientific workflow composition	ORCA Online Research @Cardiff (Cardiff University)	Russell P. McIver
10.1186/s12864-015-1361-3	2015	A new platform for ultra-high density Staphylococcus aureus transposon libraries	BMC Genomics	Marina Santiago, Leigh M. Matano, Samir H. Moussa, Michael S. Gilmore, Suzanne Walker, Timothy Charles Meredith
10.1186/2047-2501-3-s1-s7	2015	A platform for leveraging next generation sequencing for routine microbiology and public health use	Health Information Science and Systems	Laura Cristina Rusu, Kelly L. Wyres, Matthias Reumann, Carlos Queiroz, Alexe Bojovschi, Tom Conway, Saurabh Garg, David Edwards, Geoff G. Hogg, Kathryn E. Holt
10.1093/nar/gkv798	2015	A polymerase engineered for bisulfite sequencing	Nucleic Acids Research	Doug Millar, Yonka Christova, Philipp Holliger
10.7717/peerj.791	2015	A reproducible approach to high-throughput biological data acquisition and integration	PeerJ	Daniela Börnigen, Yo Sup Moon, Ali Rahnavard, Levi D. Waldron, Lauren J. McIver, Afrah Shafquat, Eric A. Franzosa, Larissa Miropolsky, Christopher J. Sweeney, Xochitl C. Morgan, Wendy S. Garrett, Curtis Huttenhower
10.1007/s10009-015-0398-6	2015	A scalable Cloud-based system for data-intensive spatial analysis	International Journal on Software Tools for Technology Transfer	Richard Sinnott, William Voorsluys
10.1016/j.jbiotec.2015.12.032	2015	A scientific workflow framework for 13C metabolic flux analysis	Journal of Biotechnology	Tolga Dalman, Wolfgang Wiechert, Katharina Nöh
10.1007/s13127-015-0241-7	2015	A study of common scorpionfly (Mecoptera: Panorpidae) visual systems reveals the expression of a single opsin	Organisms Diversity & Evolution	Katie F. Manwaring, Michael F. Whiting, Edward R. Wilcox, Seth Bybee
10.1038/nchembio.1967	2015	A synthetic lethal approach for compound and target identification in Staphylococcus aureus	Nature Chemical Biology	Lincoln W. Pasquina, John P. Santa Maria, B. McKay Wood, Samir H. Moussa, Leigh M. Matano, Marina Santiago, Sara E. S. Martin, Wonsik Lee, Timothy Charles Meredith, Suzanne Walker
10.1016/j.febslet.2015.04.054	2015	A toolbox for miRNA analysis	FEBS Letters	Petr Svoboda
10.1186/s13072-015-0045-1	2015	ADMIRE: analysis and visualization of differential methylation in genomic regions using the Infinium HumanMethylation450 Assay	Epigenetics & Chromatin	Jens Preussner, Julia Bayer, Carsten Tobias Kuenne, Mario Looso
10.1016/j.molp.2015.06.001	2015	AGEseq: Analysis of Genome Editing by Sequencing	Molecular Plant	Liang‐Jiao Xue, Chung‐Jui Tsai
	2015	AO DIFERENCIAL A PARTIR DA MATRIZ DE CONTAGENS GERADA COM DADOS DE RNA-SEQ		Tiago Tambonis
10.1088/1742-6596/664/6/062042	2015	ARC Control Tower: A flexible generic distributed job management framework	Journal of Physics Conference Series	J. K. Nilsen, D. Cameron, Andrej Filipcic
10.1109/ic2e.2015.56	2015	ASETS: A SDN Empowered Task Scheduling System for HPCaaS on the Cloud		Saba Jamalian, Hassan Rajaei
10.1074/jbc.m115.679696	2015	Aberrant Retinoblastoma (RB)-E2F Transcriptional Regulation Defines Molecular Phenotypes of Osteosarcoma	Journal of Biological Chemistry	Milcah C. Scott, Aaron L. Sarver, Hirotaka Tomiyasu, Ingrid Cornax, Jamie Van Etten, Jyotika Varshney, M. Gerard O’Sullivan, Subbaya Subramanian, Jaime F. Modiano
10.1016/j.funbio.2015.10.006	2015	Accuracy of the high-throughput amplicon sequencing to identify species within the genus Aspergillus	Fungal Biology	Seung‐Eun Lee, Naomichi Yamamoto
10.1101/gr.185892.114	2015	Accurate typing of short tandem repeats from genome-wide sequencing data and its applications	Genome Research	Arkarachai Fungtammasan, Guruprasad Ananda, Suzanne E. Hile, Marcia Shu‐Wei Su, Chen Sun, Robert S. Harris, Paul Medvedev, Kristin A. Eckert, Kateryna D. Makova
10.1016/j.future.2015.05.015	2015	Active Data: A programming model to manage data life cycle across heterogeneous systems and infrastructures	Future Generation Computer Systems	Anthony Simonet, Gilles Fedak, Matei Ripeanu
10.1080/15592294.2015.1045179	2015	Adaptation of the targeted capture Methyl-Seq platform for the mouse genome identifies novel tissue-specific DNA methylation patterns of genes involved in neurodevelopment	Epigenetics	Benjamin Wen Qing Hing, Enrique Ramos, Patricia Braun, Melissa McKane, Dubravka Jancic, Kellie L. Tamashiro, Richard S. Lee, Jacob J. Michaelson, Todd E. Druley, James B. Potash
	2015	Advanced Computational Tools for Analyzing Microbial Communities for Energy Production Environments	CU Scholar (University of Colorado Boulder)	Adam Robbins‐Pianka
10.1371/journal.pone.0132061	2015	Age-Related Gene Expression Differences in Monocytes from Human Neonates, Young Adults, and Older Adults	PLoS ONE	Michelle M. Lissner, Brandon J. Thomas, Kathleen Wee, Ann-Jay Tong, Tobias R. Kollmann, Stephen T. Smale
10.11606/t.55.2015.tde-03082015-193613	2015	Algoritmos de estimação de distribuição para predição ab initio de estruturas de proteínas		Daniel Bonetti
10.1111/tpj.13115	2015	Allium telomeres unmasked: the unusual telomeric sequence ( CTCGGTTATGGG ) n is synthesized by telomerase	The Plant Journal	Petr Fajkus, Vratislav Peška, Zdeňka Sitová, Jana Fulnečková, Martina Dvořáčková, Roman Gogela, Eva Sýkorová, Jan Hapala, Jiřı́ Fajkus
10.1007/s10723-015-9330-2	2015	An Innovative Science Gateway for the Cherenkov Telescope Array	Journal of Grid Computing	Alessandro Costa, P. Massimino, M. Bandieramonte, U. Becciani, Mel Krokos, Costantino Pistagna, S. Riggi, ‬‬‬‬‬‬Eva Sciacca, Fabio Roberto Vitello
10.4137/cin.s30793	2015	An NGS Workflow Blueprint for DNA Sequencing Data and Its Application in Individualized Molecular Oncology	Cancer Informatics	Jian Li, Aarif M.N. Batcha, Björn Gaining, Ulrich Mansmann
10.1105/tpc.114.133777	2015	An Upstream Open Reading Frame Is Essential for Feedback Regulation of Ascorbate Biosynthesis in Arabidopsis	The Plant Cell	William A. Laing, Marcela Martínez-Sánchez, Michele A. Wright, Sean Michael Bulley, Di Brewster, Andrew Patrick Dare, Maysoon B. Rassam, Daisy Wang, Roy D. Storey, Richard C. Macknight, Roger P. Hellens
10.1186/s12859-015-0761-3	2015	An automated real-time integration and interoperability framework for bioinformatics	BMC Bioinformatics	Pedro Henrique de Meneses Bittencourt Lopes, José Luís Oliveira
10.1038/srep09740	2015	An overhang-based DNA block shuffling method for creating a customized random library	Scientific Reports	Kosuke Fujishima, Chris E Venter, Kendrick Wang, Raphaël Ferreira, Lynn J. Rothschild
10.1371/journal.pone.0124083	2015	Analyses of the Complete Genome and Gene Expression of Chloroplast of Sweet Potato [Ipomoea batata]	PLoS ONE	Lang Yan, Xianjun Lai, Xuedan Li, Changhe Wei, Xuemei Tan, Yizheng Zhang
10.3390/metabo5030431	2015	Analysis of Metabolomics Datasets with High-Performance Computing and Metabolite Atlases	Metabolites	Yushu Yao, Terence Sun, Tony Wang, Oliver Ruebel, Trent R. Northen, Benjamin P. Bowen
10.1007/978-1-4939-3167-5_18	2015	Analysis of RNA-Seq Data Using TopHat and Cufflinks	Methods in molecular biology	Sreya Ghosh, Chon‐Kit Kenneth Chan
10.1016/j.ymeth.2015.10.008	2015	Analyzing HT-SELEX data with the Galaxy Project tools – A web based bioinformatics platform for biomedical research	Methods	William H. Thiel, Paloma H. Giangrande
10.7554/elife.07009	2015	Anatomy of BioJS, an open source community for the life sciences	eLife	Guy Yachdav, Tatyana Goldberg, Sebastian Wilzbach, David T. Dao, Iris Shih, Saket Kumar Choudhary, Steve Crouch, Max Franz, Alexander García, Leyla J García, Björn Andreas Grüning, Devasena Inupakutika, Ian Sillitoe, Anil S. Thanki, Bruno Vieira, Jose M. Villaveces, Maria Victoria Schneider, Suzanna
10.1007/s00284-015-0934-3	2015	Anti-cancer Parasporin Toxins are Associated with Different Environments: Discovery of Two Novel Parasporin 5-like Genes	Current Microbiology	David R. Ammons, John D. Short, Jeffery A. Bailey, Gabriela Hinojosa, Lourdes Tavarez, Martha Salazar, Joanne N. Rampersad
10.1002/cpe.3542	2015	Araport: an application platform for data discovery	Concurrency and Computation Practice and Experience	Matthew R. Hanlon, Matthew W. Vaughn, Stephen Mock, Rion Dooley, Wálter Moreira, Joe Stubbs, Chris D. Town, Jason Rafe Miller, Vivek Krishnakumar, Erik S. Ferlanti, Eleanor Pence
10.1111/1755-0998.12478	2015	Assessment of a 16S rRNA amplicon Illumina sequencing procedure for studying the microbiome of a symbiont‐rich aphid genus	Molecular Ecology Resources	Emmanuelle Jousselin, A.‐L. Clamens, Maxime Galan, Maria Bernard, Sarah Maman, B. Gschloessl, Gabrielle Duport, Andrea Sanchez Meseguer, Federica Calevro, Armelle Cœur d’Acier
10.1007/s00412-015-0556-3	2015	Astonishing 35S rDNA diversity in the gymnosperm species Cycas revoluta Thunb	Chromosoma	Wencai Wang, Lu Ma, Hannes Becher, Sonia Cesteros Garcia, Alena Svobodová Kovaříková, Ilia J. Leitch, Andrew Rowland Leitch, Aleš Kovařı́k
10.1111/mec.13224	2015	Atmospheric N deposition alters connectance, but not functional potential among saprotrophic bacterial communities	Molecular Ecology	Zachary B. Freedman, Donald R. Zak
10.1109/escience.2015.60	2015	Autocuration Cyberinfrastructure for Scientific Discovery and Preservation		Smruti Rekha Padhy, Edgar F. Black, Betsy Cowdery, Liana Diesendruck, Michael C. Dietze, Gregory Jansen, Rob Kooper, Praveen Kumar, Jong Lee, Rui Liu, Richard J. Marciano, Luigi Marini, Dave Mattson, Barbara Spang Minsker, Chris Navarro, Ankit Rai, Marcus Slavenas, WILLIAM C. SULLIVAN, Jason Votava,
10.1186/s13104-015-1624-8	2015	Automated amplicon design suitable for analysis of DNA variants by melting techniques	BMC Research Notes	Per Olaf Ekstrøm, Sigve Nakken, Morten Johansen, Eivind J. Hovig
10.1534/g3.115.017749	2015	BAC-End Sequence-Based SNP Mining in Allotetraploid Cotton (Gossypium) Utilizing Resequencing Data, Phylogenetic Inferences, and Perspectives for Genetic Mapping	G3 Genes Genomes Genetics	Amanda M. Hulse‐Kemp, Hamid Ashrafi, Kevin M. Stoffel, Xiuting Zheng, Christopher A. Saski, Brian E. Scheffler, David D. Fang, Z. Jeffrey Chen, Allen Van Deynze, David M. Stelly
10.1084/jem.20141380	2015	BCL6 orchestrates Tfh cell differentiation via multiple distinct mechanisms	The Journal of Experimental Medicine	Katerina Hatzi, John Philip Nance, Mark A. Kroenke, Marcella Bothwell, Elias K. Haddad, Ari M. Melnick, Shane Crotty
10.1186/s13104-015-1190-0	2015	BOWS (bioinformatics open web services) to centralize bioinformatics tools in web services	BMC Research Notes	Henrique Velloso, Ricardo A. Vialle, José Miguel Ortega
10.1098/rsob.140133	2015	Bacterial genospecies that are not ecologically coherent: population genomics ofRhizobium leguminosarum	Open Biology	Nitin Kumar, Ganesh Raoji Lad, Elisa Giuntini, Maria Kaye, Piyachat Udomwong, N. Jannah Shamsani, J. Peter W. Young, Xavier Bailly
10.1016/j.soilbio.2015.04.015	2015	Baiting of rhizosphere bacteria with hyphae of common soil fungi reveals a diverse group of potentially mycophagous secondary consumers	Soil Biology and Biochemistry	M.B. Rudnick, Johannes A. van Veen, Wietse de Boer
10.1002/jcb.25049	2015	Benchmarking Database Performance for Genomic Data	Journal of Cellular Biochemistry	Matloob Khushi
10.1371/journal.pone.0126049	2015	Bias in Ligation-Based Small RNA Sequencing Library Construction Is Determined by Adaptor and RNA Structure	PLoS ONE	Ryan T. Fuchs, Zhiyi Sun, Fanglei Zhuang, G. Brett Robb
10.1038/bjc.2015.341	2015	Big Data: the challenge for small research groups in the era of cancer genomics	British Journal of Cancer	Aisyah Mohd Noor, Lars Holmberg, Cheryl Gillett, Anita Grigoriadis
10.1186/s13742-015-0063-8	2015	BioMAJ2Galaxy: automatic update of reference data in Galaxy using BioMAJ	GigaScience	Anthony Bretaudeau, Cyril Monjeaud, Yvan Le Bras, Fabrice Legeai, Olivier Collin
10.1186/s12859-015-0595-z	2015	BioMaS: a modular pipeline for Bioinformatic analysis of Metagenomic AmpliconS	BMC Bioinformatics	Bruno Fosso, Mónica Santamaría, Marinella Marzano, Daniel Alonso-Alemany, Gabriel Valiente, Giacinto Donvito, Alfonso Monaco, Pasquale Notarangelo, Graziano Pesole
10.4137/cin.s20910	2015	BioMiner: Paving the Way for Personalized Medicine	Cancer Informatics	Chris Bauer, Karol Stec, Alexander Glintschert, Kristina Gruden, Christian Schichor, Michal Or‐Guil, Joachim Selbig, Johannes Schuchhardt
10.12688/f1000research.7536.1	2015	BioShaDock: a community driven bioinformatics shared Docker-based tools registry	F1000Research	François Moreews, Olivier Sallou, Hervé Ménager, Yvan Le Bras, Cyril Monjeaud, Christophe Blanchet, Olivier Collin
10.1186/s13059-015-0720-3	2015	BioWardrobe: an integrated platform for analysis of epigenomics and transcriptomics data	Genome biology	Andrey V. Kartashov, Artem Barski
10.1007/978-1-4939-3127-9_4	2015	Bioinformatics Analysis of Estrogen-Responsive Genes	Methods in molecular biology	Adam E. Handel
10.1016/b978-0-12-800140-0.00004-2	2015	Bioinformatics Tools in Epigenomics Studies	Elsevier eBooks	Gustavo F. Bayón, Agustín F. Fernández, Mario Fernández Fraga
10.1016/j.ygeno.2015.10.004	2015	Bioinformatics prioritization of SNPs perturbing microRNA regulation of hematological malignancy-implicated genes	Genomics	Hamid Ghaedi, Milad Bastami, Davood Zare‐Abdollahi, Behnam Alipoor, Abolfazl Movafagh, Reza Mirfakhraie, Mir Davood Omrani, Andrea Masotti
10.1109/escience.2015.69	2015	Bootstrapping Complex Workflow Middleware Systems into the Cloud		Karolina Vukojevic-Haupt, Florian Haupt, Frank Leymann, Lukas Reinfurt
	2015	Bordetella pertussis: Whole Genome Sequence Analysis and its Application to Public Health Laboratory Surveillance	TSpace (University of Toronto)	Alex Marchand‐Austin
10.31274/etd-180810-4089	2015	Bovine digital dermatitis: natural lesion development and experimental induction		Adam C. Krull
10.1109/bigdata.2015.7363791	2015	Brown Dog: Leveraging everything towards autocuration		Smruti Rekha Padhy, Gregory Jansen, Jay C. Alameda, Edgar F. Black, Liana Diesendruck, Mike Dietze, Praveen Kumar, Rob Kooper, Jong Lee, Rui Liu, Richard J. Marciano, Luigi Marini, Dave Mattson, Barbara Spang Minsker, Chris Navarro, Marcus Slavenas, WILLIAM C. SULLIVAN, Jason Votava, Inna Zharnitsky
10.1093/bib/bbv037	2015	Building a virtual ligand screening pipeline using free software: a survey	Briefings in Bioinformatics	Enrico Glaab
10.1109/mipro.2015.7160269	2015	Building and provisioning bioinformatics environments on public and private Clouds		Enis Afgan, Konstantinos Krampis, Nuwan Goonasekera, Karolj Skala, James Taylor
10.1104/pp.15.00889	2015	C4 Photosynthesis in the Rice Paddy: Insights from the Noxious Weed Echinochloa glabrescens	PLANT PHYSIOLOGY	Sarah Covshoff, Marek Szecówka, Thomas E. Hughes, Richard D. Smith-Unna, Steven L. Kelly, Karen J. Bailey, Tammy L. Sage, Justin A. Pachebat, Richard C. Leegood, Julian M. Hibberd
10.1080/15384101.2015.1053670	2015	CTCF-dependent co-localization of canonical Smad signaling factors at architectural protein binding sites in D. melanogaster	Cell Cycle	Kevin Van Bortle, Aidan J. Peterson, Naomi Takenaka, Michael B. O’Connor, Victor G. Corces
10.1371/journal.pone.0122518	2015	ChIP-Seq and RNA-Seq Analyses Identify Components of the Wnt and Fgf Signaling Pathways as Prep1 Target Genes in Mouse Embryonic Stem Cells	PLoS ONE	Audrey Laurent, Manuela Calabrese, Hans-Jörg Warnatz, Marie‐Laure Yaspo, Tkachuk Va, Miguel Torres, Francesco Blasi, Dmitry Penkov
10.1007/978-1-4939-2596-4_11	2015	ChIP-Seq to Analyze the Binding of Replication Proteins to Chromatin	Methods in molecular biology	A. Zachary Ostrow, Christopher J. Viggiani, Jennifer G. Aparicio, Oscar M. Aparicio
10.1007/978-1-4939-2474-5_27	2015	ChIP-on-Chip Analysis Methods for Affymetrix Tiling Arrays	Methods in molecular biology	Sean Yoder
	2015	Chapter: Next-generation sequencing and microbiome evaluation: Molecular microbiology and its impact on human health	CiteSeer X (The Pennsylvania State University)	Alfredo Focà, Liberto Mc, Nadia Marascio
10.1111/tpj.12839	2015	Characterisation of an unusual telomere motif ( TTTTTTAGGG )n in the plant Cestrum elegans (Solanaceae), a species with a large genome	The Plant Journal	Vratislav Peška, Petr Fajkus, Miloslava Fojtová, Martina Dvořáčková, Jan Hapala, Vojtěch Dvořáček, Pavla Sováková Polanská, Andrew Rowland Leitch, Eva Sýkorová, Jiřı́ Fajkus
10.1007/s12665-015-4124-1	2015	Characteristic microbial communities in the continuous permafrost beside the bitumen in Qinghai-Tibetan Plateau	Environmental Earth Sciences	Nan Jiang, Yang Li, Chenggang Zheng, Lijun Chen, Kai Xia Wei, Jiao Feng, Jihui Tian
10.1371/journal.pone.0127259	2015	Characterization of Microbial Dysbiosis and Metabolomic Changes in Dogs with Acute Diarrhea	PLoS ONE	Blake C. Guard, James W. Barr, Lavanya Reddivari, Cory L. Klemashevich, Arul Jayaraman, Jörg M. Steiner, Jairam Vanamala, Jan S. Suchodolski
10.1016/j.cmi.2015.10.025	2015	Characterization of an emergent clone of enteroinvasive Escherichia coli circulating in Europe	Clinical Microbiology and Infection	Valeria Michelacci, Gianni Prosseda, Antonella Maugliani, Rosangela Tozzoli, Sergio Sánchez, Silvia Herrera-León, Timothy J. Dallman, Claire Jenkins, Alfredo Caprioli, Stefano Morabito
10.1186/s12940-015-0052-5	2015	Characterization of genome-wide H3K27ac profiles reveals a distinct PM2.5-associated histone modification signature	Environmental Health	Cong Liu, Junhui Xu, Yahong Chen, Xinbiao Guo, Yinan Zheng, Qianfei Wang, Yiyong Chen, Ni Yang, Yidan Zhu, Brian Thomas Joyce, Andrea Baccarelli, Furong Deng, Wei Zhang, Lifang Hou
10.1016/j.fgb.2015.03.006	2015	Chromatin analyses of Zymoseptoria tritici : Methods for chromatin immunoprecipitation followed by high-throughput sequencing (ChIP-seq)	Fungal Genetics and Biology	Jessica L. Soyer, Mareike Möller, Klaas Schotanus, Lanelle Connolly, Jonathan Matthew Galazka, Michael Freitag, Eva H. Stukenbrock
10.1038/srep16814	2015	Circulating microbial RNA and health	Scientific Reports	Ross Ka-Kit Leung, Ying-Kit Wu
	2015	Classification and Multiple Hypothesis Testing in Microarray and RNA-Seq Experiments	OpenCommons at University of Connecticut (University of Connecticut)	Patrick Harrington
10.1109/cloud.2015.168	2015	Clouds for Masses - Toward Ubiquitous and Transparent Clouds		Andrzej M Goscinski, Philip C. Church
10.3389/fgene.2015.00043	2015	CoVennTree: a new method for the comparative analysis of large datasets	Frontiers in Genetics	Steffen C. Lott, BjÃ¶rn VoÃŸ, Wolfgang R. Hess, Claudia Steglich
10.1038/nature15710	2015	Combinatorial gene regulation by modulation of relative pulse timing	Nature	Yihan Lin, Chang Ho Sohn, Chiraj K. Dalal, Long Cai, Michael B. Elowitz
10.1128/mbio.01863-15	2015	Common Viral Integration Sites Identified in Avian Leukosis Virus-Induced B-Cell Lymphomas	mBio	James Justice, Robin W. Morgan, KAREN L. BEEMON
10.7717/peerj.1029	2015	Compact graphical representation of phylogenetic data and metadata with GraPhlAn	PeerJ	Francesco Asnicar, George Weingart, Timothy L. Tickle, Curtis Huttenhower, Nicola Segata
10.1016/j.vetpar.2015.08.012	2015	Comparative RNA-seq analysis of the Tritrichomonas foetus PIG30/1 isolate from pigs reveals close association with Tritrichomonas foetus BP-4 isolate ‘bovine genotype’	Veterinary Parasitology	Victoria Morin-Adeline, Kai Mueller, Ana Conesa, Jan R Šlapeta
10.1016/j.virusres.2015.11.001	2015	Comparison of Illumina de novo assembled and Sanger sequenced viral genomes: A case study for RNA viruses recovered from the plant pathogenic fungus Sclerotinia sclerotiorum	Virus Research	Mahmoud E. Khalifa, Arvind Varsani, Austen R. D. Ganley, Michael Pearson
10.17140/prrmoj-2-116	2015	Comparison of Next-Generation Sequencing Platforms for Clinical Testing of Non-Small Cell Lung Cancer	Pulmonary Research and Respiratory Medicine - Open Journal	Rama Kant Singh, Susanne L. Penny, Susan E. Douglas
10.1111/mpp.12337	2015	Comparison of gene activation by two TAL effectors from X anthomonas axonopodis pv. manihotis reveals candidate host susceptibility genes in cassava	Molecular Plant Pathology	Megan M. Cohn, Robert Morbitzer, Thomas Lahaye, Brian J. Staskawicz
10.1109/iwsg.2015.20	2015	Connecting Workflow-Oriented Science Gateways to Multi-cloud Systems		Zoltán Farkas, Péter Kacsuk, Ákos Hajnal
10.1093/database/bav087	2015	Connecting proteins with drug-like compounds: Open source drug discovery workflows with BindingDB and KNIME	Database	George Nicola, Michael R. Berthold, Michael P. Hedrick, Michael K. Gilson
10.1145/2822332.2822336	2015	Contemporary challenges for data-intensive scientific workflow management systems		Ryan L. Mork, Paul Martin, Zhiming Zhao
10.1038/ncomms8440	2015	Context influences on TALE–DNA binding revealed by quantitative profiling	Nature Communications	Julia M. Rogers, Luis Alberto Barrera, Deepak Reyon, Jeffry D. Sander, Manolis Kellis, J. Keith Joung, Martha L. Bulyk
10.1371/journal.pone.0126138	2015	Convergent Evolution at the Gametophytic Self-Incompatibility System in Malus and Prunus	PLoS ONE	Bruno Guedes Alcoforado Aguiar, Jorge Vieira, Ana Cunha, Nuno A. Fonseca, Amy F Iezzoni, Steve van Nocker, Cristina P. Vieira
10.1109/escience.2015.67	2015	Cost-Aware Cloud Provisioning		Ryan Chard, Kyle Chard, Kris Bubendorfer, Łukasz Łaciński, Ravi Madduri, Ian T Foster
10.1109/cloud.2015.130	2015	Cost-Aware Elastic Cloud Provisioning for Scientific Workloads		Ryan Chard, Kyle Chard, Kris Bubendorfer, Łukasz Łaciński, Ravi Madduri, Ian T Foster
10.1002/dvg.22869	2015	Cross‐organism analysis using InterMine	genesis	Rachel Lyne, Julie Sullivan, Daniela Butano, Sergio Contrino, Joshua Heimbach, Fengyuan Hu, Alex Kalderimis, Mike Lyne, Richard Nigel Smith, Radek Štěpán, Rama Balakrishnan, Gail Binkley, Todd W. Harris, Kalpana Karra, Sierra A. Taylor Moxon, Howie Motenko, Steven B. Neuhauser, Leyla Ruzicka, J. Mic
10.1186/s13040-015-0063-3	2015	DAPPER: a data-mining resource for protein-protein interactions	BioData Mining	Syed Aleem Haider, Zoltán Lipinszki, Marcin R. Przewloka, Yaseen Ladak, Pier Paolo D’Avino, Yuu Kimata, Píetro Lió, David Moore Glover
10.1093/nar/gkv1105	2015	DNA data bank of Japan (DDBJ) progress report	Nucleic Acids Research	Jun Mashima, Yuichi Kodama, Takehide Kosuge, Takatomo Fujisawa, Toshiaki Katayama, Hideki Nagasaki, Yoshihiro Okuda, Eli Kaminuma, Osamu Ogasawara, Kousaku Okubo, Yasukazu Nakamura, Toshihisa Takagi
10.1101/gr.188516.114	2015	DNA-guided establishment of nucleosome patterns within coding regions of a eukaryotic genome	Genome Research	Leslie Y. Beh, Manuel M. Müller, Tom W. Muir, Noam Kaplan, Laura F. Landweber
10.1155/2015/403497	2015	DNAseq Workflow in a Diagnostic Context and an Example of a User Friendly Implementation	BioMed Research International	Beat Wolf, Pierre Kuonen, Thomas Dandekar, David Atlan
10.5334/dsj-2015-010	2015	Darwintree: A Molecular Data Analysis and Application Environment for Phylogenetic Study	Data Science Journal	Zhen Meng, Hui Dong, Jianhui Li, Zhiduan Chen, Yuanchun Zhou, Xuezhi Wang, Shouzhou Zhang
10.1145/2753524.2753532	2015	Data Centric Discovery with a Data-Oriented Architecture		Robert E. Schuler, Carl Kesselman, Karl Czajkowski
10.1007/s11306-015-0879-3	2015	Data standards can boost metabolomics research, and if there is a will, there is a way	Metabolomics	Philippe Rocca‐Serra, Reza M. Salek, Masanori Arita, Elon Correa, Saravanan Dayalan, Alejandra N Gonzalez-Beltran, Timothy M. D. Ebbels, Royston Goodacre, Janna Hastings, Kenneth Haug, Albert Koulman, Macha Nikolski, Matej Orešič, Susanna‐Assunta Sansone, Daniel Schober, James M. Smith, Christoph St
10.1007/978-3-319-24462-4_22	2015	Data-Intensive Computing Infrastructure Systems for Unmodified Biological Data Analysis Pipelines	Lecture notes in computer science	Lars Ailo Bongo, Edvard Pedersen, Martin Ernstsen
10.1007/978-1-4939-2398-4_3	2015	Defining Essential Genes and Identifying Virulence Factors of Porphyromonas gingivalis by Massively Parallel Sequencing of Transposon Libraries (Tn-seq)	Methods in molecular biology	Brian A. Klein, Margaret J. Duncan, Linden T. Hu
10.1016/j.ymeth.2015.05.022	2015	Defining bacterial regulons using ChIP-seq	Methods	Kevin S. Myers, Dan M. Park, Nicole A. Beauchene, Patricia J. Kiley
10.1016/j.ympev.2015.06.003	2015	Detecting reticulate relationships among diploid Leucanthemum Mill. (Compositae, Anthemideae) taxa using multilocus species tree reconstruction methods and AFLP fingerprinting	Molecular Phylogenetics and Evolution	Kamil Konowalik, Florian Wagner, Salvatore Tomasello, Robert C. Vogt III, Christoph Oberprieler
10.1534/g3.115.018416	2015	Development of a 63K SNP Array for Cotton and High-Density Mapping of Intraspecific and Interspecific Populations of Gossypium spp.	G3 Genes Genomes Genetics	Amanda M. Hulse‐Kemp, Jana Lemm, Joerg Plieske, Hamid Ashrafi, Ramesh Buyyarapu, David D. Fang, James Frelichowski, Marc Giband, Steve Hague, Lori Lynn Hinze, Kelli J. Kochan, Penny K. Riggs, Jodi Scheffler, Joshua A. Udall, Mauricio Ulloa, Shirley S. Wang, Qian‐Hao Zhu, Sumit Kumar Bag, Archana Bha
	2015	Development of cold switchable DNA aptamers for isolation of cells that express leukemia inhibitory factor receptor.		Sarah L. McLaughlin
10.1111/mec.13386	2015	Dietary overlap and seasonality in three species of mormoopid bats from a tropical dry forest	Molecular Ecology	Valeria B. Salinas‐Ramos, L. Gerardo Herrera M., Virginia León‐Régàgnon, Aitor Arrizabalaga‐Escudero, Elizabeth L. Clare
10.1038/srep12062	2015	Differential and coherent processing patterns from small RNAs	Scientific Reports	Sachin Pundhir, Jan Gorodkin
10.1007/s10482-015-0627-8	2015	Differential distribution patterns of ammonia-oxidizing archaea and bacteria in acidic soils of Nanling National Nature Reserve forests in subtropical China	Antonie van Leeuwenhoek	Xianhua Gan, Fang-Qiu Zhang, Ji‐Dong Gu, Yue-Dong Guo, Zhao-Qing Li, Weiqiang Zhang, Xu Xiuyu, Yi Zhou, Xiaoying Wen, Guo-Guang Xie, Yong-Feng Wang
10.1186/s12864-015-2279-5	2015	Dintor: functional annotation of genomic and proteomic data	BMC Genomics	Christian X. Weichenberger, Hagen Blankenburg, Antonia Palermo, Yuri D’Elia, Eva König, Erik Bernstein, Francisco S. Domingues
10.1016/j.jmb.2015.11.014	2015	Direct Evidence for Packaging Signal-Mediated Assembly of Bacteriophage MS2	Journal of Molecular Biology	Óttar Rolfsson, Stefani Middleton, Iain W. Manfield, Simon J. White, Baochang Fan, Robert C. Vaughan, Neil A. Ranson, Eric C. Dykeman, Reidun Twarock, James B. Ford, C. Cheng Kao, Peter G. Stockley
10.1038/nprot.2015.104	2015	Directed evolution of artificial enzymes (XNAzymes) from diverse repertoires of synthetic genetic polymers	Nature Protocols	Alexander I. Taylor, Philipp Holliger
10.1083/jcb.201405110	2015	Directed targeting of chromatin to the nuclear lamina is mediated by chromatin state and A-type lamins	The Journal of Cell Biology	Jennifer C. Harr, Teresa Romeo Luperchio, Xianrong Wong, Erez Cohen, Sarah J. Wheelan, Karen L. Reddy
10.1007/978-1-4939-2963-4_18	2015	Discovery of Novel microRNAs in Aging Caenorhabditis elegans	Methods in molecular biology	Alexandre de Lencastre, Frank John Slack
10.1101/gr.183053.114	2015	Discriminating somatic and germline mutations in tumor DNA samples without matching normals	Genome Research	Saskia Hiltemann, Guido W Jenster, Jan Trapman, Peter J. van der Spek, Andrew Stubbs
10.1093/hmg/ddv399	2015	Disruption of murineAdamtsl4results in zonular fiber detachment from the lens and in retinal pigment epithelium dedifferentiation	Human Molecular Genetics	Gayle B. Collin, Dirk Hubmacher, Jeremy R. Charette, Wanda L. Hicks, Lisa V. Stone, Minzhong Yu, Jürgen Κ. Naggert, Mark P. Krebs, Neal S. Peachey, Suneel Apte, Patsy M. Nishina
10.1007/7397_2015_10	2015	Dissecting the Control of Flowering Time in Grasses Using Brachypodium distachyon	Plant genetics and genomics: crops and models	Daniel P. Woods, Richard M. Amasino
10.1093/nar/gkv759	2015	Dissecting the target specificity of RNase H recruiting oligonucleotides using massively parallel reporter analysis of short RNA motifs	Nucleic Acids Research	Jakob Lewin Rukov, Peter Hagedorn, Isabel Bro Høy, Yanping Feng, Morten Lindow, Jeppe Vinther
10.1038/nature14612	2015	Distinct lineages of Ebola virus in Guinea during the 2014 West African epidemic	Nature	Etienne Simon‐Lorière, Ousmane Faye, Oumar Faye, Lamine Koivogui, N’Faly Magassouba, Sakoba Keita, Jean-Michel Thiberge, Laure Diancourt, Christiane Bouchier, Mathias Vandenbogaert, Valérie Caro, Gamou Fall, Jan P. Buchmann, Christan B. Matranga, Pardis Christine Sabeti, Jean‐Claude Manuguerra, Edwa
10.1016/j.jprot.2015.05.029	2015	Distributed and interactive visual analysis of omics data	Journal of Proteomics	Yehia Mokhtar Farag, Frode S. Berven, Inge Jonassen, Kjell Petersen, Harald Barsnes
10.1128/genomea.01304-14	2015	Draft Genome Sequence of the Cellulolytic Bacterium Clavibacter sp. CF11, a Strain Producing Cold-Active Cellulase	Genome Announcements	Ying Du, Bo Yuan, Yonghui Zeng, Jian‐Yu Meng, Heng Li, Ruigang Wang, Guojing Li, Fuying Feng
10.1128/genomea.01247-15	2015	Draft Genome Sequences of Two New Zealand Xanthomonas campestris pv. campestris Isolates, ICMP 4013 and ICMP 21080	Genome Announcements	Dhairyasheel Desai, Jinhua Li, Eline van Zijll de Jong, Robert H. Braun, Andrew R. Pitman, Sandra B. Visnovsky, John G. Hampton, Mary C. Christey
10.1111/mmi.13129	2015	DsrA regulatory RNA represses both hns and rbs D m RNA s through distinct mechanisms in E scherichia coli	Molecular Microbiology	David Lalaouna, Audrey Morissette, Marie‐Claude Carrier, Éric Massé
10.1016/j.gdata.2015.01.008	2015	Dynamics of GATA1 binding and expression response in a GATA1-induced erythroid differentiation system	Genomics Data	Deepti Jain, Tejaswini Mishra, Belinda M. Giardine, Cheryl A. Keller, Christapher S. Morrissey, Susan F. Magargee, Christine M. Dorman, Maria Long, Mitchell J. Weiss, Ross Cameron Hardison
10.1016/j.cell.2015.01.015	2015	EBV Noncoding RNA Binds Nascent RNA to Drive Host PAX5 to Viral DNA	Cell	Nara Lee, Walter N. Moss, Therese A. Yario, JOAN ARGETSINGER STEITZ
10.1093/femsec/fiv024	2015	Early colonizers of unoccupied habitats represent a minority of the soil bacterial community	FEMS Microbiology Ecology	Alexandra B. Wolf, M.B. Rudnick, Wietse de Boer, George A. Kowalchuk
10.1016/j.future.2015.06.012	2015	Effective and efficient similarity search in scientific workflow repositories	Future Generation Computer Systems	Johannes Starlinger, Sarah Cohen‐Boulakia, Sanjeev Khanna, Susan B. Davidson, Ulf Leser
	2015	Effects of Competitors and Temperature on Physiological Performance and Gene Transcription of Model Fungi	OhioLink ETD Center (Ohio Library and Information Network)	Yasawantha Devinda Hiripitiyage
10.5281/zenodo.33715	2015	Efforts towards accessible and reliable bioinformatics	NORA - Norwegian Open Research Archives	Matúš Kalaš
10.1016/j.celrep.2015.06.027	2015	Elephantid Genomes Reveal the Molecular Bases of Woolly Mammoth Adaptations to the Arctic	Cell Reports	Vincent J. Lynch, Oscar C. Bedoya-Reina, Aakrosh Ratan, Michael A. Sulak, Daniela I. Drautz‐Moses, George H. Perry, Webb Miller, Stephan Christoph Schuster
10.1101/018366	2015	Elephantid genomes reveal the molecular bases of Woolly Mammoth adaptations to the arctic	bioRxiv (Cold Spring Harbor Laboratory)	Vincent J. Lynch, Oscar C. Bedoya-Reina, Aakrosh Ratan, Michael A. Sulak, Daniela I. Drautz‐Moses, George H. Perry, Webb Miller, Stephan Christoph Schuster
10.1145/2783446.2783581	2015	Elucidating the role and use of bioinformatics software in life science research		Sarah Morrison-Smith, Christina A. Boucher, Andrea Bunt, Jaime Ruiz
	2015	Enabling Structured Exploration of Workflow Performance Variability in Extreme-Scale Environments	OSTI OAI (U.S. Department of Energy Office of Scientific and Technical Information)	Kerstin Kleese van Dam, Eric Stephan, Bibi Raju, İlkay Altıntaş, Todd Elsethagen, Sriram Krishnamoorthy
10.1002/cpe.3536	2015	Enabling cloud bursting for life sciences within Galaxy	Concurrency and Computation Practice and Experience	Enis Afgan, Nate Coraor, John M. Chilton, Dannon Baker, James Taylor, The Galaxy Team
10.3791/52246	2015	Enhanced Reduced Representation Bisulfite Sequencing for Assessment of DNA Methylation at Base Pair Resolution	Journal of Visualized Experiments	Francine E. Garrett-Bakelman, Caroline K. Sheridan, Thadeous J. Kacmarczyk, Jennifer K. Ishii, Doron Betel, Alicia Alonso, Christopher E. Mason, María E. Figueroa, Ari M. Melnick
10.3791/52246-v	2015	Enhanced Reduced Representation Bisulfite Sequencing for Assessment of DNA Methylation at Base Pair Resolution	Journal of Visualized Experiments	Francine E. Garrett-Bakelman, Caroline K. Sheridan, Thadeous J. Kacmarczyk, Jennifer K. Ishii, Doron Betel, Alicia Alonso, Christopher E. Mason, María E. Figueroa, Ari M. Melnick
10.1186/s13742-015-0092-3	2015	Enhanced reproducibility of SADI web service workflows with Galaxy and Docker	GigaScience	Mikel Egaña Aranguren, Mark D. Wilkinson
10.1093/bioinformatics/btv116	2015	EpiToolKit—a web-based workbench for vaccine design	Bioinformatics	Benjamin Schubert, Hans-Philipp Brachvogel, Christopher Jürges, Oliver Kohlbacher
10.1038/nature14961	2015	Erratum: Corrigendum: Carbonic anhydrases, EPF2 and a novel protease mediate CO2 control of stomatal development	Nature	Cawas B. Engineer, Majid Ghassemian, Jeffrey C. Anderson, Scott C. Peck, Honghong Hu, Julian I. Schroeder
10.1186/s12864-015-1934-1	2015	Escherichia coli O157:H7 strains harbor at least three distinct sequence types of Shiga toxin 2a-converting phages	BMC Genomics	Shuang Yin, Brigida A. Rusconi, Fatemeh Sanjar, Kakolie Goswami, Lingzi Xiaoli, Mark Eppinger, Edward G. Dudley
10.5194/bgd-12-13819-2015	2015	Estimation of microbial metabolism and co-occurrence patterns in fracture groundwaters of deep crystalline bedrock at Olkiluoto, Finland		Malin Bomberg, Tiina Lamminmäki, Merja Itävaara
10.1073/pnas.1510461112	2015	Evidence for extensive horizontal gene transfer from the draft genome of a tardigrade	Proceedings of the National Academy of Sciences	Thomas E. Boothby, Jennifer R. Tenlen, Frank W. Smith, Jeremy Wang, Kiera A. Patanella, Erin Osborne Nishimura, Sophia Tintori, Qing Li, Corbin D. Jones, Mark D. Yandell, David N. Messina, Jarret I Glasscock, Bob Goldstein
10.1111/ede.12108	2015	Evolution of gamete attraction molecules: evidence for purifying selection in speract and its receptor, in the pantropical sea urchin Diadema	Evolution & Development	Santosh Jagadeeshan, Simon E. Coppard, Harilaos A Lessios
10.1186/s12862-015-0437-7	2015	Evolution of the unspliced transcriptome	BMC Evolutionary Biology	Jan Engelhardt, Peter Florian Stadler
10.1038/tpj.2015.9	2015	Exome sequencing and array-based comparative genomic hybridisation analysis of preferential 6-methylmercaptopurine producers	The Pharmacogenomics Journal	Eng Wee Chua, Simone L. Cree, Murray L. Barclay, Kit Doudney, Klaus Lehnert, Alan Aitchison, Martin Alexander Kennedy
10.1038/srep16473	2015	Exome sequencing reveals a high genetic heterogeneity on familial Hirschsprung disease	Scientific Reports	Berta Luzón‐Toro, Hongsheng Gui, Macarena Ruiz‐Ferrer, Clara Sze-Man Tang, Raquel Fernandez, Pak-Chung Sham, Ana Torroglosa, Paul Kwong‐Hang Tam, Laura Espino‐Paisán, Stacey Shawn Cherny, Marta Bleda, María del Valle Enguix-Riego, Joaquı́n Dopazo, Guillermo Antiñolo, María-Mercé García-Barceló, Salu
10.1186/s13062-015-0071-8	2015	Experiences with workflows for automating data-intensive bioinformatics	Biology Direct	Ola Spjuth, Erik Bongcam‐Rudloff, Guillermo Carrasco Hernández, Lukas Forer, Mario Giovacchini, Roman Valls Guimerà, Aleksi Kallio, Eija Korpelainen, Maciej M. Kańduła, Milko Krachunov, David Philip Kreil, Ognyan Kulev, Paweł Piotr Łabaj, Samuel Lampa, Luca Pireddu, Sebastian G. Schönherr, Alexey Si
10.1007/s10482-015-0459-6	2015	Exploring the sheep rumen microbiome for carbohydrate-active enzymes	Antonie van Leeuwenhoek	Lucas Dantas Lopes, André Oliveira de Souza Lima, Rodrigo Gouvêa Taketani, Phillip Darias, Lília Raquel Fé da Silva, Emiliana Manesco Romagnoli, Hélder Louvandini, Adibe Luiz Abdalla, Rodrigo Mendes
10.18632/oncotarget.5539	2015	Expression of young HERV-H loci in the course of colorectal carcinoma and correlation with molecular subtypes	Oncotarget	Philippe Pérot, Christina Susanne Mullins, Magali Naville, Cédric Bressan, Maja Hühns, Michael C. Gock, Florian Kühn, Jean‐Nicolas Volff, Veronique N. Trillet-Lenoir, Michael Linnebacher, François Mallet
10.1002/cpe.3540	2015	FACE‐IT: A science gateway for food security research	Concurrency and Computation Practice and Experience	Raffaele Montella, David J. A. Kelly, Wei Xiong, Alison Brizius, Joshua Elliott, Ravi Madduri, Ketan C. Maheshwari, Cheryl H. Porter, Peter Vilter, Michael Wilde, Meng Zhang, Ian T Foster
10.1038/mtna.2015.4	2015	FASTAptamer: A Bioinformatic Toolkit for High-throughput Sequence Analysis of Combinatorial Selections	Molecular Therapy — Nucleic Acids	Khalid K. Alam, Jonathan L. Chang, Donald H. Burke
10.11606/t.42.2015.tde-03062015-163649	2015	Fatores de transcrição no desenvolvimento inicial do tubo neural posterior.		Felipe Monteleone Vieceli
10.1109/bibm.2015.7359834	2015	Finding function in the unknown		Kelly Boyd, Emma Highland, Amanda Misch, Amber Hu, Sushma Reddy, Catherine Putonti
10.1002/cpe.3505	2015	FireWorks: a dynamic workflow system designed for high‐throughput applications	Concurrency and Computation Practice and Experience	Anubhav Jain, Shyue Ping Ong, Wei Chen, Bharat Medasani, Xiaohui Qu, Michael Kocher, Miriam Brafman, Guido Petretto, Gian‐Marco Rignanese, Geoffroy Hautier, Dan Gunter, Kristin Aslaug Persson
10.1515/dna-2015-0019	2015	Fishing for barcodes in the Torrent: from COI to complete mitogenomes on NGS platforms	DNA Barcodes	Damien Daniel Hinsinger, Régis Debruyne, Maeva Thomas, Gaël P.J. Denys, Marion I. Mennesson, Jose Utage, Agnès Dettaı̈
10.3389/fpsyg.2015.01098	2015	Four broad temperament dimensions: description, convergent validation correlations, and comparison with the Big Five	Frontiers in Psychology	Helen Fisher, Heide D. Island, Jonathan Rich, Daniel Marchalik, Lucy L. Brown
10.1371/journal.pone.0124671	2015	From Benchtop to Desktop: Important Considerations when Designing Amplicon Sequencing Workflows	PLoS ONE	Dáithí C. Murray, Megan L. Coghlan, Michael F. Bunce
10.1016/b978-0-12-803697-6.00007-2	2015	From Big Data Analytics and Network Inference to Systems Modeling	Elsevier eBooks	Pawel Michalak, Bruno Sobral, Vida Abedi, Young Bun Kim, Xinwei Deng, Casandra Washington Philipson, Monica Viladomiu, Pinyi Lu, Katherine V. Wendelsdorf, Raquel Hontecillas, Josep Bassaganya‐Riera
10.1371/journal.pone.0127612	2015	From Peer-Reviewed to Peer-Reproduced in Scholarly Publishing: The Complementary Roles of Data Models and Workflows in Bioinformatics	PLoS ONE	Alejandra N Gonzalez-Beltran, Peter Li, Jun Zhao, María Susana Ávila-García, Marco C. Roos, Mark A Thompson, Eelke van der Horst, Rajaram Kaliyaperumal, Ruibang Luo, TL Lee, Tak‐Wah Lam, Scott Edmunds, Susanna‐Assunta Sansone, Philippe Rocca‐Serra
10.1093/bioinformatics/btv721	2015	FuMa: reporting overlap in RNA-seq detected fusion genes	Bioinformatics	Youri Hoogstrate, René Böttcher, Saskia Hiltemann, Peter J. van der Spek, Guido W Jenster, Andrew Stubbs
10.1186/s12859-015-0509-0	2015	Fully automated pipeline for detection of sex linked genes using RNA-Seq data	BMC Bioinformatics	Monika Michalovová, Zdeněk Kubát, Roman Hobza, Boris Vyskot, Eduard Kejnovský
10.1186/s12864-015-1306-x	2015	Functional analysis of C1 family cysteine peptidases in the larval gut of Тenebrio molitor and Tribolium castaneum	BMC Genomics	Alexander Martynov, Elena N. Elpidina, Lindsey Perkin, Brenda Oppert
10.1073/pnas.1505569112	2015	Functional and mechanistic studies of XPC DNA-repair complex as transcriptional coactivator in embryonic stem cells	Proceedings of the National Academy of Sciences	Claudia Cattoglio, Elisa Zhang, Ivan Grubisic, Kunitoshi Chiba, Yick W. Fong, Robert Tjian
10.1111/ina.12261	2015	Fungal compositions and diversities on indoor surfaces with visible mold growths in residential buildings in the Seoul Capital Area of South Korea	Indoor Air	C. An, Naomichi Yamamoto
10.1074/mcp.o115.048777	2015	Galaxy Integrated Omics: Web-based Standards-Compliant Workflows for Proteomics Informed by Transcriptomics*	Molecular & Cellular Proteomics	Jun Fan, Shyamasree Saha, Gary Barker, Kate J. Heesom, Fawaz Ghali, Andrew R. Jones, David A. Matthews, Conrad Bessant
10.1186/s12920-016-0166-9	2015	Gene expression profiling in necrotizing enterocolitis reveals pathways common to those reported in Crohn’s disease	BMC Medical Genomics	Eric A. Tremblay, Marie‐Pier Thibault, Emanuela Ferretti, Corentin Babakissa, Valérie Bertelle, Marcos Bettolli, Karolina Maria Burghardt, Jean-François Colombani, David Grynspan, Emile H. Levy, Peng Lü, Sandeep K. Mayer, Daniel Ménard, O. Mouterde, Ingrid B. Renes, Ernest Gerald Seidman, Jean‐Franç
10.1128/9781555818821.ch2.4.5	2015	Generation and Analysis of Microbial Metatranscriptomes	ASM Press eBooks	Neha Sarode, Darren J. Parris, Sangita Ganesh, Sherry L. Seston, Frank J. Stewart
10.1038/ncomms8978	2015	Generation of a synthetic GlcNAcylated nucleosome reveals regulation of stability by H2A-Thr101 GlcNAcylation	Nature Communications	Lukas Lercher, Ritu Raj, Nisha A. Patel, Joshua M. J. Price, Shabaz Mohammed, Carol V. Robinson, Christopher John Schofield, Benjamin G. Davis
10.1007/s10482-015-0548-6	2015	Genes related to antioxidant metabolism are involved in Methylobacterium mesophilicum-soybean interaction	Antonie van Leeuwenhoek	Welington Luiz Araújo, Daiene Souza Santos, Francisco Dini‐Andreote, Jennifer Katherine Salgueiro-Londoño, Aline Aparecida Camargo-Neves, Fernando Dini Andreote, Manuella Nóbrega Dourado
10.1093/bioinformatics/btv048	2015	GenoMetric Query Language: a novel approach to large-scale genomic data management	Bioinformatics	Marco Masseroli, Pietro Pinoli, Francesco Venco, Abdulrahman Kaitoua, Vahid Jalili, Fernando Palluzzi, Heiko Müller, Stefano Ceri
10.1128/genomea.00446-15	2015	Genome Sequence of Bacillus thuringiensis Strain Btm27, an Egyptian Isolate Highly Toxic to Cotton Leafworm	Genome Announcements	Brigida A. Rusconi, Yue Chen, Sara S. K. Koenig, Ehab R. El‐Helow, Mark Eppinger
10.1371/journal.pgen.1005337	2015	Genome Wide Binding Site Analysis Reveals Transcriptional Coactivation of Cytokinin-Responsive Genes by DELLA Proteins	PLoS Genetics	Nora Marín‐de la Rosa, Anne Pfeiffer, Kristine Hill, Antonella Locascio, Rishikesh P. Bhalerao, Pál Miskolczi, Anne Lentz Grønlund, Aakriti Wanchoo‐Kohli, Stephen G. Thomas, Malcolm John Bennett, Jan U. Lohmann, Miguel Á. Blázquez, David Alabadı́
10.2807/1560-7917.es2015.20.20.21131	2015	Genome sequence analysis of Ebola virus in clinical samples from three British healthcare workers, August 2014 to March 2015	Eurosurveillance	A. L. Bell, Kuiama S. Lewandowski, Richard E. Myers, David Wooldridge, Emma Aarons, Andrew J. H. Simpson, Richard T. Vipond, Michelle M. J. Jacobs, Saheer E. Gharbia, Maria Cristina Fleischmann Alves Zambon
10.1105/tpc.114.133991	2015	Genome-Wide Analysis of Alternative Splicing Landscapes Modulated during Plant-Virus Interactions in Brachypodium distachyon	The Plant Cell	Kranthi Kiran Mandadi, Karen‐Beth G. Scholthof
10.3389/fpls.2015.01124	2015	Genome-Wide Transcriptional Profiling and Metabolic Analysis Uncover Multiple Molecular Responses of the Grass Species Lolium perenne Under Low-Intensity Xenobiotic Stress	Frontiers in Plant Science	Anne‐Antonella Serra, Ivan Couée, David Heijnen, Sophie Michon-Coudouel, Cécile Sulmon, Gwenola Gouesbet
10.1186/s12864-015-1303-0	2015	Genome-wide comparison of PU.1 and Spi-B binding sites in a mouse B lymphoma cell line	BMC Genomics	Lauren A. Solomon, Stephen K. H. Li, Jan Piskorz, Li Xu, Rodney P. DeKoter
10.18632/oncotarget.6282	2015	Genome-wide endogenous DAF-16/FOXO recruitment dynamics during lowered insulin signalling inC. elegans	Oncotarget	Neeraj Kumar, Vaibhav Jain, Anupama Singh, Urmila Jagtap, Sonia Verma, Arnab Mukhopadhyay
10.1093/nar/gku1377	2015	Genome-wide features of neuroendocrine regulation in Drosophila by the basic helix-loop-helix transcription factor DIMMED	Nucleic Acids Research	Tarik Hadžić, Dongkook Park, Katharine Compton Abruzzi, Lin Yang, Jennifer S. Trigg, Remo Rohs, Michael Rosbash, Paul H. Taghert
10.1186/s12870-015-0499-0	2015	Genome-wide mapping of histone H3 lysine 4 trimethylation in Eucalyptus grandis developing xylem	BMC Plant Biology	Steven G. Hussey, Eshchar Mizrachi, Andrew T. Groover, Dave Kenneth Berger, Alexander Andrew Myburg
10.1038/nprot.2015.064	2015	Genome-wide profiling of in vivo RNA structure at single-nucleotide resolution using structure-seq	Nature Protocols	Yiliang Ding, Chun Kit Kwok, Yin Tang, Philip C. Bevilacqua, Sarah M. Assmann
10.1371/journal.pone.0140829	2015	Genomics Virtual Laboratory: A Practical Bioinformatics Workbench for the Cloud	PLoS ONE	Enis Afgan, Clare Sloggett, Nuwan Goonasekera, Igor V. Makunin, Derek Benson, Mark L. Crowe, Simon L. Gladman, Yousef Kowsar, Michael Pheasant, Ron Horst, Andrew J. Lonie
10.1016/j.cofs.2015.06.002	2015	Genomics tools in microbial food safety	Current Opinion in Food Science	Matthew J. Stasiewicz, Henk C. den Bakker, Martin Wiedmann
10.1093/database/bav044	2015	GermlncRNA: a unique catalogue of long non-coding RNAs and associated regulations in male germ cell development	Database	Alfred Chun Sui Luk, Huan Gao, S. Xiao, Jiayuan Liao, Dan Wang, Jiajie Tu, Owen M. Rennert, Wai‐Yee Chan, TL Lee
10.1128/iai.02918-14	2015	Global Analysis of Posttranscriptional Regulation by GlmY and GlmZ in Enterohemorrhagic Escherichia coli O157:H7	Infection and Immunity	Charley C. Gruber, Vanessa Sperandio
10.1371/journal.pntd.0003975	2015	Global Gene Expression Profiling through the Complete Life Cycle of Trypanosoma vivax	PLoS neglected tropical diseases	Andrew P. Jackson, Sophie Goyard, Dong Xia, Bernardo Javier Foth, Mandy J Sanders, Jonathan M. Wastling, Paola Marcella Camargo Minoprio, Matthew Berriman
10.1111/imm.12514	2015	Guanine polynucleotides are self‐antigens for human natural autoantibodies and are significantly reduced in the human genome	Immunology	Ittai Fattal, Noam Shental, Shifra Ben‐Dor, Yair Molad, Armando Gabrielli, Elisheva Pokroy‐Shapira, Shirly Oren, Avi Livneh, Pnina Langevitz, Gisele Zandman‐Goddard, Ofer Sarig, Raanan Margalit, Uzi Gafter, Eytan Domany, Irun R. Cohen
10.2337/dc14-2490	2015	Gut Virome Sequencing in Children With Early Islet Autoimmunity	Diabetes Care	Lenka Kramná, Kateřina Kolářová, Sami Oikarinen, Juha‐Pekka Pursiheimo, Jorma Ilonen, Olli Simell, Mikael Knip, Riitta Veijola, Heikki Hyöty, Ondřej Cinek
10.3389/fmicb.2015.00716	2015	H2O2 production rate in Lactobacillus johnsonii is modulated via the interplay of a heterodimeric flavin oxidoreductase with a soluble 28 Kd PAS domain containing protein	Frontiers in Microbiology	Ricardo B. Valladares, Christina L. Graves, Kaitlyn Wright, Christopher L. Gardner, Graciela L. Lorca, Claudio F. González
10.1093/bioinformatics/btv522	2015	Hammock: a hidden Markov model-based peptide clustering algorithm to identify protein-interaction consensus motifs in large datasets	Bioinformatics	Adam Krejčí, Ted R. Hupp, Matej Lexa, Bořivoj Vojtěšek, Petr Müller
10.1017/cbo9781107337459.015	2015	Haplotypes of CpG-related SNPs and associations with DNA methylation patterns	Cambridge University Press eBooks	Yiyi Ma, Caren E. Smith, Yu‐Chi Lee, Laurence D. Parnell, Chao‐Qiang Lai, José María Ordovás
10.1007/s10577-015-9480-x	2015	Helitrons shaping the genomic architecture of Drosophila: enrichment of DINE-TR1 in α- and β-heterochromatin, satellite DNA emergence, and piRNA expression	Chromosome Research	Guilherme Borges Dias, Pedro Heringer, Marta Svartman, Gustavo C. S. Kuhn
10.1016/j.cell.2015.02.025	2015	Hepatitis C Virus RNA Functionally Sequesters miR-122	Cell	Joseph M. Luna, Troels K. H. Scheel, Tal Danino, Katharina S. Shaw, Aldo Mele, John J. Fak, Eiko Nishiuchi, Constantin N. Takacs, Maria Teresa Catanese, Ype P. de Jong, Ira M. Jacobson, Charles M. Rice, Robert B. Darnell
10.1186/s12870-015-0520-7	2015	Heterologous expression and transcript analysis of gibberellin biosynthetic genes of grasses reveals novel functionality in the GA3ox family	BMC Plant Biology	Stephen P. Pearce, Alison K. Huttly, Ian M. Prosser, Yidan Li, Simon P. Vaughan, Barbora Gallova, Archana Patil, Jane A. Coghill, Jorge Dubcovsky, Peter Hedden, Andrew L. Phillips
	2015	High Performance Computing as a Service in the Cloud Using Software-Defined Networking	OhioLink ETD Center (Ohio Library and Information Network)	Saba Jamaliannasrabadi
10.1111/cea.12522	2015	High level of fecal calprotectin at age 2 months as a marker of intestinal inflammation predicts atopic dermatitis and asthma by age 6	Clinical & Experimental Allergy	Laura Orivuori, Kirsi Mustonen, Marcus C. de Goffau, S. Hakala, Monika Paasela, Caroline Roduit, J.‐C. Dalphin, Jon Genuneit, Roger P. Lauener, Josef Riedler, Juliane Weber, Erika von Mutius, Juha Pekkanen, Hermie J. M. Harmsen, Outi Vaarala, the PASTURE Study Group
10.1534/g3.115.021451	2015	High-Throughput Cloning of Temperature-Sensitive Caenorhabditis elegans Mutants with Adult Syncytial Germline Membrane Architecture Defects	G3 Genes Genomes Genetics	Josh Lowry, John Yochem, Chien-Hui Chuang, Kenji Sugioka, Amy A. Connolly, Bruce A. Bowerman
10.1111/tpj.13078	2015	Highly efficient heritable plant genome engineering using Cas9 orthologues from Streptococcus thermophilus and Staphylococcus aureus	The Plant Journal	Jeannette Steinert, Simon Schiml, Friedrich Fauser, Holger Puchta
10.1128/mcb.01413-14	2015	Histone Methyltransferase Setd8 Represses Gata2 Expression and Regulates Erythroid Maturation	Molecular and Cellular Biology	Jeffrey T. Malik, Michael R. Getman, Laurie A. Steiner
10.1016/j.devcel.2014.12.024	2015	Hoxa2 Selectively Enhances Meis Binding to Change a Branchial Arch Ground State	Developmental Cell	Shilu Amin, Ian J. Donaldson, Denise A. Zannino, James J. Hensman, Magnus Rattray, Marta Losa, François Spitz, Franck Ladam, Charles G. Sagerström, Nicoletta Bobola
10.1021/acs.jproteome.5b00817	2015	Human Proteomic Variation Revealed by Combining RNA-Seq Proteogenomics and Global Post-Translational Modification (G-PTM) Search Strategy	Journal of Proteome Research	Anthony J. Cesnik, Michael R. Shortreed, Gloria Sheynkman, Brian L. Frey, Lloyd M. Smith
10.1073/pnas.1516645112	2015	Human pluripotent stem cell-derived neural constructs for predicting neural toxicity	Proceedings of the National Academy of Sciences	Michael P. Schwartz, Zhonggang Hou, Nicholas E. Propson, Jue Zhang, Collin J. Engstrom, Vı́tor Santos Costa, Peng Jiang, Bao Kim Nguyen, Jennifer M. Bolin, William T. Daly, Yu Wang, Ron M. Stewart, C. David Page, William L. Murphy, James Alexander Thomson
10.1016/j.cub.2015.01.041	2015	Human-Chimpanzee Differences in a FZD8 Enhancer Alter Cell-Cycle Dynamics in the Developing Neocortex	Current Biology	J. Lomax Boyd, Stephanie L. Skove, Jeremy P. Rouanet, Louis‐Jan Pilaz, Tristan Bepler, Raluca Gordân, Gregory A. Wray, Debra L. Silver
10.1016/j.future.2015.08.015	2015	HyperFlow: A model of computation, programming approach and enactment engine for complex distributed workflows	Future Generation Computer Systems	Bartosz Baliś
10.1186/s12864-015-1480-x	2015	Identification and characterization of rye genes not expressed in allohexaploid triticale	BMC Genomics	Hala Badr Khalil, Mohammad-Reza Ehdaeivand, Yong Xu, André Laroche, Patrick J. Gulick
10.4236/abc.2015.52008	2015	Identification of CAR/RXRα Hetero-dimer Binding Sites in the Human Genome by a Modified Yeast One-Hybrid Assay	Advances in Biological Chemistry	Kenta Hosoda, Yuichiro Kanno, Masashi Sato, Jun Inajima, Yoshio Inouye, Kazuyuki Yanai
10.1371/journal.pone.0134377	2015	Identification of Habitat-Specific Biomes of Aquatic Fungal Communities Using a Comprehensive Nearly Full-Length 18S rRNA Dataset Enriched with Contextual Data	PLoS ONE	Katrin Panzer, Pelin Yilmaz, Michael A. Weiss, Lothar “Luther” Reich, Michael Richter, Jutta Wiese, Rolf Schmaljohann, Antje Labes, Johannes F. Imhoff, Frank Oliver Glöckner, Marlis Reich
10.3109/19401736.2015.1063137	2015	Identification of a new marine algal species Pyropia nitida sp. nov. (Bangiales: Rhodophyta) from Monterey, California	Mitochondrial DNA Part A	Leeanne K. Harden, Karina M. Morales, Jeffery R. Hughey
10.14288/1.0165777	2015	Identification of cytokine induced changes to the pancreatic islet epigenome	cIRcle (University of British Columbia)	Peter Eliol Hurley
10.1111/rda.12590	2015	Identification of mi RNA s in Bovine Endometrium through RNA seq and Prediction of Regulated Pathways	Reproduction in Domestic Animals	SE Palma‐Vera, Soroush Sharbati, Ralf Einspanier
10.1016/j.gdata.2015.05.033	2015	Identification of sRNA interacting with a transcript of interest using MS2-affinity purification coupled with RNA sequencing (MAPS) technology	Genomics Data	David Lalaouna, Éric Massé
10.1186/s13073-015-0245-0	2015	Immunoinformatics and epitope prediction in the age of genomic medicine	Genome Medicine	Linus Backert, Oliver Kohlbacher
10.1186/s13059-015-0774-2	2015	Impact of flanking chromosomal sequences on localization and silencing by the human non-coding RNA XIST	Genome biology	Angela D. Kelsey, Christine Yang, Danny Leung, Jakub Minks, Thomas Dixon-McDougall, Sarah E.L. Baldry, Aaron Bogutz, Louis Lefebvre, Carolyn J. Brown
10.1109/iwsg.2015.19	2015	Importing neuGRID Workflows in VIP		Nouha Boujelben, Tristan Glatard
10.1038/ncomms8921	2015	Improved binding site assignment by high-resolution mapping of RNA–protein interactions using iCLIP	Nature Communications	Christian Hauer, Tomaž Curk, Simon Anders, Thomas Schwarzl, Anne-Marie Alleaume, Jana Sieber, Ina Hollerer, Madhuri Bhuvanagiri, Wolfgang K. Huber, Matthias W. Hentze, Andreas E. Kulozik
10.1007/978-1-4939-2690-9_20	2015	In Silico HLA Typing Using Standard RNA-Seq Sequence Reads	Methods in molecular biology	Sebastian Boegel, Jelle Scholtalbers, Martin Löwer, Uğur Şahin, John C. Castle
10.1371/journal.pone.0122635	2015	Influence of a Non-Hospital Medical Care Facility on Antimicrobial Resistance in Wastewater	PLoS ONE	Mathias Bäumlisberger, Loubna Youssar, Markus B. Schilhabel, Daniel E Jonas
10.1007/978-3-319-24235-4_6	2015	Insect Regulatory Genomics	Entomology in focus	Kushal Suryamohan, Marc S. Halfon
10.1109/cloud.2015.25	2015	Instrumentation and Trace Analysis for Ad-Hoc Python Workflows in Cloud Environments		Ruben Acuña, Zoé Lacroix, Rida A. Bazzi
10.1101/026351	2015	Integrated Genome Browser: visual analytics platform for genomics	bioRxiv (Cold Spring Harbor Laboratory)	Nowlan H. Freese, David C. Norris, Ann E. Loraine
10.1109/pdp.2015.106	2015	Integrating Data-Intensive Computing Systems with Biological Data Analysis Frameworks		Edvard Pedersen, Inge Alexander Raknes, Martin Ernstsen, Lars Ailo Bongo
10.1109/cisti.2015.7170530	2015	Integration-as-a-service for bioinformatics		Pedro Henrique de Meneses Bittencourt Lopes, José Luís Oliveira
10.25148/etd.fidc000082	2015	Investigating the Driving Mechanisms Behind Differences in Bleaching and Disease Susceptibility Between Two Scleractinian Corals, Pseudodiploria Strigosa and Diploria Labyrinthiformis		Zoe A. Pratte
10.1016/j.diagmicrobio.2015.12.019	2015	Investigation of a suspected nosocomial transmission of blaKPC3-mediated carbapenem-resistant Klebsiella pneumoniae by whole genome sequencing	Diagnostic Microbiology and Infectious Disease	Shangxin Yang, Peera Hemarajata, Janet A. Hindler, Kevin W. Ward, Helty Adisetiyo, Fan Li, Grace M. Aldrovandi, Nicole M. Green, Dana Russell, Zachary Rubin, Romney M. Humphries
10.48550/arxiv.1501.06907	2015	JMS: A workflow management system and web-based cluster front-end for the Torque resource manager	arXiv (Cornell University)	David K. Brown, Thommas Mutemi Musyoka, David L. Penkler, Özlem Taştan Bishop
10.1371/journal.pone.0134273	2015	JMS: An Open Source Workflow Management System and Web-Based Cluster Front-End for High Performance Computing	PLoS ONE	David K. Brown, David L. Penkler, Thommas Mutemi Musyoka, Özlem Taştan Bishop
10.1145/2792745.2792774	2015	Jetstream		Craig A. Stewart, George W. Turner, Matthew W. Vaughn, Niall I. Gaffney, Timothy M. Cockerill, Ian T Foster, David Y. Hancock, Nirav C. Merchant, Edwin J. Skidmore, Dan Stanzione, James Taylor, Steven Tuecke
10.1093/bioinformatics/btv589	2015	Jflow: a workflow management system for web applications	Bioinformatics	Jérôme Mariette, Fréderic Escudié, Philippe Bardou, Ibouniyamine Nabihoudine, Céline Noirot, Marie-Stéphane Trotard, Christine Gaspin, Christophe Klopp
	2015	Knockout of the glutamate transporter GLT-1 specifically from neurons drastically alters transcriptome profiles in CA3, CA1, and Striatum	DSpace@MIT (Massachusetts Institute of Technology)	Alexander Cory Wright Houston
10.1093/jamia/ocv090	2015	KnowEnG: a knowledge engine for genomics	Journal of the American Medical Informatics Association	Saurabh Sinha, Jun S. Song, Richard Weinshilboum, C. Victor Jongeneel, Jiawei Han
10.1145/2828612.2828622	2015	Lessons Learned from Building In Situ Coupling Frameworks		Matthieu Dorier, Matthieu Dreher, Tom Peterka, Justin M. Wozniak, Gabriel Antoniu, Bruno Raffin
10.2174/1386207318666150305123341	2015	LiSIs: An Online Scientific Workflow System for Virtual Screening	Combinatorial Chemistry & High Throughput Screening	Christos C. Kannas, Ioanna Kalvari, George Lambrinidis, Christiana Michael Neophytou, Christiana Savva, Ioannis Kirmitzoglou, Zinonas C. Antoniou, K. G. Achilleos, David B. Scherf, Chara A. Pitta, Christos A. Nicolaou, Emmanuel Mikros, Vasilis J. Promponas, Clarissa Gerhäuser, Rajendra G. Mehta, And
10.1007/978-1-4939-2842-2_1	2015	Library Construction for Mutation Identification by Whole-Genome Sequencing	Methods in molecular biology	Harold E. Smith
10.1016/j.pedobi.2015.12.002	2015	Long-term chronological shifts in bacterial communities and hydrolytic extracellular enzyme activities in the forty years following a land-use change from upland fields to paddy fields	Pedobiologia	Nan Jiang, Kai Wei, Lijun Chen
10.1007/978-1-4939-2754-8_11	2015	Mammalian Genome Plasticity: Expression Analysis of Transposable Elements	Neuromethods	Brian B. Griffiths, Richard G Hunter
10.1109/escience.2015.72	2015	Managing Complexity in Distributed Data Life Cycles Enhancing Scientific Discovery		Richard Grunzke, Alvaro Aguilera, Wolfgang E. Nagel, Jens Krüger, Sonja Herres‐Pawlis, Alexander Hoffmann, Sandra Gesing
10.1002/0471142727.mb2131s110	2015	Mapping Regulatory Factors by Immunoprecipitation from Native Chromatin	Current Protocols in Molecular Biology	Guillermo A. Orsi, Sivakanthan Kasinathan, Gabriel E. Zentner, Steven Henikoff, Kami Ahmad
10.1186/s12864-015-2248-z	2015	Mapping the CgrA regulon of Rhodospirillum centenum reveals a hierarchal network controlling Gram-negative cyst development	BMC Genomics	Qian Dong, Mingxu Fang, Sugata Roychowdhury, Carl E. Bauer
10.1101/013615	2015	Merging OpenLifeData with SADI services using Galaxy and Docker	bioRxiv (Cold Spring Harbor Laboratory)	Mikel Egaña Aranguren
	2015	Merging OpenLifeData with SADI services using Galaxy and Docker		Mikel Ega
10.1104/pp.15.00764	2015	Meta-Analysis of Arabidopsis KANADI1 Direct Target Genes Identifies a Basic Growth-Promoting Module Acting Upstream of Hormonal Signaling Pathways	PLANT PHYSIOLOGY	Yakun Xie, Daniel Straub, Tenai Eguen, Ronny Brandt, Mark Lloyd Stahl, Jaime F. Martínez‐García, Stephan Wenkel
10.12688/f1000research.6139.1	2015	MetaGenSense : A web application for analysis and visualization of high throughput sequencing metagenomic data	F1000Research	Damien Correia, Olivia Doppelt‐Azeroual, Jean-Baptiste Denis, Mathias Vandenbogaert, Valérie Caro
10.1021/acs.est.5b01633	2015	Metagenomic Investigation of Viral Communities in Ballast Water	Environmental Science & Technology	Yiseul Kim, Tiong Gim Aw, Tracy K. Teal, Joan B. Rose
10.1201/b18649-10	2015	Metagenomic Profiling of Antibiotic Resistance Genes and Mobile Genetic Elements in a Tannery Wastewater Treatment Plant	Apple Academic Press eBooks	Zhu Wang, Xuxiang Zhang, Kailong Huang, Yu Miao, Peng Shi, Bo Liu, Chao Long, Aimin Li
10.4137/bbi.s12462	2015	Metagenomics: Tools and Insights for Analyzing Next-Generation Sequencing Data Derived from Biodiversity Studies	Bioinformatics and Biology Insights	Anastasis Oulas, Christina Pavloudi, Paraskevi Polymenakou, Georgios A. Pavlopoulos, Nikolas Papanikolaou, Georgios Kotoulas, Christos Arvanitidis, loannis Iliopoulos
10.1002/pmic.201500074	2015	Metaproteomic analysis using the Galaxy framework	PROTEOMICS	Pratik Jagtap, Alan Blakely, Kevin J. Murray, Shaun M. Stewart, Joel A. Kooren, James E. Johnson, Nelson L. Rhodus, Joel D. Rudney, Timothy J. Griffin
10.1371/journal.pone.0142603	2015	Methanosarcina Play an Important Role in Anaerobic Co-Digestion of the Seaweed Ulva lactuca: Taxonomy and Predicted Metabolism of Functional Microbial Communities	PLoS ONE	Jamie A. FitzGerald, Eoin Allen, David M. Wall, Stephen A. Jackson, Jerry D. Murphy, Alan D. W. Dobson
10.1007/7651_2015_238	2015	Methods and Techniques for miRNA Data Analysis	Methods in molecular biology	Francesca Cristiano, Pierangelo Veltri
10.4109/jslab.26.193	2015	Methods for analyzing next-generation sequencing data V. assembly, mapping, and quality control	Japanese Journal of Lactic Acid Bacteria	Jianqiang Sun, Kentaro K. Shimizu, Koji Kadota
10.2174/2211536604666150131125805	2015	Methylated MicroRNA Genes of the Developing Murine Palate	MicroRNA	Ratnam S. Seelan, Partha Mukhopadhyay, Dennis Ray Warner, Savitri N. Appana, Guy Nathaniel Brock, Marina Pisano, Robert M. Greene
10.1101/034322	2015	Methylome analysis reveals dysregulated developmental and viral pathways in breast cancer	bioRxiv (Cold Spring Harbor Laboratory)	Mohammed OE Abdallah, Ubai K. Algizouli, Maram A. Suliman, Rawya Abdulaziz Abdulrahman, Mahmoud Koko, Ghimja Fessahaye, Jamal Haleem Shakir, Ahmed Hassan Fahal, A.M. El-Hassan, Muntaser Eltayeb Ibrahim, Hiba Salah Mohamed
10.1093/database/bav080	2015	MicRhoDE: a curated database for the analysis of microbial rhodopsin diversity and evolution	Database	Dominique Boeuf, Stéphane Audic, Loraine Brillet-Guéguen, Christophe Caron, Christian Jeanthon
10.1371/journal.pone.0135868	2015	Microbial Communities Can Be Described by Metabolic Structure: A General Framework and Application to a Seasonally Variable, Depth-Stratified Microbial Community from the Coastal West Antarctic Peninsula	PLoS ONE	Jeff S. Bowman, Hugh W. Ducklow
10.1093/bib/bbv034	2015	Microbial bioinformatics for food safety and production	Briefings in Bioinformatics	Wynand B. L. Alkema, Jos Boekhorst, Michiel Wels, Sacha A. F. T. van Hijum
10.1038/ismej.2015.184	2015	Microbiome shifts and the inhibition of quorum sensing by Black Band Disease cyanobacteria	The ISME Journal	Julie L. Meyer, Sarath P. Gunasekera, Raymond M Scott, Valerie Jean Paul, Max Teplitski
10.20868/upm.thesis.39062	2015	Mining Abstractions in Scientific Workows		Daniel Garijo Verdejo
10.1016/j.exger.2015.09.004	2015	Mitochondrial divergence between slow- and fast-aging garter snakes	Experimental Gerontology	Tonia S. Schwartz, Zebulun W. Arendsee, Anne M. Bronikowski
10.48550/arxiv.1503.02974	2015	Modelling Computational Resources for Next Generation Sequencing Bioinformatics Analysis of 16S rRNA Samples	arXiv (Cornell University)	Matthew J. Wade, Thomas Peter Curtis, Russell James Davenport
10.1021/acschemneuro.5b00165	2015	Modulating Molecular Chaperones Improves Mitochondrial Bioenergetics and Decreases the Inflammatory Transcriptome in Diabetic Sensory Neurons	ACS Chemical Neuroscience	Jiacheng Ma, Pan Pan, Mercy Anyika, Brian S. J. Blagg, Rick T. Dobrowsky
10.1007/978-3-319-16304-8_1	2015	Molecular Biology Basics in the “Omics” Era: Genes to Proteins		Carleton T. Garrett
10.1093/hmg/ddv373	2015	Molecular analyses of juvenile granulosa cell tumors bearingAKT1mutations provide insights into tumor biology and therapeutic leads	Human Molecular Genetics	Aurélie Auguste, Laurianne Bessière, Anne‐Laure Todeschini, Sandrine Caburet, Sabine Sarnacki, Jaime Prat, Emanuela D′Angelo, Pierre de la Grange, Olivier Ariste, Frédéric Lemoine, Bérangère Legois, Charles Sultan, Alain Zider, Louise Galmiche, Nicolas Kalfa, Reiner A. Veitia
10.1093/neuonc/nov182	2015	Molecular classification of anaplastic oligodendroglioma using next-generation sequencing: a report of the prospective randomized EORTC Brain Tumor Group 26951 phase III trial	Neuro-Oncology	Hendrikus Jan Dubbink, Peggy N. Atmodimedjo, Johan M. Kros, Pim J. French, Marc Sanson, Ahmed Idbaïh, Pieter Wesseling, Roelien H. Enting, Wim G.M. Spliet, Cees C. Tijssen, Winand N.M. Dinjens, Thierry Gorlia, Martin J. van den Bent
10.1186/s13104-015-1309-3	2015	Molgenis-impute: imputation pipeline in a box	BMC Research Notes	Alexandros Kanterakis, Patrick Deelen, Freerk van Dijk, Heorhiy Byelas, Martijn Dijkstra, Morris A. Swertz
10.1214/14-sts484	2015	Monte Carlo Null Models for Genomic Data	Statistical Science	Egil Ferkingstad, Lars Holden, Geir Kjetil Sandve
10.1002/dvg.22874	2015	Mouse Genome Database: From sequence to phenotypes and disease models	genesis	Janan T. Eppig, Joel E. Richardson, James A. Kadin, Cynthia L. Smith, Judith A. Blake, Carol J. Bult, the MGD Team
10.1109/iwsg.2015.13	2015	Multi-layer Meta-metaworkflows for the Evaluation of Solvent and Dispersion Effects in Transition Metal Systems Using the MoSGrid Science Gateways		Sonja Herres‐Pawlis, Alexander Hoffmann, Thomas Rösener, Jens Krüger, Richard Grunzke, Sandra Gesing
10.1038/nbt.3134	2015	Multi-omic data analysis using Galaxy	Nature Biotechnology	Jorrit Boekel, John M. Chilton, Ira Cooke, Peter L. Horvatovich, Pratik Jagtap, Lukas Käll, Janne Lehtiö, Pieter Lukasse, Perry D. Moerland, Timothy J. Griffin
10.1109/escience.2015.71	2015	Multidisciplinary Collaboration to Facilitate Hypotheses Generation in Huntington's Disease		Eleni Mina, Mark A Thompson, Kristina Maria Hettne, Willeke van Roon‐Mom, Rajaram Kaliyaperumal, Eelke van der Horst, Katherine Wolstencroft, Barend Mons, Marco C. Roos
10.1016/j.ajhg.2015.01.013	2015	Mutations in the NHEJ Component XRCC4 Cause Primordial Dwarfism	The American Journal of Human Genetics	Jennie Murray, Mirjam van der Burg, Hanna IJspeert, Paula Carroll, Qian Wu, Takashi Ochi, Andrea Leitch, Edward S. Miller, Boris P. Kysela, Alireza Jawad, Armand Bottani, Francesco Brancati, Marco Cappa, Valérie Cormier‐Daire, Charu Deshpande, Eissa Faqeih, Gail E. Graham, Emmanuelle Ranza, Tom L. B
10.1038/srep14552	2015	Mutations in the Plasmodium falciparum chloroquine resistance transporter, PfCRT, enlarge the parasite’s food vacuole and alter drug sensitivities	Scientific Reports	Serena Pulcini, Henry M. Staines, Andrew H. Lee, Sarah H. Shafik, Guillaume Bouyer, Catherine M. Moore, Daniel A. Daley, Matthew J. Hoke, Lindsey M. Altenhofen, Heather J. Painter, Jianbing Mu, David J. P. Ferguson, Manuel Llinás, Rowena E. Martin, David A. Fidock, Roland A. Cooper, Sanjeev Krishna
10.1101/014043	2015	NCBI BLAST + integrated into Galaxy	bioRxiv (Cold Spring Harbor Laboratory)	Peter Cock, John M. Chilton, Björn Andreas Grüning, James E. Johnson, Nicola Soranzo
10.1186/s13742-015-0080-7	2015	NCBI BLAST+ integrated into Galaxy	GigaScience	Peter Cock, John M. Chilton, Björn Andreas Grüning, James E. Johnson, Nicola Soranzo
10.1016/j.ttbdis.2015.02.008	2015	NGS population genetics analyses reveal divergent evolution of a Lyme Borreliosis agent in Europe and Asia	Ticks and Tick-borne Diseases	Fanny Gatzmann, Dirk Metzler, Stefan Krebs, Helmut Blum, Andreas Sing, Ai Takano, Hiroki Kawabata, Volker Fingerle, Gabriele Margos, Noémie S. A. Becker
	2015	National Resources for Computationally Intensive Genomics	IUScholarWorks (Indiana University)	Carrie L. Ganote, Barb Hallock
10.1371/journal.pone.0131166	2015	Needs Assessment for Research Use of High-Throughput Sequencing at a Large Academic Medical Center	PLoS ONE	Albert Geskin, Elizabeth A Legowski, Anish Bhaswanth Chakka, Uma R. Chandran, M. Michael Barmada, William A. LaFramboise, Jeremy M Berg, Rebecca S. Jacobson
10.1104/pp.114.255430	2015	Network of GRAS Transcription Factors Involved in the Control of Arbuscule Development inLotus japonicus	PLANT PHYSIOLOGY	Li Xue, Haitao Cui, Benjamin Buer, Vinod Vijayakumar, Pierre‐Marc Delaux, Stefanie Junkermann, Marcel Bucher
10.1007/978-4-431-55675-6_22	2015	Next Generation Sequencing Enabled Genetics in Hexaploid Wheat		Ricardo Humberto Ramirez-Gonzalez, Vanesa Segovia, Nicholas Bird, Mario Cáccamo, Cristóbal Uauy
10.1201/b18597-6	2015	Next Generation Sequencing and Microbiome Evaluation: Molecular Microbiology and Its Impact on Human Health	Apple Academic Press eBooks	Alfredo Focà, M C Liberto, Nadia Marascio
10.1186/s12881-015-0235-5	2015	Next-generation-based targeted sequencing as an efficient tool for the study of the genetic background in Hirschsprung patients	BMC Medical Genetics	Berta Luzón‐Toro, Laura Espino‐Paisán, Raquel Fernandez, Marta Martín-Sánchez, Guillermo Antiñolo, Salud Borrego
10.1128/mcb.00117-15	2015	Nfkb1 Activation by the E26 Transformation-Specific Transcription Factors PU.1 and Spi-B Promotes Toll-Like Receptor-Mediated Splenic B Cell Proliferation	Molecular and Cellular Biology	Stephen K. H. Li, Ali K. Abbas, Lauren A. Solomon, Gaëlle M. N. Groux, Rodney P. DeKoter
10.1186/s12870-015-0497-2	2015	No evidence for Fabaceae Gametophytic self-incompatibility being determined by Rosaceae, Solanaceae, and Plantaginaceae S-RNase lineage genes	BMC Plant Biology	Bruno Guedes Alcoforado Aguiar, Jorge Vieira, Ana Cunha, Cristina P. Vieira
10.1093/bioinformatics/btv061	2015	Omics Pipe: a community-based framework for reproducible multi-omics data analysis	Bioinformatics	Kathleen M. Fisch, Tobias Meißner, Louis Gioia, Jean-Christophe Ducom, Tristan M. Carland, Salvatore Loguercio, Andrew I. Su
10.2147/ott.s71242	2015	Oncogenic mutation profiling in new lung cancer and mesothelioma cell lines	OncoTargets and Therapy	David Chi-Leung Lam, Susan Yang Luo, Wen Deng, Johnny S‐H Kwan, Jaime Rodriguez‐Canales, Annie Lai-Man Cheung, Grace H.W. Cheng, Chi-Ho Lin, Ignacio Ivan Wistuba, Pak Chung Sham, Thomas S. K. Wan, Sai‐Wah Tsao
10.1101/pdb.top083667	2015	Online Resources for Genomic Analysis Using High-Throughput Sequencing	Cold Spring Harbor Protocols	Daniel Blankenberg, James Taylor, ANTON Y NEKRUTENKO
10.1002/cam4.360	2015	Open pipelines for integrated tumor genome profiles reveal differences between pancreatic cancer tumors and cell lines	Cancer Medicine	Jeremy Goecks, Bassel F. El‐Rayes, Shishir Kumar Maithel, Hanane Khoury, James Taylor, Michael R. Rossi
10.1145/2791347.2791365	2015	OpenAlea		Christophe Pradal, Christian Fournier, Patrick Valduriez, Sarah Cohen‐Boulakia
10.1111/1755-0998.12465	2015	Optimization of next‐generation sequencing transcriptome annotation for species lacking sequenced genomes	Molecular Ecology Resources	Nina Ockendon-Powell, Lauren A. O’Connell, Stephen J. Bush, Jimena Monzón‐Sandoval, Holly E. Barnes, Tamás Székely, Hans A. Hofmann, Steve Dorus, Araxi O. Urrutia
10.1038/nmeth.3252	2015	Orchestrating high-throughput genomic analysis with Bioconductor	Nature Methods	Wolfgang K. Huber, Vincent J. Carey, Robert C. Gentleman, Simon Anders, Marc R. J. Carlson, Benilton S. Carvalho, Héctor Corrada Bravo, Sean R. Davis, Laurent Gatto, Thomas Girke, Raphaël Gottardo, Florian Hahne, Kasper D. Hansen, Rafael A. Irizarry, Michael F. Lawrence, Michael I. Love, James W. Ma
10.1101/gr.188573.114	2015	Organelle DNA rearrangement mapping reveals U-turn-like inversions as a major source of genomic instability in Arabidopsis and humans	Genome Research	Éric Zampini, Étienne Lepage, Samuel Tremblay‐Belzile, Sébastien Truche, Normand Brisson
10.1109/mcse.2015.87	2015	PDACS: A Portal for Data Analysis Services for Cosmological Simulations	Computing in Science & Engineering	Ravi Madduri, Alex C. Rodriguez, Thomas D. Uram, Katrin Heitmann, Tanu Malik, Saba Sehrish, Ryan Chard, Shreyas Cholia, M. Paterno, Jim Kowalkowski, Salman Habib
10.1016/j.procs.2015.05.449	2015	Pairwise Genome Comparison Workflow in the Cloud Using Galaxy	Procedia Computer Science	Óscar Torreño, Michael T. Krieger, Paul Heinzlreiter, Oswaldo Trelles
10.1371/journal.pone.0116829	2015	Parallel Faster-X Evolution of Gene Expression and Protein Sequences in Drosophila: Beyond Differences in Expression Properties and Protein Interactions	PLoS ONE	Ana Llopart
10.1099/vir.0.000080	2015	Parapoxvirus (PPV) of red deer reveals subclinical infection and confirms a unique species	Journal of General Virology	Schirin Friederichs, Stefan Krebs, Helmut Blum, Heike Lang, Mathias Büttner
10.1186/s12859-015-0840-5	2015	Pathosphere.org: pathogen detection and characterization through a web-based, open source informatics platform	BMC Bioinformatics	Andy Kilianski, Patrick Carcel, Shijie Yao, Pierce A. Roth, Josh Schulte, Greg Donarum, Ed Fochler, Jessica M. Hill, Alvin T. Liem, Michael R. Wiley, Jason T. Ladner, Bradley P. Pfeffer, Oliver Elliot, Alexandra Petrosov, Dereje D. Jima, Tyghe G. Vallard, Melanie C. Melendrez, Evan W. Skowronski, Ph
	2015	Pathway Discovery and Characterization for Sesquiterpene and Higher-Molecular Weight Isoprenoids in Basidiomycetes	University of Minnesota Digital Conservancy (University of Minnesota)	Stephen N. Michel
10.7287/peerj.791v0.1/reviews/1	2015	Peer Review #1 of "A reproducible approach to high-throughput biological data acquisition and integration (v0.1)"		
10.7287/peerj.791v0.2/reviews/1	2015	Peer Review #1 of "A reproducible approach to high-throughput biological data acquisition and integration (v0.2)"		
10.7287/peerj.1029v0.1/reviews/1	2015	Peer Review #1 of "Compact graphical representation of phylogenetic data and metadata with GraPhlAn (v0.1)"		
10.7287/peerj.1403v0.1/reviews/1	2015	Peer Review #1 of "Phylogenetic analysis of higher-level relationships within Hydroidolina (Cnidaria: Hydrozoa) using mitochondrial genome data and insight into their mitochondrial transcription (v0.1)"		
10.7287/peerj.1420v0.1/reviews/1	2015	Peer Review #1 of "Swarm v2: highly-scalable and high-resolution amplicon clustering (v0.1)"		
10.7287/peerj.791v0.1/reviews/2	2015	Peer Review #2 of "A reproducible approach to high-throughput biological data acquisition and integration (v0.1)"		
10.7287/peerj.1029v0.1/reviews/2	2015	Peer Review #2 of "Compact graphical representation of phylogenetic data and metadata with GraPhlAn (v0.1)"		
10.7287/peerj.1403v0.1/reviews/2	2015	Peer Review #2 of "Phylogenetic analysis of higher-level relationships within Hydroidolina (Cnidaria: Hydrozoa) using mitochondrial genome data and insight into their mitochondrial transcription (v0.1)"		
10.7287/peerj.1420v0.1/reviews/2	2015	Peer Review #2 of "Swarm v2: highly-scalable and high-resolution amplicon clustering (v0.1)"		
10.7287/peerj.791v0.1/reviews/3	2015	Peer Review #3 of "A reproducible approach to high-throughput biological data acquisition and integration (v0.1)"		
10.7287/peerj.791v0.2/reviews/3	2015	Peer Review #3 of "A reproducible approach to high-throughput biological data acquisition and integration (v0.2)"		
10.1038/nbt.3109	2015	PeptideShaker enables reanalysis of MS-derived proteomics data sets	Nature Biotechnology	Marc Vaudel, Julia Maria Burkhart, René Peiman Zahedi, Eystein Oveland, Frode S. Berven, Albert Sickmann, Lennart Martens, Harald Barsnes
10.1158/1078-0432.ccr-15-0133	2015	Pharmacoethnicity in Paclitaxel-Induced Sensory Peripheral Neuropathy	Clinical Cancer Research	Masaaki Komatsu, Heather E. Wheeler, Suyoun Chung, Siew‐Kee Low, Claudia Wing, Shannon M. Delaney, Lidija K. Gorsic, Atsushi Takahashi, Michiaki Kubo, Deanna L. Kroetz, Wei Yan Zhang, Yusuke Nakamura, M. Eileen Dolan
10.7717/peerj.1403	2015	Phylogenetic analysis of higher-level relationships within Hydroidolina (Cnidaria: Hydrozoa) using mitochondrial genome data and insight into their mitochondrial transcription	PeerJ	Ehsan Kayal, Bastian Bentlage, Paulyn Cartwright, Angel Anne Yanagihara, DHUGAL JOHN LINDSAY, Russell R. Hopcroft, Allen Gilbert Collins
10.1021/acs.jproteome.5b00850	2015	Pladipus Enables Universal Distributed Computing in Proteomics Bioinformatics	Journal of Proteome Research	Kenneth Verheggen, Davy Maddelein, Niels Hulstaert, Lennart Martens, Harald Barsnes, Marc Vaudel
10.1371/journal.ppat.1005152	2015	Porphyromonas gingivalis Type IX Secretion Substrates Are Cleaved and Modified by a Sortase-Like Mechanism	PLoS Pathogens	Dhana G. Gorasia, Paul D. Veith, Dina Chen, Christine A. Seers, H. L. Mitchell, Yu‐Yen Chen, Michelle D. Glew, Stuart G. Dashper, Eric Charles Reynolds
10.1080/21597081.2015.1086500	2015	Pre-early functions of bacteriophage T5 and its relatives	Bacteriophage	John Davison
10.3934/genet.2015.4.263	2015	Pros and cons of HaloPlex enrichment in cancer predisposition genetic diagnosis	Global Medical Genetics	Agnès Collet, Julien Tarabeux, Elodie Girard, Catherine Dubois d’Enghien, Lisa Golmard, Vivien Deshaies, Alban Lermine, Anthony Laugé, Virginie Moncoutier, Cédrick Lefol, F Copigny, Catherine Dehainault, Henrique Tenreiro, Christophe Guy, Khadija Abidallah, Catherine Barbaroux, Étienne Rouleau, Nico
10.1002/mas.21483	2015	Proteogenomics from a bioinformatics angle: A growing field	Mass Spectrometry Reviews	Gerben Menschaert, David Fenyö
10.1371/journal.pone.0130373	2015	Pseudomonas aeruginosa Biofilm Response and Resistance to Cold Atmospheric Pressure Plasma Is Linked to the Redox-Active Molecule Phenazine	PLoS ONE	Anne Mai‐Prochnow, Mark I. Bradbury, Kostya Ostrikov, Anthony Bruce Murphy
10.1038/ncomms9213	2015	RNA regulatory networks diversified through curvature of the PUF protein scaffold	Nature Communications	Daniel Wilinski, Chen Qiu, Christopher P. Lapointe, Markus Nevil, Zachary T. Campbell, Traci M. Tanaka Hall, Marvin Wickens
10.1093/bioinformatics/btv002	2015	RNA-Rocket: an RNA-Seq analysis resource for infectious disease research	Bioinformatics	Andrew S. Warren, Cristina Aurrecoechea, Brian P. Brunk, Prerak Desai, Scott Emrich, Gloria I. Giraldo-Calderón, Omar S. Harb, Deborah Hix, Daniel Lawson, Dustin Machi, Chunhong Mao, Michael McClelland, Eric K. Nordberg, Maulik P. Shukla, Leslie B. Vosshall, Alice Rebecca Wattam, Rebecca Will, Hyun 
10.1109/cisti.2015.7170565	2015	RNA-Seq UD: A bioinformatics plattform for RNA-Seq analysis		Miguel Ramirez, Cristian Alejandro Rojas-Quintero, Nelson Enrique Vera-Parra
10.1038/srep18193	2015	RNA-mediated paternal heredity of diet-induced obesity and metabolic disorders	Scientific Reports	Valérie Grandjean, Sandra Fourré, Diana Andrea Fernandes de Abreu, Marie‐Alix Derieppe, Jean‐Jacques Rémy, Minoo Rassoulzadegan
10.1093/nar/gkv362	2015	RSAT 2015: Regulatory Sequence Analysis Tools	Nucleic Acids Research	Alejandra Medina-Rivera, Matthieu Defrance, Olivier Sand, Carl Herrmann, Jaime Abraham Castro-Mondragon, Jérémy Delerce, Sébastien Jaeger, Christophe Blanchet, Pierre Vincens, Christophe Caron, Daniel Michael Staines, Bruno Contreras‐Moreira, Marie Artufel, Lucie Charbonnier-Khamvongsa, Céline Herna
10.12688/f1000research.5930.2	2015	Rampant software errors may undermine scientific results	F1000Research	David A. W. Soergel
10.1101/gad.266999.115	2015	Regulation of gene expression dynamics during developmental transitions by the Ikaros transcription factor	Genes & Development	Teresita L. Arenzana, Hilde Schjerven, Stephen T. Smale
10.1371/journal.pone.0143199	2015	Reliably Detecting Clinically Important Variants Requires Both Combined Variant Calls and Optimized Filtering Strategies	PLoS ONE	Matthew A. Field, Vicky Cho, T. Daniel Andrews, Christopher Carl Goodnow
10.1002/cpe.3520	2015	Remote storage management in science gateways via data bridging	Concurrency and Computation Practice and Experience	Ákos Hajnal, Marton Istvan, Zoltán Farkas, Péter Kacsuk
10.14806/ej.21.0.840	2015	Renewing bioinformatics workflow systems by using a Web 2.0 approach	EMBnet journal	R. Colella, Bachir Balech, Antonella Vaccina, Pietro Leo, Gaetano Scioscia
10.1371/journal.pcbi.1004447	2015	ReproPhylo: An Environment for Reproducible Phylogenomics	PLoS Computational Biology	Amir Szitenberg, Max John, Mark Blaxter, David H. Lunt
10.1101/019349	2015	ReproPhylo: An Environment for Reproducible Phylogenomics	bioRxiv (Cold Spring Harbor Laboratory)	Amir Szitenberg, Max John, Mark Blaxter, David H. Lunt
10.1016/bs.mie.2015.01.014	2015	Reproducible Analysis of Sequencing-Based RNA Structure Probing Data with User-Friendly Tools	Methods in enzymology on CD-ROM/Methods in enzymology	Lukasz Jan Kielpinski, Nikolaos Sidiropoulos, Jeppe Vinther
10.1261/rna.054551.115	2015	Reproducible features of small RNAs in C. elegans reveal NU RNAs and provide insights into 22G RNAs and 26G RNAs	RNA	Andrew L. Blumenfeld, Antony M Jose
10.1073/pnas.1421412111	2015	Reproducible research can still be wrong: Adopting a prevention approach	Proceedings of the National Academy of Sciences	Jeffrey T. Leek, Roger D. Peng
10.1016/j.jpsychires.2015.04.013	2015	Resequencing and association analysis of coding regions at twenty candidate genes suggest a role for rare risk variation at AKAP9 and protective variation at NRXN1 in schizophrenia susceptibility	Journal of Psychiatric Research	Jose Javier Suárez‐Rama, Manuel Arrojo, Beatriz Sánchez Sobrino, Jorge Amigo, Julio Brenlla, Santiago Agra, Eduardo Paz, Marı́a Brión, Ãngel Carracedo, Mario Páramo, Javier Costas
10.1093/molbev/msv023	2015	Restriction Site-Associated DNA Sequencing (RAD-seq) Reveals an Extraordinary Number of Transitions among Gecko Sex-Determining Systems	Molecular Biology and Evolution	Tony Gamble, Jessi Coryell, Tariq Ezaz, Joshua K. Lynch, Daniel P. Scantlebury, David A. Zarkower
10.1016/j.ecoinf.2015.05.004	2015	Retrieving taxa names from large biodiversity data collections using a flexible matching workflow	Ecological Informatics	Edward Vanden Berghe, Gianpaolo Coro, Nicolas Bailly, Fabio Fiorellato, Caselyn Aldemita, Anton Ellenbroek, Pasquale Pagano
10.1007/s13127-015-0212-z	2015	Review of the firefly visual system (Coleoptera: Lampyridae) and evolution of the opsin genes underlying color vision	Organisms Diversity & Evolution	Gavin J. Martin, Nathan P. Lord, Marc A. Branham, Seth Bybee
10.1093/bib/bbv058	2015	Review: High-performance computing to detect epistasis in genome scale data sets	Briefings in Bioinformatics	Alex Upton, Oswaldo Trelles, José Antonio Cornejo-García, James Richard Perkins
10.1093/bioinformatics/btv174	2015	RiboTools: a Galaxy toolbox for qualitative ribosome profiling analysis	Bioinformatics	Rachel Legendre, Agnès Baudin‐Baillieu, Isabelle Hatin, Olivier Namy
10.1186/s12864-015-1977-3	2015	Runs of homozygosity reveal signatures of positive selection for reproduction traits in breed and non-breed horses	BMC Genomics	Julia Metzger, Matthias Karwath, Raúl Tonda, Sergi Beltrán, Lídia Águeda, Marta Gut, Ivo Glynne Gut, O. Distl
10.14778/2824032.2824094	2015	SAASFEE	Proceedings of the VLDB Endowment	Marc Bux, Jørgen Gustava Brandt, Carsten Lipka, Kamal Hakimzadeh, Jim Dowling, Ulf Leser
10.1101/020024	2015	SAM/BAM format v1.5 extensions for de novo assemblies	bioRxiv (Cold Spring Harbor Laboratory)	Peter Cock, James Bonfield, Bastien Chevreux, Heng Li
10.1101/021741	2015	SARTools: a DESeq2- and edgeR-based R pipeline for comprehensive differential analysis of RNA-Seq data	bioRxiv (Cold Spring Harbor Laboratory)	Hugo Varet, Jean‐Yves Coppée, Marie‐Agnès Dillies
10.1186/s12918-015-0212-9	2015	SBMLsqueezer 2: context-sensitive creation of kinetic equations in biochemical networks	BMC Systems Biology	Andreas Dräger, Daniel Craig Zielinski, Roland Keller, Matthias Rall, Johannes Eichner, Bernhard Ørn Palsson, Andreas Zell
10.1109/icpp.2015.38	2015	SCAN: A Smart Application Platform for Empowering Parallelizations of Big Genomic Data Analysis in Clouds		Xing Chuan Wei, Wei Jie, Crispin J. Miller
10.1093/nar/gkv351	2015	SNiPlay3: a web-based application for exploration and large scale analyses of genomic variations	Nucleic Acids Research	Alexis Dereeper, Félix Homa, Gwendoline Andres, Guilhem Sempéré, Gautier Sarah, Yann Hueber, Jean François Dufayard, Manuel Ruíz
10.1186/s40537-015-0018-z	2015	SOCR data dashboard: an integrated big data archive mashing medicare, labor, census and econometric information	Journal Of Big Data	Syed Sameed Husain, Alexandr A. Kalinin, Anh Khoa Truong, Ivo D. Dinov
10.1186/s12920-015-0134-9	2015	Scalable and cost-effective NGS genotyping in the cloud	BMC Medical Genomics	Yassine Souilmi, Alex K. Lancaster, Jae-Yoon Jung, Ettore Rizzo, Jared B. Hawkins, Ryan Lee Powles, Saaïd Amzazi, Hassan Ghazal, Peter J. Tonellato, Dennis Paul Wall
10.1109/escience.2015.39	2015	Scaling Up Bioinformatics Workflows with Dynamic Job Expansion: A Case Study Using Galaxy and Makeflow		Nicholas Hazekamp, Joseph Sarro, Olivia Choudhury, Sandra Gesing, Scott Emrich, Douglas Thain
10.1109/hpcsim.2015.7237017	2015	Science gateways - leveraging modeling and simulations in HPC infrastructures via increased usability		Sandra Gesing, Rion Dooley, Marlon Pierce, Jens Krüger, Richard Grunzke, Sonja Herres‐Pawlis, Alexander Hoffmann
10.1002/cpe.3526	2015	Science gateways today and tomorrow: positive perspectives of nearly 5000 members of the research community	Concurrency and Computation Practice and Experience	Katherine A Lawrence, Michael Zentner, Nancy Wilkins‐Diehr, Julie Wernert, Marlon Pierce, Suresh Marru, Scott Michael
10.1007/s10009-015-0399-5	2015	Scientific workflows for process mining: building blocks, scenarios, and implementation	International Journal on Software Tools for Technology Transfer	Alfredo Bolt, Massimiliano de Leoni, Wil M. P. van der Aalst
10.1094/mpmi-10-14-0331-fi	2015	Seasonal Community Succession of the Phyllosphere Microbiome	Molecular Plant-Microbe Interactions	Julia K. Copeland, Lijie Yuan, Mehdi Layeghifard, Pauline W. Wang, David S. Guttman
10.12694/scpe.v16i1.1058	2015	Selected Approaches and Frameworks to Carry out Genomic Data Analysis on the Cloud	Scalable Computing Practice and Experience	Philip C. Church, Andrzej M Goscinski
10.1038/nature14863	2015	Self-renewing diploid Axin2+ cells fuel homeostatic renewal of the liver	Nature	Bruce Wang, Ludan Zhao, Matt Fish, Catriona Y. Logan, Roel Nusse
10.18632/oncotarget.6255	2015	Sense-antisense gene-pairs in breast cancer and associated pathological pathways	Oncotarget	Oleg V. Grinchuk, Efthymios Motakis, Surya Pavan Yenamandra, Ghim Siong Ow, Piroon Jenjaroenpun, Zhiqun Tang, Aliaksandr A. Yarmishyn, Anna V. Ivshina, Vladimir A. Kuznetsov
10.1038/srep14283	2015	SeqMule: automated pipeline for analysis of human exome/genome sequencing data	Scientific Reports	Yunfei Guo, Xiaolei Ding, Yufeng Shen, Gholson J. Lyon, Kai You Wang
10.1093/nar/gkv009	2015	Sequence-specific cleavage of dsRNA by Mini-III RNase	Nucleic Acids Research	Dawid Głów, Dariusz Pianka, Agata Agnieszka Sulej, Lukasz Pawel Kozlowski, Justyna Czarnecka, Grzegorz Chojnowski, Krzysztof  J. Skowronek, Janusz Marek Bujnicki
10.1016/j.celrep.2015.08.065	2015	Sequential Binding of MEIS1 and NKX2-5 on the Popdc2 Gene: A Mechanism for Spatiotemporal Regulation of Enhancers during Cardiogenesis	Cell Reports	Laurent Dupays, Catherine A. Shang, Robert J. Wilson, Surendra Kotecha, Sophie Wood, Norma Towers, Timothy J. Mohun
10.1109/ths.2015.7225306	2015	Sherlock's Toolkit: A forensic DNA analysis system		Darrell O. Ricke, Anna Shcherbina, Nelson Chiu, Eric D. Schwoebel, James D. Harper, Martha S. Petrovick, Tara Boettcher, Christina Zook, Johanna Bobrow, Edward C. Wack
10.1371/journal.pone.0137726	2015	Social Regulation of Gene Expression in Threespine Sticklebacks	PLoS ONE	Anna K. Greenwood, Catherine L. Peichel
10.1111/mec.13172	2015	Soil microbiome responses to the short‐term effects of Amazonian deforestation	Molecular Ecology	Acácio Aparecido Navarrete, Siu Mui Tsai, Lucas William Mendes, Karoline Faust, Mattias de Hollander, Noriko A. Cassman, Jeroen Raes, Johannes A. van Veen, Eiko E. Kuramae
10.1093/bioinformatics/btv213	2015	StructureFold: genome-wide RNA secondary structure mapping and reconstruction in vivo	Bioinformatics	Yin Tang, Emil Bouvier, Chun Kit Kwok, Yiliang Ding, ANTON Y NEKRUTENKO, Philip C. Bevilacqua, Sarah M. Assmann
10.7717/peerj.1420	2015	Swarm v2: highly-scalable and high-resolution amplicon clustering	PeerJ	Frédéric Mahé, Torbjørn Rognes, Christopher Quince, Colomban de Vargas, Micah Dunthorn
10.1371/journal.pone.0116828	2015	Synergistic and Antagonistic Interplay between Myostatin Gene Expression and Physical Activity Levels on Gene Expression Patterns in Triceps Brachii Muscles of C57/BL6 Mice	PLoS ONE	Kelsey Caetano-Anollés, Sanjibita Mishra, Sandra L. Rodriguez‐Zas
10.1093/bib/bbv036	2015	Systematically evaluating interfaces for RNA-seq analysis from a life scientist perspective	Briefings in Bioinformatics	Alicia Poplawski, Fédérico Marini, Moritz Hess, Tanja Zeller, Johanna Mazur, Harald Binder
10.1155/2015/575403	2015	Systems Biology and Synthetic Biology: A New Epoch for Toxicology Research	Advances in Toxicology	Mark T. Mc Auley, Hyunok Choi, Kathleen M. Mooney, Emily Paul, Veronica M. Miller
10.1007/978-1-4939-3283-2_3	2015	Systems Medicine: The Future of Medical Genomics, Healthcare, and Wellness	Methods in molecular biology	Mansoor A. S. Saqi, Johann Pellet, Irina A. Roznovăţ, Alexander Mazein, Stéphane Ballereau, Bertrand De Meulder, Charles Auffray
10.1186/s12868-015-0212-0	2015	T cell deficiency in spinal cord injury: altered locomotor recovery and whole-genome transcriptional analysis	BMC Neuroscience	David I. Satzer, Catherine Miller, Jacob R. Maxon, Joseph P. Voth, Christina DiBartolomeo, Rebecca Mahoney, James R. Dutton, Walter C. Low, Ann Margaret Parr
10.1038/nprot.2015.120	2015	TARDIS, a targeted RNA directional sequencing method for rare RNA discovery	Nature Protocols	Maximiliano M. Portal, Valeria Pavet, Cathie Erb, Hinrich Gronemeyer
10.1126/science.aab0983	2015	TDP-43 repression of nonconserved cryptic exons is compromised in ALS-FTD	Science	Jonathan P. Ling, Olga Pletniková, Juan Carlos Troncoso, Philip C. Wong
10.1186/s12859-015-0795-6	2015	TOGGLE: toolbox for generic NGS analyses	BMC Bioinformatics	Cécile Monat, Christine Tranchant‐Dubreuil, Ayité Kougbeadjo, Cédric Farcy, Enrique Ortega‐Abboud, Souhila Amanzougarene, Sébastien Ravel, Mawussé D. T. Agbessi, Julie Orjuela, Marilyne Summo, François Sabot
10.4137/ebo.s23873	2015	TRUFA: A User-Friendly Web Server for de novo RNA-seq Analysis Using Cluster Computing	Evolutionary Bioinformatics	Étienne Kornobis, Luis Cabellos, Fernando Aguilar, Cristina Frías-López, Julio Rozas, J. Marco, Rafael Zardoya
10.1167/iovs.14-16178	2015	Targeted Next-Generation Sequencing Improves the Diagnosis of Autosomal Dominant Retinitis Pigmentosa in Spanish Patients	Investigative Ophthalmology & Visual Science	Patricia Fernández-San Jose, Marta Cortón, Fiona Blanco‐Kelly, Almudena Ávila‐Fernández, Miguel Ángel López-Martínez, Iker Sánchez‐Navarro, Rocío Sánchez-Alcudia, Raquel Pérez-Carro, Olga Rosa Brito Zurita, Noelia Sanchez-Bolivar, María Isabel López-Molina, Blanca García‐Sandoval, Rosa Riveiro-Álvar
	2015	Targets identification and characterization of TRAMP complex in mouse		Fengchao Wang
10.1016/bs.mim.2015.06.003	2015	Technical and Software Advances in Bacterial Pathogen Typing	Methods in microbiology	Linda Chui, Vincent Li
10.1038/nature14594	2015	Temporal and spatial analysis of the 2014–2015 Ebola virus outbreak in West Africa	Nature	Miles W. Carroll, David A. Matthews, Julian A. Hiscox, Michael J. Elmore, Georgios Pollakis, Andrew Rambaut, Roger Hewson, Isabel García-Dorival, Joseph Akoi Boré, Raymond Koundouno, Saïd Abdellati, Babak Afrough, John Oke Aiyepada, Patience Akhilomen, Danny Asogun, Barry Atkinson, Marlis Badusche, 
10.1111/1462-2920.13017	2015	Temporal and spatial influences incur reconfiguration of A rctic heathland soil bacterial community structure	Environmental Microbiology	R. Hill, Eli Rudinow Saetnan, John Scullion, Dylan Gwynn‐Jones, Nick Ostle, Arwyn Edwards
10.1007/s12031-015-0694-3	2015	The Antisense Transcriptome and the Human Brain	Journal of Molecular Neuroscience	James Dominic Mills, Bei Jun Chen, Uwe Ueberham, Thomas Arendt, Michael Janitz
10.12688/f1000research.6009.1	2015	The Dutch Techcentre for Life Sciences: Enabling data-intensive life science research in the Netherlands	F1000Research	Lars Eijssen, Chris T. Evelo, Ruben G. Kok, Barend Mons, Rob W W Hooft, and the other founding members of DTL Data (see Acknowledgements)
10.1371/journal.pone.0117854	2015	The Evidence for Increased L1 Activity in the Site of Human Adult Brain Neurogenesis	PLoS ONE	Alexey A. Kurnosov, Svetlana V. Ustyugova, Vadim I. Nazarov, Anastasia A. Minervina, Alexander Yu. Komkov, Mikhail Shugay, Mikhail V. Pogorelyy, Konstantin V. Khodosevich, Ilgar Z. Mamedov, Yuri B. Lebedev
10.1093/molbev/msu405	2015	The Evolution and Functional Impact of Human Deletion Variants Shared with Archaic Hominin Genomes	Molecular Biology and Evolution	Yen‐Lung Lin, Pavlos Pavlidis, Emre Karakoç, Jerry Ajay, Ömer Gökçümen
10.1002/cpe.3486	2015	The Globus Galaxies platform: delivering science gateways as a service	Concurrency and Computation Practice and Experience	Ravi Madduri, Kyle Chard, Ryan Chard, Łukasz Łaciński, Alex C. Rodriguez, Dinanath Sulakhe, David J. A. Kelly, Utpal J. Dave, Ian T Foster
10.1101/017665	2015	The Impact of High-Performance Computing Best Practice Applied to Next-Generation Sequencing Workflows	bioRxiv (Cold Spring Harbor Laboratory)	Pierre Carrier, Bill Long, Richard Walsh, Jef Dawson, Carlos P. Sosa, Brian R. Haas, Timothy L. Tickle, Thomas William
10.1128/jvi.03225-14	2015	The MET Gene Is a Common Integration Target in Avian Leukosis Virus Subgroup J-Induced Chicken Hemangiomas	Journal of Virology	James Justice, Sanandan Malhotra, Miguel Pérez Ruano, Yingying Li, Guillermo Zavala, Nathan Lee, Robin W. Morgan, KAREN L. BEEMON
10.7554/elife.05996	2015	The Notch-mediated hyperplasia circuitry in Drosophila reveals a Src-JNK signaling axis	eLife	Diana M. Ho, SK Pallavi, Spyros Artavanis‐Tsakonas
10.1111/nph.13557	2015	The Plant Genome Integrative Explorer Resource: PlantGen IE .org	New Phytologist	David Sundell, Chanaka Mannapperuma, Sergiu Netotea, Nicolas Delhomme, Yao‐Cheng Lin, Andreas Sjödin, Yves Van de Peer, Stefan Jansson, Torgeir Rhoden Hvidsten, Nathaniel Robert Street
10.1093/nar/gkv345	2015	The ReproGenomics Viewer: an integrative cross-species toolbox for the reproductive science community	Nucleic Acids Research	Thomas Darde, Olivier Sallou, E. Becker, Bertrand Evrard, Cyril Monjeaud, Yvan Le Bras, Bernard Jégou, Olivier Collin, Antoine Dominique Rolland, Frédéric Chalmel
10.3389/fgene.2015.00348	2015	The Road to Metagenomics: From Microbiology to DNA Sequencing Technologies and Bioinformatics	Frontiers in Genetics	Alejandra Escobar‐Zepeda, Arturo Vera‐Ponce de León, Alejandro Sánchez‐Flores
10.1093/pcp/pcv064	2015	The Transcriptome and Terpene Profile ofEucalyptus grandisReveals Mechanisms of Defense Against the Insect Pest,Leptocybe invasa	Plant and Cell Physiology	Caryn N. Oates, Carsten Külheim, Alexander Andrew Myburg, Bernard Slippers, Sanushka Naidoo
10.1093/nar/gkv1275	2015	The UCSC Genome Browser database: 2016 update	Nucleic Acids Research	Matthew L Speir, Ann S. Zweig, Kate R. Rosenbloom, Brian J. Raney, Benedict Paten, Parisa Nejad, Brian T. Lee, Katrina Learned, Donna Karolchik, Angie S. Hinrichs, Steve Heitner, Rachel Harte, Maximilian Haeussler, Luvina Guruvadoo, Pauline A. Fujita, Christopher Eisenhart, Mark E. Diekhans, Hiram C
10.1101/027037	2015	The UCSC Genome Browser database: 2016 update	bioRxiv (Cold Spring Harbor Laboratory)	Matthew L Speir, Ann S. Zweig, Kate R. Rosenbloom, Brian J. Raney, Benedict Paten, Parisa Nejad, Brian T. Lee, Katrina Learned, Donna Karolchik, Angie S. Hinrichs, Steve Heitner, Rachel Harte, Maximilian Haeussler, Luvina Guruvadoo, Pauline A. Fujita, Christopher Eisenhart, Mark E. Diekhans, Hiram C
	2015	The bacterial communities of sand-like surface soils of the San Rafael Swell (Utah, USA) and the Desert of Maine (USA)	theses.fr (ABES)	Yang Wang
10.1007/s10456-015-9485-2	2015	The decrease in histone methyltransferase EZH2 in response to fluid shear stress alters endothelial gene expression and promotes quiescence	Angiogenesis	Monika Maleszewska, Byambasuren Vanchin, Martin C. Harmsen, Guido Krenning
10.1096/fj.14-267328	2015	The histone demethylase KDM1A is essential for the maintenance and differentiation of spermatogonial stem cells and progenitors	The FASEB Journal	Romain Lambrot, Christine Lafleur, Sarah Kimmins
10.5194/bgd-12-18103-2015	2015	The keystone species of Precambrian deep bedrock biosphere belong to Burkholderiales and Clostridiales		Lotta Purkamo, Malin Bomberg, Riikka Kietäväinen, Heikki Salavirta, Mari Nyyssönen, Maija Nuppunen-Puputti, Lasse Ahonen, Ilmo Kukkonen, Merja Itävaara
10.1002/pmic.201400535	2015	The mzqLibrary – An open source Java library supporting the HUPO‐PSI quantitative proteomics standard	PROTEOMICS	Da Qi, Huaizhong Zhang, Jun Fan, Simon R. Perkins, Addolorata Pisconti, Deborah M. Simpson, Conrad Bessant, Simon J. Hubbard, Andrew R. Jones
10.24384/3j7x-yk04	2015	The role of RNAs and extracellular vesicles in the radiation response	Radar (Oxford Brookes University)	Laura Ann Jacobs
10.1186/s12885-015-1819-3	2015	The unique transcriptional response produced by concurrent estrogen and progesterone treatment in breast cancer cells results in upregulation of growth factor pathways and switching from a Luminal A to a Basal-like subtype	BMC Cancer	Eleanor F. Need, Luke A. Selth, Andrew Paul Trotta, Damien A. Leach, Lauren Giorgio, Melissa A. O’Loughlin, Eric Smith, Peter Grantley Gill, Wendy V. Ingman, J. Dinny Graham, Grant S. Buchanan
10.1186/s12864-015-2083-2	2015	Tissue-specific transcriptomics and proteomics of a filarial nematode and its Wolbachia endosymbiont	BMC Genomics	Ashley N. Luck, Kathryn G. V. Anderson, Colleen M. McClung, Nathan C. VerBerkmoes, Jeremy M. Foster, Michelle L. Michalski, Barton E. Slatko
10.1101/022707	2015	Tools and techniques for computational reproducibility	bioRxiv (Cold Spring Harbor Laboratory)	Stephen Piccolo, Michael B. Frampton
10.1002/prca.201400173	2015	Toward improved peptide feature detection in quantitative proteomics using stable isotope labeling	PROTEOMICS - CLINICAL APPLICATIONS	Lars Nilse, Florian Christoph Sigloch, Martin Lothar Biniossek, Oliver Schilling
10.1109/cloud.2015.146	2015	Towards Automated Workflow Deployment in the Cloud Using TOSCA		Rawaa Putros Qasha, Jacek Cała, Paul Watson
10.1038/nature14898	2015	Transcriptional plasticity promotes primary and acquired resistance to BET inhibition	Nature	Philipp Rathert, Mareike Roth, Tobias Neumann, Felix Muerdter, Jae‐Seok Roe, Matthias Muhar, Sumit Deswal, Sabine Cerny‐Reiterer, Barbara Peter, Julian Jude, Thomas Walter Hoffmann, Lukasz Miloslaw Boryn, Elin Axelsson, Norbert Schweifer, Ulrike Tontsch-Grunt, Lukas E. Dow, Davide Gianni, Mark A. Pe
10.1186/s12864-015-1250-9	2015	Transcriptome analysis of cyst formation in Rhodospirillum centenum reveals large global changes in expression during cyst development	BMC Genomics	Qian Dong, Carl E. Bauer
10.1186/s12864-015-1529-x	2015	Transcriptome and hormone profiling reveals Eucalyptus grandis defence responses against Chrysoporthe austroafricana	BMC Genomics	Ronishree Mangwanda, Alexander Andrew Myburg, Sanushka Naidoo
10.1007/s00438-015-1046-2	2015	Transcriptomics-based analysis using RNA-Seq of the coconut (Cocos nucifera) leaf in response to yellow decline phytoplasma infection	Molecular Genetics and Genomics	Naghmeh Nejat, David Miles Cahill, Ganesan Vadamalai, Mark D. Ziemann, James Edward Rookes, Neda Naderali
10.3389/fbioe.2015.00071	2015	Transposable Element Insertions in Long Intergenic Non-Coding RNA Genes	Frontiers in Bioengineering and Biotechnology	Sivakumar Kannan, Diana A. Chernikova, Igor B. Rogozin, Eugenia Poliakov, David Managadze, Eugene V. Koonin, Luciano Milanesi
	2015	Tree Islands of Fertility Structure Bacterial Community Assembly and Functional Genes Contributing to Ecosystem Processes	ScholarsArchive  (Brigham Young University)	Tayte Campbell
10.1155/2015/904541	2015	Trends in IT Innovation to Build a Next Generation Bioinformatics Solution to Manage and Analyse Biological Big Data Produced by NGS Technologies	BioMed Research International	Alexandre G. de Brevern, Jean-Philippe Meyniel, Cécile Fairhead, Cécile Neuvéglise, Alain Malpertuy
10.1109/tcc.2015.2489638	2015	TruXy: Trusted Storage Cloud for Scientific Workflows	IEEE Transactions on Cloud Computing	‪Surya Nepal‬, Richard Sinnott, Carsten Friedrich, Catherine Wise, Shiping Chen, Sehrish Kanwal, Jinhui Yao, Andrew J. Lonie
10.5753/sbsi.2015.5810	2015	Um Sistema de Predição de Relacionamentos em Redes Sociais	Anais do Simpósio Brasileiro de Sistemas de Informação (SBSI)	Luciano Antônio Digiampietri, William Takahiro Maruyama, Caio Santiago, Jamison José da Silva Lima
10.1093/reseval/rvv014	2015	Understanding the scientific software ecosystem and its impact: Current and future measures	Research Evaluation	James Howison, Ewa Deelman, Michael J. McLennan, Rafael Ferreira da Silva, James D. Herbsleb
10.1098/rspb.2014.2371	2015	Unexpected evolutionary diversity in a recently extinct Caribbean mammal radiation	Proceedings of the Royal Society B Biological Sciences	Selina Brace, Samuel T. Turvey, Marcelo Weksler, Menno L. P. Hoogland, Ian Barnes
10.1515/ped-2015-0002	2015	Unravelling peptidomes by in silico mining	Peptidomics	Johannes Koehbach, Kathryn A. V. Jackson
10.1371/journal.pone.0143525	2015	Unusually Large Number of Mutations in Asexually Reproducing Clonal Planarian Dugesia japonica	PLoS ONE	Osamu Nishimura, Kazutaka Hosoda, Eri Kawaguchi, Shigenobu Yazawa, Tetsutaro Hayashi, Takeshi Inoue, Yoshihiko Umesono, Kiyokazu Agata
10.1186/s12859-015-0546-8	2015	UrQt: an efficient software for the Unsupervised Quality trimming of NGS data	BMC Bioinformatics	Laurent Modolo, Emmanuelle Lerat
10.1109/pdp.2015.76	2015	Using Active Data to Provide Smart Data Surveillance to E-Science Users		Anthony Simonet, Kyle Chard, Gilles Fedak, Ian T Foster
10.1109/ic2e.2015.40	2015	Using Open Stack for an Open Cloud Exchange(OCX)		Peter J. Desnoyers, J Hennessey, Bradford P. Holden, Orran Krieger, Larry Rudolph, Angela Young
10.1007/8623_2015_175	2015	Using QIIME to Evaluate the Microbial Communities Within Hydrocarbon Environments	Springer protocols handbooks/Springer protocols	Luke K. Ursell, Adam Robbins‐Pianka, Nicole M. Scott, Antonio González, Dan Knights, Jai Ram Rideout, Ajay Kshatriya, J. Gregory Caporaso, Rob Knight
10.1016/j.websem.2015.01.003	2015	Using a suite of ontologies for preserving workflow-centric research objects	Journal of Web Semantics	Khalid Belhajjame, Jun Zhao, Daniel Garijo, Matthew Gamble, Kristina Maria Hettne, Raúl Palma, Eleni Mina, Óscar Corcho, José Manuel Gómez-Pérez, Sean Bechhofer, Graham Klyne, Carole Goble
10.1093/nar/gkv577	2015	Varying levels of complexity in transcription factor binding motifs	Nucleic Acids Research	Jens Keilwagen, Jan Grau
10.12688/f1000research.6157.1	2015	ViennaNGS: A toolbox for building efficient next- generation sequencing analysis pipelines	F1000Research	Michael T. Wolfinger, Jörg Fallmann, Florian Eggenhofer, Fabian Amman
10.12688/f1000research.6157.2	2015	ViennaNGS: A toolbox for building efficient next- generation sequencing analysis pipelines	F1000Research	Michael T. Wolfinger, Jörg Fallmann, Florian Eggenhofer, Fabian Amman
10.1038/nm.3963	2015	Viral variants that initiate and drive maturation of V1V2-directed HIV-1 broadly neutralizing antibodies	Nature Medicine	Jinal N. Bhiman, Colin S. Anthony, Nicole A. Doria‐Rose, Owen Karimanzira, Chaim A. Schramm, Thandeka Khoza, Dale Kitchin, Gordon Botha, Jason Gorman, Nigel Garrett, Salim S. Abdool Karim, Lawrence S. Shapiro, Carolyn E. Williamson, Peter D. Kwong, John R. Mascola, Lynn Morris, Penny L. Moore
10.1186/1471-2105-16-s11-s2	2015	VisRseq: R-based visual framework for analysis of sequencing data	BMC Bioinformatics	Hamid Younesy, Torsten Bert Möller, Matthew C. Lorincz, Mohammad Mahdi Karimi, Steven J.M. Jones
10.1109/iv.2015.19	2015	Visualizing the Evolution of Module Workflows		Marcel Hlawatsch, Michael Burch, Fabian Beck, Juliana Freire, Cláudio da Silva, Daniel Weiskopf
10.1145/2831270	2015	Web Service Composition	ACM Computing Surveys	Ángel M. Lagares-Lemos, Florian Daniel, Boualem Benatallah
10.1155/2015/862039	2015	Whole Exome- and mRNA-Sequencing of an AT/RT Case Reveals Few Somatic Mutations and Several Deregulated Signalling Pathways in the Context ofSMARCB1Deficiency	BioMed Research International	Johanna Sandgren, Stefan Holm, Ana Maria Marino, Jurate Ásmundsson, Pernilla Grillner, Monica Nistér, Teresita Díaz de Ståhl
10.7150/jgen.12975	2015	Whole Genome Sequence of the Soybean Aphid Endosymbiont Buchnera aphidicola and Genetic Differentiation among Biotype-Specific Strains	Journal of Genomics	Bryan J. Cassone, Jacob A Wenger, Andrew P. Michel
10.1016/j.margen.2015.05.016	2015	Whole genome sequences of a free-living Pseudomonas sp. strain ML96 isolated from a freshwater Maar Lake	Marine Genomics	Xiuling Li, Jochen Blom, Yonghui Zeng
10.1099/mgen.0.000039	2015	Whole-genome sequencing investigation of animal-skin-drum-associated UK anthrax cases reveals evidence of mixed populations and relatedness to a US case	Microbial Genomics	Steven T. Pullan, Talima Pearson, Jennie Latham, Joanne Mason, Barry Atkinson, Nigel J. Silman, Chung K. Marston, Jason W. Sahl, Dawn N. Birdsell, Alex R. Hoffmaster, Paul Keim, Richard T. Vipond
10.1093/nar/gkv412	2015	Why weight? Modelling sample and observational level variability improves power in RNA-seq analyses	Nucleic Acids Research	Ruijie Liu, Aliaksei Z. Holik, Shian Su, Natasha Jansz, Kelan Chen, Huei San Leong, Marnie E. Blewitt, Marie-Liesse Asselin-Labat, Gordon K. Smyth, Matthew E. Ritchie
10.1101/013508	2015	Widespread localisation of lncRNA to ribosomes: Distinguishing features and evidence for regulatory roles	bioRxiv (Cold Spring Harbor Laboratory)	Juna Carlevaro-Fita, Anisa Rahim, Roderic Guigo, Leah A. Vardy, Rory Johnson
10.1002/cpe.3525	2015	WorkWays : interacting with scientific workflows	Concurrency and Computation Practice and Experience	Hoang Anh Nguyen, David Abramson, Timoleon Kipouros, Andrew L. Janke, Graham J. Galloway
10.2218/ijdc.v10i1.370	2015	YesWorkflow: A User-Oriented, Language-Independent Tool for Recovering Workflow Information from Scripts	International Journal of Digital Curation	Timothy McPhillips, Tianhong Song, Tyler Kolisnik, Steven M. Aulenbach, Khalid Belhajjame, R. Kyle Bocinsky, Yang Cao, James Cheney, Fernando Chirigati, Saumen Dey, Juliana Freire, Christopher S. Jones, James Hanken, Keith Kintigh, Timothy A. Kohler, David Koop, James Macklin, Paolo Missier, Mark P.
10.48550/arxiv.1502.02403	2015	YesWorkflow: A User-Oriented, Language-Independent Tool for Recovering Workflow Information from Scripts	arXiv (Cornell University)	Timothy McPhillips, Tianhong Song, Tyler Kolisnik, Steven M. Aulenbach, Khalid Belhajjame, R. Kyle Bocinsky, Yang Cao, Fernando Chirigati, Saumen Dey, Juliana Freire, D. N. Huntzinger, Christopher S. Jones, David Koop, Paolo Missier, Mark P. Schildhauer, Christopher R. Schwalm, Yaxing Wei, James Che
10.1089/cmb.2015.0137	2015	dbHT-Trans: An Efficient Tool for Filtering the Protein-Encoding Transcripts Assembled by RNA-Seq According to Search for Homologous Proteins	Journal of Computational Biology	Feilong Deng, Shiyi Chen
10.1093/nar/gkv578	2015	microRNAs and the evolution of complex multicellularity: identification of a large, diverse complement of microRNAs in the brown algaEctocarpus	Nucleic Acids Research	James E. Tarver, Alexandre Cormier, Natalia Pinzón, Richard S. Taylor, Wilfrid Carré, Martina Strittmatter, Hervé Seitz, Susana M. Coelho, Jeremy Mark Cock
	2016	A Building Blocks Approach towards Domain Specific Workflow Systems	arXiv (Cornell University)	Shantenu Jha, Matteo Turilli
10.7287/peerj.preprints.2175v1	2016	A GPU-based high performance computing infrastructure for specialized NGS analyses		Andrea Manconi, Marco Elvio Manlio Moscatelli, Matteo Gnocchi, Giuliano Armano, Luciano Milanesi
10.1007/s12686-016-0570-7	2016	A Galaxy-based bioinformatics pipeline for optimised, streamlined microsatellite development from Illumina next-generation sequencing data	Conservation Genetics Resources	Sarah M. Griffiths, Graeme Fox, Peter J. Briggs, Ian J. Donaldson, Simon P. Hood, P. P. Richardson, George W. Leaver, Nathan K. Truelove, Richard F. Preziosi
	2016	A Infrastructure for Disease Prevention and Precision Medicine.		Marco Elvio Manlio Moscatelli, Andrea Manconi, Matteo Gnocchi, Luciano Milanesi
10.1128/cmr.00001-16	2016	A Primer on Infectious Disease Bacterial Genomics	Clinical Microbiology Reviews	Tarah Lynch, Aaron Petkau, Natalie Knox, Morag Graham, Gary Van Domselaar
10.1109/tsc.2016.2589243	2016	A Workflow Management System for Scalable Data Mining on Clouds	IEEE Transactions on Services Computing	Fabrizio Marozzo, Domenico Talia, Paolo Trunfio
10.1016/j.parco.2016.10.002	2016	A case study of tuning MapReduce for efficient Bioinformatics in the cloud	Parallel Computing	Lizhen Shi, Zhong Wang, Weikuan Yu, Xiandong Meng
10.1016/j.jprot.2016.07.026	2016	A combined proteomic and transcriptomic analysis of slime secreted by the southern bottletail squid, Sepiadarium austrinum (Cephalopoda)	Journal of Proteomics	Nikeisha J. Caruana, Ira Cooke, Pierre Faou, Julian Finn, Nathan E. Hall, Mark D. Norman, Sandy S. Pineda, Jan M. Strugnell
10.1038/nature18637	2016	A comprehensive transcriptional map of primate brain development	Nature	Trygve E. Bakken, Jeremy A. Miller, Song‐Lin Ding, Susan M. Sunkin, Kimberly A. Smith, Lydia Ng, Aaron Szafer, Rachel A. Dalley, Joshua J. Royall, Tracy A. Lemon, Sheila Shapouri, Kaylynn Aiona, James M. Arnold, Jeffrey L. Bennett, Darren Bertagnolli, Kristopher Bickley, Andrew F. Boe, Krissy Broune
10.1186/s12862-016-0674-4	2016	A cure for the blues: opsin duplication and subfunctionalization for short-wavelength sensitivity in jewel beetles (Coleoptera: Buprestidae)	BMC Evolutionary Biology	Nathan P. Lord, Rebecca L. Plimpton, Camilla R. Sharkey, Anton Suvorov, Jonathan P. Lelito, Barry M. Willardson, Seth Bybee
10.1109/escience.2016.7870888	2016	A framework for scientific workflow reproducibility in the cloud		Rawaa Putros Qasha, Jacek Cała, Paul Watson
10.1038/srep36891	2016	A genomic island in Vibrio cholerae with VPI-1 site-specific recombination characteristics contains CRISPR-Cas and type VI secretion modules	Scientific Reports	Maurizio Labbate, Fabini D. Orata, Nicola K. Petty, Nathasha D. Jayatilleke, William L. King, Paul C. Kirchberger, Chris A. Allen, Gulay Mann, Ankur Mutreja, Nicholas Robert Thomson, Yan Boucher, Ian G. Charles
10.12688/f1000research.9821.1	2016	A guide and best practices for R/Bioconductor tool integration in Galaxy	F1000Research	Nitesh Turaga, Mallory Freeberg, Dannon Baker, John M. Chilton, Galaxy Team, ANTON Y NEKRUTENKO, James Taylor
10.1007/s13353-016-0368-z	2016	A novel TPM2 gene splice-site mutation causes severe congenital myopathy with arthrogryposis and dysmorphic features	Journal of Applied Genetics	Magdalena Mroczek, Dagmara Kabzińska, Krystyńa Chrzańowska, Maciej Pronicki, Andrzej Kochański
10.1073/pnas.1600566113	2016	A protein constructed de novo enables cell growth by altering gene regulation	Proceedings of the National Academy of Sciences	Katherine Marie Digianantonio, Michael H. Hecht
10.53846/goediss-5475	2016	A regulatory network of Mdm2 and members of the Polycomb Group (PcG) family		Maria Magdalena Wienken
10.1016/j.future.2016.06.008	2016	A resource provisioning framework for bioinformatics applications in multi-cloud environments	Future Generation Computer Systems	Izzet F. Senturk, Partheeban Balakrishnan, Anas Abu-Doleh, Kamer Kaya, Qutaibah Marwan Malluhi, Ümit V. Çatalyürek
10.1093/bib/bbw020	2016	A review of bioinformatic pipeline frameworks	Briefings in Bioinformatics	Jeremy N. Leipzig
10.1186/s13059-016-0881-8	2016	A survey of best practices for RNA-seq data analysis	Genome biology	Ana Conesa, Pedro Madrigal, Sonia Tarazona, David Gómez-Cabrero, Alejandra Cervera, Andrew McPherson, Michał Wojciech Szcześniak, Daniel J. Gaffney, Laura L. Elo, Xuegong Zhang, Ali Mortazavi
10.1021/acs.jproteome.6b00660	2016	APOSTL: An Interactive Galaxy Pipeline for Reproducible Analysis of Affinity Proteomics Data	Journal of Proteome Research	Brent M. Kuenzi, Adam L. Borne, Jiannong Li, Eric B. Haura, Steven A. Eschrich, John M. Koomen, Uwe Rix, Paul A. Stewart
10.1093/bioinformatics/btw136	2016	ARGs-OAP: online analysis pipeline for antibiotic resistance genes detection from metagenomic data using an integrated structured ARG-database	Bioinformatics	Ying Jie Yang, Xiaotao Jiang, Benli Chai, Liping Ma, Bing Jhang Li, Anni Zhang, James R. Cole, James M. Tiedje, Tong Zhang
10.1101/044164	2016	AVOCADO: Visualization of Workflow-Derived Data Provenance for Reproducible Biomedical Research	bioRxiv (Cold Spring Harbor Laboratory)	Holger Stitz, Stefan Luger, Marc Streit, Nils Gehlenborg
10.1111/cgf.12924	2016	AVOCADO: Visualization of Workflow–Derived Data Provenance for Reproducible Biomedical Research	Computer Graphics Forum	Holger Stitz, Stefan Luger, Marc Streit, Nils Gehlenborg
	2016	Aalto Data Repository:Research data management, sharing andpublishing in the world of data intensive science		Miro Nurmela
10.1007/s40572-016-0079-y	2016	Accelerating Adverse Outcome Pathway Development Using Publicly Available Data Sources	Current Environmental Health Reports	Noffisat O. Oki, Mark Nelms, Shannon M. Bell, Holly M. Mortensen, Stephen W. Edwards
10.1109/escience.2016.7870883	2016	Accelerating data-driven discovery with scientific asset management		Robert E. Schuler, Carl Kesselman, Karl Czajkowski
10.1016/j.jglr.2016.07.025	2016	Adaptations to photoautotrophy associated with seasonal ice cover in a large lake revealed by metatranscriptome analysis of a winter diatom bloom	Journal of Great Lakes Research	Robyn E. Edgar, Paul F. Morris, Mark J. Rozmarynowycz, Nigel A. D'souza, Mohammad Moniruzzaman, Richard A. Bourbonniere, George S. Bullerjahn, Vipaporn Phuntumart, Steven W. Wilhelm, Robert Michael L. McKay
10.1155/2016/7972351	2016	Advancements in RNASeqGUI towards a Reproducible Analysis of RNA-Seq Experiments	BioMed Research International	Francesco Russo, Dario Righelli, Claudia Angelini
10.1007/978-3-319-44332-4_19	2016	Advantages and Limits in the Adoption of Reproducible Research and R-Tools for the Analysis of Omic Data	Lecture notes in computer science	Francesco Russo, Dario Righelli, Claudia Angelini
10.1038/mp.2016.33	2016	Age and Alzheimer’s disease gene expression profiles reversed by the glutamate modulator riluzole	Molecular Psychiatry	Ana C. Pereira, Jason D. Gray, Joshua F. Kogan, Rina Davidson, Todd G. Rubin, Masahiro Okamoto, John H. Morrison, Bruce S. McEwen
10.1080/21655979.2016.1208868	2016	Agroinfiltration contributes to VP1 recombinant protein degradation	Bioengineered	Priyen Pillay, Karl Josef Kunert, Stefan van Wyk, M.E. Makgopa, Christopher Ashley Cullis, Juan Vorster
10.1002/mas.21487	2016	Algorithms and design strategies towards automated glycoproteomics analysis	Mass Spectrometry Reviews	Han Hu, Kshitij Khatri, Joseph Zaia
10.1145/2949550.2949647	2016	An Architecture for Automatic Deployment of Brown Dog Services at Scale into Diverse Computing Infrastructures		Smruti Rekha Padhy, Jay C. Alameda, Rob Kooper, Rui Liu, Sandeep Puthanveetil Satheesan, Inna Zharnitsky, Gregory Jansen, Michael C. Dietze, Praveen Kumar, Jong Lee, Richard J. Marciano, Luigi Marini, Barbara Spang Minsker, Chris Navarro, Marcus Slavenas, WILLIAM C. SULLIVAN, Kenton G. McHenry
10.1109/ccgrid.2016.57	2016	An Automated Tool Profiling Service for the Cloud		Ryan Chard, Kyle Chard, Bryan Ng, Kris Bubendorfer, Alex C. Rodriguez, Ravi Madduri, Ian T Foster
10.1007/978-3-319-32243-8_1	2016	An Overview of the XSEDE Extended Collaborative Support Program	Communications in computer and information science	Nancy Wilkins‐Diehr, S. Sanielevici, Jay C. Alameda, John E. Cazes, Lonnie D. Crosby, Marlon Pierce, Ralph Z. Roskies
10.1002/jqs.2830	2016	An assessment of ancient DNA preservation in Holocene–Pleistocene fossil bone excavated from the world heritage Naracoorte Caves, South Australia	Journal of Quaternary Science	Alicia C. Grealy, Amy C. Macken, Morten E. Allentoft, Nicolas J. Rawlence, Elizabeth H. Reed, Michael F. Bunce
10.1038/nm.4092	2016	An oncogenic Ezh2 mutation induces tumors through global redistribution of histone 3 lysine 27 trimethylation	Nature Medicine	George P. Souroullas, William R. Jeck, Joel S. Parker, Jeremy M. Simon, Jie-yu Liu, Joshiawa Paulk, Jessie Xiong, Kelly S. Clark, Yuri D. Fedoriw, Jun Qi, Christin Elizabeth Burd, James E. Bradner, Norman E. Sharpless
10.1016/j.envsoft.2016.10.013	2016	An overview of the model integration process: From pre-integration assessment to testing	Environmental Modelling & Software	Getachew F. Belete, Alexey A. Voinov, Gerard F. Laniak
10.1007/978-1-4939-3572-7_18	2016	Analysis and Visualization of ChIP-Seq and RNA-Seq Sequence Alignments Using ngs.plot	Methods in molecular biology	Yong‐Hwee Eddie Loh, Li Shen
10.1080/09168451.2016.1182418	2016	Analysis of de novo sequencing and transcriptome assembly and lignocellulolytic enzymes gene expression of Coriolopsis gallica HTC	Bioscience Biotechnology and Biochemistry	Yuehong Chen, Qinghua Cao, Xiang Tao, Huanhuan Shao, Kun Zhang, Yizheng Zhang, Xuemei Tan
10.1111/jpy.12472	2016	Analysis of the complete plastomes of three species of Membranoptera (Ceramiales, Rhodophyta) from Pacific North America	Journal of Phycology	Jeffery R. Hughey, Max H. Hommersand, Paul W. Gabrielson, Kathy Ann Miller, Timothy Fuller
10.1007/s00439-016-1667-5	2016	Anchored pseudo-de novo assembly of human genomes identifies extensive sequence variation from unmapped sequence reads	Human Genetics	Joshua J. Faber-Hammond, Kim H. Brown
10.1186/s12263-016-0532-4	2016	Ancient pathogen-driven adaptation triggers increased susceptibility to non-celiac wheat sensitivity in present-day European populations	Genes & Nutrition	Marco Sazzini, Sara De Fanti, Anna Cherubini, Andrea Quagliariello, Giuseppe Profiti, Pier Luigi Martelli, Rita Casadio, Chiara Assunta Ricci, Massimo Campieri, Alberto Lanzini, Umberto Volta, Giacomo Caio, Claudio Franceschi, Enzo Spisni, Donata Luiselli
10.1038/ncomms12340	2016	Antimicrobial peptides trigger a division block in Escherichia coli through stimulation of a signalling system	Nature Communications	Srujana Samhita Yadavalli, Jeffrey N. Carey, Rachel S. Leibman, Annie I. Chen, Andrew M. Stern, Manuela Roggiani, Andrew M. Lippa, Mark Goulian
10.1186/s13072-016-0061-9	2016	Application of recombinant TAF3 PHD domain instead of anti-H3K4me3 antibody	Epigenetics & Chromatin	Goran Kungulovski, Rebekka Mauser, Richard Reinhardt, Albert Jeltsch
10.1145/2949550.2949641	2016	Assisting Bioinformatics Programs at Minority Institutions		Ricardo Gonzalez Mendez, Jimmy Torres, Pallavi Ishwad, Hugh B. Nicholas, Alexander J. Ropelewski
10.1016/j.joi.2016.05.002	2016	Automating bibliometric analyses using Taverna scientific workflows: A tutorial on integrating Web Services	Journal of Informetrics	Arzu Tuğçe Güler, Cathelijn J. F. Waaijer, Yassene Mohammed, Magnus Palmblad
10.1016/j.ymeth.2016.08.017	2016	BAL31-NGS approach for identification of telomeres de novo in large genomes	Methods	Vratislav Peška, Zdeňka Sitová, Petr Fajkus, Jiřı́ Fajkus
10.1007/s00248-016-0785-x	2016	BMPOS: a Flexible and User-Friendly Tool Sets for Microbiome Studies	Microbial Ecology	Victor Satler Pylro, Daniel Morais, Francislon Silva de Oliveira, Fausto G. dos Santos, Leandro Nascimento Lemos, Guilherme Oliveira, Luiz Fernando Würdig Roesch
10.1093/nar/gkw826	2016	BRD4 localization to lineage-specific enhancers is associated with a distinct transcription factor repertoire	Nucleic Acids Research	Zeynab Najafova, Roberto Tirado-Magallanes, Malayannan Subramaniam, Tareq Hossan, G. Schmídt, Sankari Nagarajan, Simon J. Baumgart, Vivek Kumar Mishra, Upasana Bedi, Eric Hesse, Stefan Knapp, John R. Hawse, Steven A. Johnsen
10.1007/978-1-4939-3572-7_21	2016	Bacterial Genomic Data Analysis in the Next-Generation Sequencing Era	Methods in molecular biology	Massimiliano Orsini, Gianmauro Cuccuru, Paolo Uva, Giorgio Fotia
10.1007/978-3-319-44881-7_13	2016	Big Biological Data Management	Computer communications and networks	Edvard Pedersen, Lars Ailo Bongo
10.1007/s13721-016-0135-4	2016	Big data analytics in bioinformatics: architectures, techniques, tools and issues	Network Modeling Analysis in Health Informatics and Bioinformatics	Hirak Jyoti Kashyap, Hasin A. Ahmed, Nazrul Hoque, Swarup Roy, Dhruba K. Bhattacharyya
10.1186/s40064-016-3108-2	2016	Big data and tactical analysis in elite soccer: future challenges and opportunities for sports science	SpringerPlus	Robert Rein, Daniel Memmert
10.1093/nar/gkw940	2016	Bio-TDS: bioscience query tool discovery system	Nucleic Acids Research	Etienne Z. Gnimpiéba, Menno S. VanDiermen, Shayla M. Gustafson, Bill Conn, Carol Lushbough
10.1101/097139	2016	Bio.Ontology - Python tools for enrichment analysis and visualization of ontologies	bioRxiv (Cold Spring Harbor Laboratory)	Kamil Koziara, Julia Herman-Iżycka, Bartek Wilczyński
10.1186/s12898-016-0103-y	2016	BioVeL: a virtual laboratory for data analysis and modelling in biodiversity science and ecology	BMC Ecology	Alex Hardisty, Finn Bacall, Niall Beard, Maria-Paula Balcázar-Vargas, Bachir Balech, Zoltán Barcza, Sarah J. Bourlat, Renato De Giovanni, Yde de Jong, Francesca De Leo, Laura Dobor, Giacinto Donvito, Donal K. Fellows, Antonio Fernàndez-Guerra, Nuno G.C. Ferreira, Yuliya Fetyukova, Bruno Fosso, Jonat
10.1007/978-3-319-41576-5_7	2016	BiobankCloud: A Platform for the Secure Storage, Sharing, and Processing of Large Biomedical Data Sets	Lecture notes in computer science	Alysson Bessani, Jørgen Gustava Brandt, Marc Bux, Vinicius V. Cogo, Lora Dimitrova, Jim Dowling, Ali Haji Gholami, Kamal Hakimzadeh, Micheal Hummel, Mahmoud A. Ismail, Erwin Laure, Ulf Leser, Jan‐Eric Litton, Roxanna Martinez, Salman Niazi, Jane Reichel, Karin Zimmermann
10.5731/pdajpst.2016.006734	2016	Biocompute Objects—A Step towards Evaluation and Validation of Biomedical Scientific Computations	PDA Journal of Pharmaceutical Science and Technology	Vahan V. Simonyan, Jeremy Goecks, Raja Mazumder
10.1186/s12864-016-2827-7	2016	Bioinformatic analysis of genotype by sequencing (GBS) data with NGSEP	BMC Genomics	Claudia Perea, Juan De La Hoz, Daniel Felipe Cruz, Juan David Lobaton, Paulo Izquierdo, Jhon Sneeider Vargas Quintero, Bodo Raatz, Jorge Duitama
10.1016/b978-0-12-802971-8.00019-5	2016	Bioinformatics Tools for Data Analysis	Elsevier eBooks	Lefteris Koumakis, Clint Mizzi, George Potamias
10.1186/s40538-016-0054-8	2016	Bioinformatics for agriculture in the Next-Generation sequencing era	Chemical and Biological Technologies in Agriculture	Alfonso Esposito, Chiara Colantuono, Valentino Ruggieri, Maria Luisa Chiusano
10.20506/rst.35.1.2432	2016	Bioinformatics tools for analysing viral genomic data	Scientific and Technical Review (World Organisation for Animal Health)	Richard J Orton, Qishen Gu, Joseph Hughes, Maha Maabar, Sejal Modha, S.B. VATTIPALLY, Gavin S. Wilkie
	2016	Biological Web Services: Integration, Optimization, and Reasoning.	International Joint Conference on Artificial Intelligence	Michael Benedikt, Rodrigo Sanz López, Efthymia Tsamoura
10.1101/086223	2016	Buchnera has changed flatmate but the repeated replacement of co-obligate symbionts is not associated with the ecological expansions of their aphid hosts	bioRxiv (Cold Spring Harbor Laboratory)	Andrea Sanchez Meseguer, Alejandro Manzano-Marı́n, Armelle Cœur d’Acier, Anne‐Laure Clamens, Martin Godefroid, Emmanuelle Jousselin
10.1111/mec.13910	2016	Buchnera has changed flatmate but the repeated replacement of co‐obligate symbionts is not associated with the ecological expansions of their aphid hosts	Molecular Ecology	Andrea Sanchez Meseguer, Alejandro Manzano-Marı́n, Armelle Cœur d’Acier, A.‐L. Clamens, Martin Godefroid, Emmanuelle Jousselin
10.2218/ijdc.v11i2.409	2016	Building Tools to Facilitate Data Reuse	International Journal of Digital Curation	Stefanie Kethers, Andrew E. Treloar, Mingfang Wu
10.1016/j.future.2016.02.008	2016	Building an open source cloud environment with auto-scaling resources for executing bioinformatics and biomedical workflows	Future Generation Computer Systems	Michael T. Krieger, Óscar Torreño, Oswaldo Trelles, Dieter August Kranzlmüller
10.1093/bioinformatics/btw233	2016	CART—a chemical annotation retrieval toolkit	Bioinformatics	Samy Deghou, Georg Zeller, Murat Iskar, Marja Driessen, Mercedes Castillo, Vera van Noort, Peer Bork
10.1038/srep28355	2016	CTCF contributes in a critical way to spermatogenesis and male fertility	Scientific Reports	Abrahan Hernández‐Hernández, Ingrid Lilienthal, Nanaho Fukuda, Niels Galjart, Christer Höög
10.1186/s12014-016-9124-y	2016	Cardiovascular proteomics in the era of big data: experimental and computational advances	Clinical Proteomics	Maggie P. Y. Lam, Edward Lau, Dominic C. M. Ng, Ding Wang, Peipei Ping
10.1109/smartcloud.2016.18	2016	Challenges and Opportunities in Edge Computing		Blesson Varghese, Nan Wang, Sakil Barbhuiya, Peter Kilpatrick, Dimitrios S. Nikolopoulos
	2016	Challenges and opportunities for system biology standards and tools in medical research	Research Portal (King's College London)	Matthias König, Anika Oellrich, Dagmar Waltemath, Richard Dobson, Tim Hubbard, Olaf Wolkenhauer
10.3390/pharmaceutics8020015	2016	Challenges, Solutions, and Quality Metrics of Personal Genome Assembly in Advancing Precision Medicine	Pharmaceutics	Wenming Xiao, Leihong Wu, Gökhan Yavaş, Vahan V. Simonyan, Baitang Ning, Huixiao Hong
10.1007/s13199-015-0374-7	2016	Characterization of innate immunity genes in the parasitic nematode Brugia malayi	Symbiosis	Silvia Libro, Barton E. Slatko, Jeremy M. Foster
10.1111/cmi.12633	2016	Characterization of the Plasmodium falciparum and P. berghei glycerol 3‐phosphate acyltransferase involved in FASII fatty acid utilization in the malaria parasite apicoplast	Cellular Microbiology	Melanie J. Shears, James I. MacRae, Vanessa Mollard, Christopher Dean Goodman, Angelika Sturm, Lindsey Orchard, Manuel Llinás, Malcolm John McConville, Cyrille Y. Botté, Geoffrey Ian McFadden
10.1021/acschembio.5b01082	2016	Chemical Inhibition of Kynureninase Reduces Pseudomonas aeruginosa Quorum Sensing and Virulence Factor Expression	ACS Chemical Biology	Stephen H. Kasper, Richard P. Bonocora, Joseph T. Wade, Rabi A. Musah, Nathaniel C. Cady
10.1104/pp.15.01669	2016	Chloroplasts Are Central Players in Sugar-Induced Leaf Growth	PLANT PHYSIOLOGY	Judith Van Dingenen, Liesbeth De Milde, Mattias Vermeersch, Katrien Maleux, Riet De Rycke, Michiel De Bruyne, Véronique Storme, Nathalie González, Stijn Dhondt, Dirk Inzé
10.1371/journal.pone.0161202	2016	Chronic Inhibition of STAT3/STAT5 in Treatment-Resistant Human Breast Cancer Cell Subtypes: Convergence on the ROS/SUMO Pathway and Its Effects on xCT Expression and System xc- Activity	PLoS ONE	Katja Linher‐Melville, Mina G. Nashed, Robert G. Ungard, Sina Haftchenary, David A. Rosa, Patrick Thomas Gunning, Gurmit Singh
10.1016/j.ijcard.2016.07.179	2016	Circulating miR-148b-3p and miR-409-3p as biomarkers for heart failure in patients with mitral regurgitation	International Journal of Cardiology	Mien‐Cheng Chen, Tzu‐Hao Chang, Jen-Ping Chang, Hsien‐Da Huang, Wan‐Chun Ho, Yu‐Sheng Lin, Kuo‐Li Pan, Wen-Hao Liu, Yao‐Kuang Huang
10.1016/j.protis.2016.10.005	2016	Clarification of Photorespiratory Processes and the Role of Malic Enzyme in Diatoms	Protist	Aubrey K. Davis, Raffaela M. Abbriano, Sarah R. Smith, Mark Hildebrand
10.1186/s13059-016-0888-1	2016	Classification of low quality cells from single-cell RNA-seq data	Genome biology	Tomislav Ilicic, Jong Kyoung Kim, Aleksandra A. Kolodziejczyk, Frederik Otzen Bagger, Davis James McCarthy, John C. Marioni, Sarah Amalia Teichmann
10.1089/dna.2015.3188	2016	Claudin 1 Expression Levels Affect miRNA Dynamics in Human Basal-Like Breast Cancer Cells	DNA and Cell Biology	Anna Majer, Anne Blanchard, Sarah J. Medina, Stephanie A. Booth, Yvonne Myal
10.1186/s12859-016-0915-y	2016	ClinQC: a tool for quality control and cleaning of Sanger and NGS data in clinical research	BMC Bioinformatics	Ram Vinay Pandey, Stephan Pabinger, Albert Kriegner, Andreas Weinhäusel
10.1007/978-94-017-7543-4_8	2016	Clinical Bioinformatics for Biomarker Discovery in Targeted Metabolomics	Translational bioinformatics	Marc Breit, Christian Baumgärtner, Michael Netzer, Klaus M. Weinberger
10.1007/978-3-319-44881-7_3	2016	Cloud Technologies: A New Level for Big Data Mining	Computer communications and networks	Viktor Medvedev, Olga Kurasova
10.1074/jbc.m115.709386	2016	Cofactors of LIM Domains Associate with Estrogen Receptor α to Regulate the Expression of Noncoding RNA H19 and Corneal Epithelial Progenitor Cell Function	Journal of Biological Chemistry	Rachel Herndon Klein, Denise N. Stephens, Hsiang Ho, Jefferson K. Chen, Michael Salmans, Winnie Wang, Zhengquan Yu, Bogi Andersen
10.1038/srep28999	2016	Cold acclimation wholly reorganizes the Drosophila melanogaster transcriptome and metabolome	Scientific Reports	Heath Andrew MacMillan, Jose M. Knee, Alice B. Dennis, Hiroko Udaka, Katie Elizabeth Marshall, Thomas J. S. Merritt, Brent J. Sinclair
10.1186/s13742-015-0105-2	2016	Colib'read on galaxy: a tools suite dedicated to biological information extraction from raw NGS reads	GigaScience	Yvan Le Bras, Olivier Collin, Cyril Monjeaud, Vincent J. Lacroix, Éric Rivals, Claire Lemaitre, Vincent Mièle, Gustavo Sacomoto, Camille Marchet, Bastien Cazaux, Amal Zine El Aabidine, Leena Salmela, Susete Alves‐Carvalho, Alexan Andrieux, Raluca Uricaru, Pierre Peterlongo
10.1038/srep25255	2016	Colonization with the enteric protozoa Blastocystis is associated with increased diversity of human gut bacterial microbiota	Scientific Reports	Christophe Audebert, Gaël Even, Amandine Cian, The Blastocystis Investigation Group, Dima El Safadi, Gabriela Certad, Laurence Delhaès, Bruno Pereira, Céline Nourrisson, Philippe Poirier, Ivan Wawrzyniak, Frédéric Delbac, Christelle Morelle, Patrick Bastien, Laurence Lachaud, Anne‐Pauline Bellanger,
10.1016/j.actbio.2016.07.043	2016	Combination scaffolds of salmon fibrin, hyaluronic acid, and laminin for human neural stem cell and vascular tissue engineering	Acta Biomaterialia	Janahan Arulmoli, Heather J. Wright, Duc T. T. Phan, Urmi Sheth, Richard A. Que, Giovanni A. Botten, Mark E. Keating, Elliot L. Botvinick, Medha M. Pathak, Thomas I. Zarembinski, Daniel S. Yanni, Olga V. Razorenova, Christopher C.W. Hughes, Lisa A. Flanagan
10.1021/acs.jproteome.6b00452	2016	Combined Transcriptomic and Proteomic Analysis of the Posterior Salivary Gland from the Southern Blue-Ringed Octopus and the Southern Sand Octopus	Journal of Proteome Research	Brooke L. Whitelaw, Jan M. Strugnell, Pierre Faou, Rute R. da Fonseca, Nathan E. Hall, Mark D. Norman, Julian Finn, Ira Cooke
10.1021/acs.est.6b01249	2016	Combined Transcriptomic and Proteomic Approach to Identify Toxicity Pathways in Early Life Stages of Japanese Medaka (Oryzias latipes) Exposed to 1,2,5,6-Tetrabromocyclooctane (TBCO)	Environmental Science & Technology	Jianxian Sun, Song Tang, Hui Peng, David Saunders, Jon A. Doering, Markus Hecker, Paul D. Jones, John Paul Giesy, Steve B. Wiseman
10.1016/j.procs.2016.05.535	2016	Community Science Exemplars in SEAGrid Science Gateway: Apache Airavata Based Implementation of Advanced Infrastructure	Procedia Computer Science	Sudhakar V. Pamidighantam, Supun Nakandala, Eroma Abeysinghe, Chathuri Wimalasena, Shameera Rathnayaka Yodage, Suresh Marru, Marlon Pierce
10.1186/s12864-016-2496-6	2016	Comparative transcriptomics and proteomics of three different aphid species identifies core and diverse effector sets	BMC Genomics	Peter Thorpe, Peter Cock, Jorunn I. B. Bos
10.1128/genomea.00845-16	2016	Complete Genome Sequence of Genotype VI Newcastle Disease Viruses Isolated from Pigeons in Pakistan	Genome Announcements	Abdul Ali Wajid, Shafqat Fatima Rehmani, Poonam R Sharma, Iryna V. Goraichuk, Kiril M. Dimitrov, Claudio L. Afonso
10.1128/genomea.00480-16	2016	Complete Genome Sequence of Seoul Virus Strain Tchoupitoulas	Genome Announcements	Rory W. Miles, Kuiama S. Lewandowski, Barry Atkinson, Steven T. Pullan, Graham Lloyd, Daniel P. Bailey
10.1128/genomea.01116-16	2016	Complete Genome Sequence of Zika Virus Isolated from Semen	Genome Announcements	Barry Atkinson, Victoria Graham, Rory W. Miles, Kuiama S. Lewandowski, Stuart Dowall, Steven T. Pullan, Roger Hewson
10.1128/genomea.01716-15	2016	Complete Genome Sequence of a Genotype XVII Newcastle Disease Virus, Isolated from an Apparently Healthy Domestic Duck in Nigeria	Genome Announcements	Ismaila Ademola Shittu, Poonam R Sharma, Tony Manuel Joannis, Jeremy D. Volkening, Georgina N. Odaibo, David Olufemi Olaleye, Dawn Williams-Coplin, Ponman Solomon, Célia Abolnik, Patti J. Miller, Kiril M. Dimitrov, Claudio L. Afonso
10.1128/genomea.00729-16	2016	Complete Genome Sequence of an Avian Paramyxovirus Representative of Putative New Serotype 13	Genome Announcements	Iryna V. Goraichuk, Poonam R Sharma, B. Т. Stegniy, Denys Muzyka, Mary J. Pantin‐Jackwood, Anton Pavlovych Gerilovych, Oleksii Solodiankin, Vitaliy I. Bolotin, Patti J. Miller, Kiril M. Dimitrov, Claudio L. Afonso
10.1002/mrc.4533	2016	Complex mixtures by NMR and complex NMR for mixtures: experimental and publication challenges	Magnetic Resonance in Chemistry	Julien Wist
10.1080/19490976.2016.1190073	2016	Composition and function of the pediatric colonic mucosal microbiome in untreated patients with ulcerative colitis	Gut Microbes	Rajesh Shah, Julia L. Cope, Dorottya Nagy‐Szakal, Scot E. Dowd, James A. Versalovic, Emily B. Hollister, Richárd Kellermayer
10.1007/s00439-016-1648-8	2016	Comprehensive genetic testing in the clinical evaluation of 1119 patients with hearing loss	Human Genetics	Christina Sloan-Heggen, Amanda O. Bierer, Aiden Eliot Shearer, Diana L. Kolbe, Carla J. Nishimura, Kathy L. Frees, Sean S. Ephraim, Seiji Bruce Shibata, Kevin T. A. Booth, Colleen A. Campbell, Paul T. Ranum, Amy E. Weaver, E. Ann Black-Ziegelbein, Donghong Wang, Héla Azaiez, Richard J. Smith
10.2174/1389202917666160520103447	2016	Computational Tools for Genomic Studies in Plants	Current Genomics	Manuel Martínez
10.20868/upm.thesis.39520	2016	Conservation of Computational Scientific Execution Environments for Workflow-based Experiments Using Ontologies		Idafen Santana-Pérez
10.3390/life6030027	2016	Conservation of the Exon-Intron Structure of Long Intergenic Non-Coding RNA Genes in Eutherian Mammals	Life	Diana A. Chernikova, David Managadze, Galina V. Glazko, Wojciech Makałowski, Igor B. Rogozin
10.1111/mec.13892	2016	Continental‐level population differentiation and environmental adaptation in the mushroom S uillus brevipes	Molecular Ecology	Sara Branco, Ke Bi, Hui‐ling Liao, Pierre Gladieux, Hélène Badouin, Christopher E. Ellison, Nhu Nguyen, Rytas J. Vilgalys, Kabir Peay, John William Taylor, Thomas D. Bruns
10.1201/9781315372303-9	2016	Coral Holobiont Omics: Microbes and Dinoflagellates		Valliappan Karuppiah, Kumarappan Alagappan, Zhiyong Li
10.3389/fphar.2016.00001	2016	Cross-Comparison of Exome Analysis, Next-Generation Sequencing of Amplicons, and the iPLEX® ADME PGx Panel for Pharmacogenomic Profiling	Frontiers in Pharmacology	Eng Wee Chua, Simone L. Cree, Kim N. T. Ton, Klaus Lehnert, Phillip Shepherd, Nuala Ann Helsby, Martin Alexander Kennedy
10.1371/journal.pone.0151816	2016	CsoR Is Essential for Maintaining Copper Homeostasis in Mycobacterium tuberculosis	PLoS ONE	Sarah A. Marcus, Sarah W. Sidiropoulos, Howard N. Steinberg, Adel M. Talaat
10.1145/2974927.2974962	2016	Cyberinfrastructure as a Platform to Facilitate Effective Collaboration between Institutions and Support Collaboratories		Eric Coulter, Jeremy Fischer, Barbara Hallock, Richard Knepper, Dave Lifka, John-Paul Navarro, Marlon Pierce, Craig A. Stewart
10.1261/rna.053561.115	2016	Cytoplasmic long noncoding RNAs are frequently bound to and degraded at ribosomes in human cells	RNA	Joana Carlevaro-Fita, Anisa B. Rahim, Roderic Guigó, Leah A. Vardy, Rory Johnson
10.1186/s12859-016-1158-7	2016	DISMISS: detection of stranded methylation in MeDIP-Seq data	BMC Bioinformatics	Umar H.K. Niazi, Kathrin K. Geyer, Martin J. Vickers, Karl F. Hoffmann, Martin T. Swain
10.1093/nar/gkw1001	2016	DNA Data Bank of Japan	Nucleic Acids Research	Jun Mashima, Yuichi Kodama, Takatomo Fujisawa, Toshiaki Katayama, Yoshihiro Okuda, Eli Kaminuma, Osamu Ogasawara, Kousaku Okubo, Yasukazu Nakamura, Toshihisa Takagi
10.4137/bmi.s32188	2016	DNA Subtraction of In Vivo Selected Phage Repertoires for Efficient Peptide Pathology Biomarker Identification in Neuroinflammation Multiple Sclerosis Model	Biomarker Insights	Karina Vargas-Sánchez, Antonios Vekris, Klaus G. Petry
10.1186/s40537-016-0055-2	2016	Data-aware optimization of bioinformatics workflows in hybrid clouds	Journal Of Big Data	Athanassios M. Kintsakis, Fotis E Psomopoulos, Pericles A. Mitkas
10.1007/978-3-319-41448-5_6	2016	Database Search Engines: Paradigms, Challenges and Solutions	Advances in experimental medicine and biology	Kenneth Verheggen, Lennart Martens, Frode S. Berven, Harald Barsnes, Marc Vaudel
10.1101/045351	2016	Deep mutational scanning reveals characteristics important for targeting of the tail-anchored protein Fis1	bioRxiv (Cold Spring Harbor Laboratory)	Abdurrahman Keskin, Emel Akdoğan, Cory D. Dunn
10.1093/nar/gkw211	2016	DeepBlue epigenomic data server: programmatic data retrieval and analysis of epigenome region sets	Nucleic Acids Research	Felipe Albrecht, Markus List, Christoph Bock, Thomas Lengauer
10.1146/annurev-genom-083115-022348	2016	Defining the Clinical Value of a Genomic Diagnosis in the Era of Next-Generation Sequencing	Annual Review of Genomics and Human Genetics	Natasha T. Strande, Jonathan S. Berg
10.1093/mollus/eyw049	2016	Denser mitogenomic sampling improves resolution of the phylogeny of the superfamily Trochoidea (Gastropoda: Vetigastropoda)	Journal of Molluscan Studies	Juan E. Uribe, Suzanne T. Williams, José Templado, Samuel Abalde, Rafael Zardoya
10.1016/j.envpol.2016.11.071	2016	Depth-resolved microbial community analyses in two contrasting soil cores contaminated by antimony and arsenic	Environmental Pollution	Enzong Xiao, Valdis Krumins, Tangfu Xiao, Yiran Dong, Song Tang, Zengping Ning, Zhengyu Huang, Weimin Sun
10.1016/j.future.2016.08.016	2016	Deriving scientific workflows from algebraic experiment lines: A practical approach	Future Generation Computer Systems	Anderson Marinho, Daniel de Oliveira, Eduardo Ogasawara, Vitor de Castro Silva, Kary Ocaña, Leonardo  Gresta Paulino Murta, Vanessa P. Braganholo, Marta Mattoso
10.48550/arxiv.1609.03484	2016	Designing Workflow Systems Using Building Blocks	arXiv (Cornell University)	Matteo Turilli, André Merzky, Vivek Balasubramanian, Manuel Maldonado, Shantenu Jha
10.1186/s40064-016-2914-x	2016	Developing science gateways for drug discovery in a grid environment	SpringerPlus	Horacio Pérez‐Sánchez, Vahid Rezaei Tabar, Vitaliy Mezhuyev, Duhu Man, Jorge Jpg Peña-García, Helena den-Haan, Sandra Gesing
10.1038/srep25100	2016	Development of Persister-FACSeq: a method to massively parallelize quantification of persister physiology and its heterogeneity	Scientific Reports	Theresa C. Henry, Mark P. Brynildsen
10.3389/fmicb.2016.00202	2016	Development of a High Resolution Virulence Allelic Profiling (HReVAP) Approach Based on the Accessory Genome of Escherichia coli to Characterize Shiga-Toxin Producing E. coli (STEC)	Frontiers in Microbiology	Valeria Michelacci, Massimiliano Orsini, Arnold Knijn, Sabine Delannoy, Patrick Fach, Alfredo Caprioli, Stefano Morabito
10.1093/bib/bbw032	2016	Development of a cloud-based Bioinformatics Training Platform	Briefings in Bioinformatics	Jerico Revote, Nathan S. Watson‐Haigh, Steve Quenette, Blair Bethwaite, Annette McGrath, Catherine A. Shang
10.1016/j.jmoldx.2016.06.002	2016	Diagnostic Detection of Allelic Losses and Imbalances by Next-Generation Sequencing	Journal of Molecular Diagnostics	Hendrikus Jan Dubbink, Peggy N. Atmodimedjo, Ronald van Marion, Niels M. G. Krol, Peter H. J. Riegman, Johan M. Kros, Martin J. van den Bent, Winand N.M. Dinjens
10.1016/j.ajpath.2016.02.011	2016	Diagnostic and Biological Significance of KIR Expression Profile Determined by RNA-Seq in Natural Killer/T-Cell Lymphoma	American Journal Of Pathology	Can Küçük, Xiaozhou Hu, Qiang Gong, Bei Jiang, Adam S. Cornish, Philippe Gaulard, Timothy W. McKeithan, Wing Chung Chan
	2016	Diet Analysis of Maumee River Fishes using Cytochrome C Oxidase (COI) DNA Metabarcoding ― Insights into a Critical Time of Year	OhioLink ETD Center (Ohio Library and Information Network)	Megan G Shortridge
10.1371/journal.pone.0163769	2016	Differential Rickettsial Transcription in Bloodfeeding and Non-Bloodfeeding Arthropod Hosts	PLoS ONE	Victoria I. Verhoeve, Krit Jirakanwisal, Tadanobu Utsuki, Kevin R. Macaluso
10.1371/journal.pone.0157727	2016	Differential Transcriptome Networks between IDO1-Knockout and Wild-Type Mice in Brain Microglia and Macrophages	PLoS ONE	Dianelys González-Peña, Scott E. Nixon, Bruce R. Southey, Marcus A. Lawson, Robert H. McCusker, Álvaro González Hernández, Robert Dantzer, Keith W. Kelley, Sandra L. Rodriguez‐Zas
10.1038/srep20064	2016	Digital detection of endonuclease mediated gene disruption in the HIV provirus	Scientific Reports	Ruth Hall Sedlak, Shu Ying Liang, Nixon Niyonzima, Harshana S. De Silva Feelixge, Pavitra Roychoudhury, Alexander L. Greninger, Nicholas D. Weber, Sandrine Boissel, Andrew M. Scharenberg, Anqi Cheng, Amalia Magaret, Roger E. Bumgarner, Daniel Stone, Keith R. Jerome
10.1186/s12864-016-2376-0	2016	Discovery and profiling of small RNAs responsive to stress conditions in the plant pathogen Pectobacterium atrosepticum	BMC Genomics	Stanford Kwenda, Vladimir Yu. Gorshkov, Aadi Moolam Ramesh, Sanushka Naidoo, Enrico Rubagotti, Paul R. J. Birch, Lucy Moleleki
10.1101/mcs.a000844	2016	Discovery of a potentially deleterious variant in TMEM87B in a patient with a hemizygous 2q13 microdeletion suggests a recessive condition characterized by congenital heart disease and restrictive cardiomyopathy	Molecular Case Studies	Hung‐Chun Yu, Curtis R. Coughlin, Elizabeth A. Geiger, Blake J. Salvador, Ellen Roy Elias, Jean L. Cavanaugh, Kathryn C. Chatfield, Shelley D. Miyamoto, Tamim H. Shaikh
10.1101/gr.203513.115	2016	Distinct transcription factor complexes act on a permissive chromatin landscape to establish regionalized gene expression in CNS stem cells	Genome Research	Daniel W. Hagey, Cécile Zaouter, Gaëlle Combeau, Monika Andersson‐Lendahl, Olov Andersson, Mikael Huss, Jonas Muhr
10.1093/femsec/fiw200	2016	Diversity and temporal patterns of planktonic protist assemblages at a Mediterranean Long Term Ecological Research site	FEMS Microbiology Ecology	Roberta Piredda, Maria Paola Tomasino, Anna Maria D’Erchia, Caterina Manzari, Graziano Pesole, Marina Montresor, Wiebe H. C. F. Kooistra, Diana Sarno, Adriana Zingone
10.1016/j.exer.2016.11.014	2016	Dnmt1, Dnmt3a and Dnmt3b cooperate in photoreceptor and outer plexiform layer development in the mammalian retina	Experimental Eye Research	Ratnesh Kumar Singh, Ramya K. Mallela, Abigail Hayes, Nicholas R. Dunham, Morgan Hedden, Ray A. Enke, Robert N. Fariss, Hal Sternberg, Michael D. West, Igor O. Nasonkin
10.4018/978-1-5225-0700-0.ch005	2016	Documenting Provenance for Reproducible Marine Ecosystem Assessment in Open Science	Advances in environmental engineering and green technologies book series	Xiaogang Ma, Stace E. Beaulieu, Linyun Fu, Peter Fox, Massimo Di Stefano, Patrick Leslie West
10.1007/s00253-016-7506-8	2016	Dominance of ammonia-oxidizing archaea community induced by land use change from Masson pine to eucalypt plantation in subtropical China	Applied Microbiology and Biotechnology	Fang-Qiu Zhang, Wen Pan, Ji‐Dong Gu, Bin Xu, Weihua Zhang, Baozhu Zhu, Yuxia Wang, Yong-Feng Wang, Yong-Feng Wang, Yong-Feng Wang
10.7554/elife.19573	2016	Dormancy-specific imprinting underlies maternal inheritance of seed dormancy in Arabidopsis thaliana	eLife	Urszula Piskurewicz, Mayumi Iwasaki, Daichi Susaki, Christian Megies, Tetsu Kinoshita, Luis Lopez‐Molina
10.3389/fpls.2016.00191	2016	Dual RNA-Sequencing of Eucalyptus nitens during Phytophthora cinnamomi Challenge Reveals Pathogen and Host Factors Influencing Compatibility	Frontiers in Plant Science	Febé E. Meyer, Louise Simone Shuey, Sitha Naidoo, Sitha Naidoo, Thandekile Mamni, Dave Kenneth Berger, Alexander Andrew Myburg, Noëlani van den Berg, Sanushka Naidoo, Sanushka Naidoo
10.1126/scisignal.aaf5642	2016	Dynamic DNA methylation regulates neuronal intrinsic membrane excitability	Science Signaling	Jarrod P. Meadows, Mikael Guzman Karlsson, Scott E. Phillips, Jordan A. Brown, Sarah K. Strange, J. David Sweatt, John J. Hablitz
10.1109/cloudcom.2016.0052	2016	Dynamic Deployment of Scientific Workflows in the Cloud Using Container Virtualization		Rawaa Putros Qasha, Jacek Cała, Paul Watson
10.1109/pyhpc.2016.005	2016	Dynamic Provisioning and Execution of HPC Workflows Using Python		Chris Harris, Patrick O’Leary, Michael Grauer, Aashish Chaudhary, Chris Kotfila, Robert M. O’Bara
10.1038/srep34055	2016	Dysbiosis of small intestinal microbiota in liver cirrhosis and its association with etiology	Scientific Reports	Yanfei Chen, Feng Ji, Jing Guo, Ding Shi, Daiqiong Fang, Lanjuan Li
10.1002/hbm.23136	2016	Early developmental gene enhancers affect subcortical volumes in the adult human brain	Human Brain Mapping	Martin Becker, Tulio M. Guadalupe, Barbara Franke, Derrek P. Hibar, Miguel E. Rentería, Jason L. Stein, Paul M. Thompson, Clyde Francks, Sonja C. Vernes, Simon E. Fisher
10.1007/s00018-016-2215-0	2016	Ebola virus encodes a miR-155 analog to regulate importin-α5 expression	Cellular and Molecular Life Sciences	Yuanwu Liu, Jing Sun, Hongwen Zhang, Mingming Wang, George F. Gao, Xiangdong Li
10.1371/journal.pone.0163178	2016	Effects of Elevated Tropospheric Ozone Concentration on the Bacterial Community in the Phyllosphere and Rhizoplane of Rice	PLoS ONE	Yoshiaki Ueda, Katharina Frindte, Claudia Knief, Mohammad Ashrafuzzaman, Michael Frei
10.1371/journal.pone.0168860	2016	Effects of Propidium Monoazide (PMA) Treatment on Mycobiome and Bacteriome Analysis of Cystic Fibrosis Airways during Exacerbation	PLoS ONE	Linh Do Ngoc Nguyen, Pieter Deschaght, Sophie Merlin, Alexandre Loywick, Christophe Audebert, Sabine Van daele, Éric Viscogliosi, Mario Vaneechoutte, Laurence Delhaès
10.1038/nature17664	2016	Efficient introduction of specific homozygous and heterozygous mutations using CRISPR/Cas9	Nature	Dominik Paquet, Dylan Kwart, Chen Antonia, Andrew A. Sproul, Samson Jacob, Shaun Teo, Kimberly Moore Olsen, Andrew Gregg, Scott Noggle, Marc Tessier‐Lavigne
10.1093/bib/bbw044	2016	Embracing an integromic approach to tissue biomarker research in cancer: Perspectives and lessons learned	Briefings in Bioinformatics	Gerald Li, Peter Bankhead, Philip D. Dunne, Paul G. O’Reilly, Jacqueline A. James, Manuel Salto‐Tellez, Peter W. Hamilton, Darragh G. McArt
10.1007/s10723-016-9388-5	2016	Enabling Workflow-Oriented Science Gateways to Access Multi-Cloud Systems	Journal of Grid Computing	Zoltán Farkas, Péter Kacsuk, Ákos Hajnal
10.3389/fmicb.2016.00511	2016	Enantioselective Utilization of D-Amino Acids by Deep-Sea Microorganisms	Frontiers in Microbiology	Takaaki Kubota, Tohru Kobayashi, Takuro Nunoura, Fumito Maruyama, Shigeru Deguchi
	2016	Endofday: A Container Workflow Engine for Scalable, Reproducible Computation		Joe Stubbs, S. E. Talley, Wálter Moreira, Rion Dooley, Ann E. Stapleton
10.1038/ncomms13101	2016	Endoglin integrates BMP and Wnt signalling to induce haematopoiesis through JDP2	Nature Communications	June Baik, Alessandro Magli, Naoyuki Tahara, Scott Allen Swanson, Naoko Koyano‐Nakagawa, Luciene Borges, Ron M. Stewart, Daniel J. Garry, Yasuhiko Kawakami, James Alexander Thomson, Rita C. R. Perlingeiro
10.1101/089631	2016	Enhancing Knowledge Discovery from Cancer Genomics Data with Galaxy	bioRxiv (Cold Spring Harbor Laboratory)	Marco Albuquerque, Bruno M. Grande, Elie J. Ritch, Selin Jessa, Martin I. Krzywinski, Jasleen Grewal, Sohrab P. Shah, Paul Christopher Boutros, Ryan D. Morin
10.1101/075457	2016	Enhancing pre-defined workflows with ad hoc analytics using Galaxy, Docker and Jupyter	bioRxiv (Cold Spring Harbor Laboratory)	Björn Andreas Grüning, Eric S. Rasche, Boris Rebolledo‐Jaramillo, Carl Eberhard, Torsten Houwaart, John M. Chilton, Nate Coraor, Rolf Backofen, James Taylor, ANTON Y NEKRUTENKO
10.1186/s13072-016-0095-z	2016	EpiMINE, a computational program for mining epigenomic data	Epigenetics & Chromatin	Sriganesh Jammula, Diego Pasini
10.1155/2016/2860780	2016	Epigenetic Studies Point to DNA Replication/Repair Genes as a Basis for the Heritable Nature of Long Term Complications in Diabetes	Journal of Diabetes Research	Alexey A. Leontovich, Robert V. A. Intine, Michael P. Sarras
10.3389/fmicb.2016.00893	2016	Epimicrobiota Associated with the Decay and Recovery of Orbicella Corals Exhibiting Dark Spot Syndrome	Frontiers in Microbiology	Julie L. Meyer, J. Michael Rodgers, Brian A. Dillard, Valerie Jean Paul, Max Teplitski
10.1007/164_2016_93	2016	Equipping Physiologists with an Informatics Tool Chest: Toward an Integerated Mitochondrial Phenome	Handbook of experimental pharmacology	Anders O. Garlid, Jennifer S. Polson, Keith Garlid, Henning Hermjakob, Peipei Ping
10.1080/13658816.2015.1137579	2016	Establishing a framework for Open Geographic Information science	International Journal of Geographical Information Systems	Alex David Singleton, Seth E. Spielman, Chris Brunsdon
10.1534/genetics.116.196428	2016	Evidence for Amino Acid Snorkeling from a High-Resolution, In Vivo Analysis of Fis1 Tail-Anchor Insertion at the Mitochondrial Outer Membrane	Genetics	Abdurrahman Keskin, Emel Akdoğan, Cory D. Dunn
10.1038/srep21589	2016	Evidence from Multiple Species that Spider Silk Glue Component ASG2 is a Spidroin	Scientific Reports	Matthew A. Collin, Thomas H. Clarke, Nadia A. Ayoub, Cheryl Y. Hayashi
10.1111/nyas.13192	2016	Evolvix BEST Names for semantic reproducibility across code2brain interfaces	Annals of the New York Academy of Sciences	Laurence Loewe, Katherine S. Scheuer, Seth A. Keel, Vaibhav Vyas, Ben Liblit, Bret M. Hanlon, Michael C. Ferris, John Yin, Inês Dutra, Anthony Pietsch, Christine G. Javid, Cecilia L. Moog, Jocelyn R Meyer, Jerdon W. Dresel, Brian McLoone, Sonya Loberger, Arezoo Movaghar, Morgaine Gilchrist-Scott, Ya
10.1007/s00799-016-0174-6	2016	Experiences in integrated data and research object publishing using GigaDB	International Journal on Digital Libraries	Scott Edmunds, Peter Li, Chris Hunter, Si Zhe Xiao, Rob Davidson, Nicole Nogoy, Laurie Goodman
10.1371/journal.pone.0147039	2016	Exploration of Human Salivary Microbiomes—Insights into the Novel Characteristics of Microbial Community Structure in Caries and Caries-Free Subjects	PLoS ONE	Jianye Zhou, Nan Jiang, Shaoguo Wang, Xiaopan Hu, Kangli Jiao, Xiangyi He, Zhiqiang Li, Jizeng Wang
10.1109/wsc.2016.7822090	2016	FROM DESKTOP TO LARGE-SCALE MODEL EXPLORATION WITH SWIFT/T.	PubMed	Jonathan Ozik, Nicholson T. Collier, Justin M. Wozniak, Carmine Spagnuolo
10.3389/fict.2016.00015	2016	Fastr: A Workflow Engine for Advanced Data Flows in Medical Image Analysis	Frontiers in ICT	Hakim C. Achterberg, Marcel Koek, Wiro J. Niessen
	2016	Feature Enhancement and Performance Evaluation of BioPig Analytics		Lizhen Shi
10.1371/journal.pgen.1006398	2016	Fine Mapping of a Dravet Syndrome Modifier Locus on Mouse Chromosome 5 and Candidate Gene Analysis by RNA-Seq	PLoS Genetics	Nicole A. Hawkins, Nicole J. Zachwieja, Alison R. Miller, Lyndsey L. Anderson, Jennifer A. Kearney
10.1109/icccri.2016.17	2016	Flexible Container-Based Computing Platform on Cloud for Scientific Workflows		Kai Liu, Kento Aida, Shigetoshi Yokoyama, Masatani Yoshinobu
10.1111/mec.13555	2016	Frequency and mitotic heritability of epimutations in Schistosoma mansoni	Molecular Ecology	David Roquis, Anne Rognon, Cristian Chaparro, Jérôme Boissier, Nathalie Arancibia, Céline Cosseau, Hugues Parrinello, Christoph Grunau
10.5902/2448190421133	2016	From Data Islands to Sharing Data in the Cloud: the Evolution of Data Integration in Biological Data Repositories	Revista ComInG - Communications and Innovations Gazette	Vinicius V. Cogo, Alysson Bessani
10.1109/wsc.2016.7822090	2016	From desktop to Large-Scale Model Exploration with Swift/T		Jonathan Ozik, Nicholson T. Collier, Justin M. Wozniak, Carmine Spagnuolo
10.1186/s12864-016-3203-3	2016	Functional variants of human papillomavirus type 16 demonstrate host genome integration and transcriptional alterations corresponding to their unique cancer epidemiology	BMC Genomics	Robert B. Jackson, Bruce A. Rosa, Sonia Lameiras, Sean Cuninghame, Josee Bernard, Wely Brasil Floriano, Paul F. Lambert, Alain G. Nicolas, Ingeborg Zehbe
10.1007/978-3-319-39687-3_28	2016	GENESIS—Cloud-Based System for Next Generation Sequencing Analysis: A Proof of Concept	Smart innovation, systems and technologies	Maider Alberich, Arkaitz Artetxe, Eduardo Santamaría-Navarro, Alfons Nonell‐Canals, Grégory Maclair
10.1101/067561	2016	GSuite HyperBrowser: integrative analysis of dataset collections across the genome and epigenome	bioRxiv (Cold Spring Harbor Laboratory)	Boris Simovski, Daniel Vodák, Sveinung Gundersen, Diana Domańska, Abdulrahman A. Azab, Lars Holden, Marit Holden, Ivar Grytten, Knut Dagestad Rand, Finn Drabløs, Morten Johansen, Antonio Mora, Christin Lund‐Andersen, Bastian Fromm, Ragnhild Eskeland, Odd S. Gabrielsen, Sigve Nakken, Mads Bengtsen, A
10.1371/journal.pone.0152686	2016	GUIdock: Using Docker Containers with a Common Graphics User Interface to Address the Reproducibility of Research	PLoS ONE	Ling‐Hong Hung, Daniel Kristiyanto, Sung Bong Lee, Ka Yee Yeung
10.1093/bioinformatics/btw042	2016	Galaxy Portal: interacting with the galaxy platform through mobile devices	Bioinformatics	Claus Børnich, Ivar Grytten, Eivind J. Hovig, Jonas Paulsen, Martin Čech, Geir Kjetil Sandve
10.1038/mtna.2016.54	2016	Galaxy Workflows for Web-based Bioinformatics Analysis of Aptamer High-throughput Sequencing Data	Molecular Therapy — Nucleic Acids	William H. Thiel
10.1186/s13742-016-0115-8	2016	Galaxy-M: a Galaxy workflow for processing and analyzing direct infusion and liquid chromatography mass spectrometry-based metabolomics data	GigaScience	Rob Davidson, Ralf J. M. Weber, Haoyu Liu, Archana Sharma‐Oates, Mark R. Viant
10.1093/aob/mcw187	2016	Gene conversion events and variable degree of homogenization of rDNA loci in cultivars of Brassica napus	Annals of Botany	Jana Sochorová, Olivier Coriton, Alena Kuderová, Jana Lunerová, Anne‐Marie Chèvre, Aleš Kovařı́k
10.1101/096529	2016	GeneSeqToFamily: the Ensembl Compara GeneTrees pipeline as a Galaxy workflow	bioRxiv (Cold Spring Harbor Laboratory)	Anil S. Thanki, Nicola Soranzo, Wilfried Haerty, Robert Davey
10.1016/j.bbr.2016.12.008	2016	Genetic predisposition to high anxiety- and depression-like behavior coincides with diminished DNA methylation in the adult rat amygdala	Behavioural Brain Research	Chelsea R. McCoy, Nateka L. Jackson, Jeremy J. Day, Sarah M. Clinton
10.3791/54239	2016	Genome-wide Purification of Extrachromosomal Circular DNA from Eukaryotic Cells	Journal of Visualized Experiments	Henrik Devitt Møller, Rasmus K. Bojsen, Chris Tachibana, Lance Parsons, David Botstein, Birgitte Regenberg
10.3791/54239-v	2016	Genome-wide Purification of Extrachromosomal Circular DNA from Eukaryotic Cells	Journal of Visualized Experiments	Henrik Devitt Møller, Rasmus K. Bojsen, Chris Tachibana, Lance Parsons, David Botstein, Birgitte Regenberg
10.1038/ng.3603	2016	Genome-wide association meta-analysis in Chinese and European individuals identifies ten new loci associated with systemic lupus erythematosus	Nature Genetics	David Lester Morris, Yujun Sheng, Yan Zhang, Yongfei Wang, Zhengwei Zhu, Philip Tombleson, Lingyan Chen, Deborah S. Cunninghame Graham, James Bentham, Amy L. Roberts, Ruoyan Chen, Xianbo Zuo, Ting-You Wang, Leilei Wen, Chao Yang, Lu Liu, Lulu Yang, Feng Li, Yuanbo Huang, Xianyong Yin, Sen Yang, Lars
10.1007/s00438-016-1211-2	2016	Genome-wide identification of novel genetic markers from RNA sequencing assembly of diverse Aegilops tauschii accessions	Molecular Genetics and Genomics	Ryo Nishijima, Kentaro Yoshida, Yuka Motoi, Kazuhiro Sato, Shigeo Takumi
10.1007/978-1-4939-6622-6_10	2016	Genomic Database Searching	Methods in molecular biology	James R. A. Hutchins
10.1093/jhered/esw044	2016	Genomic Methods Take the Plunge: Recent Advances in High-Throughput Sequencing of Marine Mammals	Journal of Heredity	Kristina M. Cammen, Kimberly R. Andrews, Emma L. Carroll, Andrew David Foote, Emily Humble, Jane I. Khudyakov, Marié Louis, Michael R. McGowen, Morten Tange Olsen, Amy M. Van Cise
10.1002/9781119272182.ch6	2016	Genomic Variants Detection and Genotyping		Jorge Duitama
10.1186/s13100-016-0066-8	2016	Genomic analysis of mouse VL30 retrotransposons	Mobile DNA	Georgios S. Markopoulos, Dimitrios Noutsopoulos, Stefania Mantziou, Demetrios P. Gerogiannis, Soteroula Thrasyvoulou, George Vartholomatos, Evangelos Kolettas, Theodore J. Tzavaras
10.3120/0024-9637-63.1.34	2016	Genomic and Phylogenetic Analysis of the Complete Plastid Genome of the California Endemic SeaweedWildemania schizophylla(Bangiaceae)	Madroño	Jeffery R. Hughey
10.1007/978-3-319-24049-7_3	2016	Genomics of Phenotypic Plasticity in Aphids		Jennifer A. Brisson, Julie Jaquiéry, Fabrice Legeai, Gaël Le Trionnaire, Denis Tagu
10.1111/mmi.13437	2016	Global Tn‐seq analysis of carbohydrate utilization and vertebrate infectivity of Borrelia burgdorferi	Molecular Microbiology	Erin B. Troy, Tao Lin, Lihui Gao, David W. Lazinski, Maureen E. Lundt, Andrew Camilli, Steven J. Norris, Linden T. Hu
10.1002/etc.3505	2016	Global transcriptomic profiling in barramundi (Lates calcarifer) from rivers impacted by differing agricultural land uses	Environmental Toxicology and Chemistry	Sharon E. Hook, Frederieke J. Kroon, Suzanne S. Metcalfe, Paul A. Greenfield, Philippe Moncuquet, Annette McGrath, Rachael A. Smith, Michael St. J. Warne, Ryan D. R. Turner, Adam McKeown, David A. Westcott
10.1371/journal.pone.0165980	2016	Glucose Starvation Alters Heat Shock Response, Leading to Death of Wild Type Cells and Survival of MAP Kinase Signaling Mutant	PLoS ONE	Nora Plesofsky, LeeAnn Higgins, Todd W. Markowski, Robert M. Brambl
10.1109/bigdata.2016.7840993	2016	GraphFlow: Workflow-based big graph processing		Sara Riazi, Boyana Norris
10.1016/j.micres.2016.11.001	2016	Gut content microbiota of introduced bigheaded carps ( Hypophthalmichthys spp.) inhabiting the largest shallow lake in Central Europe	Microbiological Research	Andrea K. Borsodi, Attila Szabó, Gergely Krett, Tamás Felföldi, András Specziàr, Gergely Boros
10.18260/p.25497	2016	HPC as a Service in Education		Hassan Rajaei, Saba Jamalian
10.1146/annurev-pharmtox-010716-104659	2016	Harnessing Big Data for Systems Pharmacology	The Annual Review of Pharmacology and Toxicology	Lei Xie, Eli J. Draizen, Philip E. Bourne
10.1101/077115	2016	Harnessing Big Data for Systems Pharmacology	bioRxiv (Cold Spring Harbor Laboratory)	Lei Xie, Eli J. Draizen, Philip E. Bourne
10.1096/fj.201600603r	2016	Heme acquisition in the parasitic filarial nematode Brugia malayi	The FASEB Journal	Ashley N. Luck, Xiaojing Yuan, Denis Voronin, Barton E. Slatko, Iqbal Hamza, Jeremy M. Foster
10.1101/084954	2016	HiC-bench: comprehensive and reproducible Hi-C data analysis designed for parameter exploration and benchmarking	bioRxiv (Cold Spring Harbor Laboratory)	Charalampos Lazaris, Stephen Kelly, Panagiotis Ntziachristos, Iannis Aifantis, Aristotelis Tsirigos
10.4995/thesis/10251/75265	2016	High Performance Scientific Computing over Hybrid Cloud Platforms		Amanda Calatrava Arroyo
10.1007/978-1-4939-6630-1_14	2016	High-Resolution Genome-Wide Mapping of Nucleosome Positioning and Occupancy Level Using Paired-End Sequencing Technology	Methods in molecular biology	Mylène Brunelle, Sébastien Rodrigue, Pierre‐Étienne Jacques, Nicolas Y. Gévry
10.1371/journal.pntd.0005117	2016	High-Throughput Parallel Sequencing to Measure Fitness of Leptospira interrogans Transposon Insertion Mutants during Acute Infection	PLoS neglected tropical diseases	Kristel Lourdault, James Matsunaga, David A. Haake
10.1109/tbme.2016.2555481	2016	How Modeling Standards, Software, and Initiatives Support Reproducibility in Systems Biology and Systems Medicine	IEEE Transactions on Biomedical Engineering	Dagmar Waltemath, Olaf Wolkenhauer
10.1145/2818048.2819946	2016	How to Hackathon		Erik H. Trainer, Arun Kalyanasundaram, Chalalai Chaihirunkarn, James D. Herbsleb
10.1002/humu.23110	2016	How to Identify Pathogenic Mutations among All Those Variations: Variant Annotation and Filtration in the Genome Sequencing Era	Human Mutation	David Salgado, M. Bellgard, Jean‐Pierre Desvignes, Christophe Béroud
10.1371/journal.pone.0153881	2016	Identification and Characterization of Two Novel RNA Viruses from Anopheles gambiae Species Complex Mosquitoes	PLoS ONE	Guillaume Carissimo, Karin Eiglmeier, Julie Réveillaud, Inge Holm, Mawlouth Diallo, Diawo Diallo, Amélie Vantaux, Saorin Kim, Didier Ménard, Siv Sovannaroth, Eugeni Belda, Emmanuel Bischoff, Christophe Antoniewski, Kenneth D. Vernick
10.1128/genomea.01581-15	2016	Identification and Complete Genome Sequence Analysis of a Genotype XIV Newcastle Disease Virus from Nigeria	Genome Announcements	Ismaila Ademola Shittu, Poonam R Sharma, Jeremy D. Volkening, Ponman Solomon, Lanre Sulaiman, Tony Manuel Joannis, Dawn Williams-Coplin, Patti J. Miller, Kiril M. Dimitrov, Claudio L. Afonso
10.1038/srep33605	2016	Identification of antisense long noncoding RNAs that function as SINEUPs in human cells	Scientific Reports	Aleks Schein, Silvia Zucchelli, Sakari Kauppinen, Stefano Gustincich, Piero Carninci
10.1016/j.bbagrm.2016.05.001	2016	Identification of plant transcription factor target sequences	Biochimica et Biophysica Acta (BBA) - Gene Regulatory Mechanisms	Jose Manuel Franco‐Zorrilla, Roberto Solano
10.1073/pnas.1606994113	2016	Identification of shared TCR sequences from T cells in human breast cancer using emulsion RT-PCR	Proceedings of the National Academy of Sciences	Daniel J. Munson, Colt A. Egelston, Kami Chiotti, Zuly E. Parra, Tullia Carmela Bruno, Brandon L. Moore, Taizo A. Nakano, Diana L. Simons, Grecia Jimenez, John Hosei Yim, Dmitri V. Rozanov, Michael T. Falta, Andrew P. Fontenot, Paul R. Reynolds, Sonia M. Leach, Virginia F. Borges, John W. Kappler, P
10.1186/s13073-016-0308-x	2016	Identification of the BRD1 interaction network and its impact on mental disorder risk	Genome Medicine	Tue Fryland, Jane Christensen, Jonatan Pallesen, Manuel Mattheisen, Johan Palmfeldt, Mads Bak, Jakob Grove, Ditte Demontis, Jenny Blechingberg, Hong Ooi, Mette Nyegaard, Mads E. Hauberg, Niels Tommerup, Niels Gregersen, Ole N Mors, Thomas J. Corydon, Anders Lade Nielsen, Anders Dupont Børglum
10.1016/j.ymeth.2016.11.011	2016	Identification of unknown RNA partners using MAPS	Methods	David Lalaouna, Karine Prévost, Alex Eyraud, Éric Massé
10.26512/2015.04.d.21891	2016	Identificação de snoRNAs usando aprendizagem de máquina		João Victor de Araújo Oliveira
10.1371/journal.pone.0155839	2016	Identifying Aspects of the Post-Transcriptional Program Governing the Proteome of the Green Alga Micromonas pusilla	PLoS ONE	Peter Waltman, Jian Ping Guo, Emily Nahas Reistetter, Samuel Owen Purvine, Charles K. Ansong, Marijke J. van Baren, Chee‐Hong Wong, Chia‐Lin Wei, Richard Smith, Stephen Callister, Joshua M. Stuart, Alexandra Z. Worden
10.1101/pdb.prot093187	2016	Identifying Regions Enriched in a ChIP-seq Data Set (Peak Finding)	Cold Spring Harbor Protocols	Jui‐Hung Hung, Zhiping Weng
10.1038/srep31603	2016	Immune cell-specific transcriptional profiling highlights distinct molecular pathways controlled by Tob1 upon experimental autoimmune encephalomyelitis	Scientific Reports	Alessandro Didonna, Egle Cekanaviciute, Jorge R. Oksenberg, Sergio E. Baranzini
10.1111/ele.12567	2016	Impact of soil heat on reassembly of bacterial communities in the rhizosphere microbiome and plant disease suppression	Ecology Letters	Menno van der Voort, Marcel Kempenaar, Marc van Driel, Jos M. Raaijmakers, Rodrigo Mendes
10.4995/thesis/10251/67630	2016	Improved Error Correction of NGS Data		Andrei Stefan Alic
10.26686/wgtn.17019068	2016	Improving the Performance of Cloud-based Scientific Services		Ryan Chard
10.26686/wgtn.17019068.v1	2016	Improving the Performance of Cloud-based Scientific Services		Ryan Chard
10.1007/s12229-016-9171-0	2016	In Reply to the Cannabis Experts: Plastome Phylogenies Support the Parallel Hypothesis for Species Concepts in the Cannabaceae (sensu stricto)	The Botanical Review	Jeffrey R. Boutain
10.1038/srep34106	2016	In Utero Caffeine Exposure Induces Transgenerational Effects on the Adult Heart	Scientific Reports	Xiefan Fang, Ryan R. Poulsen, Scott A. Rivkees, Christopher Charles Wendler
10.1007/s12013-016-0754-5	2016	In silico dissection of miRNA targetome polymorphisms and their role in regulating miRNA-mediated gene expression in esophageal cancer	Cell Biochemistry and Biophysics	Ziba Nariman‐Saleh‐Fam, Milad Bastami, Mohammad Hossein Somi, Nasser Samadi, Mohammad Reza Abbaszadegan, Farkhondeh Behjati, Hamid Ghaedi, Javad Tavakkoly‐Bazzaz, Andrea Masotti
10.1007/s00248-015-0726-0	2016	Increasing the Richness of Culturable Arsenic-Tolerant Bacteria from Theonella swinhoei by Addition of Sponge Skeleton to the Growth Medium	Microbial Ecology	Ray Keren, Adi Lavy, Micha Ilan
10.1128/aem.02412-16	2016	Influences of pH and Iron Concentration on the Salivary Microbiome in Individual Humans with and without Caries	Applied and Environmental Microbiology	Jianye Zhou, Nan Jiang, Zhenzhen Wang, Longqing Li, Jumei Zhang, Rui Ma, Hongbing Nie, Zhiqiang Li
10.1016/j.future.2016.06.002	2016	InfraPhenoGrid: A scientific workflow infrastructure for plant phenomics on the Grid	Future Generation Computer Systems	Christophe Pradal, Simon Artzet, Jérôme Chopard, Dimitri Dupuis, Christian Fournier, Michael Mielewczik, Vincent Nègre, Pascal Neveu, Didier Parigot, Patrick Valduriez, Sarah Cohen‐Boulakia
10.15439/2016f523	2016	Innovations from the early user phase on the Jetstream Research Cloud	Annals of Computer Science and Information Systems	Richard Knepper, Jeremy Fischer, Craig A. Stewart, David Y. Hancock, Matthew R. Link
10.1016/j.cois.2016.09.008	2016	Insect phylogenetics in the digital age	Current Opinion in Insect Science	Chris H. Dietrich, Dmitry A. Dmitriev
10.1128/aem.02786-16	2016	Insight into the Genome of Brochothrix thermosphacta, a Problematic Meat Spoilage Bacterium	Applied and Environmental Microbiology	Tamsyn Stanborough, Narelle Fegan, Shane M. Powell, Mark L. Tamplin, P. Scott Chandry
10.1093/bioinformatics/btw069	2016	Integrated genome browser: visual analytics platform for genomics	Bioinformatics	Nowlan H. Freese, David C. Norris, Ann E. Loraine
10.1089/big.2015.0057	2016	Integration and Visualization of Translational Medicine Data for Better Understanding of Human Diseases	Big Data	Venkata Satagopam, Wei Gu, Serge Eifes, Piotr Gawron, Marek Ostaszewski, Stephan Gebel, Adriano Barbosa-Silva, Rudi Balling, Reinhard Schneider
10.18632/oncotarget.13025	2016	Integrative analysis of DNA copy number, DNA methylation and gene expression in multiple myeloma reveals alterations related to relapse	Oncotarget	Patryk Krzemiński, Luis Antonio Corchete, Juan Luis Garcı́a, Lucía López‐Corral, Encarnación Fermiñán, Eva Garcı́a, Ana África Martín, Jesús María Hernández‐Rivas, Ramón García‐Sánz, Jesús F. San Miguel, Norma Carmen Gutierrez
10.1080/15384101.2016.1198862	2016	Investigating core genetic-and-epigenetic cell cycle networks for stemness and carcinogenic mechanisms, and cancer drug design using big database mining and genome-wide next-generation sequencing data	Cell Cycle	Chengwei Li, Bor‐Sen Chen
	2016	Investigating the Role of Immunity and Other Selective Pressures on the Assembly of the Gut Microbiota in Zebrafish and Humans	Scholars' Bank (University of Oregon)	Keaton Stagaman
10.1111/cei.12835	2016	Investigation of JAKs/STAT-3 in lipopolysaccharide-induced intestinal epithelial cells	Clinical & Experimental Immunology	Lu Fu, L-W Wei, M-D Zhao, J-L Zhu, S-Y Chen, X-B Jia, S-J Lai
10.1146/annurev-statistics-060116-054104	2016	Is Most Published Research Really False?	Annual Review of Statistics and Its Application	Jeffrey T. Leek, Leah R. Jager
10.1101/050575	2016	Is most published research really false?	bioRxiv (Cold Spring Harbor Laboratory)	Jeffrey T. Leek, Leah R. Jager
10.1534/g3.115.023010	2016	Isolation of a Hypomorphic skn-1 Allele That Does Not Require a Balancer for Maintenance	G3 Genes Genomes Genetics	Lanlan Tang, William Dodd, Keith Patrick Choe
10.1186/s13742-016-0133-6	2016	Keemei: cloud-based validation of tabular bioinformatics file formats in Google Sheets	GigaScience	Jai Ram Rideout, John Chase, Evan K Bolyen, Gail L. Ackermann, Antonio González-Torres, Rob Knight, J. Gregory Caporaso
10.1096/fj.201600346r	2016	Knockdown of DNA methyltransferase 3a alters gene expression and inhibits function of embryonic cardiomyocytes	The FASEB Journal	Xiefan Fang, Ryan R. Poulsen, John Wang‐Hu, Olivia Shi, Nicholas S. Calvo, Chelsey S. Simmons, Scott A. Rivkees, Christopher Charles Wendler
10.1101/040352	2016	Kronos: a workflow assembler for genome analytics and informatics	bioRxiv (Cold Spring Harbor Laboratory)	Mohammad Jafar Taghiyar, Jamie Rosner, Diljot S. Grewal, Bruno M. Grande, Rad Aniba, Jasleen Grewal, Paul Christopher Boutros, Ryan D. Morin, Ali Bashashati, Sohrab P. Shah
	2016	LAPPS/Galaxy: Current State and Next Steps		Nancy Ide, Keith Suderman, Eric Nyberg, James D. Pustejovsky, Marc Verhagen
10.1021/acs.jproteome.6b00407	2016	LFQProfiler and RNPxl: Open-Source Tools for Label-Free Quantification and Protein–RNA Cross-Linking Integrated into Proteome Discoverer	Journal of Proteome Research	Johannes A. Veit, Timo T. Sachsenberg, Aleksandar Chernev, Fabian Aicheler, Henning Urlaub, Oliver Kohlbacher
10.1371/journal.ppat.1006041	2016	Large-Scale Phylogenomic Analysis Reveals the Complex Evolutionary History of Rabies Virus in Multiple Carnivore Hosts	PLoS Pathogens	Cécile Troupin, Laurent Dacheux, Marion Tanguy, Claude Taurai Sabeta, Hervé Blanc, Christiane Bouchier, Marco Vignuzzi, Sebastián Duchêne, Edward Charles Holmes, Hervé Bourhy
10.1016/j.future.2016.02.010	2016	Large-scale biological meta-database management	Future Generation Computer Systems	Edvard Pedersen, Lars Ailo Bongo
10.2991/meici-16.2016.54	2016	Learning the Computing Quality Statistics Method of the Sequence Reads		Henghua Shi, Xin Xu
10.2991/mcei-16.2016.2	2016	Learning the Masking and Reverse Complement Method of the Sequence Reads	Advances in intelligent systems research/Advances in Intelligent Systems Research	Henghua Shi, Xin Xu
10.2991/mcei-16.2016.1	2016	Learning the Quality Filter Method of Sequence by Quality Cut-off Value and Base Percent	Advances in intelligent systems research/Advances in Intelligent Systems Research	Henghua Shi, Xin Xu
10.2991/mcei-16.2016.86	2016	Learning the Sequence Reads Information of Bioinformatics Analysis Method	Advances in intelligent systems research/Advances in Intelligent Systems Research	Henghua Shi, Xin Yu Xu
10.3389/fmicb.2016.01953	2016	Localization and Transcriptional Responses of Chrysoporthe austroafricana in Eucalyptus grandis Identify Putative Pathogenicity Factors	Frontiers in Microbiology	Ronishree Mangwanda, Lizahn Zwart, Nicolaas A. van der Merwe, Lucy Moleleki, Dave Kenneth Berger, Alexander Andrew Myburg, Sanushka Naidoo
10.1016/j.ajpath.2016.05.011	2016	Long Noncoding RNA Expression Profiling in Normal B-Cell Subsets and Hodgkin Lymphoma Reveals Hodgkin and Reed-Sternberg Cell–Specific Long Noncoding RNAs	American Journal Of Pathology	Mina Masoumeh Tayari, Melanie Winkle, Gertrud Kortman, Jantine G. Sietzema, Debora de Jong, Martijn M. Terpstra, Pieter Mestdagh, Frans G. M. Kroese, Lydia Visser, Arjan Diepstra, Klaas Kok, Anke van den Berg, Joost L. Kluiver
10.5334/jors.95	2016	Longbow: A Lightweight Remote Job Submission Tool	Journal of Open Research Software	James T. Gebbie-Rayet, Gareth Shannon, Hannes H. Loeffler, Charles A. Laughton
10.1534/g3.116.033613	2016	Male-Specific Transcription Factor Occupancy Alone Does Not Account for Differential Methylation at Imprinted Genes in themouseGerm Cell Lineage	G3 Genes Genomes Genetics	Edward J. Romasko, Nora Engel
10.1002/mbo3.392	2016	Marine and giant viruses as indicators of a marine microbial community in a riverine system	MicrobiologyOpen	Lisa M. Dann, Stephanie Rosales, Jody C. McKerral, James S. Paterson, Renee J. Smith, Thomas C. Jeffries, Rod L. Oliver, James G. Mitchell
10.1080/00450618.2015.1134658	2016	Massively parallel sequencing for the forensic scientist – sequencing archived amplified products of AmpFlSTR Identifiler and PowerPlex Y multiplex kits to capture additional information	Australian Journal of Forensic Sciences	Ryan England, SallyAnn Harbison
10.1038/srep37237	2016	MathIOmica: An Integrative Platform for Dynamic Omics	Scientific Reports	George I. Mias, Tahir Yusufaly, Raeuf Roushangar, Lavida R. K. Brooks, Vikas Vikram Singh, Christina Christou
10.1101/074260	2016	MathIOmica: an integrative platform for dynamic omics	bioRxiv (Cold Spring Harbor Laboratory)	George I. Mias, Tahir Yusufaly, Raeuf Roushangar, Lavida R. K. Brooks, Vikas Vikram Singh, Christina Christou
10.1016/j.watres.2016.01.006	2016	Meso and micro-scale response of post carbon removal nitrifying MBBR biofilm across carrier type and loading	Water Research	Bradley Young, Bahman Banihashemi, Daina Forrest, Kevin J. Kennedy, Alain Stintzi, Robert Delatolla
10.1007/s41048-016-0033-4	2016	MetaDP: a comprehensive web server for disease prediction of 16S rRNA metagenomic datasets	Biophysics Reports	Xilin Xu, Aiping Wu, Xinlei Zhang, Mingming Su, Taijiao Jiang, Zheming Yuan
10.12688/f1000research.6139.3	2016	MetaGenSense: A web-application for analysis and exploration of high throughput sequencing metagenomic data	F1000Research	Damien Correia, Olivia Doppelt‐Azeroual, Jean-Baptiste Denis, Mathias Vandenbogaert, Valérie Caro
10.12688/f1000research.6139.2	2016	MetaGenSense: A web-application for analysis and exploration of high throughput sequencing metagenomic data	F1000Research	Damien Correia, Olivia Doppelt‐Azeroual, Jean-Baptiste Denis, Mathias Vandenbogaert, Valérie Caro
10.48550/arxiv.1602.05328	2016	MetaPalette: A $k$-mer painting approach for metagenomic taxonomic profiling and quantification of novel strain variation	arXiv (Cornell University)	David Koslicki, Daniel Falush
10.1128/msystems.00020-16	2016	MetaPalette: a k -mer Painting Approach for Metagenomic Taxonomic Profiling and Quantification of Novel Strain Variation	mSystems	David Koslicki, Daniel Falush
10.1101/097063	2016	Metagenomic Characteristics of Bacterial Response to Petroleum Hydrocarbon Contamination in Diverse Environments as Revealed by Functional Taxonomic Strategies	bioRxiv (Cold Spring Harbor Laboratory)	Arghya Mukherjee, Bobby Chettri, James S. Langpoklakpam, Pijush Basak, Aravind Prasad, Ashis Kumar Mukherjee, Maitree Bhattacharyya, Arvind Kumar Singh, Dhrubajyoti Chattopadhyay
10.4137/ebo.s36436	2016	Metagenomics, Metatranscriptomics, and Metabolomics Approaches for Microbiome Analysis	Evolutionary Bioinformatics	Vanessa Aguiar‐Pulido, Wenrui Huang, Victoria Suárez-Ulloa, Trevor Cickovski, Kalai Mathee, Giri Narasimhan
10.1101/039909	2016	Metapalette: A k -Mer Painting Approach for Metagenomic Taxonomic Profiling and Quantification of Novel Strain Variation	bioRxiv (Cold Spring Harbor Laboratory)	David Koslicki, Daniel Falush
10.1080/14789450.2016.1209418	2016	Metaproteomic data analysis at a glance: advances in computational microbial community proteomics	Expert Review of Proteomics	Thilo Muth, Bernhard Y. Renard, Lennart Martens
10.1101/048983	2016	Metavisitor, a suite of Galaxy tools for simple and rapid detection and discovery of viruses in deep sequence data	bioRxiv (Cold Spring Harbor Laboratory)	Guillaume Carissimo, Marius van den Beek, Juliana Pegoraro, Kenneth D. Vernick, Christophe Antoniewski
10.1186/s13742-016-0117-6	2016	Methodological challenges and analytic opportunities for modeling and interpreting Big Healthcare Data	GigaScience	Ivo D. Dinov
10.4109/jslab.27.41	2016	Methods for analyzing next-generation sequencing dataVI. genome assembly	Japanese Journal of Lactic Acid Bacteria	Yasuhiro Tanizawa, Eli Kaminuma, Yasukazu Nakamura, Kentaro K. Shimizu, Koji Kadota
10.1167/iovs.15-17828	2016	MicroRNA Profiling in Aqueous Humor of Individual Human Eyes by Next-Generation Sequencing	Investigative Ophthalmology & Visual Science	Thomas Wecker, Klaus Hoffmeier, Anne Plötner, Björn Andreas Grüning, Ralf Horres, Rolf Backofen, Thomas Reinhard, Günther Schlunck
10.1128/aem.02781-15	2016	Microbial and Functional Diversity within the Phyllosphere of Espeletia Species in an Andean High-Mountain Ecosystem	Applied and Environmental Microbiology	Carlos A. Ruiz-Pérez, Silvia Restrepo, María Mercedes Zambrano
10.5194/bg-13-3091-2016	2016	Microbial co-occurrence patterns in deep Precambrian bedrock fracture fluids	Biogeosciences	Lotta Purkamo, Malin Bomberg, Riikka Kietäväinen, Heikki Salavirta, Mari Nyyssönen, Maija Nuppunen-Puputti, Lasse Ahonen, Ilmo Kukkonen, Merja Itävaara
10.5194/bg-13-6031-2016	2016	Microbial communities and their predicted metabolic characteristics in deep fracture groundwaters of the crystalline bedrock at Olkiluoto, Finland	Biogeosciences	Malin Bomberg, Tiina Lamminmäki, Merja Itävaara
10.1111/1462-2920.13513	2016	Microbial diversity within the T richodesmium holobiont	Environmental Microbiology	Mónica Rouco, Sheean T. Haley, Sonya T. Dyhrman
10.1097/mib.0000000000000684	2016	Microbiome Survey of the Inflamed and Noninflamed Gut at Different Compartments Within the Gastrointestinal Tract of Inflammatory Bowel Disease Patients	Inflammatory Bowel Diseases	Jessica D. Forbes, Gary Van Domselaar, Charles Noah Bernstein
10.1186/s12864-016-2437-4	2016	Microdissection of lampbrush chromosomes as an approach for generation of locus-specific FISH-probes and samples for high-throughput sequencing	BMC Genomics	Anna M. Zlotina, Tatiana Kulikova, Nadezda Kosyakova, Thomas Liehr, Alla Krasikova
10.1007/978-3-319-41279-5_10	2016	Mining Massive Genomic Data for Therapeutic Biomarker Discovery in Cancer: Resources, Tools, and Algorithms		Pan Tong, Hua Li
10.1016/j.yjmcc.2016.05.004	2016	Misexpression of Tbx18 in cardiac chambers of fetal mice interferes with chamber-specific developmental programs but does not induce a pacemaker-like gene signature	Journal of Molecular and Cellular Cardiology	Franziska Greulich, Mark‐Oliver Trowe, Andreas Leffler, Carsten Stoetzer, Henner F. Farin, Andreas Kispert
10.1002/humu.23003	2016	Mitochondrial DNA Variation and Heteroplasmy in Monozygotic Twins Clinically Discordant for Multiple Sclerosis	Human Mutation	Nicole Y. Souren, Lisa Ann Gerdes, Tania Kümpfel, Pavlo Lutsik, Thomas Klopstock, Reinhard Hohlfeld, Jörn Walter
10.1080/23802359.2016.1219636	2016	Mitochondrial and plastid genome analysis of the heteromorphic red alga Mastocarpus papillatus (C. Agardh) Kützing (Phyllophoraceae, Rhodophyta) reveals two characteristic florideophyte organellar genomes	Mitochondrial DNA Part B	Marina Nasri Sissini, Teresa M. Navarrete-Fernández, Erin M.C. Murray, Jillian M. Freese, Anais S. Gentilhomme, Soren R. Huber, Thomas F. Mumford, Jeffery R. Hughey
10.1080/23802359.2016.1182452	2016	Mitochondrial and plastid genome analysis of the marine red alga Coeloseira compressa (Champiaceae, Rhodophyta)	Mitochondrial DNA Part B	Zareen M. Kilpatrick, Jeffery R. Hughey
10.1080/23802359.2016.1181995	2016	Mitogenome of Mytilus trossulus (Mytilidae, Bivalvia) isolated from a 1920 herbarium specimen	Mitochondrial DNA Part B	Jeffery R. Hughey, Ga Hun Boo, Sung Min Boo
10.1016/j.bpj.2015.12.041	2016	Models and Simulations as a Service: Exploring the Use of Galaxy for Delivering Computational Models	Biophysical Journal	Mark A Walker, Ravi Madduri, Alex C. Rodriguez, Joseph L. Greenstein, Raimond L. Winslow
10.1642/auk-15-222.1	2016	Molecular analysis of nestling diet in a long-distance Neotropical migrant, the Louisiana Waterthrush ( Parkesia motacilla )	The Auk	Brian K. Trevelline, Steven C. Latta, Leesia C Marshall, Tim Nuttle, Brady A. Porter
10.11646/phytotaxa.245.4.7	2016	Molecular phylogenetic analysis of Sciadophycus stellatus (Rhodymeniales, Rhodophyta) supports its placement in the family Rhodymeniaceae	Phytotaxa	Jeffery R. Hughey, Kathy Ann Miller
	2016	Molecular physiology of tick salivary secretion and transcriptomics of tick in interaction with tick-borne pathogen	K-State Research Exchange (Kansas State University)	Kim, Donghun
10.1016/j.ajpath.2016.03.013	2016	Mouse Models of NMNAT1-Leber Congenital Amaurosis (LCA9) Recapitulate Key Features of the Human Disease	American Journal Of Pathology	Scott H. Greenwald, Jeremy R. Charette, Magdalena Maria Staniszewska, Lan Ying Shi, Steve D. M. Brown, Lisa V. Stone, Qin Liu, Wanda L. Hicks, Gayle B. Collin, Michael R. Bowl, Mark P. Krebs, Patsy M. Nishina, Eric A. Pierce
10.1089/cmb.2016.0031	2016	MuffinInfo: HTML5-Based Statistics Extractor from Next-Generation Sequencing Data	Journal of Computational Biology	Andy S. Alic, Ignácio Blanquer
10.1093/bioinformatics/btv770	2016	Multi-omics enrichment analysis using the GeneTrail2 web service	Bioinformatics	Daniel Stöckel, Tim Kehl, Patrick Trampert, Lara Schneider, Christina Backes, Nicole Ludwig, Andreas Gerasch, Michael Kaufmann, Manfred Gessler, Norbert M. Graf, Eckart U. Meese, Andreas Keller, Hans‐Peter Lenhof
10.1371/journal.pone.0147697	2016	MutAid: Sanger and NGS Based Integrated Pipeline for Mutation Identification, Validation and Annotation in Human Molecular Genetics	PLoS ONE	Ram Vinay Pandey, Stephan Pabinger, Albert Kriegner, Andreas Weinhäusel
10.1186/s12859-016-1011-z	2016	MutSpec: a Galaxy toolbox for streamlined analyses of somatic mutation spectra in human and mouse cancer genomes	BMC Bioinformatics	Maude Ardin, Vincent Cahais, Xavier Castells, Liacine Bouaoun, Graham B Byrnes, Zdenko Herceg, Jiří Zavadil, Magali Olivier
10.1186/s12859-016-0902-3	2016	NEAT: a framework for building fully automated NGS pipelines and analyses	BMC Bioinformatics	Patrick Schorderet
10.1007/978-1-4939-3578-9_13	2016	NGS-QC Generator: A Quality Control System for ChIP-Seq and Related Deep Sequencing-Generated Datasets	Methods in molecular biology	Marco Antonio Mendoza-Parra, Mohamed-Ashick M. Saleem, Matthias Blum, Pierre‐Etienne Cholley, Hinrich Gronemeyer
10.1104/pp.16.01626	2016	Natural Variation of Molecular and Morphological Gibberellin Responses	PLANT PHYSIOLOGY	Youn-Jeong Nam, Dorota Herman, Jonas Blomme, Eunyoung Chae, Mikiko Kojima, Frederik Coppens, Véronique Storme, Twiggy Van Daele, Stijn Dhondt, Hitoshi Sakakibara, Detlef Weigel, Dirk Inzé, Nathalie González
10.1111/ejn.13404	2016	Neonatal maternal separation stress elicits lasting DNA methylation changes in the hippocampus of stress‐reactive Wistar Kyoto rats	European Journal of Neuroscience	Chelsea R. McCoy, Samir Rana, Sara Anne Stringfellow, Jeremy J. Day, James Michael Wyss, Sarah M. Clinton, Ilan A. Kerman
	2016	New Genomics Tools and Strategies for Studying Antibiotics and Antibiotic-Resistance in Staphylococcus Aureus	Digital Access to Scholarship at Harvard (DASH) (Harvard University)	Marina Santiago
10.4103/0019-509x.180832	2016	Next generation sequencing analysis of lung cancer datasets: A functional genomics perspective	Indian Journal of Cancer	Prashanth Suravajhala, Pranathi Pappu, Dhatri Madduru, M Chandrasekharan, Vijayachitra Modhukur, S Nallapeta
10.2199/jjsca.36.537	2016	Next-generation Sequencing Technologies, Educations, and Analysis Guidelines	THE JOURNAL OF JAPAN SOCIETY FOR CLINICAL ANESTHESIA	Koji Kadota
10.1186/s12864-016-2503-y	2016	Next-generation genotyping of hypervariable loci in many individuals of a non-model species: technical and theoretical implications	BMC Genomics	Kathleen E. Grogan, Gwendolyn J. McGinnis, Michelle L. Sauther, Frank P. Cuozzo, Christine M. Drea
10.1016/j.mimet.2016.02.016	2016	Next-generation sequencing (NGS) in the microbiological world: How to make the most of your money	Journal of Microbiological Methods	Antony T. Vincent, Nicolas Derôme, Brian W. Boyle, Alexander I. Culley, Steve J. Charette
10.1038/leu.2016.143	2016	Next-generation sequencing identifies major DNA methylation changes during progression of Ph+ chronic myeloid leukemia	Leukemia	Gerwin Heller, Thaïs Topakian, Corinna Altenberger, Sabine Cerny‐Reiterer, Susanne Herndlhofer, Barbara R. Ziegler, Paul Datlinger, Konstantin Byrgazov, Christoph Bock, Christine Mannhalter, Gregor Hörmann, Wolfgang R. Sperr, Thomas Lion, Christoph Carl Zielinski, Peter Valent, Sabine Zöchbauer‐Müll
10.1038/ncomms10458	2016	Non-CG DNA methylation is a biomarker for assessing endodermal differentiation capacity in pluripotent stem cells	Nature Communications	Lee M Butcher, Mitsuteru Ito, Minodora Brimpari, Tiffany J. Morris, Filipa A. C. Soares, Lars Ährlund‐Richter, Nessa Carey, Ludovic Vallier, Anne C. Ferguson‐Smith, Stephan Beck
10.1128/jvi.00930-16	2016	Noncoding Subgenomic Flavivirus RNA Is Processed by the Mosquito RNA Interference Machinery and Determines West Nile Virus Transmission by Culex pipiens Mosquitoes	Journal of Virology	Giel P. Göertz, Jelke Jan Fros, Pascal Miesen, Chantal B. F. Vogels, M. Leontien van der Bent, Corinne Geertsema, Constantianus J. M. Koenraadt, Ronald P. van Rij, Monique M. van Oers, Gorben P. Pijlman
10.1007/978-3-319-32703-7_103	2016	Novel Methods for Correcting Next Generation Sequencing Errors in the $$\beta $$ Chain of T Cell Receptors	World Congress on Medical Physics and Biomedical Engineering, September 7 - 12, 2009, Munich, Germany	Chrysi Panopoulou, Christos Maramis, Nicos Maglaveras, Ioanna Chouvarda
10.1109/rtsi.2016.7740643	2016	Nubytics: Scalable cloud services for data analysis and prediction		Eugenio Cesario, Andrea Raffaele Iannazzo, Fabrizio Marozzo, Fabrizio Morello, Domenico Talia, Paolo Trunfio
10.1016/j.jmgm.2016.07.008	2016	Open source molecular modeling	Journal of Molecular Graphics and Modelling	Somayeh Pirhadi, Jocelyn Sunseri, David Ryan Koes
10.1039/9781782626732-00259	2016	OpenMS: A Modular, Open-Source Workflow System for the Analysis of Quantitative Proteomics Data	Royal Society of Chemistry eBooks	Lars Nilse
10.1038/nmeth.3959	2016	OpenMS: a flexible open-source software platform for mass spectrometry data analysis	Nature Methods	Hannes Luc Röst, Timo T. Sachsenberg, Stephan Aiche, Chris Bielow, Hendrik Weisser, Fabian Aicheler, Sandro Andreotti, Hans‐Christian Ehrlich, Petra Gutenbrunner, Erhan Kenar, Xiao Liang, Sven Nahnsen, Lars Nilse, Julianus Pfeuffer, George Rosenberger, Marc Rurik, Uwe Schmitt, Johannes A. Veit, Math
10.1107/s1600577516007980	2016	Optimization of tomographic reconstruction workflows on geographically distributed resources	Journal of Synchrotron Radiation	Tekin Biçer, Doğa Gürsoy, Rajkumar Kettimuthu, Francesco De Carlo, Ian T Foster
10.1080/23802359.2016.1192515	2016	Organellar genome analysis of the marine red alga Dasya binghamiae (Dasyaceae, Rhodophyta) reveals an uncharacteristic florideophyte mitogenome structure	Mitochondrial DNA Part B	Diana A. Tamayo, Jeffery R. Hughey
	2016	Original article The Reactome BioMart		Robin Haw, David Croft, Christina K. Yung, Nelson Ndegwa, Henning Hermjakob, Lincoln Stein
10.1101/053348	2016	PIVOT: Platform for Interactive Analysis and Visualization of Transcriptomics Data	bioRxiv (Cold Spring Harbor Laboratory)	Qin Zhu, Stephen Fisher, Hannah R. Dueck, Sarah A. Middleton, Mugdha Khaladkar, Junhyong Kim
10.1002/ecs2.1393	2016	Patterns of natural fungal community assembly during initial decay of coniferous and broadleaf tree logs	Ecosphere	Annemieke van der Wal, Paulien J. A. Klein Gunnewiek, J. Hans C. Cornelissen, Thomas Ward Crowther, Wietse de Boer
10.1016/j.celrep.2016.04.063	2016	Persistent Alterations in Microglial Enhancers in a Model of Chronic Pain	Cell Reports	Franziska Denk, Megan Crow, Athanasios Didangelos, Douglas M. Lopes, Stephen Brendan McMahon
10.1007/978-3-319-41279-5_9	2016	Perspectives of Machine Learning Techniques in Big Data Mining of Cancer		Archana Prabahar, Subashini Swaminathan
10.1093/jhered/esw086	2016	Phylogenetics of Kingsnakes,Lampropeltis getulaComplex (Serpentes: Colubridae), in Eastern North America	Journal of Heredity	Kenneth L. Krysko, Leroy P. Nuñez, Catherine E. Newman, Brian W. Bowen
10.1093/bioinformatics/btw817	2016	Planning bioinformatics workflows using an expert system	Bioinformatics	Xiaoling Chen, Jeffrey T. Chang
10.1038/srep23680	2016	Plant and soil fungal but not soil bacterial communities are linked in long-term fertilized grassland	Scientific Reports	Noriko A. Cassman, Márcio Fernandes Alves Leite, Yao Pan, Mattias de Hollander, Johannes A. van Veen, Eiko E. Kuramae
10.15252/emmm.201606188	2016	Plasmodium falciparum var genes expressed in children with severe malaria encode CIDRα1 domains	EMBO Molecular Medicine	Jakob Schmidt Jespersen, Christian William Wang, Sixbert Isdory Mkumbaye, Daniel TR Minja, Bent Petersen, Louise Turner, Jens E. V. Petersen, John Lusingu, Thor Grundtvig Theander, Thomas Lavstsen
10.1111/gcbb.12362	2016	Plastid genome sequencing reveals biogeographical structure and extensive population genetic variation in wild populations of Phalaris arundinacea L. in north‐western Europe	GCB Bioenergy	Aude Perdereau, Manfred Klaas, Susanne Barth, Trevor Roland Hodkinson
10.1007/978-3-319-41448-5_9	2016	Platforms and Pipelines for Proteomics Data Analysis and Management	Advances in experimental medicine and biology	Marius Cosmin Codrea, Sven Nahnsen
10.1016/j.ympev.2015.12.022	2016	Pliocene–Pleistocene lineage diversifications in the Eastern Indigo Snake (Drymarchon couperi) in the Southeastern United States	Molecular Phylogenetics and Evolution	Kenneth L. Krysko, Leroy P. Nuñez, Catherine A. Lippi, Daniel J. B. Smith, Michael Constantine Granatosky
10.14989/doctor.k19855	2016	Policy-Aware Parallel Execution of Composite Services	Institutional Repositories DataBase (IRDB)	Xuan Trang
	2016	Principle, analysis, application and challenges of next-generation sequencing: a review	arXiv (Cornell University)	Khalid Raza, Sabahuddin Ahmad
10.1093/hmg/ddw405	2016	Properties of human disease genes and the role of genes linked to Mendelian disorders in complex disease aetiology	Human Molecular Genetics	Nino Spataro, Juan Antonio Rodríguez, Arcadi Navarro, Elena Bosch
10.1039/9781782626732-00365	2016	Proteogenomics: Proteomics for Genome Annotation	Royal Society of Chemistry eBooks	Fawaz Ghali, Andrew R. Jones
10.1021/acs.jproteome.5b00772	2016	Proteome Scale-Protein Turnover Analysis Using High Resolution Mass Spectrometric Data from Stable-Isotope Labeled Plants	Journal of Proteome Research	Kai‐Ting Fan, Aaron Rendahl, Wen‐Ping Chen, Dana M. Freund, William M. Gray, Jerry D. Cohen, Adrian D. Hegeman
10.1074/mcp.m115.055954	2016	Proteome-wide Identification of Novel Ceramide-binding Proteins by Yeast Surface cDNA Display and Deep Sequencing	Molecular & Cellular Proteomics	Scott M. Bidlingmaier, Kevin D. Ha, Nam-Kyung Lee, Su Yang, Bin Liu
10.1007/978-3-7091-1416-2_2	2016	Proteomics		Jonathan M. Wastling, Dong Xia
10.1089/zeb.2015.1154	2016	Pseudo- De Novo Assembly and Analysis of Unmapped Genome Sequence Reads in Wild Zebrafish Reveal Novel Gene Content	Zebrafish	Joshua J. Faber-Hammond, Kim H. Brown
10.1371/journal.pone.0163794	2016	PubMedPortable: A Framework for Supporting the Development of Text Mining Applications	PLoS ONE	Kersten Döring, Björn Andreas Grüning, Kiran K. Telukunta, Philippe E Thomas, Stefan Günther
10.3390/agronomy6040062	2016	QTL for Water Use Related Traits in Juvenile Barley	Agronomy	Gwendolin Wehner, Christiane Balko, Frank Ordon
10.1145/2896338.2896367	2016	QnGene		David Lauzon, Simon Grondin, Alain April
	2016	QnGene: A scalable query engine optimized for analysis of genomic data (Extended Abstract)		David Lauzon, Simon Grondin, Alain April
10.1128/mbio.01279-16	2016	Quantitative Transcriptomics Reveals the Growth- and Nutrient-Dependent Response of a Streamlined Marine Methylotroph to Methanol and Naturally Occurring Dissolved Organic Matter	mBio	Scott Michael Gifford, Jamie W. Becker, Oscar A. Sosa, Daniel James Repeta, Edward F. DeLong
10.1142/9789813207813_0016	2016	RABIX: AN OPEN-SOURCE WORKFLOW EXECUTOR SUPPORTING RECOMPUTABILITY AND INTEROPERABILITY OF WORKFLOW DESCRIPTIONS		Gaurav N. Kaushik, Sinisa Ivkovic, Janko Simonovic, Nebojša Tijanić, Brandi N. Davis‐Dusenbery, Deniz Kural
10.1007/978-3-319-43335-6_4	2016	RNA Sequencing Applied to Livestock Production		Sara de las Heras‐Saldana, Hawlader Abdullah Al-Mamun, Mohammad Ferdosi, Majid Khansefid, Cedric Gondro
10.1111/gbb.12323	2016	RNA ‐sequencing profiles hippocampal gene expression in a validated model of cancer‐induced depression	Genes Brain & Behavior	Mina G. Nashed, Katja Linher‐Melville, Benicio Noronha Frey, Gurmit Singh
10.1007/s11295-016-0995-x	2016	RNA-seq analysis in forest tree species: bioinformatic problems and solutions	Tree Genetics & Genomes	Unai López de Heredia, José Luis Vázquez‐Poletti
10.1111/pbi.12664	2016	RNAi‐mediated endogene silencing in strawberry fruit: detection of primary and secondary siRNAs by deep sequencing	Plant Biotechnology Journal	Katja Härtl, Gregor Kalinowski, Thomas Hoffmann, Anja Preuß, Wilfried G. Schwab
10.1016/j.cmpb.2016.10.008	2016	RUbioSeq+: A multiplatform application that executes parallelized pipelines to analyse next-generation sequencing data	Computer Methods and Programs in Biomedicine	Miriam Rubio-Camarillo, Hugo López-Fernández, Gonzalo Goméz-López, Ángel Carro, José M. Fernández, Coral Fustero‐Torre, Florentino Fdez‐Riverola, Daniel Glez‐Peña
10.1007/978-3-319-40126-3_15	2016	RUbioSeq+: An Application that Executes Parallelized Pipelines to Analyse Next-Generation Sequencing Data	Advances in intelligent systems and computing	Miriam Rubio-Camarillo, Hugo López-Fernández, Gonzalo Goméz-López, Ángel Carro, José M. Fernández, Florentino Fdez‐Riverola, Daniel Glez‐Peña, David G. Pisano
10.1101/074708	2016	Rabix: an open-source workflow executor supporting recomputability and interoperability of workflow descriptions	bioRxiv (Cold Spring Harbor Laboratory)	Gaurav N. Kaushik, Sinisa Ivkovic, Janko Simonovic, Nebojša Tijanić, Brandi N. Davis‐Dusenbery, Deniz Kural
10.1038/nprot.2016.143	2016	Rapid identification of causal mutations in tomato EMS populations via mapping-by-sequencing	Nature Protocols	Virginie Garcia, Cécile Brès, Daniel Just, Lucie Fernandez, Fabienne Wong Jun Tai, Jean‐Philippe Mauxion, Marie‐Christine Le Paslier, Aurélie Berard, Dominique Brunel, Koh Aoki, Saleh Alseekh, Alisdair Robert Fernie, Paul David Fraser, Christophe Rothan
10.1007/978-3-319-39086-4_1	2016	Reasoning About Discovery Clouds	Lecture notes in computer science	Ian T Foster
10.1186/s13742-016-0127-4	2016	Recommendations for open data science	GigaScience	Melissa Gymrek, Yossi Farjoun
10.11606/d.95.2016.tde-20230725-114604	2016	Reconstrução da rede metabólica em escala genômica da bactéria Burkholderia sacchari		Paulo Moisés Raduan Alexandrino
10.1186/s12864-016-3016-4	2016	Recurrent evolution of host and vector association in bacteria of the Borrelia burgdorferi sensu lato species complex	BMC Genomics	Noémie S. A. Becker, Gabriele Margos, Helmut Blum, Stefan Krebs, Alexander E. Graf, Robert S. Lane, Santiago Castillo‐Ramírez, Andreas Sing, Volker Fingerle
10.1155/2016/6421039	2016	Reducing the Cost of the Diagnostic Odyssey in Early Onset Epileptic Encephalopathies	BioMed Research International	Charuta Joshi, Diana L. Kolbe, Maria Adela Mansilla, Sara O. Mason, Richard J. Smith, Colleen A. Campbell
10.1093/molbev/msw165	2016	Regulatory Divergence among Beta-Keratin Genes during Bird Evolution	Molecular Biology and Evolution	Maloyjo Joyraj Bhattacharjee, Chun-Ping Yu, Jinn-Jy Lin, Chen Siang Ng, Tzi‐Yuan Wang, Hsin-Hung Lin, Wen‐Hsiung Li
10.1101/068031	2016	Removing bias against short sequences enables northern blotting to better complement RNA-seq for the study of small RNAs	bioRxiv (Cold Spring Harbor Laboratory)	Yun Sik Choi, Lanelle O. Edwards, Aubrey DiBello, Antony M Jose
10.1073/pnas.1603823113	2016	Repair of adjacent single-strand breaks is often accompanied by the formation of tandem sequence duplications in plant genomes	Proceedings of the National Academy of Sciences	Simon Schiml, Friedrich Fauser, Holger Puchta
10.1016/j.future.2015.12.017	2016	Reproducibility of execution environments in computational science using Semantics and Clouds	Future Generation Computer Systems	Idafen Santana-Pérez, Rafael Ferreira da Silva, Mats Rynge, Ewa Deelman, Marı́a S. Pérez, Óscar Corcho
10.1186/s12859-016-1125-3	2016	Reusable, extensible, and modifiable R scripts and Kepler workflows for comprehensive single set ChIP-seq analysis	BMC Bioinformatics	Nathan James Allen Cormier, Tyler Kolisnik, Mark C. Bieda
10.1093/molbev/msw139	2016	Reverse Transcription Errors and RNA–DNA Differences at Short Tandem Repeats	Molecular Biology and Evolution	Arkarachai Fungtammasan, Marta Tomaszkiewicz, Rebeca Campos-Sánchez, Kristin A. Eckert, Michael DeGiorgio, Kateryna D. Makova
10.1371/journal.pone.0157022	2016	SARTools: A DESeq2- and EdgeR-Based R Pipeline for Comprehensive Differential Analysis of RNA-Seq Data	PLoS ONE	Hugo Varet, Loraine Brillet-Guéguen, Jean‐Yves Coppée, Marie‐Agnès Dillies
10.1186/s12859-016-1344-7	2016	SIMBA: a web tool for managing bacterial genome assembly generated by Ion PGM sequencing technology	BMC Bioinformatics	Diego Mariano, Felipe Luiz Pereira, Edgar Lacerda de Aguiar, Letícia de Castro Oliveira, Leandro Benevides, Luís Carlos Guimarães, Edson Luiz Folador, Thiago J. Sousa, Preetam Ghosh, Debmalya Barh, Henrique César Pereira Figueiredo, Artur Silva, Rommel Thiago Jucá Ramos, Vasco Azevedo
10.1186/s12859-016-1104-8	2016	SUSHI: an exquisite recipe for fully documented, reproducible and reusable NGS data analysis	BMC Bioinformatics	Masaomi Hatakeyama, Lennart Opitz, Giancarlo Russo, Weihong Qi, Ralph Schlapbach, Hubert Rehrauer
10.1016/j.humpath.2016.08.006	2016	Sarcomatoid adrenocortical carcinoma: a comprehensive pathological, immunohistochemical, and targeted next-generation sequencing analysis	Human Pathology	Thomas G. Papathomas, Eleonora Duregon, Esther Korpershoek, David F. Restuccia, Ronald van Marion, Rocco Cappellesso, Nathalie Stürm, Giulio Rossi, Antonella Coli, Nicola Zucchini, Hans Stoop, Wolter Oosterhuis, Laura Ventura, Marco Volante, Ambrogio Fassina, Winand N.M. Dinjens, Mauro Giulio Papott
10.1016/j.future.2016.01.001	2016	Scalable and efficient whole-exome data processing using workflows on the cloud	Future Generation Computer Systems	Jacek Cała, E. Marei, Yaobo Xu, Kenji Takeda, Paolo Missier
10.1007/s11192-016-1885-6	2016	Scientific workflows for bibliometrics	Scientometrics	Arzu Tuğçe Güler, Cathelijn J. F. Waaijer, Magnus Palmblad
10.1111/ajt.13970	2016	Screening of Living Kidney Donors for Genetic Diseases Using a Comprehensive Genetic Testing Strategy	American Journal of Transplantation	Christie P. Thomas, Maria Adela Mansilla, Ramakrishna R. Sompallae, Sara O. Mason, C Nishimura, Mycah Kimble, Colleen A. Campbell, Anne E. Kwitek, Benjamin W. Darbro, Zoe A. Stewart, Richard J. Smith
10.1186/s13040-016-0099-z	2016	SePIA: RNA and small RNA sequence processing, integration, and analysis	BioData Mining	Katherine Icay, Ping Chen, Alejandra Cervera, Ville Rantanen, Rainer Lehtonen, Sampsa Hautaniemi
10.1371/journal.pntd.0005126	2016	Serological and Virological Evidence of Crimean-Congo Haemorrhagic Fever Virus Circulation in the Human Population of Borno State, Northeastern Nigeria	PLoS neglected tropical diseases	David Nadeba Bukbuk, Stuart Dowall, Kuiama S. Lewandowski, Andrew Bosworth, Saka Saheed Baba, Anitha Varghese, Robert James Watson, A. L. Bell, Barry Atkinson, Roger Hewson
10.1371/journal.pntd.0004930	2016	Sex-Biased Transcriptome of Schistosoma mansoni: Host-Parasite Interaction, Genetic Determinants and Epigenetic Regulators Are Associated with Sexual Differentiation	PLoS neglected tropical diseases	Marion Picard, Jérôme Boissier, David Roquis, Christoph Grunau, Jean‐François Allienne, DAVID TIMOTHY DUVAL, Ève Toulza, Nathalie Arancibia, Conor R. Caffrey, Thavy Long, Sabine Nidelet, Marine Rohmer, Céline Cosseau
	2016	Short Title: Bovine Spermatozoal Transcript Profile		C. G. Card, Elizabeth J. Anderson, Samanta Zamberlan, Kari-beth E. Krieger, Becky L. Sartini
10.3389/fmicb.2016.00321	2016	Short-Term Dynamics of North Sea Bacterioplankton-Dissolved Organic Matter Coherence on Molecular Level	Frontiers in Microbiology	Judith Lucas, Irina Koester, Antje Wichels, Jutta Niggemann, Thorsten Dittmar, Ulrich Callies, Karen Helen Wiltshire, Gunnar Gerdts
10.1523/jneurosci.0499-16.2016	2016	Sir2/Sirt1 Links Acute Inebriation to Presynaptic Changes and the Development of Alcohol Tolerance, Preference, and Reward	Journal of Neuroscience	Gregory L. Engel, Sunanda Marella, Karla R. Kaun, Julia M. Wu, Pratik Adhikari, Eric C. Kong, Fred W. Wolf
10.1109/ccgrid.2016.106	2016	Software Provisioning Inside a Secure Environment as Docker Containers Using Stroll File-System		Abdulrahman A. Azab, Diana Domańska
10.1007/978-3-662-49214-7_3	2016	Solving Data Mismatches in Bioinformatics Workflows by Generating Data Converters	Lecture notes in computer science	Mouhamadou Ba, Sébastien Ferré, Mireille Ducassé
10.1111/cgf.12929	2016	State‐of‐the‐Art Report in Web‐based Visualization	Computer Graphics Forum	Finian Mwalongo, Michael Krone, Guido Reina, Thomas Ertl
10.1007/978-1-4939-6613-4_4	2016	Structural and Functional Annotation of Long Noncoding RNAs	Methods in molecular biology	Martin A. Smith, John S. Mattick
10.11606/t.95.2016.tde-28102016-101702	2016	Suporte ao desenvolvimento e à composição de serviços web semânticos para a análise de expressão gênica		Gabriela Der Agopian Guardia
10.1186/s13000-016-0550-y	2016	TP53 gene mutation analysis in chronic lymphocytic leukemia by nanopore MinION sequencing	Diagnostic Pathology	Crescenzio Francesco Minervini, Cosimo Cumbo, Paola Orsini, Claudia Brunetti, Luisa Anelli, Antonella Zagaria, Angela Minervini, Paola Casieri, Nicoletta Coccaro, Giuseppina Tota, Luciana Impera, Annamaria Giordano, Giorgina Specchia, Francesco Albano
10.1186/s12859-015-0873-9	2016	TRAPLINE: a standardized and automated pipeline for RNA sequencing data analysis, evaluation and annotation	BMC Bioinformatics	Markus Wolfien, Christian Rimmbach, Ulf Schmitz, Julia Jung, Stefan Krebs, Gustav Steinhoff, Robert David, Olaf Wolkenhauer
10.1371/journal.pcbi.1004947	2016	Ten Simple Rules for Taking Advantage of Git and GitHub	PLoS Computational Biology	Yasset Perez-Riverol, Laurent Gatto, Rui Wang, Timo T. Sachsenberg, Julian Uszkoreit, Felipe da Veiga Leprevost, Christian Fufezan, Tobias Ternent, Stephen John Eglen, Daniel S. Katz, Tom Pollard, Olexandr Konovalov, Robert M Flight, Kai Blin, Juan Antonio Vizcaíno
10.1101/048744	2016	Ten Simple Rules for Taking Advantage of git and GitHub	bioRxiv (Cold Spring Harbor Laboratory)	Yasset Pérez‐Riverol, Laurent Gatto, Rui Wang, Timo T. Sachsenberg, Julian Uszkoreit, Felipe da Veiga Leprevost, Christian Fufezan, Tobias Ternent, Stephen John Eglen, Daniel S. Katz, Tom Pollard, Olexandr Konovalov, Robert M Flight, Kai Blin, Juan Antonio Vizcaíno
10.1093/database/baw145	2016	Text mining resources for the life sciences	Database	Piotr Przybyła, Matthew Shardlow, Sophie Aubin, Robert Bossy, Richard Eckart de Castilho, Stelios Piperidis, John McNaught, Sophia Ananiadou
10.1371/journal.pcbi.1004691	2016	The 2015 Bioinformatics Open Source Conference (BOSC 2015)	PLoS Computational Biology	Nomi L. Harris, Peter Cock, Hilmar Lapp, Brad Chapman, Robert Davey, Christopher J. Fields, Karsten Hokamp, Monica C. Muñoz-Torres
10.1155/2016/6329217	2016	The A, C, G, and T of Genome Assembly	BioMed Research International	Bilal Wajid, Muhammad Umar Sohail, Ali Rıza Ekti, Erchin Serpedin
10.1186/s12864-016-3288-8	2016	The ChIP-Seq tools and web server: a resource for analyzing ChIP-seq and other types of genomic data	BMC Genomics	Giovanna Ambrosini, René Dreos, Sunil Kumar, Philipp Bücher
10.1101/096354	2016	The DOE Systems Biology Knowledgebase (KBase)	bioRxiv (Cold Spring Harbor Laboratory)	Adam P. Arkin, Rick L. Stevens, Robert W. Cottingham, Sergei Maslov, Christopher S. Henry, Paramvir Dehal, Doreen Ware, Fernando Evier López Pérez, Nomi L. Harris, Shane Canon, Michael W. Sneddon, Matthew Henderson, William J. Riehl, Dan Gunter, Dan Murphy-Olson, Stephen Y. Chan, Roy T. Kamimura, Th
10.1109/ic2e.2016.46	2016	The Discovery Cloud: Accelerating and Democratizing Research on a Global Scale		Ian T Foster, Kyle Chard, Steven Tuecke
10.12688/f1000research.6009.2	2016	The Dutch Techcentre for Life Sciences: Enabling data-intensive life science research in the Netherlands	F1000Research	Lars Eijssen, Chris T. Evelo, Ruben G. Kok, Barend Mons, Rob W W Hooft, and the other founding members of DTL Data (see Acknowledgements)
10.1016/j.jmoldx.2016.10.005	2016	The Effect of Nucleic Acid Extraction Platforms and Sample Storage on the Integrity of Viral RNA for Use in Whole Genome Sequencing	Journal of Molecular Diagnostics	Kuiama S. Lewandowski, A. L. Bell, Rory W. Miles, Simon Carne, David Wooldridge, Carmen F. Manso, Nicola Hennessy, Daniel P. Bailey, Steven T. Pullan, Saheer E. Gharbia, Richard T. Vipond
10.1007/s10723-016-9379-6	2016	The Essential Components of a Successful Galaxy Service	Journal of Grid Computing	Annette McGrath, Steve McMahon, Xi Li, Joel Ludbey, Tim Ho
10.3389/fpls.2015.01238	2016	The Eucalyptus grandis NBS-LRR Gene Family: Physical Clustering and Expression Hotspots	Frontiers in Plant Science	Nanette Christie, Peri A. Tobias, Sanushka Naidoo, Carsten Külheim
10.1093/nar/gkw343	2016	The Galaxy platform for accessible, reproducible and collaborative biomedical analyses: 2016 update	Nucleic Acids Research	Enis Afgan, Dannon Baker, Marius van den Beek, Daniel Blankenberg, Dave Bouvier, Martin Čech, John M. Chilton, Dave Clements, Nate Coraor, Carl Eberhard, Björn Andreas Grüning, Aysam Guerler, Jennifer Hillman‐Jackson, Greg Von Kuster, Eric S. Rasche, Nicola Soranzo, Nitesh Turaga, James Taylor, ANTO
10.1093/bioinformatics/btw341	2016	The Glycome Analytics Platform: an integrative framework for glycobioinformatics	Bioinformatics	Christopher B. Barnett, Kiyoko Flora Aoki-Kinoshita, Kevin J. Naidoo
10.4315/0362-028x.jfp-15-596	2016	The HAP Complex Governs Fumonisin Biosynthesis and Maize Kernel Pathogenesis in Fusarium verticillioides	Journal of Food Protection	John B. Ridenour, Jonathon E. Smith, Burton H. Bluhm
10.3389/fphar.2015.00322	2016	The Human Toxome Collaboratorium: A Shared Environment for Multi-Omic Computational Collaboration within a Consortium	Frontiers in Pharmacology	Rick A. Fasani, Carolina Becker Livi, Dipanwita Roy Choudhury, André Kleensang, Mounir Bouhifd, Salil N. Pendse, Patrick D. McMullen, Melvin E. Andersen, Thomas Härtung, Michael H. Rosenberg
10.3389/fpls.2016.00283	2016	The Pokeweed Leaf mRNA Transcriptome and Its Regulation by Jasmonic Acid	Frontiers in Plant Science	Kira C. M. Neller, Alexander Klenov, Katalin A. Hudak
10.1016/j.cpb.2016.12.002	2016	The South Green portal: a comprehensive resource for tropical and Mediterranean crop genomics	Current Plant Biology	South Green collaborators
10.1016/j.urology.2016.02.043	2016	The Urinary Microbiome Differs Significantly Between Patients With Chronic Prostatitis/Chronic Pelvic Pain Syndrome and Controls as Well as Between Patients With Different Clinical Phenotypes	Urology	Daniel A. Shoskes, Jessica B. Altemus, Alan Scott Polackwich, Barbara H. Tucky, Hannah Z. Wang, Charis Eng
10.1186/s12864-016-2597-2	2016	The compact genome of the plant pathogen Plasmodiophora brassicae is adapted to intracellular interactions with host Brassica spp	BMC Genomics	Stephen A. Rolfe, Stephen E. Strelkov, Matthew G. Links, Wayne E. Clarke, Stephen J. Robinson, Mohammad Djavaheri, Robert P. Malinowski, Parham Haddadi, Sateesh Kagale, Isobel A. P. Parkin, Ali Taheri, M. Hossein Borhan
10.1371/journal.pbio.1002342	2016	The iPlant Collaborative: Cyberinfrastructure for Enabling Data to Discovery for the Life Sciences	PLoS Biology	Nirav C. Merchant, Eric H. Lyons, Stephen A. Goff, Matthew W. Vaughn, Doreen Ware, David Andrew Micklos, Parker B. Antin
10.1039/c6fo01439a	2016	The modulatory effect of infusions of green tea, oolong tea, and black tea on gut microbiota in high-fat-induced obese mice	Food & Function	Zhibin Liu, Zhichao Chen, Hongwen Guo, Dongping He, Huiru Zhao, Zhiyao Wang, Wen Zhang, Lan Liao, Chen Zhang, Li Ni
10.1111/mpp.12414	2016	The novel fungal‐specific gene FUG1 has a role in pathogenicity and fumonisin biosynthesis in Fusarium verticillioides	Molecular Plant Pathology	John B. Ridenour, Burton H. Bluhm
10.1590/1678-4685-gmb-2016-0062	2016	The rearranged mitochondrial genome of Leptopilina boulardi (Hymenoptera: Figitidae), a parasitoid wasp of Drosophila	Genetics and Molecular Biology	Daniel Siqueira de Oliveira, Tiago Minuzzi Freire da Fontoura Gomes, Élgion L. S. Loreto
10.1038/ncomms12353	2016	The severity of hereditary porphyria is modulated by the porphyrin exporter and Lan antigen ABCB6	Nature Communications	Yu Fukuda, Pak Leng Cheong, John A. Lynch, Cheryl A. Brighton, Sharon Frase, Vasileios E. Kargas, Evadnie Rampersaud, Yao Wang, Vijay G. Sankaran, Bing Yu, Paul A. Ney, Mitchell J. Weiss, Peter Vogel, Peter J. Bond, Robert C. Ford, Ronald J. Trent, John D. Schuetz
10.1016/j.gene.2016.06.063	2016	The synovial microenvironment of osteoarthritic joints alters RNA-seq expression profiles of human primary articular chondrocytes	Gene	Eric A. Lewallen, Carolina A. Bonin, Xin Li, Jay Smith, Marcel Karperien, A. Noelle Larson, David G. Lewallen, Simon M. Cool, Jennifer J. Westendorf, Aaron John Krych, Alexey A. Leontovich, Hee‐Jeong Im, André J. van Wijnen
10.1109/ccgrid.2016.54	2016	Tigres Workflow Library: Supporting Scientific Pipelines on HPC Systems		Valerie Hendrix, James Fox, Devarshi Ghoshal, Lavanya Ramakrishnan
10.1038/ng.3719	2016	Titin-truncating variants affect heart function in disease cohorts and the general population	Nature Genetics	Sebastian Schäfer, Antonio de Marvao, Eleonora Adami, Lorna R. Fiedler, Benjamin Ng, Ester Sandar Win Khin, Owen J. L. Rackham, Sebastiaan van Heesch, Chee Jian Pua, Kui Miao, Roddy Walsh, Upasana Tayal, Sanjay Prasad, Timothy J. W. Dawes, Nicole S. J. Ko, David Sim, Laura Lihua Chan, Calvin W L Chi
10.1186/s13742-016-0135-4	2016	Tools and techniques for computational reproducibility	GigaScience	Stephen Piccolo, Michael B. Frampton
10.1093/nar/gkw545	2016	Toward reliable biomarker signatures in the age of liquid biopsies - how to standardize the small RNA-Seq workflow	Nucleic Acids Research	Dominik Buschmann, Anna Haberberger, Benedikt Kirchner, Melanie Spornraft, Irmgard Riedmaier, Gustav Schelling, Michael Walter Pfaffl
10.1016/j.agsy.2016.09.017	2016	Towards a new generation of agricultural system data, models and knowledge products: Information and communication technology	Agricultural Systems	Sander J. C. Janssen, Cheryl H. Porter, Andrew D. Moore, Ioannis N. Athanasiadis, Ian T Foster, James W. Jones, John M. Antle
10.1016/j.algal.2016.12.002	2016	Towards a synthetic nuclear transcription system in green algae: Characterization of Chlamydomonas reinhardtii nuclear transcription factors and identification of targeted promoters	Algal Research	Melissa S. Anderson, Travis J. Muff, D. Ryan Georgianna, Stephen Patrick Mayfield
10.1186/s13321-016-0179-6	2016	Towards agile large-scale predictive modelling in drug discovery with flow-based programming design principles	Journal of Cheminformatics	Samuel Lampa, Jonathan Alvarsson, Ola Spjuth
10.1038/srep22794	2016	Trans-Atlantic exchanges have shaped the population structure of the Lyme disease agent Borrelia burgdorferi sensu stricto	Scientific Reports	Santiago Castillo‐Ramírez, Volker Fingerle, Sabrina Jungnick, Reinhard Konrad Straubinger, Stefan Krebs, Helmut Blum, Dominik M. Meinel, Heidelore Hofmann, Patrick Guertler, Andreas Sing, Gabriele Margos
10.1177/1759091416670749	2016	Transcriptional Fingerprint of Hypomyelination in Zfp191 null and Shiverer ( Mbp shi ) Mice	ASN NEURO	Joshua Aaker, Benayahu Elbaz, Yuwen Wu, Timothy J. Looney, Li Zhang, Bruce T. Lahn, Brian Popko
10.1038/ismej.2016.70	2016	Transcriptional response of Prochlorococcus to co-culture with a marine Alteromonas: differences between strains and the involvement of putative infochemicals	The ISME Journal	Dikla Aharonovich, Daniel Sher
10.1371/journal.pone.0168877	2016	Transcriptome Profiling of Trypanosoma brucei Development in the Tsetse Fly Vector Glossina morsitans	PLoS ONE	Amy F. Savage, Nikolay G. Kolev, Joseph B. Franklin, Aurélien Vigneron, Serap Aksoy, Christian Tschudi
10.1007/s11103-016-0571-7	2016	Transcriptome portrait of cellulose-enriched flax fibres at advanced stage of specialization	Plant Molecular Biology	Oleg V. Gorshkov, Natalia Mokshina, Vladimir Yu. Gorshkov, Svetlana B. Chemikosova, Yuri V. Gogolev, Tatyana Anatolyevna Gorshkova
	2016	Transcriptome profiling of potato plant stems challenged with Pectobacterium carotovorum subsp. brasiliense and elucidation of the role of small RNAs in Pectobacterium survival mechanisms	UpSpace Institutional Repository (University of Pretoria)	Stanford Kwenda
10.1099/mic.0.000314	2016	Transcriptomic analysis reveals how a lack of potassium ions increases Sulfolobus acidocaldarius sensitivity to pH changes	Microbiology	Antoine Buetti‐Dinh, Olga Dethlefsen, Ran Friedman, Mark Dopson
10.1109/tcbb.2016.2609918	2016	Transfer String Kernel for Cross-Context DNA-Protein Binding Prediction	IEEE Transactions on Computational Biology and Bioinformatics	Ritambhara Singh, Jack Lanchantin, Gabriel Robins, Yanjun Qi
10.1261/rna.056184.116	2016	Transferrin receptor mRNA interactions contributing to iron homeostasis	RNA	Dhwani N. Rupani, Gregory J. Connell
10.1186/s12864-016-2456-1	2016	Translatomics combined with transcriptomics and proteomics reveals novel functional, recently evolved orphan genes in Escherichia coli O157:H7 (EHEC)	BMC Genomics	Klaus Neuhaus, Richard Landstorfer, Lea Fellner, Svenja Simon, Andrea Schafferhans, Tatyana Goldberg, Harald Marx, Olga N. Ozoline, Burkhard Rost, Bernhard Küster, Daniel A. Keim, Siegfried Scherer
10.1093/dnares/dsw040	2016	Ultra-deep sequencing of ribosome-associated poly-adenylated RNA in earlyDrosophilaembryos reveals hundreds of conserved translated sORFs	DNA Research	Hongmei Li‐Byarlay, Chuansheng Hu, Ling Bai, Hua Li, Mingfa Li, Xiaodong Zhao, Daniel Mark Czajkowsky, Zhifeng Shao
10.11606/d.45.2016.tde-20230727-113309	2016	Uma plataforma de exploração e análise de imagens médicas em nuvem		lgor José Topcin
10.1101/gad.284828.116	2016	Unbiased identification of signal-activated transcription factors by barcoded synthetic tandem repeat promoter screening (BC-STAR-PROM)	Genes & Development	Pauline Gosselin, Gianpaolo Rando, Fabienne Fleury-Olela, Ueli Schibler
10.1039/9781782626732-00289	2016	Using Galaxy for Proteomics	Royal Society of Chemistry eBooks	Candace R. Guerrero, Pratik Jagtap, James E. Johnson, Timothy J. Griffin
10.1007/s10723-016-9385-8	2016	Using Science Gateways for Bridging the Differences between Research Infrastructures	Journal of Grid Computing	Sandra Gesing, Jens Krüger, Richard Grunzke, Sonja Herres‐Pawlis, Alexander Hoffmann
10.1093/nar/gkw092	2016	Using intron position conservation for homology-based gene prediction	Nucleic Acids Research	Jens Keilwagen, Michael Wenk, Jessica Lee Erickson, Martin Schattat, Jan Grau, Frank Hartung
10.1093/gbe/evw232	2016	Variable Autosomal and X Divergence Near and Far from Genes Affects Estimates of Male Mutation Bias in Great Apes	Genome Biology and Evolution	Pooja Narang, Melissa A. Wilson Sayres
10.1007/978-1-4939-3578-9_11	2016	Variant Calling From Next Generation Sequence Data	Methods in molecular biology	Nancy Fisher Hansen
10.1186/s12864-016-2844-6	2016	Variant detection and runs of homozygosity in next generation sequencing data elucidate the genetic background of Lundehund syndrome	BMC Genomics	Julia Metzger, Sophia Pfahler, O. Distl
10.1002/humu.22987	2016	Variation Interpretation Predictors: Principles, Types, Performance, and Choice	Human Mutation	Abhishek Niroula, Mauno Vihinen
10.1201/b19543-15	2016	Variations in our genome: From disease to individualized cure		Bishwanath Chatterjee, Cecilia Lo
10.1186/s13040-016-0095-3	2016	Visual programming for next-generation sequencing data analytics	BioData Mining	Franco Milicchio, Rebecca Rose, Jiang Bian, Jae Min, Mattia Prosperi
10.1101/pdb.prot093062	2016	Visualizing Genomic Annotations with the UCSC Genome Browser	Cold Spring Harbor Protocols	Jui‐Hung Hung, Zhiping Weng
10.1038/ajg.2016.51	2016	Vitamin D Deficiency Is Associated With Increased Risk of Non-alcoholic Steatohepatitis in Adults With Non-alcoholic Fatty Liver Disease: Possible Role for MAPK and NF-κB?	The American Journal of Gastroenterology	James E. Nelson, Christian Ludwig Roth, Laura Wilson, Katherine P. Yates, Bradley E. Aouizerat, Vicki Morgan‐Stevenson, Elizabeth Whalen, Andrew N. Hoofnagle, Mike J. Mason, Vivian H. Gersuk, Matthew M. Yeh, Kris V. Kowdley
10.1186/s12864-016-3118-z	2016	Web-based bioinformatics workflows for end-to-end RNA-seq data computation and analysis in agricultural animal species	BMC Genomics	Weizhong Li, René Richter, Yunsup Jung, Qiyun Zhu, Robert W. Li
10.1186/s12918-016-0288-x	2016	Where next for the reproducibility agenda in computational biology?	BMC Systems Biology	Joanna Lewis, Charles E. Breeze, Jane Charlesworth, Oliver J. Maclaren, Jonathan Cooper
10.3389/fmicb.2016.00985	2016	Whole Genome Sequencing for Genomics-Guided Investigations of Escherichia coli O157:H7 Outbreaks	Frontiers in Microbiology	Brigida A. Rusconi, Fatemeh Sanjar, Sara S. K. Koenig, Mark K. Mammel, Phillip I. Tarr, Mark Eppinger
10.1126/sciadv.1501714	2016	Whole-genome sequence analysis shows that two endemic species of North American wolf are admixtures of the coyote and gray wolf	Science Advances	Bridgett M. vonHoldt, James A. Cahill, Zhenxin Fan, Ilan Gronau, Jacqueline A. Robinson, John P. Pollinger, Beth Shapiro, Jeffrey D. Wall, Robert K. Wayne
10.1002/cpet.2	2016	Whole‐Genome Sequencing Analysis Using Next‐Generation Sequencing Data	Current Protocols Essential Laboratory Techniques	Chi Kent Ho, Xiaohui Cui, Sharon Grubner, Christopher Larson, Ying Wei, Paul K. Flook
10.1111/imb.12237	2016	Wolbachia from Drosophila incompta : just a hitchhiker shared b y Drosophila in the New and Old World?	Insect Molecular Biology	Gabriel Luz Wallau, Marcos Trindade Rosa, Francine Cenzi De Ré, Élgion L. S. Loreto
10.1145/2949550.2949586	2016	XSEDE Training		Linda Akli, Jay C. Alameda, Steven I. Gordon, Marcela Madrid, Lorna I. Rivera
10.7554/elife.19276	2016	Y-box protein 1 is required to sort microRNAs into exosomes in cells and in a cell-free reaction	eLife	Matthew J. Shurtleff, Morayma Mercedes Temoche-Diaz, Kate V. Karfilis, Sayaka Ri, Randy W. Schekman
10.1101/040238	2016	Y-box protein 1 is required to sort microRNAs into exosomes in cells and in a cell-free reaction	bioRxiv (Cold Spring Harbor Laboratory)	Matthew J. Shurtleff, Kate V. Karfilis, Morayma Mercedes Temoche-Diaz, Sayaka Ri, Randy W. Schekman
10.1371/journal.pone.0149263	2016	ZBIT Bioinformatics Toolbox: A Web-Platform for Systems Biology and Expression Data Analysis	PLoS ONE	Michael Römer, Johannes Eichner, Andreas Dräger, Clemens Wrzodek, Finja Wrzodek, Andreas Zell
10.3389/fmolb.2016.00026	2016	biosigner: A New Method for the Discovery of Significant Molecular Signatures from Omics Data	Frontiers in Molecular Biosciences	Philippe Rinaudo, Samia Boudah, Christophe Junot, Etienne Thévenot
10.1093/bib/bbw143	2016	hppRNA—a Snakemake-based handy parameter-free pipeline for RNA-Seq analysis of numerous samples	Briefings in Bioinformatics	Dapeng Wang
10.1089/scd.2016.0127	2016	miR-138/miR-222 Overexpression Characterizes the miRNome of Amniotic Mesenchymal Stem Cells in Obesity	Stem Cells and Development	Carmela Nardelli, Ilaria Granata, Laura Iaffaldano, Valeria D’Argenio, Valentina Del Monaco, Giuseppe Maria Maruotti, Daniela Omodei, Luigi Del Vecchio, Pasquale Martinelli, Francesco Salvatore, Mario Rosario Guarracino, Lucia Sacchetti, Lucio Pastore
10.1093/bioinformatics/btw800	2016	myGenomeBrowser: building and sharing your own genome browser	Bioinformatics	Sébastien Carrère, Jérôme Gouzy
10.1101/047100	2016	qpMerge: Merging different peptide isoforms using a motif centric strategy	bioRxiv (Cold Spring Harbor Laboratory)	Matthew Hindle, Thierry Le Bihan, Johanna Krahmer, Sarah F. Martin, Zeenat B. Noordally, T. Ian Simpson, Andrew John Millar
10.1186/s12859-016-1241-0	2016	systemPipeR: NGS workflow and report generation environment	BMC Bioinformatics	Tyler W. H. Backman, Thomas Girke
10.1105/tpc.15.00933	2016	xGDBvm: A Web GUI-Driven Workflow for Annotating Eukaryotic Genomes in the Cloud	The Plant Cell	Jon P. Duvick, Daniel Standage, Nirav C. Merchant, Volker Brendel
10.1515/9783110365634-005	2017	4. A Collaborative Approach to Research Data Management in a Web Archive Context		Hugo Huurdeman, Jaap Kamps
10.4018/978-1-5225-3158-6.ch022	2017	A Case Study of a Laboratory Information System Developed at the Institute for Cancer Research at Candiolo	IGI Global eBooks	Alessandro Fiori, Alberto Grand, Piero Alberto, Emanuele Geda, Francesco Gavino Brundu, Domenico Schioppa, Andrea Bertotti
10.1007/s00248-017-1017-8	2017	A Combination of Stable Isotope Probing, Illumina Sequencing, and Co-occurrence Network to Investigate Thermophilic Acetate- and Lactate-Utilizing Bacteria	Microbial Ecology	Weimin Sun, Valdis Krumins, Yiran Dong, Pin Gao, Chunyan Ma, Min Hu, Baoqin Li, Bingqing Xia, Zijun He, Shangling Xiong
10.1109/escience.2017.42	2017	A Computational Pipeline for the IUCN Risk Assessment for Meso-American Reef Ecosystem		Hoang Anh Nguyen, Lucie M. Bland, Tristan Roberts, Siddeswara Mayura Guru, Minh Ngoc Dinh, David Abramson
10.1016/j.future.2017.04.025	2017	A Critical Path File Location (CPFL) algorithm for data-aware multiworkflow scheduling on HPC clusters	Future Generation Computer Systems	César Augusto Jaramillo Acevedo, Porfídio Hernández, Antonio Espinosa, Víctor Méndez Muñoz
10.1101/114652	2017	A DNA demethylase overexpression promotes early apical bud maturation in poplar through the biosynthesis and accumulation of flavonoids	bioRxiv (Cold Spring Harbor Laboratory)	Daniel Conde, Alicia Moreno, Christopher Dervinis, José M. Ramos‐Sánchez, Matias Kirst, Mariano Perales, Pablo González‐Melendi, Isabel Allona
10.1007/978-3-319-58943-5_35	2017	A Framework for Accessible Cluster-Enabled Epistatic Analysis	Lecture notes in computer science	Alex Upton, Johan A Karlsson, Oswaldo Trelles, Miguel‐Teodoro Hernández, Juan Elvira
10.1158/0008-5472.can-17-0318	2017	A Galaxy Implementation of Next-Generation Clustered Heatmaps for Interactive Exploration of Molecular Profiling Data	Cancer Research	Bradley McIntosh Broom, Michaël Ryan, Robert Eldon Brown, Futa Ikeda, Mark Stucky, David W. Kane, James M. Melott, Chris Wakefield, Tod D. Casasent, Rehan Akbani, John N. Weinstein
10.1094/phyto-08-16-0292-r	2017	A Global Perspective on the Population Structure and Reproductive System ofPhyllosticta citricarpa	Phytopathology	Elma Carstens, Celeste C. Linde, Ruhan Slabbert, Andrew Keith Miles, Nerida Jane Donovan, H. Li, K. Zhang, Megan M. Dewdney, Jeffrey A. Rollins, Chirlei Glienke, Gerhardus C. Schutte, Paul Hendrik Fourie, Adéle McLeod
10.1021/acssynbio.6b00336	2017	A Non-natural Protein Rescues Cells Deleted for a Key Enzyme in Central Metabolism	ACS Synthetic Biology	Katherine Marie Digianantonio, Maria Korolev, Michael H. Hecht
10.58464/2168-670x.1338	2017	A Novel Bioinformatic Approach to Understanding Addiction	Journal of Family Strengths	Latifa Jackson
10.1002/cbic.201700279	2017	A Single‐Framework Synthetic Antibody Library Containing a Combination of Canonical and Variable Complementarity‐Determining Regions	ChemBioChem	Bharathikumar Vellalore Maruthachalam, Ayman El‐Sayed, Jianghai Liu, Ashley R. Sutherland, Wayne Hill, Md. Kausar Alam, Landon Pastushok, Humphrey Fonge, Kris Barreto, Clarence Ronald Geyer
10.26226/morressier.59a6b34cd462b80290b55aef	2017	A microbial signature of psychological distress in Irritable Bowel Syndrome		Gabriele Moser
10.1101/213553	2017	A multi-center study on factors influencing the reproducibility of in vitro drug-response studies	bioRxiv (Cold Spring Harbor Laboratory)	Mario Niepel, Marc A. Hafner, Caitlin E. Mills, Kartik Subramanian, Elizabeth H. Williams, Mirra Chung, Benjamin L. Gaudio, Anne Marie Barrette, Alan D. Stern, Bin Hu, James E. Korkola, Joe W. Gray, Marc R. Birtwistle, Laura M. Heiser, Peter Karl Sorger
10.1017/qua.2017.93	2017	A multidisciplinary study of a Late Pleistocene arctic ground squirrel (Urocitellus parryii) midden from Yukon, Canada	Quaternary Research	Bram W. Langeveld, Dick Mol, Grant D. Zazula, Barbara Gravendeel, Marcel C. M. Eurlings, Crystal N. H. McMichael, Dick S. J. Groenenberg, G.B.A. van Reenen, Mona Palmeira, Johnny Vogel, Bas Van Geel
10.1016/j.micpath.2017.03.015	2017	A proteasome inhibitor produced by Burkholderia pseudomallei modulates intracellular growth	Microbial Pathogenesis	Sariqa Wagley, Muthita Vanaporn, Darawan Rinchai, Laura Conejero, Ganjana Lertmemongkolchai, Gregory J. Bancroft, Richard W. Titball
10.1016/j.mce.2017.02.044	2017	A resistance to thyroid hormone syndrome mutant operates through the target gene repertoire of the wild-type thyroid hormone receptor	Molecular and Cellular Endocrinology	Robyn Jimenez, Martin L. Privalsky
10.1101/134338	2017	A specific non-bisphosphonate inhibitor of the bifunctional farnesyl/geranylgeranyl diphosphate synthase in malaria parasites	bioRxiv (Cold Spring Harbor Laboratory)	Jolyn E. Gisselberg, Zachary Herrera, Lindsey Orchard, Manuel Llinás, Ellen Yeh
10.1007/s00778-017-0486-1	2017	A survey on provenance: What for? What form? What from?	The VLDB Journal	Melanie Herschel, Ralf Diestelkämper, Houssem Ben Lahmar
10.7554/elife.31362	2017	A tissue-specific, Gata6-driven transcriptional program instructs remodeling of the mature arterial tree	eLife	Marta Losa, Víctor Latorre, Munazah Andrabi, Franck Ladam, Charles G. Sagerström, Ana Nóvoa, Peyman Zarrineh, Laure Bridoux, Neil A. Hanley, Moisés Mallo, Nicoletta Bobola
10.1038/s41598-017-14469-8	2017	ALF: a strategy for identification of unauthorized GMOs in complex mixtures by a GW-NGS method and dedicated bioinformatics analysis	Scientific Reports	Alexandra Bogožalec Košir, Alfred J. Arulandhu, Marleen M. Voorhuijzen, Hongmei Xiao, Rico Hagelaar, Martijn Staats, Adalberto Costessi, Jana Žel, E.J. Kok, Jeroen P. van Dijk
10.1101/183970	2017	ASaiM: a Galaxy-based framework to analyze raw shotgun data from microbiota	bioRxiv (Cold Spring Harbor Laboratory)	Bérénice Batut, Kévin Gravouil, Clémence Defois, Saskia Hiltemann, Jean‐François Brugère, Éric Peyretaillade, Pierre Peyret
10.1038/ncomms14289	2017	ATF3 acts as a rheostat to control JNK signalling during intestinal regeneration	Nature Communications	Jun Zhou, Bruce A. Edgar, Michael Boutros
10.1186/s12859-017-1494-2	2017	ATGC transcriptomics: a web-based application to integrate, explore and analyze de novo transcriptomic data	BMC Bioinformatics	Sergio González, Bernardo Clavijo, Máximo Rivarola, Patricio Moreno, Paula del Carmen Fernández, Joaquı́n Dopazo, Norma Beatriz Paniego
10.1016/j.jaci.2017.02.017	2017	Absence of functional fetal regulatory T cells in humans causes in utero organ-specific autoimmunity	Journal of Allergy and Clinical Immunology	Eric J. Allenspach, Laura S. Finn, Mara Hester Rendi, Ahmet Eken, Akhilesh K. Singh, Mohamed Oukka, Sean D. Taylor, Matthew C. Altman, Corinne L. Fligner, Hans D. Ochs, David J. Rawlings, Troy R. Torgerson
10.1016/j.future.2017.01.008	2017	Abstract, link, publish, exploit: An end to end framework for workflow sharing	Future Generation Computer Systems	Daniel Garijo, Yolanda Gil, Óscar Corcho
10.1101/gr.216986.116	2017	Accumulation of RNA on chromatin disrupts heterochromatic silencing	Genome Research	Cornelia Brönner, Luca Salvi, Manuel Zocco, Ilaria Ugolini, Mario Halić
10.1109/bibm.2017.8217691	2017	An interactive workflow generator to support bioinformatics analysis through GPU acceleration		Anuradha Welivita, Indika N. Perera, Dulani Meedeniya
10.1186/s12859-016-1428-4	2017	An internet-based bioinformatics toolkit for plant biosecurity diagnosis and surveillance of viruses and viroids	BMC Bioinformatics	Roberto A. Barrero, Kathryn R. Napier, James Henry Cunnington, Lia W. Liefting, Sandi Keenan, Rebekah A. Frampton, Tamás Szabó, Simon R. Bulman, Adam A. Hunter, Lisa I. Ward, Mark Whattam, M. Bellgard
10.1038/srep40447	2017	An optimistic protein assembly from sequence reads salvaged an uncharacterized segment of mouse picobirnavirus	Scientific Reports	Gabriel González, Michihito Sasaki, Lucy Burkitt-Gray, Tomonori Kamiya, Noriko M. Tsuji, Hirofumi Sawa, Kimihito Ito
10.3390/genes8080198	2017	Analysis of Argonaute 4-Associated Long Non-Coding RNA in Arabidopsis thaliana Sheds Novel Insights into Gene Regulation through RNA-Directed DNA Methylation	Genes	Phil Chi Khang Au, Elizabeth S. Dennis, Ming‐Bo Wang
10.1038/ncomms14087	2017	Annual time-series analysis of aqueous eDNA reveals ecologically relevant dynamics of lake ecosystem biodiversity	Nature Communications	Iliana Bista, Gary R. Carvalho, Kerry A. Walsh, Mathew Seymour, Mehrdad Hajibabaei, Delphine Lallias, Martin Christmas, Simon Creer
10.1186/s13072-017-0153-1	2017	Application of dual reading domains as novel reagents in chromatin biology reveals a new H3K9me3 and H3K36me2/3 bivalent chromatin state	Epigenetics & Chromatin	Rebekka Mauser, Goran Kungulovski, Corinna Keup, Richard Reinhardt, Albert Jeltsch
10.1016/j.foodchem.2017.11.006	2017	Application of next generation semiconductor based sequencing for species identification in dairy products	Food Chemistry	Anisa Ribani, Giuseppina Schiavo, Valerio Joe Utzeri, Francesca Bertolini, Claudia Geraci, Samuele Bovo, Luca Fontanesi
10.3390/biomedicines5030049	2017	Aptamer Cell-Based Selection: Overview and Advances	Biomedicines	Silvia Catuogno, Carla Lucia Esposito
10.3389/fmicb.2017.01231	2017	Aquarium Viromes: Viromes of Human-Managed Aquatic Systems	Frontiers in Microbiology	Yiseul Kim, William G. Van Bonn, Tiong Gim Aw, Joan B. Rose
10.1016/j.molcel.2017.06.025	2017	Argonaute CLIP Defines a Deregulated miR-122-Bound Transcriptome that Correlates with Patient Survival in Human Liver Cancer	Molecular Cell	Joseph M. Luna, Juan Martin Barajas, Kun‐Yu Teng, Hui‐Lung Sun, Michael James Moore, Charles M. Rice, Robert B. Darnell, Kalpana Ghoshal
10.3897/bdj.5.e10792	2017	Arthropod and oligochaete assemblages from grasslands of the southern Kenai Peninsula, Alaska	Biodiversity Data Journal	Matthew L. Bowser, John M. Morton, John Delton Hanson, Dawn R. Magness, Mallory Okuly
10.1101/138008	2017	Ascorbate concentration in Arabidopsis thaliana and expression of ascorbate related genes using RNAseq in response to light and the diurnal cycle	bioRxiv (Cold Spring Harbor Laboratory)	William A. Laing, Cara L. Norling, Di Brewster, Michele A. Wright, Sean Michael Bulley
10.1109/ccgrid.2017.59	2017	BIOPET: Towards Scalable, Maintainable, User-Friendly, Robust and Flexible NGS Data Analysis Pipelines		Peter van’t Hof, Wibowo Arindrarto, Sander Bollen, Szymon M. Kiełbasa, Jeroen F. J. Laros, Hailiang Mei
10.17537/2017.12.102	2017	Big Data in Bioinformatics	Mathematical Biology and Bioinformatics	Nafisa Nailovna Nazipova, Nafisa Nailovna Nazipova
	2017	Big data analytics in computational biology and bioinformatics		Kevin S. Byron
10.1101/116962	2017	Bio-Docklets: Virtualization Containers for Single-Step Execution of NGS Pipelines	bioRxiv (Cold Spring Harbor Laboratory)	Baekdoo Kim, Thahmina A. Ali, Carlos Lijeron, Enis Afgan, Konstantinos Krampis
10.1093/bioinformatics/btx403	2017	BioQueue: a novel pipeline framework to accelerate bioinformatics analysis	Bioinformatics	Yao Li, Heming Wang, Yuanyuan Song, Guangchao Sui
10.21769/bioprotoc.2123	2017	Bioinformatic Analysis for Profiling Drug-induced Chromatin Modification Landscapes in Mouse Brain Using ChlP-seq Data	BIO-PROTOCOL	Yong‐Hwee Eddie Loh, Jian Feng, Eric J. Nestler, Li Shen
10.1038/s41598-017-01126-3	2017	Bioinformatic Approaches Including Predictive Metagenomic Profiling Reveal Characteristics of Bacterial Response to Petroleum Hydrocarbon Contamination in Diverse Environments	Scientific Reports	Arghya Mukherjee, Bobby Chettri, James S. Langpoklakpam, Pijush Basak, Aravind Prasad, Ashis Kumar Mukherjee, Maitree Bhattacharyya, Arvind Kumar Singh, Dhrubajyoti Chattopadhyay
10.1002/9781118782392.ch15	2017	Bioinformatics Analysis of Epigenetics		Yanghua He, Jiuzhou Song
10.1007/978-1-4939-7201-2_19	2017	Bioinformatics Resources for Interpreting Proteomics Mass Spectrometry Data	Methods in molecular biology	Iulia M. Lazar
10.1101/213884	2017	Bioinformatics Workflow Management With The Wobidisco Ecosystem	bioRxiv (Cold Spring Harbor Laboratory)	Sebastien Mondet, Bülent Arman Aksoy, Leonid Rozenberg, Isaac Hodes, Jeff Hammerbacher
10.1093/bib/bbx143	2017	Bioinformatics for precision oncology	Briefings in Bioinformatics	Jochen Singer, Anja Irmisch, Hans‐Joachim Ruscheweyh, Franziska Singer, Nora C. Toussaint, Mitchell  Paul Levesque, Daniel Johannes Stekhoven, Niko Beerenwinkel
10.1016/j.envpol.2017.11.048	2017	Biomarkers of antibiotic resistance genes during seasonal changes in wastewater treatment systems	Environmental Pollution	Yanan Jiao, Zhenchao Zhou, Tao Chen, Yuanyuan Wei, Zheng Ji, Ruixia Gao, Hong Chen
10.1101/201186	2017	Biopipe: A Lightweight System Enabling Comparison of Bioinformatics Tools and Workflows	bioRxiv (Cold Spring Harbor Laboratory)	Saima Sultana Tithi, Jiyoung Lee, Liqing Zhang, Li Song, Na Meng
10.18632/oncotarget.21490	2017	Breast tissue, oral and urinary microbiomes in breast cancer	Oncotarget	Hannah Wang, Jessica B. Altemus, Farshad Niazi, Holly Green, Benjamin C. Calhoun, Charles D. Sturgis, Stephen R. Grobmyer, Charis Eng
10.1101/146514	2017	Bystro: rapid online variant annotation and natural-language filtering at whole-genome scale	bioRxiv (Cold Spring Harbor Laboratory)	Alex Kotlar, Cristina E. Trevino, Michael E. Zwick, David J. Cutler, Thomas S. Wingo
10.1101/163634	2017	C-State: An interactive web app for simultaneous multi-gene visualization and comparative epigenetic pattern search	bioRxiv (Cold Spring Harbor Laboratory)	Divya Tej Sowpati, Surabhi Srivastava, Jyotsna Dhawan, Rakesh K. Mishra
10.1186/s12859-017-1786-6	2017	C-State: an interactive web app for simultaneous multi-gene visualization and comparative epigenetic pattern search	BMC Bioinformatics	Divya Tej Sowpati, Surabhi Srivastava, Jyotsna Dhawan, Rakesh K. Mishra
10.7554/elife.25776	2017	CTCF and cohesin regulate chromatin loop stability with distinct dynamics	eLife	Anders S. Hansen, Iryna Pustova, Claudia Cattoglio, Robert Tjian, Xavier Darzacq
10.1101/108225	2017	Caenorhabditis elegans BMP Transcriptional Program Implicates Collagen Genes in Body Size Regulation	bioRxiv (Cold Spring Harbor Laboratory)	Uday Madaan, Edlira Yzeiraj, M Meade, Christine A. Rushlow, Cathy Savage‐Dunn
10.1101/110163	2017	Cas9-Assisted Targeting of CHromosome segments (CATCH) for targeted nanopore sequencing and optical genome mapping	bioRxiv (Cold Spring Harbor Laboratory)	Tslil Gabrieli, Hila Sharim, Yael Michaeli, Yuval Ebenstein
10.1071/fp17105	2017	Cellulosic fibres of flax recruit both primary and secondary cell wall cellulose synthases during deposition of thick tertiary cell walls and in the course of graviresponse	Functional Plant Biology	Natalia Mokshina, Oleg V. Gorshkov, Nadezda N. Ibragimova, Tatyana Chernova, Tatyana Anatolyevna Gorshkova
10.7554/elife.20353	2017	Centriolar SAS-7 acts upstream of SPD-2 to regulate centriole assembly and pericentriolar material formation	eLife	Kenji Sugioka, Danielle R. Hamill, Josh Lowry, Marie E. McNeely, Molly Enrick, Alyssa C Richter, Lauren E Kiebler, James R Priess, Bruce A. Bowerman
10.1016/j.fsigen.2017.04.005	2017	Characterization of NIST human mitochondrial DNA SRM-2392 and SRM-2392-I standard reference materials by next generation sequencing	Forensic Science International Genetics	Sarah Riman, Kevin M. Kiesler, Lisa A. Borsuk, Peter M. Vallone
10.1074/jbc.m117.793117	2017	Characterization of enhancers and the role of the transcription factor KLF7 in regulating corneal epithelial differentiation	Journal of Biological Chemistry	Rachel Herndon Klein, William K. Hu, Ghaidaa Y Kashgari, Ziguang Lin, Tuyen T. L. Nguyen, Michael Doan, Bogi Andersen
	2017	Characterization of genetic variation in secondary metabolites in Fusarium	K-State Research Exchange (Kansas State University)	Wei Yue
10.1371/journal.pone.0175718	2017	Characterization of the fecal microbiome during neonatal and early pediatric development in puppies	PLoS ONE	Blake C. Guard, Hanna Mila, Jörg M. Steiner, Claire Mariani, Jan S. Suchodolski, Sylvie Chastant‐Maillard
10.1111/jzs.12164	2017	Characterization of the first mitochondrial genome of a catenulid flatworm:Stenostomum leucops(Platyhelminthes)	Journal of Zoological Systematics & Evolutionary Research	Marcos Trindade Rosa, Daniel Siqueira de Oliveira, Élgion L. S. Loreto
10.1111/pce.13019	2017	Chilling‐responsive DEMETER‐LIKE DNA demethylase mediates in poplar bud break	Plant Cell & Environment	Daniel Conde, Anne‐Laure Le Gac, Mariano Perales, Christopher Dervinis, Matias Kirst, Stéphane Maury, Pablo González‐Melendi, Isabel Allona
10.1007/978-981-10-6620-7_60	2017	Cloud Computing in Bioinformatics and Big Data Analytics: Current Status and Future Research	Advances in intelligent systems and computing	Kashish Ara Shakil, Mansaf Alam
10.1002/ece3.3552	2017	Colorful seashells: Identification of haem pathway genes associated with the synthesis of porphyrin shell color in marine snails	Ecology and Evolution	Suzanne T. Williams, Anne E. Lockyer, Patricia L. Dyal, Tomoyuki Nakano, Celia K. C. Churchill, Daniel I. Speiser
10.1109/scc.2017.11	2017	Columbus: Enabling Scalable Scientific Workflows for Fast Evolving Spatio-Temporal Sensor Data		Johnson Charles Kachikaran Arulswamy, Sangmi Lee Pallickara
10.7554/elife.19272	2017	Combinatorial bZIP dimers display complex DNA-binding specificity landscapes	eLife	José A. Rodríguez‐Martínez, Aaron W Reinke, Devesh Bhimsaria, Amy E. Keating, Aseem Z. Ansari
10.1109/tpds.2017.2764897	2017	Combining Static and Dynamic Storage Management for Data Intensive Scientific Workflows	IEEE Transactions on Parallel and Distributed Systems	Nicholas Hazekamp, Nathaniel Kremer-Herman, Benjamín Tovar, Haiyan Meng, Olivia Choudhury, Scott Emrich, Douglas Thain
10.1016/j.ygeno.2017.03.004	2017	Comparative analysis of MBD-seq and MeDIP-seq and estimation of gene expression changes in a rodent model of schizophrenia	Genomics	Jennifer L. Neary, Stephanie M. Perez, Kara R. Peterson, Daniel J. Lodge, Melanie A. Carless
10.1007/s40484-017-0093-6	2017	Comparative and integrative analysis of RNA structural profiling data: current practices and emerging questions	Quantitative Biology	Krishna Choudhary, Fei Deng, Sharon Aviran
10.1038/s41598-017-17570-0	2017	Comparison between Listeria sensu stricto and Listeria sensu lato strains identifies novel determinants involved in infection	Scientific Reports	Jakob Schardt, Grant S. Jones, Stefanie Müller-Herbst, Kristina Schauer, Sarah E. F. D’Orazio, Thilo M. Fuchs
10.1016/j.fm.2017.07.019	2017	Comparison study of the volatile profiles and microbial communities of Wuyi Qu and Gutian Qu, two major types of traditional fermentation starters of Hong Qu glutinous rice wine	Food Microbiology	Zhibin Liu, Zhiyao Wang, Xu‐Cong Lv, Xiaoping Zhu, Liling Chen, Li Ni
10.3389/fmicb.2017.01672	2017	Complete Circular Genome Sequence and Temperature Independent Adaptation to Anaerobiosis of Listeria weihenstephanensis DSM 24698	Frontiers in Microbiology	Elena Silvia Ferrari, Mathias C. Walter, Christopher Huptas, Siegfried Scherer, Stefanie Müller-Herbst
10.1017/s0956796817000119	2017	Computation semantics of the functional scientific workflow language Cuneiform	Journal of Functional Programming	Jørgen Gustava Brandt, Wolfgang Reisig, Ulf Leser
10.1016/b978-0-12-809633-8.20187-8	2017	Computational Pipelines and Workflows in Bioinformatics	Elsevier eBooks	Jeremy N. Leipzig
10.1016/b978-0-12-804659-3.00012-9	2017	Computational Techniques in Data Integration and Big Data Handling in Omics	Elsevier eBooks	Adonney Allan de Oliveira Veras, Pablo Henrique Caracciolo Gomes de Sá, Kenny da Costa Pinheiro, Debmalya Barh, Vasco Azevedo, Rommel Thiago Jucá Ramos, Artur Silva
10.1016/b978-0-08-102268-9.00004-5	2017	Computational and Statistical Considerations in the Analysis of Metagenomic Data	Elsevier eBooks	Fredrik Boulund, Mariana Buongermino Pereira, Viktor Jönsson, Erik Kristiansson
10.1093/bib/bbx082	2017	Computational approaches for discovery of mutational signatures in cancer	Briefings in Bioinformatics	Adrian Baez‐Ortega, Kevin C. Gori
10.1101/154716	2017	Computational approaches for discovery of mutational signatures in cancer	bioRxiv (Cold Spring Harbor Laboratory)	Adrian Baez‐Ortega, Kevin C. Gori
10.1515/jib-2017-0022	2017	Computer Analysis of Glioma Transcriptome Profiling: Alternative Splicing Events	Berichte aus der medizinischen Informatik und Bioinformatik/Journal of integrative bioinformatics	Vladimir N. Babenko, Н. В. Губанова, Anatoly O. Bragin, Irina V. Chadaeva, Gennady V. Vasiliev, Irina V. Medvedeva, Alekey S. Gaytan, А. Л. Кривошапкин, Yuriy Lvovich Orlov
10.1007/s00606-017-1442-7	2017	Concerted evolution rapidly eliminates sequence variation in rDNA coding regions but not in intergenic spacers in Nicotiana tabacum allotetraploid	Plant Systematics and Evolution	Jana Lunerová, Simon Renny‐Byfield, Roman Matyášek, Andrew Rowland Leitch, Aleš Kovařı́k
10.1016/j.jss.2017.01.007	2017	Container-based virtual elastic clusters	Journal of Systems and Software	Carlos de Alfonso Laguna, Amanda Calatrava, Germán Moltó
10.1101/144675	2017	Copy number variants implicate cardiac function and development pathways in earthquake-induced stress cardiomyopathy	bioRxiv (Cold Spring Harbor Laboratory)	Cameron James Lacey, Kit Doudney, Paul Gavin Bridgman, Peter Myles George, Roger Mulder, Julie J. Zarifeh, Bridget Kimber, Murray J. Cadzow, Michael A. Black, Tony Raymond Merriman, Klaus Lehnert, Vivienne M. Bickley, John F. Pearson, Vicky A. Cameron, Martin Alexander Kennedy
10.1016/j.biocel.2017.07.002	2017	Create, run, share, publish, and reference your LC–MS, FIA–MS, GC–MS, and NMR data analysis workflows with the Workflow4Metabolomics 3.0 Galaxy online infrastructure for metabolomics	The International Journal of Biochemistry & Cell Biology	Yann Guitton, Marie Tremblay‐Franco, Gildas Le Corguillé, Jean‐François Martin, Mélanie Pétéra, Pierrick Roger, Alexis Delabrière, Sophie Goulitquer, Misharl Monsoor, Christophe Dupérier, Cécile Canlet, Rémi Servien, Patrick Tardivel, Christophe Caron, Franck Giacomoni, Etienne Thévenot
10.1101/122119	2017	Cross-talk between active DNA demethylation, resetting of cellular metabolism and shoot apical growth in poplar bud break	bioRxiv (Cold Spring Harbor Laboratory)	Daniel Conde, Mariano Perales, Anne‐Laure Le Gac, Christopher Dervinis, Matias Kirst, Stéphane Maury, Pablo González‐Melendi, Isabel Allona
10.1002/ece3.3625	2017	Cryptic genetic variation in an inbreeding and cosmopolitan pest, Xylosandrus crassiusculus, revealed using dd RAD seq	Ecology and Evolution	Caroline Storer, Adam Payton, Stuart F. McDaniel, Bjarte H. Jordal, Jiří Hulcr
10.4018/978-1-5225-3015-2.ch009	2017	Data Science and Computational Biology	Advances in data mining and database management book series	Singaraju Jyothi, P. Naga Ramya Bhargavi
10.1147/jrd.2017.2736278	2017	Dataflow representation of data analyses: Toward a platform for collaborative data science	IBM Journal of Research and Development	Evan Patterson, Robert N McBurney, Hannes Schmidt, Ioana Baldini, Aleksandra Mojsilović, Kush R. Varshney
10.1093/molbev/msx335	2017	Datamonkey 2.0: A Modern Web Application for Characterizing Selective and Other Evolutionary Processes	Molecular Biology and Evolution	Steven Weaver, Stephen D. Shank, Stephanie J. Spielman, Michael M. Li, Spencer V. Muse, Sergei L. Kosakovsky Pond
	2017	Deepening understanding of persistence to ofloxacin in non-growing bacterial populations		Theresa C. Barrett
10.1016/j.immuni.2017.08.017	2017	Defined Sensing Mechanisms and Signaling Pathways Contribute to the Global Inflammatory Gene Expression Output Elicited by Ionizing Radiation	Immunity	Prabhat Kumar Purbey, Philip O. Scumpia, Peter J. Kim, Ann-Jay Tong, Keisuke S. Iwamoto, William H. McBride, Stephen T. Smale
	2017	Demonstration: The Language Application Grid as a Platform for Digital Humanities Research.		Nancy Ide, Keith Suderman, James D. Pustejovsky
10.70675/5e2a844ez7cd5z4be2z8089z189dc0ade00a	2017	Development of bioinformatics methods for the analysis of large collections of transcription factor binding motifs : positional motif enrichment and motif clustering		Jaime Abraham Castro-Mondragon
10.1186/s12864-017-3586-9	2017	Differentiation of ncRNAs from small mRNAs in Escherichia coli O157:H7 EDL933 (EHEC) by combined RNAseq and RIBOseq – ryhB encodes the regulatory RNA RyhB and a peptide, RyhP	BMC Genomics	Klaus Neuhaus, Richard Landstorfer, Svenja Simon, Steffen Schober, Patrick Rudolf Wright, Cameron Smith, Rolf Backofen, Romy Wecko, Daniel A. Keim, Siegfried Scherer
10.1109/bibm.2017.8217887	2017	Digital reproducibility requirements of computational genomic workflows		Sehrish Kanwal, Andrew J. Lonie, Richard Sinnott
10.1093/aob/mcx090	2017	Dissecting the ‘bacon and eggs’ phenotype: transcriptomics of post-anthesis colour change in Lotus	Annals of Botany	Mannfred M. A. Boehm, Darío I. Ojeda, Quentin Cronk
10.1007/978-3-319-31143-2_76-1	2017	Distribution of Methylated Regions Within gDNA in Acute and Chronic Phases of Diabetes Mellitus		Alexey A. Leontovich, Michael P. Sarras
10.1007/s10482-017-0960-1	2017	Diversity and dynamics of lactic acid bacteria in Atole agrio, a traditional maize-based fermented beverage from South-Eastern Mexico, analysed by high throughput sequencing and culturing	Antonie van Leeuwenhoek	Alba Pérez‐Cataluña, Patricia Elizaquível, Purificación Carrasco, Judith Espinosa, Dolores Reyes‐Duarte, Carmen Wacher, Rosa Aznar
10.1128/genomea.00323-17	2017	Draft Genome of the Heterotrophic Iron-Oxidizing Bacterium “ Acidibacillus ferroxidans ” Huett2, Isolated from a Mine Drainage Ditch in Freiberg, Germany	Genome Announcements	Simone Schopf, Sophie R. Ullrich, Thomas Heine, Michael Schlömann
10.1038/srep45113	2017	Early metabolic and transcriptional variations in fruit of natural white-fruited Fragaria vesca genotypes	Scientific Reports	Katja Härtl, Alisandra K. Denton, Katrin Franz‐Oberdorf, Thomas Hoffmann, Melanie Spornraft, Björn Usadel, Wilfried G. Schwab
10.1186/s12864-017-3711-9	2017	Effects of cold-acclimation on gene expression in Fall field cricket (Gryllus pennsylvanicus) ionoregulatory tissues	BMC Genomics	Lauren E. Des Marteaux, Alexander H McKinnon, Hiroko Udaka, Jantina Toxopeus, Brent J. Sinclair
10.1016/j.ympev.2017.01.005	2017	Eggshell palaeogenomics: Palaeognath evolutionary history revealed through ancient nuclear and mitochondrial DNA from Madagascan elephant bird (Aepyornis sp.) eggshell	Molecular Phylogenetics and Evolution	Alicia C. Grealy, Matthew J. Phillips, Gifford Hubbs Miller, M. Thomas P. Gilbert, Jean-Marie Rouillard, David M. Lambert, Michael F. Bunce, James Haile
10.1504/ijbra.2018.10009206	2017	Emerging trend of big data analytics in bioinformatics: a literature review	International Journal of Bioinformatics Research and Applications	Kalyan Nagaraj, G.S. Sharvani, Amulyashree Sridhar
10.1109/ctceec.2017.8455158	2017	Enabling Data Legitimacy in Data-Driven Projects	2017 International Conference on Current Trends in Computer, Electrical, Electronics and Communication (CTCEEC)	André Filipe de Moraes Batista, Daniel L. da Silva, Pedro Luiz Pizzigatti Corrêa
	2017	Enabling Data-Guided Evaluation of Bioinformatics Workflow Quality	D-Scholarship@Pitt (University of Pittsburgh)	Kevin K. McDade
10.1101/185736	2017	Enabling rapid cloud-based analysis of thousands of human genomes via Butler	bioRxiv (Cold Spring Harbor Laboratory)	Sergei Yakneen, Sebastian M. Waszak, Michael Gertz, Jan O. Korbel
10.1093/gigascience/gix015	2017	Enhancing knowledge discovery from cancer genomics data with Galaxy	GigaScience	Marco Albuquerque, Bruno M. Grande, Elie J. Ritch, Prasath Pararajalingam, Selin Jessa, Martin I. Krzywinski, Jasleen Grewal, Sohrab P. Shah, Paul Christopher Boutros, Ryan D. Morin
10.53846/goediss-6333	2017	Epigenetic regulation of osteoblast differentiation		Zeynab Najafova
10.1007/s12229-017-9175-4	2017	Erratum to: In Reply to the Cannabis Experts: Plastome Phylogenies Support the Parallel Hypothesis for Species Concepts in the Cannabaceae (sensu stricto)	The Botanical Review	Jeffrey R. Boutain
10.1101/182857	2017	Estimating the scale of biomedical data generation using text mining	bioRxiv (Cold Spring Harbor Laboratory)	Gabriel E. Rosenfeld, Dawei Lin
10.1371/journal.pone.0174446	2017	Evaluating alignment and variant-calling software for mutation identification in C. elegans by whole-genome sequencing	PLoS ONE	Harold E. Smith, Sijung Yun
10.1038/ejhg.2016.203	2017	Evaluation of copy-number variants as modifiers of breast and ovarian cancer risk for BRCA1 pathogenic variant carriers	European Journal of Human Genetics	BCFR, Logan C. Walker, EMBRACE, GEMO Study Collaborators, HEBON, KConFab Investigators, Louise Marquart, John F Pearson, George A. R. Wiggins, Tracy A. O’Mara, Michael T. Parsons, Daniel Barrowdale, Lesley McGuffog, Joe Dennis, Javier Benı́tez, Thomas Paul Slavin, Paolo Radice, Debra Frost, Andrew K
10.1101/gr.225896.117	2017	Evolutionary expansion of DNA hypomethylation in the mammalian germline genome	Genome Research	Jianghan Qu, Emily C. Hodges, Antoine Molaro, Pascal Gagneux, Matthew D. Dean, Gregory James Hannon, Andrew D. Smith
10.1128/jb.00065-17	2017	Examination of Enterococcus faecalis Toxin-Antitoxin System Toxin Fst Function Utilizing a Pheromone-Inducible Expression Vector with Tight Repression and Broad Dynamic Range	Journal of Bacteriology	Keith E. Weaver, Yuqing Chen, Elly M. Miiller, Jake Johnson, Alex A. Dangler, Dawn A. Manias, Aaron Clem, Daniel J. Schjodt, Gary M. Dunny
10.1186/s12859-017-1945-9	2017	Explorative visual analytics on interval-based genomic data and their metadata	BMC Bioinformatics	Vahid Jalili, Matteo Matteucci, Marco Masseroli, Stefano Ceri
10.1016/j.lwt.2017.09.033	2017	Exploring diversity and biotechnological potential of lactic acid bacteria from tocosh - traditional Peruvian fermented potatoes - by high throughput sequencing (HTS) and culturing	LWT	Eugenia Jiménez, Alba Yépez, Alba Pérez‐Cataluña, Elena Ramos Vásquez, Doris Zúñiga-Dávila, Graciela Margarita Vignolo, Rosa Aznar
10.1093/bioinformatics/btx791	2017	FROGS: Find, Rapidly, OTUs with Galaxy Solution	Bioinformatics	Fréderic Escudié, Lucas Auer, Maria Bernard, Mahendra Mariadassou, Laurent Cauquil, Katia Vidal, Sarah Maman, Guillermina Hernandez‐Raquet, Sylvie Combes, Géraldine Pascal
10.1016/j.chb.2017.09.017	2017	Factors that affect scientists' knowledge sharing behavior in health and life sciences research communities: Differences between explicit and implicit knowledge	Computers in Human Behavior	Jongsoon Park, Joseph L. Gabbard
10.1038/s41598-017-04707-4	2017	Failure of phylogeny inferred from multilocus sequence typing to represent bacterial phylogeny	Scientific Reports	Alan K. L. Tsang, Hwei Huih Lee, Siu‐Ming Yiu, Susanna K. P. Lau, Patrick C. Y. Woo
10.1016/j.scitotenv.2017.10.106	2017	Feed additives shift gut microbiota and enrich antibiotic resistance in swine gut	The Science of The Total Environment	Yi Zhao, Jian‐Qiang Su, Xin‐Li An, Fu-Yi Huang, Christopher Rensing, Kristian K. Brandt, Yong‐Guan Zhu
10.1016/j.dib.2017.01.016	2017	Fibronectin and androgen receptor expression data in prostate cancer obtained from a RNA-sequencing bioinformatics analysis	Data in Brief	Dibash Kumar Das, Thahmina A. Ali, Konstantinos Krampis, Olorunseun Olatunji Ogunwobi
10.1101/101329	2017	Fitness determinants of vancomycin-resistant Enterococcus faecium during growth in human serum	bioRxiv (Cold Spring Harbor Laboratory)	Xinglin Zhang, Ana M. Guzmán Prieto, Vincent de Maat, Tomasz K. Prajsnar, Jumamurat R. Bayjanov, Mark de Been, Malbert R. C. Rogers, Marc J. M. Bonten, Stéphane Mesnage, Rob J. L. Willems, Willem van Schaik
10.4203/csets.40.7	2017	Flowbster Workflow System for Clouds		Péter Kacsuk, József Kovács, Zoltán Farkas
10.1101/099192	2017	FlyClockbase: Importance of Biological Model Curation for Analyzing Variability in the Circadian Clock of Drosophila melanogaster by Integrating Time Series from 25 Years of Research	bioRxiv (Cold Spring Harbor Laboratory)	Katherine S. Scheuer, Bret M. Hanlon, Jerdon W. Dresel, Erik D. Nolan, John C. Davis, Laurence Loewe
10.1111/1462-2920.14022	2017	Formate hydrogenlyase and formate secretion ameliorate H 2 inhibition in the hyperthermophilic archaeon Thermococcus paralvinellae	Environmental Microbiology	Begüm D. Topçuoğlu, Cem Meydan, Roberto Orellana, James F. Holden
10.20868/upm.thesis.45477	2017	Functional characterization of DEMETER-like DNA demethylases during growth-dormancy cycles in poplar		Daniel Conde Rodríguez
10.1002/jcb.26235	2017	Functional interrelationship between TFII‐I and E2F transcription factors at specific cell cycle gene loci	Journal of Cellular Biochemistry	Yong Shen, Rukiye Nar, Alex Xiu‐Cheng Fan, Mahmoud Aryan, Mir Ahamed Hossain, Aishwarya Gurumurthy, Paul C. Wassel, Ming Tang, Jianrong Lu, John Strouboulis, Jörg Bungert
10.1371/journal.pgen.1006745	2017	GRHL3 binding and enhancers rearrange as epidermal keratinocytes transition between functional states	PLoS Genetics	Rachel Herndon Klein, Ziguang Lin, Amelia Soto Hopkin, William M. Gordon, Lam C. Tsoi, Yun Liang, Johann Eli Gudjonsson, Bogi Andersen
10.1093/gigascience/gix032	2017	GSuite HyperBrowser: integrative analysis of dataset collections across the genome and epigenome	GigaScience	Boris Simovski, Daniel Vodák, Sveinung Gundersen, Diana Domańska, Abdulrahman A. Azab, Lars Holden, Marit Holden, Ivar Grytten, Knut Dagestad Rand, Finn Drabløs, Morten Johansen, Antonio Mora, Christin Lund‐Andersen, Bastian Fromm, Ragnhild Eskeland, Odd S. Gabrielsen, Egil Ferkingstad, Sigve Nakken
10.14806/ej.23.0.897	2017	Galaksio, a user friendly workflow-centric front end for Galaxy	EMBnet journal	Tomas Klingström, Rafael Hernández-de-Diego, Théo Collard, Erik Bongcam‐Rudloff
10.1016/j.future.2017.02.042	2017	Gathering requirements for advancing simulations in HPC infrastructures via science gateways	Future Generation Computer Systems	Sandra Gesing, Rion Dooley, Marlon Pierce, Jens Krüger, Richard Grunzke, Sonja Herres‐Pawlis, Alexander Hoffmann
10.1093/nar/gkx398	2017	GeMSTONE: orchestrated prioritization of human germline mutations in the cloud	Nucleic Acids Research	Siwei Chen, Juan Felipe Beltrán, Clara Esteban-Jurado, Sebastià Franch‐Expósito, Sergi Castellvı́-Bel, Steven M. Lipkin, Xiaomu Wei, Haiyuan Yu
10.1038/ismej.2017.47	2017	Genetic hurdles limit the arms race betweenProchlorococcusand the T7-like podoviruses infecting them	The ISME Journal	Daniel A. Schwartz, Debbie Lindell
10.1128/iai.00182-17	2017	Genome-Wide Survey of Pseudomonas aeruginosa PA14 Reveals a Role for the Glyoxylate Pathway and Extracellular Proteases in the Utilization of Mucin	Infection and Immunity	Jeffrey M. Flynn, Chi Q. Phan, Ryan C. Hunter
10.1371/journal.pone.0188056	2017	Genome-wide DNase hypersensitivity, and occupancy of RUNX2 and CTCF reveal a highly dynamic gene regulome during MC3T3 pre-osteoblast differentiation	PLoS ONE	Phillip W.L. Tai, Hai Wu, André J. van Wijnen, Gary S. Stein, Janet L. Stein, Jane B. Lian
10.1016/j.abb.2017.06.012	2017	Genome-wide identification and expression profiling of EIL gene family in woody plant representative poplar ( Populus trichocarpa )	Archives of Biochemistry and Biophysics	Ertuğrul Filiz, Recep Vatansever, İbrahim İlker Özyiğit, Mehmet Emin Uras, Uğur Şen, Naser A. Anjum, Eduarda Pereira
10.1007/978-1-4939-7278-4_7	2017	Genomic Approaches to Analyze Alternative Splicing, A Key Regulator of Transcriptome and Proteome Diversity in Brachypodium distachyon	Methods in molecular biology	Sonia C. Irigoyen, Renesh H. Bedre, Karen‐Beth G. Scholthof, Kranthi Kiran Mandadi
10.1145/3086567.3086570	2017	Globus		Bryce Allen, Rachana Ananthakrishnan, Kyle Chard, Ian T Foster, Ravi Madduri, Jim Pruyne, Stephen Rosen, Steven Tuecke
10.1038/ncomms14799	2017	H3 ubiquitination by NEDD4 regulates H3 acetylation and tumorigenesis	Nature Communications	Xian Zhang, Binkui Li, Abdol Hossein Rezaeian, Xiaohong Xu, Ping‐Chieh Chou, Guoxiang Jin, Fei Han, Bo-Syong Pan, Chi‐Yun Wang, Jie Long, Anmei Zhang, Chih‐Yang Huang, Fuu‐Jen Tsai, Chang‐Hai Tsai, Christopher J. Logothetis, Hui-Kuan Lin
10.1016/b978-0-12-809411-2.00014-3	2017	Handling Big Data in Precision Medicine	Elsevier eBooks	Enrique Hernandez Lemus, Jesús Espinal Enríquez, Rodrigo García-Herrera
10.1016/j.marenvres.2017.05.006	2017	Hepatic transcriptomic profiles from barramundi, Lates calcarifer, as a means of assessing organism health and identifying stressors in rivers in northern Queensland	Marine Environmental Research	Sharon E. Hook, Frederieke J. Kroon, Paul A. Greenfield, Michael St. J. Warne, Rachael A. Smith, Ryan D. R. Turner
10.1016/j.softx.2017.07.007	2017	Hermes: Seamless delivery of containerized bioinformatics workflows in hybrid cloud (HTC) environments	SoftwareX	Athanassios M. Kintsakis, Fotis E Psomopoulos, Andreas L. Symeonidis, Pericles A. Mitkas
10.1186/s12864-016-3387-6	2017	HiC-bench: comprehensive and reproducible Hi-C data analysis designed for parameter exploration and benchmarking	BMC Genomics	Charalampos Lazaris, Stephen Kelly, Panagiotis Ntziachristos, Iannis Aifantis, Aristotelis Tsirigos
10.1101/115063	2017	High-resolution TADs reveal DNA sequences underlying genome organization in flies	bioRxiv (Cold Spring Harbor Laboratory)	Fidel Ramírez, Vivek Bhardwaj, Jose M. Villaveces, Laura Arrigoni, Björn Andreas Grüning, Kin Chung Lam, Bianca Hermine Habermann, Asifa Akhtar, Thomas Manke
10.3791/56442	2017	High-throughput Parallel Sequencing to Measure Fitness of Leptospira interrogans Transposon Insertion Mutants During Golden Syrian Hamster Infection	Journal of Visualized Experiments	Kristel Lourdault, James Matsunaga, Karen V. Evangelista, David A. Haake
10.1186/s12864-017-3774-7	2017	Higher-order organisation of extremely amplified, potentially functional and massively methylated 5S rDNA in European pikes (Esox sp.)	BMC Genomics	Radka Symonová, Konrad Ocalewicz, Lech Kirtiklis, Giovanni Battista Delmastro, Šárka Pelikánová, Sonia Cesteros Garcia, Aleš Kovařı́k
10.1101/106245	2017	Histone H3 threonine 11 phosphorylation is catalyzed directly by the meiosis-specific kinase Mek1 and provides a molecular readout of Mek1 activity in vivo	bioRxiv (Cold Spring Harbor Laboratory)	Ryan Kniewel, Hajime Murakami, Yan Liu, Masaru Ito, Kunihiro Ohta, Nancy M. Hollingsworth, Scott Keeney
10.1093/gbe/evx236	2017	Host Genetic Variation Does Not Determine Spatio-Temporal Patterns of European Bat 1 Lyssavirus	Genome Biology and Evolution	Cécile Troupin, Evelyne Picard‐Meyer, Simon Dellicour, Isabelle Casadémont, Lauriane Kergoat, Anthony Lepelletier, Laurent Dacheux, Guy Baele, Élodie Monchâtre-Leroy, Florence Cliquet, Philippe Lemey, Hervé Bourhy
10.1093/gbe/evx240	2017	Human Accelerated Regions and Other Human-Specific Sequence Variations in the Context of Evolution and Their Relevance for Brain Development	Genome Biology and Evolution	Аnastasia Levchenko, Alexander A Kanapin, Anastasia A. Samsonova, Raul R. Gainetdinov
10.1016/j.immuni.2017.06.018	2017	Hypoxia-Sensitive COMMD1 Integrates Signaling and Cellular Metabolism in Human Macrophages and Suppresses Osteoclastogenesis	Immunity	Koichi Murata, Celestia Fang, Chikashi C. Terao, Eugenia G Giannopoulou, Ye Ji Lee, Min Joon Lee, Se Hwan Mun, Seyeon Bae, Yu Qiao, Ruoxi Yuan, Moritoshi Furu, Hiromu Ito, Koichiro Ohmura, Shuichi Matsuda, Tsuneyo Mimori, Fumihiko Matsuda, Kyung-Hyun Park-Min, Lionel B. Ivashkiv
10.5808/gi.2017.15.4.178	2017	IVAG: An Integrative Visualization Application for Various Types of Genomic Data Based on R-Shiny and the Docker Platform	Genomics & Informatics	Tae‐Rim Lee, Jin Mo Ahn, Gyuhee Kim, Sangsoo Kim
10.1093/dnares/dsx010	2017	Identification and characterization of a subtelomeric satellite DNA in Callitrichini monkeys	DNA Research	Naiara Pereira Araújo, Leonardo Gomes de Lima, Guilherme Borges Dias, Gustavo C. S. Kuhn, Alan Lane de Melo, Yatiyo Yonenaga-Yassuda, Roscoe Stanyon, Marta Svartman
10.1016/j.ejps.2017.06.003	2017	Identification of Histone Deacetylase (HDAC) as a drug target against MRSA via interolog method of protein-protein interaction prediction	European Journal of Pharmaceutical Sciences	Reaz Uddin, Syeda Sumayya Tariq, Syed Sikander Azam, Abdul Wadood, Syed Tarique Moin
10.1371/journal.pone.0183564	2017	Identification of a mouse Lactobacillus johnsonii strain with deconjugase activity against the FXR antagonist T-β-MCA	PLoS ONE	Michael DiMarzio, Brigida A. Rusconi, Neela H. Yennawar, Mark Eppinger, Andrew D. Patterson, Edward G. Dudley
10.48550/arxiv.1702.02999	2017	Idiomatic and Reproducible Software Builds using Containers for Reliable Computing	arXiv (Cornell University)	Jonas Weber
10.1038/s41598-017-18217-w	2017	Impact of the G84E variant on HOXB13 gene and protein expression in formalin-fixed, paraffin-embedded prostate tumours	Scientific Reports	Liesel M. FitzGerald, Kelsie Raspin, James R. Marthick, Matthew A. Field, RC Malley, Russell J. Thomson, Nicholas B. Blackburn, Annette Banks, Jac Charlesworth, Shaun Donovan, Joanne L. Dickinson
10.3354/ame01831	2017	Impacts of a reduction in seawater pH mimicking ocean acidification on the structure and diversity of mycoplankton communities	Aquatic Microbial Ecology	Marlis Reich, Antje Wichels, Katrin Panzer, Evamaria Krause, Luis Giménez, Gunnar Gerdts
10.1093/bib/bbx039	2017	Improving data workflow systems with cloud services and use of open data for bioinformatics research	Briefings in Bioinformatics	Md. Rezaul Karim, Audrey M. Michel, Achille Zappa, Pavel V. Baranov, Ratnesh Sahay, Dietrich Rebholz‐Schuhmann
10.1016/j.celrep.2017.06.011	2017	In Vivo Regulation of the Zebrafish Endoderm Progenitor Niche by T-Box Transcription Factors	Cell Reports	Andrew C. Nelson, Stephen J. Cutty, Saule N. Gasiunas, Isabella Deplae, Derek L. Stemple, Fiona C. Wardle
10.1038/nchembio.2302	2017	In vitro reconstitution demonstrates the cell wall ligase activity of LCP proteins	Nature Chemical Biology	Kaitlin Schaefer, Leigh M. Matano, Yuan Qiao, Daniel E. Kahne, Suzanne Walker
10.1186/s13058-017-0825-6	2017	Increased genomic burden of germline copy number variants is associated with early onset breast cancer: Australian breast cancer family registry	Breast Cancer Research	Logan C. Walker, John F. Pearson, George A. R. Wiggins, Graham G. Giles, John Llewelyn Hopper, Melissa C. Southey
10.1073/pnas.1703546114	2017	Insect pathogenic fungus interacts with the gut microbiota to accelerate mosquito mortality	Proceedings of the National Academy of Sciences	Wei Ge, Yiling Lai, Guandong Wang, Huan Chen, Fang Li, Sibao Wang
10.1101/137596	2017	Integrated Computing and Tracking System for Centralized High-Throughput Genetic Analysis: a Case Study	bioRxiv (Cold Spring Harbor Laboratory)	Adrienne M. Stilp, Stephanie M. Gogarten, Cathy C. Laurie, Tamar Sofer
10.3990/1.9789036543064	2017	Integrating models on the web : applications for socio-environmental studies		Getachew F. Belete
10.1101/213603	2017	Interoperable and scalable data analysis with microservices: Applications in Metabolomics	bioRxiv (Cold Spring Harbor Laboratory)	Payam Emami Khoonsari, Pablo A Moreno, Sven M. Bergmann, Joachim Burman, Marco Capuccini, Matteo Carone, Marta Cascante, Pedro de Atauri, Carles Foguet, Alejandra N Gonzalez-Beltran, Thomas Hankemeier, Kenneth Haug, Sijin He, Stephanie Herman, David Johnson, Namrata Kale, Anders O. Larsson, Steffen 
10.1007/s10453-017-9490-6	2017	Introducing DNA-based methods to compare fungal microbiota and concentrations in indoor, outdoor, and personal air	Aerobiologia	Choa An, Cheolwoon Woo, Naomichi Yamamoto
10.1186/s12859-017-1747-0	2017	Investigating reproducibility and tracking provenance – A genomic workflow case study	BMC Bioinformatics	Sehrish Kanwal, Farah Zaib Khan, Andrew J. Lonie, Richard Sinnott
10.1080/03014460.2017.1414876	2017	Iron Age Italic population genetics: the Piceni from Novilara (8th–7th century BC)	Annals of Human Biology	Patrizia Serventi, Chiara Panicucci, Roberta Bodega, Sara De Fanti, Stefania Sarno, Manuel Fondevila Álvarez, Francesca Brisighelli, Beniamino Trombetta, Paolo Anagnostou, Gianmarco Ferri, Antonino Vazzana, Chiara Delpino, Giorgio Gruppioni, Donata Luiselli, Elisabetta Cilli
10.5334/jors.161	2017	Jug: Software for Parallel Reproducible Computation in Python	Journal of Open Research Software	Luis Pedro Coelho
10.1371/journal.pcbi.1005425	2017	Jupyter and Galaxy: Easing entry barriers into complex data analyses for biomedical researchers	PLoS Computational Biology	Björn Andreas Grüning, Eric S. Rasche, Boris Rebolledo‐Jaramillo, Carl Eberhard, Torsten Houwaart, John M. Chilton, Nate Coraor, Rolf Backofen, James Taylor, ANTON Y NEKRUTENKO
10.1016/j.jbiotec.2017.07.028	2017	KNIME for reproducible cross-domain analysis of life science data	Journal of Biotechnology	Alexander Fillbrunn, Christian Dietz, Julianus Pfeuffer, René Rahn, Gregory A. Landrum, Michael R. Berthold
10.1093/bioinformatics/btx003	2017	KNIME4NGS: a comprehensive toolbox for next generation sequencing analysis	Bioinformatics	Maximilian Hastreiter, Tim Jeske, Jonathan Hoser, Michael Kluge, Kaarin Ahomaa, Marie-Sophie Friedl, Sebastian J. Kopetzky, Jan D. Quell, Hans‐Werner Mewes, Robert Küffner
10.1093/gigascience/gix042	2017	Kronos: a workflow assembler for genome analytics and informatics	GigaScience	Mohammad Jafar Taghiyar, Jamie Rosner, Diljot S. Grewal, Bruno M. Grande, Radhouane Aniba, Jasleen Grewal, Paul Christopher Boutros, Ryan D. Morin, Ali Bashashati, Sohrab P. Shah
10.1093/nar/gkx573	2017	LMO2 is required for TAL1 DNA binding activity and initiation of definitive haematopoiesis at the haemangioblast stage	Nucleic Acids Research	Vesna S. Stanulović, Pierre Cauchy, Salam Adli Assi, Maarten Hoogenkamp
10.1038/s41467-017-00626-0	2017	Lineage overwhelms environmental conditions in determining rhizosphere bacterial community structure in a cosmopolitan invasive plant	Nature Communications	Jennifer L. Bowen, Patrick J. Kearns, Jarrett E. K. Byrnes, Sara Wigginton, Warwick J. Allen, Michael Paul Greenwood, Khang Tran, Jennifer Yu, James T. Cronin, Laura A. Meyerson
10.1186/s12864-017-3804-5	2017	Lost in plasmids: next generation sequencing and the complex genome of the tick-borne pathogen Borrelia burgdorferi	BMC Genomics	Gabriele Margos, Sabrina Hepner, Christoph Mang, Durdica V. Marosevic, Stuart E. Reynolds, Stefan Krebs, Andreas Sing, Markéta Derdáková, Michael Reiter, Volker Fingerle
10.1016/j.watres.2016.12.050	2017	Low temperature MBBR nitrification: Microbiome analysis	Water Research	Bradley Young, Robert Delatolla, Kevin Kennedy, Édith Laflamme, Alain Stintzi
	2017	Machine Representation of Data Analyses: Towards a Platform for Collaborative Data Science.	National Conference on Artificial Intelligence	Evan Patterson, Ioana Baldini, Aleksandra Mojsilović, Kush R. Varshney
10.1038/modpathol.2016.229	2017	Male breast cancer precursor lesions: analysis of the EORTC 10085/TBCRC/BIG/NABCG International Male Breast Cancer Program	Modern Pathology	Shusma C. Doebar, Leen Slaets, Fátima Cardoso, Sharon Hermes Giordano, John M.S. Bartlett, Konstantinos Tryfonidis, N Dijkstra, Caroline P. Schröder, Christi J. van Asperen, Barbro Kristina Linderholm, Kim Benstead, W. N. M. Dinjens, Ronald van Marion, P. J. van Diest, John W.M. Martens, Carolien HM
10.1504/ijwgs.2017.10003225	2017	Managing Workflows on top of a Cloud Computing Orchestrator for using heterogeneous environments on e-Science	International Journal of Web and Grid Services	Ignácio Blanquer, Nelson Kotowski, Miguel Caballer, Abel Carrión
10.1111/1462-2920.14020	2017	Metabolomics of tomato xylem sap during bacterial wilt reveals Ralstonia solanacearum produces abundant putrescine, a metabolite that accelerates wilt disease	Environmental Microbiology	Tiffany M. Lowe‐Power, Connor G. Hendrich, Edda von Roepenack‐Lahaye, Bin Li, Dousheng Wu, Raka M. Mitra, Beth L. Dalsing, Patrizia Ricca, Jacinth Naidoo, David E. Cook, Amy L. Jancewicz, Patrick Masson, Bart P. H. J. Thomma, Thomas Lahaye, Anthony J. Michael, Caitilyn Allen
10.1371/journal.pone.0168397	2017	Metavisitor, a Suite of Galaxy Tools for Simple and Rapid Detection and Discovery of Viruses in Deep Sequence Data	PLoS ONE	Guillaume Carissimo, Marius van den Beek, Kenneth D. Vernick, Christophe Antoniewski
10.4109/jslab.28.167	2017	Methods for analyzing next-generation sequencing data XI.Galaxy -an integrated data analysis environment	Japanese Journal of Lactic Acid Bacteria	Tazro Ohta, Tomoko Terada, Kentaro K. Shimizu, Koji Kadota
10.1080/09168451.2017.1308242	2017	MicroRNA signatures associated with thioacetamide-induced liver fibrosis in mice	Bioscience Biotechnology and Biochemistry	Jae-Sang Hong, Do-Hoon Lee, Ye Won Yook, Dokyun Na, Yu Jin Jang, Jong‐Hoon Kim, Young Sik Lee
10.1371/journal.ppat.1006391	2017	Microbiota-induced peritrophic matrix regulates midgut homeostasis and prevents systemic infection of malaria vector mosquitoes	PLoS Pathogens	Faye H. Rodgers, Mathilde Gendrin, Claudia A. S. Wyer, George K. Christophides
10.1016/s0140-6736(17)30182-4	2017	Multidonor intensive faecal microbiota transplantation for active ulcerative colitis: a randomised placebo-controlled trial	The Lancet	Sudarshan Paramsothy, Michael A. Kamm, Nadeem O. Kaakoush, Alissa J. Walsh, Johan van den Bogaerde, Douglas Samuel, Rupert Wing Loong Leong, Susan Jane Connor, Watson Ng, Ramesh Paramsothy, Wei Xuan, Enmoore Lin, Hazel M. Mitchell, Thomas Julius Borody
10.1101/173005	2017	NeatSeq-Flow: A Lightweight High-Throughput Sequencing Workflow Platform for Non-Programmers and Programmers Alike	bioRxiv (Cold Spring Harbor Laboratory)	Menachem Y. Sklarz, Liron Levin, Michal Markovich Gordon, Vered Chalifa‐Caspi
10.7490/f1000research.1114695.1	2017	NeatSeq-Flow: a lightweight software for efficient execution of high throughput sequencing workflows	bioRxiv (Cold Spring Harbor Laboratory)	Menachem Y. Sklarz, Michal Markovich Gordon, Vered Chalifa‐Caspi
10.1051/jbio/2017029	2017	Nextflow : un outil efficace pour l’amélioration de la stabilité numérique des calculs en analyse génomique	Biologie Aujourd hui	Paolo Di Tommaso, Evan W. Floden, Cedrik Magis, Emilio Palumbo, Cédric Notredame
10.1038/nbt.3820	2017	Nextflow enables reproducible computational workflows	Nature Biotechnology	Paolo Di Tommaso, Maria Chatzou, Evan W. Floden, Pablo Prieto Barja, Emilio Palumbo, Cédric Notredame
10.1111/nph.14458	2017	NorWood: a gene expression resource for evo‐devo studies of conifer wood development	New Phytologist	Soile Jokipii‐Lukkari, David Sundell, Ove R Nilsson, Torgeir Rhoden Hvidsten, Nathaniel Robert Street, Hannele Tuominen
10.1016/j.anireprosci.2016.12.011	2017	Oligo-dT selected spermatozoal transcript profiles differ among higher and lower fertility dairy sires	Animal Reproduction Science	Christopher J. Card, Karin E. Krieger, M. Kaproth, Becky L. Sartini
10.1016/j.jbiotec.2017.05.016	2017	OpenMS – A platform for reproducible analysis of mass spectrometry data	Journal of Biotechnology	Julianus Pfeuffer, Timo T. Sachsenberg, Oliver Alka, Mathias Walzer, Alexander Fillbrunn, Lars Nilse, Oliver Schilling, Knut Reinert, Oliver Kohlbacher
10.1371/journal.ppat.1006496	2017	Opposing roles of Toll-like receptor and cytosolic DNA-STING signaling pathways for Staphylococcus aureus cutaneous host defense	PLoS Pathogens	Philip O. Scumpia, Giovanni A. Botten, Joshua S. Norman, Kindra M. Kelly‐Scumpia, Roberto Spreafico, Amber Ruccia, Prabhat Kumar Purbey, Brandon J. Thomas, Robert L. Modlin, Stephen T. Smale
10.1016/j.agee.2017.09.007	2017	Organic amendment practices as possible drivers of biogenic Volatile Organic Compounds emitted by soils in agrosystems	Agriculture Ecosystems & Environment	Kevin Potard, Cécile Monard, Jean-Luc Le Garrec, Jean‐Pierre Caudal, Nathalie Le Bris, Françoise Binet
10.1111/pce.13056	2017	Overexpression of DEMETER, a DNA demethylase, promotes early apical bud maturation in poplar	Plant Cell & Environment	Daniel Conde, Alicia Moreno, Christopher Dervinis, José M. Ramos‐Sánchez, Matias Kirst, Mariano Perales, Pablo González‐Melendi, Isabel Allona
10.1016/j.molcel.2017.09.003	2017	P-Body Purification Reveals the Condensation of Repressed mRNA Regulons	Molecular Cell	Arnaud Hubstenberger, Maïté Courel, Marianne Bénard, Sylvie Souquère, Michèle Ernoult‐Lange, Racha Chouaib, Yi Zhou, Jean-Baptiste Morlot, Annie Munier, Magali Fradet, Maëlle Daunesse, Édouard Bertrand, Gérard Pierron, Julien Mozziconacci, Michel Kress, Dominique Weil
10.1158/0008-5472.can-17-0335	2017	P-MartCancer–Interactive Online Software to Enable Analysis of Shotgun Cancer Proteomic Datasets	Cancer Research	Bobbie‐Jo Webb‐Robertson, Lisa Bramer, Jeffrey Lee Jensen, Markus A. Kobold, Kelly G. Stratton, Amanda M. White, Karin Rodland
10.1093/nar/gkx906	2017	PITDB: a database of translated genomic elements	Nucleic Acids Research	Shyamasree Saha, Eleni Anthippi Chatzimichali, David A. Matthews, Conrad Bessant
10.1371/journal.pone.0172966	2017	Peptidomic and transcriptomic profiling of four distinct spider venoms	PLoS ONE	Vera Oldrati, Dominique Koua, Pierre‐Marie Allard, Nicolas Hulo, Miriam S. Arrell, Wolfgang Nentwig, Frédérique C. Lisacek, Jean‐Luc Wolfender, Lucia Kuhn‐Nentwig, Reto Stöcklin
10.3389/fcimb.2017.00032	2017	PerC Manipulates Metabolism and Surface Antigens in Enteropathogenic Escherichia coli	Frontiers in Cellular and Infection Microbiology	Jay L. Mellies, Amy Platenkamp, Jossef F. Osborn, Lily Ben‐Avi
10.1071/fp16348	2017	Phloem fibres as motors of gravitropic behaviour of flax plants: level of transcriptome	Functional Plant Biology	Oleg V. Gorshkov, Natalia Mokshina, Nadezda N. Ibragimova, Marina V. Ageeva, Natalia E. Gogoleva, Tatyana Anatolyevna Gorshkova
10.1093/bioinformatics/btx759	2017	PipelineDog: a simple and flexible graphic pipeline construction and maintenance tool	Bioinformatics	Anbo Zhou, Yeting Zhang, Yazhou Sun, Jinchuan Xing
	2017	Plant Phenomics on the Grid		Christophe Pradal, Simon Artzet, Jérôme Chopard, Dimitri Dupuis, Christian Fournier, Michael Mielewczik, Vincent Nègre, Pascal Neveu, Didier Parigot, Patrick Valduriez
10.1101/155416	2017	Positively Selected Enhancer Elements Endow Tumor Cells with Metastatic Competence	bioRxiv (Cold Spring Harbor Laboratory)	James J. Morrow, Ian Bayles, Alister PW Funnell, Tyler E. Miller, Alina Saiakhova, Michael M. Lizardo, Cynthia F. Bartels, Maaike Y. Kapteijn, Stevephen Hung, Arnulfo Mendoza, Daniel R. Chee, Jay Myers, Frederick H. Allen, Marco Gambarotti, Alberto Righi, Analisa DiFeo, Brian P. Rubin, Alex Yee-Chen
10.1016/j.biortech.2017.05.024	2017	Post carbon removal nitrifying MBBR operation at high loading and exposure to starvation conditions	Bioresource Technology	Bradley Young, Robert Delatolla, Kevin J. Kennedy, Édith Laflamme, Alain Stintzi
10.3389/fmicb.2016.02131	2017	Potential Environmental Factors Affecting Oil-Degrading Bacterial Populations in Deep and Surface Waters of the Northern Gulf of Mexico	Frontiers in Microbiology	Jiqing Liu, Hernando Pactao Bacosa, Zhanfei Liu
10.1101/200683	2017	Practical computational reproducibility in the life sciences	bioRxiv (Cold Spring Harbor Laboratory)	Björn Andreas Grüning, John M. Chilton, Johannes Köster, Ryan Dale, Jeremy Goecks, Rolf Backofen, ANTON Y NEKRUTENKO, James Taylor
10.1145/3107411.3107472	2017	Predictive and Comparative Network Analysis of the Gut Microbiota in Type 2 Diabetes		Mostafa M Abbas, Yasser EL‐Manzalawy
10.1145/3150994.3150997	2017	Processing of crowd-sourced data from an internet of floating things		Raffaele Montella, Diana Di Luccio, Livia Marcellino, Ardelio Galletti, Sokol Kosta, Alison Brizius, Ian T Foster
10.1080/14789450.2017.1299006	2017	Proteogenomic studies on cancer drug resistance: towards biomarker discovery and target identification	Expert Review of Proteomics	Shuyue Fu, Xiang Liu, Maochao Luo, Ke Xie, Edouard Collins Nice, Haiyuan Zhang, Canhua Huang
10.1080/14789450.2017.1352474	2017	Proteogenomics approaches for studying cancer biology and their potential in the identification of acute myeloid leukemia biomarkers	Expert Review of Proteomics	Maria Hernandez-Valladares, Marc Vaudel, Frode Selheim, Frode S. Berven, Øystein Bruserud
10.1021/acs.analchem.7b04340	2017	Proteomic and Metaproteomic Approaches to Understand Host–Microbe Interactions	Analytical Chemistry	Amanda E. Starr, Shelley A. Deeke, Leyuan Li, Xu Zhang, Rachid Daoud, James W. Ryan, Zhibin Ning, Kai Cheng, Linh V. H. Nguyen, Elias Abou-Samra, Mathieu Lavallée‐Adam, Daniel Figeys
10.1109/escience.2017.24	2017	Provenance-Based Scientific Workflow Search		Amani Abu Jabal, Elisa Bertino, Geeth de Mel
10.1111/nph.14540	2017	Quantitative analysis of the tomato nuclear proteome during Phytophthora capsici infection unveils regulators of immunity	New Phytologist	Andrew J.M. Howden, Remco Stam, Victor Martinez Heredia, Graham B. Motion, Sara ten Have, Kelly Hodge, Tiago M. M. M. Amaro, Edgar Huitema
10.3389/fimmu.2017.00959	2017	RNA Sequencing of Murine Norovirus-Infected Cells Reveals Transcriptional Alteration of Genes Important to Viral Recognition and Antigen Presentation	Frontiers in Immunology	Daniel Enosi Tuipulotu, Natalie E. Netzler, Jennifer H. Lun, Jason M. Mackenzie, Peter A. White
10.1186/s12864-017-4299-9	2017	RNA-seq and Tn-seq reveal fitness determinants of vancomycin-resistant Enterococcus faecium during growth in human serum	BMC Genomics	Xinglin Zhang, Vincent de Maat, Ana M. Guzmán Prieto, Tomasz K. Prajsnar, Jumamurat R. Bayjanov, Mark de Been, Malbert R. C. Rogers, Marc J. M. Bonten, Stéphane Mesnage, Rob J. L. Willems, Willem van Schaik
10.12688/f1000research.13049.1	2017	RSEQREP: RNA-Seq Reports, an open-source cloud-enabled framework for reproducible RNA-Seq data processing, analysis, and result reporting	F1000Research	Travis Lee Jensen, Michael Frasketi, Kevin Paul Conway, Leigh Villarroel, Heather Hill, Konstantinos Krampis, Johannes B. Goll
10.1007/s00449-017-1739-5	2017	Rapid start-up of nitrifying MBBRs at low temperatures: nitrification, biofilm response and microbiome analysis	Bioprocess and Biosystems Engineering	Bradley Young, Robert Delatolla, Turki S. Abujamel, Kevin Kennedy, Édith Laflamme, Alain Stintzi
10.1016/j.scitotenv.2017.08.295	2017	Rapid startup of thermophilic anaerobic digester to remove tetracycline and sulfonamides resistance genes from sewage sludge	The Science of The Total Environment	Rui Xu, Zhaohui Yang, Qingpeng Wang, Yang Bai, Jianbo Liu, Yue Zheng, Yanru Zhang, Weiping Xiong, Kito Ahmad, Changzheng Fan
10.1093/gigascience/gix022	2017	ReGaTE: Registration of Galaxy Tools in Elixir	GigaScience	Olivia Doppelt‐Azeroual, Fabien Mareuil, Éric Deveaud, Matúš Kalaš, Nicola Soranzo, Marius van den Beek, Björn Andreas Grüning, Jon Ison, Hervé Ménager
10.1016/j.bbr.2017.04.007	2017	Recognition memory-induced gene expression in the perirhinal cortex: A transcriptomic analysis	Behavioural Brain Research	Hannah Scott, Hannah Scott, Mark F. Rogers, Helen L. Scott, Helen L. Scott, Colin K. Campbell, Elizabeth Clea Warburton, James B. Uney
10.3389/fmicb.2017.02144	2017	Relationship between Gingival Crevicular Fluid Microbiota and Cytokine Profile in Periodontal Host Homeostasis	Frontiers in Microbiology	Jianye Zhou, Yiqing Yao, Kangli Jiao, Jumei Zhang, Xin Min Zheng, Fang Wu, Xiaopan Hu, Junping Li, Zhanhai Yu, Gaosen Zhang, Nan Jiang, Zhiqiang Li
10.1093/nar/gkx091	2017	Removing bias against short sequences enables northern blotting to better complement RNA-seq for the study of small RNAs	Nucleic Acids Research	Yun Sik Choi, Lanelle O. Edwards, Aubrey DiBello, Antony M Jose
10.1371/journal.pone.0173186	2017	Removing the needle from the haystack: Enrichment of Wolbachia endosymbiont transcripts from host nematode RNA by Cappable-seq™	PLoS ONE	Ashley N. Luck, Barton E. Slatko, Jeremy M. Foster
10.3768/rtipress.2017.bk.0020.1708	2017	Reproducibility: A Primer on Semantics and Implications for Research		Edo D. Pellizzari, Kathleen N Lohr, Alan R. Blatecky, Darryl V. Creel
10.3389/fninf.2017.00021	2017	Reproducible Large-Scale Neuroimaging Studies with the OpenMOLE Workflow Management System	Frontiers in Neuroinformatics	Jonathan Passerat‐Palmbach, Romain Reuillon, Mathieu Leclaire, Antonios Makropoulos, Emma C. Robinson, Sarah Parisot, Daniel Rueckert
10.1177/0002716217742610	2017	Research Infrastructure for the Safe Analysis of Sensitive Data	The Annals of the American Academy of Political and Social Science	Ian T Foster
10.2218/ijdc.v12i1.530	2017	Research Transparency: A Preliminary Study of Disciplinary Conceptualisation, Drivers, Tools and Support Services	International Journal of Digital Curation	Liz Lyon, Wei Jeng, Eleanor Mattern
	2017	Review on Viral Metagenomics and Its Future Perspective in Zoonotic and Arboviral Disease Surveillance	Journals & Books Hosting (International Knowledge Sharing Platform)	Begna Bulcha
10.1016/j.soilbio.2017.10.033	2017	Rhizobia inhabiting nodules and rhizosphere soils of alfalfa: A strong selection of facultative microsymbionts	Soil Biology and Biochemistry	Xiaolin Wang, Wen-Jing Cui, Xue Ying Feng, Zhi Ming Zhong, Ying Li, Wen Xin Chen, Wen Feng Chen, Xiao Ming Shao, Chang Fu Tian
10.1007/s41019-017-0050-4	2017	Robust Cross-Platform Workflows: How Technical and Scientific Communities Collaborate to Develop, Test and Share Best Practices for Data Analysis	Data Science and Engineering	Steffen Möller, Stuart W. Prescott, Lars Wirzenius, Petter Reinholdtsen, Brad Chapman, Pjotr Prins, Stian Soiland‐Reyes, Fabian Klötzl, Andrea Bagnacani, Matúš Kalaš, Andreas Tille, Michael Robin Crusoe
10.1093/gigascience/gix120	2017	SOAPnuke: a MapReduce acceleration-supported software for integrated quality control and preprocessing of high-throughput sequencing data	GigaScience	Yuxin Chen, Yongsheng Chen, Chunmei Shi, Zhibo Huang, Yong Zhang, Shengkang Li, Yan Li, Jia Ye, Chang Ho Yu, Zhuo Li, Xiuqing Zhang, jian  Zi Wang, Huanming Yang, Lin Fang, Qiang Chen
10.1186/s12864-017-4071-1	2017	START: a system for flexible analysis of hundreds of genomic signal tracks in few lines of SQL-like queries	BMC Genomics	Xinjie Zhu, Qiang Zhang, Eric Dun Ho, Ken Hung-On Yu, Chris Liu, Tim H.‐M. Huang, Alfred S.L. Cheng, Ben Kao, Eric Lo, Kevin Yuk-Lap Yip
10.1091/mbc.e17-06-0342	2017	STAT3 controls COL1A2 enhancer activation cooperatively with JunB, regulates type I collagen synthesis posttranscriptionally, and is essential for lung myofibroblast differentiation	Molecular Biology of the Cell	Ioannis A. Papaioannou, Shiwen Xu, Christopher P. Denton, David Abraham, Markella Ponticos
	2017	Scalable Systems and Algorithms for Genomic Variant Analysis	eScholarship (California Digital Library)	Frank Austin Nothaft
10.1016/j.future.2017.01.012	2017	Scientific workflows for computational reproducibility in the life sciences: Status, challenges and opportunities	Future Generation Computer Systems	Sarah Cohen‐Boulakia, Khalid Belhajjame, Olivier Collin, Jérôme Chopard, Christine Froidevaux, Alban Gaignard, Konrad Hinsen, Pierre Larmande, Yvan Le Bras, Frédéric Lemoine, Fabien Mareuil, Hervé Ménager, Christophe Pradal, Christophe Blanchet
10.1016/j.future.2017.05.041	2017	Scientific workflows: Past, present and future	Future Generation Computer Systems	Malcolm Atkinson, Sandra Gesing, Johan Montagnat, Ian Taylor
10.1109/escience.2017.51	2017	Sciunits: Reusable Research Objects		Dai Hai Ton That, Gabriel Fils, Zhihao Yuan, Tanu Malik
10.1371/journal.ppat.1006708	2017	Selection for avian leukosis virus integration sites determines the clonal progression of B-cell lymphomas	PLoS Pathogens	Sanandan Malhotra, Shelby Winans, Gary Lam, James Justice, Robin W. Morgan, KAREN L. BEEMON
10.1101/162701	2017	Sequanix: A Dynamic Graphical Interface for Snakemake Workflows	bioRxiv (Cold Spring Harbor Laboratory)	Dimitri Desvillechabrol, Rachel Legendre, Claire Rioualen, Christiane Bouchier, Jacques van Helden, Sean Kennedy, Thomas Cokelaer
10.1371/journal.pone.0180147	2017	Sequence-specific DNA binding by MYC/MAX to low-affinity non-E-box motifs	PLoS ONE	Michael M. Allevato, Eugene Bolotin, Mark H. Grossman, Daniel Mané‐Padrós, Frances M. Sladek, Ernest Martinez
10.1016/j.ymthe.2017.03.028	2017	Short DNA Hairpins Compromise Recombinant Adeno-Associated Virus Genome Homogeneity	Molecular Therapy	Jun Xie, Qin Mao, Phillip W.L. Tai, Ran He, Jianzhong Ai, Qin Su, Ye Zhu, Hong Ma, Jia Li, Shoufang Gong, Dan Wang, Zhen Gao, Mengxin Li, Zhong Li, Heather H. Zhou, Guangping Gao
10.3389/fimmu.2017.01084	2017	Shrimp miR-10a Is Co-opted by White Spot Syndrome Virus to Increase Viral Gene Expression and Viral Replication	Frontiers in Immunology	Jiun‐Yan Huang, Shih-Ting Kang, I-Tung Chen, Li-Kwan Chang, Shih‐Shun Lin, Guang‐Hsiung Kou, Chia‐Ying Chu, Chu‐Fang Lo
10.1016/j.margen.2017.08.002	2017	Skin Transcriptomes of common bottlenose dolphins (Tursiops truncatus) from the northern Gulf of Mexico and southeastern U.S. Atlantic coasts	Marine Genomics	Marion G. Neely, Jeanine S. Morey, Paul E. Anderson, Brian C. Balmer, Gina M. Ylitalo, Eric S. Zolman, Todd R. Speakman, Carrie Sinclair, Melannie J. Bachman, Kevin M. Huncik, John R. Kucklick, Patricia E. Rosel, Keith D. Mullin, Teri Rowles, Lori H. Schwacke, Frances M. Van Dolah
10.1261/rna.061333.117	2017	Small RNA-mediated regulation of DNA dosage in the ciliate Oxytricha	RNA	Jaspreet S. Khurana, Derek M. Clay, Sandrine Moreira, Xing Wang, Laura F. Landweber
10.1007/s00792-017-0932-4	2017	Soda pans of the Pannonian steppe harbor unique bacterial communities adapted to multiple extreme conditions	Extremophiles	Attila Szabó, Kristóf Korponai, Csaba Kerepesi, Boglárka Somogyi, Lajos Vörös, Dániel Bartha, Károly Màrialigeti, Tamás Felföldi
10.1109/icdcs.2017.333	2017	Software Defined Cyberinfrastructure		Ian T Foster, Ben J. Blaiszik, Kyle Chard, Ryan Chard
10.1016/j.future.2017.01.005	2017	Software architectures to integrate workflow engines in science gateways	Future Generation Computer Systems	Tristan Glatard, Marc-Étienne Rousseau, Sorina Camarasu-Pop, Reza Adalat, Natacha Beck, Samir Das, Rafael Ferreira da Silva, Najmeh Khalili‐Mahani, Vladimir V. Korkhov, Pierre-Olivier Quirion, Pierre Rioux, Silvia Delgado Olabarriaga, Pierre Bellec, Alan Charles Evans
10.1016/j.chembiol.2017.11.010	2017	Specific Inhibition of the Bifunctional Farnesyl/Geranylgeranyl Diphosphate Synthase in Malaria Parasites via a New Small-Molecule Binding Site	Cell chemical biology	Jolyn E. Gisselberg, Zachary Herrera, Lindsey Orchard, Manuel Llinás, Ellen Yeh
10.1090/bull/1597	2017	Statistical proof? The problem of irreproducibility	Bulletin of the American Mathematical Society	Susan Holmes
10.1186/s12864-017-3957-2	2017	Strand-specific transcriptomes of Enterohemorrhagic Escherichia coli in response to interactions with ground beef microbiota: interactions between microorganisms in raw meat	BMC Genomics	Wessam Galia, Françoise Leriche, Stéphane Cruveiller, Cindy Garnier, Vincent Navratil, Audrey Dubost, Stéphanie Blanquet‐Diot, Delphine Thévenot-Sergentet
10.4018/ijqspr.2018010108	2017	Strategies of Virtual Screening in Medicinal Chemistry	International Journal of Quantitative Structure-Property Relationships	Giovanna Ilaria Passeri, Daniela Trisciuzzi, Domenico Alberga, Lydia Siragusa, Francesco Leonetti, Giuseppe Felice Mangiatordi, Orazio Nicolotti
10.1111/pce.12980	2017	Strobilurins as growth‐promoting compounds: how Stroby regulates Arabidopsis leaf growth	Plant Cell & Environment	Judith Van Dingenen, Chrystalla Antoniou, Panagiota S. Filippou, Jacob Pollier, Nathalie González, Stijn Dhondt, Alain Goossens, Vasileios Fotopoulos, Dirk Inzé
10.1016/j.cmpb.2017.05.006	2017	Support for Taverna workflows in the VPH-Share cloud platform	Computer Methods and Programs in Biomedicine	Marek Kasztelnik, Ernesto Coto, Marian Bubak, Maciej Malawski, Piotr Nowakowski, Juan Arenas, Alfredo Saglimbeni, Debora Testi, Alejandro Federico Frangi
10.1101/184929	2017	Synthesis of a eukaryotic chromosome reveals a role for N6-methyladenine in nucleosome organization	bioRxiv (Cold Spring Harbor Laboratory)	Leslie Y. Beh, Galia T. Debelouchina, Kelsi A. Lindblad, Katarzyna Kulej, Elizabeth R. Hutton, John R. Bracht, Robert Sebra, Benjamin Aaron Garcia, Tom W. Muir, Laura F. Landweber
10.1038/ncomms15332	2017	Tailing and degradation of Argonaute-bound small RNAs protect the genome from uncontrolled RNAi	Nature Communications	Paola Pisacane, Mario Halić
10.1038/sdata.2017.81	2017	Targeted metagenomic sequencing data of human gut microbiota associated with Blastocystis colonization	Scientific Data	Léa Siegwald, Christophe Audebert, Gaël Even, Éric Viscogliosi, Ségolène Caboche, Magali Chabé
10.1158/1541-7786.mcr-17-0280	2017	Targeting AR Variant–Coactivator Interactions to Exploit Prostate Cancer Vulnerabilities	Molecular Cancer Research	Fiorella Magani, Stephanie O. Peacock, Meghan A. Rice, Maria Julia Martinez, Ann M. Greene, Pablo S. Magani, Rolando D. Z. Lyles, Jonathan Weitz, Kerry L. Burnstein
10.1101/239004	2017	Tellurium Notebooks - An Environment for Dynamical Model Development, Reproducibility, and Reuse	bioRxiv (Cold Spring Harbor Laboratory)	Kyle Medley, Kiri Choi, Matthias König, Lucian P. Smith, Stanley Gu, Joseph L. Hellerstein, Stuart C. Sealfon, Herbert M. Sauro
10.12688/f1000research.13261.1	2017	Tessellate & Montage: Molecular analytics of cyclic conformations	F1000Research	Christopher B. Barnett, Kevin J. Naidoo
10.1371/journal.pone.0169999	2017	The Effect of a Novel c.820C>T (Arg274Trp) Mutation in the Mitofusin 2 Gene on Fibroblast Metabolism and Clinical Manifestation in a Patient	PLoS ONE	M Beresewicz, Anna Boratyńska-Jasińska, Łukasz Charzewski, Maria Kawalec, Dagmara Kabzińska, Andrzej Kochański, Krystiana A. Krzyśko, Barbara Zabłocka
10.1007/978-3-319-56414-2_1	2017	The IPOL Demo System: A Scalable Architecture of Microservices for Reproducible Research	Lecture notes in computer science	Martín Arévalo, Carlos A. Escobar, Pascal Monasse, Nelson Monzón, Miguel Colom
10.1007/978-3-319-63645-0_66	2017	The Recent Trends, Techniques and Methods of Cloud Security	Smart innovation, systems and technologies	Ravinder Yadav, Aravind Kilaru, Shambhavi Kumari
10.1016/bs.aivir.2017.07.004	2017	The Recently Discovered Bokeloh Bat Lyssavirus: Insights Into Its Genetic Heterogeneity and Spatial Distribution in Europe and the Population Genetics of Its Primary Host	Advances in virus research	Elisa Eggerbauer, Cécile Troupin, Karsten Passior, Florian Pfaff, Dirk W. Höper, Antonie Neubauer‐Juric, Stephanie Haberl, Christiane Bouchier, Thomas C. Mettenleiter, Hervé Bourhy, Thomas Müller, Laurent Dacheux, Conrad M. Freuling
10.15265/iy-2017-006	2017	The Role of Free/Libre and Open Source Software in Learning Health Systems	Yearbook of Medical Informatics	Chris Paton, Thomas Karopka
10.1055/s-0037-1606527	2017	The Role of Free/Libre and Open Source Software in Learning Health Systems	Yearbook of Medical Informatics	Chris Paton, T. Karopka
	2017	The Science Gateways Community Institute: Going Beyond Borders.		Sandra Gesing, Maytal Dahan, Michael Zentner, Nancy Wilkins‐Diehr, Katherine A Lawrence
10.1186/s40793-017-0285-8	2017	The complete genome sequence of the rumen bacterium Butyrivibrio hungatei MB2003	Standards in Genomic Sciences	Nikola Palevich, William J. Kelly, Sinead C. Leahy, Eric Altermann, Jasna Rakonjac, Graeme T. Attwood
10.1080/23802359.2017.1303349	2017	The complete mitochondrial genome of Xiphister atropurpureus (Perciformes: Stichaeidae)	Mitochondrial DNA Part B	Hartnell College Genomics Group:, Laura Ayala, Joseph Becerra, Ga Hun Boo, David Calderon, Angelo DiMarco, Armando Garcia, Reuben Gonzales, Jeffery R. Hughey, Gustavo A. Jimenez, Thomas A. Jimenez, Jose Victor Lopez, Natalia I. Marquez, Ana I. Meza, Pedro Ortega, Roberta K. Overman, Conrado Pena, Mi
10.15252/embr.201744853	2017	The dynamic recruitment of TRBP to neuronal membranes mediates dendritogenesis during development	EMBO Reports	Anna Antoniou, Sharof Khudayberdiev, Agata Idziak, Silvia Bicker, Ralf Jacob, Gerhard M. Schratt
10.1111/mec.14459	2017	The effects of pastoral intensification on the feeding interactions of generalist predators in streams	Molecular Ecology	Caitlin E. Pearson, William O. C. Symondson, Elizabeth L. Clare, Steve J. Ormerod, Esther Iparraguirre Bolaños, Ian P. Vaughan
10.1109/icabme.2017.8167566	2017	The emerging field of clinical Bioinformatics: Infrastructure, analytical tools, and knowledge bases		Mohamed Ibrahim Abouelhoda
10.1111/nph.14945	2017	The function of two type II metacaspases in woody tissues of Populus trees	New Phytologist	Benjamin Bollhöner, Soile Jokipii‐Lukkari, Joakim Bygdell, Simon Stael, Mathilda Adriasola, Luis Miguel Muñiz, Frank Van Breusegem, Inés Ezcurra, Gunnar Wingsle, Hannele Tuominen
10.12688/f1000research.12342.1	2017	The future of metabolomics in ELIXIR	F1000Research	Merlijn van Rijswijk, Charlie Beirnaert, Christophe Caron, Marta Cascante, Victoria Domínguez Del Angel, Warwick B. Dunn, Timothy M. D. Ebbels, Franck Giacomoni, Alejandra N Gonzalez-Beltran, Thomas Hankemeier, Kenneth Haug, José Luis Izquierdo-García, Rafael C. Jiménez, Fabien Jourdan, Namrata Kale
10.12688/f1000research.12342.2	2017	The future of metabolomics in ELIXIR	F1000Research	Merlijn van Rijswijk, Charlie Beirnaert, Christophe Caron, Marta Cascante, Victoria Domínguez Del Angel, Warwick B. Dunn, Timothy M. D. Ebbels, Franck Giacomoni, Alejandra N Gonzalez-Beltran, Thomas Hankemeier, Kenneth Haug, José Luis Izquierdo-García, Rafael C. Jiménez, Fabien Jourdan, Namrata Kale
10.1177/1094342017704893	2017	The future of scientific workflows	The International Journal of High Performance Computing Applications	Ewa Deelman, Tom Peterka, İlkay Altıntaş, Christopher D. Carothers, Kerstin Kleese van Dam, Kenneth Moreland, Manish Parashar, Lavanya Ramakrishnan, Michela Taufer, Jeffrey S. Vetter
10.1371/journal.pgen.1006639	2017	The highly buffered Arabidopsis immune signaling network conceals the functions of its components	PLoS Genetics	Rachel Hillmer, Kenichi Tsuda, Ghanasyam Rallapalli, Shuta Asai, William Truman, Matthew D. Papke, Hitoshi Sakakibara, Jonathan D. G. Jones, Chad L. Myers, Fumiaki Katagiri
10.1093/nar/gkw1346	2017	The histone demethylase PHF8 is a molecular safeguard of the IFNγ response	Nucleic Acids Research	Elena Asensio-Juan, Raquel Fueyo, Stella Pappa, Simona Iacobucci, Carmen Badosa, Sergio Lois, Miriam Balada, Laia Bosch‐Presegué, Alex Vaquero, Sara Gutiérrez, Carmé Caelles, Carme Gallego, Xavier de la Cruz, Marian A. Martínez‐Balbás
10.1111/mec.14088	2017	The within‐host dynamics of infection in trans‐generationally primed flour beetles	Molecular Ecology	Ann Thomas Tate, Peter Andolfatto, Jeffery P. Demuth, Andrea L. Graham
10.3390/genes8070184	2017	Time to Spread Your Wings: A Review of the Avian Ancient DNA Field	Genes	Alicia C. Grealy, Nicolas J. Rawlence, Michael F. Bunce
10.1038/nbt.3772	2017	Toil enables reproducible, open source, big biomedical data analyses	Nature Biotechnology	John Vivian, Arjun Arkal Rao, Frank Austin Nothaft, Christopher Ketchum, Joel C. Armstrong, Adam M. Novak, Jacob Pfeil, Jake Narkizian, Alden Deran, Audrey Musselman-Brown, Hannes Schmidt, Peter Amstutz, Brian Craft, Mary J. Goldman, Kate R. Rosenbloom, Melissa Cline, Brian D. O’Connor, Megan Hanna,
10.1109/icsa.2017.42	2017	Towards a Reference Architecture for Cloud-Based Plant Genotyping and Phenotyping Analysis Frameworks		Banani Roy, Amit Kumar Mondal, Chanchal Kumar Roy, Kevin A. Schneider, Kawser Wazed
10.1038/nature23000	2017	Transcription elongation factors represent in vivo cancer dependencies in glioblastoma	Nature	Tyler E. Miller, Brian B. Liau, Lisa C. Wallace, Andrew R. Morton, Qi Xie, Deobrat Dixit, Daniel C. Factor, Leo J.Y. Kim, James J. Morrow, Qiulian Wu, Stephen C. Mack, Christopher G. Hubert, Shawn M. Gillespie, William A. Flavahan, Thomas Walter Hoffmann, Rohit Thummalapalli, Michael T. Hemann, Patr
10.1101/157008	2017	Transcriptomic Resilience of a Coral Holobiont to Low pH	bioRxiv (Cold Spring Harbor Laboratory)	Raúl A. González‐Pech, Sergio Vargas, Warren Russell Francis, Gert Wörheide
10.3389/fmars.2017.00403	2017	Transcriptomic Resilience of the Montipora digitata Holobiont to Low pH	Frontiers in Marine Science	Raúl A. González‐Pech, Sergio Vargas, Warren Russell Francis, Gert Wörheide
10.1371/journal.pntd.0005209	2017	Transient In Vivo Resistance Mechanisms of Burkholderia pseudomallei to Ceftazidime and Molecular Markers for Monitoring Treatment Response	PLoS neglected tropical diseases	Jason E. Cummings, Richard A. Slayden
10.1093/protein/gzx037	2017	Tuning DNA binding affinity and cleavage specificity of an engineered gene-targeting nuclease via surface display, flow cytometry and cellular analyses	Protein Engineering Design and Selection	Nixon Niyonzima, Abigail R. Lambert, Rachel A. Werther, Harshana De Silva Feelixge, Pavitra Roychoudhury, Alexander L. Greninger, Daniel Stone, Barry L. Stoddard, Keith R. Jerome
10.1101/118992	2017	UBiT2: a client-side web-application for gene expression data analysis	bioRxiv (Cold Spring Harbor Laboratory)	Jean Fan, David Fan, Kamil Slowikowski, Nils Gehlenborg, Peter V. Kharchenko
10.1111/nph.14391	2017	UNBRANCHED3 regulates branching by modulating cytokinin biosynthesis and signaling in maize and rice	New Phytologist	Yanfang Du, Lei Liu, Manfei Li, Shuang Fang, Xiaomeng Shen, Jinfang Chu, Zuxin Zhang
10.1109/ccgrid.2017.121	2017	Using the Jetstream Research Cloud to Provide Science Gateway Resources		Richard Knepper, Eric Coulter, Marlon Pierce, Suresh Marru, Sudhakar V. Pamidighantam
10.1186/s12859-017-1844-0	2017	VCFtoTree: a user-friendly tool to construct locus-specific alignments and phylogenies from thousands of anthropologically relevant genome sequences	BMC Bioinformatics	Duo Xu, Yousef Jaber, Pavlos Pavlidis, Ömer Gökçümen
10.1007/s00248-017-0981-3	2017	Variation in Biological Soil Crust Bacterial Abundance and Diversity as a Function of Climate in Cold Steppe Ecosystems in the Intermountain West, USA	Microbial Ecology	Erika S. Blay, Stacy G. Schwabedissen, Timothy S. Magnuson, Ken A. Aho, Peter P. Sheridan, Kathleen Ann Lohse
10.1128/jvi.01372-17	2017	Vertical Transmission of Hepatitis C Virus: Variable Transmission Bottleneck and Evidence of Midgestation In Utero Infection	Journal of Virology	Sébastien Fauteux‐Daniel, Ariane Larouche, Virginie Calderon, Jonathan Boulais, Chanel Béland, Doris G. Ransy, Marc Boucher, Valérie Lamarre, Normand Lapointe, Isabelle Boucoiran, Armelle Le Campion, Hugo Soudeyns
10.1039/c6em00689b	2017	Virulence factor activity relationships (VFARs): a bioinformatics perspective	Environmental Science Processes & Impacts	Hassan Waseem, Maggie R. Williams, Tiffany M. Stedtfeld, Benli Chai, Robert D. Stedtfeld, James R. Cole, James M. Tiedje, Syed A. Hashsham
10.1007/s15010-017-1091-3	2017	Whole genome sequencing identifies influenza A H3N2 transmission and offers superior resolution to classical typing methods	Infection	Dominik M. Meinel, Susanne Heinzinger, Ute Eberle, Nikolaus Ackermann, Katharina Schönberger, Andreas Sing
10.1186/s12864-017-3737-z	2017	Whole genome sequencing identifies missense mutation in MTBP in Shar-Pei affected with Autoinflammatory Disease (SPAID)	BMC Genomics	Julia Metzger, Anna M. Nolte, Ann‐Kathrin Uhde, Marion Hewicker‐Trautwein, O. Distl
10.1177/1010428317701648	2017	Whole transcriptome analysis reveals dysregulated oncogenic lncRNAs in natural killer/T-cell lymphoma and establishes MIR155HG as a target of PRDM1	Tumor Biology	Esra Baytak, Qiang Gong, Burcu Akman, Hongling Yuan, Wing Chung Chan, Can Küçük
10.1016/j.meegid.2017.07.009	2017	Whole-genome characterization of Uruguayan strains of avian infectious bronchitis virus reveals extensive recombination between the two major South American lineages	Infection Genetics and Evolution	Ana Eugenia Marandino, Gonzalo Tomás, Yanina Panzera, Gonzalo Greif, Adriana Parodi‐Talice, Martín A. Hernández, Claudia Techera, Diego Rodríguez‐Hernández, Ruben Pérez
10.1007/978-3-319-56982-6_8	2017	Workflow Integration and Orchestration, Opportunities and the Challenges	Computer communications and networks	G. Kousalya, Partheeban Balakrishnan, C. Pethuru Raj
10.48550/arxiv.1711.02087	2017	Workflow-Based Big Data Analytics in The Cloud Environment Present Research Status and Future Prospects	arXiv (Cornell University)	Samiya Khan, Kashish Ara Shakil, Mansaf Alam
10.1109/escience.2017.26	2017	WorkflowHunt: Combining Keyword and Semantic Search in Scientific Workflow Repositories		Juan Sebastian Beleno Diaz, Cláudia Bauzer Medeiros
10.1261/rna.058206.116	2017	m6aViewer: software for the detection, analysis, and visualization ofN6-methyladenosine peaks from m6A-seq/ME-RIP sequencing data	RNA	Agne Antanaviciute, Belinda Baquero-Pérez, Christopher Mark Watson, Sally M. Harrison, Carolina Lascelles, Laura A. Crinnion, Alexander F. Markham, David T. Bonthron, Adrian Whitehouse, Ian Carr
10.1021/acs.analchem.7b02795	2017	nmrML: A Community Supported Open Data Standard for the Description, Storage, and Exchange of NMR Data	Analytical Chemistry	Daniel Schober, Daniel J Jacob, Michael Wilson, Joseph A. Cruz, Ana Marcu, Jason R. Grant, Annick Moing, Catherine Deborde, Luís Filipe de Figueiredo, Kenneth Haug, Philippe Rocca‐Serra, John M. Easton, Timothy M. D. Ebbels, Jie Hao, Christian U. Ludwig, Ulrich L. Günther, Antonio Rosato, Matthias S
10.1186/s12859-017-1510-6	2017	repo: an R package for data-centered management of bioinformatic pipelines	BMC Bioinformatics	Francesco Napolitano
10.1186/s13072-018-0201-5	2018	27nt-RNAs guide histone variant deposition via ‘RNA-induced DNA replication interference’ and thus transmit parental genome partitioning in Stylonychia	Epigenetics & Chromatin	Jan Postberg, Franziska Jönsson, Patrick Philipp Weil, Aneta Bulic, Stefan Juranek, Hans‐Joachim Lipps
10.1109/escience.2018.00094	2018	A First Look at the JX Workflow Language		Tim Shaffer, Kyle M. D. Sweeney, Nathaniel Kremer-Herman, Douglas Thain
10.1007/978-1-4939-8654-5_20	2018	A Guide to the Chloroplast Transcriptome Analysis Using RNA-Seq	Methods in molecular biology	Elena J. S. Michel, Amber M. Hotto, Susan R. Strickler, David B. Stern, Benoît Castandet
10.1007/s10766-018-0600-z	2018	A History-Based Resource Manager for Genome Analysis Workflows Applications on Clusters with Heterogeneous Nodes	International Journal of Parallel Programming	Ferran Badosa, Antonio Espinosa, César Augusto Jaramillo Acevedo, Gonzalo Vera, Ana Ripoll
10.1097/psy.0000000000000630	2018	A Microbial Signature of Psychological Distress in Irritable Bowel Syndrome	Psychosomatic Medicine	Johannes Peter, Camille Fournier, Marija Durdević, Lukas Knoblich, Bettina Keip, Clemens Dejaco, Michael A Trauner, Gabriele Moser
10.1007/978-1-4939-8868-6_1	2018	A Primer for Access to Repositories of Cancer-Related Genomic Big Data	Methods in molecular biology	John Torcivia-Rodriguez, Hayley Dingerdissen, Ting-Chia Chang, Raja Mazumder
10.3389/fmicb.2018.02608	2018	A Putative Zn2Cys6 Transcription Factor Is Associated With Isoprothiolane Resistance in Magnaporthe oryzae	Frontiers in Microbiology	Zuoqian Wang, Fan-Zhu Meng, Mingming Zhang, Liang–Fen Yin, Weixiao Yin, Yang Lin, Tom Hsiang, You‐Liang Peng, Zonghua Wang, Chaoxi Luo
10.1101/429175	2018	A high resolution view of adaptive events	bioRxiv (Cold Spring Harbor Laboratory)	Mei Han, Barbara Arbeithuber, Marzia Angela Cremona, Michael DeGiorgio, ANTON Y NEKRUTENKO
10.1016/j.cmpb.2018.07.011	2018	A lightweight rapid application development framework for biomedical image analysis	Computer Methods and Programs in Biomedicine	Shekhar S. Chandra, Jason Dowling, CRAIG M. ENGSTROM, Ying Xia, Anthony Paproki, Aleš Neubert, David Rivest‐Hénault, Olivier Salvado, ‪Stuart Crozier‬, Jürgen Fripp
10.1186/s12864-017-4369-z	2018	A-GAME: improving the assembly of pooled functional metagenomics sequence data	BMC Genomics	Matteo Chiara, Antonio Placido, Ernesto Picardi, Luigi Ruggiero Ceci, David Stephen Horner, Graziano Pesole
10.1093/gigascience/giy057	2018	ASaiM: a Galaxy-based framework to analyze microbiota data	GigaScience	Bérénice Batut, Kévin Gravouil, Clémence Defois, Saskia Hiltemann, Jean‐François Brugère, Éric Peyretaillade, Pierre Peyret
10.30953/bhty.v1.34	2018	Accelerating Genomic Data Generation and Facilitating Genomic Data Access Using Decentralization, Privacy-Preserving Technologies and Equitable Compensation	Blockchain in Healthcare Today	Dennis Grishin, Kamal Obbad, Preston W. Estep, Kevin M. Quinn, Sarah Wait Zaranek, Alexander Wait Zaranek, Ward Vandewege, Tom L. Clegg, Nico César, Mirza Cifric, George M. Church
10.48550/arxiv.1811.11653	2018	Accelerating Sensitivity Analysis in Microscopy Image Segmentation Workflows	arXiv (Cornell University)	Junior, Willian de Oliveira Barreiros, George Teodoro
10.26512/2018.02.d.34063	2018	Accelerating sensitivity analysis in microscopy image segmentation workflows with multi-level computation and data reuse		Willian de Oliveira Barreiros Júnior
10.1093/femsec/fiy102	2018	Adaptations to marine versus terrestrial low temperature environments as revealed by comparative genomic analyses of the genus Psychrobacter	FEMS Microbiology Ecology	Corien Bakermans
10.1016/j.omtm.2018.02.002	2018	Adeno-associated Virus Genome Population Sequencing Achieves Full Vector Genome Resolution and Reveals Human-Vector Chimeras	Molecular Therapy — Methods & Clinical Development	Phillip W.L. Tai, Jun Xie, Kaiyuen Fong, Matthew G. Seetin, Cheryl R. Heiner, Qin Su, Michael Weiand, Daniella Wilmot, Maria L. Zapp, Guangping Gao
10.1080/15476286.2018.1429880	2018	Alu exaptation enriches the human transcriptome by introducing new gene ends	RNA Biology	Eitan Lavi, Liran Carmel
10.1109/escience.2018.00031	2018	An Algebra for Robust Workflow Transformations		Nicholas Hazekamp, Douglas Thain
10.1093/hmg/ddy238	2018	An FRMD4B variant suppresses dysplastic photoreceptor lesions in models of enhanced S-cone syndrome and of Nrl deficiency	Human Molecular Genetics	Yang Kong, Lihong Zhao, Jeremy R. Charette, Wanda L. Hicks, Lisa V. Stone, Patsy M. Nishina, Jürgen Κ. Naggert
	2018	An evaluation of galaxy and ruffus-scripting workflows system for DNA-seq analysis	University of the Western Cape Electronic Theses and Dissertations Repository (University of the Western Cape)	Ajayi Olabode Oluwaseun
10.1007/978-1-4939-7834-2_17	2018	Analysis of ChIP-Seq and RNA-Seq Data with BioWardrobe	Methods in molecular biology	Sushmitha Vallabh, Andrey V. Kartashov, Artem Barski
10.1371/journal.pone.0197840	2018	Analysis of the resistance mechanisms in sugarcane during Sporisorium scitamineum infection using RNA-seq and microscopy	PLoS ONE	Meredith McNeil, Shamsul Arafin Bhuiyan, Paul J. Berkman, Barry J. Croft, Karen S. Aitken
10.1007/978-981-13-1071-3_9	2018	Analytical Approaches for Exome Sequence Data	Translational bioinformatics	Andrew R Collins
10.1111/jbi.13450	2018	Ancient DNA reveals the origins, colonization histories, and evolutionary pathways of two recently extinct species of giant scops owl from Mauritius and Rodrigues Islands (Mascarene Islands, south‐western Indian Ocean)	Journal of Biogeography	Antoine Louchart, Fabiola Bastián, Marilia Baptista, Perle Guarino‐Vignon, JULIAN PENDER HUME, Cécile Jacot‐des‐Combes, Cécile Mourer‐Chauviré, Catherine Hänni, Morgane Ollivier
10.1016/j.foodcont.2018.03.034	2018	Application of next generation semiconductor based sequencing for species identification and analysis of within-species mitotypes useful for authentication of meat derived products	Food Control	Anisa Ribani, Giuseppina Schiavo, Valerio Joe Utzeri, Francesca Bertolini, Claudia Geraci, Samuele Bovo, Luca Fontanesi
10.1101/357376	2018	Assessing the impact of taxon resolution on network structure, with implication for comparative ecology	bioRxiv (Cold Spring Harbor Laboratory)	David R. Hemprich‐Bennett, Hernani F. M. Oliveira, Steven C. Le Comber, Stephen J. Rossiter, Elizabeth L. Clare
10.1021/acssynbio.8b00021	2018	Automated Planning Enables Complex Protocols on Liquid-Handling Robots	ACS Synthetic Biology	Ellis Whitehead, Fabian Rudolf, Hans‐Michael Kaltenbach, Jörg Stelling
10.1109/ic2e.2018.00026	2018	Automatic Dependency Management for Scientific Applications on Clusters		Benjamín Tovar, Nicholas Hazekamp, Nathaniel Kremer-Herman, Douglas Thain
10.48550/arxiv.1809.02671	2018	Automating Truth: The Case for Crowd-Powered Scientific Investigation in Economics	arXiv (Cornell University)	Jorge Faleiro
10.1007/s10336-018-1532-5	2018	Avian transcriptomics: opportunities and challenges	Journal für Ornithologie	Elinor Jax, Michaël Wink, R.H. Kraus
10.1534/genetics.118.301631	2018	BMP Signaling Determines Body Size via Transcriptional Regulation of Collagen Genes in Caenorhabditis elegans	Genetics	Uday Madaan, Edlira Yzeiraj, M Meade, James F. Clark, Christine A. Rushlow, Cathy Savage‐Dunn
10.1002/ecs2.2079	2018	Bacterial diversity is positively correlated with soil heterogeneity	Ecosphere	Emily Curd, Jennifer B. H. Martiny, Huiying Li, Thomas B. Smith
10.4018/978-1-5225-3142-5.ch026	2018	Big Data Analysis Techniques for Visualization of Genomics in Medicinal Plants	Advances in data mining and database management book series	Hithesh Kumar, Vivek Chandramohan, Smrithy M. Simon, Rahul Singh Yadav, Shashi Bhusan Kumar
10.1007/978-3-030-03359-0_1	2018	Big Data Scientific Workflows in the Cloud: Challenges and Future Prospects	Studies in big data	Samiya Khan, Syed Arshad Ali, Nabeela Hasan, Kashish Ara Shakil, Mansaf Alam
10.17537/2018.13.t1	2018	Big Data in Bioinformatics	Mathematical Biology and Bioinformatics	Nafisa Nailovna Nazipova, Evgeny A. Isaev, V. V. Kornilov, D.V. Pervukhin, A.A. Morozova, Alexander A. Gorbunov, Mikhail Nikolaevich Ustinin
10.1016/j.cels.2018.10.007	2018	BioJupies: Automated Generation of Interactive Notebooks for RNA-Seq Data Analysis in the Cloud	Cell Systems	Denis Torre, Alexander Lachmann, Avi Ma’ayan
10.1093/molbev/msy084	2018	Biology Needs Evolutionary Software Tools: Let’s Build Them Right	Molecular Biology and Evolution	ANTON Y NEKRUTENKO, Galaxy Zoo Team, Jeremy Goecks, James Taylor, Daniel Blankenberg
10.48550/arxiv.1808.07949	2018	Black Magic Investigation Made Simple: Monte Carlo Simulations and Historical Back Testing of Momentum Cross-Over Strategies Using FRACTI Patterns	RePEc: Research Papers in Economics	Jorge Faleiro, Edward Tsang
10.1186/s13059-018-1387-3	2018	Bystro: rapid online variant annotation and natural-language filtering at whole-genome scale	Genome biology	Alex Kotlar, Cristina E. Trevino, Michael E. Zwick, David J. Cutler, Thomas S. Wingo
10.1038/nbt.4219	2018	Cas9-mediated allelic exchange repairs compound heterozygous recessive mutations in mice	Nature Biotechnology	Dan Wang, Jia Li, Chun‐Qing Song, Karen Tran, Haiwei Mou, Pei-Hsuan Wu, Phillip W.L. Tai, Craig A. Mendonca, Lingzhi Ren, Blake Y. Wang, Qin Su, Dominic J. Gessler, Phillip D. Zamore, Wen Xue, Guangping Gao
10.1016/b978-0-12-809633-8.20294-x	2018	Cell Modeling and Simulation	Elsevier eBooks	Ayako Yachie‐Kinoshita, Kazunari Kaizu
10.1186/s12859-018-2019-3	2018	Closha: bioinformatics workflow system for the analysis of massive sequencing data	BMC Bioinformatics	Gunhwan Ko, Pan-Gyu Kim, Jongcheol Yoon, Gukhee Han, Seong‐Jin Park, Wangho Song, Byung-Wook Lee
10.70675/94003e64z4244z46b6zba3cz1ba3691aac85	2018	Comparaison des épigénomes des espèces non-modèles		Benoît Aliaga
10.1186/s12864-018-5361-y	2018	Comparative transcriptomic analysis of bovine papillomatosis	BMC Genomics	Débora Machado Barreto, Gerlane Barros, Lucas Santos, Rosilene Calazans Soares, Marcus Vinícius de Aragão Batista
10.1016/b978-0-12-809633-8.20079-4	2018	Computational Systems Biology Applications	Elsevier eBooks	Ayako Yachie‐Kinoshita, Sucheendra K. Palaniappan, Samik Ghosh
10.1038/s41576-018-0050-x	2018	Computational tools to unmask transposable elements	Nature Reviews Genetics	Patricia Goerner-Potvin, Guillaume Bourque
10.1038/sdata.2018.179	2018	Computational workflow to study the seasonal variation of secondary metabolites in nine different bryophytes	Scientific Data	Kristian Peters, Karin Gorzolka, Helge Bruelheide, Steffen Neumann
10.1016/j.future.2017.12.029	2018	Computing environments for reproducibility: Capturing the “Whole Tale”	Future Generation Computer Systems	Adam Brinckman, Kyle Chard, Niall I. Gaffney, Mihael Hategan, Matthew B. Jones, K. Kowalik, Sivakumar Kulasekaran, Bertram Ludäscher, Bryce Mecum, Jarek Nabrzyski, Victoria Stodden, Ian Taylor, Matthew Turk, Kandace Turner
10.1101/299032	2018	Container-based bioinformatics with Pachyderm	bioRxiv (Cold Spring Harbor Laboratory)	Jon Ander Novella, Payam Emami Khoonsari, Stephanie Herman, Daniel Whitenack, Marco Capuccini, Joachim Burman, Kim Kultima, Ola Spjuth
10.1038/s41598-018-25827-5	2018	Copy number variants implicate cardiac function and development pathways in earthquake-induced stress cardiomyopathy	Scientific Reports	Cameron James Lacey, Kit Doudney, Paul Gavin Bridgman, Peter M. George, Roger Mulder, Julie J. Zarifeh, Bridget Kimber, Murray J. Cadzow, Michael A. Black, Tony Raymond Merriman, Klaus Lehnert, Vivienne M. Bickley, John F. Pearson, Vicky A. Cameron, Martin Alexander Kennedy
10.31223/osf.io/jtd8c	2018	Creating interactive scientific publications using bindings		Markus Konkol, Christian Kray, Jan Suleiman
10.1186/s40537-018-0135-6	2018	Cross-domain similarity assessment for workflow improvement to handle Big Data challenge in workflow management	Journal Of Big Data	Tahereh Koohi-Var, Morteza Zahedi
10.1007/s00442-018-4136-0	2018	DNA metabarcoding of nestling feces reveals provisioning of aquatic prey and resource partitioning among Neotropical migratory songbirds in a riparian habitat	Oecologia	Brian K. Trevelline, Tim Nuttle, Brandon D. Hoenig, Nathan L. Brouwer, Brady A. Porter, Steven C. Latta
10.1111/mec.14832	2018	DNA metabarcoding reveals changes in the contents of carnivorous plants along an elevation gradient	Molecular Ecology	Joanne E. Littlefair, Axel Zander, Clara S. Costa, Elizabeth L. Clare
10.1038/s41598-018-25022-6	2018	DNAp: A Pipeline for DNA-seq Data Analysis	Scientific Reports	Jason Causey, Cody Ashby, Karl Walker, Zhiping Paul Wang, Mary Qu Yang, Yuanfang Guan, Jason H. Moore, Xiuzhen Huang
10.1109/works.2018.00012	2018	DagOn*: Executing Direct Acyclic Graphs as Parallel Jobs on Anything		Raffaele Montella, Diana Di Luccio, Sokol Kosta
10.12688/gatesopenres.12832.2	2018	DataPackageR: Reproducible data preprocessing, standardization and sharing using R/Bioconductor for collaborative data analysis	Gates Open Research	Greg Finak, Bryan T. Mayer, William J. Fulp, Paul Obrecht, Alicia Sato, Eva Yin-han Chung, Drienna Holman, Raphaël Gottardo
10.12688/gatesopenres.12832.1	2018	DataPackageR: Reproducible data preprocessing, standardization and sharing using R/Bioconductor for collaborative data analysis	Gates Open Research	Greg Finak, Bryan T. Mayer, William J. Fulp, Paul Obrecht, Alicia Sato, Eva Yin-han Chung, Drienna Holman, Raphaël Gottardo
10.1101/342907	2018	DataPackageR: Reproducible data preprocessing, standardization and sharing using R/Bioconductor for collaborative data analysis	bioRxiv (Cold Spring Harbor Laboratory)	Greg Finak, Bryan T. Mayer, William J. Fulp, Paul Obrecht, Alicia Sato, Eva Yin-han Chung, Drienna Holman, Raphaël Gottardo
10.1186/s12864-018-4798-3	2018	De novo transcriptome assembly of Pueraria montana var. lobata and Neustanthus phaseoloides for the development of eSSR and SNP markers: narrowing the US origin(s) of the invasive kudzu	BMC Genomics	Matthew Haynsen, Mohammad Vatanparast, Gouri Mahadwar, Dennis X. Zhu, Roy Z. Moger-Reischer, Jeff J. Doyle, Keith A. Crandall, Ashley N. Egan
10.1101/290510	2018	De novo transcriptome assembly, annotation, and identification of low-copy number genes in the flowering plant genus Silene (Caryophyllaceae)	bioRxiv (Cold Spring Harbor Laboratory)	Yann Bertrand, Anna Petri, Anne‐Cathrine Scheen, Mats Töpel, Bengt Oxelman
10.1016/j.jasrep.2018.03.002	2018	Determination of the geographical origin of leather shields from Zanzibar using ancient DNA tools	Journal of Archaeological Science Reports	Fabiola Bastián, Cécile Jacot-des-Combes, Catherine Hänni, Marie Perrier
10.1186/s12859-018-2446-1	2018	Developing reproducible bioinformatics analysis workflows for heterogeneous computing environments to support African genomics	BMC Bioinformatics	Shakuntala Baichoo, Yassine Souilmi, Sumir Panji, Gerrit Botha, Ayton Meintjes, Scott Hazelhurst, Hocine Bendou, Eugene de Beste, Phelelani Thokozani Mpangase, Oussema Souiai, Mustafa Alghali, Long Yi, Brian D. O’Connor, Michael Robin Crusoe, Don L Armstrong, Shaun Aron, Fourie Joubert, Azza E. Ahme
10.1007/s10096-018-3220-z	2018	Development and evaluation of a culture-free microbiota profiling platform (MYcrobiota) for clinical diagnostics	European Journal of Clinical Microbiology & Infectious Diseases	Stefan A. Boers, Saskia Hiltemann, Andrew Stubbs, Ruud Jansen, John Philip Hays
10.1002/pra2.2018.14505501003	2018	Distraction to illumination: Mining biomedical publications for serendipity in research	Proceedings of the Association for Information Science and Technology	Carla Allen, Sanda Erdelez
10.4018/978-1-5225-5191-1.ch045	2018	Documenting Provenance for Reproducible Marine Ecosystem Assessment in Open Science	IGI Global eBooks	Xiaogang Ma, Stace E. Beaulieu, Linyun Fu, Peter Fox, Massimo Di Stefano, Patrick Leslie West
10.1128/genomea.00063-18	2018	Draft Genome Sequences of Five Novel Ochrobactrum spp. Isolated from Different Avian Hosts in Nigeria	Genome Announcements	Poonam R Sharma, Lindsay Killmaster, Jeremy D. Volkening, Stivalis Cardenas Garcia, Ismaila Ademola Shittu, Clement Adebajo Meseko, Lanre Sulaiman, Tony Manuel Joannis, Patti J. Miller, Claudio L. Afonso
10.1128/mra.01012-18	2018	Draft Genome Sequences of Three Novel Staphylococcus arlettae Strains Isolated from a Disused Biological Safety Cabinet	Microbiology Resource Announcements	Anna Lavecchia, Matteo Chiara, Caterina Manzari, Massimo Trotta, Marinella Marzano, David Stephen Horner, Graziano Pesole, Antonio Placido
10.1128/genomea.00269-18	2018	Draft Genome Sequences of Three Ochrobactrum spp. Isolated from Different Avian Hosts in Pakistan	Genome Announcements	Poonam R Sharma, Lindsay Killmaster, Jeremy D. Volkening, Stivalis Cardenas Garcia, Abdul Ali Wajid, Shafqat Fatima Rehmani, Asma Basharat, Patti J. Miller, Claudio L. Afonso
10.1159/000495462	2018	Dysbiosis of the Gut Microbiota on the Inflammatory Background due to Lack of Suppressor of Cytokine Signalling-1 in Mice	Inflammatory Intestinal Diseases	Yoshiko Gendo, Takashi Matsumoto, Naganori Kamiyama, Benjawan Saechue, Ciaki Fukuda, Astri Dewayani, Shinya Hidano, Kaori Noguchi, Akira Sonoda, Takashi Ozaki, Nozomi Sachi, Haruna Hirose, Sotaro Ozaka, Yuki Eshita, Kazuhiro Mizukami, Tadayoshi Okimoto, Masaaki Kodama, Tomoko Yoshimatsu, Haruto Nish
10.3389/fonc.2018.00316	2018	EBV Associated Breast Cancer Whole Methylome Analysis Reveals Viral and Developmental Enriched Pathways	Frontiers in Oncology	Mohammed O. E. Abdallah, Ubai K. Algizouli, Maram A. Suliman, Rawya Abdulaziz Abdulrahman, Mahmoud Koko, Ghimja Fessahaye, Jamal Haleem Shakir, Ahmed Hassan Fahal, A.M. El-Hassan, Muntaser Eltayeb Ibrahim, Hiba Salah Mohamed
10.1089/cmb.2017.0186	2018	EasyQC: Tool with Interactive User Interface for Efficient Next-Generation Sequencing Data Quality Control	Journal of Computational Biology	Vijaya Raghavan Rangamaran, Bharathram Uppili, Gopal Dharani, Kirubagaran Ramalingam
10.1038/s41598-018-25921-8	2018	Effect of Bmi1 over-expression on gene expression in adult and embryonic murine neural stem cells	Scientific Reports	Mythily Ganapathi, Nathan C. Boles, Carol J. Charniga, Steven Lotz, Melissa Campbell, Sally Temple, Randall H. Morse
10.1145/3242840.3242848	2018	Efficient Bioinformatics Computations through GPU Accelerated Web Services		Vijini Mallawaarachchi, Anuradha Wickramarachchi, Anuradha Welivita, Indika N. Perera, Dulani Meedeniya
	2018	El Niño and the structure of mutualistic and antagonistic bat food webs revealed by DNA barcoding		de Oliveira, Hernani Fernandes Magalhães
10.1111/1462-2920.14128	2018	Electron acceptors for anaerobic oxidation of methane drive microbial community structure and diversity in mud volcanoes	Environmental Microbiology	Ge Ren, Anzhou Ma, Yanfen Zhang, Ye Deng, Guodong Zheng, Xuliang Zhuang, Guoqiang Zhuang, Danielle Fortin
10.1109/tale.2018.8615134	2018	Enhanced Student Learning in Proteomics - an Interactive Tool Support for Teaching Workflows		Anuradha Wickramarachchi, Vijini Mallawaarachchi, Dulani Meedeniya, Indika N. Perera, Anuradha Welivita
10.3389/fpls.2018.00272	2018	Ethylene-Related Gene Expression Networks in Wood Formation	Frontiers in Plant Science	Carolin Seyfferth, Bernard A. Wessels, Soile Jokipii‐Lukkari, Björn Sundberg, Nicolas Delhomme, Judith Felten, Hannele Tuominen
10.1007/s10534-018-0076-8	2018	Evaluation of the iron regulatory protein-1 interactome	BioMetals	Gregory J. Connell, Jando S. Danial, Christian X. Haastruthers
10.3991/ijet.v13i12.8608	2018	Experiential Learning in Bioinformatics – Learner Support for Complex Workflow Modelling and Analysis	International Journal of Emerging Technologies in Learning (iJET)	Vijini Mallawaarachchi, Anuradha Wickaramarachchi, Anuradha Weliwita, Indika N. Perera, Dulani Meedeniya
10.1007/978-3-319-78723-7_35	2018	Exploiting In-memory Systems for Genomic Data Analysis	Lecture notes in computer science	Zeeshan Ali Shah, Mohamed El-Kalioby, Tariq Faquih, Moustafa Shokrof, Shehryar Subhani, Yasser Obaidallah Alnakhli, Hussain Aljafar, Ashiq Anjum, Mohamed Ibrahim Abouelhoda
10.1007/978-1-4939-7902-8_3	2018	Expression Analysis of Genes Regulated by Thyroid Hormone in Neural Cells	Methods in molecular biology	Juan Bernal, Beatriz Morte
10.1128/jb.00269-18	2018	Expression of Adhesive Pili and the Collagen-Binding Adhesin Ace Is Activated by ArgR Family Transcription Factors in Enterococcus faecalis	Journal of Bacteriology	Dawn A. Manias, Gary M. Dunny
10.18632/oncotarget.25535	2018	Extensive screening of microRNA populations identifies hsa-miR-375 and hsa-miR-133a-3p as selective markers for human rectal and colon cancer	Oncotarget	David C. Weber, Laurence C. Amar, Daniel Gödde, Christian Prinz
10.1109/bhi.2018.8333373	2018	Fast and efficient genotype encoding using sparse 2D bitmaps for database-driven genomics applications		Ahmad Al Kawam, Aniruddha A. Datta
10.12691/jaem-6-2-3	2018	Fecal Microbiota of Free-range Pigs ( Sus scrofa domesticus ) Scavenging on a Municipal Dumpsite is a Potential Reservoir of Pathogens	CGSPace A Repository of Agricultural Research Outputs (Consultative Group for International Agricultural Research)	Kilaza Samson Mwaikono, Solomon Maina, Paul Simon Gwakisa
10.1109/cloud.2018.00124	2018	Federated Galaxy: Biomedical Computing at the Frontier		Enis Afgan, Vahid Jalili, Nuwan Goonasekera, James Taylor, Jeremy Goecks
10.1109/scc.2018.00047	2018	Fine-Grained Attribute Level Locking Scheme for Collaborative Scientific Workflow Development		Golam Mostaeen, Banani Roy, Chanchal Kumar Roy, Kevin A. Schneider
10.1186/s40168-018-0460-1	2018	Flexible metagenome analysis using the MGX framework	Microbiome	Sebastian Jaenicke, Stefan P. Albaum, Patrick Blumenkamp, Burkhard Linke, Jens Stoye, Alexander Goesmann
10.1101/487876	2018	Forward genetic screen for Caenorhabditis elegans mutants with a shortened locomotor healthspan	bioRxiv (Cold Spring Harbor Laboratory)	Kazuto Kawamura, ICHIRO N. MARUYAMA
10.1101/393074	2018	Gene silencing by double-stranded RNA from C. elegans neurons reveals functional mosaicism of RNA interference	bioRxiv (Cold Spring Harbor Laboratory)	Snusha Ravikumar, Sindhuja Devanapally, Antony M Jose
10.2478/sg-2018-0008	2018	Genetic effect in leaf and xylem transcriptome variations among Eucalyptus urophylla x grandis hybrids in field conditions	Silvae genetica/Silvae Genetica	Alexandre Vaillant, Astrid Honvault, Stéphanie Bocs, Marilyne Summo, Garel Makouanzi, Philippe Vigneron, Jean‐Marc Bouvet
10.1186/s12864-018-4877-5	2018	Genome data uncover four synergistic key regulators for extremely small body size in horses	BMC Genomics	Julia Metzger, Janina Rau, Fanny Naccache, Laura Bas Conn, Gabriella Lindgren, O. Distl
10.1101/248328	2018	Genome-Encoded Cytoplasmic Double-Stranded RNAs, Found in C9ORF72 ALS-FTD Brain, Provoke Propagated Neuronal Death	bioRxiv (Cold Spring Harbor Laboratory)	Steven Rodriguez, Benjamin R. Schrank, Aslı Şahin, Hawra J. Al Lawati, Isabel M. Costantino, Eric G. Benz, Darian Fard, Alefiya D. Albers, Luxiang Cao, Alexis C. Gomez, Elena Ratti, Merit Cudkowicz, Matthew P. Frosch, Michael E. Talkowski, Peter Karl Sorger, Bradley T. Hyman, Mark W. Albers
10.1371/journal.pone.0204972	2018	Genome-wide analyses of miniature inverted-repeat transposable elements reveals new insights into the evolution of the Triticum-Aegilops group	PLoS ONE	Danielle Keidar-Friedman, Inbar Bariah, Khalil Kashkush
10.1038/s41589-018-0041-4	2018	Genome-wide mutant profiling predicts the mechanism of a Lipid II binding antibiotic	Nature Chemical Biology	Marina Santiago, Wonsik Lee, Antoine Abou Fayad, Kathryn A. Coe, Mithila Rajagopal, Truc Do, Fabienne Hennessen, Veerasak Srisuknimit, Rolf Müller, Timothy Charles Meredith, Suzanne Walker
10.1016/j.scr.2018.07.009	2018	Genomic functions of developmental pluripotency associated factor 4 (Dppa4) in pluripotent stem cells and cancer	Stem Cell Research	Rachel Herndon Klein, Po-Yuan Tung, Priyanka Somanath, Hans Jörg Fehling, Paul S. Knoepfler
10.1101/291773	2018	Genomic normalization for sequencing libraries enrichment for rare somatic retroelement insertions	bioRxiv (Cold Spring Harbor Laboratory)	Alexander Yu. Komkov, Gaiaz A. Nugmanov, Maria Salutina, Anastasia A. Minervina, Konstantin V. Khodosevich, Yuri B. Lebedev, Ilgar Z. Mamedov
10.1016/j.ijbiomac.2018.02.032	2018	Genomic perspectives of spider silk genes through target capture sequencing: Conservation of stabilization mechanisms and homology-based structural models of spidroin terminal regions	International Journal of Biological Macromolecules	Matthew A. Collin, Thomas H. Clarke, Nadia A. Ayoub, Cheryl Y. Hayashi
10.1145/3219104.3219127	2018	Globus Platform Services for Data Publication		Rachana Ananthakrishnan, Ben J. Blaiszik, Kyle Chard, Ryan Chard, Brendan McCollam, Jim Pruyne, Stephen Rosen, Steven Tuecke, Ian T Foster
10.48550/arxiv.1803.09166	2018	Go-Smart: Open-Ended, Web-Based Modelling of Minimally Invasive Cancer Treatments via a Clinical Domain Approach	arXiv (Cornell University)	Phil Weir, Roland Ellerweg, Stephen John Payne, Dominic Reuter, Tuomas Alhonnoro, Philip Voglreiter, Panchatcharam Mariappan, Mika Pollari, Chang-Sub Park, Peter Voigt, Tim J. van Oostenbrugge, Sebastian Fischer, Peter I. Kalmar, Jurgen Jacobus Fütterer, Philipp Stiegler, Stephan Zangos, Ronan Flana
10.1038/s41593-018-0266-2	2018	Haploinsufficiency of the intellectual disability gene SETD5 disturbs developmental gene expression and cognition	Nature Neuroscience	Elena Deliu, Niccolò Arecco, Jasmin Morandell, Christoph P. Dotter, Ximena Contreras, Charles Girardot, Eva-Lotta Käsper, Alena A. Kozlova, Kasumi Kishi, Ilaria Chiaradia, Kyung‐Min Noh, Gaia Novarino
10.1109/ipdps.2018.00063	2018	Harnessing the Power of Many: Extensible Toolkit for Scalable Ensemble Applications		Vivek Balasubramanian, Matteo Turilli, Weiming Hu, Matthieu Lefèbvre, Wenjie Lei, Ryan Modrak, Guido Cervone, Jeroen Tromp, Shantenu Jha
10.2991/iwci-18.2018.7	2018	Heterogeneous Distributed Computing Environment for Vulnerability Analysis of Energy Critical Infrastructures		Aleksey V. Edelev, Ivan Sidorov, Alexander Gennadevich Feoktistov
10.1111/jfb.13779	2018	High level of genetic connectivity in a deep‐water reef fish, Caulolatilus microps	Journal of Fish Biology	Jan R. McDowell, Heid L. Brightman
10.1038/s41467-017-02525-w	2018	High-resolution TADs reveal DNA sequences underlying genome organization in flies	Nature Communications	Fidel Ramírez, Vivek Bhardwaj, Laura Arrigoni, Kin Chung Lam, Björn Andreas Grüning, Jose M. Villaveces, Bianca Hermine Habermann, Asifa Akhtar, Thomas Manke
10.1371/journal.ppat.1006754	2018	Higher sequence diversity in the vaginal tract than in blood at early HIV-1 infection	PLoS Pathogens	Katja Klein, Gabrielle C. Nickel, Immaculate Nankya, Fred Kyeyune, Korey Demers, Emmanuel Ndashimye, Cynthia Kwok, Pai‐Lien Chen, Sandra Rwambuya, Art F. Y. Poon, Marshall Wesley Munjoma, Tsungai Chipato, Josaphat Kayogoza Byamugisha, Peter N. Mugyenyi, Robert A. Salata, CHARLES S. MORRISON, Eric J.
10.1093/nar/gky804	2018	Highly efficient genome editing via CRISPR–Cas9 in human pluripotent stem cells is achieved by transient BCL-XL overexpression	Nucleic Acids Research	Xiaolan Li, Guohua Li, Juan Ling Fu, Ya-Wen Fu, Lu Zhang, Wanqiu Chen, Cameron Arakaki, Jianping Zhang, Wei Wen, Mei Zhao, Weisheng V. Chen, Gary D. Botimer, David J. Baylink, Leslie Aranda, Hannah Choi, Rachel Bechar, Prue Talbot, Changkai Sun, Tao Cheng, Xiao‐Bing Zhang
10.1371/journal.ppat.1007066	2018	Histone methylation changes are required for life cycle progression in the human parasite Schistosoma mansoni	PLoS Pathogens	David Roquis, Aaron Taudt, Kathrin K. Geyer, Gilda Padalino, Karl F. Hoffmann, Nancy E. Holroyd, Matthew Berriman, Benoît Aliaga, Cristian Chaparro, Christoph Grunau, Ronaldo de Carvalho Augusto
10.1016/j.ydbio.2018.10.022	2018	I-SceI Meganuclease-mediated transgenesis in the acorn worm, Saccoglossus kowalevskii	Developmental Biology	Paul J Minor, Donald Nathaniel Clarke, Jose Mendoza Lopez, Jens H. Fritzenwanker, Jessica Gray, Christopher J. Lowe
10.1186/s12859-018-2144-z	2018	IRProfiler – a software toolbox for high throughput immune receptor profiling	BMC Bioinformatics	Christos Maramis, Athanasios Gkoufas, Anna Vardi, Evangelia Stalika, Κώστας Σταματόπουλος, Anastasia Hatzidimitriou, Nicos Maglaveras, Ioanna Chouvarda
10.35537/10915/66787	2018	Identificación y caracterización de pequeños ARNs regulatorios en la interacción simbiótica entre Phaseolus vulgaris y Rhizobium etli		Mélisse Castaingts
10.1021/acs.est.8b01976	2018	Identification of Bisphenol A-Assimilating Microorganisms in Mixed Microbial Communities Using 13C-DNA Stable Isotope Probing	Environmental Science & Technology	Sandeep Sathyamoorthy, Catherine Hoar, Kartik Chandran
10.1089/vim.2017.0116	2018	Identification of Hub Genes and Pathways in Zika Virus Infection Using RNA-Seq Data: A Network-Based Computational Approach	Viral Immunology	Rahul Brahma, Sanathoi Gurumayum, Leimarembi Devi Naorem, Mathavan Muthaiyan, Jeyakodi Gopal, Amouda Venkatesan
10.1128/mcb.00197-18	2018	Identification of a Novel Enhancer/Chromatin Opening Element Associated with High-Level γ -Globin Gene Expression	Molecular and Cellular Biology	Yong Shen, Maclean Bassett, Aishwarya Gurumurthy, Rukiye Nar, Isaac J. Knudson, Cameron R. Guy, Alex J. Perez, Russell W. Mellen, Masatoshi Ikeda, Mir Ahamed Hossain, Suming Huang, Kazuhiko Igarashi, Jörg Bungert
10.1038/s41467-018-06659-3	2018	Immune-suppression by OsHV-1 viral infection causes fatal bacteraemia in Pacific oysters	Nature Communications	Julien de Lorgeril, Aude Lucasson, Bruno Petton, Ève Toulza, Caroline Montagnani, Camille Clérissi, Jérémie Vidal‐Dupiol, Cristian Chaparro, Richard Galinier, Jean-Michel Escoubas, Philippe Haffner, Lionel Dégremont, Guillaume M. Charrière, Maxime Lafont, Abigaïl Delort, Agnès Vergnes, Marlène Chiar
10.1016/j.cej.2018.01.066	2018	Impact of salinity on antibiotic resistance genes in wastewater treatment bioreactors	Chemical Engineering Journal	Meitian Liu, Qiaoling Li, Haohao Sun, Shuyu Jia, Xiwei He, Mei Li, Xuxiang Zhang, Lin Ye
10.4172/jcsb.1000272	2018	Implementation of a Reproducible, Accessible and Transparent RNA-seq Bioinformatics Pipeline within the Galaxy Platform	Journal of Computer Science & Systems Biology	Thahmina A. Ali, Baekdoo Kim, Carlos Lijeron, Changsu Dong, Claudia Wultsch, Konstantinos Krampis
10.48550/arxiv.1807.07346	2018	Indexing Execution Patterns in Workflow Provenance Graphs through Generalized Trie Structures	arXiv (Cornell University)	Esteban García-Cuesta, Jose Manuél Gómez-Pérez
10.1038/s41598-018-19820-1	2018	Inferences on specificity recognition at the Malus×domestica gametophytic self-incompatibility system	Scientific Reports	Maria I. Pratas, Bruno Guedes Alcoforado Aguiar, Jorge Vieira, Vanessa Nunes, Vanessa Teixeira, Nuno A. Fonseca, Amy F Iezzoni, Steve van Nocker, Cristina P. Vieira
10.1177/0271678x18769180	2018	Inflammatory pathways are central to posterior cerebrovascular artery remodelling prior to the onset of congenital hypertension	Journal of Cerebral Blood Flow & Metabolism	Dawid Walas, Karol Nowicki-Osuch, Dominic Alibhai, Eva von Linstow Roloff, Jane A. Coghill, Christy M. Waterfall, Julian F. R. Paton
10.1016/b978-0-12-809633-8.20388-9	2018	Integrative Bioinformatics	Elsevier eBooks	Marco Masseroli
10.15252/embj.201798133	2018	Interplay of cell–cell contacts and RhoA/MRTF‐A signaling regulates cardiomyocyte identity	The EMBO Journal	Tatjana Dorn, Jessica Kornherr, Elvira Immacolata Parrotta, Dorota Zawada, Harold Ayetey, Gianluca Santamaria, Laura Iop, Elisa Mastantuono, Daniel Sinnecker, Alexander Goedel, Ralf J. Dirschinger, Ilaria My, Svenja Laue, Tarik M. Bozoglu, Christian Baarlink, Tilman Ziegler, Elisabeth Graf, Rabea Hi
10.3390/ijms19113619	2018	Intestinal Microbiome in Irritable Bowel Syndrome before and after Gut-Directed Hypnotherapy	International Journal of Molecular Sciences	Johannes Peter, Camille Fournier, Bettina Keip, Nina Rittershaus, Nicola Stephanou-Rieser, Marija Durdević, Clemens Dejaco, Maria Michalski, Gabriele Moser
10.1111/1758-2229.12613	2018	Intraspecies variation in a widely distributed tree species regulates the responses of soil microbiome to different temperature regimes	Environmental Microbiology Reports	Cui‐Jing Zhang, Manuel Delgado‐Baquerizo, John E. Drake, Peter B. Reich, Mark G. Tjoelker, David Thomas Tissue, Juntao Wang, Ji‐Zheng He, Brajesh Kumar Singh
10.17638/03020133	2018	Investigating the Survival Response of Staphylococcus aureus to the Antimicrobial Lipid Sphingosine	University of Liverpool	Yongxian Chen
10.13140/rg.2.2.20898.04807	2018	Investigating the effects of management in temperate broadleaved woodland on bats and their insect prey	Bristol Research (University of Bristol)	Andrew Carr
10.1002/cpe.4683	2018	Jetstream—Early operations performance, adoption, and impacts	Concurrency and Computation Practice and Experience	David Y. Hancock, Craig A. Stewart, Matthew W. Vaughn, Jeremy Fischer, John Michael Lowe, George W. Turner, Tyson L. Swetnam, Tyler K. Chafin, Enis Afgan, Marlon Pierce, Winona Snapp‐Childs
10.1016/j.aca.2018.07.070	2018	KIMBLE: A versatile visual NMR metabolomics workbench in KNIME	Analytica Chimica Acta	Aswin Verhoeven, Martin A. Giera, Oleg A. Mayboroda
10.1093/gigascience/giy078	2018	KREAP: an automated Galaxy platform to quantify in vitro re-epithelialization kinetics	GigaScience	Marcela M. Fernandez-Gutierrez, David B. H. van Zessen, Peter van Baarlen, Michiel Kleerebezem, Andrew Stubbs
	2018	KubeNow: an On-Demand Cloud-Agnostic Platform for Microservices-Based Research Environments.	arXiv (Cornell University)	Marco Capuccini, Anders O. Larsson, Matteo Carone, Jon Ander Novella, Noureddin Sadawi, Jianliang Gao, Salman Zubair TOOR, Ola Spjuth
10.4018/978-1-5225-3085-5.ch003	2018	LAS	Advances in medical diagnosis, treatment, and care (AMDTC) book series	Alessandro Fiori, Alberto Grand, Emanuele Geda, Domenico Schioppa, Francesco Gavino Brundu, Andrea Mignone, Andrea Bertotti
10.1101/459289	2018	Long Non-Coding RNA LncKdm2b Regulates Cortical Neuronal Differentiation by Cis -Activating Kdm2b	bioRxiv (Cold Spring Harbor Laboratory)	Wei Li, Wenchen Shen, Bo Zhang, Kuan Tian, Yamu Li, Lili Mu, Zhiyuan Luo, Xiaoling Zhong, Xudong Wu, Ying Liu, Yan Zhou
10.1109/tnb.2018.2837122	2018	Managing Complex Workflows in Bioinformatics: An Interactive Toolkit With GPU Acceleration	IEEE Transactions on NanoBioscience	Anuradha Welivita, Indika N. Perera, Dulani Meedeniya, Anuradha Wickramarachchi, Vijini Mallawaarachchi
10.1093/database/bay027	2018	Maser: one-stop platform for NGS big data from analysis to visualization	Database	Sonoko Kinjo, Norikazu Monma, Sadahiko Misu, Norikazu Kitamura, Junichi M. Imoto, Kazutoshi Yoshitake, Takashi Gojobori, Kazuho Ikeo
10.12688/f1000research.13705.1	2018	Matchmaking in Bioinformatics	F1000Research	Ewy A. Mathé, Ben Busby, Helen Piontkivska, Team of Developers
10.1261/rna.062752.117	2018	MicroRNA duplication accelerates the recruitment of new targets during vertebrate evolution	RNA	Junjie Luo, Yirong Wang, Jian Yuan, Zhilei Zhao, Jian Lü
10.63317/328h4vy5y3tj	2018	Mining Biomedical Publications With The LAPPS Grid		Nancy Ide, Keith Suderman, Jin-Dong Kim
10.17760/d20293303	2018	Modeling the evolutionary loss of erythroid genes by Antarctic icefishes : analysis of the hemogen gene using transgenic and mutant zebrafish		Peters
10.70675/7333f005z5e40z42d5z814az0e87ae853890	2018	Modification des traits d'histoire de vie au cours de l’hybridation et analyse des mécanismes moléculaires sous- jacents chez les parasites plathelminthes du genre Schistosoma		Julien Kincaid Smith
10.1002/stem.2895	2018	Molecular Programming of Perivascular Stem Cell Precursors	Stem Cells	Val Yianni, Paul Thomas Sharpe
10.1038/s41598-018-32987-x	2018	Monitoring of microbial dynamics in a drinking water distribution system using the culture-free, user-friendly, MYcrobiota platform	Scientific Reports	Stefan A. Boers, Emmanuelle I. Prest, Maja Taučer-Kapteijn, Aleksandra Knezev, Peter G. Schaap, John Philip Hays, Ruud Jansen
10.1016/j.ajhg.2018.02.014	2018	Mutations in PMPCB Encoding the Catalytic Subunit of the Mitochondrial Presequence Protease Cause Neurodegeneration in Early Childhood	The American Journal of Human Genetics	F.‐Nora Vögtle, Björn Brändl, Austin A Larson, Manuela Pendziwiat, Marisa W. Friederich, Susan M. White, Alice Basinger, Cansu Küçükköse, Hiltrud Muhle, Johanna A. Jähn, Oliver Keminer, Katherine L. Helbig, Carolyn Delto, Lisa Myketin, Dirk Mossmann, Nils Burger, Noriko Miyake, Audrey Burnett, Andre
10.1016/j.future.2018.02.005	2018	MyGeoHub—A sustainable and evolving geospatial science gateway	Future Generation Computer Systems	Rajesh Kalyanam, Lan Zhao, Carol Song, Larry L. Biehl, Derrick Kearney, I Luk Kim, Jaewoo Shin, Nelson Benjamin Villoria, Venkatesh Merwade
10.1016/j.jclepro.2018.12.182	2018	N2O and NO emission from a biological aerated filter treating coking wastewater: Main source and microbial community	Journal of Cleaner Production	Maosheng Zheng, Nan Zhou, Shufeng Liu, Chenyuan Dang, Yongxin Liu, Shishi He, Zhao YiJun, Wen Liu, Xiangke Wang
10.1093/cercor/bhy233	2018	NFIX-Mediated Inhibition of Neuroblast Branching Regulates Migration Within the Adult Mouse Ventricular–Subventricular Zone	Cerebral Cortex	Oressia H. Zalucki, Lachlan Harris, Tracey J. Harvey, Danyon Harkins, Jocelyn Widagdo, Sabrina Oishi, Elise Matuzelski, Xuan Ling Hilary Yong, Hannes Schmidt, Victor Anggono, Thomas H.J. Burne, Richard M. Gronostajski, Michael Piper
10.1101/475699	2018	NGOMICS-WF, a Bioinformatic Workflow Tool for Batch Omics Data Analysis	bioRxiv (Cold Spring Harbor Laboratory)	Weizhong Li
10.1186/s13148-018-0469-0	2018	Neonatal exposure to hyperoxia leads to persistent disturbances in pulmonary histone signatures associated with NOS3 and STAT3 in a mouse model	Clinical Epigenetics	Cho‐Ming Chao, Rhea van den Bruck, Samantha Lork, Janica Merkle, Laura Krampen, Patrick Philipp Weil, Malik Aydin, Savério Bellusci, Andreas Jenke, Jan Postberg
10.1242/dev.155689	2018	Neurogenic differentiation by hippocampal neural stem and progenitor cells is biased by NFIX expression	Development	Lachlan Harris, Oressia H. Zalucki, Olivier Clément, James Fraser, Elise Matuzelski, Sabrina Oishi, Tracey J. Harvey, Thomas H.J. Burne, Julian Ik‐Tsen Heng, Richard M. Gronostajski, Michael Piper
10.1111/mec.14864	2018	Neutral variation does not predict immunogenetic variation in the European grayling (Thymallus thymallus)—implications for management	Molecular Ecology	J. Vanessa Huml, Martin I. Taylor, W. E. Harris, Robin Sen, Jonathan S. Ellis
10.18174/463307	2018	Next generation DNA sequencing based strategies; towards a new era for the traceability of endangered species and genetically modified organisms		Alfred J. Arulandhu
10.3389/fimmu.2018.00448	2018	Next-Generation Sequencing Analysis of the Human TCRγδ+ T-Cell Repertoire Reveals Shifts in Vγ- and Vδ-Usage in Memory Populations upon Aging	Frontiers in Immunology	Martine Joanna Kallemeijn, François G. Kavelaars, Michèle Y. van der Klift, Ingrid L. M. Wolvers‐Tettero, Peter J.M. Valk, Jacques J. M. van Dongen, Anton W. Langerak
10.1101/323535	2018	Next-generation Sequence-analysis Toolkit (NeST): A standardized bioinformatics framework for analyzing Single Nucleotide Polymorphisms in next-generation sequencing data	bioRxiv (Cold Spring Harbor Laboratory)	Shashidhar Ravishankar, Sarah E. Schmedes, Dhruviben Patel, Mateusz M. Pluciński, Venkatachalam Udhayakumar, Eldin Talundzic, Fredrik O. Vannberg
10.1093/ibd/izy163	2018	Nonsynonymous Polymorphism in Guanine Monophosphate Synthetase Is a Risk Factor for Unfavorable Thiopurine Metabolite Ratios in Patients With Inflammatory Bowel Disease	Inflammatory Bowel Diseases	Rebecca L. Roberts, Mary C. Wallace, Margien L. Seinen, Adriaan A. van Bodegraven, Krupa Krishnaprasad, Gregory T. Jones, André M. van Rij, Angela Baird, Ian Craig Lawrance, Ruth Prosser, Peter A. Bampton, Rachel Grafton, Lisa A. Simms, Corrie Studd, Sally Bell, Martin Alexander Kennedy, Jacob Halli
10.1038/s41388-018-0592-6	2018	Obesity-associated inflammation promotes angiogenesis and breast cancer via angiopoietin-like 4	Oncogene	Ryan H. Kolb, Paige Kluz, Zhen Wei Tan, Nicholas C. Borcherding, Nicholas L. Bormann, Ajaykumar Vishwakarma, Louis K. Balcziak, Pengcheng Zhu, Brandon S.J. Davies, Françoise A. Gourronc, L.-Z. Liu, Xin Quan Ge, Bing‐Hua Jiang, Katherine Nicole Gibson-Corley, Aloysius John Klingelhutz, Nguan Soon Tan
10.1007/978-3-030-05807-4_25	2018	Orlando Tools: Energy Research Application Development Through Convergence of Grid and Cloud Computing	Communications in computer and information science	Alexander Gennadevich Feoktistov, Sergei Alexeevich Gorsky, Ivan Sidorov, Roman Olegovich Kostromin, Alexei Edelev, Людмила Васильевна Массель
10.1186/s12859-017-1994-0	2018	PIVOT: platform for interactive analysis and visualization of transcriptomics data	BMC Bioinformatics	Qin Zhu, Stephen Fisher, Hannah R. Dueck, Sarah A. Middleton, Mugdha Khaladkar, Junhyong Kim
10.1021/acs.jproteome.8b00576	2018	PaDuA: A Python Library for High-Throughput (Phospho)proteomics Data Analysis	Journal of Proteome Research	Anna Ressa, Martin A. Fitzpatrick, Henk van den Toorn, Albert J. R. Heck, Maarten A. F. Altelaar
10.1038/s41593-018-0261-7	2018	Partial loss of psychiatric risk gene Mir137 in mice causes repetitive behavior and impairs sociability and learning via increased Pde10a	Nature Neuroscience	Ying Cheng, Zhimeng Wang, Weiqi Tan, Xiaona Wang, Yujing Li, Bing Bai, Yuxin Li, Shuang-Feng Zhang, Hailiang Yan, Zuo-Lun Chen, Chang‐Mei Liu, Ting‐Wei Mi, Shuting Xia, Zikai Zhou, An Liu, Gang-Bin Tang, Cong Liu, Zhijie Dai, Yingying Wang, Hong Wang, Xusheng Wang, Yunhee Kang, Li Lin, Zhenping Chen
10.1111/ejn.14315	2018	Perinatal exposure to the SSRI paroxetine alters the methylome landscape of the developing dentate gyrus	European Journal of Neuroscience	Matthew E. Glover, Chelsea R. McCoy, Elizabeth A. Shupe, Keaton A. Unroe, Nateka L. Jackson, Sarah M. Clinton
10.1101/409151	2018	PhenoMeNal: Processing and analysis of Metabolomics data in the Cloud	bioRxiv (Cold Spring Harbor Laboratory)	Kristian Peters, James Bradbury, Sven M. Bergmann, Marco Capuccini, Marta Cascante, Pedro de Atauri, Timothy M. D. Ebbels, Carles Foguet, Robert Charles Glen, Alejandra N Gonzalez-Beltran, Ulrich Guenther, Evangelos Handakas, Thomas Hankemeier, Kenneth Haug, Stephanie Herman, Petr Holub, Massimilian
10.1093/gigascience/giy149	2018	PhenoMeNal: processing and analysis of metabolomics data in the cloud	GigaScience	Kristian Peters, James Bradbury, Sven M. Bergmann, Marco Capuccini, Marta Cascante, Pedro de Atauri, Timothy M. D. Ebbels, Carles Foguet, Robert Charles Glen, Alejandra N Gonzalez-Beltran, Ulrich L. Günther, Evangelos Handakas, Thomas Hankemeier, Kenneth Haug, Stephanie Herman, Petr Holub, Massimili
10.1038/nm.4475	2018	Positively selected enhancer elements endow osteosarcoma cells with metastatic competence	Nature Medicine	James J. Morrow, Ian Bayles, Alister P. W. Funnell, Tyler E. Miller, Alina Saiakhova, Michael M. Lizardo, Cynthia F. Bartels, Maaike Y. Kapteijn, Stevephen Hung, Arnulfo Mendoza, Gursimran K. Dhillon, Daniel R. Chee, Jay Myers, Frederick H. Allen, Marco Gambarotti, Alberto Righi, Analisa DiFeo, Bria
10.1111/raq.12237	2018	Predictive functional profiles using metagenomic 16S rRNA data: a novel approach to understanding the microbial ecology of aquaculture systems	Reviews in Aquaculture	Ángel Martín Ortiz‐Estrada, Teresa Gollas‐Galván, Luis Rafael Martínez‐Córdova, Marcel Martínez‐Porchas
10.70675/39bc2f76z49fbz44cbz8e95z41813d8b82dd	2018	Production et élimination des sulfures produits lors de la biométhanisation de boues de station de traitement des eaux usées domestiques : Procédés biologiques de sulfooxydation par des thiobacilles anaérobies facultatifs (projet SULFOX)		Abdelaziz El Houari
10.1007/s00428-018-2463-5	2018	Progression of ductal carcinoma in situ to invasive breast cancer: comparative genomic sequencing	Archiv für Pathologische Anatomie und Physiologie und für Klinische Medicin	Shusma C. Doebar, Niels M. G. Krol, Ronald van Marion, Rutger W. W. Brouwer, Wilfred F. J. van IJcken, J. M. Martens, W. N. M. Dinjens, Carolien H. M. van Deurzen
10.1371/journal.pone.0193250	2018	Proteomic analysis of the human retina reveals region-specific susceptibilities to metabolic- and oxidative stress-related diseases	PLoS ONE	Gabriel Velez, Daniel A. Machlab, Peter H.L. Tang, Yang Sun, Stephen H. Tsang, Alexander G. Bassuk, Vinit B. Mahajan
10.1007/978-3-319-95111-9_24	2018	Quantitative Approach in Clinical Microbiology: A Paradigm Shift Toward Culture-Free Methods		Dervla Kelly, Nigar Anjuman Khurram, Richard A. Hickman, Zhiheng Pei
10.1093/infdis/jiy581	2018	Quasispecies Diversity Is a Major Risk Factor for Vertical Hepatitis C Virus Transmission	The Journal of Infectious Diseases	Ariane Larouche, Kimberly-Ann Milton McSween, Virginie Calderon, Sébastien Fauteux‐Daniel, Jonathan Boulais, Doris G. Ransy, Marc Boucher, Valérie Lamarre, Normand Lapointe, Isabelle Boucoiran, Deborah Money, Mel Krajden, Armelle Le Campion, Hugo Soudeyns
10.1016/j.gpb.2018.03.006	2018	RGAAT: A Reference-Based Genome Assembly and Annotation Tool for New Genomes and Upgrade of Known Genomes	Genomics Proteomics & Bioinformatics	Wanfei Liu, Shuangyang Wu, Qiang Lin, Shenghan Gao, Feng Hua Ding, Xiaowei Zhang, Hasan Awad Aljohi, Jun Myoung Yu, Songnian Hu
10.12688/f1000research.13049.2	2018	RSEQREP: RNA-Seq Reports, an open-source cloud-enabled framework for reproducible RNA-Seq data processing, analysis, and result reporting	F1000Research	Travis Lee Jensen, Michael Frasketi, Kevin Paul Conway, Leigh Villarroel, Heather Hill, Konstantinos Krampis, Johannes B. Goll
10.1016/j.copbio.2017.12.006	2018	Rapidly moving new bacteria to model-organism status	Current Opinion in Biotechnology	Hualan Liu, Adam M. Deutschbauer
10.1101/475384	2018	Reconstitution of eukaryotic chromosomes and manipulation of DNA N6-methyladenine alters chromatin and gene expression	bioRxiv (Cold Spring Harbor Laboratory)	Leslie Y. Beh, Galia T. Debelouchina, Derek M. Clay, Robert E. Thompson, Kelsi A. Lindblad, Elizabeth R. Hutton, John R. Bracht, Robert Sebra, Tom W. Muir, Laura F. Landweber
10.1101/354811	2018	Reproducible Data Analysis Pipelines for Precision Medicine	bioRxiv (Cold Spring Harbor Laboratory)	Bjørn Fjukstad, Vanessa Dumeaux, Michael T. Hallett, Lars Ailo Bongo
10.2218/ijdc.v12i2.585	2018	Revealing the Detailed Lineage of Script Outputs Using Hybrid Provenance	International Journal of Digital Curation	Qian Zhang, Yang Cao, Qiwen Wang, Đức Nhân Vũ, Priyaa Thavasimani, Timothy McPhillips, Paolo Missier, Peter Slaughter, Christopher S. Jones, Matthew B. Jones, Bertram Ludäscher
10.1101/358754	2018	Rice Galaxy: an open resource for plant science	bioRxiv (Cold Spring Harbor Laboratory)	Venice Margarette Juanillas, Alexis Dereeper, Nicolas Beaume, Gaëtan Droc, Joshua Gregor A. Dizon, John Robert Mendoza, Jon Peter Perdon, Locedie Mansueto, Lindsay R. Triplett, Jillian M. Lang, Gabriel Zhou, Kunalan Ratharanjan, Beth Plale, Jason Haga, Jan E. Leach, Manuel Ruíz, Michael J.S. Thomson
10.1038/s41398-018-0201-z	2018	Riluzole reduces amyloid beta pathology, improves memory, and restores gene expression changes in a transgenic mouse model of early-onset Alzheimer’s disease	Translational Psychiatry	Masahiro Okamoto, Jason D. Gray, Chloe S. Larson, Syed Faraz Kazim, Hideaki Soya, Bruce S. McEwen, Ana C. Pereira
10.70675/797c3690z1ce2z4129zb501zaf6c844ba55b	2018	Rôle des caractères génétiques de la levure Saccharomyces cerevisiae et de la composition de la vendange sur la production d’esters lors de la fermentation alcoolique : Effet des gènes codants pour les estérases et du niveau de maturité des raisins sur les caractéristiques chimiques et sensorielles des vins rouges		Marine Trujillo
10.1186/s12859-018-2134-1	2018	SECIMTools: a suite of metabolomics data analysis tools	BMC Bioinformatics	Alexander Kirpich, Miguel Ibarra, Oleksandr V. Moskalenko, Justin M. Fear, Joseph E. Gerken, Xinlei Mi, Ali Ashrafi, Alison M. Morse, Lauren M. McIntyre
10.1371/journal.pgen.1007224	2018	SOX2 regulates common and specific stem cell features in the CNS and endoderm derived organs	PLoS Genetics	Daniel W. Hagey, Susanne Klum, Idha Kurtsdotter, Cécile Zaouter, Danijal Topcic, Olov Andersson, Maria Bergsland, Jonas Muhr
10.1101/445056	2018	STAPLER: a simple tool for creating, managing and parallelizing common high-throughput sequencing workflows	bioRxiv (Cold Spring Harbor Laboratory)	Jaakko S. Tyrmi
10.1111/mec.14478	2018	Scaling up: A guide to high‐throughput genomic approaches for biodiversity analysis	Molecular Ecology	Teresita M. Porter, Mehrdad Hajibabaei
10.1007/978-3-319-73767-6_5	2018	Science Gateways in HPC: Usability Meets Efficiency and Effectiveness	Studies in big data	Sandra Gesing
10.1002/cpch.44	2018	Selecting Fully‐Modified XNA Aptamers Using Synthetic Genetics	Current Protocols in Chemical Biology	Alexander I. Taylor, Philipp Holliger
10.1093/nar/gky411	2018	Selective nanopore sequencing of human BRCA1 by Cas9-assisted targeting of chromosome segments (CATCH)	Nucleic Acids Research	Tslil Gabrieli, Hila Sharim, Dena Fridman, Nissim Arbib, Yael Michaeli, Yuval Ebenstein
10.1016/j.trac.2018.09.006	2018	Separation and characterization of human microbiomes by metaproteomics	TrAC Trends in Analytical Chemistry	Kai Cheng, Zhibin Ning, Xu Zhang, Janice Mayne, Daniel Figeys
10.1093/bioinformatics/bty034	2018	Sequanix: a dynamic graphical interface for Snakemake workflows	Bioinformatics	Dimitri Desvillechabrol, Rachel Legendre, Claire Rioualen, Christiane Bouchier, Jacques van Helden, Sean Kennedy, Thomas Cokelaer
10.1016/j.scitotenv.2018.01.203	2018	Shift in the microbial community composition of surface water and sediment along an urban river	The Science of The Total Environment	Lan Wang, Jing Zhang, Huilin Li, Hong Yang, Chao Peng, Zhengsong Peng, Lu Lu
10.3389/fmicb.2018.02078	2018	Single Nucleotide Polymorphism Analysis Indicates Genetic Distinction and Reduced Diversity of Swine-Associated Methicillin Resistant Staphylococcus aureus (MRSA) ST5 Isolates Compared to Clinical MRSA ST5 Isolates	Frontiers in Microbiology	Samantha J. Hau, Anna Allué‐Guardia, Brigida A. Rusconi, Jisun S. Haan, Peter R. Davies, Timothy S. Frana, Mark Eppinger, Tracy L. Nicholson
10.1002/ece3.4268	2018	Spatiotemporal and demographic variation in the diet of New Zealand lesser short‐tailed bats (Mystacina tuberculata)	Ecology and Evolution	Zenon J. Czenze, Jennifer L. Tucker, Elizabeth L. Clare, Joanne E. Littlefair, David R. Hemprich‐Bennett, Hernani F. M. Oliveira, R. Mark Brigham, Anthony J. Hickey, Stuart Parsons
10.1093/database/bay086	2018	Spfy: an integrated graph database for real-time prediction of bacterial phenotypes and downstream comparative analyses	Database	Kevin K Le, Matthew D. Whiteside, James E. Hopkins, Victor P. J. Gannon, Chad Laing
10.7717/peerj.5141	2018	Stream acidification and reduced aquatic prey availability are associated with dietary shifts in an obligate riparian Neotropical migratory songbird	PeerJ	Brian K. Trevelline, Tim Nuttle, Brady A. Porter, Nathan L. Brouwer, Brandon D. Hoenig, Zachary D. Steffensmeier, Steven C. Latta
10.1038/s41467-017-02706-7	2018	Streamlined ex vivo and in vivo genome editing in mouse embryos using recombinant adeno-associated viruses	Nature Communications	Yeonsoo Yoon, Dan Wang, Phillip W.L. Tai, Joy Riley, Guangping Gao, Jaime A. Rivera‐Pérez
10.1371/journal.ppat.1007348	2018	Streptococcal Lancefield polysaccharides are critical cell wall determinants for human Group IIA secreted phospholipase A2 to exert its bactericidal effects	PLoS Pathogens	Vincent P. van Hensbergen, Elin Movert, Vincent de Maat, Christian Lüchtenborg, Yoann Le Breton, Gérard Lambeau, Christine Payré, Anna Henningham, Victor Nizet, Jos A. G. van Strijp, Britta Brügger, Fredric Carlsson, Kevin S. McIver, Nina M. van Sorge
10.1101/269779	2018	Streptococcal Lancefield polysaccharides are critical cell wall determinants for human group IIA secreted phospholipase A2 to exert its bactericidal effects	bioRxiv (Cold Spring Harbor Laboratory)	Vincent P. van Hensbergen, Elin Movert, Vincent de Maat, Christian Lüchtenborg, Yoann Le Breton, Gérard Lambeau, Christine Payré, Anna Henningham, Victor Nizet, Jos A. G. van Strijp, Britta Brügger, Fredric Carlsson, Kevin S. McIver, Nina M. van Sorge
10.1021/jacs.7b09670	2018	Structure and Function of the Transmembrane Domain of NsaS, an Antibiotic Sensing Histidine Kinase in Staphylococcus aureus	Journal of the American Chemical Society	Manasi Bhate, Thomas Lemmin, Georg Kuenze, Bruk Mensa, Soumya Ganguly, Jason M. Peters, Nathan W. Schmidt, Jeffrey G. Pelton, Carol A. Gross, Jens Meiler, William F. DeGrado
10.1016/j.aaf.2018.03.001	2018	SuperSAGE digital expression analysis of differential growth rate in a European sea bass population	Aquaculture and Fisheries	Bruno Louro, Rute S.T. Martins, Patrícia I.S. Pinto, Richard Reinhardt, Dirk‐Jan de Koning, Adelino V. M. Canário, Deborah Mary Power
10.48550/arxiv.1808.07959	2018	Supporting Crowd-Powered Science in Economics: FRACTI, a Conceptual Framework for Large-Scale Collaboration and Transparent Investigation in Financial Markets	RePEc: Research Papers in Economics	Jorge Faleiro, Edward Tsang
10.1186/s12859-018-2426-5	2018	SyNDI: synchronous network data integration framework	BMC Bioinformatics	Erno Lindfors, Jesse C. J. van Dam, Carolyn Ming Chi Lam, Niels A. Zondervan, Vítor A. P. Martins dos Santos, Maria Suarez Diez
10.1002/gepi.22178	2018	System for Quality‐Assured Data Analysis: Flexible, reproducible scientific workflows	Genetic Epidemiology	Jerry Fowler, Francis Anthony San Lucas, Paul A. Scheet
10.7554/elife.36144	2018	TALE factors use two distinct functional modes to control an essential zebrafish gene expression program	eLife	Franck Ladam, William Stanney, Ian J. Donaldson, Ozge Yildiz, Nicoletta Bobola, Charles G. Sagerström
10.1101/245480	2018	TOGGLe, a flexible framework for easily building complex workflows and performing robust large-scale NGS analyses	bioRxiv (Cold Spring Harbor Laboratory)	Christine Tranchant‐Dubreuil, Sébastien Ravel, Cécile Monat, Gautier Sarah, Abdoulaye Baniré Diallo, Laura Helou, Alexis Dereeper, Ndomassi Tando, Julie Orjuela, François Sabot
10.1101/gr.221366.117	2018	Targeted deletion of a 170-kb cluster of LINE-1 repeats and implications for regional control	Genome Research	Miguel Luz Soares, Carol A. Edwards, Frances L. Dearden, Sacri R. Ferrón, Scott Curran, Jennifer A. Corish, Rebecca C. Rancourt, Sarah E. Allen, Marika Charalambous, Malcolm Andrew Ferguson-Smith, Willem Rens, David J. Adams, Anne C. Ferguson‐Smith
10.1158/1535-7163.mct-18-0602	2018	Targeting the BRD4-HOXB13 Coregulated Transcriptional Networks with Bromodomain-Kinase Inhibitors to Suppress Metastatic Castration-Resistant Prostate Cancer	Molecular Cancer Therapeutics	Niveditha Nerlakanti, Jiqiang Yao, Duy Tuan Nguyen, Ami K. Patel, Alexey M. Eroshkin, Harshani R. Lawrence, Muhammad Ayaz, Brent M. Kuenzi, Neha Agarwal, Yunyun Chen, Steven Gunawan, Rezaul M. Karim, Norbert Berndt, John Puskas, Anthony M. Magliocco, Domenico Coppola, Jasreman Dhillon, Jingsong Zhan
10.1371/journal.pcbi.1006220	2018	Tellurium notebooks—An environment for reproducible dynamical modeling in systems biology	PLoS Computational Biology	Kyle Medley, Kiri Choi, Matthias König, Lucian P. Smith, Stanley Gu, Joseph L. Hellerstein, Stuart C. Sealfon, Herbert M. Sauro
10.1145/3219104.3219129	2018	The Agave Platform		Rion Dooley, Steven R. Brandt, John M. Fonner
10.1261/rna.067249.118	2018	The DEAD-box protein Dbp2p is linked to noncoding RNAs, the helicase Sen1p, and R-loops	RNA	Frank A. Tedeschi, Sara C. Cloutier, Elizabeth J. Tran, Eckhard Jankowsky
10.1016/j.jpeds.2017.12.073	2018	The Effect of Early Limited Formula on Breastfeeding, Readmission, and Intestinal Microbiota: A Randomized Clinical Trial	The Journal of Pediatrics	Valerie J. Flaherman, Nicole Narayan, Dennis J. Hartigan-O’Connor, Michael D. Cabana, Charles E. McCulloch, Ian M. Paul
10.1007/s10723-017-9420-4	2018	The Flowbster Cloud-Oriented Workflow System to Process Large Scientific Data Sets	Journal of Grid Computing	Péter Kacsuk, József Kovács, Zoltán Farkas
	2018	The analysis of high-throughput biological datasets utilising distributed computing		Jamie J. Alnasir
10.1038/s41586-018-0258-0	2018	The helicase Ded1p controls use of near-cognate translation initiation codons in 5′ UTRs	Nature	Ulf‐Peter Guenther, David E. Weinberg, Meghan M. Zubradt, Frank A. Tedeschi, Brittany N. Stawicki, Leah L. Zagore, Gloria Ann Brar, Donny D. Licatalosi, David P. Bartel, Jonathan S. Weissman, Eckhard Jankowsky
10.1101/481598	2018	The repressive genome compartment is established early in the cell cycle before forming the lamina associated domains	bioRxiv (Cold Spring Harbor Laboratory)	TR Luperchio, MEG Sauria, VE Hoskins, Xianrong Wong, Emily A. DeBoy, M-C Gaillard, Peter Tsang, Katja Pekrun, RA Ach, NA Yamada, James Taylor, Karen L. Reddy
10.18174/430645	2018	The role of wound healing in oral health		María Marcela Fernández Gutiérrez
10.1016/j.aspen.2018.05.009	2018	The transcriptome of the lone star tick, Amblyomma americanum, reveals molecular changes in response to infection with the pathogen, Ehrlichia chaffeensis	Journal of Asia-Pacific Entomology	Dong‐Hun Kim, Deborah C. Jaworski, Chuanmin Cheng, Arathy D. S. Nair, Roman R. Ganta, Nic Herndon, Susan Jayne Brown, Yoonseong Park
	2018	Towards Quantifying Uncertainty in Data Analysis & Exploration.	IEEE Data(base) Engineering Bulletin	Yeounoh Chung, Sacha Servan-Schreiber, Emanuel Zgraggen, Tim Kraska
10.1104/pp.17.01590	2018	Transcriptional Roadmap to Seasonal Variation in Wood Formation of Norway Spruce	PLANT PHYSIOLOGY	Soile Jokipii‐Lukkari, Nicolas Delhomme, Bastian Schiffthaler, Chanaka Mannapperuma, Jakob Prestele, Ove R Nilsson, Nathaniel Robert Street, Hannele Tuominen
10.1016/j.jinsphys.2018.12.005	2018	Transcriptomic analysis of the Malpighian tubules of Trichoplusia ni: Clues to mechanisms for switching from ion secretion to ion reabsorption in the distal ileac plexus	Journal of Insect Physiology	Dennis Kolosov, Cam Donly, Heath Andrew MacMillan, Michael J. O’Donnell
10.1016/j.marenvres.2018.06.020	2018	Transcriptomic, lipid, and histological profiles suggest changes in health in fish from a pesticide hot spot	Marine Environmental Research	Sharon E. Hook, Julie A. Mondon, Andrew T. Revill, Paul A. Greenfield, Rachael A. Smith, Ryan D. R. Turner, Patricia A. Corbett, Michael St. J. Warne
10.1007/s13258-018-0751-8	2018	Translational genomics and multi-omics integrated approaches as a useful strategy for crop breeding	Genes & Genomics	Hong‐Kyu Choi
10.3390/rs10071120	2018	Understanding Forest Health with Remote Sensing, Part III: Requirements for a Scalable Multi-Source Forest Health Monitoring Network Based on Data Science Approaches	Remote Sensing	Angela Lausch, Erik Borg, Jan Bumberger, Peter Dietrich, Marco Heurich, Andreas Huth, András Jung, Reinhard Klenke, Sonja Knapp, Hannes Mollenhauer, Hendrik Paasche, Heiko Paulheim, Marion Pause, Christian Schweitzer, Christiane Schmulius, Josef Settele, Andrew K. Skidmore, Martin Wegmann, Steffen Z
10.1101/347625	2018	Understanding trivial challenges of microbial genomics: An assembly example	bioRxiv (Cold Spring Harbor Laboratory)	Delphine Larivière, Mei Han, Mallory Freeberg, James O. Taylor, ANTON Y NEKRUTENKO
10.2139/ssrn.3199184	2018	Using a Suite of Ontologies for Preserving Workflow-Centric Research Objects	SSRN Electronic Journal	Khalid Belhajjame, Jun Hong Zhao, Daniel Garijo, Matthew Gamble, Kristina Maria Hettne, Raúl Palma, Eleni Mina, Óscar Corcho, Jose Manuél Gómez-Pérez, Sean Bechhofer, Graham Klyne, Carole Goble
10.3390/informatics5010014	2018	Utilizing Provenance in Reusable Research Objects	Informatics	Zhihao Yuan, Dai Hai Ton That, Siddhant Kothari, Gabriel Fils, Tanu Malik
10.7717/peerj.5008	2018	Variable retention harvesting influences belowground plant-fungal interactions of Nothofagus pumilio seedlings in forests of southern Patagonia	PeerJ	Rebecca E. Hewitt, D. Lee Taylor, Teresa Nettleton Hollingsworth, Christopher B. Anderson, Guillermo Martínez Pastur
10.1101/276485	2018	WAVES: a Web Application for Versatile Enhanced bioinformatic Services	bioRxiv (Cold Spring Harbor Laboratory)	Marc Chakiachvili, Sylvain Milanesi, Anne-Muriel Arigon Chifolleau, Vincent Lefort
10.1093/bioinformatics/bty639	2018	WAVES: a web application for versatile enhanced bioinformatic services	Bioinformatics	Marc Chakiachvili, Sylvain Milanesi, Anne-Muriel Arigon Chifolleau, Vincent Lefort
10.3389/fmicb.2018.00118	2018	Western Indian Rural Gut Microbial Diversity in Extreme Prakriti Endo-Phenotypes Reveals Signature Microbes	Frontiers in Microbiology	Nar Singh Chauhan, Rajesh Pandey, Anupam K. Mondal, Shashank Gupta, Manoj Kumar Verma, Sweta Jain, Vasim Ahmed, Rutuja Pralhad Patil, Dhiraj M. Agarwal, Bhushan Girase, Ankita Shrivastava, Fauzul Mobeen, Vikas Kumar Sharma, T Srivastava, Sanjay Kamlakar Juvekar, Bhavana Prasher, Mitali Mukerji, Deba
10.1016/b978-0-12-809633-8.20095-2	2018	Whole Genome Sequencing Analysis	Elsevier eBooks	Rui Yin, Chee Keong Kwoh, Jie Zheng
10.1016/j.future.2018.11.025	2018	Workflow-based automatic processing for Internet of Floating Things crowdsourced data	Future Generation Computer Systems	Raffaele Montella, Diana Di Luccio, Livia Marcellino, Ardelio Galletti, Sokol Kosta, Giulio Giunta, Ian T Foster
10.47749/t/unicamp.2018.1022093	2018	WorkflowHunt		Juan Sebastián Beleño Díaz
10.1007/978-1-4939-7717-8_10	2018	iSeq: Web-Based RNA-seq Data Analysis and Visualization	Methods in molecular biology	Chao Zhang, Caoqi Fan, Jingbo Gan, Ping Jun Zhu, Lei Kong, Cheng Li
10.1016/j.cmpb.2018.10.018	2018	mQC: A post-mapping data exploration tool for ribosome profiling	Computer Methods and Programs in Biomedicine	Steven Verbruggen, Gerben Menschaert
10.1021/acs.jproteome.7b00783	2018	phpMs: A PHP-Based Mass Spectrometry Utilities Library	Journal of Proteome Research	Andrew Collins, Andrew R. Jones
10.1371/journal.pone.0190279	2018	pyPaSWAS: Python-based multi-core CPU and GPU sequence alignment	PLoS ONE	Sven Warris, N. Roshan N. Timal, Marcel Kempenaar, Arne M. Poortinga, Henri van de Geest, Ana Lucia Vărbănescu, Jan‐Peter Nap
10.1371/journal.pone.0191603	2018	qPortal: A platform for data-driven biomedical research	PLoS ONE	Christopher Mohr, Andreas Friedrich, David Wojnar, Erhan Kenar, Aydin Can Polatkan, Marius Cosmin Codrea, Stefan Czemmel, Oliver Kohlbacher, Sven Nahnsen
10.1101/407312	2018	snakePipes enable flexible, scalable and integrative epigenomic analysis	bioRxiv (Cold Spring Harbor Laboratory)	Vivek Bhardwaj, Steffen Heyne, Katarzyna O. Sikora, Leily Rabbani, Michael Rauer, Fabian Kilpert, Andreas S. Richter, Devon Patrick Ryan, Thomas Manke
10.18174/463364	2019	A FAIR approach to genomics		Jasper J. Koehorst
10.1007/978-3-030-24124-7_2	2019	A Federated In-memory Database System for Life Sciences	Lecture notes in business information processing	Matthieu-P. Schapranow, Cindy Perscheid, Alf Wachsmann, Martin Siegert, Cornelius Bock, Friedrich Horschig, Franz Liedke, Janos Brauer, Hasso Plattner
10.7763/ijmo.2019.v9.679	2019	A Framework for Social Network-Based Dynamic Modeling and Prediction of Communicable Diseases	International Journal of Modeling and Optimization	Samy A. Ghoniemy, Noha Mohamed Gamal
10.1093/gbe/evz197	2019	A High-Resolution View of Adaptive Event Dynamics in a Plasmid	Genome Biology and Evolution	Mei Han, Barbara Arbeithuber, Marzia Angela Cremona, Michael DeGiorgio, ANTON Y NEKRUTENKO
	2019	A Modular Parallel Pipeline Architecture for GWAS Applications in a Cluster Environment	HARVEST (University of Saskatchewan)	Faheem Abrar
10.1016/j.cels.2019.06.005	2019	A Multi-center Study on the Reproducibility of Drug-Response Assays in Mammalian Cell Lines	Cell Systems	Mario Niepel, Marc A. Hafner, Caitlin E. Mills, Kartik Subramanian, Elizabeth H. Williams, Mirra Chung, Benjamin L. Gaudio, Anne Marie Barrette, Alan D. Stern, Bin Hu, James E. Korkola, Joe W. Gray, Marc R. Birtwistle, Laura M. Heiser, Peter Karl Sorger, Caroline E. Shamu, Gomathi Jayaraman, Evren U
10.3389/fmicb.2019.02318	2019	A Novel Totivirus Naturally Occurring in Two Different Fungal Genera	Frontiers in Microbiology	Mahmoud E. Khalifa, Robin M. MacDiarmid
10.23919/scse.2019.8842809	2019	A Scalable Bioinformatics Analysis Platform based on Microservices Architecture		Sandun Rajapaksa, Anuradha Wickramarachchi, Vijini Mallawaarachchi, Wageesha Rasanjana, Indika N. Perera, Dulani Meedeniya
10.3389/fninf.2019.00012	2019	A Serverless Tool for Platform Agnostic Computational Experiment Management	Frontiers in Neuroinformatics	Gregory Kiar, Shawn T. Brown, Tristan Glatard, Alan Charles Evans
10.2139/ssrn.3351795	2019	A Study of the Use of Information & Communication Technology in Disseminating Farm Information to Farmers in India	SSRN Electronic Journal	Surabhi Solanki, Seema Verma
10.1007/978-3-030-25636-4_25	2019	A Web-Based Platform for Interactive Parameter Study of Large-Scale Lattice Gas Automata	Lecture notes in computer science	Maxim Gorodnichev, Yuri Medvedev
10.1016/j.jfca.2019.103385	2019	A comparison of the phenolic composition of old and young tea leaves reveals a decrease in flavanols and phenolic acids and an increase in flavonols upon tea leaf maturation	Journal of Food Composition and Analysis	Zhibin Liu, Marieke E. Bruins, Wouter J.C. de Bruijn, Jean‐Paul Vincken
10.1074/jbc.ra118.007331	2019	A herpesvirus transactivator and cellular POU proteins extensively regulate DNA binding of the host Notch signaling protein RBP-Jκ to the virus genome	Journal of Biological Chemistry	Olga González‐López, Jennifer DeCotiis, Corey Goyeneche, Helena Flores Mello, Bryan Alexis Vicente-Ortiz, Hye Jin Shin, Kyla E. Driscoll, Peicheng Du, Diana Palmeri, David M. Lukac
10.1177/1094342019845438	2019	A hierarchic task-based programming model for distributed heterogeneous computing	The International Journal of High Performance Computing Applications	Jorge Ejarque, Marc Domínguez, Rosa M. Badia
10.1016/j.celrep.2019.06.075	2019	AGO CLIP Reveals an Activated Network for Acute Regulation of Brain Glutamate Homeostasis in Ischemic Stroke	Cell Reports	Mariko Kobayashi, Corinne Benakis, Corey J. Anderson, Michael James Moore, Carrie Poon, Ken Uekawa, Jonathan P. Dyke, John J. Fak, Aldo Mele, Christopher Y. Park, Ping Zhou, Josef Anrather, Costantino Iadecola, Robert B. Darnell
10.3389/fgene.2019.00469	2019	ANASTASIA: An Automated Metagenomic Analysis Pipeline for Novel Enzyme Discovery Exploiting Next Generation Sequencing Data	Frontiers in Genetics	Thodoris Koutsandreas, Efthymios Ladoukakis, Eleftherios D. Pilalis, Dimitra Zarafeta, Fragiskos N. Kolisis, Georgios Skretas, Aristotelis A. Chatziioannou
10.11606/t.11.2019.tde-17012019-165858	2019	Actinobactérias da Antártica produtoras de compostos anticâncer		Leonardo José da Silva
10.3390/jpm9020018	2019	Aligning the Aligners: Comparison of RNA Sequencing Data Alignment and Gene Expression Quantification Tools for Clinical Breast Cancer Research	Journal of Personalized Medicine	Isaac Raplee, Alexei V. Evsikov, Caralina Marín de Evsikova
10.20944/preprints201903.0036.v1	2019	Aligning the Aligners: Comparison of RNA Sequencing Data Alignment and Gene Expression Quantification Tools for Clinical Breast Cancer Research	Preprints.org	Isaac Raplee, Alexei V. Evsikov, Caralina Marín de Evsikova
10.1523/jneurosci.1157-15.2019	2019	Altered DNA Methylation in the Developing Brains of Rats Genetically Prone to High versus Low Anxiety	Journal of Neuroscience	Chelsea R. McCoy, Matthew E. Glover, Leigh T. Flynn, Rebecca K. Simmons, Joshua L. Cohen, Travis Ptacek, Elliot J. Lefkowitz, Nateka L. Jackson, Huda Akil, Xiaowei Wu, Sarah M. Clinton
10.1007/978-3-030-23987-9_2	2019	An Overview of Platforms for Reproducible Research and Augmented Publications	Lecture notes in computer science	Miguel Colom, Bertrand Kerautret, Adrien Krähenbühl
10.1126/scisignal.aap9777	2019	An immunoproteomic approach to characterize the CAR interactome and signalosome	Science Signaling	Maria Cecilia Ramello, Ismahène Benzaïd, Brent M. Kuenzi, Maritza Lienlaf-Moreno, Wendy M. Kandell, Daniel N. Santiago, Mibel Pabón-Saldaña, Lancia N. F. Darville, Bin Fang, Uwe Rix, Sean Yoder, Anders Berglund, John M. Koomen, Eric B. Haura, Daniel Abate‐Daga
10.1371/journal.pone.0223554	2019	An integrated epigenome and transcriptome analysis identifies PAX2 as a master regulator of drug resistance in high grade pancreatic ductal adenocarcinoma	PLoS ONE	Imlimaong Aier, Rahul Semwal, Aiindrila Dhara, Nirmalya Sen, Pritish Kumar Varadwaj
10.12785/ijcds/080502	2019	Analysis of Software Development Methodologies	International Journal of Computing and Digital Systems	Saeed Soobia.et.al.
10.1016/j.jas.2019.104989	2019	Analysis of the bacterial communities in ancient human bones and burial soil samples: Tracing the impact of environmental bacteria	Journal of Archaeological Science	Alisa Kazarina, Guntis Gerhards, Elīna Pētersone-Gordina, Jānis Ķimsis, Ilva Pole, Egija Zole, Viktorija Leonova, Renāte Ranka
10.3390/metabo9110250	2019	Analytic Correlation Filtration: A New Tool to Reduce Analytical Complexity of Metabolomic Datasets	Metabolites	Stéphanie Monnerie, Mélanie Pétéra, Bernard Lyan, Pierrette Gaudreau, Blandine Comte, Estelle Pujos‐Guillot
10.1093/bioinformatics/btz133	2019	Anduril 2: upgraded large-scale data integration framework	Bioinformatics	Alejandra Cervera, Ville Rantanen, Kristian Ovaska, Marko Laakso, Javier Núñez-Fontarnau, Amjad Alkodsi, Julia Casado, Chiara Facciotto, Antti Häkkinen, Riku Louhimo, Sirkku Karinen, Kaiyang Zhang, Kari Lavikka, Lauri Lyly, Maninder Singh, Sampsa Hautaniemi
10.18174/499180	2019	Application of high performance compute technology in bioinformatics		Sven Warris
10.1055/s-0040-1709158	2019	Applying FAIRness: Redesigning a Biomedical Informatics Research Data Management Pipeline	Methods of Information in Medicine	Marcel Parciak, Theresa Bender, Ulrich Sax, Christian Robert Bauer
10.70675/04171ec5ze4f6z402fzbe43z45ab24a876e4	2019	Apport de la modélisation pour une meilleure stratification des populations à risque		Stéphanie Monnerie
10.2174/1389202920666190822113912	2019	Available Software for Meta-Analyses of Genome-Wide Expression Studies	Current Genomics	Diego A. Forero
10.1145/3357384.3357882	2019	BePT		Qian Chen, Lijie Wen, Akhil Kumar
10.4018/978-1-5225-8903-7.ch032	2019	Big Data Analysis Techniques for Visualization of Genomics in Medicinal Plants	Biotechnology	Hithesh Kumar, Vivek Chandramohan, Smrithy M. Simon, Rahul Singh Yadav, Shashi Bhusan Kumar
10.1007/978-981-15-0094-7_13	2019	Big Data Analytics in Bio-informatics		C.S.R. Prabhu, Aneesh Sreevallabh Chivukula, Aditya Mogadala, Rohit Ghosh, L.M. Jenila Livingston
10.1101/2019.12.13.875666	2019	Bio-DIA: A web-based tool for data and algorithms integration	bioRxiv (Cold Spring Harbor Laboratory)	Thiago Ferreira Dantas, Vandeclécio Lira da Silva, André Faustino Fonseca, Diego A. A. Morais, Alberto Signoretti, Wilfredo Blanco
10.1093/bioinformatics/btz137	2019	BioMethyl: an R package for biological interpretation of DNA methylation data	Bioinformatics	Yue Wang, Jennifer M. Franks, Michael L. Whitfield, Chao Cheng
10.1002/pmic.201800489	2019	Bioinformatics Tools and Workflow to Select Blood Biomarkers for Early Cancer Diagnosis: An Application to Pancreatic Cancer	PROTEOMICS	Yves Vandenbrouck, David Christiany, Florence Combes, Valentin Loux, Virginie Brun
10.1093/bioinformatics/btz107	2019	Biomolecular Reaction and Interaction Dynamics Global Environment (BRIDGE)	Bioinformatics	Tharindu Senapathi, Simon A. Bray, Christopher B. Barnett, Björn Andreas Grüning, Kevin J. Naidoo
10.1016/j.ijmedinf.2019.104038	2019	CPRD GOLD and linked ONS mortality records: Reconciling guidelines	International Journal of Medical Informatics	Antonella Delmestri, Daniel Prieto‐Alhambra
10.70675/b38bafdbz52c2z4681zba17zfed8d313e68d	2019	Capitaliser les processus d'analyse de traces d'apprentissage : modélisation ontologique & assistance à la réutilisation		Alexis Lebis
10.3389/fmicb.2019.00257	2019	Changes in Bacterioplankton Communities Resulting From Direct and Indirect Interactions With Trace Metal Gradients in an Urbanized Marine Coastal Area	Frontiers in Microbiology	Clément Coclet, Cédric Garnier, Gaël Durrieu, Dario Omanović, Sébastien D’Onofrio, Christophe Le Poupon, Jean‐Ulrich Mullot, Jean‐François Briand, Benjamin Misson
10.3389/fenrg.2019.00111	2019	Characterization of Core Microbiomes and Functional Profiles of Mesophilic Anaerobic Digesters Fed With Chlorella vulgaris Green Microalgae and Maize Silage	Frontiers in Energy Research	Roland Wirth, Tamás Böjti, Gergely Lakatos, Gergely Maróti, Zoltán Bagi, Gábor Rákhely, Kornél Lajos Kovács
10.17615/0jd3-6s18	2019	Characterization of Mechanisms of Antibiotic Resistance in Neisseria gonorrhoeae	Carolina Digital Repository (University of North Carolina at Chapel Hill)	Margaret E. Duncan
10.1101/794974	2019	Class I histone deacetylase HDA-3 is required for full maintenance of locomotor ability in Caenorhabditis elegans	bioRxiv (Cold Spring Harbor Laboratory)	Kazuto Kawamura, ICHIRO N. MARUYAMA
10.1016/j.ydbio.2019.12.003	2019	Combinatorial action of NF–Y and TALE at embryonic enhancers defines distinct gene expression programs during zygotic genome activation in zebrafish	Developmental Biology	William Stanney, Franck Ladam, Ian J. Donaldson, Teagan J. Parsons, René Maehr, Nicoletta Bobola, Charles G. Sagerström
10.3390/md17010037	2019	Comparative Analyses of Metabolomic Fingerprints and Cytotoxic Activities of Soft Corals from the Colombian Caribbean	Marine Drugs	Liliana Santacruz, Olivier P. Thomas, Carmenza Duque, Mónica Puyana, Edisson Tello
10.3390/ht8040020	2019	Comparative Analysis of Strategies for De Novo Transcriptome Assembly in Prokaryotes: Streptomyces clavuligerus as a Case Study	Microarrays	Carlos Caicedo-Montoya, Laura Pinilla, León F. Toro, Jeferyd Yepes-García, Rigoberto Ríos‐Estepa
10.1101/648246	2019	Comparative Tn-Seq reveals common daptomycin resistance determinants in Staphylococcus aureus despite strain-dependent differences in essentiality of shared cell envelope genes	bioRxiv (Cold Spring Harbor Laboratory)	Kathryn A. Coe, Wonsik Lee, Gloria Komazin-Meredith, Timothy Charles Meredith, Yonatan Hagai Grad, Suzanne Walker
10.1002/lno.11345	2019	Comparative transcriptomics supports the presence of G protein‐coupled receptor‐based signaling in unicellular marine eukaryotes	Limnology and Oceanography	Nazia Mojib, Julia Kubanek
10.3389/fmicb.2019.02587	2019	Complementary DNA/RNA-Based Profiling: Characterization of Corrosive Microbial Communities and Their Functional Profiles in an Oil Production Facility	Frontiers in Microbiology	Silvia J. Salgar-Chaparro, Laura L. Machuca
10.1107/s1600577519007495	2019	Corvus: a framework for interfacing scientific software for spectroscopic and materials science applications	Journal of Synchrotron Radiation	S. M. Story, Fernando D. Vila, Joshua J. Kas, Kavita Raniga, C. D. Pemmaraju, John J. Rehr
10.1111/acel.12964	2019	CpG‐related SNPs in the MS4A region have a dose‐dependent effect on risk of late–onset Alzheimer disease	Aging Cell	Yiyi Ma, Gyungah Jun, Jaeyoon Chung, Xiaoling Zhang, Brian W. Kunkle, Adam Christian Naj, Charles C. White, David Alan Bennett, Philip L. De Jager, Richard P Mayeux, Jonathan L. Haines, Margaret A. Pericak‐Vance, Gerard D. Schellenberg, Lindsay A. Farrer, Kathryn L. Lunetta
10.1145/3331158	2019	Creating Interactive Scientific Publications using Bindings	Proceedings of the ACM on Human-Computer Interaction	Markus Konkol, Christian Kray, Jan Suleiman
10.1016/b978-0-12-814513-5.00005-2	2019	Data Analysis of ChIP-Seq Experiments	Elsevier eBooks	Qi Zhang
10.4018/978-1-5225-8903-7.ch052	2019	Data Science and Computational Biology	Biotechnology	Singaraju Jyothi, P. Naga Ramya Bhargavi
10.1063/1.5084563	2019	Data automation at light sources	AIP conference proceedings	Ben J. Blaiszik, Kyle Chard, Ryan Chard, Ian T Foster, Logan T. Ward
10.2200/s00915ed1v01y201904dtm060	2019	Data-Intensive Workflow Management: For Clouds and Data-Intensive and Scalable Computing Environments	Synthesis lectures on data management	Daniel C. M. de Oliveira, Ji Liu, Esther Pacitti
	2019	Dataset Relationship Management.	Conference on Innovative Data Systems Research	Zack Ives, Yi Zhang, Soonbo Han, Nan Zheng
10.1007/978-1-4939-9164-8_18	2019	Designing an In Silico Strategy to Select Tissue-Leakage Biomarkers Using the Galaxy Framework	Methods in molecular biology	Lien D. Nguyen, Virginie Brun, Florence Combes, Valentin Loux, Yves Vandenbrouck
10.1145/3331151	2019	Designing for Real-Time Groupware Systems to Support Complex Scientific Data Analysis	Proceedings of the ACM on Human-Computer Interaction	Golam Mostaeen, Banani Roy, Chanchal Kumar Roy, Kevin A. Schneider
10.1094/pdis-10-18-1819-re	2019	Development of the Automated Primer Design Workflow Uniqprimer and Diagnostic Primers for the Broad-Host-Range Plant Pathogen Dickeya dianthicola	Plant Disease	Shaista Karim, Ryan R. McNally, Afnan Shazwan Nasaruddin, Alexis Dereeper, Ramil Mauleon, Amy O. Charkowski, Jan E. Leach, Asa Ben‐Hur, Lindsay R. Triplett
10.1016/j.molcel.2019.07.039	2019	Distinct Classes of Chromatin Loops Revealed by Deletion of an RNA-Binding Region in CTCF	Molecular Cell	Anders S. Hansen, Tsung-Han S. Hsieh, Claudia Cattoglio, Iryna Pustova, Ricardo Saldaña-Meyer, Danny Reinberg, Xavier Darzacq, Robert Tjian
10.1007/978-3-319-55530-0_76	2019	Distribution of Methylated Regions Within gDNA in Acute and Chronic Phases of Diabetes Mellitus		Alexey A. Leontovich, Michael P. Sarras
10.1093/gbe/evz133	2019	Dosage Compensation throughout the Schistosoma mansoni Lifecycle: Specific Chromatin Landscape of the Z Chromosome	Genome Biology and Evolution	Marion Picard, Beatriz Viçoso, David Roquis, Ingo Bulla, Ronaldo de Carvalho Augusto, Nathalie Arancibia, Christoph Grunau, Jérôme Boissier, Céline Cosseau
10.1101/553784	2019	EWAS-Galaxy: a tools suite for population epigenetics integrated into Galaxy	bioRxiv (Cold Spring Harbor Laboratory)	Katarzyna Murat, Björn Andreas Grüning, Paulina Wiktoria Poterlowicz, Gillian E. Westgate, Desmond John Tobin, Krzysztof Poterlowicz
10.1101/2019.12.28.889295	2019	Efficient data management infrastructure for the integration of imaging and omics data in life science research	bioRxiv (Cold Spring Harbor Laboratory)	Luis Kuhn Cuellar, Andreas Friedrich, Gisela Gabernet, Luis de la Garza, Sven Fillinger, Adrian Seyboldt, Sven zur Oven‐Krockhaus, Friederike Wanke, Sandra S. Richter, Wolfgang Maximilian Thaiss, Marius Horger, Nisar P. Malek, Klaus Harter, Michael Bitzer, Sven Nahnsen
10.1177/2053951719836258	2019	Enforcing public data archiving policies in academic publishing: A study of ecology journals	Big Data & Society	Dan Sholler, Karthik Ram, Carl Boettiger, Daniel S. Katz
10.1145/3321335.3324953	2019	Envisioning tangibles and display-rich interfaces for co-located and distributed genomics collaborations		Miriam K. Konkel, Brygg Ullmer, Orit Shaer, Ali Mazalek
10.70675/f75dd776za1b4z42eazaac7z5add9f744e3d	2019	Etude de la réponse environnementale et transgénérationnelle chez l’huitre creuse Crassostrea gigas : focus sur les mécanismes épigénétiques		Manon Fallet
10.1134/s2079086419060069	2019	Evolution of Exons and the Exon–Intron Structure of Long Intergenic Noncoding RNA Genes in Placental Mammals	Biology Bulletin Reviews	Ivan A. Sidorenko, Igor B. Rogozin, Vladimir N. Babenko
10.11606/t.41.2019.tde-04062019-130253	2019	Evolução da covariação genética em caracteres complexos: interação entre o mapa genótipo-fenótipo e seleção natural		Diogo Melo
10.1002/1873-3468.13443	2019	Expanding the mesodermal transcriptional network by genome‐wide identification of Zinc finger homeodomain 1 (Zfh1) targets	FEBS Letters	Wei‐Hang Wu, T.-Y. Kuo, Chia‐Wei Kao, Charles Girardot, Sheng‐Jou Hung, Tsunglin Liu, Eileen E. M. Furlong, Ya‐Hsin Liu
10.3389/fimmu.2018.02868	2019	Exploring the Human Microbiome: The Potential Future Role of Next-Generation Sequencing in Disease Diagnosis and Treatment	Frontiers in Immunology	Muneer Ahmad Malla, Anamika Dubey, Ashwani Kumar, Shweta Kishan Yadav, Abeer Hashem, Elsayed Fathi Abd Allah
10.3410/f.727776019.793555748	2019	Faculty Opinions recommendation of Transcription elongation factors represent in vivo cancer dependencies in glioblastoma.	Faculty Opinions – Post-Publication Peer Review of the Biomedical Literature	Raymond A. Poot
10.1109/icde.2019.00025	2019	Fine-Grained Provenance for Matching & ETL		Nan Zheng, Abdussalam Alawini, Zachary G. Ives
10.1101/520122	2019	Follicle-stimulating hormone and luteinizing hormone increase Ca 2+ in the granulosa cells of mouse ovarian follicles 1	bioRxiv (Cold Spring Harbor Laboratory)	Jeremy R. Egbert, Paul G. Fahey, Jacob Reimer, C. M. Owen, Alexei V. Evsikov, Viacheslav O. Nikolaev, Oliver Griesbeck, Russell Scott Ray, Andreas Savas Tolias, Laurinda A. Jaffe
10.1093/biolre/ioz085	2019	Follicle-stimulating hormone and luteinizing hormone increase Ca2+ in the granulosa cells of mouse ovarian follicles†	Biology of Reproduction	Jeremy R. Egbert, Paul G. Fahey, Jacob Reimer, C. M. Owen, Alexei V. Evsikov, Viacheslav O. Nikolaev, Oliver Griesbeck, Russell Scott Ray, Andreas Savas Tolias, Laurinda A. Jaffe
10.1534/g3.119.400241	2019	Forward Genetic Screen for Caenorhabditis elegans Mutants with a Shortened Locomotor Healthspan	G3 Genes Genomes Genetics	Kazuto Kawamura, ICHIRO N. MARUYAMA
	2019	Forward genetic screen for Caenorhabditis elegans mutants with a progressive decline in adult locomotor function		Kazuto Kawamura
10.1371/journal.pone.0211144	2019	Functional screening for triclosan resistance in a wastewater metagenome and isolates of Escherichia coli and Enterococcus spp. from a large Canadian healthcare region	PLoS ONE	Andrew Cameron, Ruth Barbieri, Ron Read, Deirdre L. Church, Emelia Hornam Adator, Rahat Zaheer, Tim Angus McAllister
10.3390/microorganisms8010001	2019	Fungal and Bacterial Communities Exhibit Consistent Responses to Reversal of Soil Acidification and Phosphorus Limitation over Time	Microorganisms	Sarah R. Carrino‐Kyker, Kaitlin P. Coyle, Laurel A. Kluber, David J. Burke
10.1186/s12859-018-2492-8	2019	GCAC: galaxy workflow system for predictive model building for virtual screening	BMC Bioinformatics	Deepak Ramkumar Bharti, Anmol Jaywant Hemrom, Andrew Michael Lynn
10.1002/advs.201900440	2019	Gene Delivery to Nonhuman Primate Preimplantation Embryos Using Recombinant Adeno‐Associated Virus	Advanced Science	Dan Wang, Yuyu Niu, Lingzhi Ren, Yu Kang, Phillip W.L. Tai, Chenyang Si, Craig A. Mendonca, Hong Ma, Guangping Gao, Weizhi Ji
10.1093/nar/gkz748	2019	Gene silencing by double-stranded RNA from C. elegans neurons reveals functional mosaicism of RNA interference	Nucleic Acids Research	Snusha Ravikumar, Sindhuja Devanapally, Antony M Jose
10.1109/bibm47256.2019.8983216	2019	Gene-based evidence for burden of rare pathogenic variants in pharmacogenes and oncogens of Czech breast cancer patients		Mária Kováčová, Viktor Hlaváč, Veronika Brynychová, Radka Václavíková, Pavel Souček
10.1016/j.vaccine.2019.10.074	2019	Genetic stability of a Newcastle disease virus vectored infectious laryngotracheitis virus vaccine after serial passages in chicken embryos	Vaccine	Qingzhong Yu, Yufeng Li, Kiril Dimitrov, Claudio L. Afonso, Stephen J. Spatz, Laszlo Zsak
10.1128/mra.01351-18	2019	Genome Sequences of Livestock-Associated Methicillin-Resistant Staphylococcus aureus spa Type t899 Strains Belonging to Three Different Sequence Types (ST398, ST9, and ST4034)	Microbiology Resource Announcements	Henok Ayalew Tegegne, Ivana Koláčková, Martina Florianová, Tereza Gelbíčová, Pierre Wattiau, Cécile Boland, Renáta Karpíšková
10.1101/736207	2019	Genome-wide analysis of transcriptional bursting-induced noise in mammalian cells	bioRxiv (Cold Spring Harbor Laboratory)	Hiroshi Ochiai, Tetsutaro Hayashi, Mana Umeda, Mika Yoshimura, Akihito Harada, Yukiko Shimizu, Kenta Nakano, Noriko Saitoh, Hiroshi Kimurâ, Zhe J. Liu, Takashi Yamamoto, Tadashi Okamura, Yasuyuki Ohkawa, Itoshi Nikaido
10.3390/agronomy9070342	2019	Genotyping by Sequencing and Plastome Analysis Finds High Genetic Variability and Geographical Structure in Dactylis glomerata L. in Northwest Europe Despite Lack of Ploidy Variation	Agronomy	Trevor Roland Hodkinson, Aude Perdereau, Manfred Klaas, Paul Cormican, Susanne Barth
10.1093/gigascience/giz051	2019	Gigwa v2—Extended and improved genotype investigator	GigaScience	Guilhem Sempéré, Adrien Pétel, Mathieu Rouard, Julien Frouin, Yann Hueber, Fabien De Bellis, Pierre Larmande
10.1128/aem.00180-19	2019	Growth Kinetics, Carbon Isotope Fractionation, and Gene Expression in the Hyperthermophile Methanocaldococcus jannaschii during Hydrogen-Limited Growth and Interspecies Hydrogen Transfer	Applied and Environmental Microbiology	Begüm D. Topçuoğlu, Cem Meydan, Tran Bao Nguyen, Susan Q. Lang, James F. Holden
10.1371/journal.pone.0222512	2019	HaTSPiL: A modular pipeline for high-throughput sequencing data analysis	PLoS ONE	Edoardo Morandi, Matteo Cereda, Danny Incarnato, Caterina Parlato, Giulia Basile, Francesca Anselmi, Andrea Lauria, Lisa Marie Simon, Isabelle Laurence Polignano, Francesca Arruga, Silvia Deaglio, Elisa Tirtei, Franca Fagioli, Salvatore Oliviero
10.3389/fpls.2019.00640	2019	High Resolution Mapping of RphMBR1012 Conferring Resistance to Puccinia hordei in Barley (Hordeum vulgare L.)	Frontiers in Plant Science	Leila Fazlikhani, Jens Keilwagen, Doris Kopahnke, H. B. Deising, Frank Ordon, Dragan Perović
10.1002/pmic.201800361	2019	Identification and Quantification of Proteoforms by Mass Spectrometry	PROTEOMICS	Leah V. Schaffer, Robert J. Millikin, Rachel Miller, Lissa C. Anderson, Ryan T. Fellers, Ying Ping Ge, Neil L. Kelleher, Richard D. LeDuc, Xiaowen Liu, Samuel Payne, Liangliang Sun, Paul M. Thomas, Trisha Tucholski, Zhe Wang, Si Ran Wu, Zhijie Wu, Dahang Yu, Michael R. Shortreed, Lloyd M. Smith
10.1038/s41598-019-40623-5	2019	Identification and characterization of core abscisic acid (ABA) signaling components and their gene expression profile in response to abiotic stresses in Setaria viridis	Scientific Reports	Karoline Estefani Duarte, Wagner Rodrigo de Souza, Thaís Ribeiro Santiago, Bruno Leite Sampaio, Ana Paula Ribeiro, Michelle G. Cotta, Bárbara Andrade Dias Brito da Cunha, Pierre Marraccini, Adilson Kenji Kobayashi, Hugo Bruno Correa Molinari
10.1111/nph.15897	2019	Identification and functional evaluation of accessible chromatin associated with wood formation in Eucalyptus grandis	New Phytologist	Katrien Brown, Lazarus T. Takawira, Marja M. Mostert‐O'Neill, Eshchar Mizrachi, Alexander Andrew Myburg, Steven G. Hussey
10.3906/tar-1807-164	2019	Identification and validation of microsatellite markers in strawberry tree(Arbutusunedo L.)	TURKISH JOURNAL OF AGRICULTURE AND FORESTRY	Pedro FAZENDA, Ricardo J. Pereira, Maria Esther de Noronha Fonseca, J. Carlier, José Manuel Leitão
10.70675/c72ac3f5z499dz49f7zb3cez33d73c5197bb	2019	Identification et caractérisation de nouveaux ARN régulateurs chez Staphylococcus aureus : mise en évidence d’un regroupement de 5 transcrits		Julie Bronsard
10.1016/j.cell.2019.04.028	2019	Identification of a DNA N6-Adenine Methyltransferase Complex and Its Impact on Chromatin Organization	Cell	Leslie Y. Beh, Galia T. Debelouchina, Derek M. Clay, Robert E. Thompson, Kelsi A. Lindblad, Elizabeth R. Hutton, John R. Bracht, Robert Sebra, Tom W. Muir, Laura F. Landweber
10.1038/s41598-018-36840-z	2019	Identification of candidate neoantigens produced by fusion transcripts in human osteosarcomas	Scientific Reports	Susan K. Rathe, Flavia E. Popescu, James E. Johnson, Adrienne L. Watson, Tracy A. Marko, Branden S. Moriarity, John R. Ohlfest, David A. Largaespada
10.1007/s10681-019-2340-6	2019	Identifying markers for resistance to sugarcane orange rust (Puccinia kuehnii) via selective genotyping and capture sequencing	Euphytica	Per H. McCord, Neil C. Glynn, Jack C. Comstock
10.1016/j.exer.2019.01.006	2019	Impact of angiogenic activation and inhibition on miRNA profiles of human retinal endothelial cells	Experimental Eye Research	Johanna M. Walz, Thomas Wecker, Pei pei Zhang, Bertan Cakir, Bjoern Gruening, Hansjuergen Agostini, Tristan Reuer, Franziska Ludwig, Stefaniya Boneva, L. Faerber, Clemens Lange, Guenther Schlunck, Andreas Stahl
10.70675/447ae479z35dbz4169z8789z24abc6ac3adb	2019	Impacts de la contamination multiple en éléments traces métalliques sur les communautés microbiennes dans un environnement côtier fortement anthropisé : la rade de Toulon		Clément Coclet
10.1038/s41598-019-50187-z	2019	Impacts of environmental complexity on respiratory and gut microbiome community structure and diversity in growing pigs	Scientific Reports	Ameer Megahed, Mohamed M. Zeineldin, Kaleigh L. Evans, Nidia C Maradiaga, Ben Blair, Brian M Aldridge, James  F. Lowe
10.7554/elife.41608	2019	In-depth human plasma proteome analysis captures tissue proteins and transfer of protein variants across the placenta	eLife	Maria Pernemalm, AnnSofi Sandberg, Yafeng Zhu, Jorrit Boekel, Davide Tamburro, Jochen M. Schwenk, Albin Björk, Marie Wahren‐Herlenius, Hanna Åmark, Claes‐Göran Östenson, Magnus Westgren, Janne Lehtiö
10.1016/j.idairyj.2019.02.005	2019	Influence of feed temperature to biofouling of ultrafiltration membrane during skim milk processing	International Dairy Journal	Julien Chamberland, Thomas Messier, Éric Dugat‐Bony, Marie-Hélène Lessard, Steve Labrie, Alain Doyen, Yves Pouliot
10.1109/ipdpsw.2019.00139	2019	Instrumental Data Management and Scientific Workflow Execution: the CEA Case Study		Francieli Zanon Boito, Jean‐François Méhaut, Thierry Deutsch, Brice Videau, Frédéric Desprez
10.1002/cpbi.72	2019	Integrating Bacterial ChIP‐seq and RNA‐seq Data With SnakeChunks	Current Protocols in Bioinformatics	Claire Rioualen, Lucie Charbonnier-Khamvongsa, Julio Collado‐Vides, Jacques van Helden
10.12688/f1000research.20590.1	2019	Interactive Clustered Heat Map Builder: An easy web-based tool for creating sophisticated clustered heat maps	F1000Research	Michaël Ryan, Mark Stucky, Chris Wakefield, James M. Melott, Rehan Akbani, John N. Weinstein, Bradley McIntosh Broom
10.1109/wf-iot.2019.8767199	2019	Internet of Things orchestration using DagOn* workflow engine		Dante Domizzi Sánchez-Gallegos, Diana Di Luccio, Jose Luis Gonzalez-Compean, Raffaele Montella
10.1093/bioinformatics/btz160	2019	Interoperable and scalable data analysis with microservices: applications in metabolomics	Bioinformatics	Payam Emami Khoonsari, Pablo A Moreno, Sven M. Bergmann, Joachim Burman, Marco Capuccini, Matteo Carone, Marta Cascante, Pedro de Atauri, Carles Foguet, Alejandra N Gonzalez-Beltran, Thomas Hankemeier, Kenneth Haug, Sijin He, Stephanie Herman, David Johnson, Namrata Kale, Anders O. Larsson, Steffen 
10.1109/canopie-hpc49598.2019.00009	2019	KBase: A Platform for Reproducible Bioinformatics Research		William J. Riehl, Richard Shane Canon, Boris Sadkhin, Jay R Bolton
10.1101/634824	2019	Kin28 depletion increases association of TFIID subunits Taf1 and Taf4 with promoters in Saccharomyces cerevisiae	bioRxiv (Cold Spring Harbor Laboratory)	Elisabeth R. Knoll, Zhengwei Zhu, Debasish Sarkar, David Landsman, Randall H. Morse
10.70675/bbc486a6z72faz4bfazb023zc92b9ecfbbe9	2019	Les communautés microbiennes au sein des populations de tiques : origine, diversité et structure		Florian Binetruy
10.1145/3332186.3332244	2019	Leveraging Public Cloud Services for CLIA-Certified Personalized Medicine Pipelines	Proceedings of the Practice and Experience in Advanced Research Computing on Rise of the Machines (learning)	Evan F. Bollig, Christine M. Henzler, Ham Ching Lam, Sarah A. Munro, Rebecca S. LaRue, Getiria Onsongo, Sophia Louise Yohe, Andrew C. Nelson, Matthew Bower, Matthew L. Schomaker, Bharat Thyagarajan
10.1007/s10048-019-00576-3	2019	Linkage analysis and whole exome sequencing reveals AHNAK2 as a novel genetic cause for autosomal recessive CMT in a Malaysian family	Neurogenetics	Shelisa Tey, Nortina Shahrizaila, Alexander P. Drew, Sarimah Samulong, Khean Jin Goh, Esra Battaloğlu, Derek Atkinson, Yeşim Parman, Albena Jordanova, Ki Wha Chung, Byung‐Ok Choi, Yi-Chung Li, Michaela Auer‐Grumbach, Garth A. Nicholson, Marina L. Kennerson, Azlina Ahmad‐Annuar
10.1007/s13238-019-0650-z	2019	Long non-coding RNA LncKdm2b regulates cortical neuronal differentiation by cis-activating Kdm2b	Protein & Cell	Wei Li, Wenchen Shen, Bo Zhang, Kuan Tian, Yamu Li, Lili Mu, Zhiyuan Luo, Xiaoling Zhong, Xudong Wu, Ying Liu, Yan Zhou
10.1128/jb.00232-19	2019	Loss of RNA Chaperone Hfq Unveils a Toxic Pathway in Pseudomonas aeruginosa	Journal of Bacteriology	Ian T. Hill, Thomas Tallo, Matthew J. Dorman, Simon L. Dove
10.1242/jeb.211623	2019	Malpighian tubules of caterpillars: blending RNAseq and physiology to reveal regional functional diversity and novel epithelial ion transport control mechanisms	Journal of Experimental Biology	Dennis Kolosov, Michael J. O’Donnell
10.1016/j.future.2019.05.076	2019	Mapping heterogeneous research infrastructure metadata into a unified catalogue for use in a generic virtual research environment	Future Generation Computer Systems	Paul Martin, Laurent Remy, Μαρία Θεοδωρίδου, Keith Jeffery, Zhiming Zhao
10.1007/s10592-019-01215-y	2019	Metabarcoding-based dietary analysis of hen harrier (Circus cyaneus) in Great Britain using buccal swabs from chicks	Conservation Genetics	Kevin Nota, Stephen Thomas Downing, Arati Iyengar
10.1128/9781555819972.ch36	2019	Metagenomics of Meat and Poultry	Food Microbiology	Margaret D. Weinroth, Noelle Robertson Noyes, Paul M. Morley, K. E. Belk
10.1080/01490451.2019.1662523	2019	Microbial Diversity in High-Temperature Heavy Oil Reservoirs	Geomicrobiology Journal	Yan Hong Tian, Yun Wan, Hongmei Mu, Hailiang Dong, Brandon R. Briggs, Zhi-Huan Zhang
10.1093/femsec/fiz024	2019	Microcapillary sampling of Baltic Sea copepod gut microbiomes indicates high variability among individuals and the potential for methane production	FEMS Microbiology Ecology	Janine Wäge, Jürgen F. H. Strassert, Adrian Landsberger, Natalie Loick‐Wilde, Oliver Schmale, Beate Stawiarski, Bernd Kreikemeyer, Geert Michel, Matthias Labrenz
10.70675/d91a3321z646fz4691zb1f5z1e5039b15385	2019	Modélisation de séquences et reconstruction non supervisée de génomes microbiens à partir de donnée métagénomiques.		Kévin Gravouil
10.18174/467739	2019	Molecular determinants of arbovirus transmission by mosquitoes		Giel P. Göertz
10.3390/v11030271	2019	Mosquito Small RNA Responses to West Nile and Insect-Specific Virus Infections in Aedes and Culex Mosquito Cells	Viruses	Giel P. Göertz, Pascal Miesen, Gijs J. Overheul, Ronald P. van Rij, Monique M. van Oers, Gorben P. Pijlman
10.1016/j.ijpp.2019.03.003	2019	Multi-analytic study of a probable case of fibrous dysplasia (FD) from certosa monumental cemetery (Bologna, Italy)	International Journal of Paleopathology	Mirko Traversari, Maria Cristina Serrangeli, Giulio Catalano, Enrico Petrella, Sara Piciucchi, Francesco Feletti, Gregorio Oxilia, Emanuela Cristiani, Antonino Vazzana, Rita Sorrentino, Sara De Fanti, Donata Luiselli, Lucio Calcagnile, Luca Saragoni, Robin N. M. Feeney, Giorgio Gruppioni, Elisabetta
10.1101/796797	2019	Multi-level analysis of reproduction in the Antarctic midge, Belgica antarctica , identifies female and male accessory gland products that are altered by larval stress and impact progeny viability	bioRxiv (Cold Spring Harbor Laboratory)	Geoffrey Finch, Sonya Nandyal, Carlie Perrieta, B H Davies, Andrew J. Rosendale, Christopher J. Holmes, J. D. Gantz, Drew E. Spacht, Samuel T. Bailey, Xiaoting Chen, Kennan Oyen, Elise M. Didion, Souvik Chakraborty, Richard E. Lee Jr., David L. Denlinger, Stephen F. Matter, Geoffrey Michael Attardo,
10.1371/journal.ppat.1007862	2019	Multi-strain Tn-Seq reveals common daptomycin resistance determinants in Staphylococcus aureus	PLoS Pathogens	Kathryn A. Coe, Wonsik Lee, Madeleine C. Stone, Gloria Komazin-Meredith, Timothy Charles Meredith, Yonatan Hagai Grad, Suzanne Walker
10.1111/tpj.14285	2019	Multifaceted activity of cytokinin in leaf development shapes its size and structure in Arabidopsis	The Plant Journal	Jan Skalák, Liesbeth Vercruyssen, Hannes Claeys, Jana Hradilová, Martin Černý, Ondřej Novák, Lenka Plačková, Iñigo Saiz‐Fernández, Patricie Skaláková, Frederik Coppens, Stijn Dhondt, Šárka Koukalová, Jan Zouhar, Dirk Inzé, Břetislav Brzobohatý
10.1093/nar/gkz303	2019	NGPhylogeny.fr: new generation phylogenetic services for non-specialists	Nucleic Acids Research	Frédéric Lemoine, Damien Correia, Vincent Lefort, Olivia Doppelt‐Azeroual, Fabien Mareuil, Sarah Cohen‐Boulakia, Olivier Gascuel
10.1002/advs.201901408	2019	Natural Microbial Communities Can Be Manipulated by Artificially Constructed Biofilms	Advanced Science	Tomaž Rijavec, Jan Zrimec, Rob J. M. van Spanning, Aleš Lapanje
10.15446/abc.v24n3.79486	2019	Next generation sequencing and proteomics in plant virology: how is Colombia doing?	Acta Biológica Colombiana	Johana Madroñero, Zayda Lorena Corredor Rozo, Javier Antonio Escobar-Pérez, Myriam Lucía Velandia-Romero
10.1093/nar/gkz131	2019	Next-generation sequencing-guided identification and reconstruction of antibody CDR combinations from phage selection outputs	Nucleic Acids Research	Kris Barreto, Bharathikumar Vellalore Maruthachalam, Wayne Hill, Daniel Joseph Hogan, Ashley R. Sutherland, ANTHONY J. KUSALIK, Humphrey Fonge, John F. DeCoteau, Clarence Ronald Geyer
10.1111/apha.13394	2019	Novel role of Tieg1 in muscle metabolism and mitochondrial oxidative capacities	Acta Physiologica	Malek Kammoun, Jérôme Piquereau, Lydie Nadal‐Desbarats, Sandra Même, Maud Beuvin, Gisèle Bonne, Vladimir Veksler, Yann Le Fur, Philippe Pouletaut, William Même, Frédéric Szeremeta, Jean‐Marc Constans, Elizabeth S. Bruinsma, Molly H. Nelson Holte, Zeynab Najafova, Steven A. Johnsen, Malayannan Subram
10.7717/peerj-cs.232	2019	On-demand virtual research environments using microservices	PeerJ Computer Science	Marco Capuccini, Anders O. Larsson, Matteo Carone, Jon Ander Novella, Noureddin Sadawi, Jianliang Gao, Salman Zubair TOOR, Ola Spjuth
10.1093/database/baz004	2019	One tool to find them all: a case of data integration and querying in a distributed LIMS platform	Database	Alberto Grand, Emanuele Geda, Andrea Mignone, Andrea Bertotti, Alessandro Fiori
10.1002/cpe.5403	2019	Optimizing parameter sensitivity analysis of large‐scale microscopy image analysis workflows with multilevel computation reuse	Concurrency and Computation Practice and Experience	Willian Barreiros, Jeremías Moreira, Tahsin Kurç, Jun Kong, Alba Cristina Magalhães Alves de Melo, Joel Haskin Saltz, George Teodoro
10.1101/683953	2019	Oropouche virus cases identified in Ecuador using an optimised rRT-PCR informed by metagenomic sequencing	bioRxiv (Cold Spring Harbor Laboratory)	Emma L. Wise, Sully Márquez, Jack Mellors, Verónica Paz, Barry Atkinson, Bernardo Gutiérrez, Sonia Zapata, Joséfina Coloma, Oliver George Pybus, Simon K. Jackson, Gabriel A. Trueba, György Fejér, Christopher Hugh Logue, Steven T. Pullan
10.1038/s41598-019-53155-9	2019	PIPE-T: a new Galaxy tool for the analysis of RT-qPCR expression data	Scientific Reports	Nicolò Zanardi, Martina Morini, Marco Antonio Tangaro, Federico Zambelli, Maria Carla Bosco, Luigi Varesio, Alessandra Eva, Davide Cangelosi
10.1145/3307681.3325400	2019	Parsl		Yadu Babuji, Anna Woodard, Zhuozhao Li, Daniel S. Katz, Ben Clifford, Rohan Kumar, Lukasz Lacinski, Ryan Chard, Justin M. Wozniak, Ian Foster, Michael Wilde, Kyle Chard
10.1016/j.virol.2019.03.010	2019	Pathogenicity and transmission of virulent Newcastle disease virus from the 2018–2019 California outbreak and related viruses in young and adult chickens	Virology	Kiril M. Dimitrov, Helena L. Ferreira, Mary J. Pantin‐Jackwood, Tonya L. Taylor, Iryna V. Goraichuk, Beate M. Crossley, Mary Lea Killian, Nichole Hines Bergeson, Mia Kim Torchetti, Claudio L. Afonso, David L. Suarez
10.1186/s12864-019-5431-9	2019	Peptimapper: proteogenomics workflow for the expert annotation of eukaryotic genomes	BMC Genomics	Laëtitia Guillot, Ludovic Delage, Alain Viari, Yves Vandenbrouck, Emmanuelle Com, Andrés Ritter, Régis Lavigne, Dominique Marie, Pierre Peterlongo, Philippe Potin, Charles P. Pineau
10.1093/jmammal/gyz163	2019	Phylogeography of moose in western North America	Journal of Mammalogy	Nicholas J. DeCesare, Byron Weckworth, Kristine L. Pilgrim, Andrew B. D. Walker, Eric J. Bergman, Kevin E. Colson, Rob Corrigan, Richard B. Harris, Mark Hebblewhite, Brett R. Jesmer, Jesse R. Newby, Jason R. Smith, Rob B. Tether, Timothy P. Thomas, Michael K. Schwartz
10.3389/fgene.2019.00614	2019	Pipeliner: A Nextflow-Based Framework for the Definition of Sequencing Data Processing Pipelines	Frontiers in Genetics	Anthony N. Federico, Tanya T. Karagiannis, Kritika Karri, Dileep Kishore, Yusuke Koga, Joshua David Campbell, Stefano Monti
10.1007/978-981-13-8840-8_4	2019	Plant Genetic Engineering and GM Crops: Merits and Demerits		Javid Ahmad Parray, Mohammad Yaseen Mir, Nowsheen Shameem
10.1080/24701394.2019.1693549	2019	Portunus pelagicus mtDNA heteroplasmy inheritance and its effect on the use of mtCR and mtCOI sequence data	Mitochondrial DNA Part A	Pavitchaya Koolkarnkhai, Chidchanok Intakham, Pradit Sangthong, Wunrada Surat, Passorn Wonnapinij
10.1093/bioinformatics/btz054	2019	Predicting runtimes of bioinformatics tools based on historical data: five years of Galaxy usage	Bioinformatics	Anastasia Tyryshkina, Nate Coraor, ANTON Y NEKRUTENKO
10.1534/g3.118.200930	2019	Programmed Chromosome Deletion in the Ciliate Oxytricha trifallax	G3 Genes Genomes Genetics	Derek M. Clay, V. Talya Yerlici, Danylo Villano, Laura F. Landweber
10.1093/nar/gkz725	2019	Programmed genome rearrangements in Oxytricha produce transcriptionally active extrachromosomal circular DNA	Nucleic Acids Research	V. Talya Yerlici, Michael W Lu, Carla Hoge, Richard V. Miller, Rafik Neme, Jaspreet S. Khurana, John R. Bracht, Laura F. Landweber
10.1002/smtd.201900075	2019	Proteomics and Precision Medicine	Small Methods	Chen Ding, Zhaoyu Qin, Yan Li, Wenhao Shi, Lingling Li, Dongdong Zhan, Wenjun Yang
10.31237/osf.io/mcdrn	2019	Publishing Reproducible Geoscientific Papers: Status quo, benefits, and opportunities		Markus Konkol
10.1038/sdata.2019.2	2019	Qresp, a tool for curating, discovering and exploring reproducible scientific papers	Scientific Data	Marco Govoni, Milson Munakami, Aditya Tanikanti, Jonathan H. Skone, Hakizumwami Birali Runesha, Federico Giberti, Juan Pablo, Giulia Galli
10.1093/nar/gkz063	2019	Queuine links translational control in eukaryotes to a micronutrient from bacteria	Nucleic Acids Research	Martin Müller, Carine Legrand, Francesca Tuorto, Vincent P. Kelly, Yaser Atlasi, Frank Lyko, Ann E. Ehrenhofer‐Murray
10.1007/s11914-019-00517-x	2019	RNA-seq in Skeletal Biology	Current Osteoporosis Reports	Ugur M. Ayturk
10.1109/tcbb.2019.2956708	2019	RNASeqR: An R Package for Automated Two-Group RNA-Seq Analysis Workflow	IEEE Transactions on Computational Biology and Bioinformatics	Kuan-Hao Chao, Yi-Wen Hsiao, Yi-Fang Lee, Chien‐Yueh Lee, Liang‐Chuan Lai, Mong‐Hsun Tsai, Tzu‐Pin Lu, Eric Yao-Yu Chuang
10.1101/641324	2019	RNASeqR: an R package for automated two-group RNA-Seq analysis workflow	bioRxiv (Cold Spring Harbor Laboratory)	Kuan-Hao Chao, Yi-Wen Hsiao, Yi-Fang Lee, Chien‐Yueh Lee, Liang‐Chuan Lai, Mong‐Hsun Tsai, Tzu‐Pin Lu, Eric Yao-Yu Chuang
10.48550/arxiv.1905.03909	2019	RNASeqR: an R package for automated two-group RNA-Seq analysis workflow	arXiv (Cornell University)	Kuan-Hao Chao, Yi-Wen Hsiao, Yi-Fang Lee, Chien‐Yueh Lee, Liang‐Chuan Lai, Mong‐Hsun Tsai, Tzu‐Pin Lu, Eric Yao-Yu Chuang
10.1101/614594	2019	Radiator: a cloud-based framework for deploying re-usable bioinformatics tools	bioRxiv (Cold Spring Harbor Laboratory)	Emily K.W. Lo, Remy M. Schwab, Zak Burke, Patrick Cahan
10.1038/s41431-019-0421-6	2019	Rare missense variants in the ALPK1 gene may predispose to periodic fever, aphthous stomatitis, pharyngitis and adenitis (PFAPA) syndrome	European Journal of Human Genetics	Eugenio Sangiorgi, Alessia Azzarà, Clelia Molinario, Roberta Pietrobono, Donato Rigante, Elena Verrecchia, Ludovico Luca Sicignano, Maurizio Genuardi, Fiorella Gurrieri, Raffaele Manna
10.1109/empdp.2019.8671623	2019	Reproducible Data Analysis Pipelines for Precision Medicine		Bjørn Fjukstad, Vanessa Dumeaux, Michael T. Hallett, Lars Ailo Bongo
10.1099/jgv.0.001302	2019	Resolution by deep sequencing of a dual hepatitis E virus infection transmitted via blood components	Journal of General Virology	Juan Ledesma, David F. Williams, Felicia Adelina Stanford, Patricia E. Hewitt, Mark A. Zuckerman, Sanjay Bansal, Anil Dhawan, Jean Lutamyo Mbisa, Richard S. Tedder, Samreen Ijaz
10.1093/gigascience/giz028	2019	Rice Galaxy: an open resource for plant science	GigaScience	Venice Margarette Juanillas, Alexis Dereeper, Nicolas Beaume, Gaëtan Droc, Joshua Gregor A. Dizon, John Robert Mendoza, Jon Peter Perdon, Locedie Mansueto, Lindsay R. Triplett, Jillian M. Lang, Gabriel Zhou, Kunalan Ratharanjan, Beth Plale, Jason Haga, Jan E. Leach, Manuel Ruíz, Michael J.S. Thomson
10.1016/j.biortech.2019.121961	2019	Role of sludge retention time in mitigation of nitrous oxide emission from a pilot-scale oxidation ditch	Bioresource Technology	Nan Zhou, Chenyuan Dang, Zhirong Zhao, Shishi He, Maosheng Zheng, Wen Liu, Xiangke Wang
10.48550/arxiv.1910.14548	2019	Run-time Parameter Sensitivity Analysis Optimizations	arXiv (Cornell University)	Eduardo Scartezini, Willian Barreiros, Tahsin Kurç, Jun Kong, Alba Cristina Magalhães Alves de Melo, Joel Haskin Saltz, George Teodoro
10.1093/gigascience/giy167	2019	SMAGEXP: a galaxy tool suite for transcriptomics data meta-analysis	GigaScience	Samuel Blanck, Guillemette Marot
10.1145/3332186.3332231	2019	Scalable Parallel Programming in Python with Parsl	Proceedings of the Practice and Experience in Advanced Research Computing on Rise of the Machines (learning)	Yadu Babuji, Anna Elizabeth Woodard, Zhuozhao Li, Daniel S. Katz, Ben Clifford, Ian T Foster, Michael Wilde, Kyle Chard
10.1016/j.cageo.2019.06.001	2019	Science for everyone (ScifE): A proposed framework for science as a service using interactive web technologies	Computers & Geosciences	Rodrigo Moreno, Francisco J. Pérez-Gil, José J. Sanmartín Pardo, Andrés Navarro, Francisco Javier Tapiador
10.18174/464871	2019	Semantic systems biology of prokaryotes : heterogeneous data integration to understand bacterial metabolism		Jesse C. J. van Dam
10.1109/escience.2019.00056	2019	Serverless Science for Simple, Scalable, and Shareable Scholarship		Kyle Chard, Ian T Foster
10.1111/aji.13157	2019	Single‐cell technologies in reproductive immunology	American Journal of Reproductive Immunology	Jessica Vázquez, Irene M. Ong, Aleksandar K. Stanic
10.1186/s13029-019-0074-4	2019	Social support for collaboration and group awareness in life science research teams	Source Code for Biology and Medicine	Delfina Malandrino, Ilaria Manno, Alberto Negro, Andrea Petta, Luigi Serra, Concita Cantarella, Vittorio Scarano
10.1016/j.chemosphere.2019.05.145	2019	Soil bacterial community dynamics following surfactant addition and bioaugmentation in pyrene-contaminated soils	Chemosphere	Douglas C. Wolf, Zachary Cryder, Jay J. Gan
10.1007/s10531-019-01760-5	2019	Soil microbiome: a key player for conservation of soil health under changing climate	Biodiversity and Conservation	Anamika Dubey, Muneer Ahmad Malla, Farhat S. Khan, Kanika Chowdhary, Shweta Kishan Yadav, Ashwani Kumar, Satyawati Sharma, Pramod Kumar Khare, Mohammed Latif Khan
10.1111/geb.12993	2019	Species' range model metadata standards: RMMS	Global Ecology and Biogeography	Cory Merow, Brian Maitner, Hannah L. Owens, Jamie M. Kass, Brian Joseph Enquist, Walter Jetz, Robert Guralnick
10.1093/nar/gkz604	2019	Specificity of protein–DNA interactions in hypersaline environment: structural studies on complexes of Halobacterium salinarum oxidative stress-dependent protein hsRosR	Nucleic Acids Research	Nitzan Kutnowski, Fania Shmulevich, Geula Davidov, Anat Shahar, Dudy Bar‐Zvi, Jerry Eichler, Raz Zarivach, Boaz Shaanan
10.1073/pnas.1811589116	2019	SraL sRNA interaction regulates the terminator by preventing premature transcription termination of rho mRNA	Proceedings of the National Academy of Sciences	Inês Jesus Silva, Susana Barahona, Alex Eyraud, David Lalaouna, Nara Figueroa‐Bossi, Éric Massé, Cecília M. Arraiano
10.1016/b978-0-12-801238-3.11525-9	2019	Status and Challenges of Reproducibility in Computational Systems and Synthetic Biology	Systems Medicine	Kiri Choi, Jonathan R. Karr, Herbert M. Sauro
10.4018/978-1-7998-1204-3.ch011	2019	Strategies of Virtual Screening in Medicinal Chemistry	IGI Global eBooks	Giovanna Ilaria Passeri, Daniela Trisciuzzi, Domenico Alberga, Lydia Siragusa, Francesco Leonetti, Giuseppe Felice Mangiatordi, Orazio Nicolotti
10.1073/pnas.1905617116	2019	Subgenomic flavivirus RNA binds the mosquito DEAD/H-box helicase ME31B and determines Zika virus transmission by Aedes aegypti	Proceedings of the National Academy of Sciences	Giel P. Göertz, Joyce W. M. van Bree, Anwar Hiralal, Bas M. Fernhout, Carmen Steffens, Sjef A. Boeren, Tessa M. Visser, Chantal B. F. Vogels, Sandra R. Abbo, Jelke Jan Fros, Constantianus J. M. Koenraadt, Monique M. van Oers, Gorben P. Pijlman
10.11606/d.59.2019.tde-08122018-112207	2019	Suporte à acessibilidade, reprodutibilidade e transparência em uma plataforma integrada de análise de dados de expressão gênica		Wilson Daniel da Silva
10.1109/cbms.2019.00098	2019	Support for Accessibility, Reproducibility and Transparency in a Service-Oriented Gene Expression Analysis Platform		Wilson Daniel da Silva, Cléver Ricardo Guareis de Farias
10.1007/978-3-030-36592-9_58	2019	Supporting Efficient Execution of Workflows on Everest Platform	Communications in computer and information science	Oleg Sukhoroslov
10.1186/s13071-019-3517-5	2019	Surface sterilization methods impact measures of internal microbial diversity in ticks	Parasites & Vectors	Florian Binetruy, Marlène Dupraz, Marie Buysse, Olivier Duron
10.1101/720102	2019	TALE and NF-Y co-occupancy marks enhancers of developmental control genes during zygotic genome activation in zebrafish	bioRxiv (Cold Spring Harbor Laboratory)	William Stanney, Franck Ladam, Ian J. Donaldson, Teagan J. Parsons, René Maehr, Nicoletta Bobola, Charles G. Sagerström
10.1186/s12911-019-0844-6	2019	TASKA: A modular task management system to support health research studies	BMC Medical Informatics and Decision Making	João Rafael Almeida, Rosa Gini, Giuseppe Roberto, Peter R. Rijnbeek, José Luís Oliveira
10.21203/rs.2.16980/v1	2019	The Barley Stripe Mosaic Virus expression system reveals the wheat C2H2 zinc finger protein TaZFP1B as a key regulator of drought tolerance	Research Square	Mario Houde, Arnaud Cheuk, François Ouellet
10.1016/j.future.2019.07.024	2019	The Science Gateways Community Institute: Collaborations and efforts on international scale	Future Generation Computer Systems	Sandra Gesing, Maytal Dahan, Michael Zentner, Nancy Wilkins‐Diehr, Katherine A Lawrence
10.1016/j.ecss.2019.106477	2019	The bioavailability of riverine dissolved organic matter in coastal marine waters of southern Texas	Estuarine Coastal and Shelf Science	Kai Wu, Kaijun Lu, Minhan Dai, Zhanfei Liu
10.2210/pdb6qh0/pdb	2019	The complex structure of hsRosR-S5 (VNG0258H/RosR-S5)	Worldwide Protein Data Bank	B. Shaanan, N. Kutnowski
	2019	The epigenetic effects of exogenous E-cadherin inhibition in MCF7 epithelial cells	Research Portal (King's College London)	Hassan Hamed H Kaabi
10.1371/journal.pone.0220311	2019	The genomic landscape of estrogen receptor α binding sites in mouse mammary gland	PLoS ONE	Murugesan Palaniappan, Loc Tan Nguyen, Sandra L. Grimm, Yuanxin Xi, Zheng Xia, Wěi Li, Cristian Coarfa
10.26686/wgtn.17135201	2019	The genomics of growth and blue spots in a cultured population of Australasian snapper Chrysophrys auratus		David T. Ashton
10.26686/wgtn.17135201.v1	2019	The genomics of growth and blue spots in a cultured population of Australasian snapper Chrysophrys auratus		David T. Ashton
10.3390/metabo9100200	2019	The metaRbolomics Toolbox in Bioconductor and beyond	Metabolites	Jan Stanstrup, Corey D. Broeckling, Rick Helmus, Nils Hoffmann, Ewy A. Mathé, Thomas Naake, Luca Nicolotti, Kristian Peters, Johannes Rainer, Reza M. Salek, Tobias Schulze, Emma Schymanski, Michael A. Stravs, Etienne Thévenot, Hendrik Treutler, Ralf J. M. Weber, Egon Willighagen, Michael A. Witting,
10.1177/1094342019852127	2019	The role of machine learning in scientific workflows	The International Journal of High Performance Computing Applications	Ewa Deelman, Anirban Mandal, Ming Feng Jiang, Rizos Sakellariou
10.1101/722322	2019	The tropical coral Pocillopora acuta has a mosaic DNA methylome, an unusual chromatin structure and shows histone H3 clipping	bioRxiv (Cold Spring Harbor Laboratory)	David Roquis, Ariadna Picart Picolo, Kelly Brener Raffalli, Pascal Romans, Patrick Masanet, Céline Cosseau, Guillaume Mitta, Christoph Grunau, Jérémie Vidal‐Dupiol
10.1007/978-1-4939-8982-9_8	2019	Tools for Understanding miRNA–mRNA Interactions for Reproducible RNA Analysis	Methods in molecular biology	Andrea Bagnacani, Markus Wolfien, Olaf Wolkenhauer
	2019	Towards Collaborative Scientific Workflow Management System	HARVEST (University of Saskatchewan)	Golam Mostaeen
10.1109/ccgrid.2019.00082	2019	Towards a Science Gateway for Bioinformatics: Experiences in the Brazilian System of High Performance Computing		Kary Ocaña, Marcelo Monteiro Galheigo, Carla Osthoff, Luiz M. R. Gadelha Jr., Antônio Tadeu A. Gomes, Daniel de Oliveira, Fabio Andre Machado Porto, Ana Tereza Ribeiro de Vasconcelos
10.1098/rspb.2019.2019	2019	Transcriptional analysis of insect extreme freeze tolerance	Proceedings of the Royal Society B Biological Sciences	Lauren E. Des Marteaux, Petr Hůla, Vladimı́r Košťál
10.53846/goediss-7646	2019	Untersuchungen zur Chemotherapieresistenz von H8N8-Tumorzellen nach Cyclophosphamid-, Doxorubicin- und 5-Fluouraciltherapie im syngenen WAP-T-Mammakarzinom-Mausmodell		O. Reinhardt
10.1016/j.meegid.2019.103917	2019	Updated unified phylogenetic classification system and revised nomenclature for Newcastle disease virus	Infection Genetics and Evolution	Kiril M. Dimitrov, Célia Abolnik, Claudio L. Afonso, Emmanuel Albina, Justin Bahl, Mikael Berg, François‐Xavier Briand, Ian H. Brown, Kang-Seuk Choi, I. A. Chvala, Diego G. Diel, Peter A. Durr, Helena Lage Ferreira, Alice Fusaro, Patricia Gil, Gabriela V. Goujgoulova, Christian Grund, Joseph T. Hick
10.1080/15548627.2019.1635379	2019	Upregulation of ATG7 attenuates motor neuron dysfunction associated with depletion of TARDBP/TDP-43	Autophagy	Aneesh Donde, Mingkuan Sun, Yun Ha Jeong, Xinrui Wen, Jonathan P. Ling, Sophie Z. Lin, Kerstin E. Braunstein, Shuke Nie, Sheng Wang, Liam Chen, Philip C. Wong
10.1016/j.hal.2019.03.010	2019	Urea dynamics during Lake Taihu cyanobacterial blooms in China	Harmful Algae	Kaijun Lu, Zhanfei Liu, Ruihua Dai, Wayne S. Gardner
10.3934/microbiol.2019.1.102	2019	Use of high throughput amplicon sequencing and ethidium monoazide dye to track microbiota changes in an equol-producing menopausal woman receiving a long-term isoflavones treatment	AIMS Microbiology	Lucía Guadamuro, M. Andrea Azcárate-Peril, Rafael Tojo, Baltasar Mayo, Susana Delgado
10.3934/microbiol.2019.1.103	2019	Use of high throughput amplicon sequencing and ethidium monoazide dye to track microbiota changes in an equol-producing menopausal woman receiving a long-term isoflavones treatment	AIMS Microbiology	Lucía Guadamuro, M. Andrea Azcárate-Peril, Rafael Tojo, Baltasar Mayo, Susana Delgado
10.3390/genes10030205	2019	Volatile Evolution of Long Non-Coding RNA Repertoire in Retinal Pigment Epithelium: Insights from Comparison of Bovine and Human RNA Expression Profiles	Genes	Olga A. Postnikova, Igor B. Rogozin, William Samuel, German Nudelman, Vladimir N. Babenko, Eugenia Poliakov, T. Michael Redmond
10.1186/s12864-019-5548-x	2019	iGEAK: an interactive gene expression analysis kit for seamless workflow using the R/shiny platform	BMC Genomics	Kwangmin Choi, Nancy Ratner
10.1186/s12863-018-0697-5	2019	p.E95K mutation in Indian hedgehog causing brachydactyly type A1 impairs IHH/Gli1 downstream transcriptional regulation	BMC Genetics	Lu Shen, Gang Ma, Ye Shi, Yunfeng Ruan, Xuhan Yang, Xi Wu, Yuyu Xiong, Chunling Wan, Chao Yang, Lei Cai, Likuan Xiong, Xueli Gong, Lin He, Shengying Qin
10.1093/bioinformatics/btz436	2019	snakePipes: facilitating flexible, scalable and integrative epigenomic analysis	Bioinformatics	Vivek Bhardwaj, Steffen Heyne, Katarzyna O. Sikora, Leily Rabbani, Michael Rauer, Fabian Kilpert, Andreas S. Richter, Devon Patrick Ryan, Thomas Manke
10.1101/690438	2019	uap: Reproducible and Robust HTS Data Analysis	bioRxiv (Cold Spring Harbor Laboratory)	Christoph Kämpf, Michael Specht, Alexander Scholz, Sven-Holger Puppel, Gero Doose, Kristin Reiche, Jana Schor, Jörg Hackermüller
10.1186/s12859-019-3219-1	2019	uap: reproducible and robust HTS data analysis	BMC Bioinformatics	Christoph Kämpf, Michael Specht, Alexander Scholz, Sven-Holger Puppel, Gero Doose, Kristin Reiche, Jana Schor, Jörg Hackermüller
10.3389/fbuil.2020.558706	2020	A Cloud-Enabled Application Framework for Simulating Regional-Scale Impacts of Natural Hazards on the Built Environment	Frontiers in Built Environment	Gregory G. Deierlein, Frank McKenna, Ádám Zsarnóczay, Tracy L. Kijewski-Correa, Ahsan Kareem, Wael M. Elhaddad, Laura N. Lowes, Matthew J. Schoettler, Sanjay Govindjee
10.3390/genes11080931	2020	A Linear Regression and Deep Learning Approach for Detecting Reliable Genetic Alterations in Cancer Using DNA Methylation and Gene Expression Data	Genes	Saurav Mallik, Soumita Seth, Tapas Bhadra, Zhongming Zhao
10.48550/arxiv.2004.10077	2020	A Survey and Annotated Bibliography of Workflow Scheduling in Computing Infrastructures: Community, Keyword, and Article Reviews -- Extended Technical Report	arXiv (Cornell University)	Laurens Versluis, Alexandru Iosup
10.1109/scc49832.2020.00026	2020	A Survey of Modern Scientific Workflow Scheduling Algorithms and Systems in the Era of Big Data		Junwen Liu, Shiyong Lu, Dunren Che
10.1016/j.procs.2020.10.061	2020	A new Collaborative Platform for Research in Smart Farming	Procedia Computer Science	Olivier Debauche, Saïd Mahmoudi, Pierre Manneback, Jérôme Bindelle, Frédéric Lebeau
10.1016/j.compbiomed.2020.104180	2020	A semi-automatic methodology for analysing distributed and private biobanks	Computers in Biology and Medicine	João Rafael Almeida, Diogo Pratas, José Luís Oliveira
10.1007/978-3-030-50436-6_34	2020	APE: A Command-Line Tool and API for Automated Workflow Composition	Lecture notes in computer science	Vedran Kasalica, Anna‐Lena Lamprecht
10.1101/2020.01.31.929455	2020	Abnormal expression of GABA A receptor sub-units and hypomotility upon loss of gabra1 in zebrafish	bioRxiv (Cold Spring Harbor Laboratory)	Nayeli G. Reyes‐Nava, Hung‐Chun Yu, Curtis R. Coughlin, Tamim H. Shaikh, Anita M. Quintana
10.1242/bio.051367	2020	Abnormal expression of GABAA receptor sub-units and hypomotility upon loss of gabra1 in zebrafish	Biology Open	Nayeli G. Reyes‐Nava, Hung‐Chun Yu, Curtis R. Coughlin, Tamim H. Shaikh, Anita M. Quintana
10.1038/s41598-020-69786-2	2020	Actinobacteria from Antarctica as a source for anticancer discovery	Scientific Reports	Leonardo José da Silva, Eduardo José Crevelin, Danilo Tosta Souza, Gileno Vieira Lacerda-Júnior, Valéria Maia de Oliveira, Ana Lúcia Tasca Góis Ruiz, Luiz Henrique Rosa, Luiz Alberto Beraldo de Moraes, Itamar Soares de Melo
10.1002/saj2.20206	2020	Alkalinity gradients in grasslands alter soil bacterial community composition and function	Soil Science Society of America Journal	Junliang Xiang, Jian Jin, Quan Liu, Yulan Huang, Wensi Wu, Ruixi Tang, Chen Yuan, Kuide Yin
10.1101/2020.08.25.267088	2020	Altered Mediator dynamics during heat shock in budding yeast	bioRxiv (Cold Spring Harbor Laboratory)	Debasish Sarkar, Zhengwei Zhu, Emily Paul, David Landsman, Randall H. Morse
10.21203/rs.3.rs-44062/v1	2020	Altered gut microbiota correlate with different immune response to HAART in HIV-infected individual	Research Square	Jia Yun Sun, Li Wei, Hai‐yin Jiang, Caiqin Hu, Jiezuan Yang, Ying Huang, Bing Ruan, Biao Zhu, Yirui Xie
10.21203/rs.3.rs-44062/v2	2020	Altered gut microbiota correlate with different immune response to HAART in HIV-infected individuals	Research Square	Yirui Xie, Jia Sun, Wei Li, Hai‐yin Jiang, Caiqin Hu, Jiezuan Yang, Ying Huang, Bing Ruan, Biao Zhu
10.21203/rs.3.rs-44062/v4	2020	Altered gut microbiota correlate with different immune response to HAART in HIV-infected individuals	Research Square	Yirui Xie, Jia Sun, Wei Li, Hai‐yin Jiang, Caiqin Hu, Jiezuan Yang, Ying Huang, Bing Ruan, Biao Zhu
10.21203/rs.3.rs-44062/v3	2020	Altered gut microbiota correlate with different immune response to HAART in HIV-infected individuals	Research Square	Yirui Xie, Jia Sun, Wei Li, Hai‐yin Jiang, Caiqin Hu, Jiezuan Yang, Ying Huang, Bing Ruan, Biao Zhu
10.1016/j.neo.2020.04.005	2020	An in vivo functional genomics screen of nuclear receptors and their co-regulators identifies FOXA1 as an essential gene in lung tumorigenesis	Neoplasia	Suzie K. Hight, Allison A. Mootz, Rahul Krishna Kollipara, Elizabeth A. McMillan, Paul M. Yenerall, Yoichi Otaki, Long-Shan Li, Kimberley Avila, Michael Peyton, Jaime Rodriguez‐Canales, Barbara Mino, Pamela Andrea Villalobos, Luc Girard, Patrick D. Dospoy, Jill E. Larsen, Michael A. White, John Vict
10.1007/978-981-15-5285-4_47	2020	Application of Big Data in Field of Medicine	Advances in intelligent systems and computing	J. Sabarish, S Sonali, P. T. R. Vidhyaa
10.1109/works51914.2020.00009	2020	Applying workflows to scientific projects represented in file system directory tree		Mieszko Makuch, Maciej Malawski, Joanna Kocot, Tomasz Szepieniec
10.1371/journal.pone.0227707	2020	Assessment of peritoneal microbial features and tumor marker levels as potential diagnostic tools for ovarian cancer	PLoS ONE	Ruizhong Miao, Taylor C. Badger, Kathleen A. Groesch, Paula Díaz‐Sylvester, Teresa S Wilson, Allen Ghareeb, Jongjin Anne Martin, Melissa A. Cregger, Michael E. Welge, Colleen Bushell, Loretta Sue Auvil, Ruoqing Zhu, Laurent Brard, Andrea Braundmeier‐Fleming
10.1101/2020.10.08.330241	2020	Atypical molecular basis for drug resistance to mitochondrial function inhibitors in Plasmodium falciparum	bioRxiv (Cold Spring Harbor Laboratory)	Heather J. Painter, Joanne M. Morrisey, Michael W. Mather, Lindsey Orchard, Cuyler Luck, Martin J. Smilkstein, Michael K. Riscoe, Akhil B. Vaidya, Manuel Llinás
10.1101/2020.01.22.915348	2020	Automated Isoform Diversity Detector (AIDD): A pipeline for investigating transcriptome diversity of RNA-seq data	bioRxiv (Cold Spring Harbor Laboratory)	Noel‐Marie Plonski, Emily S. Johnson, Madeline Frederick, Heather Mercer, Gail C. Fraizer, Richard S. Meindl, Gemma Casadesús, Helen Piontkivska
10.1186/s12859-020-03888-6	2020	Automated Isoform Diversity Detector (AIDD): a pipeline for investigating transcriptome diversity of RNA-seq data	BMC Bioinformatics	Noel‐Marie Plonski, Emily S. Johnson, Madeline Frederick, Heather Mercer, Gail C. Fraizer, Richard S. Meindl, Gemma Casadesús, Helen Piontkivska
10.1021/acs.jcim.0c00206	2020	BRIDGE: An Open Platform for Reproducible High-Throughput Free Energy Simulations	Journal of Chemical Information and Modeling	Tharindu Senapathi, Miroslav Suruzhon, Christopher B. Barnett, Jonathan W. Essex, Kevin J. Naidoo
10.1109/espm251964.2020.00008	2020	Benesh: a Programming Model for Coupled Scientific Workflows		Philip E. Davis, Pradeep Subedi, Shaohua Duan, Lee Ricketson, J. Hittinger, Manish Parashar
10.1016/j.genrep.2020.100869	2020	Big data in biology: The hope and present-day challenges in it	Gene Reports	Subhajit Pal, Sudip Mondal, Gourab Das, Sunirmal Khatua, Zhumur Ghosh
10.1016/j.jwpe.2020.101730	2020	Biofilm and microbiome response of attached growth nitrification systems across incremental decreases to low temperatures	Journal of Water Process Engineering	Warsama Ahmed, Robert Delatolla
10.1016/b978-0-12-801238-3.11621-6	2020	Biomedical and Clinical Research Data Management	Systems Medicine	Matthias Ganzinger, Enrico Glaab, Jules N. A. Kerssemakers, Sven Nahnsen, Ulrich Sax, Nadine S. Schaadt, Matthieu-P. Schapranow, Thorsten Tiede
10.1089/big.2020.0065	2020	Bridging the Brain and Data Sciences	Big Data	John D. Van Horn
10.1016/j.cmpb.2020.105616	2020	CLIN-IK-LINKS: A platform for the design and execution of clinical data transformation and reasoning workflows	Computer Methods and Programs in Biomedicine	José Alberto Maldonado, Mar Marcos, Jesualdo Tomás Fernández‐Breis, Vicente Miguel Giménez-Solano, María del Carmen Legaz-García, Begoña Martínez‐Salvador
10.1016/j.omtm.2020.11.014	2020	CRISPR-Cas9 gene editing of hepatitis B virus in chronically infected humanized mice	Molecular Therapy — Methods & Clinical Development	Daniel Stone, Kelly R. Long, Michelle A. Loprieno, Harshana S. De Silva Feelixge, Elizabeth J. Kenkel, R. Matt Liley, Stephen Rapp, Pavitra Roychoudhury, Thuy Nguyen, Laurence Stensland, Rossana Colón-Thillet, Lindsay M. Klouser, Nicholas D. Weber, Connie Le, Jessica Wagoner, Erin A. Goecker, Alvaso
10.1038/s41388-020-1203-x	2020	Cancer cell-intrinsic function of CD177 in attenuating β-catenin signaling	Oncogene	Paige Kluz, Ryan H. Kolb, Qing Mei Xie, Nicholas C. Borcherding, Qi Liu, Yuewan Luo, Myung‐Chul Kim, Linna Wang, Yinan Zhang, Wei Li, Christopher S. Stipp, Katherine Nicole Gibson-Corley, Chen Zhao, Hank Heng Qi, Andrew M. Bellizzi, Andy W. Tao, Sonia L. Sugg, Ronald J. Weigel, Daohong Zhou, Xian Sh
10.70675/1ad0d5f0z70b2z4604zb730zadaa7e29aa74	2020	Cellular and molecular bases of Vibrio / Crassostrea gigas interactions in healthy and pathological context		Daniel Oyanedel Trigo
10.3389/fbioe.2020.01024	2020	Characterization of Highly Mucus-Adherent Non-GMO Derivatives of Lacticaseibacillus rhamnosus GG	Frontiers in Bioengineering and Biotechnology	Pia Rasinkangas, Hanne L. P. Tytgat, Jarmo Ritari, Justus Reunanen, Seppo Salminen, Airi M. Palva, François P. Douillard, Willem M. de Vos
10.1111/irv.12727	2020	Characterization of human respiratory syncytial virus (RSV) isolated from HIV‐exposed‐uninfected and HIV‐unexposed infants in South Africa during 2015‐2017	Influenza and Other Respiratory Viruses	Hui Liu, Bin Lü, David E. Tabor, Andrey Tovchigrechko, Deidre E. Wilkins, Hong Ryul Jin, Shabir Ahmed Madhi, Nasiha Soofie, Mark Thomas Esser, Marta Coelho Nunes
10.1016/j.micinf.2020.07.008	2020	Clinical bioinformatics for microbial genomics and metagenomics: an ESCMID Postgraduate Technical Workshop	Microbes and Infection	Gilbert Greub, Patricia M. Palagi, David Viktor Dylus, Adrian Egli, Trestan Pillonel, John W. A. Rossen, Helena M. B. Seth-Smith, Aitana Lebrand
10.1093/icb/icaa032	2020	Cognitive Phenotype and Differential Gene Expression in a Hippocampal Homologue in Two Species of Frog	Integrative and Comparative Biology	Yuxiang Liu, Corbin D. Jones, Lainy B. Day, Kyle Summers, Sabrina S. Burmeister
10.3389/fonc.2020.00423	2020	Computational Oncology in the Multi-Omics Era: State of the Art	Frontiers in Oncology	Guillermo de Anda‐Jáuregui, Enrique Hernandez Lemus
10.1093/bib/bbaa405	2020	Computational methods for the prediction of chromatin interaction and organization using sequence and epigenomic profiles	Briefings in Bioinformatics	Huan Tao, Hao Li, Kang Xu, Hao Hong, Shuai Jiang, Guifang Du, Junting Wang, Yu Sun, Xin Yi Huang, Yang Ding, Fei Li, Xiaofei Zheng, Hebing Chen, Xiaochen Bo
10.1016/bs.pmbts.2020.04.003	2020	Correlation and association analyses in microbiome study integrating multiomics in health and disease	Progress in molecular biology and translational science	Yinglin Xia
10.70675/aec233a7zdc6fz4a3aza797zb77784ffd15e	2020	Criblage de molécules naturelles d’intérêt cosmétique par combinaison d’outils analytiques, bioinformatiques et métabolomiques		Souhila Messaili
10.1371/journal.pone.0242453	2020	Data analysis and modeling pipelines for controlled networked social science experiments	PLoS ONE	Vanessa Cedeno-Mieles, Zhihao Hu, Yihui Ren, Xinwei Deng, Noshir Contractor, Saliya Ekanayake, Joshua M. Epstein, Brian J. Goode, Gizem Korkmaz, Chris J. Kuhlman, Dustin Machi, Michael Walton Macy, MADHAV V. MARATHE, Naren Ramakrishnan, Parang Saraf, Nathan Self
10.1109/services48979.2020.00059	2020	Decentralized workflow management on software defined infrastructures		Yuandou Wang, Zhiming Zhao
10.1111/fwb.13656	2020	Dietary DNA metabarcoding reveals seasonal trophic changes among three syntopic freshwater trout species	Freshwater Biology	Brandon D. Hoenig, Brian K. Trevelline, Tim Nuttle, Brady A. Porter
10.3389/fmicb.2020.564579	2020	Differential Gut Microbiota and Fecal Metabolites Related With the Clinical Subtypes of Myasthenia Gravis	Frontiers in Microbiology	Xunmin Tan, Yu Huang, Tingjia Chai, Xiaoli Zhao, Yifan Li, Jing Wu, Hanping Zhang, Jiajia Duan, Weiwei Liang, Bangmin Yin, Ke Cheng, Gang Yu, Peng Yuan ZHENG, Peng Ping Xie
10.21203/rs.2.16448/v2	2020	Differential basal expression of immune genes confers Crassostrea gigas resistance to Pacific Oyster Mortality Syndrome	Research Square	Julien de Lorgeril, Bruno Petton, Aude Lucasson, Valerie Ann Perez, Pierre‐Louis Stenger, Lionel Dégremont, Caroline Montagnani, Jean-Michel Escoubas, Philippe Haffner, Jean‐François Allienne, Marc A. Leroy, Franck Lagarde, Jérémie Vidal‐Dupiol, Yannick Gueguen, Guillaume Mitta
10.1186/s12864-020-6471-x	2020	Differential basal expression of immune genes confers Crassostrea gigas resistance to Pacific oyster mortality syndrome	BMC Genomics	Julien de Lorgeril, Bruno Petton, Aude Lucasson, Valerie Ann Perez, Pierre‐Louis Stenger, Lionel Dégremont, Caroline Montagnani, Jean-Michel Escoubas, Philippe Haffner, Jean‐François Allienne, Marc A. Leroy, Franck Lagarde, Jérémie Vidal‐Dupiol, Yannick Gueguen, Guillaume Mitta
10.25394/pgs.12799934.v1	2020	Digital Provenance Techniques and Applications	Figshare	Amani M. Abu Jabal
10.1038/s41467-020-19700-1	2020	Dinucleosome specificity and allosteric switch of the ISW1a ATP-dependent chromatin remodeler in transcription regulation	Nature Communications	Saurabh K. Bhardwaj, Solomon G. Hailu, Lola Olufemi, Sandipan Brahma, Soumyadipta Kundu, Swetansu K. Hota, Jim Persinger, Blaine Bartholomew
10.1128/msphere.00807-19	2020	Discovery of Bat Coronaviruses through Surveillance and Probe Capture-Based Next-Generation Sequencing	mSphere	Bei Li, Hao-Rui Si, Yan Zhu, Xing‐Lou Yang, Danielle E. Anderson, Zheng‐Li Shi, Lin‐Fa Wang, Peng Zhou
10.1007/s40333-020-0011-z	2020	Effect of vegetation on soil bacteria and their potential functions for ecological restoration in the Hulun Buir Sandy Land, China	Journal of Arid Land	Ru Yan, Wei Feng
10.1016/j.chemosphere.2020.125983	2020	Evaluation of fatty acid derivatives in the remediation of aged PAH-contaminated soil and microbial community and degradation gene response	Chemosphere	Qingling Wang, Jinyu Hou, Jing Yuan, Yucheng Wu, Wuxing Liu, Yongming Luo, Peter Christie
10.1093/gigascience/giaa049	2020	Ewastools: Infinium Human Methylation BeadChip pipeline for population epigenetics integrated into Galaxy	GigaScience	Katarzyna Murat, Björn Andreas Grüning, Paulina Wiktoria Poterlowicz, Gillian E. Westgate, Desmond John Tobin, Krzysztof Poterlowicz
10.1134/s1022795420080128	2020	Extraction of Mitochondrial Genome from Whole Genome Next Generation Sequencing Data and Unveiling of Forensically Relevant Markers	Russian Journal of Genetics	Sobiah Rauf, Nida Zahra, Shahana Seher Malik, Syeda Anber Zahra, Kalsoom Sughra, Muhammad Ramzan Khan
10.1145/3318464.3389726	2020	Finding Related Tables in Data Lakes for Interactive Data Science		Yi Zhang, Zachary G. Ives
10.1016/j.softx.2020.100535	2020	GTO: A toolkit to unify pipelines in genomic and proteomic research	SoftwareX	João Rafael Almeida, Armando J. Pinho, José Luís Oliveira, Olga Fajarda, Diogo Pratas
10.1002/tafs.10236	2020	Genetic Evaluation of Population Structure in Tautog	Transactions of the American Fisheries Society	Hamish J. Small, Jingwei Song, Jan R. McDowell
10.3389/fcimb.2020.00200	2020	Genetic and Virulence Profiles of Enteroaggregative Escherichia coli (EAEC) Isolated From Deployed Military Personnel (DMP) With Travelers' Diarrhea	Frontiers in Cellular and Infection Microbiology	Courtney D. Petro, Jeffrey K. Duncan-Lowey, Yuliya I. Seldina, Anna Allué‐Guardia, Mark Eppinger, Mark S. Riddle, David R. Tribble, Ryan C. Johnson, Clifton L. Dalgard, Gauthaman Sukumar, Patrick J. Connor, Nadia Boisen, Angela R. Melton‐Celsa
10.1111/mmi.14449	2020	Genome‐wide identification of Listeria monocytogenes CodY‐binding sites	Molecular Microbiology	Rajesh Kumar Biswas, Abraham L. Sonenshein, Boris R. Belitsky
10.3390/ijgi9020119	2020	Geoweaver: Advanced Cyberinfrastructure for Managing Hybrid Geoscientific AI Workflows	ISPRS International Journal of Geo-Information	Ziheng Sun, Liping Di, Annie Burgess, Jason A. Tullis, Andrew B. Magill
10.1186/s12879-020-05175-4	2020	Global molecular diversity of RSV – the “INFORM RSV” study	BMC Infectious Diseases	Annefleur C Langedijk, Robert Jan Lebbink, Christiana Naaktgeboren, Anouk Evers, Marco C. Viveen, Anne Greenough, Terho Heikkinen, Renato Tetelbom Stein, Peter Richmond, Federico Martinón‐Torres, Marta Coelho Nunes, Mitsuaki Hosoya, Christian A. Keller, Monika Bauck, Robert W. Cohen, Jesse Papenburg
10.1021/acsbiomaterials.9b00824	2020	Growth and Spatial Control of Murine Neural Stem Cells on Reflectin Films	ACS Biomaterials Science & Engineering	Rylan Kautz, Long The Phan, Janahan Arulmoli, Atrouli Chatterjee, Justin P. Kerr, Mahan Naeim, James P. Long, Alex Allevato, Jessica E. Leal-Cruz, LeAnn Le, Parsa Derakhshan, Francesco Tombola, Lisa A. Flanagan, Alon A. Gorodetsky
10.1371/journal.pgen.1009162	2020	HOX paralogs selectively convert binding of ubiquitous transcription factors into tissue-specific patterns of enhancer activation	PLoS Genetics	Laure Bridoux, Peyman Zarrineh, Joshua Mallen, Mike Phuycharoen, Víctor Latorre, Frank Ladam, Marta Losa, Syed Murtuza Baker, Charles G. Sagerström, Kimberly A. Mace, Magnus Rattray, Nicoletta Bobola
10.1016/j.fm.2020.103662	2020	Heat resistance and genomics of spoilage Alicyclobacillus spp. Isolated from fruit juice and fruit-based beverages	Food Microbiology	Thi Song Van Luong, Catherine J. Moir, John P. Bowman, P. Scott Chandry
10.1073/pnas.2005198117	2020	Heterologous microProtein expression identifies LITTLE NINJA, a dominant regulator of jasmonic acid signaling	Proceedings of the National Academy of Sciences	Shin‐Young Hong, Bin Sun, Daniel Straub, Anko Blaakmeer, Lorenzo Mineri, Jonas Koch, Henrik Brinch‐Pedersen, Inger Baeksted Holme, Meike Burow, Hans Jørgen Lyngs Jørgensen, M. Mar Albà, Stephan Wenkel
10.1093/molbev/msaa194	2020	Human L1 Transposition Dynamics Unraveled with Functional Data Analysis	Molecular Biology and Evolution	Di Chen, Marzia Angela Cremona, Zongtai Qi, Robi David Mitra, Francesca Chiaromonte, Kateryna D. Makova
10.70675/a1b51bcdz3efcz41b4z8c5ezf5c9ea686580	2020	Impact de l’utilisation des médicaments antipaludiques sur la transmission de Plasmodium sp.		Manon Villa
10.1186/s13059-020-02016-0	2020	In memory of James Taylor: the birth of Galaxy	Genome biology	ANTON Y NEKRUTENKO, Michael C. Schatz
	2020	Infrastructure for Semantic Annotation in the Genomics Domain	Lancaster EPrints (Lancaster University)	Mahmoud El‐Haj, Nathan Rutherford, Matthew Coole, Ignatius Ezeani, Sheryl Prentice, Nancy Ide, Jo Knight, Scott Piao, John A. Mariani, Paul Rayson, Keith Suderman
10.1016/j.marpolbul.2020.111867	2020	Initial oil concentration affects hydrocarbon biodegradation rates and bacterial community composition in seawater	Marine Pollution Bulletin	Hernando Pactao Bacosa, Andrew Kang, Kaijun Lu, Zhanfei Liu
10.3390/insects11080462	2020	Insights from Population Genomics to Enhance and Sustain Biological Control of Insect Pests	Insects	Arun Sethuraman, Fredric J. Janzen, David W. Weisrock, John J. Obrycki
10.1038/s41598-020-60892-9	2020	Integrative analysis of gut microbiome and metabolites revealed novel mechanisms of intestinal Salmonella carriage in chicken	Scientific Reports	Khin K. Z. Mon, Yuhua Zhu, Ganrea Chanthavixay, Colin Kern, Huaijun Zhou
10.1371/journal.pone.0242874	2020	Interaction of preimplantation factor with the global bovine endometrial transcriptome	PLoS ONE	Ruth  E. Wonfor, Christopher J. Creevey, Manuela Natoli, Matthew Hegarty, Deborah M. Nash, Michael T. Rose
10.1093/infdis/jiaa145	2020	Interactions Between Antenatal Sulfadoxine-Pyrimethamine, Drug-Resistant Plasmodium falciparum Parasites, and Delivery Outcomes in Malawi	The Journal of Infectious Diseases	Steve M. Taylor, Brandt E. Levitt, Betsy Freedman, Mwayiwawo Madanitsa, Kyaw L. Thwai, Linda Kalilani‐Phiri, Carole Khairallah, Victor Mwapasa, Feiko O. ter Kuile, Steven R. Meshnick
10.12688/f1000research.20590.2	2020	Interactive Clustered Heat Map Builder: An easy web-based tool for creating sophisticated clustered heat maps	F1000Research	Michaël Ryan, Mark Stucky, Chris Wakefield, James M. Melott, Rehan Akbani, John N. Weinstein, Bradley McIntosh Broom
10.1016/j.bbagrm.2020.194521	2020	Interoperable RNA-Seq analysis in the cloud	Biochimica et Biophysica Acta (BBA) - Gene Regulatory Mechanisms	Alexander Lachmann, Daniel J. B. Clarke, Denis Torre, Zhuorui Xie, Avi Ma’ayan
10.3390/iecps2020-08624	2020	JetGene—Online Database and Toolkit for an Analysis of Regulatory Regions or Nucleotide Contexts at Differently Translated Plants Transcripts		N. S. Sadovskaya, Orkhan N. Mustafaev, A. A. Tyurin, Igor V. Deyneko, Irina V. Goldenkova-Pavlova
10.1200/cci.20.00045	2020	Joint Imaging Platform for Federated Clinical Data Analytics	JCO Clinical Cancer Informatics	Jonas Scherer, Marco Nolden, Jens Kleesiek, Jasmin Metzger, Klaus Kades, Verena Schneider, Michael Bach, Oliver Sedlaczek, Andreas Michael Bucher, Thomas Joseph Vogl, Frank Grünwald, Jens‐Peter Kühn, Ralf‐Thorsten Hoffmann, Jörg Kotzerke, O Bethge, Lars Schimmöller, Gerald Antoch, Hans‐Wilhelm Mülle
10.1093/nar/gkaa165	2020	Kin28 depletion increases association of TFIID subunits Taf1 and Taf4 with promoters in Saccharomyces cerevisiae	Nucleic Acids Research	Elisabeth R. Knoll, Zhengwei Zhu, Debasish Sarkar, David Landsman, Randall H. Morse
10.1371/journal.pgen.1008678	2020	Light affects tissue patterning of the hypocotyl in the shade-avoidance response	PLoS Genetics	Esther Botterweg Paredes, Anko Blaakmeer, Shin‐Young Hong, Bin Sun, Lorenzo Mineri, Valdeko Kruusvee, Yakun Xie, Daniel Straub, Delphine Ménard, Edouard Pesquet, Stephan Wenkel
10.1371/journal.pone.0235932	2020	Limited overall impacts of ectomycorrhizal inoculation on recruitment of boreal trees into Arctic tundra following wildfire belie species-specific responses	PLoS ONE	Rebecca E. Hewitt, F. Stuart Chapin, Teresa Nettleton Hollingsworth, Michelle C. Mack, Adrian V. Rocha, D. Lee Taylor
10.1007/978-3-030-30225-2_11	2020	Linked Data-Based NLP Workflows		Philipp Cimiano, Christian Chiarcos, John Philip McCrae, Jorge Gracia
10.1111/mec.15373	2020	Microbial community structure reveals instability of nutritional symbiosis during the evolutionary radiation of Amblyomma ticks	Molecular Ecology	Florian Binetruy, Marie Buysse, Quentin Lejarre, Roxanne Barosi, Manon Villa, Nil Rahola, Christophe Paupy, Diégo Ayala, Olivier Duron
10.1039/d0ew00614a	2020	Microbial response of nitrifying biofilms to cold-shock	Environmental Science Water Research & Technology	Warsama Ahmed, Robert Delatolla
10.1038/s41598-020-76139-6	2020	Multi-level analysis of reproduction in an Antarctic midge identifies female and male accessory gland products that are altered by larval stress and impact progeny viability	Scientific Reports	Geoffrey Finch, Sonya Nandyal, Carlie Perretta, B H Davies, Andrew J. Rosendale, Christopher J. Holmes, J. D. Gantz, Drew E. Spacht, Samuel T. Bailey, Xiaoting Chen, Kennan Oyen, Elise M. Didion, Souvik Chakraborty, Richard E. Lee Jr., David L. Denlinger, Stephen F. Matter, Geoffrey Michael Attardo,
10.18632/aging.202296	2020	Mutation in histone deacetylase HDA-3 leads to shortened locomotor healthspan in Caenorhabditis elegans	Aging	Kazuto Kawamura, ICHIRO N. MARUYAMA
10.1007/s13258-020-00997-7	2020	NGS_SNPAnalyzer: a desktop software supporting genome projects by identifying and visualizing sequence variations from next-generation sequencing data	Genes & Genomics	Dong-Jun Lee, Taesoo Kwon, Chang‐Kug Kim, Young‐Joo Seol, Dong‐Suk Park, Tae‐Ho Lee, Byung-Ohg Ahn
10.3389/fmicb.2020.00411	2020	New Insights Into Acidithiobacillus thiooxidans Sulfur Metabolism Through Coupled Gene Expression, Solution Chemistry, Microscopy, and Spectroscopy Analyses	Frontiers in Microbiology	David Camacho, Rodolfo Frazao, Aurélien Fouillen, Antonio Nanci, Bernd Franz Lang, Simon C. Apte, Christian Baron, Lesley A. Warren
10.1371/journal.ppat.1008643	2020	No more business as usual: Agile and effective responses to emerging pathogen threats require open data and open analytics	PLoS Pathogens	Dannon Baker, Marius van den Beek, Daniel Blankenberg, Dave Bouvier, John M. Chilton, Nate Coraor, Frederik Coppens, Ignacio Eguinoa, Simon L. Gladman, Björn Andreas Grüning, Nicholas Keener, Delphine Larivière, Andrew J. Lonie, Sergei L. Kosakovsky Pond, Wolfgang Maier, ANTON Y NEKRUTENKO, James Ta
10.1101/2020.02.21.959973	2020	No more business as usual: agile and effective responses to emerging pathogen threats require open data and open analytics	bioRxiv (Cold Spring Harbor Laboratory)	Galaxy and HyPhy developments teams, ANTON Y NEKRUTENKO, Sergei L. Kosakovsky Pond
10.1109/access.2020.3006037	2020	On the Continuous Processing of Health Data in Edge-Fog-Cloud Computing by Using Micro/Nanoservice Composition	IEEE Access	Dante Domizzi Sánchez-Gallegos, Alejandro Galaviz‐Mosqueda, Jose Luis Gonzalez-Compean, Salvador Villarreal‐Reyes, Aldo-Eleazar Perez-Ramos, Diana E. Carrizales-Espinoza, Jesús Carretero
10.1101/2020.08.13.249847	2020	Open Science Saves Lives: Lessons from the COVID-19 Pandemic	bioRxiv (Cold Spring Harbor Laboratory)	Lonni Besançon, Nathan Peiffer‐Smadja, Corentin Ségalas, Haiting Jiang, Paola Masuzzo, Cooper Smout, Éric Billy, Maxime Déforet, Clémence Leyrat
10.1038/s41467-020-14314-z	2020	Organizing genome engineering for the gigabase scale	Nature Communications	Bryan A. Bartley, Jacob Beal, Jonathan R. Karr, Elizabeth A. Strychalski
10.1371/journal.pntd.0007897	2020	Oropouche virus cases identified in Ecuador using an optimised qRT-PCR informed by metagenomic sequencing	PLoS neglected tropical diseases	Emma L. Wise, Sully Márquez, Jack Mellors, Verónica Paz, Barry Atkinson, Bernardo Gutiérrez, Sonia Zapata, Joséfina Coloma, Oliver George Pybus, Simon K. Jackson, Gabriel A. Trueba, György Fejér, Christopher Hugh Logue, Steven T. Pullan
10.1002/ps.5991	2020	Overexpression of three P450 genes is responsible for resistance to novel pyrimidine amines in Magnaporthe oryzae	Pest Management Science	Can Zhang, Dehao Meng, Weizhen Wang, Tan Dai, Junfeng Wang, Aiying Guan, Changling Liu, Xili Liu
10.3389/fmicb.2020.00619	2020	Pathogenomes of Atypical Non-shigatoxigenic Escherichia coli NSF/SF O157:H7/NM: Comprehensive Phylogenomic Analysis Using Closed Genomes	Frontiers in Microbiology	Emmanuel C. Nyong, Sam R. Zaia, Anna Allué‐Guardia, Armando L Rodriguez, Zaina Irion-Byrd, Sara S. K. Koenig, Peter Feng, James L. Bono, Mark Eppinger
10.1007/978-3-030-33334-8_13	2020	Patterns of MHC Polymorphism in Endangered San Joaquin Kit Foxes Living in Urban and Non-urban Environments		Tammy R. Wilbert, Jesús Eduardo Maldonado, Mirian T. N. Tsuchiya, Masoumeh Sikaroodi, Brian L. Cypher, Christine Van Horn Job, Katherine Ralls, Patrick Martin Gillevet
10.1016/j.cpb.2020.100178	2020	Phylogenetic and selection pressure analyses of cold stress-associated PAL-Like and Lec-RLK genes in antarctic mosses	Current Plant Biology	Mônica Munareto Minozzo, Geferson Fernando Metz, Maria Victória Magalhães de Vargas, Antônio Batista Pereira, Filipe de Carvalho Victória
10.1111/tpj.14687	2020	Plastid‐targeted forms of restriction endonucleases enhance the plastid genome rearrangement rate and trigger the reorganization of its genomic architecture	The Plant Journal	Hiroki Sugimoto, Minoru Hirano, Hidenori Tanaka, Tomoko Tanaka, Ritsuko Kitagawa‐Yogo, Nobuhiko Muramoto, Norihiro Mitsukawa
10.48550/arxiv.2006.03104	2020	Portability of Scientific Workflows in NGS Data Analysis: A Case Study	arXiv (Cornell University)	Christopher Schiefer, Marc Bux, Brandt, Joergen, Clemens Messerschmidt, Knut Reinert, Dieter Beule, Ulf Leser
10.21203/rs.2.24239/v1	2020	Prediction and analysis of Metagenomic operons via MetaRon: a Pipeline for Prediction of Metagenomic OpeRons		Syed Shujaat Ali Zaidi, Masood Ur Rehman Kayani, Xuegong Zhang, Imran Haider Shamsi
10.1007/s00204-020-02656-y	2020	Prospects and challenges of multi-omics data integration in toxicology	Archives of Toxicology	Sebastian Canzler, Jana Schor, Wibke Busch, Kristin A. Schubert, Ulrike Elisabeth Rolle-Kampczyk, Hervé Seitz, Hennicke Kamp, Martin von Bergen�, Roland Buesen, Jörg Hackermüller
10.1109/mcse.2020.2970625	2020	Provenance Tracking in the LHCb Software	Computing in Science & Engineering	Ana Trišović, Chris R. Jones, B. Couturier, Marco Clemencic
10.1186/s41073-020-00095-y	2020	Publishing computational research - a review of infrastructures for reproducible and transparent scholarly communication	Research Integrity and Peer Review	Markus Konkol, Daniel Nüst, Laura Goulier
10.1093/bib/bbaa152	2020	Publishing reproducible dynamic kinetic models	Briefings in Bioinformatics	Veronica L. Porubsky, Lucian P. Smith, Herbert M. Sauro
10.1038/s41598-020-75270-8	2020	Raw transcriptomics data to gene specific SSRs: a validated free bioinformatics workflow for biologists	Scientific Reports	Nathasha Naranpanawa, C. H. W. M. R. B. Chandrasekara, P. C. G. Bandaranayake, Asitha Bandaranayake
10.1002/cpe.6087	2020	Realizing virtual research environments for the agri‐food community: The AGINFRA PLUS experience	Concurrency and Computation Practice and Experience	Massimiliano Assante, Alice Boizet, Leonardo Candela, Donatella Castelli, Roberto Cirillo, Gianpaolo Coro, Enol Fernández, Matthias Filter, Luca Frosini, Teodor Georgiev, George Kakaletris, Panagis Katsivelis, Rob Knapen, Lucio Lelii, Rob M. Lokers, Francesco Mangiacrapa, Nikos Manouselis, Pasquale 
10.1007/s10646-020-02319-9	2020	Recovery of gut microbiota in mice exposed to tetracycline hydrochloride and their correlation with host metabolism	Ecotoxicology	Wei Han Zhao, Hanlu Hong, Jinbao Yin, Bing Wu, Fuzheng Zhao, Xuxiang Zhang
10.29173/iq967	2020	Reproducibility literature analysis - a federal information professional perspective	IASSIST Quarterly	Erin Antognoli, Regina L. Avila, Jonathan Sears, Leighton L Christiansen, Jessica Tieman, Jacquelyn Hart
10.1016/j.jare.2020.04.014	2020	Rhizosphere microbiome: Engineering bacterial competitiveness for enhancing crop production	Journal of Advanced Research	Ashwani Kumar, Anamika Dubey
10.1101/2020.04.23.057133	2020	SQMtools: automated processing and visual analysis of ’omics data with R and anvi’o	bioRxiv (Cold Spring Harbor Laboratory)	Fernando Puente‐Sánchez, Natalia García-García, Javier Tamames
10.21203/rs.3.rs-39202/v1	2020	Sex Differences in Dietary Copper-Fructose Interaction-Induced Alterations of Gut Microbial Activity are Not Correlated to Hepatic Steatosis	Research Square	Ming Song, Fang Yuan, Xiaohong Li, Xipeng Ma, Xinmin Yin, Eric Christian Rouchka, Xiang Zhang, Zhongbin Deng, Russell A. Prough, Craig James McClain
10.1016/j.jhazmat.2020.124550	2020	Stronger impacts of long-term relative to short-term exposure to carbon nanomaterials on soil bacterial communities	Journal of Hazardous Materials	Fan Wu, Shuo Jiao, Jing Hu, Xinyi Wu, Bin Wang, Guofeng Shen, Yu Yang, Shu Min Tao, Xilong Wang
10.1016/b978-0-12-817109-7.00006-7	2020	Sustainable engineering technologies to promote activities of beneficial microbiome	Elsevier eBooks	Javid Ahmad Parray, Nowsheen Shameem
10.1007/s12892-020-00056-3	2020	Target region sequencing and applications in plants	Journal of Crop Science and Biotechnology	Alexandra Ostezan, Samuel Clay McDonald, Dung Thuy Tran, Renan Silva e Souza, Zenglu Li
10.1016/j.crbiot.2020.02.001	2020	Temporal shotgun metagenomics of an Ecuadorian coffee fermentation process highlights the predominance of lactic acid bacteria	Current Research in Biotechnology	Vasileios Pothakos, Luc De Vuyst, Sophia Jiyuan Zhang, Florac De Bruyn, Marko Verce, Julio Montero Torres, Michael J. Callanan, Cyril Moccand, Stefan Weckx
10.1101/2020.10.01.322362	2020	Testcrosses are an efficient strategy for identifying cis regulatory variation: Bayesian analysis of allele specific expression (BASE)	bioRxiv (Cold Spring Harbor Laboratory)	Brecca Miller, Alison M. Morse, J. E. Borgert, Zihao Liu, Kelsey Sinclair, Gavin Gamble, Fei Zou, Jeremy R. B. Newman, Luis León‐Novelo, Fabio Marroni, Lauren M. McIntyre
10.21203/rs.2.16980/v3	2020	The Barley Stripe Mosaic Virus expression system reveals the wheat C2H2 zinc finger protein TaZFP1B as a key regulator of drought tolerance	Research Square	Arnaud Cheuk, François Ouellet, Mario Houde
10.21203/rs.2.16980/v2	2020	The Barley Stripe Mosaic Virus expression system reveals the wheat C2H2 zinc finger protein TaZFP1B as a key regulator of drought tolerance	Research Square	Arnaud Cheuk, François Ouellet, Mario Houde
	2020	The BioLighthouse: Reusable Software Design for Bioinformatics	HARVEST (University of Saskatchewan)	Tanner Dowhy
10.1186/s12870-020-02355-x	2020	The barley stripe mosaic virus expression system reveals the wheat C2H2 zinc finger protein TaZFP1B as a key regulator of drought tolerance	BMC Plant Biology	Arnaud Cheuk, François Ouellet, Mario Houde
10.1016/j.micres.2020.126500	2020	The essential genome of Ralstonia solanacearum	Microbiological Research	Yaxing Su, Yanan Xu, Li QiQin, Gaoqing Yuan, Dehong Zheng
10.1515/jib-2020-0005	2020	The first 10 years of the international coordination network for standards in systems and synthetic biology (COMBINE)	Berichte aus der medizinischen Informatik und Bioinformatik/Journal of integrative bioinformatics	Dagmar Waltemath, Martin Golebiewski, Michael L. Blinov, Padraig Gleeson, Henning Hermjakob, Michael Hucka, Esther Thea Inau, Sarah Keating, Matthias König, Olga Krebs, Rahuman S. Malik‐Sheriff, David Phillip Nickerson, Ernst Oberortner, Herbert M. Sauro, Falk Schreiber, Lucian P. Smith, Melanie I. 
10.1371/journal.pntd.0008217	2020	The invasive Asian bush mosquito Aedes japonicus found in the Netherlands can experimentally transmit Zika virus and Usutu virus	PLoS neglected tropical diseases	Sandra R. Abbo, Tessa M. Visser, Haidong Wang, Giel P. Göertz, Jelke Jan Fros, Marleen H. C. Abma-Henkens, Corinne Geertsema, Chantal B. F. Vogels, Marion Koopmans, Chantal B. E. M. Reusken, Sonja Hall‐Mendelin, Roy A. Hall, Monique M. van Oers, Constantianus J. M. Koenraadt, Gorben P. Pijlman
10.32614/rj-2020-011	2020	Tools for Analyzing R Code the Tidy Way	The R Journal	D’Agostino McGowan Lucy, Sean Kross, Jeffrey T. Leek
10.3389/feart.2020.00050	2020	Toward Reproducible Environmental Modeling for Decision Support: A Worked Example	Frontiers in Earth Science	Jeremy T. White, Linzy K. Foster, Michael N. Fienen, Matthew J. Knowling, Brioch Hemmings, James R. Winterle
10.1007/s00779-020-01376-5	2020	Toward tangibles and display-rich interfaces for co-located and distributed genomics collaborations	Personal and Ubiquitous Computing	Miriam K. Konkel, Brygg Ullmer, Orit Shaer, Ali Mazalek, Chris Branton
10.1186/s13321-020-0408-x	2020	Towards reproducible computational drug discovery	Journal of Cheminformatics	Nalini Schaduangrat, Samuel Lampa, Saw Simeon, M. Paul Gleeson, Ola Spjuth, Chanin Nantasenamat
10.1101/2020.09.11.292573	2020	Trajectory Mapping of the Early Drosophila Germline Reveals Controls of Zygotic Activation and Sex Differentiation	bioRxiv (Cold Spring Harbor Laboratory)	Hsing-Chun Chen, Yi-Ru Li, Hsiao Wen Lai, Hsiao Han Huang, Sebastian D. Fugmann, Shu Yuan Yang
10.1016/j.cbd.2020.100740	2020	Transcriptomic changes in the pea aphid, Acyrthosiphon pisum: Effects of the seasonal timer and photoperiod	Comparative Biochemistry and Physiology Part D Genomics and Proteomics	Naoki Matsuda, Hideharu Numata, Hiroko Udaka
10.1101/2020.04.06.027300	2020	Using single-plant -omics in the field to link maize genes to functions and phenotypes	bioRxiv (Cold Spring Harbor Laboratory)	Daniel Felipe Cruz, Sam De Meyer, Joke Ampe, Heike Sprenger, Dorota Herman, Tom Van Hautegem, Jolien De Block, Dirk Inzé, Hilde Nelissen, Steven Maere
10.15252/msb.20209667	2020	Using single‐plant‐omics in the field to link maize genes to functions and phenotypes	Molecular Systems Biology	Daniel Felipe Cruz, Sam De Meyer, Joke Ampe, Heike Sprenger, Dorota Herman, Tom Van Hautegem, Jolien De Block, Dirk Inzé, Hilde Nelissen, Steven Maere
10.70675/c1537cecz6efdz4a4bzb8c5z768ab8f06491	2020	Utilisation secondaire des données textuelles hospitalières : le défi des biais et de la reproductibilité		William Digan
10.1145/3394976	2020	VizSciFlow: A Visually Guided Scripting Framework for Supporting Complex Scientific Data Analysis	Proceedings of the ACM on Human-Computer Interaction	Muhammad Mainul Hossain, Banani Roy, Chanchal Kumar Roy, Kevin A. Schneider
10.1371/journal.pone.0232601	2020	Wing morphology predicts individual niche specialization in Pteronotus mesoamericanus (Mammalia: Chiroptera)	PLoS ONE	Hernani F. M. Oliveira, Nícholas F. de Camargo, David R. Hemprich‐Bennett, Bernal Rodríguez‐Herrera, Stephen J. Rossiter, Elizabeth L. Clare
10.70675/81c9bdbazf7b3z44f1zae12z221c53cf6cac	2020	Écologie chimique inverse appliquée aux récepteurs olfactifs de l'insecte ravageur des cultures Spodoptera littoralis : vers des stratégies innovantes en protection des cultures		Gabriela Caballero Vidal
10.1088/1742-6596/1964/4/042095	2021	A Data Centre Configurable Data Mining Document Management Information System	Journal of Physics Conference Series	S. Gurusubramani, S K Mouleeswaran, Porandla Srinivas, R. Aruna
10.3390/v13071315	2021	A Mechanically Transmitted DNA Mycovirus Is Targeted by the Defence Machinery of Its Host, Botrytis cinerea	Viruses	Mahmoud E. Khalifa, Robin M. MacDiarmid
10.1186/s42523-021-00082-8	2021	A diet-specific microbiota drives Salmonella Typhimurium to adapt its in vivo response to plant-derived substrates	Animal Microbiome	Nicoletta Prax, Stefanie Wagner, Jakob Schardt, Klaus Neuhaus, Thomas Clavel, Thilo M. Fuchs
10.1016/j.envsoft.2021.105173	2021	A novel transversal processing model to build environmental big data services in the cloud	Environmental Modelling & Software	J. Armando Barron-Lugo, Jose Luis Gonzalez-Compean, Jesús Carretero, Iván López-Arévalo, Raffaele Montella
10.1016/j.future.2021.04.009	2021	A survey of domains in workflow scheduling in computing infrastructures: Community and keyword analysis, emerging trends, and taxonomies	Future Generation Computer Systems	Laurens Versluis, Alexandru Iosup
10.1007/s41060-020-00237-x	2021	A workflow language for research e-infrastructures	International Journal of Data Science and Analytics	Leonardo Candela, Valerio Grossi, Paolo Manghi, Roberto Trasarti
10.6084/m9.figshare.13532725	2021	Additional file 1 of Analysis of sex differences in dietary copper-fructose interaction-induced alterations of gut microbial activity in relation to hepatic steatosis	Figshare	Ming Song, Fang Yuan, Xiaohong Li, Xipeng Ma, Xinmin Yin, Eric Christian Rouchka, Xiang Zhang, Zhongbin Deng, Russell A. Prough, Craig James McClain
10.6084/m9.figshare.13532728	2021	Additional file 2 of Analysis of sex differences in dietary copper-fructose interaction-induced alterations of gut microbial activity in relation to hepatic steatosis	Figshare	Ming Song, Fang Yuan, Xiaohong Li, Xipeng Ma, Xinmin Yin, Eric Christian Rouchka, Xiang Zhang, Zhongbin Deng, Russell A. Prough, Craig James McClain
10.6084/m9.figshare.13532731	2021	Additional file 3 of Analysis of sex differences in dietary copper-fructose interaction-induced alterations of gut microbial activity in relation to hepatic steatosis	Figshare	Ming Song, Fang Yuan, Xiaohong Li, Xipeng Ma, Xinmin Yin, Eric Christian Rouchka, Xiang Zhang, Zhongbin Deng, Russell A. Prough, Craig James McClain
10.6084/m9.figshare.13532734	2021	Additional file 4 of Analysis of sex differences in dietary copper-fructose interaction-induced alterations of gut microbial activity in relation to hepatic steatosis	Figshare	Ming Song, Fang Yuan, Xiaohong Li, Xipeng Ma, Xinmin Yin, Eric Christian Rouchka, Xiang Zhang, Zhongbin Deng, Russell A. Prough, Craig James McClain
10.6084/m9.figshare.13532737	2021	Additional file 5 of Analysis of sex differences in dietary copper-fructose interaction-induced alterations of gut microbial activity in relation to hepatic steatosis	Figshare	Ming Song, Fang Yuan, Xiaohong Li, Xipeng Ma, Xinmin Yin, Eric Christian Rouchka, Xiang Zhang, Zhongbin Deng, Russell A. Prough, Craig James McClain
10.6084/m9.figshare.13532077	2021	Additional file 6 of Altered gut microbiota correlate with different immune responses to HAART in HIV-infected individuals	Figshare	Yirui Xie, Jia Sun, Wei Li, Hai‐yin Jiang, Caiqin Hu, Jiezuan Yang, Ying Huang, Bing Ruan, Biao Zhu
10.6084/m9.figshare.13532740	2021	Additional file 6 of Analysis of sex differences in dietary copper-fructose interaction-induced alterations of gut microbial activity in relation to hepatic steatosis	Figshare	Ming Song, Fang Yuan, Xiaohong Li, Xipeng Ma, Xinmin Yin, Eric Christian Rouchka, Xiang Zhang, Zhongbin Deng, Russell A. Prough, Craig James McClain
10.6084/m9.figshare.13532743	2021	Additional file 7 of Analysis of sex differences in dietary copper-fructose interaction-induced alterations of gut microbial activity in relation to hepatic steatosis	Figshare	Ming Song, Fang Yuan, Xiaohong Li, Xipeng Ma, Xinmin Yin, Eric Christian Rouchka, Xiang Zhang, Zhongbin Deng, Russell A. Prough, Craig James McClain
10.48550/arxiv.2110.00601	2021	Album: executable building blocks for scientific imaging routines, from sharing to LLM-assisted orchestration	arXiv (Cornell University)	Albrecht, Jan Philipp, Deborah Schmidt, Rieckert, Lucas, Otto, Maximilian, Kyle Harrington
10.1186/s12866-020-02074-1	2021	Altered gut microbiota correlate with different immune responses to HAART in HIV-infected individuals	BMC Microbiology	Yirui Xie, Jia Sun, Li Wei, Hai‐yin Jiang, Caiqin Hu, Jiezuan Yang, Ying Huang, Bing Ruan, Biao Zhu
10.1007/s40745-021-00323-2	2021	An Assessment of Football Through the Lens of Data Science	Annals of Data Science	Poojan Thakkar, Manan Shah
10.1016/j.future.2021.03.017	2021	An efficient pattern-based approach for workflow supporting large-scale science: The DagOnStar experience	Future Generation Computer Systems	Dante Domizzi Sánchez-Gallegos, Diana Di Luccio, Sokol Kosta, Jose Luis Gonzalez-Compean, Raffaele Montella
10.1186/s13293-020-00346-z	2021	Analysis of sex differences in dietary copper-fructose interaction-induced alterations of gut microbial activity in relation to hepatic steatosis	Biology of Sex Differences	Ming Song, Fang Yuan, Xiaohong Li, Xipeng Ma, Xinmin Yin, Eric Christian Rouchka, Xiang Zhang, Zhongbin Deng, Russell A. Prough, Craig James McClain
10.1128/aac.02143-20	2021	Atypical Molecular Basis for Drug Resistance to Mitochondrial Function Inhibitors in Plasmodium falciparum	Antimicrobial Agents and Chemotherapy	Heather J. Painter, Joanne M. Morrisey, Michael W. Mather, Lindsey Orchard, Cuyler Luck, Martin J. Smilkstein, Michael K. Riscoe, Akhil B. Vaidya, Manuel Llinás
10.1101/2021.12.09.471919	2021	BioImageIT: Open-source framework for integration of image data-management with analysis	bioRxiv (Cold Spring Harbor Laboratory)	Sylvain Prigent, Cesar Augusto Valades‐Cruz, Ludovic Leconte, Léo Maury, Jean Salamero, Charles Kervrann
10.1002/9781119104100.ch10	2021	Bioinformatics of Human Genetic Disease Studies		Dale J. Hedges
10.1093/femspd/ftab029	2021	Biostatistical prediction of genes essential for growth of Anaplasma phagocytophilum in a human promyelocytic cell line using a random transposon mutant library	Pathogens and Disease	M Catherine O'Conor, Michael J. Herron, Curtis M. Nelson, Anthony F. Barbet, Francy L. Crosby, Nicole Y. Burkhardt, Lisa D. Price, Kelly A. Brayton, Timothy J. Kurtti, Ulrike G. Munderloh
10.34019/ufjf/di/2021/00136	2021	BlockFlow: uma arquitetura baseada em Blockchain para confiança em Workflows científicos colaborativos apoiados por uma plataforma de ecossistema de software		Raiane Coelho
10.1177/11779322211035921	2021	Cloud Computing Enabled Big Multi-Omics Data Analytics	Bioinformatics and Biology Insights	Saraswati Koppad, Basava Annappa, Georgios V. Gkoutos, Animesh Acharjee
10.3389/fmicb.2021.708267	2021	Combining Genome-Wide Gene Expression Analysis (RNA-seq) and a Gene Editing Platform (CRISPR-Cas9) to Uncover the Selectively Pro-oxidant Activity of Aurone Compounds Against Candida albicans	Frontiers in Microbiology	Fatmah M. Alqahtani, Scott T. Handy, Caleb L. Sutton, Mary B. Farone
10.3389/fmicb.2021.631054	2021	Comparative Analysis of Traditional and Modern Fermentation for Xuecai and Correlations Between Volatile Flavor Compounds and Bacterial Community	Frontiers in Microbiology	Jianming Zhang, Chengcheng Zhang, Xiaoting Xin, Daqun Liu, Wenwu Zhang
10.3390/molecules26061799	2021	Cyanide Hydratase Modification Using Computational Design and Docking Analysis for Improved Binding Affinity in Cyanide Detoxification	Molecules	Narges Malmir, Najaf Allahyari Fard, Yamkela Mgwatyu, Lukhanyo Mekuto
10.1007/978-1-0716-1609-3_6	2021	DAP-Seq Identification of Transcription Factor-Binding Sites in Potato	Methods in molecular biology	Jose Manuel Franco‐Zorrilla, Salomé Prat
10.3389/fonc.2021.672597	2021	DIVIS: Integrated and Customizable Pipeline for Cancer Genome Sequencing Analysis and Interpretation	Frontiers in Oncology	Xiaoyu He, Yu Zhang, Dan‐Yang Yuan, Xinyin Han, Jiayin He, Xiaohong Duan, Siyao Liu, Xintong Wang, Beifang Niu
10.1038/s41592-021-01205-4	2021	DOME: recommendations for supervised machine learning validation in biology	Archivio Istituzionale della Ricerca (Universita Degli Studi Di Milano)	Walsh I., Fishman D., Garcia-Gasulla D., Titma T., Pollastri G., Capriotti E., Casadio R., Capella-Gutierrez S., D. Cirillo, Del Conte A., Dimopoulos A. C., Del Angel V. D., Dopazo J., Fariselli P., Fernandez J. M., Huber F., Kreshuk A., T. Lenaerts, Martelli P. L., A. Navarro, Broin P. O., J Piñero
10.1038/s41592-021-01205-4	2021	DOME: recommendations for supervised machine learning validation in biology	Nature Methods	Ian Walsh, Dmytro Fishman, Dario Garcia-Gasulla, Tiina Titma, Gianluca Pollastri, ELIXIR Machine Learning Focus Group, Emidio Capriotti, Rita Casadio, Salvador Capella-Gutierrez, Davide Cirillo, Alessio Del Conte, Alexandros C. Dimopoulos, Victoria Dominguez Del Angel, Joaquin Dopazo, Piero Farisell
10.1002/9781119104100.ch7	2021	Data Management		Stephen Turner, William S. Bush
10.1016/b978-0-12-819726-4.00078-8	2021	Data Science, Machine Learning and Artificial Intelligence Applied to Metals and Alloys Research: Past, Present, and Future	Elsevier eBooks	Raymundo Arróyave
10.1016/j.scitotenv.2021.150020	2021	Demonstration of an aggregated biomarker response approach to assess the impact of point and diffuse contaminant sources in feral fish in a small river case study	The Science of The Total Environment	Markus Schmitz, Björn Deutschmann, Nele Markert, Thomas Backhaus, Werner Brack, Mario Brauns, Markus Brinkmann, Thomas‐Benjamin Seiler, Patrick Fink, Song Tang, Shawn C. Beitel, Jon A. Doering, Markus Hecker, Ying Shao, Tobias Schulze, Markus Weitere, Romy Wild, Mirna Velki, Henner Hollert
10.20868/upm.thesis.67379	2021	Desarrollo y optimización de aplicaciones de computación en la nube para el análisis bioinformático de datos de secuenciación masiva (RNA-seq y RAD-seq) de especies forestales leñosas		Fernando Mora Márquez
10.11606/t.95.2021.tde-20012022-222829	2021	Desenvolvimento baseado em modelos de serviços adaptadores para ferramentas de bioinformática		Ricardo Cacheta Waldemarin
10.1145/3452007	2021	Design and Evaluation of a Simple Data Interface for Efficient Data Transfer across Diverse Storage	ACM Transactions on Modeling and Performance Evaluation of Computing Systems	Zhengchun Liu, Rajkumar Kettimuthu, Joaquin Chung, Rachana Ananthakrishnan, Michael Link, Ian Foster
10.1097/jcma.0000000000000510	2021	Differences in intestinal microbiota profiling after upper and lower gastrointestinal surgery	Journal of the Chinese Medical Association	Xi‐Hsuan Lin, Ueng‐Cheng Yang, Jiing–Chyuan Luo, Tien-En Chang, Hung‐Hsin Lin, Chi‐Wei Huang, Jen-Jie Chiou, Wen-Liang Fang, Kuo‐Hung Huang, Yi‐Hsiang Huang, Ming-Chih Hou, Fa‐Yauh Lee
10.1101/2021.09.08.459397	2021	Disruption of fish gut microbiota composition and holobiont’s metabolome by cyanobacterial blooms	bioRxiv (Cold Spring Harbor Laboratory)	Alison Gallet, Sébastien Halary, Charlotte Duval, Hélène Huet, Sébastien Duperron, Benjamin Marie
10.1128/mbio.00768-21	2021	Duplication and Functional Divergence of Branched-Chain Amino Acid Biosynthesis Genes in Aspergillus nidulans	mBio	Joel T. Steyer, Damien J. Downes, Cameron C. Hunter, Pierre Migeon, Richard B. Todd
10.1016/j.jwpe.2021.102381	2021	Elevated loading rates as a low operational intensity and small land footprint design strategy to achieve partial nitritation	Journal of Water Process Engineering	Alexander Schopf, Kathlyn M. Kirkwood, Alexandra Tsitouras, Robert Delatolla
10.1002/stem.3388	2021	Enteric mesenchymal cells support the growth of postnatal enteric neural stem cells	Stem Cells	Rhian Stavely, Sukhada M. Bhave, Wing Lam Natalie Ho, Minhal Ahmed, Weikang Pan, Ahmed Ayedur Rahman, Jessica Ulloa, Nicole Bousquet, Meredith Omer, Richard A. Guyer, Nándor Nagy, Allan M. Goldstein, Ryo Hotta
10.1186/s13148-021-01050-4	2021	Epigenetic evidence of an Ac/Dc axis by VPA and SAHA	Clinical Epigenetics	Sebastian Lunke, Scott Maxwell, Ishant Khurana, Harikrishnan K.N., Jun Okabe, Keith Al‐Hasani, Assam El‐Osta
10.11606/t.5.2021.tde-31032022-135201	2021	Estudo do exoma em famílias com diagnóstico clínico de MODY (maturity-onset diabetes of the young) e diabetes mellitus neonatal		Lucas Santos de Santana
10.3390/pathogens10070912	2021	Evidence of Immune Modulators in the Secretome of the Equine Tapeworm Anoplocephala perfoliata	Pathogens	Boontarikaan Wititkornkul, Benjamin J. Hulme, John Tomes, Nathan R. Allen, Chelsea N. Davis, Sarah D. Davey, Alan Cookson, Helen C. Phillips, Matthew Hegarty, Martin Swain, Peter M. Brophy, Ruth  E. Wonfor, Russell M. Morphew
10.1186/s13677-021-00229-7	2021	Executing cyclic scientific workflows in the cloud	Journal of Cloud Computing Advances Systems and Applications	Michel Krämer, Hendrik M. Würz, Christian Altenhofen
10.48550/arxiv.2107.04172	2021	Experiences with Integrating Custos SecurityServices	arXiv (Cornell University)	Isuru Ranawaka, Samitha Liyanage, Dannon Baker, Alexandru Mahmoud, Juleen Graham, Terry Fleury, Dimuthu Wannipurage, Yu Ma, Enis Afgan, Jim Basney, Suresh Marru, Pierce, Marlon
10.1016/j.jasrep.2021.103213	2021	Exploring DNA preservation and taxonomic diversity in postmedieval human tooth samples in Latvia	Journal of Archaeological Science Reports	Alisa Kazarina, Jānis Ķimsis, Elīna Pētersone-Gordina, Pawel Zayakin, Alise Pokšāne, Guntis Gerhards, Renāte Ranka
10.1007/s12038-021-00182-2	2021	Exploring the signature gut and oral microbiome in individuals of specific Ayurveda prakriti	Journal of Biosciences	T. Shalini, Apoorva Jnana, Sitaram Jaideep Sriranjini, Ankit Singh Tanwar, Angela M. Brand, Thokur Sreepathy Murali, Kapaettu Satyamoorthy, G G Gangadharan
10.1109/escience51609.2021.00031	2021	Extreme Scale Survey Simulation with Python Workflows		Antonia Sierra Villarreal, Yadu Babuji, Tom Uram, Daniel S. Katz, Kyle Chard, Katrin Heitmann
10.1016/j.celrep.2020.108674	2021	FOXO1 constrains activation and regulates senescence in CD8 T cells	Cell Reports	Arnaud Delpoux, Nimi Marcel, Rodrigo Hess Michelini, Carol D. Katayama, Karmel A. Allison, Christopher K. Glass, Sergio M. Quiñones‐Parra, Cornelis Murre, Liyen Loh, Katherine Kedzierska, Martha Lappas, Stephen Μ. Hedrick, Andrew L. Doedens
10.3410/f.739084964.793581605	2021	Faculty Opinions recommendation of Dinucleosome specificity and allosteric switch of the ISW1a ATP-dependent chromatin remodeler in transcription regulation.	Faculty Opinions – Post-Publication Peer Review of the Biomedical Literature	Peter Verrijzer
10.1007/s00607-021-00905-1	2021	Fog-based architecture for scheduling multiple workflows with high availability requirement	Computing	Fatemeh Davami, Sahar Adabi, Ali Rezaee, Amir Masoud Rahmani
10.1101/2021.03.25.437046	2021	Freely accessible ready to use global infrastructure for SARS-CoV-2 monitoring	bioRxiv (Cold Spring Harbor Laboratory)	Wolfgang Maier, Simon A. Bray, Marius van den Beek, Dave Bouvier, Nathaniel Coraor, Milad Miladi, Babita Singh, Jordi Rambla, Dannon Baker, Nathan P. Roach, Simon L. Gladman, Frederik Coppens, Darren Patrick Martin, Andrew J. Lonie, Björn Andreas Grüning, Sergei L. Kosakovsky Pond, ANTON Y NEKRUTENK
10.1007/978-1-0716-1641-3_11	2021	GO Enrichment Analysis for Differential Proteomics Using ProteoRE	Methods in molecular biology	Florence Combes, Valentin Loux, Yves Vandenbrouck
10.1186/s12864-021-07405-8	2021	GalaxyTrakr: a distributed analysis tool for public health whole genome sequence data accessible to non-bioinformaticians	BMC Genomics	Jayanthi Gangiredla, Hugh A. Rand, Daniel Benisatto, Justin L. Payne, Charles Strittmatter, Jimmy Sanders, William J. Wolfgang, Kevin G. Libuit, JAMES B. HERRICK, Melanie Prarat, Magaly Toro, Thomas Farrell, Errol A. Strain
10.1007/s00216-021-03562-7	2021	Generating aptamers towards human sperm cells using massively parallel sequencing	Analytical and Bioanalytical Chemistry	James Gooch, Sireethorn Tungsirisurp, Hayley Costanzo, Richard Napier, Nunzianda Frascione
10.1038/s42003-021-02694-x	2021	Genetic landscape of T cells identifies synthetic lethality for T-ALL	Communications Biology	Connor P. O’Meara, Lucía Guerri, Divine-Fondzenyuy Lawir, Fernando Mateos, Mary Iconomou, Norimasa Iwanami, Cristian Soza‐Ried, Katarzyna O. Sikora, Iliana Siamishi, Orlando B. Giorgetti, Sarah Peter, Michael Schorpp, Thomas L. J. Boehm
10.1109/bibm52615.2021.9669519	2021	Genome variant calling workflow implementation and deployment in HPC infrastructure	2021 IEEE International Conference on Bioinformatics and Biomedicine (BIBM)	Elvismary Molina de Armas, Nicole de Miranda Scherer, Sérgio Lifschitz, Mariana Boroni
10.1007/978-1-0716-1476-1_7	2021	Genome-Wide Analysis of c-MYC-Regulated mRNAs and miRNAs and c-MYC DNA-Binding by Next-Generation Sequencing	Methods in molecular biology	René Jackstadt, Markus Kaller, Antje Menssen, Heiko Hermeking
10.21203/rs.3.rs-1075050/v1	2021	Genomic, Biochemical, and Phylogenetic Evaluation of Bacteria Isolated From Deep-sea Sediment Harboring Methane Hydrates	Research Square	Audrey Menegaz Proenca, Maiara Monteiro Oliveira, Paula Fernanda Ribas Neves, Adriana Giongo, Rafaël R. de Oliveira, Letícia Marconatto, Halesio Milton Correa de Barros Neto, Marcelo Ketzer, Renata Medina‐Silva
10.1038/s41598-021-85560-4	2021	Germline masculinization by Phf7 in D. melanogaster requires its evolutionarily novel C-terminus and the HP1-family protein HP1D3csd	Scientific Reports	Shu Yuan Yang
10.1016/j.eng.2020.05.025	2021	Gut Microbiota Community Shift with Severity of Coronary Artery Disease	Engineering	Jialu Hu, Zhi-Feng Yao, Min-Na Tang, Chun Xiang Tang, Xiaofan Zhao, Xi Su, Danbo Lu, Qiurong Li, Zhangsheng Wang, Zhangsheng Wang, Yan Yan, Zeneng Wang, Zeneng Wang
10.1038/s41598-021-90380-7	2021	Gut microbiota composition in health-care facility-and community-onset diarrheic patients with Clostridioides difficile infection	Scientific Reports	Giovanny Herrera, Laura Alcoba Vega, Manuel A. Patarroyo, Juan David Ramírez, Marina Muñoz
10.1007/s11427-020-1855-4	2021	HDAC inhibitors improve CRISPR-mediated HDR editing efficiency in iPSCs	Science China Life Sciences	Jianping Zhang, Zhi-Xue Yang, Feng Zhang, Ya-Wen Fu, Xinyue Dai, Wei Wen, Beldon Zhang, Hannah Choi, Wanqiu Chen, Meredith S. Brown, David J. Baylink, Lei Zhang, Hongyu Qiu, Charles Wang, Tao Cheng, Xiao‐Bing Zhang
10.1186/s13059-021-02558-x	2021	Hidden biases in germline structural variant detection	Genome biology	Michael M. Khayat, Sayed Mohammad Ebrahim Sahraeian, Samantha Zarate, Andrew W. Carroll, Huixiao Hong, Bohu Pan, Leming M. Shi, Richard A. Gibbs, Marghoob Mohiyuddin, Yuanting Zheng, Fritz Joachim Sedlazeck
10.21203/rs.3.rs-332643/v1	2021	Host Habitat Is the Major Determinant of the Gut Microbiome of Fish	Research Square	Pil Soo Kim, Na‐Ri Shin, Jae-Bong Lee, Min‐Soo Kim, Tae Woong Whon, Dong‐Wook Hyun, Ji‐Hyun Yun, Mi‐Ja Jung, Joon Yong Kim, Jin‐Woo Bae
10.1186/s40168-021-01113-x	2021	Host habitat is the major determinant of the gut microbiome of fish	Microbiome	Pil Soo Kim, N.-R. Shin, Jae-Bong Lee, Min Soo Kim, Tae Woong Whon, Dong-Wook Hyun, Ji-Hyun Yun, Mi-Ja Jung, Joon Yong Kim, Jin‐Woo Bae
10.1590/1678-4685-gmb-2020-0384	2021	Identification and characterization of repetitive DNA in the genus Didelphis Linnaeus, 1758 (Didelphimorphia, Didelphidae) and the use of satellite DNAs as phylogenetic markers	Genetics and Molecular Biology	Cayo Augusto Rocha Dias, Gustavo C. S. Kuhn, Marta Svartman, José E. Santos-Júnior, Fabrício Rodrigues dos Santos, Christian Miguel Pinto, Fernando A. Perini
10.1007/s00381-021-05153-4	2021	Identification of new candidate genes for spina bifida through exome sequencing	Child s Nervous System	Alessia Azzarà, Claudia Rendeli, Anna Maria Crivello, Fulvia Brugnoletti, Roberto Rumore, Emanuele Ausili, Eugenio Sangiorgi, Fiorella Gurrieri
10.3390/ijerph18157939	2021	Impact of Dietary Isoflavone Supplementation on the Fecal Microbiota and Its Metabolites in Postmenopausal Women	International Journal of Environmental Research and Public Health	Lucía Guadamuro, M. Andrea Azcárate-Peril, Rafael Tojo, Baltasar Mayo, Susana Delgado
10.1101/2021.07.23.453592	2021	Individual differences in members of Actinobacteria, Bacteroidetes, and Firmicutes is associated with resistance or vulnerability to addiction-like behaviors in heterogeneous stock rats	bioRxiv (Cold Spring Harbor Laboratory)	Sierra Simpson, Giordano de Guglielmo, Molly Brennan, Lisa Maturin, Gregory Peters, Hong-jie Jia, Emma Wellmeyer, Simon Colin Andrews, Leah Solberg Woods, Abraham A. Palmer, Olivier George
10.5334/jors.253	2021	Introduction to Freva – A Free Evaluation System Framework for Earth System Modeling	Journal of Open Research Software	Christopher Kadow, Sebastian Illing, Etor Emanuel Lucio-Eceiza, Martin Bergemann, Mahesh Ramadoss, Philipp S. Sommer, Oliver Kunst, Thomas Schartner, Klaus Pankatz, Jens Grieger, Mareike Schuster, Andy Richling, Hannes Thiemann, Ingo Kirchner, Henning W. Rust, Thomas G. Ludwig, Ulrich Cubasch, Uwe U
10.1101/2021.04.22.436044	2021	Inverting the model of genomics data sharing with the NHGRI Genomic Data Science Analysis, Visualization, and Informatics Lab-space (AnVIL)	bioRxiv (Cold Spring Harbor Laboratory)	Michael C. Schatz, Anthony Philippakis, Enis Afgan, Eric Banks, Vincent J. Carey, Robert J. Carroll, Alessandro Culotti, Kyle Ellrott, Jeremy Goecks, Robert L. Grossman, Ira M. Hall, Kasper D. Hansen, Jonathan N. Lawson, Jeffrey T. Leek, Anne O’Donnell‐Luria, Stephen Mosher, Martin T. Morgan, ANTON 
10.1134/s1021443721040142	2021	JetGene: Internet Resource for Analysis of Regulatory Regions or Nucleotide Contexts in Differentially Translated Plant Transcripts	Russian Journal of Plant Physiology	N. S. Sadovskaya, Orkhan N. Mustafaev, A. A. Tyurin, Igor V. Deineko, Irina V. Goldenkova-Pavlova
10.1007/s10796-021-10165-1	2021	Laboratory Forensics for Open Science Readiness: an Investigative Approach to Research Data Management	Information Systems Frontiers	Armel Lefebvre, Marco René Spruit
10.3390/ijms22084026	2021	Metabolic, Organoleptic and Transcriptomic Impact of Saccharomyces cerevisiae Genes Involved in the Biosynthesis of Linear and Substituted Esters	International Journal of Molecular Sciences	Philippe Marullo, Marine Trujillo, Rémy Viannais, Lucas Hercman, Sabine Guillaumie, Benoît Colonna-Ceccaldi, Warren Albertin, Jean‐Christophe Barbe
10.20944/preprints202103.0098.v1	2021	Metabolic, Organoleptic and Transcriptomic Impact of Saccharomyces cerevisiae Genes Involved in the Biosynthesis of Linear and Substituted Esters	Preprints.org	Philippe Marullo, Marine Trujillo, Rémy Viannais, Lucas Hercman, Sabine Guillaumie, Benoit Colonna-Cecaldi, Warren Albertin, Jean‐Christophe Barbe
10.1109/ojcas.2021.3116342	2021	Methodologies for Synthesizing and Analyzing Dynamic Dataflow Programs in Heterogeneous Systems for Edge Computing	IEEE Open Journal of Circuits and Systems	Aurelien Bloch, Simone Casale-Brunet, Marco Mattavelli
10.1186/s13100-021-00237-z	2021	Methylation of rRNA as a host defense against rampant group II intron retrotransposition	Mobile DNA	Justin M. Waldern, Dorie Smith, Carol Lyn Piazza, Ernie Bailey, Nicholas J. Schiraldi, Reza Nemati, Daniele Fabris, Marlene Belfort, Olga Stepanovna Novikova
10.1016/j.chemosphere.2021.132155	2021	Microbial characteristics of the leachate contaminated soil of an informal landfill site	Chemosphere	Zhepei Gu, Ke Feng, Yihui Li, Qibin Li
10.3390/microorganisms9030560	2021	Mineralosphere Microbiome Leading to Changed Geochemical Properties of Sedimentary Rocks from Aiqigou Mud Volcano, Northwest China	Microorganisms	Ke Ma, Anzhou Ma, Guodong Zheng, Ge Ren, Fei Xie, Hanchang Zhou, Jun Yin, Yu Liang, Xuliang Zhuang, Guoqiang Zhuang
10.4018/ijkm.2021040102	2021	Motivators of Researchers' Knowledge Sharing and Community Promotion in Online Multi-Background Community	International Journal of Knowledge Management	Siwei Sun, Fangyu Zhang, Victor I. C. Chang
10.3390/ijms22115751	2021	Multi-Omics Model Applied to Cancer Genetics	International Journal of Molecular Sciences	Francesco Pettini, Anna Visibelli, Vittoria Cicaloni, Daniele Iovinelli, Ottavia Spiga
10.1101/2021.11.22.469506	2021	NGSpop: A desktop software that supports population studies by identifying sequence variations from next-generation sequencing data	bioRxiv (Cold Spring Harbor Laboratory)	Dong-Jun Lee, Taesoo Kwon, Hye-Jin Lee, Yun-Ho Oh, Jinhyun Kim, Tae‐Ho Lee
10.1371/journal.pntd.0009363	2021	No pre-zygotic isolation mechanisms between Schistosoma haematobium and Schistosoma bovis parasites: From mating interactions to differential gene expression	PLoS neglected tropical diseases	Julien Kincaid-Smith, Eglantine Mathieu‐Bégné, Cristian Chaparro, Marta Reguera-Gómez, Stephen Mulero, Jean‐François Allienne, Ève Toulza, Jérôme Boissier
10.1093/nar/gkaa1269	2021	Non-B DNA: a major contributor to small- and large-scale variation in nucleotide substitution frequencies across the genome	Nucleic Acids Research	Wilfried M. Guiblet, Marzia Angela Cremona, Robert S. Harris, Di Chen, Kristin A. Eckert, Francesca Chiaromonte, Yi-Fei Huang, Kateryna D. Makova
10.1007/978-981-33-4073-2_33	2021	Novel Approach for Task Scheduling of HPC Applications Using SDN	Lecture notes in networks and systems	Vidya Chitre, Deven Shah
10.1016/j.virol.2021.03.018	2021	Nuclear localisation of West Nile virus NS5 protein modulates host gene expression	Virology	Adam J. López‐Denman, Daniel Enosi Tuipulotu, Jessica B Ross, Alice M. Trenerry, Peter A. White, Jason M. Mackenzie
10.1093/icesjms/fsab127	2021	Oceanographic structure and seasonal variation contribute to high heterogeneity in mesozooplankton over small spatial scales	ICES Journal of Marine Science	Manoela C. Brandão, Thierry Comtet, Patrick Pouline, Caroline Cailliau, Aline Blanchet-Aurigny, Marc Sourisseau, Raffaele Siano, Laurent Mémery, Frédérique Viard, Flávia L. D. Nunes
10.1186/s12874-021-01304-y	2021	Open science saves lives: lessons from the COVID-19 pandemic	BMC Medical Research Methodology	Lonni Besançon, Nathan Peiffer‐Smadja, Corentin Ségalas, Haiting Jiang, Paola Masuzzo, Cooper Smout, Eric Billy, Maxime Déforet, Clémence Leyrat
10.1101/2021.07.26.453821	2021	PEGR: a flexible management platform for reproducible epigenomic and genomic research	bioRxiv (Cold Spring Harbor Laboratory)	Danying Shao, Gretta D. Kellogg, Ali Nematbakhsh, Prashant Kumar Kuntala, Shaun Mahony, B. Franklin Pugh, William Lai
10.3389/fmicb.2021.677558	2021	Pan-Genome of the Genus Streptomyces and Prioritization of Biosynthetic Gene Clusters With Potential to Produce Antibiotic Compounds	Frontiers in Microbiology	Carlos Caicedo-Montoya, Monserrat Manzo‐Ruiz, Rigoberto Ríos‐Estepa
10.12688/f1000research.54159.1	2021	Perspectives on automated composition of workflows in the life sciences	F1000Research	Anna‐Lena Lamprecht, Magnus Palmblad, Jon Ison, Veit Schwämmle, Mohammad Sadnan Al Manir, İlkay Altıntaş, Christopher J. O. Baker, Ammar Ben Hadj Amor, Salvador Capella-Gutiérrez, Paulos Charonyktakis, Michael Robin Crusoe, Yolanda Gil, Carole Goble, Timothy J. Griffin, Paul Thomas Groth, Hans Ienas
10.7554/elife.59142	2021	Pituitary stem cells produce paracrine WNT signals to control the expansion of their descendant progenitor cells	eLife	John P. Russell, Xinhong Lim, Alice Santambrogio, Val Yianni, Yasmine Kemkem, Bruce Wang, Matthew Fish, Scott Haston, Anaëlle Grabek, Shirleen Hallang, Emily J. Lodge, Amanda L. Patist, Andreas Schedl, Patrice Mollard, Roel Nusse, Cynthia L. Andoniadou
10.1007/978-3-030-73507-4_1	2021	Plant Growth-Promoting Soil Microbiomes: Beneficial Attributes and Potential Applications	Sustainable development and biodiversity	Pragya Tiwari, Subir Kumar Bose, Hanhong Bae
10.1016/j.toxrep.2021.03.010	2021	Polychlorinated biphenyls altered gut microbiome in CAR and PXR knockout mice exhibiting toxicant-associated steatohepatitis	Toxicology Reports	Banrida Wahlang, Nicholas C. Alexander, Xiaohong Li, Eric Christian Rouchka, Irina Kirpich, Matthew C. Cave
10.18174/536923	2021	Prebiotic potential of green and black tea phenolics : Metabolite and microbiota profiling, and green biorefinery for sustainable production		Zhibin Liu
10.1186/s12864-020-07357-5	2021	Prediction and analysis of metagenomic operons via MetaRon: a pipeline for prediction of Metagenome and whole-genome opeRons	BMC Genomics	Syed Shujaat Ali Zaidi, Masood Ur Rehman Kayani, Xuegong Zhang, Younan Ouyang, Imran Haider Shamsi
10.1038/s41597-021-01095-3	2021	ProMetIS, deep phenotyping of mouse models by combined proteomics and metabolomics analysis	Scientific Data	Alyssa Imbert, Magali Rompais, Mohammed Selloum, Florence Anne Castelli, Emmanuelle Mouton‐Barbosa, Marion Brandolini-Bunlon, Emeline Chu‐Van, Charlotte Joly, Aurélie Hirschler, Pierrick Roger, Thomas Bürger, Sophie Leblanc, Tania Sorg, Sadia Ouzia, Yves Vandenbrouck, Claudine Médigue, Christophe Ju
10.1007/978-3-030-67445-8_5	2021	ProvAnalyser: A Framework for Scientific Workflows Provenance	Communications in computer and information science	Anila Sahar Butt, Peter Fitch
10.48550/arxiv.2105.06743	2021	Reasons, Challenges and Some Tools for Doing Reproducible Research in Transportation Research	arXiv (Cornell University)	Zuduo Zheng
10.1016/j.commtr.2021.100004	2021	Reasons, challenges, and some tools for doing reproducible transportation research	Communications in Transportation Research	Zuduo Zheng
10.5753/bresci.2021.15799	2021	Refatorando um Pipeline de Bioinformática: Um Estudo de Caso para Análise de Amplicons		Aline Mara Rudsit Bini, Liliane Santana Oliveira, Heloisa Poliselo, Francismar Corrêa Marcelino‐Guimarães, André Yoashiaki Kashiwabara
10.32469/10355/90999	2021	Refinement of an established large-animal model to understand the tick-pathogen-host interface		Kyle S. Hoffman
10.1038/s41592-021-01254-9	2021	Reproducible, scalable, and shareable analysis pipelines with bioinformatics workflow managers	Nature Methods	Laura Wratten, Andreas Wilm, Jonathan Göke
10.33540/447	2021	Research data management for open science		Armel Lefebvre
10.1109/cluster48925.2021.00053	2021	Reusability First: Toward FAIR Workflows		Matthew Wolf, Jeremy S. Logan, Kshitij R. Mehta, Daniel Jacobson, Mikaela Cashman, Angelica M. Walker, Greg Eisenhauer, Patrick M Widener, Ashley M. Cliff
10.31219/osf.io/udqjr	2021	Reusing Interactive Analysis Workflows		Kiran Gadhave, Zach Cutler, Alexander Lex
10.1111/gwat.13129	2021	Risk‐Based Wellhead Protection Decision Support: A Repeatable Workflow Approach	Ground Water	Michael N. Fienen, Nicholas Corson‐Dosch, Jeremy T. White, Andrew T. Leaf, Randall J. Hunt
10.1101/2021.06.04.447108	2021	STENCIL: A web templating engine for visualizing and sharing life science datasets	bioRxiv (Cold Spring Harbor Laboratory)	Qi Sun, Ali Nematbakhsh, Prashant Kumar Kuntala, Gretta D. Kellogg, B. Franklin Pugh, William Lai
10.4018/978-1-7998-4843-1.ch003	2021	Scientific Community-Driven Ecosystem as a Supporter to Co-Create and Co-Evolute Science	Advances in business strategy and competitive advantage book series	Hélio Aisenberg Ferenhof, Marcos Paulo Alves de Sousa
10.1007/s40995-021-01232-y	2021	Screening and Analysis of Potential Genes for DNA Damage Repair and Apoptotic Signal in iPSCs Based on CRISPR–Cas9 System	Iranian Journal of Science and Technology Transactions A Science	Lu Zhang, Haiyan Cui, Mingyu Zhu, Kuo Zhao
10.1038/s41467-021-26518-y	2021	Self-inactivating, all-in-one AAV vectors for precision Cas9 genome editing via homology-directed repair in vivo	Nature Communications	Raed Ibraheim, Phillip W.L. Tai, Aamir Mir, Nida Javeed, Jiaming Wang, Tomás Rodríguez, Suk Namkung, Samantha J. Nelson, Eraj Shafiq Khokhar, Esther Mintzer, Stacy A. Maitland, Zexiang Chen, Yueying Cao, Emmanouela Tsagkaraki, Scot A. Wolfe, Dan Wang, Athma A. Pai, Wen Xue, Guangping Gao, Erik J. So
10.1007/s11227-021-03731-6	2021	Semantic tools for development of high-level interactive applications for supercomputers	The Journal of Supercomputing	Maxim Gorodnichev, Danil V. Lebedev
10.1016/j.redox.2021.101966	2021	Skeletal muscle-specific Keap1 disruption modulates fatty acid utilization and enhances exercise capacity in female mice	Redox Biology	Takahiro Onoki, Yoshihiro Izumi, Masatomo Takahashi, Shohei Murakami, Daisuke Matsumaru, Nao Ohta, Sisca Meida Wati, Nozomi Hatanaka, Fumiki Katsuoka, Mitsuharu Okutsu, Yutaka Yabe, Yoshihiro Hagiwara, Makoto Kanzaki, Takeshi Bamba, Eiji Itoi, Hozumi Motohashi
10.1101/2021.05.28.446070	2021	Strategy for detecting off-target sites in genome-edited rice	bioRxiv (Cold Spring Harbor Laboratory)	Jumpei Narushima, Shinya Kimata, Yuh Shiwa, Takahiro Gondo, Satoru Akimoto, Keisuke Soga, Satoko Yoshiba, Kôsuke Nakamura, Norihito Shibata, Kazunari Kondo
10.1111/jcpe.13502	2021	Submucosal microbiome of peri‐implant sites: A cross‐sectional study	Journal Of Clinical Periodontology	Angeliki Polymeri, Joyce van der Horst, Mark J. Buijs, Egija Zaura, Daniël Wismeijer, Wim Crielaard, Bruno G. Loos, Marja L. Laine, Bernd Willem Brandt
10.3389/fimmu.2020.585431	2021	Temporal Dynamics of Chronic Inflammation on the Cecal Microbiota in IL-10-/- Mice	Frontiers in Immunology	Anne-Marie C. Overstreet, Amanda E. Ramer‐Tait, Jan S. Suchodolski, Jesse Michael Hostetter, Chong Wang, Albert E. Jergens, Gregory J. Phillips, Michael J. Wannemuehler
10.1093/g3journal/jkab096	2021	Testcrosses are an efficient strategy for identifying cis -regulatory variation: Bayesian analysis of allele-specific expression (BayesASE)	G3 Genes Genomes Genetics	Brecca Miller, Alison M. Morse, J. E. Borgert, Zihao Liu, Kelsey Sinclair, Gavin Gamble, Fei Zou, Jeremy R. B. Newman, Luis León‐Novelo, Fabio Marroni, Lauren M. McIntyre
10.1016/j.devcel.2021.10.005	2021	The Arabidopsis mature endosperm promotes seedling cuticle formation via release of sulfated peptides	Developmental Cell	Julien De Giorgi, Christelle Fuchs, Mayumi Iwasaki, Woo-Hyun Kim, Urszula Piskurewicz, Kay Gully, Anne Utz‐Pugin, Laurent Mène‐Saffrané, Patrice Waridel, Christiane Nawrath, Paolo Longoni, Satoshi Fujita, Sylvain Loubéry, Luis Lopez‐Molina
10.1111/php.13444	2021	The Independent and Shared Transcriptomic Response to UVA, UVB and Oxidative Stress in the Cyanobacterium Nostoc punctiforme ATCC 29133	Photochemistry and Photobiology	Tanya Soule, Daniela Ferreira, Justin Lothamer, Ferrán García‐Pichel
10.3390/genes12020309	2021	The Postmedieval Latvian Oral Microbiome in the Context of Modern Dental Calculus and Modern Dental Plaque Microbial Profiles	Genes	Alisa Kazarina, Elīna Pētersone-Gordina, Jānis Ķimsis, Jevgenija Kuzmicka, Pawel Zayakin, Žans Griškjans, Guntis Gerhards, Renāte Ranka
10.48550/arxiv.2107.05386	2021	The Practice of Ensuring Repeatable and Reproducible Computational Models	arXiv (Cornell University)	Herbert M. Sauro
10.1101/2021.07.20.453110	2021	The gut microbiome is associated with cocaine behavior and predicts addiction vulnerability in adult male rats	bioRxiv (Cold Spring Harbor Laboratory)	Gregory Suess, Jennysue Kasiah, Sierra Simpson, Molly Brennan, Dana Conlisk, Lisa Maturin, Olivier George, Benoît Chassaing, Kyle J. Frantz
10.1016/j.patter.2021.100322	2021	The role of metadata in reproducible computational research	Patterns	Jeremy N. Leipzig, Daniel Nüst, Charles Tapley Hoyt, Karthik Ram, Jane Greenberg
10.1109/mcse.2021.3072860	2021	Toward Long-Term and Archivable Reproducibility	Computing in Science & Engineering	Mohammad Akhlaghi, Raúl Infante-Sáinz, Boudewijn F. Roukema, Mohammadreza Khellat, David Valls-Gabaud, Roberto Baena-Gallé
10.1128/mbio.01983-21	2021	Toxin Induction or Inhibition of Transcription or Translation Posttreatment Increases Persistence to Fluoroquinolones	mBio	Annabel S. Lemma, Mark P. Brynildsen
10.3390/s21248251	2021	Tracking Systems Used to Monitor the Performance and Activity Profile in Elite Team Sports	Sensors	José Luis Felipe, Jorge García‐Unanue, Leonor Gallardo, Javier Sánchez‐Sánchez
10.1101/gr.271148.120	2021	Trajectory mapping of the early Drosophila germline reveals controls of zygotic activation and sex differentiation	Genome Research	Yi-Ru Li, Hsiao Wen Lai, Hsiao Han Huang, Hsing-Chun Chen, Sebastian D. Fugmann, Shu Yuan Yang
10.3389/ffgc.2021.778611	2021	Transcriptome Analysis of Eucalyptus grandis Implicates Brassinosteroid Signaling in Defense Against Myrtle Rust (Austropuccinia psidii)	Frontiers in Forests and Global Change	Shae Swanepoel, Caryn N. Oates, Louise Simone Shuey, Geoff S. Pegg, Sanushka Naidoo
10.1038/s41598-021-00002-5	2021	Transcriptome profiling of pepper leaves by RNA-Seq during an incompatible and a compatible pepper-tobamovirus interaction	Scientific Reports	Balázs Kalapos, Csilla Juhász, Eszter Balogh, Gábor Kocsy, István Tóbiás, Gábor Gullner
10.1101/2020.12.31.425022	2021	Transcriptomics data availability and reusability in the transition from microarray to next-generation sequencing	bioRxiv (Cold Spring Harbor Laboratory)	Gabriella Rustici, Eleanor M. Williams, Mitra Barzine, Alvis Brāzma, Roger E. Bumgarner, Marco Chierici, Cesare Furlanello, Liliana Greger, Giuseppe Jurman, Michael Miller, B. F. Francis Ouellette, John Quackenbush, Michael M. Reich, Christian J. Stoeckert, Ronald C. Taylor, Stephen Chervitz Trutane
10.1101/2021.05.12.443743	2021	Transient ribosome slowdown at the decoding step triggers mRNA degradation independent of Znf598 in zebrafish	bioRxiv (Cold Spring Harbor Laboratory)	Yuichiro Mishima, Peixun Han, Seisuke Kimura, Shintaro Iwasaki
10.1007/978-981-33-6815-6_12	2021	Trends and Application of Data Science in Bioinformatics	Studies in computational intelligence	P. Supriya, Balakrishnan Marudamuthu, Sudhir Kumar Soam, Cherukumalli Srinivasa Rao
10.1101/2021.08.24.21262525	2021	Uncovering the gastrointestinal passage, intestinal epithelial cellular uptake and AGO2 loading of milk miRNAs in neonates using xenomiRs as tracers	medRxiv	Patrick Philipp Weil, Susanna Reincke, Christian Alexander Hirsch, Federica Giachero, Malik Aydin, Jonas Scholz, Franziska Jönsson, Claudia Hagedorn, Duc Ninh Nguyen, Thomas Thymann, Anton Pembaur, Valerie Orth, Victoria Wünsche, Ping-Ping Jiang, Stefan Wirth, Andreas C. W. Jenke, Per Torp Sangild, 
10.7717/peerj.11140	2021	Understanding experiments and research practices for reproducibility: an exploratory study	PeerJ	Sheeba Samuel, Birgitta König‐Ries
10.1145/3460210.3493546	2021	User-friendly Composition of FAIR Workflows in a Notebook Environment		Robin A. Richardson, Remzi Çelebi, Sven van der Burg, Djura Smits, Lars Ridder, Michel J. Dumontier, Tobias Kuhn
10.1007/978-1-0716-1720-5_12	2021	Using Genome Scale Mutant Libraries to Identify Essential Genes	Methods in molecular biology	Kevin S. Myers, Piyush Behari Lal, Daniel R. Noguera, Timothy J. Donohue
10.1016/j.aquaculture.2021.737637	2021	Whole genome resequencing data enables a targeted SNP panel for conservation and aquaculture of Oreochromis cichlid fishes	Aquaculture	Adam Ciezarek, Antonia G. P. Ford, Graham John Etherington, Nasser Kasozi, Milan Malinsky, Tarang K. Mehta, Luca Penso-Dolfin, Benjamin P. Ngatunga, Asilatu Shechonge, Rashid Adam Tamatamah, Wilfried Haerty, Federica Di Palma, Martin J. Genner, George F. Turner
10.1101/2021.03.24.436760	2021	Whole genome resequencing data enables a targeted SNP panel for conservation and aquaculture of Oreochromis cichlid fishes	bioRxiv (Cold Spring Harbor Laboratory)	Adam Ciezarek, A. J. Ford, Graham John Etherington, Nasser Kasozi, Milan Malinsky, Tarang K. Mehta, Luca Penso-Dolfin, BP Ngatunga, Asilatu Shechonge, Rashid Adam Tamatamah, Wilfried Haerty, Federica Di Palma, MJ Genner, George F. Turner
10.20944/preprints202105.0519.v1	2021	Whole-Exome Analysis Reveals X-linked Recessive Mutations underlying Premature Ovarian Failure Using Galaxy Platform	Preprints.org	Rashid Saif, Tania Mahmood, Aniqa Ejaz, Saeeda Zia, Saqer S. Alotaibi
10.1111/dmcn.15109	2021	Whole‐exome sequencing and adrenocorticotropic hormone therapy in individuals with infantile spasms	Developmental Medicine & Child Neurology	Scott Demarest, Jeff Calhoun, Krista L. Eschbach, Hung‐Chun Yu, David M. Mirsky, Katie Angione, Tamim H. Shaikh, Gemma L. Carvill, Tim A. Benke, the WES Support Group
10.1201/9781003001188-14	2021	Workflow-as-a-Service Cloud Platform and Deployment of Bioinformatics Workflow Applications	Auerbach Publications eBooks	Muhammad Hafizhuddin Hilman, Maria A. Rodriguez, Rajkumar Buyya
10.1101/2021.04.05.438318	2021	cellxgene: a performant, scalable exploration platform for high dimensional sparse matrices	bioRxiv (Cold Spring Harbor Laboratory)	Colin Megill, Bruce D Martin, Charlotte A. Weaver, Sidney M. Bell, L.M. Prins, Seve Badajoz, Brian McCandless, Angela Oliveira Pisco, Marcus Kinsella, Fiona Griffin, Justin T. Kiggins, Genevieve Haliburton, Arathi Mani, Matthew Weiden, Madison I. Dunitz, Maximilian Lombardo, Timmy Huang, Trent M. Sm
10.1101/2021.07.18.452496	2021	gmxapi: a GROMACS-native Python interface for molecular dynamics with ensemble and plugin support	bioRxiv (Cold Spring Harbor Laboratory)	M. Eric Irrgang, Caroline Davis, Peter M. Kasson
10.1093/nar/gkab815	2021	metaGEM: reconstruction of genome scale metabolic models directly from metagenomes	Nucleic Acids Research	Francisco Zorrilla, Filip Buric, Kiran Raosaheb Patil, Aleksej Zelezniak
10.1101/2020.12.31.424982	2021	metaGEM: reconstruction of genome scale metabolic models directly from metagenomes	bioRxiv (Cold Spring Harbor Laboratory)	Francisco Zorrilla, Kiran Raosaheb Patil, Aleksej Zelezniak
10.1007/978-981-16-0889-6_4	2021	“Omics” Approaches for Understanding Soil Suppressiveness in Agriculture	Rhizosphere biology	Shivani Khatri, Annapurna Bhattacharjee, Shilpi Sharma
10.1145/3503510	2022	A Workflow Architecture for Cloud-based Distributed Simulation	ACM Transactions on Modeling and Computer Simulation	Nauman Riaz Chaudhry, Anastasia Anagnostou, Simon J. E. Taylor
10.7717/peerj-cs.921	2022	A collaborative semantic-based provenance management platform for reproducibility	PeerJ Computer Science	Sheeba Samuel, Birgitta König‐Ries
10.1186/s12859-022-04584-3	2022	A data management infrastructure for the integration of imaging and omics data in life sciences	BMC Bioinformatics	Luis Kuhn Cuellar, Andreas Friedrich, Gisela Gabernet, Luis de la Garza, Sven Fillinger, Adrian Seyboldt, Tobias Koch, Sven zur Oven‐Krockhaus, Friederike Wanke, Sandra S. Richter, Wolfgang Maximilian Thaiss, Marius Horger, Nisar P. Malek, Klaus Harter, Michael Bitzer, Sven Nahnsen
10.1101/gr.275515.121	2022	A hidden layer of structural variation in transposable elements reveals potential genetic modifiers in human disease-risk loci	Genome Research	Elisabeth J. van Bree, Rita L. F. P. Guimarães, Mischa Lundberg, Elena Raluca Blujdea, Jimi L. Rosenkrantz, Fred T.G. White, Josse Poppinga, Paula Ferrer‐Raventós, Anne-Fleur E. Schneider, Isabella Clayton, David H. Haussler, Marcel J. T. Reinders, Henne H. Holstege, Adam D. Ewing, Colette Moses, Fr
10.1101/2022.01.28.478251	2022	A novel nematode species from the Siberian permafrost shares adaptive mechanisms for cryptobiotic survival with C. elegans dauer larva	bioRxiv (Cold Spring Harbor Laboratory)	Anastasia V. Shatilovich, Vamshidhar R. Gade, Martin Pippel, Tarja T. Hoffmeyer, Alexei V. Tchesunov, Lewis Stevens, Sylke Winkler, Graham M. Hughes, Sofia Traikov, Michael Hiller, Elizaveta Rivkina, Philipp H. Schiffer, Eugene Wimberly Myers, Teymuras V. Kurzchalia
10.1073/pnas.2209608119	2022	A scalable framework for the discovery of functional helicase substrates and helicase-driven regulatory switches	Proceedings of the National Academy of Sciences	Mildred Delaleau, Éric Eveno, Isabelle Simon, Annie Schwartz, Marc Boudvillain
10.1016/j.imu.2022.101024	2022	A taxonomy of tools and approaches for distributed genomic analyses	Informatics in Medicine Unlocked	Wilmer Garzón, Luis Gonzalo Barrera Benavides, Alban Gaignard, Richard Redon, Mario Südholt
10.21203/rs.3.rs-1743231/v1	2022	ACCT: Automatic Cell Counting with Trainable Weka Segmentation	Research Square	Theodore J. Kataras, Tyler J. Jang, Jeffery Koury, Hina Singh, Marcus Kaul
10.33540/1179	2022	Adaptations of hospital-acquired Enterococcus faecium		Vincent de Maat
10.5114/bta.2022.120706	2022	Alkaloid production and response to natural adverse conditions in Peganum harmala: in silico transcriptome analyses	Biotechnologia	Seyed Mehdi Jazayeri, Mahtab Pooralinaghi, Yenny G. Torres-Navarrete, Byron Oviedo, Ítalo Espinoza Guerra, Darío Fernando Herrera Jácome, César Quinaluisa Morán, Carlos Macías, Karime Montes Escobar, Seyed Mohammad Hossein Ale Seyed Ghafoor, Gholamhasan Veiskarami, Pouria Jandaghi, Ronald Oswaldo Vi
10.1002/9781119745686.ch8	2022	Analytical Pipelines for the GBS Analysis		Vinaykumar Rachappanavar, Arushi Padiyal, Jitender Kumar Sharma, Narender Negi
10.1007/978-981-16-6795-4_18	2022	Analyzing Multi-Omic Data with Integrative Platforms	Integrative Bioinformatics	Yan Zou
10.1017/s0967199422000260	2022	Assessment of mitochondrial DNA viability ratio in day-4 biopsied embryos as an add-in to select euploid embryos for single embryo transfer	Zygote	Ahmad Metwalley, Ali M. Hellani, Azza A. Abdelrazek, Ahmed El‐Damen, Ahmed Al Dawood, Nabeel Brasha, Sandro Cassiano Esteves, Manal El Hamshary, Omaima Khamiss
10.2147/ndt.s360588	2022	Association Between Non-Suicidal Self-Injury and Gut Microbial Characteristics in Chinese Adolescent	Neuropsychiatric Disease and Treatment	Li-Fei Cai, Shibin Wang, Cai‐Lan Hou, Zebin Li, Yijun Liao, Fu‐Jun Jia
10.1007/s00778-022-00769-7	2022	Augmented lineage: traceability of data analysis including complex UDF processing	The VLDB Journal	Masaya Yamada, Hiroyuki Kitagawa, Toshiyuki Amagasa, Akiyoshi Matono
10.1007/s10142-022-00907-y	2022	Basics on network theory to analyze biological systems: a hands-on outlook	Functional & Integrative Genomics	Gerardo Ruíz Amores, Agustino Martínez‐Antonio
10.1093/nar/gkac380	2022	BioExcel Building Blocks Workflows (BioBB-Wfs), an integrated web-based platform for biomolecular simulations	Nucleic Acids Research	Genís Bayarri, Pau Andrio, Modesto Orozco, Josep Lluis Gelpí
10.1038/s41592-022-01642-9	2022	BioImageIT: Open-source framework for integration of image data management with analysis	Nature Methods	Sylvain Prigent, Cesar Augusto Valades‐Cruz, Ludovic Leconte, Léo Maury, Jean Salamero, Charles Kervrann
10.52152/spr/2022.156	2022	Bioinformatics as emerging tool and pipeline framework	Science Progress and Research	Tinatin Ia. Mshvidobadze
10.1101/2022.07.05.498808	2022	Building an Open Representation for Biological Protocols	bioRxiv (Cold Spring Harbor Laboratory)	Bryan Bartley, Jacob Beal, Miles T. Rogers, Daniel Bryce, Robert P. Goldman, Benjamin J. Keller, Peter L. Lee, Vanessa Biggers, Joshua Nowak, Mark Weston
10.1093/gigascience/giac089	2022	CORAL: A framework for rigorous self-validated data modeling and integrative, reproducible data analysis	GigaScience	Pavel S. Novichkov, John‐Marc Chandonia, Adam P. Arkin
10.1038/s42003-022-03249-4	2022	CRISPRs in the human genome are differentially expressed between malignant and normal adjacent to tumor tissue	Communications Biology	Job van Riet, Chinmoy Kumar Saha, Nikolaos Strepis, Rutger W. W. Brouwer, Elena S. Martens‐Uzunova, Wesley S. van de Geer, Sigrid M. A. Swagemakers, Andrew Stubbs, Yassir Halimi, Sanne Voogd, Arif Mohammad Tanmoy, Malgorzata A. Komor, Youri Hoogstrate, Bart J. Janssen, Remond J.A. Fijneman, Yashar S
10.3390/ijms23105856	2022	Challenges in Analyzing Functional Epigenetic Data in Perspective of Adolescent Psychiatric Health	International Journal of Molecular Sciences	Diana M. Manu, Jessica Mwinyi, Helgi B. Schiöth
10.1109/works56498.2022.00007	2022	Challenges of Provenance in Scientific Workflow Management Systems		Khairul Alam, Banani Roy
10.1016/j.molcel.2022.10.033	2022	Chromatin localization of nucleophosmin organizes ribosome biogenesis	Molecular Cell	Ilaria Ugolini, Silvija Bilokapić, Mylene C. Ferrolino, Josiah Teague, Yinxia Yan, Xuelin Zhou, Ashish Deshmukh, Michael R. White, Richard W. Kriwacki, Mario Halić
10.3390/ijms24010579	2022	Complex of Proline-Specific Peptidases in the Genome and Gut Transcriptomes of Tenebrionidae Insects and Their Role in Gliadin Hydrolysis	International Journal of Molecular Sciences	Valeriia F. Tereshchenkova, IRINA YU. FILIPPOVA, Irina A. Goptar, Yakov E. Dunaevsky, Mikhail A. Belozersky, Elena N. Elpidina
10.1111/pce.14258	2022	Conserved and distinct roles of H3K27me3 demethylases regulating flowering time in Brassica rapa	Plant Cell & Environment	Laura Poza‐Viejo, Miriam Payá‐Milans, Patxi San Martín‐Uriz, Laura Castro‐Labrador, David Lara‐Astiaso, Mark D. Wilkinson, Manuel Piñeiro, José A. Jarillo, Pedro Crevillén
10.3389/fmed.2021.784455	2022	Data Integration Challenges for Machine Learning in Precision Medicine	Frontiers in Medicine	Mireya Martínez-García, Enrique Hernandez Lemus
10.1093/gigascience/giad049	2022	Data management strategy for a collaborative research center	GigaScience	Deepti Mittal, Rebecca Audrey Mease, Thomas Kuner, Herta Flor, Rohini Kuner, Jamila Andoh
10.1089/hum.2022.143	2022	Direct ITR-to-ITR Nanopore Sequencing of AAV Vector Genomes	Human Gene Therapy	Suk Namkung, Ngoc Tam Tran, Sangeetha Manokaran, Ran He, Qin Su, Jun Xie, Guangping Gao, Phillip W.L. Tai
10.1371/journal.ppat.1010991	2022	Dissecting the invasion of Galleria mellonella by Yersinia enterocolitica reveals metabolic adaptations and a role of a phage lysis cassette in insect killing	PLoS Pathogens	Philipp-Albert Sänger, Stefanie Wagner, Elisabeth Liebler–Tenorio, Thilo M. Fuchs
10.1101/2022.06.27.497489	2022	Dissecting the invasion of Galleria mellonella by Yersinia enterocolitica reveals metabolic adaptations and a role of a phage lysis cassette in insect killing	bioRxiv (Cold Spring Harbor Laboratory)	Philipp-Albert Sänger, Stefanie Wagner, Elisabeth Liebler–Tenorio, Thilo M. Fuchs
10.1101/2022.09.22.509016	2022	DivBrowse – interactive visualization and exploratory data analysis of variant call matrices	bioRxiv (Cold Spring Harbor Laboratory)	Patrick König, Sebastian Beier, Martin Mascher, Nils Stein, Matthias Lange, Uwe Scholz
10.1093/gigascience/giad025	2022	DivBrowse—interactive visualization and exploratory data analysis of variant call matrices	GigaScience	Patrick König, Sebastian Beier, Martin Mascher, Nils Stein, Matthias Lange, Uwe Scholz
10.3390/insects13060534	2022	Diverse Host Plants of the First Instars of the Invasive Lycorma delicatula: Insights from eDNA Metabarcoding	Insects	Cameron McPherson, Alina Avanesyan, William O. Lamp
10.1016/j.hal.2022.102369	2022	Diversity of the holopelagic Sargassum microbiome from the Great Atlantic Sargassum Belt to coastal stranding locations	Harmful Algae	Tom Theirlynck, Inara Regina Wengratt Mendonça, Aschwin Hillebrand Engelen, Henk Bolhuis, Ligia Collado‐Vides, Brigitta Ine Van Tussenbroek, Marta García-Sánchez, Erik Zettler, Gerard Muyzer, Linda Amaral‐Zettler
10.1016/b978-0-323-90571-8.00020-1	2022	Effect of climate change and soil dynamics on soil microbes and fertility of soil	Elsevier eBooks	C. R. Vanisree, Prashant Singh, Ekta B. Jadhav, Malavika S. Nair, Mahipal Singh Sankhla, Kapil Parihar, Kumud Kant Awasthi
10.3390/molecules27020472	2022	Effects of Turning Frequency on Ammonia Emission during the Composting of Chicken Manure and Soybean Straw	Molecules	Qianqian Ma, Yanli Li, Jianming Xue, Dengmiao Cheng, Zhaojun Steven Li
10.1007/978-981-16-7759-5_16	2022	Emerging Microbe-Mediated Advanced Technology to Mitigate Climatic Stresses in Plants and Soil Health: Current Perspectives and Future Challenges		Kailash Chand Kumawat, Sharon Nagpal, Anamika Chattopadhyay, Poonam Sharma
10.1109/escience55777.2022.00067	2022	Enabling LivePublication		Augustus Ellerm, Benjamin Adams, MARK N. GAHEGAN, Lukas Trombach
10.1016/j.future.2022.04.014	2022	Enabling dynamic and intelligent workflows for HPC, data analytics, and AI convergence	Future Generation Computer Systems	Jorge Ejarque, Rosa M. Badia, Loïc Albertin, Giovanni Aloisio, Enrico Baglione, Yolanda Becerra, Stefan Boschert, Julian R. Berlin, Alessandro D’Anca, Donatello Elia, François Exertier, Sandro Fiore, José Flich, Arnau Folch, Steven J. Gibbons, Nikolay Koldunov, Francesc Lordan, Stefano Lorito, Finn 
10.1186/s13326-021-00253-1	2022	End-to-End provenance representation for the understandability and reproducibility of scientific experiments using a semantic approach	Journal of Biomedical Semantics	Sheeba Samuel, Birgitta König‐Ries
10.31274/td-20240329-279	2022	Enhancing MetaOmGraph software, and using interpretable machine learning to study novel genes in human breast cancer		Kumara Sri Harsha Vajjhala
10.1007/978-981-19-4101-6_4	2022	Exploring the Rhizosphere Microbiome for Sustainable Agriculture Production	Rhizosphere biology	Anamika Dubey, Ashwani Kumar
10.1007/978-1-0716-2349-7_16	2022	From Methylome to Integrative Analysis of Tissue Specificity	Methods in molecular biology	Thomas Dugé de Bernonville, Christian Daviaud, Cristian Chaparro, Jörg Tost, Stéphane Maury
10.1080/21541264.2022.2085502	2022	Function and dynamics of the Mediator complex: novel insights and new frontiers	Transcription	Randall H. Morse
10.1007/978-3-031-15743-1_8	2022	FusionFlow: An Integrated System Workflow for Gene Fusion Detection in Genomic Samples	Communications in computer and information science	Federica Citarrella, Gianpaolo Bontempo, Marta Lovino, Elisa Ficarra
10.3329/brc.v9i1.63601	2022	GENOMIC ANALYSIS TO ELUCIDATE THE ANTIBIOTIC RESISTANCE MECHANISM OF EXTREMELY DRUG-RESISTANT PSEUDOMONAS AERUGINOSA STRAINS ISOLATED FROM BANGLADESH	Bioresearch Communications	Fatimah Az Zahra, Ishrat Jabeen, Mohammed Jafar Uddin, Nazmun Nahar, Sohidul Islam, Sabbir R. Shuvo
10.3389/fmed.2022.965908	2022	GSA Central—A web platform to perform, learn, and discuss gene set analysis	Frontiers in Medicine	Xiaowei Huang, Xuanyi Lu, Chengshu Xie, Shaurya Jauhari, Zihong Xie, Songqing Mei, Antonio Mora
10.1101/2022.08.18.504436	2022	Galaxy-ME: A Web-based Software Resource for Interactive Analysis of Multiplex Tissue Imaging Datasets	bioRxiv (Cold Spring Harbor Laboratory)	Allison Creason, Cameron F. Watson, Qiang Gu, Daniel Persson, Luke Sargent, Yu‐An Chen, Jia‐Ren Lin, Shamilene Sivagnanam, Florian Wünnemann, Ajit J. Nirmal, Koei Chin, Heidi S. Feiler, Hannah Holly, Lisa M. Coussens, Denis Schapiro, Björn Andreas Grüning, Peter Karl Sorger, Artem Sokolov, Jeremy Go
10.1162/dint_a_00136	2022	Galaxy: A Decade of Realising CWFR Concepts	Data Intelligence	Beatriz Serrano‐Solano, Anne Fouilloux, Ignacio Eguinoa, Matúš Kalaš, Björn Andreas Grüning, Frederik Coppens
10.3389/fmicb.2022.931307	2022	Generation of synthetic antibody fragments with optimal complementarity determining region lengths for Notch-1 recognition	Frontiers in Microbiology	Bharathikumar Vellalore Maruthachalam, Kris Barreto, Daniel Joseph Hogan, ANTHONY J. KUSALIK, Clarence Ronald Geyer
10.3390/biology11111565	2022	Genetic Characterization in Familial Rotator Cuff Tear: An Exome Sequencing Study	Biology	Alessia Azzarà, Laura Risi Ambrogioni, Ilaria Cassano, Carla Lintas, Umile Giuseppe Longo, Vincenzo Denaro, Fiorella Gurrieri
10.3389/fcimb.2022.888568	2022	Genome Sequence Analysis and Characterization of Shiga Toxin 2 Production by Escherichia coli O157:H7 Strains Associated With a Laboratory Infection	Frontiers in Cellular and Infection Microbiology	Mark Eppinger, Sonia Almería, Anna Allué‐Guardia, Lori K. Bagi, Anwar A. Kalalah, Joshua B. Gurtler, Pina M. Fratamico
10.1186/s13099-022-00516-x	2022	Genomes of Vibrio metoecus co-isolated with Vibrio cholerae extend our understanding of differences between these closely related species	Gut Pathogens	Fabini D. Orata, Nora A.S. Hussain, Kevin Y. H. Liang, Dalong Hu, Yan Boucher
10.2174/1389202923666220428102632	2022	Genomic and Bioinformatic Resources for Perennial Fruit Species	Current Genomics	Jérôme Grimplet
10.1007/s00203-022-02814-z	2022	Genomic, biochemical, and phylogenetic evaluation of bacteria isolated from deep-sea sediment harboring methane hydrates	Archives of Microbiology	Audrey Menegaz Proenca, Maiara Monteiro Oliveira, Paula Fernanda Ribas Neves, Adriana Giongo, Rafaël R. de Oliveira, Carolina Telles Ott, Letícia Marconatto, Halesio Milton Correa de Barros Neto, Marcelo Ketzer, Renata Medina‐Silva
10.1111/mec.16812	2022	Geographical distance, host evolutionary history and diet drive gut microbiome diversity of fish across the Yellow River	Molecular Ecology	Baozhu Pan, Xu Han, Ke Yu, He Sun, Rong Mu, Chun‐Ang Lian
10.1101/2022.02.06.479313	2022	Glioblastoma stem cells express non-canonical proteins and exclusive mesenchymal-like or non-mesenchymal-like protein signatures	bioRxiv (Cold Spring Harbor Laboratory)	Haris Babačić, Silvia Galardi, Husen Muhammad Umer, Deborah Cardinali, Serena Pellegatta, Mats Hellström, Lene Uhrbom, Nagaprathyusha Maturi, Alessandro Michienzi, Gianluca Trevisi, Annunziato Mangiola, Janne Lehtiö, Silvia Anna Ciafrè, Maria Pernemalm
10.1002/1878-0261.13355	2022	Glioblastoma stem cells express non‐canonical proteins and exclusive mesenchymal‐like or non‐mesenchymal‐like protein signatures	Molecular Oncology	Haris Babačić, Silvia Galardi, Husen Muhammad Umer, Mats Hellström, Lene Uhrbom, Nagaprathyusha Maturi, Deborah Cardinali, Serena Pellegatta, Alessandro Michienzi, Gianluca Trevisi, Annunziato Mangiola, Janne Lehtiö, Silvia Anna Ciafrè, Maria Pernemalm
10.1038/s41596-021-00671-6	2022	Global mapping of RNA G-quadruplexes (G4-RNAs) using G4RP-seq	Nature Protocols	S.Y. Cindy Yang, David Monchaud, Judy M.Y. Wong
10.1016/j.ijms.2022.116947	2022	GlycAP, a glycoproteomic analysis platform for site-specific N-glycosylation research	International Journal of Mass Spectrometry	Mengxi Wu, Hebin Liu, Xiaoqing Wang, Chengpin Shen, Weiqian Cao
10.1007/978-981-19-4530-4_17	2022	Gut Microbiome and Neurodegeneration: A Bioinformatics Approach	Nutritional neurosciences	Swetanshu, Pratichi Singh
10.1002/jmv.28355	2022	Haplotypic variants of COVID‐19 related genes are associated with blood pressure and metabolites levels	Journal of Medical Virology	Morteza Gholami, Marziyeh Zoughi, Mandana Hasanzad, Bagher A. Larijani, Mahsa Mohammad Amoli
10.1101/2022.09.28.509963	2022	Hematopoietic stem and progenitor cell heterogeneity is inherited from the embryonic hemogenic endothelium	bioRxiv (Cold Spring Harbor Laboratory)	Joey J. Ghersi, Gabriel Baldissera, Jared Hintzen, Stephanie A. Luff, Siyuan Cheng, Ivan Fan Xia, Christopher M. Sturgeon, Stefania Nicoli
10.3389/fpls.2022.908170	2022	High-Resolution Mapping of Barley mild mosaic virus Resistance Gene rym15	Frontiers in Plant Science	Yaping Wang, Antje Habekuß, Murukarthick Jayakodi, Martin Mascher, Rod J. Snowdon, Andreas Stahl, Janina Fuß, Frank Ordon, Dragan Perović
10.3390/life12010085	2022	Identification of an Amylomaltase from the Halophilic Archaeon Haloquadratum walsbyi by Functional Metagenomics: Structural and Functional Insights	Life	Claudia Leoni, Caterina Manzari, Hai Tran, Peter N. Golyshin, Graziano Pesole, Mariateresa Volpicella, Luigi Ruggiero Ceci
10.1016/j.xgen.2021.100085	2022	Inverting the model of genomics data sharing with the NHGRI Genomic Data Science Analysis, Visualization, and Informatics Lab-space	Cell Genomics	Michael C. Schatz, Anthony Philippakis, Enis Afgan, Eric Banks, Vincent J. Carey, Robert J. Carroll, Alessandro Culotti, Kyle Ellrott, Jeremy Goecks, Robert L. Grossman, Ira M. Hall, Kasper D. Hansen, Jonathan N. Lawson, Jeffrey T. Leek, Anne O’Donnell‐Luria, Stephen Mosher, Martin T. Morgan, ANTON 
10.1007/978-981-16-6795-4_15	2022	IoS: A Needed Platform for Scientific Workflow Management	Integrative Bioinformatics	Savaş Takan, Visam Gültekin, Jens Allmer
10.2139/ssrn.4007169	2022	Juvenile Hormone as a Causal Factor for Maternal Regulation of Diapause in a Wasp	SSRN Electronic Journal	Ayumu Mukai, Genyu Mano, Lauren E. Des Marteaux, Tetsuro Shinada, Shin G. Goto
10.1016/j.ibmb.2022.103758	2022	Juvenile hormone as a causal factor for maternal regulation of diapause in a wasp	Insect Biochemistry and Molecular Biology	Ayumu Mukai, Genyu Mano, Lauren E. Des Marteaux, Tetsuro Shinada, Shin G. Goto
10.2139/ssrn.4141629	2022	Linking Scientific Instruments and HPC: Patterns, Technologies, Experiences	SSRN Electronic Journal	Rafael Vescovi, Ryan Chard, Nickolaus Saint, Ben J. Blaiszik, Jim Pruyne, Tekin Biçer, Alex Lavens, Zhengchun Liu, Michael E. Papka, Suresh Narayanan, Nicholas Schwarz, Kyle Chard, Ian T Foster
10.1016/j.patter.2022.100606	2022	Linking scientific instruments and computation: Patterns, technologies, and experiences	Patterns	Rafael Vescovi, Ryan Chard, Nickolaus Saint, Ben J. Blaiszik, Jim Pruyne, Tekin Biçer, Alex Lavens, Zhengchun Liu, Michael E. Papka, Suresh Narayanan, Nicholas Schwarz, Kyle Chard, Ian T Foster
10.1093/plcell/koac370	2022	Maize domestication phenotypes reveal strigolactone networks coordinating grain size evolution with kernel-bearing cupule architecture	The Plant Cell	Jiahn‐Chou Guan, Changsheng Li, Sherry A. Flint-Garcia, Masaharu Suzuki, Shan Wu, Jonathan W. Saunders, Lemeng Dong, Harro J. Bouwmeester, Donald R. McCarty, Karen E. Koch
10.7554/elife.75064	2022	Mechanisms governing target search and binding dynamics of hypoxia-inducible factors	eLife	Yu Chen, Claudia Cattoglio, Gina M. Dailey, Qiulin Zhu, Robert Tjian, Xavier Darzacq
10.7274/g158bg28f57	2022	Methods Enabling Portability of Scientific Workflows	Figshare	Nicholas Hazekamp
10.1101/2022.08.24.505085	2022	MicroRNA-218 instructs proper assembly of hippocampal networks	bioRxiv (Cold Spring Harbor Laboratory)	Seth R. Taylor, Mariko Kobayashi, Antonietta Vilella, Durgesh Tiwari, Norjin Zolboot, Andrea L. Hartzell, Carol B.L. Girgiss, Yusuf Abaci, Claudia De Sanctis, Gian Carlo Bellenchi, Robert B. Darnell, Christina Groß, Michèle Zoli, Darwin K. Berg, Giordano Lippi
10.21203/rs.3.rs-2267284/v1	2022	Mir-183 functions as an oncogene via decreasing PTEN in breast cancer cells	Research Square	Samaneh Mohammaddoust, Majid Sadeghizadeh
10.1016/j.future.2022.03.023	2022	Model and system for scientific workflows represented in file system directory tree	Future Generation Computer Systems	Mieszko Makuch, Maciej Malawski, Joanna Kocot, Tomasz Szepieniec
10.1016/j.onehlt.2022.100390	2022	Multidrug resistance from a one health perspective in Ethiopia: A systematic review and meta-analysis of literature (2015–2020)	One Health	Mebrahtu Tweldemedhin, Muthupandian Saravanan, Tsega Kahsay, Kibrti Mehari, Getahun Kahsay Abay, Teklay Gebrecherkos Teklu, Ranjithkumar Dhandapani, Ragul Paramasivam, Tsehaye Asmelash
10.1111/1755-0998.13737	2022	NGSEP 4: Efficient and accurate identification of orthogroups and whole‐genome alignment	Molecular Ecology Resources	Daniel Tello, Laura Natalia González-García, Jorge M. Gómez, Juan Camilo Zuluaga‐Monares, Rogelio Garcia, Ricardo Angel, Daniel Mahecha, Erick Duarte, Maria del Rosario Leon, Fernando Reyes, Camilo Escobar‐Velásquez, Mario Linares‐Vásquez, Nicolás Cardozo, Jorge Duitama
10.1371/journal.pone.0260908	2022	NGSpop: A desktop software that supports population studies by identifying sequence variations from next-generation sequencing data	PLoS ONE	Dong-Jun Lee, Taesoo Kwon, Hye-Jin Lee, Yun-Ho Oh, Jinhyun Kim, Tae‐Ho Lee
10.1016/j.neuron.2022.06.018	2022	Neuroscience Cloud Analysis As a Service: An open-source platform for scalable, reproducible data analysis	Neuron	Taiga Abe, Ian Kinsella, Shreya Saxena, E. Kelly Buchanan, João Couto, John D. Briggs, Sian Lee Kitt, Ryan Glassman, John Zhou, Liam Paninski, John P. Cunningham
10.1101/2022.08.26.505481	2022	Overlapping local and systemic defense induced by an oomycete fatty acid MAMP and brown seaweed extract in tomato	bioRxiv (Cold Spring Harbor Laboratory)	Domonique C. Lewis, Danielle M. Stevens, Holly Little, Gitta Coaker, Richard M. Bostock
10.1186/s13059-022-02671-5	2022	PEGR: a flexible management platform for reproducible epigenomic and genomic research	Genome biology	Danying Shao, Gretta D. Kellogg, Ali Nematbakhsh, Prashant Kumar Kuntala, Shaun Mahony, B. Franklin Pugh, William Lai
10.1099/mgen.0.000796	2022	Pathogenomes and variations in Shiga toxin production among geographically distinct clones of Escherichia coli O113:H21	Microbial Genomics	Anna Allué‐Guardia, Sara S. K. Koenig, Ricardo A. Martinez, Armando L Rodriguez, Joseph M. Bosilevac, Peter Feng, Mark Eppinger
10.7287/peerj-cs.921v0.1/reviews/1	2022	Peer Review #1 of "A collaborative semantic-based provenance management platform for reproducibility (v0.1)"		
10.7287/peerj-cs.921v0.2/reviews/1	2022	Peer Review #1 of "A collaborative semantic-based provenance management platform for reproducibility (v0.2)"		
10.7287/peerj-cs.921v0.3/reviews/1	2022	Peer Review #1 of "A collaborative semantic-based provenance management platform for reproducibility (v0.3)"		
10.7287/peerj-cs.921v0.4/reviews/1	2022	Peer Review #1 of "A collaborative semantic-based provenance management platform for reproducibility (v0.4)"		
10.7287/peerj-cs.921v0.1/reviews/2	2022	Peer Review #2 of "A collaborative semantic-based provenance management platform for reproducibility (v0.1)"		
10.7287/peerj-cs.921v0.2/reviews/2	2022	Peer Review #2 of "A collaborative semantic-based provenance management platform for reproducibility (v0.2)"		
10.7287/peerj-cs.921v0.1/reviews/3	2022	Peer Review #3 of "A collaborative semantic-based provenance management platform for reproducibility (v0.1)"		
10.7287/peerj-cs.921v0.2/reviews/3	2022	Peer Review #3 of "A collaborative semantic-based provenance management platform for reproducibility (v0.2)"		
10.7287/peerj-cs.921v0.3/reviews/3	2022	Peer Review #3 of "A collaborative semantic-based provenance management platform for reproducibility (v0.3)"		
10.7287/peerj-cs.921v0.4/reviews/3	2022	Peer Review #3 of "A collaborative semantic-based provenance management platform for reproducibility (v0.4)"		
10.7287/peerj-cs.921v0.5/reviews/3	2022	Peer Review #3 of "A collaborative semantic-based provenance management platform for reproducibility (v0.5)"		
10.1101/2022.10.21.513275	2022	Predicting yield traits of individual field-grown Brassica napus plants from rosette-stage leaf gene expression	bioRxiv (Cold Spring Harbor Laboratory)	Sam De Meyer, Daniel Felipe Cruz, Tom De Swaef, Peter Lootens, Jolien De Block, Kevin A. Bird, Heike Sprenger, Michael Van de Voorde, Stijn Hawinkel, Tom Van Hautegem, Dirk Inzé, Hilde Nelissen, Isabel Roldán-Ruíz, Steven Maere
10.1007/978-1-0716-2513-2_13	2022	RNA Sequencing Data Analysis on the Maser Platform and the Tag-Count Comparison Graphical User Interface	Methods in molecular biology	Kenta Ujifuku, Yoichi Morofuji, Hiroshi Masumoto
10.3389/fpls.2022.842842	2022	Reticulate Evolution in the Western Mediterranean Mountain Ranges: The Case of the Leucanthemopsis Polyploid Complex	Frontiers in Plant Science	Salvatore Tomasello, Christoph Oberprieler
10.1111/cgf.14528	2022	Reusing Interactive Analysis Workflows	Computer Graphics Forum	Kiran Gadhave, Zach Cutler, Alexander Lex
10.15252/embj.2021109256	2022	Ribosome slowdown triggers codon‐mediated mRNA decay independently of ribosome quality control	The EMBO Journal	Yuichiro Mishima, Peixun Han, Kota Ishibashi, Seisuke Kimura, Shintaro Iwasaki
10.1371/journal.pcbi.1009859	2022	STENCIL: A web templating engine for visualizing and sharing life science datasets	PLoS Computational Biology	Qi Sun, Ali Nematbakhsh, Prashant Kumar Kuntala, Gretta D. Kellogg, B. Franklin Pugh, William Lai
10.1145/3502181.3531475	2022	SciStream		Joaquín Chung, Wojciech Zacherek, AJ Wisniewski, Zhengchun Liu, Tekin Biçer, Rajkumar Kettimuthu, Ian T Foster
10.53846/goediss-9362	2022	Scientific Workflow Execution Using a Dynamic Runtime Model		Johannes Erbel
10.1111/1365-2656.13662	2022	Seaweeds influence oyster microbiota and disease susceptibility	Journal of Animal Ecology	Elyne Dugény, Julien de Lorgeril, Bruno Petton, Ève Toulza, Yannick Gueguen, Fabrice Pernet
10.1109/ccgrid54584.2022.00123	2022	SparkFlow: Towards High-Performance Data Analytics for Spark-based Genome Analysis	2022 22nd IEEE International Symposium on Cluster, Cloud and Internet Computing (CCGrid)	Rosa Filgueira, Feras M. Awaysheh, J. Adam Carter, Darren J White, OMER F. RANA
10.1186/s13326-021-00257-x	2022	Structure-based knowledge acquisition from electronic lab notebooks for research data provenance documentation	Journal of Biomedical Semantics	Max Schröder, Susanne Staehlke, Paul Thomas Groth, Barbara Nebe, Sascha Spors, Frank Krüger
10.1101/2022.10.23.513396	2022	Synaptopodin regulates denervation-induced plasticity at hippocampal mossy fiber synapses	bioRxiv (Cold Spring Harbor Laboratory)	Pia Kruse, Gudrun Brandes, Hanna Hemeling, Zhong Huang, Christoph Wrede, Jan Hegermann, Andreas Vlachos, Maximilian O. Lenz
10.1101/2022.06.13.495921	2022	The Arabidopsis endosperm is a temperature-sensing tissue that implements seed thermoinhibition through phyB and PIF3	bioRxiv (Cold Spring Harbor Laboratory)	Urszula Piskurewicz, Maria Sentandreu, Gaétan Glauser, Luis Lopez‐Molina
10.1093/hmg/ddac159	2022	The lncRNA KTN1-AS1 co-regulates a variety of Myc-target genes and enhances proliferation of Burkitt lymphoma cells	Human Molecular Genetics	Melanie Winkle, Mina Masoumeh Tayari, Klaas Kok, Gerben Duns, Natalia Grot, Marta Kazimierska, Annika Seitz, Debora de Jong, Jasper A. Koerts, Arjan Diepstra, Agnieszka Dzikiewicz‐Krawczyk, Christian Steidl, Joost L. Kluiver, Anke van den Berg
10.1007/s10664-021-10113-2	2022	The reproducibility of programming-related issues in Stack Overflow questions	Empirical Software Engineering	Saikat Mondal, Mohammad Masudur Rahman, Chanchal Kumar Roy, Kevin A. Schneider
10.1007/s10126-022-10121-3	2022	Transcriptome Profiling in the Marine Red Alga Neopyropia yezoensis Under Light/Dark Cycle	Marine Biotechnology	Sayaka Kominami, Hiroyuki Mizuta, Toshiki Uji
10.3390/cancers14184375	2022	Typical Enhancers, Super-Enhancers, and Cancers	Cancers	Marianna A. Koutsi, Marialena Pouliou, Lydia Champezou, Giannis Vatsellas, Angeliki-Ioanna Giannopoulou, Christina Piperi, Marios Agelopoulos
10.1111/gtc.12985	2022	Unbiased prediction of off‐target sites in genome‐edited rice using SITE‐Seq analysis on a web‐based platform	Genes to Cells	Jumpei Narushima, Shinya Kimata, Yuh Shiwa, Takahiro Gondo, Satoshi Akimoto, Keisuke Soga, Satoko Yoshiba, Kôsuke Nakamura, Norihito Shibata, Kazunari Kondo
10.1007/978-3-030-87821-4_1	2022	What Is the Transcriptome and How It Is Evaluated		Amanda F. Assis, Ernna Hérida Domingues de Oliveira, Paula Barbim Donate, Silvana Giuliatti, Catherine Nguyen, Geraldo Aleixo Silva Passos
10.1016/j.genrep.2022.101705	2022	Whole exome sequencing identifies a rare variant in MAS1 gene in a subject with lethal COVID-19	Gene Reports	Alessia Azzarà, Ilaria Cassano, Maria Cristina Tirindelli, Carolina Nobile, Valentina Schittone, Elisa Paccagnella, Carla Lintas, Fiorella Gurrieri
10.1099/ijsem.0.005418	2022	Xanthomonas bonasiae sp. nov. and Xanthomonas youngii sp. nov., isolated from crown gall tissues	INTERNATIONAL JOURNAL OF SYSTEMATIC AND EVOLUTIONARY MICROBIOLOGY	Hamzeh Mafakheri, S. Mohsen Taghavi, Sadegh Zarei, Perrine Portier, Ivica Dimkić, Ralf Koebnik, Nemanja Kuzmanović, Ebrahim Osdaghi
10.1371/journal.pcbi.1009835	2022	gmxapi: A GROMACS-native Python interface for molecular dynamics with ensemble and plugin support	PLoS Computational Biology	M. Eric Irrgang, Caroline Davis, Peter M. Kasson
10.1002/imt2.13	2022	iNAP: An integrated network analysis pipeline for microbiome studies	iMeta	Kai Feng, Xi Peng, Zheng Zhang, Songsong Gu, Qing He, Wenli Shen, Zhujun Wang, Danrui Wang, Qiulong Hu, Yan Li, Shang Wang, Ye Deng
10.1101/2022.09.19.508305	2022	saks-nf: A json solution for Nextflow pipeline construction	bioRxiv (Cold Spring Harbor Laboratory)	Xinming Zhuo, Nicholas Renzette, Gregory Omerza
10.1007/s00607-023-01216-3	2023	A decentralized prediction-based workflow load balancing architecture for cloud/fog/IoT environments	Computing	Zari Shamsa, Ali Rezaee, Sahar Adabi, Amir Masoud Rahmani
10.1371/journal.pgen.1010724	2023	A frame-shift mutation in COMTD1 is associated with impaired pheomelanin pigmentation in chicken	PLoS Genetics	Huijuan Bi, Jonas Tranell, Dawn C. Harper, Weifeng Lin, Jingyi Li, Anders R. Hellström, Mårten Larsson, Carl‐Johan Rubin, Chao Wang, Shumaila Sayyab, Susanne Hellstedt Kerje, Bertrand Bed’Hom, David Gourichon, Shosuke Ito, Kazumasa Wakamatsu, Michèle Tixier‐Boichard, Michael S. Marks, Daniel Globisc
10.1111/ene.16088	2023	A new gene for autosomal dominant facial palsy/migraine identified in a family by whole exome sequencing	European Journal of Neurology	Alessia Azzarà, Ilaria Cassano, Carla Lintas, Laura Bernardini, Fabio Pilato, Fioravante Capone, Vincenzo Di Lazzaro, Fiorella Gurrieri
10.1371/journal.pgen.1010798	2023	A novel nematode species from the Siberian permafrost shares adaptive mechanisms for cryptobiotic survival with C. elegans dauer larva	PLoS Genetics	Anastasia V. Shatilovich, Vamshidhar R. Gade, Martin Pippel, Tarja T. Hoffmeyer, Alexei V. Tchesunov, Lewis Stevens, Sylke Winkler, Graham M. Hughes, Sofia Traikov, Michael Hiller, Elizaveta Rivkina, Philipp H. Schiffer, Eugene Wimberly Myers, Teymuras V. Kurzchalia
10.31219/osf.io/r6kxg	2023	A recipe for extremely reproducible enrichment analysis (and why we need it)		Anusuiya Bora, Mark D. Ziemann
10.1016/j.cosrev.2023.100571	2023	A survey of the European Open Science Cloud services for expanding the capacity and capabilities of multidisciplinary scientific applications	Computer Science Review	Amanda Calatrava, H. Asorey, J. Astaloš, Alberto Azevedo, Francesco Benincasa, Ignácio Blanquer, Martin Bobák, Francisco Brasileiro, Laia Codó, Laura del Caño, Borja Esteban, Meritxell Ferret, J. Handl, Tobias E. Kerzenmacher, Valentin Y. Kozlov, Aleš Křenek, Ricardo e Silva Martins, Manuel Pavesio,
10.3389/fmicb.2022.1063287	2023	A virulence activator of a surface attachment protein in Burkholderia pseudomallei acts as a global regulator of other membrane-associated virulence factors	Frontiers in Microbiology	Zhenxin Sun, Yun Heacock-Kang, Ian McMillan, Darlene Cabanas, Jan Zarzycki‐Siek, Tung Thanh Hoang
10.1038/s41598-023-34943-w	2023	ACCT is a fast and accessible automatic cell counting tool using machine learning for 2D image segmentation	Scientific Reports	Theodore J. Kataras, Tyler J. Jang, Jeffrey Koury, Hina Singh, Dominic Fok, Marcus Kaul
10.3390/computation11120243	2023	An Approach to Implementing High-Performance Computing for Problem Solving in Workflow-Based Energy Infrastructure Resilience Studies	Computation	Alexander Gennadevich Feoktistov, Alexei Edelev, Andrei Nikolaevitch Tchernykh, Sergey Gorsky, O.Yu. Basharina, Е. С. Фереферов
10.20944/preprints202311.0065.v1	2023	An Approach to Implementing High-Performance Computing for Problem Solving in Workflow-based Energy Infrastructure Resilience Studies	Preprints.org	Alexander Gennadevich Feoktistov, Alexei Edelev, Andrei Nikolaevitch Tchernykh, Sergey Gorsky, O.Yu. Basharina, Е. С. Фереферов
10.25849/myrmecol.news_021:059	2023	Ant genomics (Hymenoptera: Formicidae): challenges to overcome and opportunities to seize	Research at the University of Copenhagen (University of Copenhagen)	Sanne Nygaard, Yannick Wurm
10.1016/b978-0-323-85713-0.00024-4	2023	Applications of alignment-free sequence descriptors in the characterization of sequences in the age of big data: a case study with Zika virus, SARS, MERS, and COVID-19	Elsevier eBooks	Dwaipayan Sen, Tathagata Dey, Marjan Vračko, Ashesh Nandy, Subhash C. Basak
10.3390/genes14112055	2023	Base-Excision Repair Mutational Signature in Two Sebaceous Carcinomas of the Eyelid	Genes	Eugenio Sangiorgi, Federico Giannuzzi, Clelia Molinario, Giulia Rapari, Melania Riccio, Giovanni Cuffaro, Federica Castri, Roberta Benvenuto, Maurizio Genuardi, Daniela Massi, Gustavo Savino
10.1109/hipc58850.2023.00047	2023	Benesh: a Framework for Choreographic Coordination of In Situ Workflows		Philip E. Davis, Jacob Merson, Pradeep Subedi, Lee Ricketson, Cameron Smith, Mark S. Shephard, Manish Parashar
10.1145/3604568	2023	Building an Open Representation for Biological Protocols	ACM Journal on Emerging Technologies in Computing Systems	Bryan Bartley, Jacob Beal, Miles T. Rogers, Daniel Bryce, Robert P. Goldman, Benjamin J. Keller, Peter L. Lee, Vanessa Biggers, Joshua Nowak, Mark Weston
10.1007/978-1-0716-3139-3_4	2023	Bulk and Single-Cell RNA-Seq Analyses for Studies of Spermatogonia	Methods in molecular biology	Anukriti Singh, Brian P. Hermann
10.1093/plphys/kiad038	2023	Causes and consequences of endogenous hypoxia on growth and metabolism of developing maize kernels	PLANT PHYSIOLOGY	Matthias Langer, Alexander Hilo, Jiahn‐Chou Guan, Karen E. Koch, Hui Xiao, Pieter Verboven, André Gündel, Steffen Wagner, Stefan Ortleb, Volodymyr V. Radchuk, Simon Mayer, Bart M. Nicolaï, Ljudmilla Borisjuk, Hardy Rolletschek
10.1038/s41564-023-01484-x	2023	Challenges and opportunities in sharing microbiome data and analyses	Nature Microbiology	Curtis Huttenhower, ROBERT FINN, Alice Carolyn McHardy
10.3390/cimb45090477	2023	Colorectal Cancer Archaeome: A Metagenomic Exploration, Tunisia	Current Issues in Molecular Biology	Nour El Houda Mathlouthi, Hamadou Oumarou Hama, Imen Belguith, Slim Charfi, Tahya Sellami Boudawara, Jean‐Christophe Lagier, Leila Keskes, Ghiles Grine, Radhouane Gdoura
10.3390/microorganisms11081970	2023	Comparative Microbiome Analysis of Three Epidemiologically Important Tick Species in Latvia	Microorganisms	Agne Namiņa, Alisa Kazarina, Marija Lazovska, Sarmite Akopjana, Viktorija Ulanova, Agnija Kivrāne, Lauma Freimane, Darja Sadovska, Jānis Ķimsis, Antra Bormane, Valentīna Čapligina, Renāte Ranka
10.24272/j.issn.2095-8137.2023.012	2023	Core and variable antimicrobial resistance genes in the gut microbiomes of Chinese and European pigs	动物学研究	Cuihong Tong, 华南农业大学广东省兽药研制与安全评价重点实验室, 广东 广州510642, 中国, Zhipeng Huo, Lu Diao, Dan-Yu Xiao, Ruonan Zhao, Zhenling Zeng, Wenguang Xiong, 华南农业大学兽医学院国家兽医微生物耐药性风险评估实验室, 广东 广州510642, 中国, 华南农业大学国家兽药安全评价(环境评估)实验室, 广东 广州510642, 中国, 华南农业大学国家兽药残留基准实验室, 广东 广州510642, 中国
10.1007/s11356-023-26903-8	2023	Deep relationships between bacterial community and polycyclic aromatic hydrocarbons in soil profiles near typical coking plants	Environmental Science and Pollution Research	Handan Zhang, Xinhui Liu, Xinhui Liu, Yujing Wang, Linshuai Duan, Xiqin Liu, Xiqin Liu, Xin Zhang, Lu Dong
10.3390/genes14071353	2023	Deletion of a Single Lysine Residue at Position 292 of CAMK2A Disrupts Protein Function, Causing Severe Epileptic Encephalopathy and Intellectual Disability	Genes	Carla Lintas, Angelo M. Facchiano, Alessia Azzarà, Ilaria Cassano, Claudio Tabolacci, Cinzia Galasso, Fiorella Gurrieri
10.1186/s40168-023-01558-2	2023	Disruption of fish gut microbiota composition and holobiont’s metabolome during a simulated Microcystis aeruginosa (Cyanobacteria) bloom	Microbiome	Alison Gallet, Sébastien Halary, Charlotte Duval, Hélène Huet, Sébastien Duperron, Benjamin Marie
10.1007/s42991-023-00362-7	2023	Distinctly different gut microbiota in Japanese badgers and Japanese raccoon dogs despite sharing similar food habits and environments	Mammalian Biology	Chiho Kaneko, Akio Shinohara, Taisei Kikuchi, Asami Tokuda, Takao Irie, Kentaro Yamada, Naoaki Misawa, A. Yoshida
10.1016/j.celrep.2023.113187	2023	Early-life stress and ovarian hormones alter transcriptional regulation in the nucleus accumbens resulting in sex-specific responses to cocaine	Cell Reports	Devin Rocks, Ivana Jarić, Fabio Bellia, Heining Cham, John M. Greally, Masako Suzuki, Marija Kundaković
10.3390/microorganisms11051185	2023	Effect of Anthropogenic Disturbances on the Microbial Relationship during Bioremediation of Heavy Metal-Contaminated Sediment	Microorganisms	Quanliu Yang, Shiqi Jie, Pan Lei, Min Gan, Peng He, Jianyu Zhu, Qingming Zhou
10.3389/fmicb.2023.1089649	2023	Effect of deposit chemistry on microbial community structure and activity: Implications for under-deposit microbial corrosion	Frontiers in Microbiology	Maria A. Diaz-Mateus, Silvia J. Salgar-Chaparro, Laura L. Machuca, Hanan Farhat
10.1016/j.envpol.2023.123145	2023	Effects of microplastics on litter decomposition in wetland soil	Environmental Pollution	Yujing Ren, Yueling Qi, Xin Wang, Xinyi Duan, Xiaoxin Ye
10.1145/3624062.3624283	2023	End-to-End Workflows for Climate Science: Integrating HPC Simulations, Big Data Processing, and Machine Learning		Donatello Elia, Sonia Scardigno, Jorge Ejarque, Alessandro D’Anca, Gabriele Accarino, Enrico Scoccimarro, Davide Donno, Daniele Peano, Francesco Immorlano, Giovanni Aloisio
10.3389/fmicb.2023.1303387	2023	Escherichia coli O157:H7 tir 255 T > A allele strains differ in chromosomal and plasmid composition	Frontiers in Microbiology	Margaret D. Weinroth, Michael L. Clawson, Gregory P. Harhay, Mark Eppinger, Dayna M. Harhay, Timothy P. L. Smith, James L. Bono
10.1016/j.jbc.2023.104671	2023	Expression of the primate-specific LINC00473 RNA in mouse neurons promotes excitability and CREB-regulated transcription	Journal of Biological Chemistry	Priit Pruunsild, C. Peter Bengtson, Isabel Loss, Benjamin Lohrer, Hilmar Bading
10.20944/preprints202310.1211.v1	2023	FLOWViZ: An Airflow Based Workflow Middleware for Computational Phylogenetics	Preprints.org	Miguel Luís, Cátia V. Vaz, Alexandre P. Francisco
10.1080/17460441.2023.2205122	2023	Galaxy for open-source computational drug discovery solutions	Expert Opinion on Drug Discovery	Anamika Singh Gaur, Selvaraman Nagamani, Lipsa Priyadarsinee, Hridoy Jyoti Mahanta, Ramakrishnan Parthasarathi, Garikapati Narahari Sastry
10.1007/s10482-023-01884-3	2023	Genome-based reclassification of Kitasatospora niigatensis as a later heterotypic synonym of Kitasatospora cineracea Tajima et al. (2001)	Antonie van Leeuwenhoek	Khaoula Bouznada, Hadj Ahmed Belaouni, Atika Meklat
10.1016/j.future.2023.01.010	2023	Globus automation services: Research process automation across the space–time continuum	Future Generation Computer Systems	Ryan Chard, Jim Pruyne, Kurt Mckee, Josh Bryan, Brigitte E. Raumann, Rachana Ananthakrishnan, Kyle Chard, Ian T Foster
10.1016/j.jaut.2023.103055	2023	Gut microbial signatures and their functions in Behcet's uveitis and Vogt-Koyanagi-Harada disease	Journal of Autoimmunity	Qingfeng Wang, Shuang Wu, Xingsheng Ye, Shiyao Tan, Fanfan Huang, Guannan Su, Aize Kijlstra, Peizeng Yang
10.1038/s41556-023-01187-9	2023	Haematopoietic stem and progenitor cell heterogeneity is inherited from the embryonic endothelium	Nature Cell Biology	Joey J. Ghersi, Gabriel Baldissera, Jared Hintzen, Stephanie A. Luff, Siyuan Cheng, Ivan Fan Xia, Christopher M. Sturgeon, Stefania Nicoli
10.1093/jamiaopen/ooad089	2023	Hypermedia-based software architecture enables Test-Driven Development	JAMIA Open	Andrew R. Post, Nancy W. Y. Ho, Erik Rasmussen, Ivan Post, Aika Cho, John H. Hofer, Arthur T. Maness, Timothy J. Parnell, David A. Nix
10.3390/genes14071310	2023	Identification by Exome Sequencing of Predisposing Variants in Familial Cases of Autoinflammatory Recurrent Fevers	Genes	Eugenio Sangiorgi, Alessia Azzarà, Roberto Rumore, Ilaria Cassano, Elena Verrecchia, Luciano Giacò, Maria Alessandra Tullio, Fiorella Gurrieri, Raffaele Manna
10.1111/ppl.14070	2023	Identification of ascorbate‐ and salicylate‐responsive miRNAs and verification of the spectral control of miR395 in Arabidopsis	Physiologia Plantarum	András Székely, Zsolt Gulyás, Eszter Balogh, Rocky D. Payet, Tamás Dalmay, Gábor Kocsy, Balázs Kalapos
10.7554/elife.84092	2023	Imprinted Dlk1 dosage as a size determinant of the mammalian pituitary gland	eLife	Valeria Scagliotti, Maria Lillina Vignola, Thea L. Willis, Mark C. Howard, Eugenia Marinelli, Carles Gaston‐Massuet, Cynthia L. Andoniadou, Marika Charalambous
10.3390/microorganisms11020330	2023	Interaction between Illite and a Pseudomonas stutzeri-Heavy Oil Biodegradation Complex	Microorganisms	Lei Li, Yun Wan, Hong Mei Mu, Sheng Bao Shi, Jian Fa Chen
10.32796/cice.2023.106.7695	2023	La integración de los datos en el fútbol de élite. Un nuevo paradigma de investigación	Cuadernos Económicos de ICE	José Luis Felipe, Antonio Alonso-Callejo
10.1016/j.isci.2023.106773	2023	Major depression-related factor NEGR1 controls salivary secretion in mouse submandibular glands	iScience	Jisoo Lee, Soo‐Hyun Kim, Boram Lee, Yoo-Bin Kim, Kwang Hwan Kim, Gehoon Chung, Sung Joong Lee, Soojin Lee, Woong Sun, Heekyung Park, Se‐Young Choi
10.26434/chemrxiv-2023-bn0jv	2023	Massively Scalable Workflows for Quantum Chemistry: BIGCHEM and CHEMCLOUD	ChemRxiv	Colton B. Hicks, Todd J. Martı́nez
10.26434/chemrxiv-2023-bn0jv-v2	2023	Massively Scalable Workflows for Quantum Chemistry: BIGCHEM and CHEMCLOUD	ChemRxiv	Colton B. Hicks, Todd J. Martı́nez
10.3390/genes14071482	2023	Melkersson–Rosenthal Syndrome and Migraine: A New Phenotype Associated with SCN1A Variants?	Genes	Alessia Azzarà, Ilaria Cassano, Carla Lintas, Fabio Pilato, Fioravante Capone, Vincenzo Di Lazzaro, Fiorella Gurrieri
10.7554/elife.82729	2023	MicroRNA-218 instructs proper assembly of hippocampal networks	eLife	Seth R. Taylor, Mariko Kobayashi, Antonietta Vilella, Durgesh Tiwari, Norjin Zolboot, Jessica Xinyun Du, Kathryn R. Spencer, Andrea L. Hartzell, Carol B.L. Girgiss, Yusuf T Abaci, Yufeng Shao, Claudia De Sanctis, Gian Carlo Bellenchi, Robert B. Darnell, Christina Groß, Michèle Zoli, Darwin K. Berg, 
10.1038/s41598-023-35059-x	2023	Mir-183 functions as an oncogene via decreasing PTEN in breast cancer cells	Scientific Reports	Samaneh Mohammaddoust, Majid Sadeghizadeh
10.21203/rs.3.rs-3236523/v1	2023	Molecular Property Diagnostic Suite Compound Library (MPDS-CL): A Structure based Classification of the Chemical Space	Research Square	Lijo John, Selvaraman Nagamani, Hridoy Jyoti Mahanta, S. Vaikundamani, Nandan Kumar, Asheesh Kumar, Esther Jamir, Lipsa Priyadarsinee, Garikapati Narahari Sastry
10.1007/s11030-023-10752-1	2023	Molecular Property Diagnostic Suite Compound Library (MPDS-CL): a structure-based classification of the chemical space	Molecular Diversity	Lijo John, Selvaraman Nagamani, Hridoy Jyoti Mahanta, S. Vaikundamani, Nandan Kumar, Asheesh Kumar, Esther Jamir, Lipsa Priyadarsinee, Garikapati Narahari Sastry
10.1007/978-3-031-21391-5_8	2023	Moving Beyond OTU Methods		Yinglin Xia, Jun Sun
10.1007/978-3-031-44256-8_10	2023	NMR-Based Metabolomics: Monitoring Metabolic Response to Physical Exercise	Learning materials in biosciences	Aswin Verhoeven, Rico J. E. Derks, Martin A. Giera
10.3390/vetsci10120690	2023	Next-Generation Sequencing for the Detection of Microbial Agents in Avian Clinical Samples	Veterinary Sciences	Claudio L. Afonso, Anna M. Afonso
10.5943/mycosphere/14/1/20	2023	OFPT: a one-stop software for fungal phylogeny	Mycosphere	Xiang‐Yu Zeng, TJ Tan, FH Tian, Y Wang, Ting‐Chi Wen
10.1007/s00203-023-03464-5	2023	Oral microbiome variations related to ageing: possible implications beyond oral health	Archives of Microbiology	Alisa Kazarina, Jevgenija Kuzmicka, Santa Bortkevica, Pawel Zayakin, Jānis Ķimsis, Viktorija Igumnova, Darja Sadovska, Lauma Freimane, Agnija Kivrāne, Agne Namiņa, Valentīna Čapligina, Alise Pokšāne, Renāte Ranka
10.1094/mpmi-09-22-0192-r	2023	Overlapping Local and Systemic Defense Induced by an Oomycete Fatty Acid MAMP and Brown Seaweed Extract in Tomato	Molecular Plant-Microbe Interactions	Domonique C. Lewis, Danielle M. Stevens, Holly Little, Gitta Coaker, Richard M. Bostock
10.3389/fmicb.2023.1250265	2023	Population structure and genetic diversity of Streptococcus suis isolates obtained from the United States	Frontiers in Microbiology	Tracy L. Nicholson, Anwar A. Kalalah, Mark Eppinger
10.1371/journal.pcbi.1011161	2023	Predicting yield of individual field-grown rapeseed plants from rosette-stage leaf gene expression	PLoS Computational Biology	Sam De Meyer, Daniel Felipe Cruz, Tom De Swaef, Peter Lootens, Jolien De Block, Kevin A. Bird, Heike Sprenger, Michael Van de Voorde, Stijn Hawinkel, Tom Van Hautegem, Dirk Inzé, Hilde Nelissen, Isabel Roldán-Ruíz, Steven Maere
10.1097/ede.0000000000001599	2023	Promoting Reproducibility and Integrity in Observational Research: One Approach of an Epidemiology Research Community	Epidemiology	Konrad Hermann Stopsack, Lorelei Ann Mucci, Shelley S. Tworoger, Jae Hee Kang, A. Heather Eliassen, Walter Churchill Willett, Meir J. Stampfer
10.3390/genes14020301	2023	RADX Gene Variant May Predispose to Familial Asperger Syndrome	Genes	Alessia Azzarà, Roberto Rumore, Fulvia Brugnoletti, Elisabetta Tabolacci, Irene Bottillo, Eugenio Sangiorgi, Fiorella Gurrieri
10.1186/s12915-023-01574-6	2023	RNAlysis: analyze your RNA sequencing data without writing a single line of code	BMC Biology	Guy Teichman, Dror Cohen, Or Ganon, Netta Dunsky, Shachar Shani, Hila Gingold, Oded Rechavi
10.3389/fcell.2023.1269860	2023	Regulation of the somatotropic axis by MYC-mediated miRNA repression	Frontiers in Cell and Developmental Biology	Anna P. Petrashen, Andrew D. Verdesca, Jill A. Kreiling, John M. Sedivy
10.1109/apsec60848.2023.00039	2023	Reusability Challenges of Scientific Workflows: A Case Study for Galaxy		Khairul Alam, Banani Roy, Alexander Serebrenik
10.1016/b978-0-323-95090-9.00006-6	2023	Role of hidden microbes in sustainable agriculture	Elsevier eBooks	Arjita Punetha, Amir Abdullah Khan, Shailaja Punetha, Deepali Tewari Pandey
10.1186/s13619-022-00152-5	2023	ScRNA-seq and ST-seq in liver research	Cell Regeneration	Jia He, Chengxiang Deng, Leonard Krall, Zhao Shan
10.1101/2023.05.10.540117	2023	Schistosoma haematobium and Schistosoma bovis first generation hybrids undergo large gene expressions remodeling consistent with species compatibility	bioRxiv (Cold Spring Harbor Laboratory)	Eglantine Mathieu‐Bégné, Julien Kincaid-Smith, Cristian Chaparro, Jean‐François Allienne, Olivier Rey, Jérôme Boissier, Ève Toulza
10.1007/s10270-023-01112-6	2023	Scientific workflow execution in the cloud using a dynamic runtime model	Software & Systems Modeling	Johannes Erbel, Jens Grabowski
10.1016/j.cell.2023.08.018	2023	Self-demixing of mRNA copies buffers mRNA:mRNA and mRNA:regulator stoichiometries	Cell	Andrés H. Cardona, Szilvia Ecsedi, Mokrane Khier, Yi Zhou, Alia Bahri, Amira Ouertani, Florian Valero, Margaux Labrosse, Sami Rouquet, Stéphane Robert, Agnès Loubat, D. Adekile Adekunle, Arnaud Hubstenberger
10.2139/ssrn.4614651	2023	Shift in Microbial Communities Along Little Stream Born from an Old Uranium Mine Drainage	SSRN Electronic Journal	Clarisse Mallet, Florent Rossi, Guillaume Holub, Le Thi-Hong-Hanh, Olivier Diez, Hervé Michèl, Claire Sergeant, Sofia Kolovi, Patrick Chardon, Gilles Montavon, Yahaya Hassan-Loni
10.1038/s41598-023-34656-0	2023	Spontaneously occurring tumors in different wild-derived strains of hydra	Scientific Reports	Justine Boutry, Marie Buysse, Sophie Tissot, Chantal Cazevielle, Rodrigo Hamede, Antoine Marie Dujon, Beáta Újvári, Mathieu Giraudeau, Alexander V. Klimovich, Frédéric Thomas, Jácint Tökölyi
10.1093/gbe/evad184	2023	Structural Evolution of Gene Promoters Driven by Primate-Specific KRAB Zinc Finger Proteins	Genome Biology and Evolution	Grace Farmiloe, Elisabeth J. van Bree, Stijn F. Robben, Lara J.M. Janssen, Lisa Mol, Frank M. J. Jacobs
10.1158/2159-8290.22528751	2023	Supplementary Figures 1-12, Tables 5-8, Methods from ERα-Dependent E2F Transcription Can Mediate Resistance to Estrogen Deprivation in Human Breast Cancer		Todd W. Miller, Justin Micah Balko, Emily M. Fox, Zara F. Ghazoui, Anita K. Dunbier, H Anderson, Mitch Dowsett, Aixiang Jiang, R. Adam Smith, Sauveur-Michel Maira, H. Charles Manning, Ana Maria Gonzalez-Angulo, Gordon Brent Mills, Catherine Higham, Siprachanh Chanthaphaychith, Maria Gabriela Kuba, W
10.1158/2159-8290.22528751.v1	2023	Supplementary Figures 1-12, Tables 5-8, Methods from ERα-Dependent E2F Transcription Can Mediate Resistance to Estrogen Deprivation in Human Breast Cancer		Todd W. Miller, Justin Micah Balko, Emily M. Fox, Zara F. Ghazoui, Anita K. Dunbier, H Anderson, Mitch Dowsett, Aixiang Jiang, R. Adam Smith, Sauveur-Michel Maira, H. Charles Manning, Ana Maria Gonzalez-Angulo, Gordon Brent Mills, Catherine Higham, Siprachanh Chanthaphaychith, Maria Gabriela Kuba, W
10.21203/rs.3.rs-2429800/v1	2023	The AT-hook is an evolutionarily conserved auto-regulatory domain of SWI/SNF required for cell lineage priming	Research Square	Dhurjhoti Saha, Solomon G. Hailu, Arjan Hada, Junwoo Lee, Jie Luo, Jeffrey A. Ranish, Kyle C. Feola, Yuan-chi Lin, Abhinav K. Jain, Bin Liu, Yue Lu, Payel Sen, Blaine Bartholomew
10.1038/s41467-023-36903-4	2023	The Arabidopsis endosperm is a temperature-sensing tissue that implements seed thermoinhibition through phyB	Nature Communications	Urszula Piskurewicz, Maria Sentandreu, Mayumi Iwasaki, Gaétan Glauser, Luis Lopez‐Molina
10.1016/j.chom.2023.04.003	2023	The natural product chlorotonil A preserves colonization resistance and prevents relapsing Clostridioides difficile infection	Cell Host & Microbe	Arne Bublitz, Madita Brauer, Stefanie Wagner, Walter Hofer, Mathias Müsken, Felix Deschner, Till Robin Lesker, Meina Neumann‐Schaal, Lena-Sophie Paul, Ulrich Nübel, Jürgen Bartel, Andreas M. Kany, Daniela Zühlke, Steffen Bernecker, Rolf Jansen, Susanne Sievers, Katharina Riedel, Jennifer E. Herrmann
10.1145/3589806.3600035	2023	Towards Reproducible Execution of Closed-Source Applications from Internet Archives		Mahadev Satyanarayanan, Jan Harkes, James Blakley
10.1016/j.gene.2023.147572	2023	Transcriptional repression by the histone tails in budding yeast is mediated by Rpd3, Tup1-Ssn6, and Bur6/NC2	Gene	Randall H. Morse
10.1038/s41598-023-43089-8	2023	Transcriptome-wide marker gene expression analysis of stress-responsive sulfate-reducing bacteria	Scientific Reports	Kalimuthu Jawaharraj, Vincent Peta, Saurabh Sudha Dhiman, Etienne Z. Gnimpiéba, Venkataramana R. Gadhamshetty
10.1016/j.ajcnut.2023.03.016	2023	Uncovering the gastrointestinal passage, intestinal epithelial cellular uptake, and AGO2 loading of milk miRNAs in neonates using xenomiRs as tracers	American Journal of Clinical Nutrition	Patrick Philipp Weil, Susanna Reincke, Christian Alexander Hirsch, Federica Giachero, Malik Aydin, Jonas Scholz, Franziska Jönsson, Claudia Hagedorn, Duc Ninh Nguyen, Thomas Thymann, Anton Pembaur, Valerie Orth, Victoria Wünsche, Pingping Jiang, Stefan Wirth, Andreas Jenke, Per Torp Sangild, Florian
10.1007/s12145-023-01045-0	2023	Utility of the Python package Geoweaver_cwl for improving workflow reusability: an illustration with multidisciplinary use cases	Earth Science Informatics	Amruta Kale, Ziheng Sun, Xiaogang Ma
10.33540/1982	2023	We are all on the same team		Annefleur C. Langedijk
10.1002/9781394257317.ch3	2023	Workflows for Bioinformatics Data Integration		Sarah Cohen‐Boulakia, Frédéric Lemoine
10.53660/201.prw203	2023	e-QA NGS: a user-friendly tool to preprocessing data from next generation sequencing	Peer Review	Antonio Sérgio Cruz Gaia, Mônica Silva de Oliveira, Gislenne da Silva Moia, Victória Cardoso dos Santos, Jorianne Thyeska Castro Alves, Pablo Henrique Caracciolo Gomes de Sá, Adonney Allan de Oliveira Veras
10.1186/s12859-023-05254-8	2023	transXpress: a Snakemake pipeline for streamlined de novo transcriptome assembly and annotation	BMC Bioinformatics	Timothy R. Fallon, Tereza Čalounová, Martin Mokrejš, Jing‐Ke Weng, Tomáš Pluskal
10.1093/gigascience/giae030	2024	A qualitative assessment of using ChatGPT as large language model for scientific workflow development	GigaScience	Mario Sänger, Ninon De Mecquenem, Katarzyna Ewa Lewińska, Vasilis Bountris, Fabian Lehmann, Ulf Leser, Thomas Kosch
10.1101/2024.03.22.586318	2024	Activity of zebrafish THAP9 transposase and zebrafish P element-like transposons	bioRxiv (Cold Spring Harbor Laboratory)	Nitzan Kutnowski, George E. Ghanim, Yeon Ji Lee, Donald C. Rio
10.1002/aisy.202300366	2024	Advancing Predictive Risk Assessment of Chemicals via Integrating Machine Learning, Computational Modeling, and Chemical/Nano‐Quantitative Structure‐Activity Relationship Approaches	Advanced Intelligent Systems	Ajay Vikram Singh, Mansi Varma, Mansi Rai, Shubham Pratap Singh, Girija Bansod, Peter Laux, Andreas Luch
10.1016/j.cbpa.2024.111649	2024	Ammonia transport in the excretory system of mosquito larvae (Aedes aegypti): Rh protein expression and the transcriptome of the rectum	Comparative Biochemistry and Physiology Part A Molecular & Integrative Physiology	Andrea C. Durant, Andrew Donini
10.1002/9781119846567.ch11	2024	Analysis Pipelines and a Platform Solution for Next‐Generation Sequencing Data		Victor Hugo Rezende Duarte, Alesandro Gómez, Juan M. Corchado
10.1159/000540395	2024	Artificial Intelligence-Driven Prediction Revealed CFTR Associated with Therapy Outcome of Breast Cancer: A Feasibility Study	Oncology	Mária Kováčová, Viktor Hlaváč, Renata Koževnikovová, Karel Rauš, Jiří Gatěk, Pavel Souček
10.1016/j.scitotenv.2024.170692	2024	Assessing the chronic effect of the bioavailable fractions of radionuclides and heavy metals on stream microbial communities: A case study at the Rophin mining site	The Science of The Total Environment	Clarisse Mallet, Florent Rossi, Yahaya Hassan-Loni, Guillaume Holub, Le Thi-Hong-Hanh, Olivier Diez, Hervé Michèl, Claire Sergeant, Sofia Kolovi, Patrick Chardon, G. Montavon
10.1016/b978-0-32-391778-0.00019-3	2024	Big Data analysis	Elsevier eBooks	Jugal Kumar Kalita, Dhruba K. Bhattacharyya, Swarup Roy
10.1038/s41598-024-67409-8	2024	BioPipeline Creator—a user-friendly Java-based GUI for managing and customizing biological data pipelines	Scientific Reports	Cléo Maia Cordeiro, Gislenne da Silva Moia, Mônica Silva de Oliveira, Lucas da Silva e Silva, Maria Paula Cruz Schneider, Sávio Souza Costa, Rafael Azevedo Baraúna, Diego Assis das Graças, Artur Silva, Adonney Allan de Oliveira Veras
10.1021/acsomega.4c08408	2024	CACTUS: Chemistry Agent Connecting Tool Usage to Science	ACS Omega	Andrew McNaughton, Gautham Krishna Sankar Ramalaxmi, Agustin Kruel, Carter R. Knutson, Rohith Anand Varikoti, Neeraj Kumar
10.1016/b978-0-323-95502-7.00105-6	2024	Cell Modelling and Simulation	Elsevier eBooks	Kayden KM Low, Maurice HT Ling
10.1016/j.molcel.2024.09.011	2024	Cell-cycle-dependent mRNA localization in P-bodies	Molecular Cell	Adham Safieddine, Marie‐Noëlle Benassy, Thomas Bonte, Floric Slimani, Oriane Pourcelot, Michel Kress, Michèle Ernoult‐Lange, Maïté Courel, Emeline Coleno, Arthur Imbert, Antoine Lainé, Annie Munier Godebert, Angélique Vinit, Corinne Blugeon, Guillaume Chevreux, Daniel Gautheret, Thomas Walter, Édoua
10.2139/ssrn.4801433	2024	Characterising Reproducibility Debt in Scientific Software:A Systematic Literature Review	SSRN Electronic Journal	Zara Hassan, Christoph Treude, Michael Norrish, Graham Richard Williams, Alex Potanin
10.1016/j.jss.2024.112327	2024	Characterising reproducibility debt in scientific software: A systematic literature review	Journal of Systems and Software	Zara Hassan, Christoph Treude, Michael Norrish, Graham J. Williams, Alex Potanin
10.4103/bbrj.bbrj_338_24	2024	Comprehensive Analysis of Breast Cancer Cell Lines: Genome-wide Insights from ChIP-seq Analysis	Biomedical and Biotechnology Research Journal (BBRJ)	Tanishq Sahu, Ruchi Yadav
10.1016/b978-0-323-95502-7.00089-0	2024	Computational Tools for Structural Analysis of Proteins	Elsevier eBooks	Jan Brezovský, Aaftaab Sethi, Bartłomiej Surpeta
10.1016/b978-0-323-91631-8.00001-9	2024	Computational and statistical considerations in the analysis of metagenomic data	Elsevier eBooks	Fredrik Boulund, Mariana Buongermino Pereira, Viktor Jönsson, Erik Kristiansson
10.4018/979-8-3693-5226-7.ch007	2024	Computer-Assisted Analysis of Proteomics and Genomic	Advances in medical technologies and clinical practice book series	Sahil Kumar Aggarwal, Ruchi Jain, Aayush Agarwal, Sandeep Saxena, Akbar Khodaparast Haghi
10.1109/e-science62913.2024.10678732	2024	CuttleFlow: Infrastructure-Specific Workflow Adaption for Improved Reusability		Ninon De Mecquenem, Simon Bosse, Vasilis Bountris, Somayeh Mohammadi, Knut Reinert, Ulf Leser
10.1186/s13104-024-06964-9	2024	Design and implementation of a metagenomic analytical pipeline for respiratory pathogen detection	BMC Research Notes	Pablo Alessandro B Viana, Diogo Antonio Tschoeke, Laise Eduarda Paixão de Moraes, Luciane Amorim Santos, Manoel Barral‐Netto, Ricardo Khouri, Pablo Ivan Pereira Ramos, Pedro Milet Meirelles
10.1016/j.onehlt.2024.100960	2024	Differential effect of acute versus persistent insect-specific flavivirus infection on superinfection exclusion of West Nile, Zika and chikungunya viruses in RNAi-competent and -deficient mosquito cells	One Health	Wessel W. Willemsen, Nick Helmes, Gijs J. Overheul, Marleen Henkens, Ruben Spruijt, Ronald P. van Rij, Monique M. van Oers, Gorben P. Pijlman, Jelke Jan Fros
10.1016/b978-0-323-95502-7.00150-0	2024	Ecosystem Monitoring, Modeling and Assessment	Elsevier eBooks	Sakshi Verma, Shania Vij, Nahida Rehman Mir, Sandeep Kumar, Nitika Kapoor
10.20944/preprints202405.0780.v1	2024	Elevated Temperature Effects on Protein Turnover Dynamics in Arabidopsis thaliana Seedlings Revealed by 15N-Stable Isotope Labeling and ProteinTurnover Algorithm	Preprints.org	Kai‐Ting Fan, Yuan Xu
10.1145/3641525.3663623	2024	Evaluating Tools for Enhancing Reproducibility in Computational Scientific Experiments		Lázaro Costa, Susana Barbosa, Jácome Cunha
10.3390/biomedicines12112498	2024	Exome Profiling Suggests Combined Effect of Myeloperoxidase, Toll-Like Receptors, and Metallopeptidase in Hidradenitis Suppurativa	Biomedicines	Alessia Azzarà, Ilaria Cassano, Carla Lintas, Fiorella Gurrieri
10.1093/femsle/fnae074	2024	Genomic insights into symbiosis and host adaptation of sponge-associated novel bacterium, Rossellomorea orangium sp. nov	FEMS Microbiology Letters	Md. Umar, Titus Susan Merlin, Thavarool Puthiyedathu Sajeevan
10.1093/bib/bbae367	2024	Haxe as a Swiss knife for bioinformatic applications: the SeqPHASE case story	Briefings in Bioinformatics	Yann Spöri, Jean‐François Flot
10.2172/2341398	2024	Integrating HPC, AI, and Workflows for Scientific Data Analysis: Report from Dagstuhl Seminar 23352		Rosa M. Badia, Laure Berti‐Équille, Rafael Ferreira da Silva, Ulf Leser
10.1016/b978-0-323-95502-7.00096-8	2024	Integrative Bioinformatics	Elsevier eBooks	Silvia Cascianelli, Marco Masseroli
10.1080/17410541.2024.2412514	2024	Introduction of a single-nucleotide variant, rs16851030, into the ADORA1 gene increased cellular susceptibility to hypoxia	Personalized Medicine	Poh Kuan Wong, Saiful Effendi Syafruddin, Fook‐Choe Cheah, Norazrina Azmi, Pei Yuen Ng, Eng Wee Chua
10.1063/5.0190834	2024	Massively scalable workflows for quantum chemistry: BigChem and ChemCloud	The Journal of Chemical Physics	Colton B. Hicks, Todd J. Martı́nez
10.1016/b978-0-323-98394-5.00009-2	2024	Metagenomics and bioinformatics in microbial ecology: current status and beyond	Elsevier eBooks	Debjit De, Tilak Nayak, Gargi Das, Pradeep K. Dhal
10.1038/s41598-024-76096-4	2024	Microbial education plays a crucial role in harnessing the beneficial properties of microbiota for infectious disease protection in Crassostrea gigas	Scientific Reports	Luc Dantan, Prunelle Carcassonne, Lionel Dégremont, Benjamín Morga, Marie‐Agnès Travers, Bruno Petton, Mickäel Mège, Élise Maurouard, Jean‐François Allienne, Gaëlle Courtay, Océane Romatif, Juliette Pouzadoux, Raphaël Lami, Laurent Intertaglia, Yannick Gueguen, Jérémie Vidal‐Dupiol, Ève Toulza, Céli
10.1101/2024.05.17.594303	2024	Microbial education plays a crucial role in harnessing the beneficial properties of microbiota for infectious disease protection in Crassostrea gigas	bioRxiv (Cold Spring Harbor Laboratory)	Luc Dantan, Prunelle Carcassonne, Lionel Dégremont, Benjamín Morga, Marie‐Agnès Travers, Bruno Petton, Mickäel Mège, Élise Maurouard, Jean‐François Allienne, Gaëlle Courtay, Océane Romatif, Juliette Pouzadoux, Raphaël Lami, Laurent Intertaglia, Yannick Gueguen, Jérémie Vidal‐Dupiol, Ève Toulza, Céli
10.1016/j.cell.2024.09.007	2024	Molecular basis of global promoter sensing and nucleosome capture by the SWR1 chromatin remodeler	Cell	Robert K. Louder, Giho Park, Ziyang Ye, Justin S. Cha, Anne M. Gardner, Qin Lei, Anand Ranjan, Eva Höllmüller, Florian Stengel, B. Franklin Pugh, Carl C. M. Wu
10.1016/j.bbadis.2024.167120	2024	Multi-OMICS approaches in cancer biology: New era in cancer therapy	Biochimica et Biophysica Acta (BBA) - Molecular Basis of Disease	Sohini Chakraborty, Gaurav Sharma, Sricheta Karmakar, Satarupa Banerjee
10.1007/978-981-97-7123-3_3	2024	Next-Generation Sequencing and Genomic Data Analysis		Vivek Kumar, Surabhi Gangani, Rohit Nandan Shukla, Santosh Kumar Prajapati, Himanshu Shekhar, Vaishali Shukla
10.1109/scw63240.2024.00255	2024	Parsl+CWL: Towards Combining the Python and CWL Ecosystems		Nishchay Karle, Ben Clifford, Yadu Babuji, Ryan Chard, Daniel S. Katz, Kyle Chard
10.1007/s00284-024-03878-4	2024	Phylogenomic Analysis Supports the Reclassification of Caldicoprobacter faecalis (Winter et al. 1988) Bouanane-Darenfed et al. (2015) as a Later Heterotypic Synonym of Caldicoprobacter oshimai Yokoyama et al. (2010)	Current Microbiology	Khaoula Bouznada, Rafika Saker, Hadj Ahmed Belaouni, Atika Meklat
10.1007/s10482-024-02027-y	2024	Phylogenomic analyses of the Listeriaceae family support species reclassification and proposal of a new family and new genera	Antonie van Leeuwenhoek	Khaoula Bouznada, Hadj Ahmed Belaouni, Rafika Saker, Fawzia Chaabane Chaouch, Atika Meklat
10.1038/s42003-024-05868-5	2024	Positive epistasis drives clavulanic acid resistance in double mutant libraries of BlaC β-lactamase	Communications Biology	Marko Radojković, Marcellus Ubbink
10.20944/preprints202405.0085.v1	2024	Proteome Dynamics of Arabidopsis thaliana Under Moderate Heat Stress	Preprints.org	Kai‐Ting Fan, Yuan Xu
10.1101/2024.04.30.591943	2024	Proteomic Dynamics and Heat Stress Response in Arabidopsis Seedlings	bioRxiv (Cold Spring Harbor Laboratory)	Kai‐Ting Fan, Yuan Xu
10.11606/t.5.2024.tde-25042024-161527	2024	Reanálise fenotípica e genotípica de indivíduos com diagnóstico clínico de diabetes monogênico sem etiologia molecular estabelecida		Pedro Campos Franco
10.5812/rro-142195	2024	Role of Transcriptomics in Precision Oncology	Reports of Radiotherapy and Oncology	Ruby Srivastava
10.1371/journal.pntd.0012267	2024	Schistosoma haematobium and Schistosoma bovis first generation hybrids undergo gene expressions changes consistent with species compatibility and heterosis	PLoS neglected tropical diseases	Eglantine Mathieu‐Bégné, Julien Kincaid-Smith, Cristian Chaparro, Jean‐François Allienne, Olivier Rey, Jérôme Boissier, Ève Toulza
10.1016/j.gecco.2024.e02983	2024	Seasonal covariations of diet-gut microbiota in the adaptation of the newly reintroduced Père David's deer (Elaphurus davidianus) to the northern habitat	Global Ecology and Conservation	Lele Lin, Ziliang Guo, Jiade Bai, Zhenyu Zhong, Junfang Li, Qingyun Guo
10.3390/cells13020114	2024	Synaptopodin Regulates Denervation-Induced Plasticity at Hippocampal Mossy Fiber Synapses	Cells	Pia Kruse, Gudrun Brandes, Hanna Hemeling, Zhong Huang, Christoph Wrede, Jan Hegermann, Andreas Vlachos, Maximilian O. Lenz
10.1038/s41434-024-00477-7	2024	The AAV2.7m8 capsid packages a higher degree of heterogeneous vector genomes than AAV2	Gene Therapy	Mengtian Cui, Qin Su, Mitchell Yip, Jackson McGowan, Claudio Punzo, Guangping Gao, Phillip W.L. Tai
10.1007/s11916-024-01264-0	2024	The Role and Applications of Artificial Intelligence in the Treatment of Chronic Pain	Current Pain and Headache Reports	Tiffany A. Meier, Mohammad S. Refahi, Gavin Hearne, Daniele S. Restifo, Ricardo Munoz‐Acuna, GAIL L. ROSEN, Stephen Woloszynek
10.1016/b978-0-323-99688-4.00010-9	2024	Transcriptomic analyses provide insights into plant-viroid interactions	Elsevier eBooks	Jernej Jakše, Ying Wang, Jaroslav Matoušek
10.1101/2024.10.21.617801	2024	Transcriptomic profiling of unmethylated full mutation carriers implicates TET3 in FMR1 CGG repeat expansion methylation dynamics in Fragile X syndrome	bioRxiv (Cold Spring Harbor Laboratory)	Grace Farmiloe, Veronika Bejczy, Elisabetta Tabolacci, Rob Willemsen, Frank M. J. Jacobs
10.1016/b978-0-443-13222-3.00034-4	2024	Transcriptomic profiling–based identification of biomarkers of stem cells	Elsevier eBooks	Swati Sharma, Daizy Kalpdev, Ankit Choudhary
10.31219/osf.io/jv3ta	2024	Unraveling Proteome Dynamics in Arabidopsis thaliana Seed-lings Under Moderate Heat Stress		Kai‐Ting Fan, Yuan Xu
10.21203/rs.3.rs-4351529/v1	2024	Unraveling Proteomic Adaptations to Moderate Heat Stress in Arabidopsis thaliana: Insights for Developing Thermotolerant Crops	Research Square	Kai‐Ting Fan, Yuan Xu
10.1101/2024.08.30.610534	2024	Validation studies and multi-omics analysis of Zhx2 as a candidate quantitative trait gene underlying brain oxycodone metabolite (oxymorphone) levels and behavior	bioRxiv (Cold Spring Harbor Laboratory)	William B. Lynch, Sophia A. Miracle, Stanley I. Goldstein, Jacob A. Beierle, Rhea Bhandari, Ethan T. Gerhardt, Ava D. Farnan, Binh-Minh Nguyen, Kelly K. Wingfield, Ida Kazerani, Gabriel A. Saavedra, Olga Averin, Britahny M. Baskin, Martin T. Ferris, Christopher A. Reilly, Andrew Emili, Camron D. Bry
10.21105/joss.06089	2024	Viash: A meta-framework for building reusable workflow modules	The Journal of Open Source Software	Robrecht Cannoodt, Hendrik Cannoodt, Dries Schaumont, Kai Waldrant, Eric Van den Kerckhove, Andy Boschmans, Dries De Maeyer, Toni Verbeiren
10.1242/jeb.246486	2024	Voltage-gated ion channels are expressed in the Malpighian tubules and anal papillae of the yellow fever mosquito (Aedes aegypti), and may regulate ion transport during salt and water imbalance	Journal of Experimental Biology	Serena Farrell, Jocelyne Dates, Nancy Ramirez, Hannah Hausknecht-Buss, Dennis Kolosov
10.1093/bioadv/vbae185	2024	blast2galaxy: a CLI and Python API for BLAST+ and DIAMOND searches on Galaxy servers	Bioinformatics Advances	Patrick König, Anne Fiebig, Thomas Münch, Björn Andreas Grüning, Uwe Scholz
10.1109/icse-seis66351.2025.00013	2025	A Collaborative Framework for Cross-Domain Scientific Experiments for Society 5.0		Muhammad Mainul Hossain, Banani Roy, Chanchal Kumar Roy, Kevin A. Schneider
10.1101/2025.03.25.645260	2025	A Multi-Omic Phenobank Reveals Axes of Glioblastoma Growth, Invasion, and Therapeutic Vulnerability	bioRxiv (Cold Spring Harbor Laboratory)	Cecilia C. Krona, Soumi Kundu, Emil Rosén, Filippa Kruse, Madeleine Skeppås, Haris Babačić, Ida Larsson, Ludmila Elfineh, Maya Jeje Schuan Lü, Maria Escriva Conde, Ramy Elgendy, Zankruti Dave, Milena Doroszko, Katrin Rut-Halldorsdottir, Xiaofang Cao, Rashmi Ramachandra, Karl Holmberg Olausson, Mats 
10.1038/s41467-025-63622-9	2025	A basic framework to explain splice-site choice in eukaryotes	Nature Communications	Craig Dent, Stefan Prodic, Aiswarya Balakrishnan, Aaryan Chhabra, J. Georges, Sourav Mukherjee, Jordyn Coutts, Michael Gitonobel, Rucha D. Sarwade, Joseph Rosenbluh, Mauro D’Amato, Partha Pratim Das, Ya‐Long Guo, Alexandre Fournier‐Level, Richard Burke, Sridevi Sureshkumar, David Powell, Sureshkumar
10.1016/j.jbc.2025.110347	2025	A glycine at position 105 leads to clavulanic acid and avibactam resistance in class A β-lactamases	Journal of Biological Chemistry	Marko Radojković, Aleksandra Chikunova, Saar F. Koene, Monika Timmer, Sivanandam V. Natarajan, Aimee L. Boyle, Marcellus Ubbink
10.1016/j.future.2025.107974	2025	A terminology for scientific workflow systems	Future Generation Computer Systems	Frédéric Suter, Tainã Coleman, İlkay Altintaş, Rosa M. Badia, Bartosz Baliś, Kyle Chard, Iacopo Colonnelli, Ewa Deelman, Paolo Di Tommaso, Thomas Fahringer, Carole Goble, Shantenu Jha, Daniel S. Katz, Johannes Köster, Ulf Leser, Kshitij R. Mehta, Hilary Oliver, J. L. Peterson, Giovanni Pizzi, Loïc P
10.1099/ijsem.0.006731	2025	A whole-genome study suggests a taxonomic rearrangement of Saccharopolyspora subtropica as a later heterotypic synonym of Saccharopolyspora thermophila and Saccharopolyspora spinosporotrichia as a later heterotypic synonym of Saccharopolyspora erythraea	INTERNATIONAL JOURNAL OF SYSTEMATIC AND EVOLUTIONARY MICROBIOLOGY	Guendouz Dif, Nadjette Djemouaı, Atika Meklat, Abdelghani Zitouni
10.1101/2025.01.07.631712	2025	AAVone: A Cost-Effective, Single-Plasmid Solution for Efficient AAV Production with Reduced DNA Impurities	bioRxiv (Cold Spring Harbor Laboratory)	Rongze Yang, Ngoc Tam Tran, Taylor J Chen, Mengtian Cui, Yuyan Wang, Tapan Sharma, Boping Liu, Jiantao Zhang, Xinxu Yuan, Dengwei Zhang, Cuiping Chen, Zhen Shi, Leming Wang, Yuling Dai, Haniya Zaidi, Jiarui Liang, May W. Chen, Dabbu Kumar Jaijyan, Huan Hu, Bing Wang, Cheng Xu, Wenhui Hu, Guangping G
10.1016/j.omtn.2025.102563	2025	AAVone: A cost-effective, single-plasmid solution for efficient AAV production with reduced DNA impurities	Molecular Therapy — Nucleic Acids	Rongze Yang, Ngoc Tam Tran, Taylor Chen, Mengtian Cui, Yuyan Wang, Tapan Sharma, Boping Liu, Jiantao Zhang, Xinxu Yuan, Dengwei Zhang, Cuiping Chen, Zhen Shi, Lemin Wang, Yuling Dai, Haniya Zaidi, Jiarui Liang, May W. Chen, Dabbu Kumar Jaijyan, Huan Hu, Bing Wang, Cheng Xu, Wenhui Hu, Guangping Gao,
10.1111/tpj.70138	2025	ASAFind 2.0: multi‐class protein targeting prediction for diatoms and algae with complex plastids	The Plant Journal	Ansgar Gruber, Marta Vohnoutová, Cedar McKay, Gabrielle Rocap, Miroslav Obornı́k
10.1002/1878-0261.13783	2025	Addressing persistent challenges in digital image analysis of cancer tissue: resources developed from a hackathon	Molecular Oncology	Sandhya Prabhakaran, Clarence Yapp, Gregory J. Baker, Johanna Beyer, Young Hwan Chang, Allison Creason, Robert Krueger, Jeremy L. Muhlich, Nathan Heath Patterson, Kevin Sidak, Damir Sudar, Adam J. Taylor, Luke Ternes, Jakob Troidl, Xie Yubin, Artem Sokolov, Darren R. Tyson
10.64898/2025.12.25.695362	2025	Ancient MAX Effector Variants of a Fungal Pathogen Evade Apoplastic Immunity in Apple	bioRxiv (Cold Spring Harbor Laboratory)	Mélanie Sannier, Sirine Benmamar, Jérôme Collemare, Christophe Lemaire, Valérie Caffier, Clémentine Duplaix, Jason B. Shiller, Eglantine Mathieu‐Bégné, Alice Vayssières, Henk J. Schouten, Carl Hayden Mesarich, Bruno Le Cam, Maël Baudin
10.1016/b978-0-443-23703-4.00005-4	2025	Bioinformatics and multivariate algorithms: Current and future implications in the synthesis of nanowires	Elsevier eBooks	Kunal Biswas, Granap Blessy Ramesh, Prabhakar Singh, Saqib Hassan
10.1016/j.jenvman.2025.126049	2025	Cadmium immobilization in river sediments using nano-chlorapatite modified biochars: Effects on prokaryotic communities	Journal of Environmental Management	Qiusheng Yuan, Peifang Wang, Xun Wang, Bin Hu, Chao Wang, Xiaolei Xing, Rong Ying Huang
10.3390/biology14121726	2025	Complete Chloroplast Genome Characterization, and Phylogenetic Analyses of the Rare and Endangered Plant Platycrater arguta	Biology	Xiaohua Ma, Youju Ye, Renan Lin, Qingdi Hu, Xule Zhang, Yaping Hu, Lei Feng, Renjuan Qian, Jian Zheng
10.1128/mra.00193-25	2025	Complete genome sequence of Planococcus koreensis isolated from soil in Fort Collins, Colorado	Microbiology Resource Announcements	P. Gruber, Ashley Freedman, Kendall Malmstrom, Bradley R. Borlee, Carolina Mehaffy
10.1099/ijsem.0.006975	2025	Comprehensive genomic review of the genus Salinisphaera with the proposal of two new subspecies	INTERNATIONAL JOURNAL OF SYSTEMATIC AND EVOLUTIONARY MICROBIOLOGY	Guendouz Dif, Nadjette Djemouaı, Noureddine Bouras, Affaf Laassami, Abdelghani Zitouni
10.1099/ijsem.0.007005	2025	Comprehensive genomic revision of the genus Geobacter, with the reclassification of Geobacter soli (Zhou et al. 2014) as a later heterotypic synonym of Geobacter anodireducens (Sun et al. 2014)	INTERNATIONAL JOURNAL OF SYSTEMATIC AND EVOLUTIONARY MICROBIOLOGY	Guendouz Dif, Nadjette Djemouaı, Omrane Toumatia, Noureddine Bouras, Abdelghani Zitouni
10.1093/nar/gkaf765	2025	Comprehensive mapping of transcription terminator Rho utilization (Rut) sites across the Bacillus subtilis genome	Nucleic Acids Research	Mildred Delaleau, Vladimir Bidnenko, Éric Eveno, Gergana Kostova, J.A. Black, Stephen McGovern, Olivier Pellegrini, Sandra Dérozier, Matthieu Jules, Ciarán Condon, Sylvain Durand, Elena Bidnenko, Marc Boudvillain
10.1080/15476286.2025.2570040	2025	Coordination of the Fe-S cluster biogenesis network by the sRNA RyhB in E. coli	RNA Biology	Karine Prévost, Carlos Daniel Vega Valle, Manon Le Normand, Aura-Lee Béliveau-Caron, Sarah Poirier, David Lalaouna, Thierry Chénard, Éric Massé
10.1016/j.scitotenv.2025.180026	2025	Deciphering the molecular mechanisms of oyster resistance to Pacific Oyster Mortality Syndrome (POMS) disease induced by high temperatures	The Science of The Total Environment	Léo Duperret, A. Valdivieso, Emily Kunselman, Bruno Petton, Benjamín Morga, Julien de Lorgeril, Fabrice Pernet, Lionel Dégremont, Nicole Faury, Jean‐François Allienne, Juliette Pouzadoux, Océane Romatif, Gaëlle Courtay, Cristián J. Monaco, Ève Toulza, Lizenn Delisle, Jérémie Vidal‐Dupiol, Arnaud Lag
10.1016/j.icte.2025.11.018	2025	Deterministic protein structure and binding site analysis through blockchain-integrated workflow verification	ICT Express	Victor Ikenna Kanu, Simeon Okechukwu Ajakwe, Jae‐Min Lee, Dong‐Seong Kim
10.1101/2025.05.16.654343	2025	Distinct Sox9 single-molecule dynamics characterize adult differentiation and fetal-like reprogrammed states in intestinal organoids	bioRxiv (Cold Spring Harbor Laboratory)	Nike Walther, Sathvik Anantakrishnan, Gina M. Dailey, Anna C. Maurer, Claudia Cattoglio
10.1109/bigdata66926.2025.11401604	2025	Domain-Specific Data Compression for Nextflow with COMET-FLOW		Ninon De Mecquenem, Simon Bosse, Vasilis Bountris, Fabian Lehmann, Somayeh Mohammadi, Pauline Karega, Knut Reinert, Ulf Leser
10.3390/jmse13050836	2025	Ecological Responses of Microbially Activated Water Flooding in Ultra-Low-Permeability Reservoirs: A Case Study of the B9 Reservoir in the Triassic Yanchang Formation	Journal of Marine Science and Engineering	Lei Li, Chunhui Zhang, Peidong Su, Hongmei Mu
10.3390/environments13010020	2025	Effects of Montmorillonite on Crude Oil Biodegradation and the Microbial Community in an Oil Production Well Pad Shut Down for 753 Days	Environments	Lei Li, Chunhui Zhang, Yong Zhang
10.1186/s13059-025-03673-9	2025	Empowering bioinformatics communities with Nextflow and nf-core	Genome biology	Björn E. Langer, Andreia Neves do Amaral, Marie-Odile Baudement, Franziska Bonath, Mathieu Charles, Praveen Chitneedi, Emily L. Clark, Paolo Di Tommaso, Sarah Djebali, Philip Ewels, Sonia E Eynard, James A. Fellows Yates, Daniel Fischer, Evan W. Floden, Sylvain Foissac, Gisela Gabernet, Maxime Garci
10.3390/genes16111311	2025	Exome Sequencing Uncovers Genetic Drivers of Multiple Sclerosis in a Multiplex Family	Genes	Carla Lintas, Simone Bonora, Anna Marabotti, Claudio Tabolacci, María Luisa Scattoni, Fioravante Capone, Mariagrazia Rossi, Vincenzo Di Lazzaro, Fiorella Gurrieri
10.24072/pcjournal.583	2025	Experimental evidence for short term directional selection of epigenetic trait variation	Peer Community Journal	Benoît Pujol, Mathieu Latutrie, Nelia Luviano-Aparicio, Pierick Mouginot, Jésaëlle Piquet, Sara Marin, Stéphane Maury
10.1101/2025.01.13.631932	2025	FaRIF at the Core of Strawberry Fruit Ripening: Deciphering its Targets and Interaction Networks	bioRxiv (Cold Spring Harbor Laboratory)	Carmen Martín‐Pizarro, Jose Manuel Franco‐Zorrilla, María Florencia Perotti, Rosa Lozano‐Durán, Guozheng Qin, David Posé
10.1016/j.isci.2025.114333	2025	Food deprivation enhances disease resistance: Underlying mechanisms in oysters confronted with pacific oyster mortality syndrome	iScience	Léo Duperret, A. Valdivieso, Bruno Petton, Benjamín Morga, Nicole Faury, Julien de Lorgeril, Charlotte Corporeau, Lionel Dégremont, Jean‐François Allienne, Sylvain Henry, Andrei Turtoï, Juliette Pouzadoux, Océane Romatif, Gaëlle Courtay, Cristián J. Monaco, Ève Toulza, Arnaud Lagorce, Fabrice Pernet
10.1093/gigascience/giae107	2025	Galaxy as a gateway to bioinformatics: Multi-Interface Galaxy Hands-on Training Suite (MIGHTS) for scRNA-seq	GigaScience	Camila L Goclowski, Julia Jakiela, Tyler C. Collins, Saskia Hiltemann, Morgan Howells, Marisa Loach, Jonathan R. Manning, Pablo A Moreno, Alexander Ostrovsky, Helena Rasche, Mehmet Tekman, Graeme Tyson, Pavankumar Videm, Wendi Bacon
10.2139/ssrn.5264144	2025	Galeupy: An Integrated Data Management and Visualization System for Annotated Genomes	SSRN Electronic Journal	Aditya Umesh Upadhyay, Arijit Panda, Sucheta Tripathy
10.1007/978-3-031-89704-7_5	2025	Gene Set-Focused Analysis of RNA-Seq Data with MIEP (Make-It-Easy-Pipeline)	Lecture notes in computer science	Alberto Corradin, Francesco Ciccarese, Vittoria Raimondi, Loredana Urso, Micol Silic‐Benussi, Vincenzo Ciminale
10.3390/ijms26083593	2025	Genome-Wide Identification and Expression Analysis of m6A Methyltransferase Family in Przewalskia tangutica Maxim.	International Journal of Molecular Sciences	Xing Ye, Xingqiang Hu, Kun Zhen, Jing Meng, Hai Yan Du, Xu Cao, Dangwei Zhou
10.1099/ijsem.0.006841	2025	Genome-based reclassification within Geomonas: Geomonas nitrogeniifigens Liu et al. 2022 as a heterotypic synonym of Geomonas diazotrophica Xu et al. 2022 and Geomonas fuzhouensis Yang et al. 2023 as a later heterotypic synonym of Geomonas subterranea Liu et al. 2022	INTERNATIONAL JOURNAL OF SYSTEMATIC AND EVOLUTIONARY MICROBIOLOGY	Guendouz Dif, Nadjette Djemouaı, Imane Dif, Atika Meklat, Abdelghani Zitouni
10.1007/s00284-025-04448-y	2025	Genome‑Based Reclassification of Dactylosporangium matsuzakiense Shomura and Niida 1983 As A Later Heterotypic Synonym of Dactylosporangium vinaceum Shomura et al. 1983 and Proposal of Dactylosporangium vinaceum subsp. vinaceum subsp. nov. and Dactylosporangium vinaceum subsp. matsuzakiense subsp. nov	Current Microbiology	Rafik Ould taleb, Rafika Saker, Khaoula Bouznada, Hadj Ahmed Belaouni, Atika Meklat
10.1186/s12859-025-06247-5	2025	H3NGST: a fully automated, web-based platform for end-to-end ChIP-seq analysis	BMC Bioinformatics	Hyeon Ho Heo, Soo‐Jong Um
10.1007/s00284-025-04488-4	2025	Heavy Metal-Resistant Bacterial Communities in the Artsvanik Tailing Dump, Armenia	Current Microbiology	Armine Margaryan, S. A. Nikolyan, Irina Ayvazyan, Hovik Panosyan, Nils-Kåre Birkeland
10.1128/spectrum.02129-25	2025	High prevalence of multidrug-resistant Salmonella enterica in Thailand food markets: insights from complete genome and phenotypic characterization of ESBL-producing strains	Microbiology Spectrum	Phutthaphorn Phaophu, Nalumon Thadtapong, Samantha E. Wirth, A. W. Gray, Sunisa Dangsuk, Natharin Ngamwongsatit, Ratchaneewan Aunpad, Soraya Chaturongakul
10.3390/ani15152271	2025	Identification of Keystone Plant Species for Avian Foraging and Nesting in Beijing’s Forest Ecosystems: Implications for Urban Forest Bird Conservation	Animals	Lele Lin, Yongjian Zhao, Chao Yuan, Yushu Zhang, Siyu Qiu, Jixin Cao
10.1016/j.biortech.2025.132255	2025	Implementation of an adaptive laboratory evolution strategy for improved production of valuable microbial secondary metabolites	Bioresource Technology	Sarah A. Martinez, David N. Bernard, Marie‐Christine Groleau, Mylène C. Trottier, Éric Déziel
10.1007/s00284-025-04158-5	2025	In-Depth Genome-Based Analysis of Shigella spp. and Escherichia spp.: Resolving Ambiguities and Unveiling Phylogenetic Relationships	Current Microbiology	Guendouz Dif, Nadjette Djemouaı, Noureddine Bouras, Abdelghani Zitouni
10.1016/j.corsci.2025.112988	2025	Indirect impact of quorum sensing on corrosion of graphene-coated copper via sulfate-reducing bacteria biofilm enhancement	Corrosion Science	Ramesh Devadig, Vaibhav Handa, Kalimuthu Jawaharraj, Suvarna N. L. Talluri, Saurabh Sudha Dhiman, Tingyue Gu, Venkataramana R. Gadhamshetty
10.1016/j.mechmat.2025.105480	2025	Integrated experiment and simulation co-design: A key infrastructure for predictive mesoscale materials modeling	Mechanics of Materials	Shailendra P. Joshi, Ashley Bucsek, Darren C. Pagan, Samantha Hayes Daly, Suraj Ravindran, Jaime Marian, Miguel Aníbal Bessa, Surya R. Kalidindi, Nikhil Chandra Admal, Celia Reina, Somnath Ghosh, James A. Warren, Jorge Viñals, Ellad B. Tadmor
10.70389/pjpb.100012	2025	Integrating Multi-Omics Data for Plant Stress Response: Current Advances and Future Directions	Premier Journal of Plant Biology	Amita Kajrolkar
10.1128/cmr.00140-22	2025	Integrating whole-genome sequencing into antimicrobial resistance surveillance: methodologies, challenges, and perspectives	Clinical Microbiology Reviews	Yasufumi Matsumura, Masaki Yamamoto, Ryota Gomi, Yasuhiro Tsuchido, Koh Shinohara, Taro Noguchi, Miki Nagao
10.1016/j.soilbio.2025.109885	2025	Microbial metabolisms determine soil priming effect induced by organic inputs	Soil Biology and Biochemistry	Yingyi Fu, Wan‐Ling Liu, Zhiyi Chen, Marc A. Redmile-Gordon, Chao Liang, Caixian Tang, Georg Guggenberger, Shaobin Yan, Liming Yin, Jingjing Peng, Lukas Van Zwieten, Peng Wang, Xi Chen, Yakov V. Kuzyakov, Tida Ge, Jianming M. Xu, Yu Luo
10.3390/metabo15090575	2025	Multi-Omics Feature Selection to Identify Biomarkers for Hepatocellular Carcinoma	Metabolites	Rency S. Varghese, Xinran Zhang, Sarada Giridharan, Muhammad Salman Sajid, Md. Mamunur Rashid, Alexander Kroemer, Habtom W. Ressom
10.3389/fbioe.2025.1638957	2025	Next-generation sequencing applications in food science: fundamentals and recent advances	Frontiers in Bioengineering and Biotechnology	Joel Tigrero-Vaca, Byron Díaz, Ganyu Gu, Juan Manuel Cevallos‐Cevallos
10.1021/acs.jproteome.4c00872	2025	OpenMS WebApps: Building User-Friendly Solutions for MS Analysis	Journal of Proteome Research	Tom David Müller, Arslan Siraj, Axel Walter, Jihyung Kim, Samuel P. Wein, Johannes von Kleist, Ayesha Feroz, Matteo Pilz, Kyowon Jeong, Justin Sing, Joshua Charkow, Hannes Luc Röst, Timo T. Sachsenberg
10.1101/2025.09.22.677756	2025	PRIME: A Multi-Agent Environment for Orchestrating Dynamic Computational Workflows in Protein Engineerings	bioRxiv (Cold Spring Harbor Laboratory)	Yuyang Zhou, Jin Su, Jiawei Zhang, Wenbo Hu, Tianli Tao, Guanqi Li, Xibin Zhou, Li Fan, Fajie Yuan
10.1128/mra.00341-25	2025	Plasmid and chromosomal sequences of Pantoea agglomerans isolated from air in Fort Collins, Colorado	Microbiology Resource Announcements	Ashley Freedman, Kendall Malmstrom, P. Gruber, Bradley R. Borlee, Carolina Mehaffy
10.1093/jac/dkaf338	2025	Potential human health risk of carbapenem-non-susceptible Pseudomonas aeruginosa from companion animals	Journal of Antimicrobial Chemotherapy	Jirachaya Toyting, Toyotaka Sato, Mana Tohyama, Taro Fujino, Kaho Okada, Kazuyoshi Sasaoka, Nozomu Yokoyama, Kana Torii, Akio Suzuki, Yuzo Tsuyuki, Kensuke Nakamura, Mitsuyoshi Takiguchi, Motohiro Horiuchi
10.1016/j.envpol.2025.126805	2025	Primary cell cultures from deceased harbor porpoises to study effects of polystyrene nanoplastics on gene expression	Environmental Pollution	Bernard A. J. Roelen, Henk P. Roest, Immelie Coenen Morales, Florian Meirer, Lonneke L. IJsseldijk, Thijs Bosker, Luc J. W. van der Laan
10.1021/acs.analchem.5c00954	2025	Probing Field Cancerization in the Gastrointestinal Tract Using a Hybrid Raman and Partial Wave Spectroscopy Microscope	Analytical Chemistry	Elena Kriukova, Mikhail Mazurenka, Sabrina Marcazzan, Markus Tschurtschenthaler, Gerwin J. Puppels, Sarah Glasl, Dieter Saur, Moritz Jesinghaus, Marialena Pouliou, Marios Agelopoulos, Apostolos Klinakis, Michael Quante, Jorge Ripoll, Vasilis Ntziachristos, Dimitris S. Gorpas
10.3390/ijms26189157	2025	Proteomics Integrated with Transcriptomics of Clubroot Resistant and Susceptible Brassica napus in Response to Plasmodiophora brassicae Infection	International Journal of Molecular Sciences	Kawalpreet Kaur, Dinesh Adhikary, Nat N. V. Kav, Sabine Scandola, R. Glen Uhrig, Habibur Rahman
10.64898/2025.12.22.695980	2025	R2G2: A Python-R Framework for Seamless Integration of R/Bioconductor Tools into Galaxy	bioRxiv (Cold Spring Harbor Laboratory)	Jayadev Joshi, Fabio Cumbo, Daniel Blankenberg
10.1099/ijsem.0.006684	2025	Reclassification of Actinomadura catellatispora Lu et al. 2003 as a later synonym of Actinomadura livida Lavrova and Preobrazhenskaya 1975 (Approved List 1980) based on whole-genome analysis	INTERNATIONAL JOURNAL OF SYSTEMATIC AND EVOLUTIONARY MICROBIOLOGY	Guendouz Dif, Nadjette Djemouaı, Atika Meklat, Abdelghani Zitouni
10.1007/978-3-031-87873-2_20	2025	Revolutionizing Next-Generation Sequencing: Advanced Analysis Pipeline and Integrated Solutions	Lecture notes in networks and systems	Noelia Egido Iglesias, Pedro Jiménez Fernandez, Ángel Canal-Alonso, Javier Prieto
10.3892/ije.2025.26	2025	Role of lncRNAs related to NRs in the regulation of gene expression	International Journal of Epigenetics	Katerina Pierouli, Louis Papageorgiou, George Panagiotis Chrousos, Elias Eliopoulos, Dimitriοs Vlachakis
10.1007/978-3-032-00407-9_10	2025	Sago Palm (Metroxylon sagu Rottb.) Breeding	Advances in plant breeding strategies	Teuku Tajuddin, Devit Purwoko, Albertus Fajar Irawan, Imam civi cartealy, Imron Riyadi, Yusuf Sigit Ahmad Fauzan, Karyanti, Dwi Asmono, Mochamad Hasjim Bintoro
10.1145/3731599.3767459	2025	StreamHub: High-performance Managed SciStream as a Service		Seena Vazifedunn, Fernando de Lima Castro, Rajkumar Kettimuthu, Ian T Foster, Kyle Chard
10.1016/j.future.2025.107978	2025	Streaming I/O for scientific workflow engine acceleration	Future Generation Computer Systems	Simone Perrotta, Ciro Giuseppe De Vita, Gennaro Mellone, Marco Edoardo Santimaria, Massimo Torquati, Javier Garcia‐Blas, Raffaele Montella
10.1186/s12985-025-02757-z	2025	Studies on the Japanese soil-borne wheat mosaic virus movement protein highlight its ability to bind plant RNA	Virology Journal	Claudia Strauch, Nico Sprotte, Estefania Peña Lozano, Emmanuel Boutant, Khalid Amari, Steffen Ostendorp, Anna Ostendorp, Julia Kehr, Annette Niehl
10.1101/2025.09.15.672424	2025	TAFFISH: shell-native command-level reproducibility for bioinformatics	bioRxiv (Cold Spring Harbor Laboratory)	Kaiyuan Han, Ting Wang, Shi-Shi Yuan, Cai-Yi Ma, Wei Su, Xiaolong Li, Kejun Deng, Hao Lin, Hao Lin
10.3389/fmicb.2025.1518307	2025	Taxonomic refinement of Bacillus thuringiensis	Frontiers in Microbiology	Nagham Shiekh Suliman, Reza Talaei-Hassanloui, Hamid Abachi, Sadegh Zarei, Ebrahim Osdaghi
10.1111/vcp.13412	2025	Technical considerations and review of urinary microRNAs as biomarkers for chronic kidney disease in dogs and cats	Veterinary Clinical Pathology	Candice P. Chu, Mary B. Nabity
10.1186/s11689-025-09609-5	2025	Transcriptomic profiling of unmethylated full mutation carriers implicates TET3 in FMR1 CGG repeat expansion methylation dynamics in fragile X syndrome	Journal of Neurodevelopmental Disorders	Grace Farmiloe, Veronika Bejczy, Elisabetta Tabolacci, Rob Willemsen, Frank M. J. Jacobs
10.1038/s44185-025-00102-9	2025	Unlocking the African bioeconomy and strengthening biodiversity conservation through genomics and bioinformatics	npj Biodiversity	Ichrak Hayah, Victor Ezebuiro, Samuel Paul Kagame, Josiah Kuja, Cecilia Waruhiu, Lucky T. Nesengani, Sinebongo Mdyogolo, Annelin Molotsi, Priscilla Abechi, Asmaa M. Abushady, Nabil M. S. Amor, Brian Andika, Abdelhamid Barakat, Girish Beedessee, Marietjie Botes, Xavier David, Nzube Ebuzoeme, Zewdu Ed
10.1016/j.jpet.2025.103557	2025	Validation studies and multiomics analysis of Zhx2 as a candidate quantitative trait gene underlying brain oxycodone metabolite (oxymorphone) levels and behavior	Journal of Pharmacology and Experimental Therapeutics	William B. Lynch, Sophia A. Miracle, Stanley I. Goldstein, Jacob A. Beierle, Rhea Bhandari, Ethan T. Gerhardt, Ava D. Farnan, Binh-Minh Nguyen, Kelly K. Wingfield, Ida Kazerani, Gabriel A. Saavedra, Olga Averin, Britahny M. Baskin, Martin T. Ferris, Christopher A. Reilly, Andrew Emili, Camron D. Bry
10.1242/jeb.250084	2025	Voltage-gated ion channel TRP/Painless regulates the excretory function of the Malpighian tubules in larval lepidopterans	Journal of Experimental Biology	Jocelyne Dates, Alexis Castaneda, Serena Farrell, Nancy Ramirez, Dennis Kolosov
10.1016/j.cbpa.2025.111835	2025	Voltage-gated ion channels in cultured gill epithelia of rainbow trout, Oncorhynchus mykiss, change in transcript abundance with exposure to freshwater	Comparative Biochemistry and Physiology Part A Molecular & Integrative Physiology	Siaje Gideon, Brendan Boyd, Brandon Ramirez Sierra, Dennise Arenas, Perla Ochoa, John Eme, Dennis Kolosov
10.1007/s00284-025-04361-4	2025	Whole-Genome-Based Reassessment of Saccharothrix Phylogeny, with the Proposal of Two New Subspecies: Saccharothrix longispora subsp. Longispora subsp. nov. and Saccharothrix longispora subsp. Yanglingensis subsp. nov., comb. nov	Current Microbiology	Guendouz Dif, Nadjette Djemouaı, Noureddine Bouras, Atika Meklat, Abdelghani Zitouni
10.1002/cpz1.70095	2025	Workflow4Metabolomics (W4M): A User‐Friendly Metabolomics Platform for Analysis of Mass Spectrometry and Nuclear Magnetic Resonance Data	Current Protocols	Cédric Delporte, Marie Tremblay‐Franco, Yann Guitton, Cécile Canlet, Ralf J. M. Weber, Helge Hecht, Elliott James Price, Jana Klánová, Charlotte Joly, Céline Dalle, Julien Saint‐Vanne, Etienne Thévenot, Isabelle Schmitz‐Afonso, Sylvain Chéreau, Sylvain Déchaumet, Binta Diémé, Franck Giacomoni, Gilda
10.1099/ijsem.0.006844	2025	‘What’s in a name? Fit-for-purpose bacterial nomenclature’: meeting report	INTERNATIONAL JOURNAL OF SYSTEMATIC AND EVOLUTIONARY MICROBIOLOGY	Sheila Patrick, Laura Filkins, Markus Göker, Nicola Jean Holden, Paul A. Hoskisson, Angelika B. Kiepas, Conor Joseph Meehan, Mark John Pallen, Leighton Pritchard, Amanda L Suchanek, Iain C. Sutcliffe, Martha E. Trujillo, Nicholas Tucker, Jake David Turnbull, Susan M. Butler‐Wu
10.1099/jgv.0.002260	2026	A P-type pentatricopeptide repeat-containing protein interacts with the Japanese soil-borne wheat mosaic virus movement protein and modulates susceptibility to infection	Journal of General Virology	Claudia J. Strauch, Khalid Amari, Steffen Ostendorp, Ruth Veevers, Emmanuel Boutant, Nico Sprotte, Richard James Morris, Julia Kehr, Annette Niehl
10.64898/2026.06.05.730487	2026	A Web-based software toolkit for accessible and best-practice machine learning analyses in biomedical research	bioRxiv (Cold Spring Harbor Laboratory)	Paulo Cilas Morais Lyra Junior, Junhao Qiu, Khai Dang, Alyssa Pybus, Isis Narvaez-Bandera, Maansi A Singh, Qiang Gu, Luke Sargent, Allison Creason, Jeremy Goecks
10.1016/j.nexres.2026.102362	2026	A comprehensive review of chemoinformatics: From molecular representation to data-driven design	Next research.	Md. Saiful Islam, Propa Sarker, Md. Momin Islam, Sahab Uddin Shamim, Sadit Bihongo Malitha, Kazi Imtiaz Ahmed Nakib, Md. Zahangir Alam, A. M. Sarwaruddin Chowdhury
10.1016/j.gendis.2026.102358	2026	A longitudinal multi-omics analysis uncovers the diagnostic potential of lysophosphatidylcholine to phosphatidylcholine conversion in squamous cell carcinogenesis	Genes & Diseases	Tianjun Lan, Yihui Huang, Rui Geng, Meifeng Cen, Qixiang Kang, Zhanpeng Kuang, Xiaojuan Wang, Zhonglong Liu, J Chen, Chuangchao Zou, Hao Zhang, Ouyang Peng, Qiuping Xu
10.64898/2026.08.05.26359034	2026	A software package for simple and rigorous survival machine learning analysis in biomedical research	medRxiv	Alyssa F. Pybus, Junhao Qiu, Paulo Cilas Morais Lyra Junior, Khai Dang, Isis Narváez-Bandera, Tosin Jolaogun, Jeremy Goecks
10.1099/ijsem.0.007269	2026	Actinopolyspora sabaoui sp. nov., a novel halophilic actinobacterium isolated from Ghardaïa soil, Algeria	INTERNATIONAL JOURNAL OF SYSTEMATIC AND EVOLUTIONARY MICROBIOLOGY	Rafika Saker, Mónica Majo-Cuervo, Noureddine Bouras, Lorena Carro, Khaoula Bouznada, Rafik Ould taleb, Meina Neumann‐Schaal, Sarah Kirstein, Atika Meklat, Esther Menéndez, Imen Nouioui
10.1016/j.wroa.2026.100622	2026	Aircraft wastewater surveillance for transboundary diarrheagenic Escherichia coli: A two-tiered alert system with unexpected co-detection of Klebsiella pneumoniae and Bordetella pertussis	Water Research X	Shifu Peng, Liu Yi, Zheng Xu, Xin Du, Liu Yang, Zhen Ding, Songzhe Fu
10.1007/978-981-95-6013-4_28	2026	An Optimization on Modularized miRNA-Target Gene Regulation and Hub Gene Marker for Cervical Cancer	Lecture notes in networks and systems	Soumita Seth, Tapas Bhadra, Kanad Ray, Saurav Mallik
10.83056/mmu.32478942	2026	Assessing adaptive genetic variation for conservation and management of the European grayling (Thymallus thymallus)	e-space (Manchester Metropolitan University)	J. Vanessa Huml
10.1038/s41435-026-00377-3	2026	Association of tumour-associated macrophage states with nonconserved lncRNAs in lung cancer	Genes and Immunity	Yvessa Verheyden, Sonia Cinque, Daliya Kancheva, Jo A. Van Ginderachter, Eleonora Leucci
10.64898/2026.02.04.703888	2026	ChromSkills enables interpretable and reproducible agentic chromatin data analysis	bioRxiv (Cold Spring Harbor Laboratory)	Yuxuan Zhang, Yuxuan Zhang, Yiman Wang, Yang Tan, Yong Zhang, Yong Zhang
10.1007/s11033-026-12652-7	2026	Comparative whole genome analysis of Mycobacterium tuberculosis isolated from BPaLM and individualized regimen treated patients at Dr. Soetomo Hospital, Indonesia	Molecular Biology Reports	Muhamad Frendy Setyawan, Shaban A. Kaboso, Hayato Takihara, Yoshitaka Tateishi, Akihito Nishiyama, Yuriko Ozeki, Zakiyathun Nuha, Ni Made Mertaniasih, Shujiro Okuda, Soedarsono, Maryam Omrani, Yuni Rukminiati, Ummi Amaliatush Sholichah Putri Merdekawati, Wayan Tunas Artama, Sohkichi Matsumoto
10.1021/acs.jproteome.5c00266	2026	Complete Data Analysis Workflow for Quantitative DIA Mass Spectrometry Using Nextflow	Journal of Proteome Research	Mats Perk, Sami Pietilä, Tommi Välikangas, Balazs Balint, Suomi Tomi, Laura L. Elo
10.1007/978-3-662-71607-6_32	2026	Datenpräsentation: Darstellungs- und Berichterstellung		Till Biskup
10.1007/978-3-662-71607-6_28	2026	Datenverarbeitung und -analyse		Till Biskup
10.1007/978-3-662-71607-6_31	2026	Datenverarbeitung und -analyse: selbstdokumentierend		Till Biskup
10.1038/s41551-026-01634-6	2026	Empowering AI data scientists using a multi-agent LLM framework with self-evolving capabilities for autonomous, tool-aware biomedical data analyses	Nature Biomedical Engineering	Dechao Bu, Jingbo Sun, Kun Li, Zihao He, Wei Huang, Jinlin Hu, Shanshan Zhang, Shuangshuang Lei, Peipei Huo, Zhihao Wang, Sheng Wang, Tao Wang, Ke Gao, Yang Wu, Lianhe Zhao, Kai Wang, Gen Li, Huan Song, Yang Jin, Kang Zhang, Runsheng Chen, Yi Zhao
10.1093/hr/uhaf362	2026	FaRIF as a key regulator of strawberry fruit ripening: deciphering its targets and interaction networks	Horticulture Research	Carmen Martín-Pizarro, María Florencia Perotti, Jose Manuel Franco‐Zorrilla, Rosa Lozano-Durán, Guozheng Qin, David Posé
10.1099/ijsem.0.007048	2026	Genome-based phylogenomic reassessment of Clostridium with proposals for species synonymization and new subspecies	INTERNATIONAL JOURNAL OF SYSTEMATIC AND EVOLUTIONARY MICROBIOLOGY	Guendouz Dif, Noureddine Bouras, Nadjette Djemouai, Imane Dif, Abdelghani Zitouni
10.1016/j.anaerobe.2026.103027	2026	Genome-based reclassification of the genus Thermoanaerobacter: taxonomic emendations and new combinations	Anaerobe	Noureddine Bouras, Guendouz Dif, Saïd Belghit, Scott V. Nguyen, Jonathan L. Jacobs, Omrane Toumatia, Sherif S. Ebada, Imen Nouioui
10.1016/j.ijfoodmicro.2026.111903	2026	Genomic insights into Salmonella Rissen from Thailand: Prophage substitution in phase 2 flagellar-encoding region and hotspot of multidrug resistance genes in the chromosome	International Journal of Food Microbiology	Phutthaphorn Phaophu, Renato H. Orsi, Samantha E. Wirth, A. W. Gray, Martin Wiedmann, Soraya Chaturongakul
10.3897/rio.12.e187033	2026	Integrating the biodiversity genomics continuum: harmonising data from barcodes to reference genomes	Research Ideas and Outcomes	Katharina F. Heil, Tyler Alioto, Astrid Böhne, Tom Brown, Edmund Chadwick, Physilia Chua, Christian de Guttry, Diego N. De Panis, C Raymond Goble, Ivo Gut, Marta Gut, Nick Juty Nick Juty, Seanna J. McTaggart, Laura Alejandra Nájera-cortazar, Joana Paupério, Tomasz Rewicz, Felix Shaw, Stian Soiland-R
10.1016/b978-0-443-44091-5.00021-2	2026	Integrative biosystems: Unlocking the future of precision medicine	Elsevier eBooks	Afzaal Akbar, Mufakkir Aziz, Rahila Qayyum, Aamna Shah, Umme Salma, Kaleem Ullah, Shahid Ullah Khan
10.2139/ssrn.6614765	2026	KubeFold: Kubernetes-native automation of AlphaFold protein structure prediction workflows	SSRN Electronic Journal	Paweł Skrzyński, Mateusz Wozniak
10.1016/j.softx.2026.102805	2026	KubeFold: Kubernetes-native automation of AlphaFold protein structure prediction workflows	SoftwareX	Paweł Skrzyński, Mateusz Wozniak
10.1016/j.geoderma.2026.118009	2026	Ligninolytic capabilities of indigenous Paraburkholderia sp. isolated from Reynoutria japonica rhizosphere: a potential mechanism enhancing plant invasiveness	Geoderma	Maja Zugan, Helena Plešnik, Lidija Strojnik, Nives Ogrinc, Tina Kosjek, Aleš Lapanje, Tomaž Rijavec
10.1186/s12859-026-06522-z	2026	MetaServe: a lightweight, metadata-aware governance and delivery layer for pre-publication research omics data	BMC Bioinformatics	Yizhuo Shen, Jianpeng Sheng, Pengcheng Yan
10.1016/j.fbio.2026.109709	2026	Metatranscriptomics and RNA-based amplicon sequencing in food research: advancing the understanding of active food microbiomes	Food Bioscience	Dong Han, Shaoqing Yang, Junbo Chen, Yuanjie Li, Yanbo Wang, Zhengqiang Jiang
10.64898/2026.06.11.731775	2026	OmicOS: A Comprehensive Omics Ecosystem Infrastructure and Agent System for the AI Era	bioRxiv (Cold Spring Harbor Laboratory)	Zehua Zeng, Xu Meng, LH Hu, Chen Li, Pi Liu, Y Shi, Xuejiao Ma, Lianchong Gao, X Wang, Zhi Luo, Yawen Zheng, Jieshen Xian, Ziheng Lin, Hao Zhu, Z H E N G M Jiang, Sheng Mao, Yifan Lu, Wenzhuo Tang, Qiangwei Peng, Yuqing Ma, Liping Zhou, Cencan Xing, Xuegong Zhang, Yuanyan Xiong, Hongwu Du
10.1016/j.omtn.2026.102899	2026	Orthogonal characterization of rAAV reveals vector attributes that drive ITR repair, self-complementary genome formation, and transgene expression	Molecular Therapy — Nucleic Acids	Carla Llinares, Suk Namkung, Mitchell Yip, África Vales, Cristina Olagüe, Itsaso Mauleón, Sergio Isola, Pedram Moeini, Gloria Gonzalez-Aseguinolaza, Phillip W.L. Tai, Carmen Unzu
10.1016/j.genrep.2026.102437	2026	Progress in bioinformatics tools for analysis of metagenomically isolated microbiome: Current status and future prospects	Gene Reports	Deepak Kukkar, Chahat Chopra, Ki-Hyun Kim, Preeti Rajesh
10.1016/j.envsoft.2026.106979	2026	Provena 2.0: Enabling provenance in operational modelling of reef restoration and adaptation interventions in the Great Barrier Reef	Environmental Modelling & Software	Jonathan Yu, Peter Baker, L. Thomas, Ross Petridis, Jordan Munnerley, Peter Fitch, Sharon Tickell
10.1016/j.biosystems.2026.105735	2026	Quantum autopoiesis: A quantum-informational model of recursive identity and knowledge discovery	Biosystems	Vlado Stankovski
10.1186/s12263-026-00798-9	2026	Short-term caloric restriction partially reprograms immune and microbial networks during acute DSS-induced colitis	Genes & Nutrition	Drake Hechter, Ilya Kisselev, Ian J. McNicol, Sara Victoria Good
10.1007/978-3-032-14222-1_2	2026	The Diverse and Complex Data Landscape in the Life Sciences Necessitates a Rethinking of Computing and Algorithms		Zhong Wang, Adrish Sannyasi, Jonathan Jiang
10.1038/s41598-025-33261-7	2026	The first complete mitochondrial genome and phylogenetic analysis of Clypeaster virescens (Clypeasteroida, Clypeasteridae)	Scientific Reports	Jinghua Wu, Mingzhe Han, Luxiu Gao, Se Won Kang, Xinyi Niu, Bingjian Liu, Tianming Wang
10.1098/rstb.2024.0534	2026	Transcriptomic plasticity in hybrid schistosomes can contribute to their zoonotic potential	Philosophical Transactions of the Royal Society B Biological Sciences	Nélia Luviano Aparicio, Eglantine Mathieu‐Bégné, Julien Kincaid-Smith, O. Rey, Marion Picard, Cristian Chaparro, Jean‐François Allienne, Anne Rognon, Bruno Polack, Isabelle Vallée, Myriam Thomas, Jérôme Boissier, Ève Toulza
10.1080/15324982.2026.2650753	2026	Tree islands of fertility and fine woody debris structure the soil bacterial community	Arid Land Research and Management	Sarah C. Peterson, Tayte Campbell, Bruce A. Roundy, Matthew D. Madsen, Zachary T. Aanderud
10.1128/mra.00091-26	2026	Whole-genome sequencing of two chromogenic bacteria, Exiguobacterium spp. and Pseudomonas chlororaphis , isolated from environmental sources in Northern Colorado	Microbiology Resource Announcements	Taylor Melling, Carolina Mehaffy
