citing_doi	year	title	venue	authors
10.3390/antibiotics13080716	2024	A Novel Bacitracin-like Peptide from Mangrove-Isolated Bacillus paralicheniformis NNS4-3 against MRSA and Its Genomic Insights	Antibiotics	Namfa Sermkaew, Apichart Atipairin, Thamonwan Wanganuttara, Sucheewin Krobthong, Chanat Aonbangkhen, Yodying Yingchutrakul, Jumpei Uchiyama, Nuttapon Songnaka
10.55452/1998-6688-2024-21-4-45-57	2024	A REVIEW OF TOOLS, METHODOLOGIES, AND TECHNIQUES FOR PROCESSING, PRE-PROCESSING, AND CLUSTERING ANALYSIS OF GENETIC DATA	Herald of Kazakh-British technical university	Aidyn D. Kunikeyev, Aigerim Yerimbetova, Ryskhan Satybaldiyeva
10.1093/jhered/esae065	2024	A genome assembly for the California endemic liverwort Calasterella californica	Journal of Heredity	Ixchel S. González-Ramírez, Merly Escalona, Courtney Miller, Noravit Chumchim, Mohan P A Marimuthu, Oanh Nguyen, Michael J. Song, Brent D. Mishler
10.1101/2024.11.14.623711	2024	A homozygous human WNT11 loss-of-function variant associated with laterality, heart and renal defects	bioRxiv (Cold Spring Harbor Laboratory)	Henrike Berns, Maximilian Haas, Zeineb Bakey, Magdalena Maria Brislinger-Engelhardt, Miriam Schmidts, Peter Walentek
10.1371/journal.ppat.1012451	2024	A master regulator of central carbon metabolism directly activates virulence gene expression in attaching and effacing pathogens	PLoS Pathogens	Kabo R. Wale, Nicky O’Boyle, Rebecca E. McHugh, Ester Serrano, David R. Mark, Gill R. Douce, James P. R. Connolly, Andrew J. Roe
10.1101/2024.08.03.606477	2024	A targeted CRISPR screen identifies ETS1 as a regulator of HIV latency	bioRxiv (Cold Spring Harbor Laboratory)	Manickam Ashokkumar, Terry L Hafer, Abby Felton, Nancie M. Archin, David M. Margolis, Michael Emerman, Edward P. Browne
10.1016/j.isci.2024.111007	2024	Allele-specific DNA demethylation editing leads to stable upregulation of allele-specific gene expression	iScience	Nivethika Rajaram, K. Benzler, Pavel Bashtrykov, Albert Jeltsch
10.1039/d4ay01905a	2024	Analysis of alkyl-anthraquinone derivatives from hydrogen peroxide industrial process, using LC × LC-HRMS with shifting gradients	Analytical Methods	Clémence Giffard, Florent Rouvière, Olivier Falletti, Béatrice Allard‐Breton, Laurent Wendlinger, Jean-Michel Bossoutrot, Karine Faure
10.1101/2024.10.14.618350	2024	Assessing the Validity of Leucine Zipper Constructs Predicted in AlphaFold2	bioRxiv (Cold Spring Harbor Laboratory)	Isobel Mitic, Katharine A. Michie, David Anthony Jacques
10.3389/fpls.2024.1486736	2024	Association mapping for water use efficiency in soybean identifies previously reported and novel loci and permits genomic prediction	Frontiers in Plant Science	Siva K. Chamarthi, Larry C. Purcell, Felix Fritschi, Jeffery D. Ray, James R. Smith, Avjinder S. Kaler, C. Andy King, Jason D. Gillman
10.4203/ccc.8.1.1	2024	Automated Machine Learning Workflows for Fusion Power Plant Design	Civil-comp conferences	William J. Smith, Andrew J Barker, Z. Miao, Oliver Woolland, Muhammad Omer, Lee Margetts
10.1039/d3mo00273j	2024	Bacterial endosymbionts of a nitrogen-fixing yeast Rhodotorula mucilaginosa JGTA-S1 – insights into a yet unknown micro-ecosystem	Molecular Omics	Mayurakshi Nag, Janardhan Pallavi, Sandipan Chakraborty, Trina Roychoudhury, Sangita Mondal, Abhrajyoti Ghosh, Chinmay Saha, Manidipa Banerjee, A. Seal
10.1016/j.jbc.2024.107935	2024	Biochemical and genomic evidence for converging metabolic routes of metformin and biguanide breakdown in environmental Pseudomonads	Journal of Biological Chemistry	Katie B Wissbroecker, Anthony J. Zmuda, Harsheeth Karumanchi, Thomas D. Niehaus
10.2987/24-7191	2024	COMPARISON OF NANOPORE AND CLASSICAL SANGER SEQUENCING TO IDENTIFY MOSQUITO BLOODMEAL HOSTS	Journal of the American Mosquito Control Association	Linda Kothera, Spencer J. Hills, Nicholas A. Panella, Aaron C. Brault
10.1101/2024.10.04.616638	2024	Catalytic-dependent and independent functions of the histone acetyltransferase CBP promote pioneer factor-mediated zygotic genome activation	bioRxiv (Cold Spring Harbor Laboratory)	Audrey J. Marsh, Сергей Анатольевич Пирогов, Abby J. Ruffridge, Suresh Sajwan, Tyler J. Gibson, George Hunt, Yadwinder Kaur, Melissa M. Harrison, Mattias Mannervik
10.21203/rs.3.rs-5455511/v1	2024	Chromatin accessibility and gene expression in the parasite Trichomonas vaginalis	Research Square	Agustina Prat, Daniela Muñoz, Ayelén Lizarraga, Julieta Seifert-Gorzycki, Estefania Sanchez-Vazquez, Patricia J. Johnson, Pablo Hernan Strobl Mazzulla, Natalia de Miguel
10.1186/s12859-024-05981-6	2024	ClassifieR 2.0: expanding interactive gene expression-based stratification to prostate and high-grade serous ovarian cancer	BMC Bioinformatics	Aideen McCabe, Gerard P. Quinn, Suneil Jain, Micheál Ó. Dálaigh, Kellie A. Dean, Ross G. Murphy, Simon S. McDade
10.1186/s12859-024-05963-8	2024	Closha 2.0: a bio-workflow design system for massive genome data analysis on high performance cluster infrastructure	BMC Bioinformatics	Gunhwan Ko, Pan-Gyu Kim, Byoung-Ha Yoon, Jaehee Kim, Wangho Song, Iksu Byeon, Jongcheol Yoon, Byung-Wook Lee, Young‐Kuk Kim
10.1101/2024.10.27.620456	2024	Cloudgene 3: Transforming Nextflow Pipelines into Powerful Web Services	bioRxiv (Cold Spring Harbor Laboratory)	Lukas Forer, Sebastian G. Schönherr
10.1101/2024.10.11.617953	2024	Comet fragment-ion indexing for enhanced peptide sequencing	bioRxiv (Cold Spring Harbor Laboratory)	Christopher D. McGann, Erik J. Bergstrom, Vagisha Sharma, Lilian R. Heil, Qing Yu, Jimmy K. Eng, Devin K. Schweppe
10.3390/ijms25168614	2024	Community Resource: Large-Scale Proteogenomics to Refine Wheat Genome Annotations	International Journal of Molecular Sciences	Delphine Vincent, R. Appels
10.1016/j.csbj.2024.10.027	2024	Comparative genomics reveals carbohydrate enzymatic fluctuations and herbivorous adaptations in arthropods	Computational and Structural Biotechnology Journal	Dairon Ojeda-Martinez, Isabel Dı́az, Maria Estrella Santamaria, Félix Ortego
10.1186/s12862-024-02311-5	2024	Complementing aculiferan mitogenomics: comparative characterization of mitochondrial genomes of Solenogastres (Mollusca, Aplacophora)	BMC Ecology and Evolution	Franziska Sophie Bergmeier, Andreas Brachmann, Kevin M. Kocot, Francesca Leasi, Albert J. Poustka, Michael Schrödl, Joseph L. Sevigny, W. Kelley Thomas, Christiane Todt, Katharina Maria Jörger
10.1093/bioadv/vbaf112	2024	DRMAAtic: dramatically improve your cluster potential	Bioinformatics Advances	Alessio Del Conte, Hamidreza Ghafouri, Damiano Clementel, Ivan Mičetić, Damiano Piovesan, Silvio C. E. Tosatto, Alexander Miguel Monzón
10.1093/nar/gkae979	2024	Database resources of the National Center for Biotechnology Information in 2025	Nucleic Acids Research	Eric W Sayers, Jeffrey D. Beck, Evan Bolton, James Rodney Brister, Jessica Chan, Ryan P. Connor, Michael Feldgarden, Anna M Fine, Kathryn Funk, Jinna Hoffman, Sivakumar Kannan, Christopher E. Kelly, William A. Klimke, Sunghwan Kim, Stacy Lathrop, Aron Marchler‐Bauer, Terence D. Murphy, Chris O’Sulli
10.1101/2024.11.25.625156	2024	De novo peptide databases enable protein-based stable isotope probing of microbial communities with up to species-level resolution	bioRxiv (Cold Spring Harbor Laboratory)	Simon Klaes, Christian White, Lisa Alvarez‐Cohen, Lorenz Adrian, Chang Kui Ding
10.1016/j.celrep.2024.114923	2024	Dipteran-specific Daedalus controls Zucchini endonucleolysis in piRNA biogenesis independent of exonucleases	Cell Reports	Yuica Koga, Shigeki Hirakata, Mayu Negishi, Hiroya Yamazaki, Tatsuya Fujisawa, Mikiko C. Siomi
10.1101/2024.07.30.605714	2024	Distributed Collaboration for Data, Analysis Pipelines, and Results in Single-Cell Omics	bioRxiv (Cold Spring Harbor Laboratory)	A. Hutton, Lizhuo Ai, Jesse G. Meyer
10.1128/mra.00729-24	2024	Draft genome sequence of Listeria aquatica strain SG_BD1, isolated from a cow dung sample in Bangladesh	Microbiology Resource Announcements	Supantha Rivu, Elspeth Smith, Graham  Philip Stafford, Sangita Ahmed
10.1093/nargab/lqae140	2024	Dynamic configuration and data security for bioinformatics cloud services with the Laniakea Dashboard	NAR Genomics and Bioinformatics	Marco Antonio Tangaro, Marica Antonacci, Giacinto Donvito, Nadina Foggetti, Pietro Mandreoli, Daniele Colombo, Graziano Pesole, Federico Zambelli
10.1016/j.toxicon.2024.107810	2024	Engineering a wolf spider A-family toxin towards increased antimicrobial activity but low toxicity	Toxicon	Ludwig Dersch, Antonia Stahlhut, Johanna Eichberg, Anne Paas, Kornelia Hardes, Andreas Vilcinskas, Tim Lüddecke
10.1007/s00253-024-13308-x	2024	Enhanced heterologous gene expression in Trichoderma reesei by promoting multicopy integration	Applied Microbiology and Biotechnology	Hugues Mathis, Delphine Naquin, Antoine Margeot, Frédérique Bidard
10.3390/ijms252011298	2024	Essential Genes Discovery in Microorganisms by Transposon-Directed Sequencing (Tn-Seq): Experimental Approaches, Major Goals, and Future Perspectives	International Journal of Molecular Sciences	Gemma Fernández-García, Paula Valdés-Chiara, Patricia Villazán-Gamonal, Sergio Alonso-Fernández, Ángel Manteca
10.7717/peerj.18309	2024	FastProtein—an automated software for in silico proteomic analysis	PeerJ	Renato Simões Moreira, Vilmar Benetti Filho, Guilherme Augusto Maia, Tatiany Aparecida Teixeira Soratto, Eric Kazuo Kawagoe, Bruna Caroline Russi, Luiz Cláudio Miletti, Glauber Wagner
10.1101/2024.11.18.624180	2024	Feature selection with vector-symbolic architectures: a case study on microbial profiles of shotgun metagenomic samples of colorectal cancer	bioRxiv (Cold Spring Harbor Laboratory)	Fabio Cumbo, Simone Truglia, Emanuel Weitschek, Daniel Blankenberg
10.1101/2024.10.27.620464	2024	Foxi1 regulates multipotent mucociliary progenitors and ionocyte specification through transcriptional and epigenetic mechanisms	bioRxiv (Cold Spring Harbor Laboratory)	Sarah A. Bowden, Magdalena Maria Brislinger-Engelhardt, M. Hansen, Aisha Andricek, Africa Temporal-Plo, Dominik Weber, Sonja Hägele, Fabian Lorenz, Tim Litwin, Clemens Kreutz, Peter Walentek
10.1016/j.virol.2024.110256	2024	From the discovery of a novel arepavirus in diseased arecanut palms (Areca catechu L.) in India to the identification of known and novel arepaviruses in bee and plant transcriptomes through data-mining	Virology	R. Thava Prakasa Pandian, Bhavishya Bhavishya, V. Kavi Sidharthan, M. K. Rajesh, M. Surendra Babu, Susheel Kumar Sharma, B.J. Nirmal Kumar, M. Chaithra, Vinayaka Mahabaleswar Hegde
10.3390/cancers16203537	2024	Functional Targets for Epstein-Barr Virus BART MicroRNAs in B Cell Lymphomas	Cancers	Devin N. Fachko, Bonnie Goff, Yan Chen, Rebecca L. Skalsky
10.1093/bioinformatics/btae486	2024	Galaxy Helm chart: a standardized method for deploying production Galaxy servers	Bioinformatics	Nuwan Goonasekera, Alexandru Mahmoud, Keith Suderman, Enis Afgan
10.1093/nar/gkae1114	2024	GenBank 2025 update	Nucleic Acids Research	Eric W Sayers, Mark L. Cavanaugh, Linda A. Frisse, Kim D. Pruitt, Valérie Schneider, Beverly A. Underwood, Linda Yankie, Ilene Karsch‐Mizrachi
10.1101/2024.10.04.616593	2024	Growth-coupled microbial biosynthesis of the animal pigment xanthommatin	bioRxiv (Cold Spring Harbor Laboratory)	Leah B. Bushin, Tobias B. Alter, Maria V G Alván-Vargas, Lara Dürr, Elina C. Olson, Mariah J. Avila, Òscar Puiggené, Tae‐Hwan Kim, Leila F. Deravi, Adam M. Feist, Pablo I. Nikel, Bradley S. Moore
10.3389/fpls.2024.1465514	2024	H3K4me3 changes occur in cell wall genes during the development of Fagopyrum tataricum morphogenic and non-morphogenic calli	Frontiers in Plant Science	Alicja Tomasiak, Artur Piński, Anna Milewska‐Hendel, Ignasi Andreu Godall, Natalia Borowska-Żuchowska, Joanna Morończyk, Jordi Moreno‐Romero, Alexander Betekhtin
10.14814/phy2.70140	2024	Inactivity‐mediated molecular adaptations: Insights from a preclinical model of physical activity reduction	Physiological Reports	Alice Meyer, Nicole Kim, Melissa Nguyen, Monica Misch, Kevin Marmo, Jacob Dowd, Christian Will, Milica Janosevic, Erin J. Stephenson
10.1002/pmic.202400242	2024	Insights on Wet and Dry Workflows for Human Gut Metaproteomics	PROTEOMICS	Valeria Marzano, Stefano Levi Mortera, Lorenza Putignani
10.3389/fmicb.2024.1501119	2024	Lactobacilli-host interactions inhibit Staphylococcus aureus and Escherichia coli-induced cell death and invasion in a cellular model of infection	Frontiers in Microbiology	Despoina Eugenia Kiousi, Maria I. Panopoulou, Aglaia Pappa, Alex Galanis
10.1101/2024.11.01.621613	2024	MEF2C controls segment-specific gene regulatory networks that direct heart tube morphogenesis	bioRxiv (Cold Spring Harbor Laboratory)	Jonathon M. Muncie, Tanvi Sinha, Alexander P. Clark, Emily F. Brower, Jeffrey J. Saucerman, Brian L. Black, Benoit G. Bruneau
10.1101/2024.10.26.620397	2024	Mechanisms of P. aeruginosa resistance to Type VI Secretion System attacks	bioRxiv (Cold Spring Harbor Laboratory)	Alejandro Tejada-Arranz, Annika Plack, Minia Antelo-Varela, Andreas Kaczmarczyk, Alexander Klotz, Urs Jenal, Marek Basler
10.1101/2024.12.23.629682	2024	Microbiology Galaxy Lab: The first community-driven gateway for reproducible and FAIR analysis of microbial data	bioRxiv (Cold Spring Harbor Laboratory)	Engy Nasr, Nikolaos Pechlivanis, Nikolaos Strepis, Pierre Amato, Matthias Bernt, Anshu Bhardwaj, Daniel Blankenberg, Daniela Brites, Fabio Cumbo, Katherine Do, Emanuele Ferrari, Timothy J. Griffin, Björn Andreas Grüning, Saskia Hiltemann, Cameron J. Hyde, Pratik Jagtap, Subina Mehta, Kimberly L. Kan
10.1038/s41598-024-80881-6	2024	Mining differentially expressed genes during paratomy in the transcriptome of the flatworm Stenostomum leucops	Scientific Reports	Marcos Trindade Rosa, Élgion L. S. Loreto
10.1101/2024.12.09.627454	2024	Mitochondrial DNA mutations in human oocytes undergo frequency-dependent selection but do not increase with age	bioRxiv (Cold Spring Harbor Laboratory)	Barbara Arbeithuber, Kate Anthony, Bonnie Higgins, Peter Oppelt, Omar Josef Shebl, Irene Tiemann‐Boege, Francesca Chiaromonte, Thomas Ebner, Kateryna D. Makova
10.1111/his.15332	2024	Molecular techniques in haematopathology: what and how?	Histopathology	Gaurav Chatterjee, Rong Lucy He, Nikhil V. Patkar, David S. Viswanatha, Anton W. Langerak
10.1101/2024.09.12.612765	2024	MtvS1 and MtvS2 Interact with RNA Polymerase to Regulate the Francisella Type V-A CRISPR-Cas System	bioRxiv (Cold Spring Harbor Laboratory)	Maj Brodmann, Christian F. Baca, Joshua Chandanani, Elizabeth A. Campbell, Luciano A. Marraffini
10.2903/j.efsa.2024.e221104	2024	Multi‐omics approach in gut and environmental microbiota research under the One Health concept	EFSA Journal	Anna Kostka, Agnieszka Gruszecka‐Kosowska, Alicia Ruiz-Rodriguez, Jaime Aguilera
10.3389/fimmu.2024.1501700	2024	Naturally acquired IgG responses to Plasmodium falciparum do not target the conserved termini of the malaria vaccine candidate Merozoite Surface Protein 2	Frontiers in Immunology	Julia Zerebinski, Lucille Margerie, Nan Sophia Han, Maximilian Moll, Matias Ritvos, Peter Jahnmatz, Niklas Ahlborg, Billy Ngasala, Ingegerd Rooth, Ronald Sjöberg, Christopher Sundling, Victor Yman, Anna Färnert, David Fernando Plaza
10.1101/2024.09.24.614082	2024	Naturally acquired IgG responses to Plasmodium falciparum do not target the conserved termini of the malaria vaccine candidate merozoite surface protein 2	bioRxiv (Cold Spring Harbor Laboratory)	Julia Zerebinski, Lucille Margerie, Nan Sophia Han, Maximilian Moll, Matias Ritvos, Peter Jahnmatz, Niklas Ahlborg, Billy Ngasala, Ingegärd Rooth, Ronald Sjöberg, Christopher Sundling, Victor Yman, Anna Färnert, David Fernando Plaza
10.1099/ijsem.0.006497	2024	Nicoliella lavandulae sp. nov., a novel fructophilic Nicoliella species isolated from flowers of Lavandula angustifolia	INTERNATIONAL JOURNAL OF SYSTEMATIC AND EVOLUTIONARY MICROBIOLOGY	Cristina Alcántara, Ángela Peirotén, Luis Ramón, José María Landete, Manuel Zúñiga, Vicente Monedero
10.1101/2024.09.25.614994	2024	Non-CG DNA methylation modulates hypocotyl elongation during thermormorphogenesis	bioRxiv (Cold Spring Harbor Laboratory)	Maián Garro, Eleonora Greco, Gustavo J Vannay, Aleksandra Leonova, Leonardo Bruno, Matías Capella
10.2139/ssrn.5045705	2024	Nuclear DNA Replication in Leishmania major Relies on a Single Constitutive Origin per Chromosome Supplemented by Thousands of Stochastic Initiation Events	SSRN Electronic Journal	Jeziel D. Damasceno, Gabriel L. A. Silva, Catarina A. Marques, Marija Krasiļņikova, Craig T. Lapsley, Dario Beraldi, Richard D. McCulloch
10.1101/2024.11.14.623610	2024	Nuclear DNA replication in Leishmania major relies on a single constitutive origin per chromosome supplemented by thousands of stochastic initiation events	bioRxiv (Cold Spring Harbor Laboratory)	Jeziel D. Damasceno, Gabriel L. A. Silva, Catarina A. Marques, Marija Krasiļņikova, Craig T. Lapsley, Dario Beraldi, Richard D. McCulloch
10.3390/life14121690	2024	Pathogenomic Insights into Xanthomonas oryzae pv. oryzae’s Resistome, Virulome, and Diversity for Improved Rice Blight Management	Life	Peter Adeolu Adedibu, Oksana Mikhailovna Son, Liudmila Tekutyeva, Larissa Balabanova
10.1007/s00284-024-03829-z	2024	Propane Monooxygenases in Soil Associated Metagenomes Align Most Closely to those in the Genera Kribbella, Amycolatopsis, Bradyrhizobium, Paraburkholderia and Burkholderia	Current Microbiology	Alison M. Cupples
10.1172/jci.insight.178453	2024	Pyruvate metabolism dictates fibroblast sensitivity to GLS1 inhibition during fibrogenesis	JCI Insight	Greg Contento, Jo-Anne A M Wilson, Brintha Selvarajah, Manuela Platé, Delphine Guillotin, Valle Morales, Marcello Trevisani, Vanessa Pitozzi, Katiuscia Bianchi, Rachel Clare Chambers
10.17504/protocols.io.3byl49dqrgo5/v1	2024	RNA Extraction and RNA-Sequencing Method for Transcriptomic Analysis of Mycobacterium tuberculosis v1		Morgan R. Hiebert, Meenu Kaushal Sharma, Alwyn C. Go, Christine Bonner, Vanessa Laminman, Morag Graham, Hafid Soualhine
10.1093/nar/gkae1165	2024	RNA binding by Periphilin plays an essential role in initiating silencing by the HUSH complex	Nucleic Acids Research	Stuart Bloor, Niek Wit, Paul J. Lehner
10.1101/2024.09.10.612226	2024	Reduction of RAD23A extends lifespan and mitigates pathology in TDP-43 mice	bioRxiv (Cold Spring Harbor Laboratory)	Guo Xueshui, Ravindra Singh Prajapati, Jiyeon Chun, Insuk Byun, Kamil K. Gebis, Yizhi Wang, Karen Ling, Casey Dalton, Jeff A. Blair, Anahid Hamidianjahromi, Gemma Bachmann, Frank Rigo, Paymaan Jafar‐Nejad, Jeffrey N. Savas, Min Jae Lee, Jemeen Sreedharan, Robert Gordon Kalb
10.1016/j.isci.2024.111249	2024	Revealing taxonomy, activity, and substrate assimilation in mixed bacterial communities by GroEL-proteotyping-based stable isotope probing	iScience	Simon Klaes, Shobhit Madan, Darja Deobald, Myriel Cooper, Lorenz Adrian
10.1093/nar/gkae1020	2024	RiboSeq.Org: an integrated suite of resources for ribosome profiling data analysis and visualization	Nucleic Acids Research	Jack A. S. Tierney, Michał I. Świrski, Håkon Tjeldnes, Anmol M Kiran, Gionmattia Carancini, Stephen J. Kiniry, Audrey M. Michel, Joanna Kufel, Eivind Valen, Pavel V. Baranov
10.1101/2024.11.25.624915	2024	Saccharibacteria deploy two distinct Type IV pili, driving episymbiosis, host competition, and twitching motility	bioRxiv (Cold Spring Harbor Laboratory)	Alex S. Grossman, Lei Lei, Jack M. Botting, Jett Liu, Nusrat Nahar, João Gabriel Silva Souza, Jun Liu, Jeffrey S. McLean, Xuesong He, Batbileg Bor
10.1186/s12864-024-10920-z	2024	Six type-I PKS classes and highly conserved melanin and elsinochrome gene clusters found in diverse Elsinoë species	BMC Genomics	Alishia van Heerden, Nam Q. Pham, Brenda Diana Wingfield, Michael J. Wingfield, P. Markus Wilken
10.21203/rs.3.rs-5147620/v1	2024	The Crocus panrepeatome reveals the links between whole-genome duplications, repeat bursts, and descending dysploidy	Research Square	Nomar Espinosa Waminal, Frank R. Blattner, Dörte Harpke
10.1101/2024.10.07.617004	2024	The Escherichia coli replication initiator DnaA is titrated on the chromosome	bioRxiv (Cold Spring Harbor Laboratory)	Lorenzo Olivi, Stephan Köstlbacher, Mees Langendoen, Nico J. Claassens, Thijs J. G. Ettema, John van der Oost, Pieter Rein ten Wolde, Johannes Hohlbein, Raymond H.J. Staals
10.7717/peerj.18433	2024	The effects of livestock grazing on physicochemical properties and bacterial communities of perlite-rich soil	PeerJ	Jiraphan Premsuriya, Nontaphat Leerach, Phatcharin Laosena, Woranich Hinthong
10.1101/2024.11.20.624475	2024	The genome of a sea spider corroborates a shared Hox cluster motif in arthropods with reduced posterior tagma	bioRxiv (Cold Spring Harbor Laboratory)	Nikolaos Papadopoulos, Siddharth Kulkarni, Christian Baranyi, Bastian Fromm, Emily V.W. Setton, Prashant P. Sharma, Andreas Wanninger, Georg Brenneis
10.1002/pro.5242	2024	The ubiquitous pyridoxal 5′‐phosphate‐binding protein is also an RNA ‐binding protein	Protein Science	Claudio Graziani, Anna Barile, Alessia Parroni, Martino L. di Salvo, Irene De Cecio, Teresa León Colombo, Jill T. Babor, Valérie de Crécy‐Lagard, Roberto Contestabile, Angela Tramonti
10.1101/2024.07.26.605292	2024	The zebrafish (Danio rerio) snoRNAome	bioRxiv (Cold Spring Harbor Laboratory)	Renáta Hamar, Máté Varga
10.3390/proteomes12030025	2024	Transforming Clinical Research: The Power of High-Throughput Omics Integration	Proteomes	Rui Miguel Pinheiro Vitorino
10.1101/2024.09.30.615920	2024	Two transmembrane transcriptional regulators coordinate to activate chitin-induced natural transformation in Vibrio cholerae	bioRxiv (Cold Spring Harbor Laboratory)	Allison C. Hullinger, Virginia E. Green, Catherine A. Klancher, Triana N. Dalia, Ankur B. Dalia
10.3390/antibiotics13090846	2024	Unveiling a New Antimicrobial Peptide with Efficacy against P. aeruginosa and K. pneumoniae from Mangrove-Derived Paenibacillus thiaminolyticus NNS5-6 and Genomic Analysis	Antibiotics	Namfa Sermkaew, Apichart Atipairin, Sucheewin Krobthong, Chanat Aonbangkhen, Yodying Yingchutrakul, Jumpei Uchiyama, Nuttapon Songnaka
10.21769/bioprotoc.5168	2024	Using DIMet for Differential Analysis of Labeled Metabolomics Data: A Step-by-step Guide Showcasing the Glioblastoma Metabolism	BIO-PROTOCOL	Johanna Aristizábal Galvis, Joris Guyon, Thomas Daubon, Macha Nikolski
10.21203/rs.3.rs-4808103/v1	2024	Validating a clinically based MS-MLPA threshold through comparison with Sanger sequencing in glioblastoma patients	Research Square	Halka Lhotská, Karolina Janečkova, Hana Cechova, Jaromir Macoun, Tatiana Aghová, Libuše Lizcová, Karla Svobodová, Lucie Hodanova, Dora Konečná, Jiří Soukup, Filip Kramář, David Netuka, Zuzana Zemanová
10.1109/access.2024.3520550	2024	WeiFu: A Novel Pan-Cancer Driver Gene Identification Method Using Incidence-Weighted Mutation Scores	IEEE Access	Yanjie Ren, Azlan Mohd Zain, Yan Zhang, Rozita Abdul Jalil, Mahadi Bahari, Norfadzlan Yusup, Mazlina Abdul Majid, Azurah A. Samah, Didik Dwi Prasetya, Nurhafizah Moziyana Mohd Yusop
10.1093/bioadv/vbae185	2024	blast2galaxy: a CLI and Python API for BLAST+ and DIAMOND searches on Galaxy servers	Bioinformatics Advances	Patrick König, Anne Fiebig, Thomas Münch, Björn Andreas Grüning, Uwe Scholz
10.1101/2024.10.30.621025	2024	cOmicsArt – a customizable Omics Analysis and reporting tool	bioRxiv (Cold Spring Harbor Laboratory)	Lea Seep, Paul Jonas Jost, Clivia Lisowski, Hao Huang, Stephan Grein, Hildigunnur Hermannsdóttir, Katharina Kuellmer, Tobias Fromme, Martin Klingenspor, Elvira Mass, Christian Kurts, Jan Hasenauer
10.1093/bioadv/vbaf067	2024	cOmicsArt—a customizable Omics Analysis and reporting tool	Bioinformatics Advances	Lea Seep, Paul Jonas Jost, Clivia Lisowski, Hao Huang, Stephan Grein, Hildigunnur Hermannsdóttir, Katharina Kuellmer, Tobias Fromme, Martin Klingenspor, Elvira Mass, Christian Kurts, Jan Hasenauer
10.1002/imt2.235	2024	iNAP 2.0: Harnessing metabolic complementarity in microbial network analysis	iMeta	Xi Peng, Kai Feng, Xingsheng Yang, Qing He, Bo Zhao, Tong Li, Shang Wang, Ye Deng
10.1101/2024.12.20.629758	2024	pipemake: A pipeline creation tool using Snakemake for reproducible analysis of biological datasets	bioRxiv (Cold Spring Harbor Laboratory)	Andrew E. Webb, Scott Wolf, Ian M. Traniello, Sarah D. Kocher
10.1101/2024.10.09.617391	2024	prolfquapp - A User-Friendly Command-Line Tool Simplifying Differential Expression Analysis in Quantitative Proteomics	bioRxiv (Cold Spring Harbor Laboratory)	Witold Wolski, Jonas Grossmann, Leonardo Schwarz, Peter Leary, Can Türker, Paolo Nanni, Ralph Schlapbach, Christian Panse
10.1101/2024.12.25.630314	2024	“The Metagenomics Days”: a simplified workshop on amplicon sequencing analysis with open cloud bioinformatics for eDNA and Microbiomes	bioRxiv (Cold Spring Harbor Laboratory)	Hadj Ahmed Belaouni, Michael T. Stevenson, Stewart Rosell, Andrew McClure
10.1016/j.apsoil.2025.105952	2025	16S rRNA sequencing reveals synergistic effects of silkworm feces and earthworms on soil microbial diversity and resilience under elevated temperatures	Applied Soil Ecology	Fuzhi Lu, De‐Long Guan, Xiaoyan Zhang, Jinmei Wei, Jing Song, Feng Qian
10.1111/mec.17821	2025	A Chromosome Inversion Creates a Supergene for Sex and Colour in Lake Malawi Cichlids	Molecular Ecology	Kristen A. Behrens, Soumya Jailwala, Frances E. Clark, Anne Meyer, Nikesh M. Kumar, Adrianus F. Konings, Reade B. Roberts, Matthew A. Conte, Jeffrey Todd Streelman, Patrick T. McGrath, Thomas D. Kocher
10.1016/j.procs.2025.10.175	2025	A New Biotechnology Era: Computer Science Enabled Solutions to Environmental Challenges in Agriculture	Procedia Computer Science	Esteve Hassan, Athanasios Paschos, Claire Dinn, Elhadi Shakshuki, Amir Eaman
10.1002/pmic.202500019	2025	A Non‐Metaproteomics Researchers’ View on Metaproteomics in Microbiome Research	PROTEOMICS	Velma T. E. Aho, Laure‐Alix Clerbaux, Anne Kupczok, Bree J. Tillett, Neha Garg, Jannie G. E. Henderickx
10.1021/acs.jcim.5c02136	2025	A QM-AI Approach for the Acceleration of Accurate Assessments of Halogen-π Interactions by Training Neural Networks	Journal of Chemical Information and Modeling	Marc U. Engelhardt, Finn Mier, Markus O. Zimmermann, Frank M. Boeckler
10.1016/j.lanmic.2025.101092	2025	A case for global standardisation of genomics and wastewater-based epidemiology	The Lancet Microbe	Noemí Cajas-Corrales, Diana Vallejo-Espín, William Calero‐Cáceres
10.1128/mra.00642-25	2025	A catalog of metagenome-assembled genomes from Amazonian forest and pasture soils	Microbiology Resource Announcements	Andressa M. Venturini, Júlia Brandão Gontijo, Louis Berrios, Jorge L. Mazza Rodrigues, Kabir Peay, Siu Mui Tsai
10.1093/jhered/esaf071	2025	A chromosome-level genome assembly of the forked fungus beetle Bolitotherus cornutus , a model system for studying social evolution in the wild	Journal of Heredity	Kyle M. Benowitz, Zachery M Esterline, Anna H.N. de Win, Vincent A. Formica, Edmund D. Brodie
10.1093/nar/gkaf233	2025	A deep learning model trained on expressed transcripts across different tissue types reveals cell-type codon-optimization preferences	Nucleic Acids Research	S K RAVI, Tapan Sharma, Mitchell Yip, Huiya Yang, Jun Xie, Guangping Gao, Phillip W.L. Tai
10.1126/scitranslmed.adu2459	2025	A genome-wide in vivo CRISPR activation screen identifies BACE1 as a therapeutic vulnerability of lung cancer brain metastasis	Science Translational Medicine	Shawn C. Chafe, Kui Zhai, Nikoo Aghaei, Petar Miletic, Zhi Huang, Kevin R. Brown, Daniel Mobilio, Daniel W Young, Yujin Suk, Shan Grewal, Dillon McKenna, Zahra Alizada, Agata Kieliszek, Fred C. Lam, Laura Escudero, Qian Huang, Ariana Huebner, Junhong Lü, P T Ang, Alisha Anand, Stefan Custers, Erika 
10.1093/jhered/esaf067	2025	A highly contiguous genome assembly for the California vole, Microtus californicus, provides insight into phylogenetic relationships and patterns of synteny among voles	Journal of Heredity	Krzysztof M. Kozak, Merly Escalona, I. J. Linn, Noravit Chumchim, Colin W Fairbairn, Mohan P A Marimuthu, Oanh Nguyen, William Seligmann, Chris J. Conroy, James L. Patton, Rauri C. K. Bowie, Michael W. Nachman
10.1101/2025.03.28.646030	2025	A miniature CRISPR-Cas10 enzyme confers immunity by an inverse signaling pathway	bioRxiv (Cold Spring Harbor Laboratory)	Erin Doherty, Benjamin A. Adler, Peter H. Yoon, K.‐H. HSIEH, Kenneth J. Loi, Emily G. Armbruster, Arushi Lahiri, Cydni S. Bolling, Xander E. Wilcox, Amogha Akkati, Anthony T. Iavarone, Joe Pogliano, Jennifer A. Doudna
10.1038/s41586-025-09569-9	2025	A miniature CRISPR–Cas10 enzyme confers immunity by inhibitory signalling	Nature	Erin Doherty, Benjamin A. Adler, Peter H. Yoon, K.‐H. HSIEH, Kenneth J. Loi, Emily G. Armbruster, Arushi Lahiri, Cydni S. Bolling, Xander E. Wilcox, Amogha Akkati, Anthony T. Iavarone, Joe Pogliano, Jennifer A. Doudna
10.1101/2025.04.07.647596	2025	A modular, immunopeptidogenomic (iPepGen) analysis pipeline for discovery, verification, and prioritization of cancer peptide neoantigen candidates	bioRxiv (Cold Spring Harbor Laboratory)	Subina Mehta, Reid Wagner, Katherine Do, James E. Johnson, Fengchao Yu, Tyler A. Jubenville, Kyle A. Richards, Susan Coleman, Flavia E. Popescu, Alexey I. Nesvizhskii, David A. Largaespada, Pratik Jagtap, Timothy J. Griffin
10.64898/2025.12.23.692120	2025	A non-canonical role for the ATAD2 ortholog BDF7 in nucleolar ribosome maturation and amastigote survival in Leishmania mexicana	bioRxiv (Cold Spring Harbor Laboratory)	Nathaniel G. Jones, Juliana Brambilla Carnielli Trindade, Alexander Johnson, Adam  A. Dowle, Raquel Gabarró, Félix Calderón, Anthony J. Wilkinson, Jeremy Charles Mottram
10.1128/msphere.00879-24	2025	A novel Erwiniaceae gut symbiont modulates gene expression of the intracellular bacterium Cardinium in the stored product mite Tyrophagus putrescentiae	mSphere	Jan Hubert, Eliza Głowska, Scot E. Dowd, Pavel Borisovich Klimov
10.1101/2025.09.16.25335490	2025	A novel truncating variant c.1222DupC in RBM20 causes cardiomyopathy through haploinsufficiency	medRxiv	P.V. Krishna Pant, Yong Huang, Zakiya Ghouse, Fang Bai, Elena Kemmling, Laura Konrad, Rebecca Kistler, Timon Seeger, Michael Gotthardt, Victoria Nicole Parikh, Maarten M.G. van den Hoogenhof
10.1007/s00438-025-02268-0	2025	A reference genome for Plinia edulis: expanding the pharmacological and nutraceutical potential of a neglected brazilian tree species	Molecular Genetics and Genomics	Valdir Marcos Stefenon, Thiago Sanches Ornellas, Yohan Fritsche, Suelen Martinez Guterres, Ingrid Lohani Degering Brand, Ana Kelly de Sousa Silva, Fernando Joner
10.1371/journal.ppat.1013533	2025	A single amino acid variant in the variable region I of AAV capsid confers liver detargeting	PLoS Pathogens	Ruxiao Xing, Mengyao Xu, Darcy Reil, April Destefano, Mengtian Cui, Nan Liu, Jialing Liang, Guangchao Xu, Ligang Luo, Meiyu Xu, Fang Zhang, Phillip W.L. Tai, Yuquan Wei, Alisha M. Gruntman, Terence R. Flotte, Guangping Gao, Dan Wang
10.1101/2025.03.04.641478	2025	A single amino acid variant in the variable region I of AAV capsid confers liver detargeting	bioRxiv (Cold Spring Harbor Laboratory)	Ruxiao Xing, Mengyao Xu, Darcy Reil, April Destefano, Mengtian Cui, Nan Liu, Jialing Liang, Guangchao Xu, Ligang Luo, Meiyu Xu, Fang Zhang, Phillip W.L. Tai, Yuquan Wei, Alisha M. Gruntman, Terence R. Flotte, Guangping Gao, Dan Wang
10.1016/j.compbiomed.2025.110760	2025	A systemic investigation of the phytochemical space in polyherbal formulations of India: A curated database	Computers in Biology and Medicine	Dipshikha Gogoi, Kikrusenuo Kiewhuo, Hillul Chutia, S. Vaikundamani, Garikapati Narahari Sastry, Hridoy Jyoti Mahanta
10.1371/journal.ppat.1012467	2025	A targeted CRISPR screen identifies ETS1 as a regulator of HIV-1 latency	PLoS Pathogens	Manickam Ashokkumar, Terry L Hafer, Abby Felton, Nancie M. Archin, David M. Margolis, Michael Emerman, Edward P. Browne
10.3390/genes16050538	2025	ACADVL Deep Sequencing in a Case Study: Beyond the Common c.848T>C Pathogenic Variant	Genes	Francesco Baldo, Luisa Zupin, Andrea Magnolato, Valeria Capaci, Maria Teresa Bonati
10.1128/msphere.00429-25	2025	APOE genotype and sex drive microbiome divergence after microbiome standardization in APOE -humanized mice	mSphere	Michelle L. Aries, Hope Gasvoda, Makayla Michelotti, Fernando Rodriguez-Caro, Ashley Gooman, Anna Huang Perez, Tiffany Hensley‐McBain
10.1101/2025.04.25.650741	2025	APOE genotype and sex drive microbiome divergence after microbiome standardization in APOE -humanized mice	bioRxiv (Cold Spring Harbor Laboratory)	Michelle L. Aries, Hope Gasvoda, Makayla Michelotti, Fernando Rodriguez-Caro, Ashley Gooman, Anna Huang Perez, Tiffany Hensley‐McBain
10.1039/d5lc00287g	2025	Accelerated maturation of branched organoids confined in collagen droplets	Lab on a Chip	Iris Elke Ruider, Anna Marta Pastucha, Marion K. Raich, Wentao Xu, Yan Liu, Maximilian Reichert, David A. Weitz, Andreas R. Bausch
10.1101/2025.03.24.644794	2025	Accelerated maturation of branched organoids confined in collagen droplets	bioRxiv (Cold Spring Harbor Laboratory)	Iris Elke Ruider, Anna Marta Pastucha, Marion K. Raich, Wentao Xu, Yan Liu, Maximilian Reichert, David A. Weitz, Andreas R. Bausch
10.1038/s41598-025-06075-w	2025	Achromobacter xylosoxidans modulates Pseudomonas aeruginosa virulence through a complex multi-target competition	Scientific Reports	Alison Besse, Quentin Menetrey, Vincent Jean-Pierre, Sylvaine Huc-Brandt, Fabien Aujoulat, Chloé Dupont, R. Chiron, Jean Armengaud, Estelle Jumas‐Bilak, Virginie Molle, Lucia Grenga, Hélène Marchandin
10.1101/2025.02.26.640371	2025	Achromobacter xylosoxidans modulates Pseudomonas aeruginosa virulence through a multi-target mechanism of competition	bioRxiv (Cold Spring Harbor Laboratory)	Alison BESSE, Quentin Menetrey, V. Jean-Pierre, Sylvaine Huc-Brandt, Fabien Aujoulat, Chloé Dupont, R. Chiron, Jean Armengaud, Estelle Jumas‐Bilak, Virginie Molle, Lucia Grenga, Hélène Marchandin
10.3897/zookeys.1260.143038	2025	Across desert and island: Phylogeny of two thin stick insects from China with taxonomic insights into the clade “Gratidiini II” (Phasmatodea, Clitumninae)	ZooKeys	HAO-RAN GAO, CHEN WANG, Wei-Xian Chen, Jia-Jin Li, Hongrui Zhang, Li Yajin
10.1152/ajpheart.00493.2025	2025	Acute arrhythmias in a long-chain 3-hydroxyacyl-CoA dehydrogenase deficiency mouse model	American Journal of Physiology-Heart and Circulatory Physiology	Gabriela Elizondo, Arianna Scalco, Ayah H Asal, Hak Chung, Garen D. Gaston, Beth A. Habecker, Melanie B. Gillingham
10.1101/2025.07.15.665021	2025	Adult organotypic brain slice cultures recapitulate extracellular matrix remodelling in haemorrhagic stroke	bioRxiv (Cold Spring Harbor Laboratory)	Benjamin J. Hewitt, Lauren A. Roberts, James A. Roberts, Daniel J. Fulton, Lisa J. Hill, Philip J. Kitchen, Roslyn M. Bill, Hannah F. Botfield
10.3389/fbinf.2025.1610015	2025	Advancing bioinformatics capacity through Nextflow and nf-core: lessons from an early-to mid-career researchers–focused program at The Kids Research Institute Australia	Frontiers in Bioinformatics	Patricia Agudelo‐Romero, Talya Conradie, Jose Antonio Caparros-Martin, David Martino, Anthony Kicic, Stephen Michael Stick, Christopher Hakkaart, Abhinav Sharma
10.3389/fphar.2025.1591696	2025	Advancing precision oncology with AI-powered genomic analysis	Frontiers in Pharmacology	Ruby Srivastava
10.1126/sciadv.adw4954	2025	Allele frequency selection and no age-related increase in human oocyte mitochondrial mutations	Science Advances	Barbara Arbeithuber, Kate Anthony, Bonnie Higgins, Peter Oppelt, Omar Josef Shebl, Irene Tiemann‐Boege, Francesca Chiaromonte, Thomas Ebner, Kateryna D. Makova
10.1093/biolre/ioaf119	2025	Alpha-ketoglutarate modulates the reprogramming of mitochondrial and nuclear DNA methylation during the earliest stages of the bovine preimplantation embryo development	Biology of Reproduction	Jéssica Ispada, Camila Bruna de Lima, Aldcejam Martins da Fonseca-Junior, Érika Cristina dos Santos, Hélène Martin, Pablo J. Ross, Marc‐André Sirard, Marcella Pecora Milazzotto
10.1210/endocr/bqaf084	2025	An Atlas of Thyroid Hormone Responsive Genes in Adult Mouse Hypothalamus	Endocrinology	Shijia Wu, Julien Dellinger, Suzy Markossian, Yves Dusabyinema, Romain Guyot, Sandrine Hughes, Denise Aubert, Marie Fackeure, Karine Cécile Gauthier, Benjamin Gillet, Wenzheng Jiang, Frédéric Flamant
10.64898/2025.12.04.692339	2025	An atypical F-type ATPase is necessary for the function of the antibody cleavage system MIB-MIP in mycoplasmas	bioRxiv (Cold Spring Harbor Laboratory)	Julien Berlureau, Robin Anger, Emilie Beaulieu, Géraldine Gourgues, Laure Bataille, Jade Jaubert, Carole Lartigue, Pascal Sirand‐Pugnet, Yonathan Arfi
10.1101/2025.01.31.635944	2025	Analysis of The Senescence Secretome During Zebrafish Retina Regeneration	bioRxiv (Cold Spring Harbor Laboratory)	Gregory J. Konar, Kyle T Vallone, Thuc Nguyen, James G. Patton
10.1101/2025.01.13.632675	2025	Analysis of potential mechanisms of non-carbapenemase mediated carbapenem resistance in Acinetobacter baumannii	bioRxiv (Cold Spring Harbor Laboratory)	Lisa-Marie Höfken, Sören G. Gatermann, Niels Pfennigwerth
10.3389/fragi.2025.1569422	2025	Analysis of the senescence secretome during zebrafish retina regeneration	Frontiers in Aging	Gregory J. Konar, Kyle T Vallone, Tu Dac Nguyen, James G. Patton
10.1093/femsml/uqaf020	2025	Analysis of tracrRNAs reveals subgroup V2 of type V-K CAST systems	microLife	Marcus Ziemann, Alexander Mitrofanov, Richard Stöckl, Omer S. Alkhnbashi, Rolf Backofen, Wolfgang R. Hess
10.1101/2025.03.07.641588	2025	Analysis of tracrRNAs reveals subgroup V2 of type V-K CAST systems	bioRxiv (Cold Spring Harbor Laboratory)	Marcus Ziemann, Alexander Mitrofanov, Richard Stöckl, Omer S. Alkhnbashi, Rolf Backofen, Wolfgang R. Hess
10.1093/g3journal/jkaf182	2025	Annotated genome of the Atlantic dog whelk, Nucella lapillus	G3 Genes Genomes Genetics	Mark A. Ford, Steven V. Vollmer, Geoffrey C. Trussell
10.1007/s00430-025-00852-0	2025	Antibiotic-resistant Acinetobacter baumannii can be killed by a combination of bacteriophages and complement	Medical Microbiology and Immunology	Carmen Chen, Eva Krzyżewska, Sheetal Patpatia, Vinaya Dulipati, Sarah N. Mapelli, Aycan Meral, Juha P. Kotimaa, Saija Kiljunen, Seppo Meri
10.1038/s41597-025-04451-9	2025	Applying the FAIR Principles to computational workflows	Scientific Data	Sean R. Wilkinson, Meznah Aloqalaa, Khalid Belhajjame, Michael Robin Crusoe, Bruno P. Kinoshita, Luiz M. R. Gadelha Jr., Daniel Garijo, Ove Gustafsson, Nick Juty, Sehrish Kanwal, Farah Zaib Khan, Johannes Köster, Karsten Peters, Line Catherine Pouchard, Randy K. Rannow, Stian Soiland‐Reyes, Nicola S
10.1016/j.mattod.2025.06.020	2025	Aptamers in drug delivery development	Materials Today	Connie Wen, Yixun Wang, Yixun Wang, Yong Wang, Yong Wang
10.1007/s00203-025-04275-6	2025	Aquirufa esocilacus sp. nov., Aquirufa originis sp. nov., Aquirufa avitistagni, and Aquirufa echingensis sp. nov. discovered in small freshwater habitats in Austria during a citizen science project	Archives of Microbiology	Alexandra Pitt, Stefan Lienbacher, Johanna Schmidt, Meina Neumann‐Schaal, Jacqueline Wolf, Aharon Oren, Sophia Reichl, Martin W. Hahn
10.1111/tpj.70533	2025	Arabidopsis thaliana FANCONI ANAEMIA I ( FANCI ) has roles in the repair of interstrand crosslinks and CRISPR ‐Cas9 induced DNA double strand breaks	The Plant Journal	Atheer Balobaid, Wanda M. Waterworth, Sophya F. Vila Nova, Barry E. Causier, Vinay Sharma, M. Park, Manish Kumar Pandey, Christopher E. West
10.1016/j.fgb.2025.104016	2025	Aspergillus fumigatus isolated from diverse wildfowl exhibit distinct antifungal susceptibility profiles driven by genetic and non-genetic determinants	Fungal Genetics and Biology	Oscar Bruña–Romero, Magalie Galarneau, Samanta Pladwig, Boyan Liu, Sherri L. Cox, Jennifer Geddes‐McAlister
10.1016/j.trim.2025.102298	2025	Assessing the influence of isolation techniques on NK cell transcriptomic profiles	Transplant Immunology	Rana ElNouty, Ahmed Moustafa, Maha M. A. Mostafa, Amged A. Ouf, Khaled Abou‐Aisha, Mona Rady
10.1002/pro.70438	2025	Assessing the validity of leucine zipper constructs predicted by AlphaFold	Protein Science	Isobel Mitic, Keiran Nicholas Rowell, Thomas Litfin, Katharine A. Michie, David A. Jacques
10.1038/s41398-025-03277-8	2025	Association of escitalopram-induced shifts in gut microbiota and sphingolipid metabolism with depression-like behavior in wistar-kyoto rats	Translational Psychiatry	Jiajia Duan, Jiaxing Sun, Xiao Ma, Peipei Du, Pengfei Dong, Juan Xue, Yanli Lu, Tao Jiang
10.1101/2025.08.29.673116	2025	Atkinsonella hypoxylon virus capsid structure highlights the diversity of capsid proteins among the Partitiviridae	bioRxiv (Cold Spring Harbor Laboratory)	Micol Venturi, Matthew J. Byrne, Beate Aftret, Donna McNeale, Bernd H. A. Rehm, Frank Sainsbury
10.3390/microorganisms13071446	2025	Attachment and Biofilm Formation of Eight Different Salmonella Serotypes on Three Food-Contact Surfaces at Different Temperatures	Microorganisms	Katrina L. Counihan, Shannon Tilman, Joseph Uknalis, Sudarsan Mukhopadhyay, Brendan A. Niemira, Daniela Bermúdez‐Aguirre
10.1101/2025.01.21.634156	2025	Auto-methylation of the histone methyltransferase SetDB1 at its histone-mimic motifs ensures the spreading and maintenance of heterochromatin	bioRxiv (Cold Spring Harbor Laboratory)	Qing Tang, An Zhang, Michael J. L. Sullivan, Katalin Fejes Tóth, Alexei A. Aravin
10.1101/2025.10.22.683908	2025	Automethylation of lysine methyltransferase SETDB1 on H3K9-like motifs regulates interactions with chromodomain proteins and controls its functions	bioRxiv (Cold Spring Harbor Laboratory)	Paola Cruz‐Tapias, Guillaume Velasco, Roberta Rapone, Laurence Del Maestro, Victor Cochard, Guillaume Chevreux, Véronique Joliot, Ekaterina Boyarchuk, Slimane Ait‐Si‐Ali
10.1111/ppl.70270	2025	Babaco Mosaic Virus ( BabMV ) Induces Genome‐Wide Transcriptomic Reprogramming in Carica papaya	Physiologia Plantarum	María Gabriela Maridueña-Zavala, Hamada AbdElgawad, Mohammad K. Okla, Juan Manuel Cevallos‐Cevallos, Gerrit T.S. Beemster, Carlos Noceda
10.3390/foods14060965	2025	Bioactive Polyphenolic Compounds from Propolis of Tetragonula carbonaria in the Gibberagee Region, New South Wales, Australia	Foods	Dylan W. Ebner, D. L. Woods, Trong D. Tran
10.1111/mec.70001	2025	Biodiversity Genomics Research Practices Require Harmonising to Meet Stakeholder Needs in Conservation	Molecular Ecology	Elena Bužan, Christian de Guttry, Chiara Bortoluzzi, Nathaniel Robert Street, Kay Lucek, Anna Rosling, Lino Ometto, Alice Mouton, Luísa S. Marins, María José Ruiz‐López, José Melo‐Ferreira, Elisabet Ottosson, Camila Junqueira Mazzoni, Robert Michael Waterhouse
10.1007/s10123-025-00642-x	2025	Biodiversity of strains belonging to the freshwater genus Aquirufa in a riparian forest restoration area in Salzburg, Austria, with a focus on the description of Aquirufa salirivi sp. nov. and Aquirufa novilacunae sp. nov	International Microbiology	Alexandra Pitt, Stefan Lienbacher, Johanna Schmidt, Meina Neumann‐Schaal, Jacqueline Wolf, Hannah Wenng, Aharon Oren, Zoe Huber, Martin W. Hahn
10.3390/biomimetics10010066	2025	Bone Marrow Stromal Cells Generate a Pro-Healing Inflammasome When Cultured on Titanium–Aluminum–Vanadium Surfaces with Microscale/Nanoscale Structural Features	Biomimetics	David J. Cohen, Christine M. Van Duyn, Jingyao Deng, Musaddiq K Lodi, Michelle B. Gallagher, James T. Sugar, Jeremy Rawlinson, Preetam Ghosh, Barbara D. Boyan, Zvi Schwartz
10.1101/2025.11.25.690363	2025	Brush border intermicrovillar adhesion limits bacteria attachment to the small intestine brush border	bioRxiv (Cold Spring Harbor Laboratory)	Rebecca P. Cowell, Alexander C Bickart, Suchetha R Shashi, Ana Vásquez, Lee C. Brackman, Marwa A. Abdel-Dayem, Wei Chen, Deanna M Bowman, Evan E. Krystofiak, Yassine Essalki, Isabelle Mercedes Gross, David Glenn Harrison, Celestine N. Wanjalla, Holly M. Scott Algood, Matthew J. Tyska, Leslie M. Meen
10.1145/3750720.3757297	2025	Bundled for Success: A WfBench-Driven Assessment of Texera		Meng Wang, Shiva Jahangiri, Ketan Maheshwari, Chen Li
10.1002/cctc.202500567	2025	C13‐Deacylase from Nocardioides albus Resp. Streptomyces sp., Catalyzing Side Chain Hydrolysis on the Taxane Core	ChemCatChem	Jinfen Su, Eugen Schell, Thomas Heine, Marion B. Ansorge‐Schumacher
10.1093/nar/gkaf369	2025	CAMI Benchmarking Portal: online evaluation and ranking of metagenomic software	Nucleic Acids Research	Fernando Meyer, Gary Robertson, Zhi-Luo Deng, David Koslicki, Alexey A. Gurevich, Alice Carolyn McHardy
10.1093/bioinformatics/btaf670	2025	COBRAxy: constraint-based metabolic modeling in Galaxy	Bioinformatics	Francesco Lapi, Luca Milazzo, Lihao Lin, Isabella Cecilia Rizzo, Bruno G. Galuzzi, Chiara Damiani
10.3724/abbs.2025207	2025	COCA-seq: genome-wide mapping of O-GlcNAc-associated open chromatin	Acta Biochimica et Biophysica Sinica	Chang Ge, Ran Zhao, Hongyu Jiang, Qingbin Chen, Zhentao Yu, Hankai Yang, Xuan Jiang, Qiang Ma, Han Li, Kairan Yu, Guofang Li, Huang Huang, Wei Wang, Yubo Liu, Qingyue Zhang, Xingzhong Jin
10.1111/cas.70161	2025	CTCF Is Essential for the Development and Maintenance of CALM ‐ AF10 ‐Induced Leukemia	Cancer Science	Yoko Kuroki, Kazutsune Yamagata, Yukiko Aikawa, Yutaka Shima, Hisafumi Shioneri, Issay Kitabayashi
10.1016/j.isci.2025.113941	2025	Campus-based genomic surveillance uncovers early emergence of a future dominant A(H3N2) influenza clade	iScience	Matthew Scotch, Temitope O. C. Faleye, Jillian M. Wright, Sarah Finnerty, Rolf U. Halden, Arvind Varsani
10.1101/2025.06.13.25329559	2025	Campus-based genomic surveillance uncovers early emergence of a future dominant A(H3N2) influenza clade	medRxiv	Matthew Scotch, Temitope O. C. Faleye, Jillian M. Wright, Sarah Finnerty, Rolf U. Halden, Arvind Varsani
10.1016/j.molcel.2025.05.009	2025	Catalytic-dependent and independent functions of the histone acetyltransferase CBP promote pioneer-factor-mediated zygotic genome activation	Molecular Cell	Audrey J. Marsh, Сергей Анатольевич Пирогов, Yadwinder Kaur, Abby J. Ruffridge, Suresh Sajwan, Tyler J. Gibson, George Hunt, Melissa M. Harrison, Mattias Mannervik
10.1016/j.vetpar.2025.110569	2025	Characterisation of β-tubulin isotypes in Uncinaria stenocephala and implications for benzimidazole resistance in hookworms	Veterinary Parasitology	Thomas J. Stocker, Jan R Šlapeta
10.1101/2025.07.12.664546	2025	Characterisation of β-tubulin isotypes in Uncinaria stenocephala and implications for benzimidazole resistance in hookworms	bioRxiv (Cold Spring Harbor Laboratory)	Thomas J. Stocker, Jan R Šlapeta
10.1093/braincomms/fcaf077	2025	Characterization of a novel zebrafish model of MTMR5-associated Charcot-Marie-Tooth disease type 4B3	Brain Communications	Jordan Lindzon, Maia List, Salma Geissah, Atai Ariaz, Mo Zhao, James J. Dowling
10.21203/rs.3.rs-7722832/v1	2025	Characterization of the mitochondrial genome, cox1 intron dynamics and phylogenetic analysis of Fusarium species causing basal rot in onions	Research Square	Auji Radhakrishna, Satish Kumar, Konappan Jayalakshmi, Vijay Mahajan, Ram Dutta, Akula Sindhu Bhargavi, Sakallioglu I.T
10.1093/jpp/rgaf100	2025	Characterizing resistance in prostate cancer at a single cell level with hormonal treatment and epigenetic inhibitors	Journal of Pharmacy and Pharmacology	Morgan Howells, Priyadarsini Gangadharannambiar, Calum McMullen, Francesco Crea, Wendi Bacon, Colette Christiansen
10.1242/dev.204697	2025	Chd4 remodels chromatin to control retinal cell type specification and lineage termination	Development	Sujay J. Shah, Suma Medisetti, José Alex Lourenço Fernandes, Pierre A. Mattar
10.1101/2025.01.09.632287	2025	Chd4 remodels chromatin to control retinal cell type specification and lineage termination	bioRxiv (Cold Spring Harbor Laboratory)	Sujay J. Shah, José Alex Lourenço Fernandes, Suma Medisetti, Pierre A. Mattar
10.1002/njb.04902	2025	Chloroplast genome of the critically endangered Ginger Zingiber odoriferum Blume from Java, Indonesia: characterization, comparison, and conservation insights	Nordic Journal of Botany	Irfan Martiansyah, Risha Amilia Pratiwi, Muhammad Rifqi Hariri, Mahat Magandhi, Asih Perwita Dewi, Andik Wijayanto
10.1186/s12879-025-11808-3	2025	Chromatin accessibility and gene expression in the parasite Trichomonas vaginalis	BMC Infectious Diseases	Agustina Prat, Daniela Muñoz, Ayelén Lizarraga, Julieta Seifert-Gorzycki, Estefania Sanchez-Vazquez, Patricia J. Johnson, Pablo H. Strobl‐Mazzulla, Natalia de Miguel
10.1038/s41597-025-05721-2	2025	Chromatin landscape, transcriptomic and ChIP-seq profiling of Anopheles stephensi MSQ43 cell line	Scientific Data	Varvara Lukyanchikova, Miroslav Nuriddinov, Anna A. Khabarova, Maria M. Gridina, Andrey Popov, Polina S. Belokopytova, Igor V. Sharakhov, Veniamin Fishman
10.1093/g3journal/jkaf201	2025	Chromosomal-level assembly of Magnusiomyces clavatus : novel genetic insights on an emerging fungal pathogen	G3 Genes Genomes Genetics	Emil Tonon, Riccardo Cecchetto, Maya Carrera, Annarita Sorrentino, Guido Zeni, Giona Turri, Marco Mantoan, Asia Palmisano, Anna Lagni, Virginia Lotti, Erica Diani, Davide Gibellini
10.1186/s12864-025-12160-1	2025	Chromosome-level comparative genomics and host-specific fungal transcriptomics uncover adaptive virulence strategies in the sugarcane smut pathogen	BMC Genomics	Pedro Fernando Vilanova, Lucas Mitsuo Taniguti, M. das G. R. Ferreira, Thaís Carolina da Silva Dal’Sasso, Gustavo Schiavone Crestana, Lâina da Silva de Oliveira, Renato Gustavo Hoffmann Bombardelli, Tatiana Caroline Pisetta, Paula Turini, João Paulo Kitajima, Silvana Creste, Luís Eduardo Aranha Cama
10.1111/1749-4877.12993	2025	Clinical and Pathological Effects of Filariasis in Tayra ( Eira barbara ) and Crab‐Eating Fox ( Cerdocyon thous ) from Colombia	Integrative Zoology	Brayan Andrés Gamboa‐Suárez, Angie Daniela González, Miguel Hernán Nova‐Chamorro, Claudia Brieva, Nubia Estela Matta
10.1242/bio.062018	2025	Coincident evolution and functional adaptation of the taxonomically restricted genes ivph-3 and gon-14 in Caenorhabditis nematodes	Biology Open	Nikita S. Jhaveri, Bhagwati Prasad Gupta, Helen Chamberlin
10.1186/s13100-025-00389-2	2025	ColabCuraTE: an easy-to-use, web-based pipeline for the manual curation of transposable elements	Mobile DNA	Scott L. Travers, Abbas Khansa, Christopher E. Ellison
10.1016/j.jwpe.2025.107494	2025	Comammox Nitrospira dominates the nitrifying bacterial community in the external canister biofilter in the tank fish farm	Journal of Water Process Engineering	Martyna Godzieba, Piotr Hliwa, Jacek Mąkinia, Sławomir Ciesielski
10.1128/mbio.01474-25	2025	Combined cellular and proteomics approach suggests differential processing of a native and a foreign vibrio in the sponge Halicondria panicea	mBio	Ángela M. Marulanda-Gómez, Benjamin Mueller, Kristina Viktoria Bayer, Mohammad Abukhalaf, Liam Cassidy, Andreas Tholey, Sebastian Fraune, Lucía Pita, Ute Hentschel
10.1021/acs.jproteome.4c01094	2025	Comet Fragment-Ion Indexing for Enhanced Peptide Sequencing	Journal of Proteome Research	Christopher D. McGann, Erik J. Bergstrom, Vagisha Sharma, Lilian R. Heil, Qing Hua Yu, Jimmy K. Eng, Devin K. Schweppe
10.1186/s12864-025-12094-8	2025	Commentary: a review of technical considerations for planning an RNA-Sequencing experiment	BMC Genomics	Rashi Verma, Amanda Savaria-Butler, Francisco J. Enguita, Robert Meller
10.3390/vetsci12060576	2025	Companion Animals as Reservoirs of Multidrug Resistance—A Rare Case of an XDR, NDM-1-Producing Pseudomonas aeruginosa Strain of Feline Origin in Greece	Veterinary Sciences	Marios Lysitsas, Eleftherios A. Triantafillou, Irene Chatzipanagiotidou, Anastasios N. Triantafillou, Georgia Agorou, Maria‐Eleni Filippitzi, Antonis Giakountis, George Valiakos
10.1002/ece3.70830	2025	Comparative Analysis of Seventeen Mitochondrial Genomes of Mileewinae Leafhoppers, Including the Unique Species Mileewa digitata (Hemiptera: Cicadellidae: Mileewinae) From Xizang, China, and New Insights Into Phylogenetic Relationships Within Mileewini	Ecology and Evolution	Hongli He, Bin Yan, Xiaofei Yu, Maofa Yang
10.1007/s11105-025-01536-y	2025	Comparative Chloroplast Genomics and Phylogeny of Crinum brachynema (Amaryllidaceae): A Narrow Endemic Geophyte of the Western Ghats of India	Plant Molecular Biology Reporter	Asif Shabodin Tamboli, Priya E. Shelke, Rupali Nemgonda Chougule, Jin-Suk Youn, Yeon‐Sik Choo, Jae‐Hong Pak, Manoj M. Lekhak
10.1101/2025.07.25.666834	2025	Comparative Genomics of Vibrio vulnificus, Vibrio navarrensis , and Vibrio cidicii Reveals Taxonomic Boundaries and Divergent Virulence Mechanisms	bioRxiv (Cold Spring Harbor Laboratory)	Keri Ann Lydon, Megan E. J. Lott
10.64898/2025.12.30.696969	2025	Comparative Transcriptomics Reveals Genes Commonly Induced by Distinct Stressors in Chlamydia	bioRxiv (Cold Spring Harbor Laboratory)	Ronald Haines, Danny Wan, Guangming Zhong, Huizhou Fan
10.1016/j.biteb.2025.102416	2025	Comparative analysis of microbial communities in biofilm-associated microplastic in river, seawater, anaerobic sludge, and soil environments	Bioresource Technology Reports	M. Sunil Kumar, Dicky John Davis G
10.1016/j.egg.2025.100428	2025	Comparative and pan-genome analysis of the complete genomes of the periodontal pathogen Tannerella forsythia reveals unique tetracycline resistance protein Q and GT22 carbohydrate-active enzyme family in strain 92A2	Ecological Genetics and Genomics	Roja Suresh, Susanthika Jayachandiran, Pratebha Balu, Dhamodharan Ramasamy
10.1099/mgen.0.001511	2025	Comparative genome analysis of human pathogen Parvimonas micra revealed strain JM503A as potential novel species in the genus Parvimonas and high intra-species functional diversity	Microbial Genomics	Roja Suresh, Susanthika Jayachandiran, Pratebha Balu, Pajanivel Ranganadin, Dhamodharan Ramasamy
10.1007/s00425-025-04807-w	2025	Comparative genomics of plastid genome within Curculigo orchioides subclade (Hypoxidaceae) reveals evolutionary relationships and document the shortest ndhA intron in seed plants	Planta	Asif Shabodin Tamboli, In‐Su Choi, Jin-Suk Youn, Rohit Nivas Mane, Avinash R. Gholave, Arun Nivrutti Chandore, Jae‐Hong Pak, Marcin Kiedrzyński
10.1007/s00203-025-04302-6	2025	Comparative genomics reveals genetic diversity and differential metabolic potentials of the species of Arachnia and suggests reclassification of Arachnia propionica E10012 (=NBRC_14587) as novel species	Archives of Microbiology	Roja Suresh, Susanthika Jayachandiran, Pratebha Balu, Dhamodharan Ramasamy
10.1128/aem.01827-25	2025	Comparative genomics reveals specialization and divergent virulence potential in Vibrio vulnificus , Vibrio navarrensis , and Vibrio cidicii	Applied and Environmental Microbiology	Keri Ann Lydon, Megan E. J. Lott
10.1080/24701394.2025.2558619	2025	Comparative mitogenomics of the eulipotyphlan species (Mammalia, Eulipotyphla) provides novel insights into the molecular evolution of hibernation	Mitochondrial DNA Part A	Lijia Chen, Guang Yang, Simin Chai
10.1002/ece3.72629	2025	Complete Mitochondrial Genome of the Araucanian Herring, Strangomera bentincki , Norman, 1936 (Teleostei: Clupeiformes: Clupeidae): Phylogenetic Analysis and Implications in Fishmeal Traceability	Ecology and Evolution	Yessenia Reinoso, Cynthia M. Asorey, María Angélica Larraín, Cristián Araneda
10.1128/mra.00193-25	2025	Complete genome sequence of Planococcus koreensis isolated from soil in Fort Collins, Colorado	Microbiology Resource Announcements	P. Gruber, Ashley Freedman, Kendall Malmstrom, Bradley R. Borlee, Carolina Mehaffy
10.1128/mra.00158-25	2025	Complete genome sequences of 34 Arctic marine bacteria	Microbiology Resource Announcements	Michael C. Sadler, Sayaka Mino, Robert M. Morris
10.3389/fpls.2025.1649473	2025	Complete plastome of Elaeodendron glaucum (Rottb.) Pers.: genomic resources for Celastraceae systematics	Frontiers in Plant Science	Dipta Sumeru Rinandio, Iin Pertiwi A Husaini, Mahat Magandhi, Irfan Martiansyah, Tri Yuni Indah Wulansari, Julisasi Tri Hadiah, Deden Girmansyah, Nanda Utami, Rugayah, Arifin Surya Dwipa Irsyam, Rina Ratnasih Irwanto, Agus Suhatman, Muhammad Rifqi Hariri
10.1371/journal.pntd.0013305	2025	Complexity of schistosome vector bulinine snails in Kenya: Insights from nuclear genome size variation, complete mitochondrial genome sequence, and morphometric analysis	PLoS neglected tropical diseases	Si-Ming Zhang, Coen M. Adema, Mohamed R. Habib, Abdelmalek Lekired, Marijan Posavi, Martina R. Laidemitt, Geoffrey M. Maina, Ibrahim Ndungu Mwangi, Joseph M. Kinuthia, Martin W. Mutuku, Eric S. Loker
10.64898/2025.12.18.695115	2025	Complexome profile of mitochondrial complexes in the myzozoan parasite of oysters, Perkinsus marinus	bioRxiv (Cold Spring Harbor Laboratory)	Andrew E. Maclean, Orsola Iorillo, Drahomíra Faktorová, Monika Singh, Suzanne McGill, Julius Lukeš, Lilach Sheiner
10.3390/microorganisms13102265	2025	Comprehensive Genomic and Phenotypic Characterization of Escherichia coli O78:H9 Strain HPVN24 Isolated from Diarrheic Poultry in Vietnam	Microorganisms	Minh Hien Hoang, Pham Thi Lanh, Hien Vu, Cheng‐Yen Kao, Đồng Văn Quyền
10.64898/2025.12.27.696684	2025	Comprehensive Mapping of the Virus and Host Factors that Guide the Paths of HIV-1 Escape from a Therapeutic	bioRxiv (Cold Spring Harbor Laboratory)	Aaron Nicholas Gillman, Cassian M Birler, Rohith Rao Vujjini, Mohammad Fili, Samuel A McCarthy-Potter, W Chen, Madeline M Broghammer, Guiping Hu, Margaret J. Gartland, Manyu Prakash, Annika Helverson, Grant Brown, Hillel Haim
10.1007/s12672-025-02026-z	2025	Comprehensive identification of hub mRNAs and lncRNAs in colorectal cancer using galaxy: an in silico transcriptome analysis	Discover Oncology	Mohsen Yari, Milad Eidi, Mohammad-Amin Omrani, Zahra Fazeli, Mohammad R. Rahmanian, Soudeh Ghafouri‐Fard
10.1093/femsyr/foaf005	2025	Comprehensive survey of kombucha microbial communities of diverse origins and fermentation practices	FEMS Yeast Research	Emna Ben Saad, Anne Friedrich, Frédérique Fischer, Olivier Courot, Joseph Schacherer, Claudine Bleykasten
10.1007/s11259-025-10677-0	2025	Contagious ecthyma in small ruminants: from etiology to vaccine challenges - a review	Veterinary Research Communications	Caroline Reichen, Breno Castello Branco Beirão, Alda Lúcia Gomes Monteiro
10.1101/2025.10.31.685861	2025	Contextual control of CD8 + T cell priming by dendritic cell subsets in tumor and inflammatory microenvironments	bioRxiv (Cold Spring Harbor Laboratory)	Victoria Schuster, Naomi Berkowitz, Kasidy Brown, Catherine Rousculp, Valentina Laverde, Julia R Unsworth, Megan K. Ruhland
10.1093/nar/gkaf259	2025	Cooperation of a polymerizing SAM domain and an intrinsically disordered region enables full SAMD1 function on chromatin	Nucleic Acids Research	Merle Geller, Yinghua Cao, Clara Simon, Bastian Stielow, Jingfei Xu, Pengshuai Wei, Andrea Nist, Iris Rohner, Lea Marie Jeude, Theresa Huber, Thorsten Stiewe, Zhanxin Wang, Robert Liefke
10.1101/2025.04.28.24315795	2025	Coxsackievirus A24: A Causative Agent of Acute Haemorrhagic Conjunctivitis Outbreak in Dar es Salaam, Tanzania, between January and February 2024	medRxiv	Lawrence A. Mapunda, Peter Van Heusden, Robert Baluhya, Olympia G. Machange, Ambele Mwafulango, Monica Fredrick Francis, Aziz Ituka, Omega Machange, Adela Kisanga, Edna E. Mgimba, Hamza Matimba, Dennis M. Kado, Elson E. Kimaro, Ramadhani A. Libenanga, Jackson Peter Mushumbusi, Hamisi M. Swalehe, Ibr
10.1038/s41598-025-94582-1	2025	Crossing Wallace’s line: an evolutionarily young gibbon ape leukemia virus like endogenous retrovirus identified from the Philippine flying lemur (Cynocephalus volans)	Scientific Reports	Kyriakos Tsangaras, Jens M. Mayer, Alex David Greenwood
10.1002/ece3.71618	2025	Cryptic Kultarr: Integrative Taxonomy Reveals Unrecognized Species of Carnivorous Marsupial (Dasyuridae: Antechinomys ) in Arid Australia	Ecology and Evolution	Cameron S. Dodd, Renee A. Catullo, Kenny J. Travouillon, ANDREW M Baker, Michael Westerman, Linette S. Umbrello
10.3389/fcimb.2025.1545032	2025	Custom barcoded primers for influenza A nanopore sequencing: enhanced performance with reduced preparation time	Frontiers in Cellular and Infection Microbiology	Iryna V. Goraichuk, David L. Suarez
10.3390/ijms26115069	2025	Cyclic GMP-AMP Synthase (cGAS) Deletion Promotes Less Prominent Inflammatory Macrophages and Sepsis Severity in Catheter-Induced Infection and LPS Injection Models	International Journal of Molecular Sciences	Chatsuree Suksamai, Warerat Kaewduangduen, Pornpimol Phuengmaung, Kritsanawan Sae‐khow, Awirut Charoensappakit, Suwasin Udomkarnjananun, Sutada Lotinun, Patipark Kueanjinda, Asada Leelahavanichkul
10.1007/s13313-025-01075-w	2025	De Novo long-read assembly and annotation for genomes of two isolates of Berkeleyomyces rouxiae	Australasian Plant Pathology	Andrew Chen, Elizabeth A. B. Aitken, Duy Phu Le, Donald Max Gardiner
10.1007/s11033-025-11041-w	2025	De Novo transcriptome assembly of Ligula intestinalis (Linnaeus, 1758) Gmelin, 1790 (Cestoda: Diphyllobothriidae) plerocercoids and their host, the common bream Abramis Brama L. (Cypriniformes: Leuciscidae): model for studying host-parasite interactions	Molecular Biology Reports	Albina Tsekova, Polina B. Drozdova, Irina Sukhovskaya, Д. И. Лебедева, Людмила Александровна Лысенко, Надежда Павловна Канцерова
10.1007/s13313-025-01057-y	2025	De novo long-read assembly and annotation for genomes of two cotton-associated Fusarium oxysporum isolates	Australasian Plant Pathology	Donald Max Gardiner, Elizabeth A. B. Aitken, Peter van Dam, Duy Phu Le, Linda J. Smith, Andrew Chen
10.1186/s40793-025-00767-6	2025	De novo peptide databases enable protein-based stable isotope probing of microbial communities with up to species-level resolution	Environmental Microbiome	Simon Klaes, Christian White, Lisa Alvarez‐Cohen, Lorenz Adrian, Chang Kui Ding
10.1186/s12859-025-06108-1	2025	DeBasher: a flow-based programming bash extension for the implementation of complex and interactive workflows with stateful processes	BMC Bioinformatics	Daniel Ortiz-Martínez
10.1016/j.xplc.2025.101668	2025	Decoding plant physiology through systems biology: Integrative multi-omics and computational perspectives for next-generation crop design	Plant Communications	B. S. Kundu, Bhaben Tanti
10.1016/j.genrep.2025.102269	2025	Decoding shared molecular mechanisms of SARS-CoV-2 and HCoV-OC43 in COVID-19 neurological manifestations: a systems biology approach	Gene Reports	Maryam Mozafar, Seyed Amir Mirmotalebisohi, Marzieh Sameni, Zeinab Dehghan, Hassan Zohrevand, Zargham Sepehrizadeh, Mohammad Ali Faramarzi, Ahmad Reza Shahverdi, Hakimeh Zali
10.1007/s10822-025-00732-y	2025	Designing a multi-epitope mRNA vaccine to combat human metapneumovirus based on consensus sequence using reverse vaccinology	Journal of Computer-Aided Molecular Design	Ajay Kumar Singhmar, Vinod Goyal, Santosh Kumari, Sapna Grewal
10.3390/biology15010072	2025	Detection of Expressed Otx mRNA Isoforms in Sea Urchins by Mapping NGS Reads to Single-Gene/Transcript Sequences	Biology	Mariia A. Maiorova, Yulia Olegovna Kipryushina, Konstantin V. Yakovlev
10.21203/rs.3.rs-7812855/v1	2025	Detection of expressed Otx mRNA isoforms in sea urchins by mapping of NGS reads to single gene/transcript sequences	Research Square	Mariia A. Maiorova, Yulia Olegovna Kipryushina, Konstantin V. Yakovlev
10.1186/s13071-025-07066-6	2025	Detection of invasive Aedes vittatus mosquitoes in Jamaica: molecular identification and surveillance implications	Parasites & Vectors	Simmoy A. A. Noble, Renee L. M. N. Ali, Cameil F. Wilson-Clarke, Nadia K. Khouri, Douglas Eric Norris, Simone Laura Sandiford
10.1038/s41586-025-09148-y	2025	Developmental trajectory and evolutionary origin of thymic mimetic cells	Nature	Anja Nusser, Oliver S. Thomas, Gaoqun Zhang, Daisuke Nagakubo, Laura Arrigoni, Brigitte Krauth, Thomas L. J. Boehm
10.1039/d5ay01327e	2025	Diagnostic performance of thioflavin T in one-step RT-PCR for detection of a viral RNA	Analytical Methods	Reyhaneh Tavakoli-Koopaei, Fatemeh Javadi‐Zarnaghi, Fariba Dehghanian, Reza Mohammadi Manesh
10.1016/j.marenvres.2025.107624	2025	Diet composition and trophic ecology of two Antarctic storm-petrel species	Marine Environmental Research	Yvonne R. Schumm, Wiebke C. Schäfer, Marcela Libertelli, Mara Centurión, Laura Reyes Jiménez, Paco Bustamante, Petra Quillfeldt
10.3390/antibiotics14080805	2025	Discovery of a Novel Antimicrobial Peptide from Paenibacillus sp. Na14 with Potent Activity Against Gram-Negative Bacteria and Genomic Insights into Its Biosynthetic Pathway	Antibiotics	Nuttapon Songnaka, Adisorn Ratanaphan, Namfa Sermkaew, Somchai Sawatdee, Sucheewin Krobthong, Chanat Aonbangkhen, Yodying Yingchutrakul, Apichart Atipairin
10.1016/j.micpath.2025.108075	2025	Distinct microbiome variation in children and adults following RSV infection and its association with host response	Microbial Pathogenesis	Qi Wang, Yulin Zhang, Xin Hua Yao, Chun Wang, Shibin Chen, Bo Liu, Lin Sun, Xiaohui Zou, Bin Cao
10.1242/dev.204792	2025	Distinct roles of Atf3 , Zfp711 and Bcl6b in early embryonic hematopoietic and endothelial lineage specification	Development	Rıdvan Çeti̇n, Giulia Picco, Jente van Staalduinen, Eric M. Bindels, Remco Michiel Hoogenboezem, Gregory van Beek, Mathijs Arnoud Sanders, Yaren Fidan, Ahmet Korkmaz, Joost H. Gribnau, Jeffrey van Haren, Danny Huylebroeck, Eskeatnaf Mulugeta, Frank G. Grosveld
10.1016/j.chom.2025.10.018	2025	Divergent viral phosphodiesterases for immune signaling evasion	Cell Host & Microbe	Erin Doherty, Jason Nomburg, Benjamin A. Adler, Santiago M. C. Lopez, K.‐H. HSIEH, Nathan B. Price, Nurashau Blount, Jennifer A. Doudna
10.1101/2025.08.21.671373	2025	Divergent viral phosphodiesterases for immune signaling evasion	bioRxiv (Cold Spring Harbor Laboratory)	Erin Doherty, Jason Nomburg, Benjamin A. Adler, Santiago M. C. Lopez, K.‐H. HSIEH, Nathan B. Price, Nurashau Blount, Jennifer A. Doudna
10.59717/j.xinn-life.2024.100120	2025	Dix-seq: An integrated pipeline for fast amplicon data analysis	The Innovation Life	Pengsheng Dong, Yubin Chen, Yongjun Wei, Xiangyang Zhao, Ting Wang, Shan Jiang, Jiajie Xu, Tianqi Ren, Miao Li, Lei Zhang
10.1128/mra.00797-25	2025	Draft genome sequence of Tetramitus sp. JP001	Microbiology Resource Announcements	Atham Hari Naga Papa Rao, Lakshmanan Vighnesh, H Bhagat, Chintalapati Sasikala, Ch. V. Ramana
10.1128/mra.01261-24	2025	Draft genome sequence of XDR Aeromonas caviae strain NGCRVN-08 isolated from diarrheal patient in Bangladesh	Microbiology Resource Announcements	Md. Mashiur Rahaman, Abdus Sadique, Aura Rahman, Fahad Khan, Jahidul Alam, Raiyan Rafsan, Salahim Abir, Nisat Tabassum, M Oishi, Aparajita Raisa Chowdhury, Ayesha Sharmin, Md. Mainul Hossain, Munirul Alam, Maqsud Hossain
10.1128/mra.00502-25	2025	Draft genome sequences of 25 candidate biocontrol bacteria against Phytophthora cactorum	Microbiology Resource Announcements	Juliane Ferreira, Hans Rediers
10.1128/mra.00851-25	2025	Draft genome sequences of two Halobacteriovorax strains isolated from Apalachicola Bay, Florida	Microbiology Resource Announcements	Lauren Speare, Macey N. Coppinger, Grisel Fierros‐Romero, Henry Neal Williams
10.1101/2025.09.23.678008	2025	Dual function of ERH in primary miRNA biogenesis	bioRxiv (Cold Spring Harbor Laboratory)	Simon Aschenwald, Aswini Kumar Panda, Theresa Wurzer, Sonja Baumgärtner, Valerie Sophie Ertl, Jakob Hatzer, Andreas Villunger, Sebastian Falk, Sebastian Herzog
10.1101/2025.07.23.666365	2025	Dual role of ZIC2 during neural induction: from pioneer transcription factor to enhancer activator	bioRxiv (Cold Spring Harbor Laboratory)	María Mariner-Faulí, Víctor Sánchez-Gaya, Sarah Malika Robert, Patricia Respuela, Sara Cruz-Molina, Sara Lobato-Moreno, Matteo Trovato, Karin D. Prummel, Kyung‐Min Noh, Judith B. Zaugg, Álvaro Rada-Iglesias
10.1007/s10482-025-02160-2	2025	Duganella hordei sp. nov., Duganella caerulea sp. nov., and Duganella rhizosphaerae sp. nov., isolated from barley rhizosphere	Antonie van Leeuwenhoek	Katsumoto Kishiro, Nurettin Şahin, Daisuke Saisho, Naoki Yamaji, Jun K. Yamashita, Yuki Monden, Tomoyuki Nakagawa, Keiichi Mochida, Akio Tani
10.21203/rs.3.rs-6766499/v1	2025	Duganella hordei sp. nov., Duganella kodaimurasaki sp. nov., and Duganella rhizosphaerae sp. nov., isolated from barley rhizosphere	Research Square	Katsumoto Kishiro, Nurettin Şahin, Daisuke Saisho, Naoki Yamaji, Jun K. Yamashita, Yuki Monden, Tomoyuki Nakagawa, Keiichi Mochida, Akio Tani
10.1016/j.csbj.2025.11.026	2025	EAP: A versatile cloud-based platform for efficient quantitative analysis of large-scale ChIP/ATAC-seq datasets	Computational and Structural Biotechnology Journal	Guangyong Zheng, Haojie Chen, Zhijie Guo, Liangxiao Ma, Anqin Zheng, Tao Huang, Weiran Chen, Shiqi Tu, Yixue Li, Zhen Shao
10.1101/2025.09.01.673444	2025	EBNA1 SUMOylation by PIAS1 Suppresses EBV Lytic Replication and Enhances Episome Maintenance	bioRxiv (Cold Spring Harbor Laboratory)	Febri Gunawan Sugiokto, Kun Zhang, Renfeng Li
10.1128/mbio.02639-25	2025	EBNA1 SUMOylation by PIAS1 suppresses EBV lytic replication and enhances episome maintenance	mBio	Febri Gunawan Sugiokto, Kun Zhang, Yunash Maharjan, Renfeng Li
10.1093/bioinformatics/btaf557	2025	Easy and interactive taxonomic profiling with Metabuli App	Bioinformatics	SunJae Lee, Jaebeom Kim, Milot Mirdita, Cameron L. M. Gilchrist, Martin Steinegger
10.1101/2025.03.10.642298	2025	Easy and interactive taxonomic profiling with Metabuli App	bioRxiv (Cold Spring Harbor Laboratory)	SunJae Lee, Jaebeom Kim, Milot Mirdita, Cameron L. M. Gilchrist, Martin Steinegger
10.1007/s00239-025-10244-w	2025	EasyDIVER + : An Advanced Tool for Analyzing High Throughput Sequencing Data from In Vitro Evolution of Nucleic Acids or Amino Acids	Journal of Molecular Evolution	Celia Blanco, Allison Tee, Pramesh Sharma, Matilda Newton, Kun‐Hwa Lee, Samuel E. Erickson, Burckhard Seelig, Irene A. Chen
10.1186/s13059-025-03673-9	2025	Empowering bioinformatics communities with Nextflow and nf-core	Genome biology	Björn E. Langer, Andreia Neves do Amaral, Marie-Odile Baudement, Franziska Bonath, Mathieu Charles, Praveen Chitneedi, Emily L. Clark, Paolo Di Tommaso, Sarah Djebali, Philip Ewels, Sonia E Eynard, James A. Fellows Yates, Daniel Fischer, Evan W. Floden, Sylvain Foissac, Gisela Gabernet, Maxime Garci
10.12688/openreseurope.20221.1	2025	Encouraging reusability of computational research through Data-to-Knowledge Packages - A hydrological use case	Open Research Europe	Markus Konkol, Astra Labuce, Sami Domisch, Merret Buurman, Vanessa Bremerich
10.12688/openreseurope.20221.2	2025	Encouraging reusability of computational research through Data-to-Knowledge Packages - A hydrological use case	Open Research Europe	Markus Konkol, Astra Labuce, Sami Domisch, Merret Buurman, Vanessa Bremerich
10.12688/openreseurope.20221.3	2025	Encouraging reusability of computational research through Data-to-Knowledge Packages - A hydrological use case	Open Research Europe	Markus Konkol, Astra Labuce, Sami Domisch, Merret Buurman, Vanessa Bremerich
10.1186/s40659-025-00641-2	2025	Endometriosis-associated infertility alters the microRNA signatures of cumulus cells with a particularly pronounced effect in oocytes that failed fertilization	Biological Research	C. Almiñana, Sofia Makieva, Stefan Bauersachs, Mara D. Saenz-de-Juano, Min Xie, A. M. Velasco, Nicole Berenice Narváez Cervantes, Marianne Rebecca Spalinger, Susanne Ernestine Ulbrich, Brigitte Leeners
10.64898/2025.12.09.693225	2025	Engineering a Covalent Linkage into a Dimeric De Novo Enzyme Reveals a Novel Life-Sustaining Mechanism	bioRxiv (Cold Spring Harbor Laboratory)	Guanyu Liao, Shasha Tao, Mina Nagahara, Kodai Kurihara, Koji Umezawa, Ryoichi Arai, Michael H. Hecht
10.1101/2025.06.23.661019	2025	Environmental context as a key driver of Pseudomonas ’ biocontrol activity against Salmonella	bioRxiv (Cold Spring Harbor Laboratory)	Noémie Vimont, Sarah Bastkowski, George M. Savva, Samuel J. Bloomfield, Alison E. Mather, Mark Alexander Webber, Eleftheria Trampari
10.1016/j.csbj.2025.06.034	2025	EpiMolBio: A novel user-friendly bioinformatic program for genetic variability analysis	Computational and Structural Biotechnology Journal	Roberto Reinosa, Paloma Troyano-Hernáez, Ana Valadés-Alcaraz, África Holguín
10.1038/s41698-025-01023-3	2025	Epigenetic determinants of an immune-evasive phenotype in HER2-low triple-negative breast cancer	npj Precision Oncology	Andrés F. Bedoya-López, Sookyung Ahn, Miquel Ensenyat-Méndez, Javier I. J. Orozco, Sandra Iñiguez‐Muñoz, Pere Llinàs‐Arias, Samantha Marie Thomas, Jennifer L. Baker, Peggy Soung Sullivan, Jitin Makker, Julie B Steele, Sunil M. Kurian, Diego M. Marzese, Maggie Lee DiNome
10.1094/phyto-02-25-0063-r	2025	Eriophyid Mites Vector the Kitavirus Blueberry Necrotic Ring Blotch Virus: Insights into the Viral Transmission and Its Infection on Blueberry Plants	Phytopathology	Aline D. Tassi, Pedro Luis Ramos‐González, Carlos H. W. Flechtmann, James W. Amrine, Ali Sarkhosh, Juliana Freitas‐Astúa, Elliot Watanabe Kitajima, João Paulo Rodrigues Marques, Philip F. Harmon, Daniel Carrillo
10.12688/f1000research.144515.2	2025	Establishing the ELIXIR Microbiome Community	F1000Research	ROBERT FINN, Bachir Balech, Josephine Burgin, Physilia Chua, Erwan Corre, Cymon J. Cox, Claudio Donati, Vítor A. P. Martins dos Santos, Bruno Fosso, John M. Hancock, Katharina F. Heil, Naveed Ishaque, Varsha A. Kale, Benoit Josef Kunath, Claudine Médigue, Teresa Nogueira, Evangelos Pafilis, Graziano
10.1111/nph.20454	2025	Evolution of sexual systems and regressive evolution in Riccia	New Phytologist	Jonathan Levins, Łukasz Paukszto, Katarzyna Krawczyk, Mateusz Artur Maździarz, Billie C. Arch, D. Christine Cargill, Eduardo Flores‐Sandoval, Joanna Szablińska‐Piernik, Paweł Sulima, Monika Szczecińska, Samarth Kulshrestha, Kevin M. Davies, Jakub Sawicki, John L. Bowman
10.3390/bioengineering12010056	2025	Exploring RNA-Seq Data Analysis Through Visualization Techniques and Tools: A Systematic Review of Opportunities and Limitations for Clinical Applications	Bioengineering	Farhana Manzoor, Cyruss A. Tsurgeon, Vibhuti Gupta
10.1021/acs.chemrev.5c00259	2025	Exploring the Frontiers of Computational NMR: Methods, Applications, and Challenges	Chemical Reviews	Susanta Das, Kenneth M. Merz
10.1007/978-1-0716-4418-8_7	2025	Exploring the Perturbation of Biological Processes Caused by Gene Upregulation Using Knock-In Transfection, Transcriptomics, and Bioinformatics Analysis	Methods in molecular biology	Inmaculada García García, Lee D. Larcombe
10.1099/mgen.0.001382	2025	Exploring the microbial communities in coastal cenote and their hidden biotechnological potential	Microbial Genomics	Perla A. Contreras-de la Rosa, Susana De la Torre-Zavala, Aileen O’Connor-Sánchez, Alejandra Prieto‐Davó, Elsa Góngora‐Castillo
10.1016/j.jep.2025.120651	2025	Exploring traditional Japanese herbal ointments for wound healing: A wide diversity of practices, metabolites, and effects	Journal of Ethnopharmacology	Manon Paul-Traversaz, Kaoru Umehara, Kenji Watanabe, Walid Rachidi, Eric Sulpice, Emmanuelle Soleilhac, Cédric Delporte, Pierre Van Antwerpen, Axelle Bourez, Cécile Vanhaverbeke, Michel Sève, Florence Souard
10.1038/s41598-025-26485-0	2025	Extensive fecal cast production and growth of Vibrionaceae in heat-stressed Atlantic salmon post-smolts	Scientific Reports	John P. Bowman
10.1101/2025.10.29.685369	2025	FOXM1 enhances DNA repair in aged cells to maintain the peripheral heterochromatin barrier to senescence enhancers	bioRxiv (Cold Spring Harbor Laboratory)	Carlos Sousa-Soares, Marcos Antonio Barbosa Da Silva, José Pedro Castro, Joana Catarina Macedo, Elsa Logarinho
10.1002/cctc.202401676	2025	Facilitating Reproducibility in Catalysis Research with Managed Workflows and RO‐Crates: A Galaxy Case Study	ChemCatChem	Abraham Nieva de la Hidalga, Leandro Liborio, P. W. Austin, Subindev Devadasan, Tom L. Underwood, Alexander S. Belozerov, Martin Charles Wilding, Nitya Ramanan, C. Richard A. Catlow
10.1093/bib/bbaf177	2025	Feature selection with vector-symbolic architectures: a case study on microbial profiles of shotgun metagenomic samples of colorectal cancer	Briefings in Bioinformatics	Fabio Cumbo, Simone Truglia, Emanuel Weitschek, Daniel Blankenberg
10.21203/rs.3.rs-7116208/v1	2025	Fecal virome characterization of dairy cows with winter dysentery reveals bovine torovirus, enterovirus F, a novel and recombinant enterovirus I, and a putative novel protoparvovirus	Research Square	Matías Castells, María José Benítez-Galeano, Leticia Maya, María Laura Casaux, Ludmila Slimovich, Anderson Saravia, Andrés Lizasoain, Martín Fraga, Federico Giannitti, Nélida Rodríguez‐Osorio, Rodney Colina
10.1038/s41467-025-65297-8	2025	Fibroblast growth factor signaling induces a chondrocyte-like state of peripheral nerve fibroblast during aging	Nature Communications	Dragana Stefanovska, Eliza Sassu, Mehmet Tekman, Amirhossein Naghsh Nilchi, Syed G. Haider, Claudia Domisch, Madelon Hoßfeld, Stefanie Perez‐Feliz, Lauritz Miarka, Franziska Schneider‐Warme, Sebastian J. Arnold, Marco Prinz, Björn Andreas Grüning, Sebastian Preißl, Luis Hortells
10.1242/dev.204711	2025	Fine-tuning mechanical constraints reveals uncoupled patterning and gene expression programs in murine gastruloids	Development	Judith Pineau, Jérôme Wong-Ng, Alexandre Mayran, Lucille Lopez‐Delisle, Pierre Osteil, Armin Shoushtarizadeh, Denis Duboule, Samy Gobaa, Thomas Gregor
10.1101/2025.01.28.635012	2025	Fine-tuning mechanical constraints uncouples patterning and gene expression in murine pseudo-embryos	bioRxiv (Cold Spring Harbor Laboratory)	Judith Pineau, Jérôme Wong-Ng, Alexandre Mayran, Lucille Lopez‐Delisle, Pierre Osteil, Armin Shoushtarizadeh, Denis Duboule, Samy Gobaa, Thomas Gregor
10.1007/s11295-025-01707-8	2025	First complete mitogenome assembly of Castanea sativa: structure, comparative genomics, and phylogeny	Tree Genetics & Genomes	Sara Villa, Alexis Marchesini, Sara Torre, Luca Bianco, Paolo Fontana, Concetta De Quattro, Mirko Moser, Stefano Piazza, S. Alessandri, Vera Pavese, Paola Pollegioni, Cristiano Vernesi, Mickaël Malnoy, Daniela Torello Marinoni, Sergio Murolo, Luca Dondini, Claudia Mattioni, Roberto Botta, Diego Mich
10.3897/zookeys.1247.144896	2025	First mitogenome of the family Putoidae (Hemiptera, Coccomorpha) and its phylogenetic implications	ZooKeys	Yuang Li, Xinyi Zheng, Xu Han, San-An Wu
10.1038/s41467-025-63688-5	2025	Flexynesis: A deep learning toolkit for bulk multi-omics data integration for precision oncology and beyond	Nature Communications	Bora Uyar, Taras Savchyn, Amirhossein Naghsh Nilchi, Ahmet Sarıgün, Ricardo Wurmus, Mohammed Maqsood Shaik, Björn Andreas Grüning, Vedran Franke, Altuna Akalin
10.1101/2025.03.06.641728	2025	FlowAgent: A Modular Agent-Based System for Automated Workflow Management and Data Interpretation	bioRxiv (Cold Spring Harbor Laboratory)	Joshua Philpott, Alina Kurjan, Adam P. Cribbs
10.1101/2025.02.07.636843	2025	Fsr quorum sensing system restricts biofilm growth and activates inflammation in enterococcal infective endocarditis	bioRxiv (Cold Spring Harbor Laboratory)	Haris Antypas, Verena Schmidtchen, Willy I. Staiger, Yanhong Li, Rachel Jing Wen Tan, K. Y. Simon Ng, Cheryl Neo Jia Yi, Shalome Meera Radhesh, Frederick Reinhart Tanoto, Ronni A. G. da Silva, Cristina Colomer Winter, Caroline Manzano, Jun Jie Wong, Kévin Pethe, Barbara Katharina Hasse, Silvio D. Br
10.1111/nph.70596	2025	Functional analysis of squalene epoxidases and oxidosqualene cyclases clarifies roles in Boswellia C3 ‐epimeric triterpenoid pathway	New Phytologist	Aashish Kumar, Kapil Dev, Sumit Ghosh
10.1371/journal.pcbi.1013215	2025	Fundamentals of FAIR biomedical data analyses in the cloud using custom pipelines	PLoS Computational Biology	Seth R Berke, Kanika Kanchan, Mary L. Marazita, Eric Tobin, Ingo Ruczinski
10.1093/nar/gkaf726	2025	G-quadruplexes as potential traps for superenhancer marker BRD4: ligand-sensitive binding and co-separation in vitro	Nucleic Acids Research	Iuliia Pavlova, Olga M. Ivanova, Mikhail S Iudin, Anastasia V. Surdina, Nikolay A. Barinov, Margarita E. Bogomiakova, Sergey D. Oreshkov, Захар О. Шенкарев, Vjacheslav V. Severov, Dmitry V. Klinov, Victoria О. Shender, Alexandra N. Bogomazova, Maria A. Lagarkova, Anna M. Varizhuk, В.Б. Цветков
10.1101/2025.04.11.648333	2025	GRHL and PGR control WNT4 expression in the mammary gland via 3D looping of conserved and species-specific enhancers	bioRxiv (Cold Spring Harbor Laboratory)	Yorick Bernardus Cornelis van de Grift, Marleen T. Aarts, Katrin E. Wiese, Nika Heijmans, Ingeborg B. Hooijkaas, Colin E.J. Pritchard, Linda Henneman, Paul Krimpenfort, Antonius L. van Boxtel, Renée van Amerongen
10.1186/s12864-024-11182-5	2025	Galaxy @Sciensano: a comprehensive bioinformatics portal for genomics-based microbial typing, characterization, and outbreak detection	BMC Genomics	Bert Bogaerts, Julien Van Braekel, Alexander Van Uffelen, Jolien D’aes, Maxime Godfroid, Thomas Delcourt, Michael Kelchtermans, Kato Milis, Nathalie Goeders, Sigrid C. J. De Keersmaecker, Nancy H. C. Roosens, Raf Winand, Kevin Vanneste
10.46471/gigabyte.160	2025	Galaxy QCxMS for straightforward semi-empirical quantum mechanical EI-MS prediction	Gigabyte	Wudmir Y. Rojas, Zargham Ahmad, Julia Jakiela, Helge Hecht, Jana Klánová, Elliott James Price
10.1016/j.xgen.2025.101005	2025	Galaxy single-cell & spatial omics community update: Navigating new frontiers in 2025	Cell Genomics	Marisa Loach, Amirhossein Naghsh Nilchi, Diana Chiang, Morgan Howells, Florian Heyl, Helena Rasche, Julia Jakiela, Mehmet Tekman, Menna Gamal, Pablo A Moreno, Saskia Hiltemann, Timon Schlegel, Björn Andreas Grüning, Rolf Backofen, Pavankumar Videm, Wendi Bacon
10.1109/qce65121.2025.10331	2025	GalaxyQ: A Platform for Reproducible and Provenance-Driven Hybrid Quantum-Classical Scientific Workflows		Bryan A. Raubenolt, Daniel Blankenberg
10.1016/j.engmic.2025.100251	2025	Gdx mediates low-affinity Cs⁺/H⁺ antiport and confers cesium resistance in Escherichia coli	Engineering Microbiology	Daiki Kojima, Masahiro Ito
10.1186/s40659-025-00654-x	2025	Gene expression changes in pancreatic α-cell lines following knock-out Of either CK2α or CK2α’	Biological Research	Jens M. Mayer, Mandy Pack, Mathias Montenarh, Claudia Götz
10.1093/ismeco/ycaf202	2025	Genetic and genomic variability of Spiroplasma and Midichloria endosymbionts associated with the tick Ixodes frontalis	ISME Communications	Sophie Melis, Leandro Gammuto, Michele Castelli, Tiago Nardi, Beatrice Bisaglia, Olivier Duron, Alessandra Cafiso, Julie Botman, Olivier Lambert, Emanuela Olivieri, Hein Sprong, Olivier Plantard, Davide Sassera
10.1101/2025.06.18.660415	2025	Genetic potential for denitrification in SAR11 and other ubiquitous lineages of marine bacteria isolated from the northern Benguela Upwelling System	bioRxiv (Cold Spring Harbor Laboratory)	Robert M. Morris, Timothy E. Mattes, Kunmanee Bubphamanee, Michael C. Sadler, Luke A. Calderaro, Jennifer S. Karolewski, Karen L. Casciotti, Olivia U. Mason
10.1093/jhered/esaf029	2025	Genome assembly of the endangered Santa Marta Harlequin Toad, Atelopus laetissimus , endemic to the Sierra Nevada de Santa Marta of Colombia	Journal of Heredity	Victor Araújo, José Horacio Grau, Luis Alberto Rueda‐Solano, José D Barros-Castañeda, Sandra Victoria Flechas, Andrew J. Crawford
10.1016/j.vaccine.2025.127835	2025	Genome sequence of the Myxoma virus Borghi vaccine strain	Vaccine	Moira Bazzucchi, Elisa Rossini, Patrizia Cavadini, Cristina Bertasio, Antonio Lavazza
10.1099/acmi.0.000709.v3	2025	Genome sequences of pathogenic and non-pathogenic Pantoea ananatis strains in maize (Zea mays L.)	Access Microbiology	Izabela Moura Duin, Viviane Yumi Baba, Katherine M. D’Amico-Willman, Fernanda Neves Paduan, Vanessa Hitomi Sugahara Rodrigues, José C. Huguet‐Tapia, Jeffrey B. Jones, Marcelo Giovanetti Canteri, Rui Pereira Leite, María Isabel Balbi-Peña
10.1016/j.aquaculture.2025.742411	2025	Genome sequencing and identification of candidate variants for a red/black color polymorphism in tilapia (Oreochromis spp.)	Aquaculture	Kristen A. Behrens, Aimee H. Danley, Soumya Jailwala, Thomas D. Kocher
10.1128/mbio.01909-25	2025	Genome-wide CRISPRi screen and proteomic profiling identify key genes related to ferulic acid’s antifungal activity	mBio	Ofri Levi, Rina Zuchman, Nour Sleman, Roni Nitzan Koren, Hazem Khamaisi, Benjamin A. Horwitz
10.1101/2025.08.12.669819	2025	Genome-wide high-density CRISPR interference screens reveal condition-specific metabolic vulnerabilities in Pseudomonas aeruginosa PAO1	bioRxiv (Cold Spring Harbor Laboratory)	Andreas Kaczmarczyk, Alexander Klotz, Pablo Manfredi, Urs Jenal
10.1080/17501911.2025.2593814	2025	Genome-wide methylation changes upon Caco-2 cells exposure to undigested and digested titanium dioxide nanoparticles	Epigenomics	Célia Ventura, Ana Valente, Luís M. Vieira, Catarina Silva, Dora Rolo, Maria João Silva, Henriqueta Louro
10.1093/genetics/iyaf170	2025	Genomes of the entomopathogenic nematode Steinernema hermaphroditum and its associated bacteria	Genetics	Erich M. Schwarz, Anil Baniya, Jennifer K. Heppert, Hillel T. Schwartz, Chieh-Hsiang Tan, Igor A. Antoshechkin, Paul W. Sternberg, Heidi Goodrich‐Blair, Adler R. Dillman
10.3390/antibiotics14111059	2025	Genomic Characterization and Antimicrobial Resistance Profile of Streptococcus uberis Strains Isolated from Cows with Mastitis from Northwestern Spain	Antibiotics	Emiliano J. Quinto, Paz Redondo del Río, Beatriz de Mateo Silleras, Alberto Prieto, Gonzalo López‐Lorenzo, Carlos Manuel Franco, Beatriz I Vázquez
10.1186/s12917-025-05130-y	2025	Genomic characterization and evolutionary analysis of three bovine viral diarrhea virus 1b strains from Taiwan, highlighting genomic evidence of cytopathic evolution	BMC Veterinary Research	Hau‐You Tzeng, Yi‐Ying Chiou, Fong‐Yuan Lin, Yumiko Yamada, Ruei-Sheng Tsai, Jeong‐Yau Ho, Ching‐Yu Tseng, Min-Chuan Lai, Yuan-Hao Cheng, Hue‐Ying Chiou, Wei‐Li Hsu
10.1186/s12863-025-01343-0	2025	Genomic characterization and phylogenetic analysis of respiratory syncytial virus F gene in Sri Lanka: a comparative study	BMC Genomic Data	Thejanee Perera, Ishari Silva, Pavithri Bandara, Asanka Bowatte, Dimuthu Rathnayake, Shanika Perera, Saranga Sumathipala, Rohitha Muthugala
10.1099/mgen.0.001570	2025	Genomic characterization of Vibrio parahaemolyticus strain (AG1) causing translucent post-larvae disease in Penaeus vannamei	Microbial Genomics	Hung N. Mai, Nguyen Dinh‐Hung, Carlos Morales, Maiya Matthews, Harris Wright, Arun Kumar Dhar
10.21203/rs.3.rs-7846666/v1	2025	Genomic characterization of five Streptococcus pneumoniae serotype 3 isolates from Malaysia	Research Square	Cheng-Ngee Tan, Revathy Arushothy, Nalini Ragandaran, Fakrul Niza Jamaluddin, Kah-Ooi Chua, Kok‐Gan Chan, Rohaidah Hashim
10.1128/mbio.01555-25	2025	Genomic diversity and adaptation in Arctic marine bacteria	mBio	Michael C. Sadler, Matthias Wietz, Sayaka Mino, Robert M. Morris
10.1101/2025.06.11.659166	2025	Gentamicin induction of the gonococcal hicAB toxin-antitoxin encoding system and impact on gene expression influencing biofilm formation and in vivo fitness in a strain-specific manner	bioRxiv (Cold Spring Harbor Laboratory)	Concerta L. Holley, Vijaya Dhulipala, Adriana Le Van, Jacqueline T. Balthazar, Vincent J. Oliver, Ann E. Jerse, William Maurice Shafer
10.1128/mbio.01595-25	2025	Gentamicin induction of the gonococcal hicAB toxin-antitoxin-encoding system and impact on gene expression influencing biofilm formation and in vivo fitness in a strain-specific manner	mBio	Concerta L. Holley, Vijaya Dhulipala, Adriana Le Van, Jacqueline T. Balthazar, Vincent J. Oliver, Ann E. Jerse, William Maurice Shafer
10.1134/s0026261725601034	2025	Global Distribution Analysis of the Planctomycetota-Affiliated Phylogenetic Clade OM190 and Its Occurrence in Boreal Fens	Microbiology	Anastasia A. Ivanova, Svetlana N. Dedysh
10.1038/s41587-025-02867-7	2025	Growth-coupled microbial biosynthesis of the animal pigment xanthommatin	Nature Biotechnology	Leah B. Bushin, Tobias B. Alter, Maria V G Alván-Vargas, Lara Dürr, Elina C. Olson, Mariah J. Avila, Daniel Christophe Volke, Òscar Puiggené, Tae‐Hwan Kim, Leila F. Deravi, Adam M. Feist, Pablo I. Nikel, Bradley S. Moore
10.1093/gigascience/giae122	2025	Guidance framework to apply best practices in ecological data analysis: lessons learned from building Galaxy-Ecology	GigaScience	Coline Royaux, Jean‐Baptiste Mihoub, Marie Jossé, Dominique Pelletier, Olivier Norvez, Yves Reecht, Anne Fouilloux, Helena Rasche, Saskia Hiltemann, Bérénice Batut, Marc Eléaume, Pauline Seguineau, Guillaume Massé, Alan Amossé, Claire Bissery, Romain Lorrillière, Alexis Martin, Yves Bas, Thimothée V
10.1126/sciadv.adw1270	2025	Gut epithelium modifies enteric behaviors during nutritional adversity via distinct peptidergic signaling axes	Science Advances	Surojit Sural, Zion Walker, Oliver Hobert
10.1101/2025.01.06.631508	2025	Gut epithelium modifies enteric behaviors during nutritional adversity via distinct peptidergic signaling axes	bioRxiv (Cold Spring Harbor Laboratory)	Surojit Sural, Zion Walker, Oliver Hobert
10.1002/imt2.70054	2025	Gut microbiota and tuberculosis	iMeta	Yanhua Liu, Ling Yang, Maryam Meskini, Anjana Goel, Monique Opperman, Sagar Singh Shyamal, Ajay Manaithiya, Meng Xiao, Ruizi Ni, Yajing An, Mingming Zhang, Yuan Tian, Shuang Ying Zhou, Zhaoyang Ye, Zhuang Li, Linsheng Li, Istuti Saraswat, Ankita Kar, Syed Luqman Ali, Shakir Ullah, Syed Yasir Ali, Sh
10.1016/j.omtn.2025.102783	2025	HLA-DQB1-mediated B cell-epithelial crosstalk drives EBV-associated inflammation in Hunner-type interstitial cystitis	Molecular Therapy — Nucleic Acids	Shaik Ismail Mohammed Thangameeran, Jia‐Fong Jhang, Yuan‐Hong Jiang, Hann‐Chorng Kuo, Chih‐Wen Peng
10.1016/j.syapm.2025.126626	2025	Halosimplex amylolyticum sp. nov., Halosimplex halobium sp. nov., Halosimplex marinum sp. nov., Halosimplex rarum sp. nov., Halovenus amylolytica sp. nov., Halovenus halobia sp. nov., and Halovenus marina sp. nov., halophilic archaea isolated from a marine tidal flat, a marine solar saltern, three coarse sea salts, and two saline lakes	Systematic and Applied Microbiology	Ya‐Ling Mao, Shun Tan, Beibei Wang, Xiao-Yan Yang, Jing Hou, Heng‐Lin Cui
10.1101/2025.04.22.649938	2025	Hangover regulates gene expression by limiting NSL-mediated H4K16 acetylation	bioRxiv (Cold Spring Harbor Laboratory)	Jonathan Lenz, Laura Schmelzer, Ignasi Forné, Andrea Nist, Axel Imhof, Thorsten Stiewe, Alexander Brehm
10.1093/nar/gkaf1349	2025	Hangover regulates gene expression by limiting NSL-mediated H4K16 acetylation	Nucleic Acids Research	Jonathan Lenz, Laura Schmelzer, Ignasi Forné, Andrea Nist, Axel Imhof, Thorsten Stiewe, Alexander Brehm
10.1007/s13592-025-01230-8	2025	Heteroplasmy, inverted repeats, and genetic differentiation of the stingless bee Heterotrigona itama (Hymenoptera, Apidae, Meliponini) mitochondrial genome	Apidologie	Hoi-Sen Yong, Sze-Looi Song, Kah-Ooi Chua, Yvonne Jing Mei Liew, Kok-Gan Chan, Phaik-Eem Lim, Praphathip Eamsobhana
10.1099/mgen.0.001536	2025	High genomic diversity of Vibrio parahaemolyticus from underexplored tropical northern Australia: a baseline for future surveillance	Microbial Genomics	Mirjam Kaestli, Karen Susanne Gibb, Claire E. Hedges, Anna C. Padovan
10.3390/pathogens14030234	2025	High-Throughput Sequencing Enables Rapid Analyses of Nematode Mitochondrial Genomes from an Environmental Sample	Pathogens	Akshita Jain, Tongda Li, John Wainer, Jacqueline Edwards, Brendan Rodoni, Timothy Sawbridge
10.1101/2025.11.17.688765	2025	High-yield protein production in the chemolithoautotrophic bacterium Cupriavidus necator H16	bioRxiv (Cold Spring Harbor Laboratory)	Matteo Vajente, Marleen Hallamaa, Hendrik Ballerstedt, Lars M. Blank, Sandy Schmidt
10.1016/j.watres.2025.123503	2025	Higher order volatile fatty acid metabolism and atypical polyhydroxyalkanoate production in fermentation-enhanced biological phosphorus removal	Water Research	Robert Dundas Thomson, Le Chen, Li Wang, Damien John Batstone, Yan Chun Zhou, Adrian Oehmen
10.1038/s44298-025-00139-4	2025	Highly stable bacteriophages PIN1 and PIN2 have hallmarks of flagellotropic phages but infect immotile bacteria	npj Viruses	AFIF PRANAYA JATI, Yan Li, Andre Mu, Tze Young Thung, Huanchang Chen, Joel R. Steele, Han-Chung Lee, Ralf B. Schittenhelm, Tieli Zhou, Francesca L. Short, Rhys A. Dunstan, Trevor J. Lithgow
10.3390/v17111428	2025	Historical and Contemporary Evidence Confirms a Higrevirus as the Causal Agent of Citrus Zonate Chlorosis in Brazil	Viruses	Laura Rossetto Pereira, Mariane C. Rodrigues, Camila Chabi‐Jesus, Pedro Luis Ramos‐González, Cristiane J. Barbosa, Magno Guimarães Santos, Hélcio Costa, Luana Aparecida Castilho Maro, Aline D. Tassi, Elliot Watanabe Kitajima, Ricardo Harakava, Juliana Freitas‐Astúa
10.1099/ijsem.0.006654	2025	Holzapfeliella saturejae sp. nov. isolated from flowers of winter savoury Satureja montana L.	INTERNATIONAL JOURNAL OF SYSTEMATIC AND EVOLUTIONARY MICROBIOLOGY	Cristina Alcántara, Ángela Peirotén, Luis Ramón, José María Landete, Vicente Monedero, Manuel Zúñiga
10.1101/2025.09.26.678751	2025	Horus: Reproducible Workflow Manager for Biomolecular Modelling	bioRxiv (Cold Spring Harbor Laboratory)	Christian Domínguez-Dalmases, Albert Cañellas-Solé, Ricard Lambea-Jané, Martí Municoy, Vı́ctor Guallar
10.1128/aem.01917-25	2025	Human gut strains of Desulfovibrio piger exhibit spontaneous induction of multiple prophages	Applied and Environmental Microbiology	Melinda J. Mayer, Lizbeth Sayavedra, Kathryn Gotts, Nichola Wong, Henry Whiley, Marnie Barham, Arjan Narbad
10.1016/j.jgar.2025.09.003	2025	Hybrid sequencing of chromosome and plasmids from multidrug-resistant Escherichia coli isolated in Cambodia: Are megaplasmids vectors of antibiotic resistance genes?	Journal of Global Antimicrobial Resistance	Ella Marcy, Sivhour Chiek, Mallorie Hidé, S. Ki Hak, Chih-Yu Ma, Meymey Lem, Gauthier Delvallez, Anne‐Laure Bañuls, Sokleaph Cheng, Juliette Hayer
10.1021/acs.inorgchem.4c05126	2025	Hydrogen Radical Chemistry at High-Symmetry {2Fe2S} Centers Probed Using a Muonium Surrogate	Inorganic Chemistry	Joseph A. Wright, Farhana Haque, Leandro Liborio, Stephen P. Cottrell
10.1101/2025.09.16.676475	2025	IRF1 Tunes Basal Immunity and Antiviral Readiness in a Context-Dependent Manner	bioRxiv (Cold Spring Harbor Laboratory)	Eyal Zoler, Irina Miodownik, Shifra Ben‐Dor, Daniel Harari, Jiřı́ Zahradnı́k, Ariel Afek, Gideon Schreiber
10.1016/j.jbc.2025.111118	2025	IRF1 is a context-dependent homeostatic gatekeeper of basal immunity and antiviral readiness	Journal of Biological Chemistry	Eyal Zoler, Irina Miodownik, Shifra Ben-Dor, Daniel Harari, Jiří Zahradník, Ariel Afek, Gideon Schreiber
10.3389/fvets.2025.1675145	2025	Identification of Aspergillus terreus and Aspergillus pseudonomiae as causative agents of aspergillosis in endangered Okinawa Rails	Frontiers in Veterinary Science	Sofia Marisel Rivelli Zea, Yumiko Nakaya, Hiroki Takahashi, Takashi Nagamine, Takashi Yaguchi, Takahito Toyotome
10.1093/narcan/zcaf012	2025	Identification of FLYWCH1 as a regulator of platinum-resistance in epithelial ovarian cancer	NAR Cancer	Tabea L Fullstone, Helene Rohm, Till Kaltofen, Sophia Hierlmayer, Juliane Reichenbach, Simon Schweikert, Franziska Knodel, Ann-Kathrin Loeffler, Doris Cooper Mayr, Udo Jeschke, Sven Mahner, Mirjana Kessler, Fabian Trillsch, Philipp Rathert
10.1101/2025.05.14.654164	2025	Identification of a sex-determining locus potentially involved in a conflict over sex-ratio	bioRxiv (Cold Spring Harbor Laboratory)	Baptiste Lhéraud, Yann Dussert, Mohamed Amine Chebbi, Isabelle Giraud, Richard Cordaux, Jean Peccoud
10.1098/rsbl.2025.0287	2025	Identification of a sex-determining region potentially involved in resolving genetic conflicts over sex ratio	Biology Letters	Baptiste Lhéraud, Yann Dussert, Mohamed Amine Chebbi, Isabelle Giraud, Richard Cordaux, Jean Peccoud
10.1111/cla.70013	2025	Improved taxonomic and gene sampling advance the knowledge of deep relationships within Macrodasyida (Gastrotricha)	Cladistics	Agata Cesaretti, Anush Kosakyan, Francesco Saponi, M. Antonio Todaro
10.21105/joss.08844	2025	Improving reproducibility of cheminformatics workflows with chembl-downloader	The Journal of Open Source Software	Charles Tapley Hoyt
10.1038/s41593-025-02151-6	2025	In vivo CRISPR screen reveals regulation of macrophage states in neuroinflammation	Nature Neuroscience	Clara de la Rosa del Val, Arek Kendirli, Seren Baygün, Franz Bauernschmitt, Anna Sophie Thomann, Ilgin Kisioglu, Daniela Beckmann, Yves Carpentier Solorio, Veronika Pfaffenstaller, Yi-Heng Tai, Niel Mehraein, Paula Sánchez, Lena Spieth, Lisa Ann Gerdes, Eduardo Beltrán, Klaus Dornmair, Mikael Simons
10.1128/mbio.03175-25	2025	Influence of DNA methylation and chromatin accessibility on regulation of gene expression during Trichomonas vaginalis- host cell interaction	mBio	Daniela Muñoz, Ayelén Lizarraga, Patricia J. Johnson, Pablo H. Strobl‐Mazzulla, Natalia de Miguel
10.1158/0008-5472.can-24-2829	2025	Informatics at the Frontier of Cancer Research	Cancer Research	Kathleen Noller, Taxiarchis Botsis, Pablo G. Cámara, Lauren Ciotti, Lee Cooper, Jeremy Goecks, Malachi Griffith, Brian J. Haas, Trey Ideker, Rachel Karchin, Despina Kontos, Jiaying Lai, Daniel S. Marcus, Clifford A. Meyer, Kristen M. Naegle, Sarthak Pati, Bjoern Peters, Dexter R. Pratt, Benjamin J. 
10.1101/2025.11.05.686861	2025	Insect Identification with ESEM Imaging and DNA Barcoding for Forensic Use	bioRxiv (Cold Spring Harbor Laboratory)	R Hoffman, Nicholas J. Miller, Ashley Hall
10.1111/zsc.70035	2025	Insight Into the Phylogeny of the Intertidal Beetle Genus Aegialites (Coleoptera, Salpingidae)	Zoologica Scripta	Marianne Nilsen Haugen, Vladimir I. Gusarov, Derek S. Sikes, Torsten H. Struck
10.1093/mmy/myaf118	2025	Insights into LysM proteins of medically important yeasts	Medical Mycology	José A. Oguiza
10.1109/ictai66417.2025.00117	2025	Integrating Large Language Models with Formal Planning to Automate the Design and Validation of Biosignal Processing Pipelines		João Areias Saraiva, Martin Dyrba, Thomas Kirste
10.1016/j.canlet.2025.217506	2025	Integrative analysis of patient-derived tumoroids and ex vivo organoid modelling of ARID1A loss in bladder cancer reveals therapeutic molecular targets	Cancer Letters	Mathijs Scholtes, Maryam Akbarzadeh, Alexandros Galaras, J. Alberto Nakauma-Gonzales, Ameneh Bazrafshan, Vandana Solanki, Bram Torenvliet, Leila Beikmohammadi, Valeria Lozovanu, Shahla Romal, Panagiotis Moulos, Nikoleta Vavouraki, Tsung Wai Kan, Mahesh Algoe, Martin E. van Royen, Andrea Sacchetti, T
10.1101/2025.02.11.637630	2025	Intracellular competitions reveal the combination of active partitioning and addiction mechanisms as most advantageous for low-copy plasmid fitness	bioRxiv (Cold Spring Harbor Laboratory)	Johannes Effe, Mario Santer, Yiqing Wang, Theresa E. Feenstra, Nils F. Hülter, Tal Dagan
10.1016/j.xhgg.2025.100559	2025	Investigating and correcting a rare pathogenic mutation in GDF11	Human Genetics and Genomics Advances	Sean T. Congdon, John E. Bennett, Rhoddean Opinya, Amara R Agosto, Olivia Dossias, Christopher Kokko, Aime A. Levesque, Andrew O. Koob, Adam C. Silver, Cindy A Thomas-Charles
10.1038/s41598-024-84874-3	2025	Investigating proteogenomic divergence in patient-derived xenograft models of ovarian cancer	Scientific Reports	Jesenia M. Perez, Jolene M. Duda, Joohyun Ryu, Mihir Shetty, Subina Mehta, Pratik Jagtap, Andrew C. Nelson, Boris J. N. Winterhoff, Timothy J. Griffin, Timothy K. Starr, Stefani N. Thomas
10.3390/ijms26020737	2025	Investigation of Exome-Wide Tumor Heterogeneity on Colorectal Tissue-Based Single Cells	International Journal of Molecular Sciences	Nikolett Szakállas, Alexandra Kalmár, Barbara Kinga Barták, Zsófia Brigitta Nagy, Gábor Valcz, Tamás Richárd Linkner, Kristóf Róbert Rada, István Takács, Béla Péter Molnár
10.1097/qco.0000000000001158	2025	Is it possible to identify genotypes underlying resistant phenotypes in Gram-negative pathogens?	Current Opinion in Infectious Diseases	Almudena Burillo, Julia Serrano‐Lobo, Emilio Bouza, Patricia Muñoz
10.3390/microorganisms13071568	2025	Isolation and Characterization of a Crude Oil-Tolerant Obligate Halophilic Bacterium from the Great Salt Lake of the United States of America	Microorganisms	J. Michael Oakes, Johurimam Noah Kuddus, Erinn Downs, Clark K. Oakey, Kristina Davis, Laith Mohammad, Kiara V. Whitley, Carl E. Hjelmen, Ruhul Kuddus
10.1186/s12985-025-02679-w	2025	Isolation and characterization of fMGyn-Pae01, a phiKZ-like jumbo phage infecting Pseudomonas aeruginosa	Virology Journal	Kira Ranta, Mikael Skurnik, Saija Kiljunen
10.1128/mra.00768-25	2025	Isolation and genomic analysis of seven phages active against carbapenem-resistant Klebsiella pneumoniae	Microbiology Resource Announcements	Luz Cuello, Krupa Mukesh Parmar, Adeline Supandy, Daria Van Tyne, Robin Patel
10.1186/s13059-025-03830-0	2025	KegAlign: optimizing pairwise alignments with diagonal partitioning	Genome biology	Ahmed Burak Gulhan, Richard C. Burhans, Robert Harris, Mahmut Kandemir, Maximilian Haeussler, ANTON Y NEKRUTENKO
10.1038/s41564-024-01915-3	2025	KorB switching from DNA-sliding clamp to repressor mediates long-range gene silencing in a multi-drug resistance plasmid	Nature Microbiology	Thomas C. McLean, Francisco de Asís Balaguer, Joshua Chandanani, Christopher Morton Thomas, Clara Aicart-Ramos, Sophia Burick, Paul Dominic B. Olinares, Giulia Gobbato, Julia E. A. Mundy, Brian T. Chait, David M. Lawson, Seth Andrew Darst, Elizabeth A. Campbell, Fernando Moreno‐Herrero, Tung B. K. L
10.1101/2025.07.06.663394	2025	Large-scale classification of metagenomic samples: a comparative analysis of classical machine learning techniques vs a novel brain-inspired hyperdimensional computing approach	bioRxiv (Cold Spring Harbor Laboratory)	Jayadev Joshi, Fabio Cumbo, Daniel Blankenberg
10.1371/journal.pcbi.1012925	2025	Learning and teaching biological data science in the Bioconductor community	PLoS Computational Biology	Jenny M. Drnevich, Frederick J. Tan, Fabricio Almeida‐Silva, Robert Castelo, Aedín C. Culhane, Sean R. Davis, Maria Doyle, Ludwig Geistlinger, Andrew R. Ghazi, Susan Holmes, Leo Lahti, Alexandru Mahmoud, Kozo Nishida, Marcel Ramos, Kévin Rue-Albrecht, David J. H. Shih, Laurent Gatto, Charlotte Sones
10.1016/j.celrep.2025.116094	2025	Leishmania major chromosomes are replicated from a single high-efficiency locus supplemented by thousands of lower efficiency initiation events	Cell Reports	Jeziel D. Damasceno, Gabriel L. A. Silva, Catarina A. Marques, Marija Krasiļņikova, Craig T. Lapsley, Dario Beraldi, Richard D. McCulloch
10.1101/2025.09.22.25332449	2025	Leveraging the global genomic epidemiology of carbapenemase-producing Klebsiella pneumoniae to inform infection prevention in Tunisian hospitals	medRxiv	Basma Menif, Jay Noboru Worley, Noura Ben Mansour, Faouzia Mahjoubi, Adnene Hammami, Lynn Bry
10.1186/s12864-025-12115-6	2025	Linkage: an interactive web application for linking of DNA regulatory peaks to genes	BMC Genomics	Siwen Xu, Yuyan Luo, Zenghui Liu, Shaodong Chen, Tianting Li, Chao Zhang, Junxi Zheng, Zixiao Lu, Jin Yang
10.1007/s00414-025-03602-2	2025	Linking STRs/SNPs and DNA methylation using massively parallel sequencing for potential forensic applications	International Journal of Legal Medicine	Laura Schmelzer, Jerry Hoogenboom, Jana Naue
10.3389/fcimb.2025.1543100	2025	Linking peri-implantitis to microbiome changes in affected implants, healthy implants, and saliva: a cross-sectional pilot study	Frontiers in Cellular and Infection Microbiology	Lucinda Janete Bessa, Conceição Egas, Carolina Pires, Luís Proença, Paulo Mascarenhas, Ricardo Jorge Pais, Helena Barroso, Vanessa Sintra Machado, João Botelho, Gil Alves Pessanha Alcoforado, José João Mendes, Ricardo Castro Alves
10.3390/jof11060421	2025	Long-Read Draft Genome Sequences of Two Fusarium oxysporum f. sp. cubense Isolates from Banana (Musa spp.)	Journal of Fungi	Jiaman Sun, Jinzhong Zhang, Donald Max Gardiner, Peter van Dam, Gang Fu, Brett J. Ferguson, Elizabeth A. B. Aitken, Andrew Chen
10.3389/fbinf.2025.1632189	2025	Long-read microbial genome assembly, gene prediction and functional annotation: a service of the MIRRI ERIC Italian node	Frontiers in Bioinformatics	Sandro Gepiro Contaldo, Antonio d’Acierno, Lorenzo Bosio, Francesco Venice, Elisa Li Perottino, Janneth Estefania Hoyos Rea, Giovanna Cristina Varese, Francesca Cordero, Marco Beccuti
10.1038/s41419-025-07951-z	2025	Lysine-specific demethylase 1 regulates hematopoietic stem cell expansion and myeloid cell differentiation	Cell Death and Disease	Hans Felix Staehle, Christoph Koellerer, Anne Marie Staehle, Jana Schulze, Philipp Eble, Anja Müller, Franziska Zell, Judith M. Müller, Florian Perner, Aya Attia, Jan‐Philipp Mallm, Olga Pozdnyakova, Karsten Rippe, Benedikt Brors, Lars Feuerbach, Charles David Imbusch, Eric Metzger, Roland Schüle, H
10.1038/s41419-025-08334-0	2025	Lysosomal exocytosis by macrophages as a druggable mechanism for anti-inflammatory clearance of dead adipocytes in adipose tissue	Cell Death and Disease	Raphaela Wehr, Andreas Lindhorst, Lilli Arndt, Martin Krueger, Nora Raulien, Martin T. Gericke
10.12688/openreseurope.20835.1	2025	MAF biodiversity measurements: Species, ecosystem, and genetic	Open Research Europe	Arzu Karahan, Bilge Durgut, Simona Iannucci, Eva Turicchia, Massimo Ponti, Petya Pavlova Ivanova, Nina Dzhembekova, Baruch Rinkevich
10.1093/nargab/lqaf158	2025	MeTAline: enabling reproducible and scalable metagenomic analyses	NAR Genomics and Bioinformatics	Olfat Khannous‐Lleiffe, Diego Fuentes, D. Majer, Toni Gabaldón
10.1038/s41551-025-01403-x	2025	Mechanically knocking out titin reveals protein tension loss as a trigger of muscle disease	Nature Biomedical Engineering	Roberto Silva‐Rojas, Natália Vicente, Manuel Gavilán-Herrera, Verónica Labrador-Cantarero, Jon Sicilia, Olga Giménez-Sáez, Andra C. Dumitru, Mateo I. Sánchez, Mara Gato-Vilaseca, Diana Velázquez-Carreras, Juan Antonio López, Jesús Vázquez, Elías Herrero‐Galán, Miguel Ángel López-Unzu, María Rosaria 
10.1038/s41467-025-65777-x	2025	Mechanisms of Pseudomonas aeruginosa resistance to type VI secretion system attacks	Nature Communications	Alejandro Tejada-Arranz, Annika Plack, Minia Antelo-Varela, Andreas Kaczmarczyk, Alexander Klotz, Urs Jenal, Marek Basler
10.1016/j.fm.2025.104823	2025	Meropenem-induced cross-protection in Salmonella enterica resistant variants: Insights from adaptive laboratory evolution and whole genome sequencing	Food Microbiology	Ruthchelly Tavares da Silva, Ivo García-Penas, Laura Espina, Diego García‐Gonzalo, Marciane Magnani, Rafael Pagán
10.64898/2025.12.17.692011	2025	MetAlyzer to Perform Streamlined, Interactive, and Pathway-Mapping Analysis of Targeted Metabolomics Data from the biocrates Platform	bioRxiv (Cold Spring Harbor Laboratory)	Qian-Wu Liao, Luis Herfurth, C. A. Schmidt, Nils Mechtel, Hagen M. Gegner, Alice Limonciel, Marc Andre Schneider, Julio Sáez-Rodríguez, Rüdiger Hell, Junyan Lu, Gernot Poschet
10.1016/j.fm.2025.104722	2025	Metagenomic driven isolation of poorly culturable species in food	Food Microbiology	Caroline Isabel Kothe, Pierre Renault
10.1038/s41597-025-04682-w	2025	Metatranscriptomes of activated sludge microbiomes from saline wastewater treatment plant	Scientific Data	Asala Mahajna, Bert Geurkink, Ranko Gaćeša, Karel J. Keesman, Gert-Jan W. Euverink, Bayu Jayawardhana
10.1007/s10528-025-11285-y	2025	MicroRNA-Mediated Post-transcriptional Regulation of Wood Property Traits in Eucalyptus tereticornis	Biochemical Genetics	Chandramouli K. Madhuvanthi, Sivanantham Bhuvanam, Muthusamy Muthupandi, Modhumita Ghosh Dasgupta
10.3389/fmicb.2025.1689006	2025	Microbial communities of selected regions of the Deep Springs Lake aquifer system	Frontiers in Microbiology	Rania Zaki, Emma Bourne, Andrew Storino, Jay Nadeau
10.1016/j.scitotenv.2025.181101	2025	Microbial–viral synergy in Eisenia fetida gut supports earthworm survival, detoxification, and functional resilience	The Science of The Total Environment	Partha Barman, Anukul Paul, Shilpa Sinha, Tilak Saha, Nibendu Mondal, Subhajit Dutta, Sumit Chatterjee, Wriddhiman Ghosh, Ranadhir Chakraborty
10.1038/s41467-025-66727-3	2025	Microproteins Simba1 and Simba2 activate Wingless signaling during the reactivation of neural stem cells in Drosophila	Nature Communications	Jiaen Lin, Qiannan Deng, Yang Gao, Ye Sing Tan, Zheng Zhong, Lay Keng Angie Tan, Patrick B. O. Tan, David M. Virshup, Justin A. Bosch, Norbert Perrimon, Hongyan Wang
10.1093/bioinformatics/btaf516	2025	Misdetection of frameshifts in SARS-CoV-2 genomes: need for additional harmonisation and efficient monitoring of data workflows	Bioinformatics	Rok Kogoj, Mauro Petrillo, Samo Zakotnik, Alen Suljič, Miša Korva, Gabriele Leoni
10.1002/ece3.71282	2025	Mitochondrial Genomes of Three Melampus Species (Ellobiidae; Gastropoda)	Ecology and Evolution	Thomas Inäbnit, Ralph Tiedemann, Alice B. Dennis
10.1080/24750263.2025.2580745	2025	Mitochondrial genome and cox1 diversity of the European orchard bee	The European Zoological Journal	Davide Maggioni, Nicola Tommasi, Bernardo Colombo, Paolo Biella, Andrea Galimberti
10.1017/s0007485325100278	2025	Mitochondrial genome and phylogeny of American silk moth Antheraea polyphemus and its Asian relatives (Lepidoptera: Saturniidae)	Bulletin of Entomological Research	Long Fei Chen, Xu Han, Yong He, Zhi-Bing Zhu, Fu Xin, Su-Yang Bai, Yuping Li, Yan‐Qun Liu
10.1016/j.genrep.2025.102365	2025	Mitochondrial genome sequencing and phylogenetic analysis of the freshwater snail Fukuia kurodai ooyagii (Pomatiopsidae)	Gene Reports	Yuuki Ebata, Akira Ooyagi, Kazuo Umetsu, Takashi Kitano
10.1098/rsob.240255	2025	Mitochondrial-derived gene expression in hibernation: tissue-specific responses in the thirteen-lined ground squirrel	Open Biology	Sarah Viola Emser, Eva Millesi
10.1016/j.bbadis.2025.167861	2025	Modeling heart failure by induced pluripotent stem cell-derived organoids.	Biochimica et Biophysica Acta (BBA) - Molecular Basis of Disease	Irene Bissoli, Francesco Alabiso, Cristina Cosentino, Aleksandra Seragnoli Chystyakova, Fabrizio Ferrè, Francesco Alviano, Pasquale Roberto Marrazzo, Carla Pignatti, Giulio Agnetti, Romano Regazzi, Flavio Flamigni, Stefania D’Adamo, Silvia Cetrullo
10.1007/s11270-025-08548-0	2025	Modulation of Marine Bacterial Communities Exposed to Different Petroleum Hydrocarbons	Water Air & Soil Pollution	Karen Caroline Ferreira Santaren, Douglas Alfradique Monteiro, Diogo de Azevedo Jurelevicius, Lucy Seldin
10.3390/ijms26178123	2025	Molecular Basis of Intron Retention in PI-PLC γ1 mRNA from Osteoarthritis Synoviocytes	International Journal of Molecular Sciences	Alessia Mariano, Daniel D’Andrea, Roberto Mattioli, Sergio Ammendola, Anna Scotto d’Abusco
10.1007/s11262-025-02161-3	2025	Molecular and phylogenetic analysis of influenza A and B viruses circulating in Sri Lanka following the COVID-19 pandemic	Virus Genes	Thejanee Perera, Asanka Bowatte, Shanika Perera, D. D. T. Rathnayaka, Vaithehi R. Francis, Shiyamalee Arunasalam, S Abeywardana, Faseeha Noordeen, Saranga Sumathipala, Rohitha Muthugala
10.1093/nar/gkaf612	2025	Molecular determinants for recognition of serotonylated chromatin	Nucleic Acids Research	Laura Pulido-Cortés, Hajo Gielingh, Vito Thijssen, Minglong Liu, Ryoji Yoshisada, Leonardo Romão Soares, Sheikh Nizamuddin, Florian Friedrich, Holger Greschik, Ling Peng, Rodrigo V. Honorato, Manfred Jung, Alexandre M. J. J. Bonvin, Martin Lothar Biniossek, Roland Schüle, Seino A. K. Jongkees, Hugo 
10.1093/zoolinnean/zlaf172	2025	Molecular phylogenetic assessment of the subfamily Dendronereidinae Pillai, 1961 (Annelida: Nereididae), with the establishment of Tylorrhynchinae subfam. nov. and the descriptions of two new species from Indonesia	Zoological Journal of the Linnean Society	Joko Pamungkas, Christopher John Glasby, Eko Setyabudi Wibowo, Tilic Ekin
10.1080/14772000.2025.2560311	2025	Molecular systematics and biogeography of a new rheophilic species of ghost electric fish (Gymnotiformes: Apteronotidae: Porotergus ) from the eastern Guianas	Systematics and Biodiversity	Carlos David de Santana, Pierre-Yves Le Bail, Letícia Guimarães Peixoto, Kenneth Wan Tong You, Michel Donato Gianeti, C. H. Eon, Marina Vianna Loeb, Jan H.A. Mol, Raphaël Covain
10.1016/j.celrep.2025.116304	2025	Mucus-derived glycans are inhibitory signals for Salmonella Typhimurium SPI-1-mediated invasion	Cell Reports	Kelsey M. Wheeler, Michaela A. Gold, Corey Alfred Stevens, Karsten Tedin, Amanda M. Wood, Deniz Uzun, Gerardo Cárcamo-Oyarce, Bradley S. Turner, Marcus Fulde, Jeongmin Song, Jessica R. Kramer, Katharina Ribbeck
10.1016/j.scitotenv.2025.179946	2025	Multi-pathogen wastewater surveillance in Malawi: An assessment of culture-based, RT-PCR, and long-read metagenomics methods with multiple ongoing outbreaks	The Science of The Total Environment	Rochelle H. Holm, Petros Kingstone Chigwechokha, William  Dalton Strike, Ruth Lusungu Nyirenda, Chimwemwe Tandwe, Ann Noble, James W. Keck, Scott M. Berry
10.1101/gad.352944.125	2025	Multiple human enhancer RNAs contain long translated open reading frames	Genes & Development	Pavel Alexandrovich Vlasov, Koichi Ogami, Elizabeth Valenzuela, Risa Karakida Kawaguchi, Marko Jovanović, James L. Manley
10.1101/2025.04.18.649583	2025	Multiple human enhancer RNAs contain long translated open reading frames	bioRxiv (Cold Spring Harbor Laboratory)	Pavel Alexandrovich Vlasov, Koichi Ogami, Elizabeth Valenzuela, Risa Karakida Kawaguchi, Marko Jovanović, James L. Manley
10.1016/j.molcel.2025.11.010	2025	NAT10 promotes cancer metastasis by modulating p300/CBP activity through chromatin-associated tRNA	Molecular Cell	Ruhul Amin, Ngoc‐Han Ha, Tinghu Qiu, Ronald J. Holewinski, Khiem Chi Lam, Amélie Lopès, Huaitian Liu, Andy D. Tran, Maxwell P. Lee, Þorkell Andrésson, Romina S. Goldszmid, Kent W. Hunter
10.3390/ijms26104874	2025	NDF/GLYR1 Promotes RNA Polymerase II Processivity via Pol II Binding and Nucleosome Destabilization	International Journal of Molecular Sciences	Ziwei Li, Jia Fei
10.1002/advs.202502727	2025	NNMT Orchestrates Metabolic‐Epigenetic Reprogramming to Drive Macrophage‐Myofibroblast Transition in Hypertrophic Scarring	Advanced Science	Xiwen Dong, Weinan Guo, Yuxuan Qian, Wenyan Jin, Xiaozhen Li, Jingyuan Yang, Qingrong Ni, Shuang Wu, Fanni Li, Hua Wang, Chunying Li, Hong Cai
10.1101/2025.09.26.678856	2025	Nanopore-based sequencing of active DNA replication reveals key principles of metazoan replication fork progression, origin and termination sites	bioRxiv (Cold Spring Harbor Laboratory)	Dongsheng Han, Cole Shepherd, Mary Lauren Benton, Jared T. Nordman
10.1101/2025.10.13.682212	2025	Nascent CUT&Tag captures transcription factor binding after chromatin duplication	bioRxiv (Cold Spring Harbor Laboratory)	Matthew Wooten, Kevin H. Nguyen, Brittany N. Takushi, Kami Ahmad, Steven Henikoff
10.1038/s41467-025-62299-4	2025	Neural function of Netrin-1 in precancerous lesions of the pancreas	Nature Communications	Hiba Haidar, Anaïs Bellon, Karen Sleiman, Mélanie Hocine, Nicolas Rama, Nicolas Gadot, Darren R. Carpizo, Patrick Mehlen, Fanny Mann
10.1101/2025.05.14.654046	2025	Neural function of Netrin-1 in precancerous lesions of the pancreas	bioRxiv (Cold Spring Harbor Laboratory)	Hiba Haidar, Anaïs Bellon, Karen Sleiman, Mélanie Hocine, Nicolas Rama, Nicolas Gadot, Darren R. Carpizo, Patrick Mehlen, Fanny Mann
10.3390/biom15060876	2025	New Insights into the Sex Chromosome Evolution of the Common Barker Frog Species Complex (Anura, Leptodactylidae) Inferred from Its Satellite DNA Content	Biomolecules	Lucas Henrique Bonfim Souza, Juan Martín Ferro, Helena M. Milanez, Célio F. B. Haddad, Luciana Bolsoni Lourenço
10.1101/2025.05.08.652899	2025	New annotations for three pea aphid genome assemblies allow comparative analyses of duplication and gene family evolution	bioRxiv (Cold Spring Harbor Laboratory)	Kevin D. Deem, Jennifer A. Brisson
10.1093/nar/gkaf1422	2025	No evidence for the putative nitric oxide sensor NsrR as a key regulator of magnetosome formation in Magnetospirillum gryphiswaldense	Nucleic Acids Research	Alexandra Woller, René Uebe, Dirk Schüler
10.1101/2025.09.24.678176	2025	Non-Autonomous PMK-1/p38 MAPK Signaling Ensures Homeostatic Downregulation of Germline Stem Cell Proliferation in C. Elegans	bioRxiv (Cold Spring Harbor Laboratory)	Alexandre Clouet, Matthieu Valet, Benjamin Dufour, Janina Rieger, Xavier Lechasseur, Aurelia Therese Condomat Zoumabo, Lloyd Venceslas Fotso Dzuna, Alexane Murray, Jichao Deng, Pier-Olivier Martel, Patrick Narbonne
10.1093/jxb/eraf105	2025	Non-CG DNA methylation represses SDC expression to modulate hypocotyl elongation during thermormorphogenesis in Arabidopsis	Journal of Experimental Botany	Maián Garro, Eleonora Greco, Gustavo J Vannay, Aleksandra Leonova, Leonardo Bruno, Matías Capella
10.3390/md23050209	2025	Novel Anti-MRSA Peptide from Mangrove-Derived Virgibacillus chiguensis FN33 Supported by Genomics and Molecular Dynamics	Marine Drugs	Namfa Sermkaew, Apichart Atipairin, Phetcharat Boonruamkaew, Sucheewin Krobthong, Chanat Aonbangkhen, Jumpei Uchiyama, Yodying Yingchutrakul, Nuttapon Songnaka
10.1007/s10096-025-05300-8	2025	Novel bacteriophages effectively target multidrug-resistant clinical isolates of Klebsiella pneumoniae	European Journal of Clinical Microbiology & Infectious Diseases	Malavika Binitha Hari, A L Sreelekshmi, Pradeesh Babu, Abhijith Pulimoottil Jaykumar, Sivaraj Barath, Sharayu Magar, Sutharsan Govindarajan, John Bernet Johnson, Anil Kumar, Jayalekshmi Haripriyan, Victor Nizet, Jason S. Gill, Lindsey Camara, Dwayne R. Roach, Bipin Gopalakrishnan Nair, Geetha B. Kum
10.1111/jpy.70109	2025	Nuclear genome assembly and annotation for the phagotrophic green alga Nephroselmis pyriformis	Journal of Phycology	Sophie Charvet, Eunsoo Kim
10.1101/2025.05.22.655630	2025	Offspring effect of maternal preconception exposure to metabolic disruptors	bioRxiv (Cold Spring Harbor Laboratory)	Carlos Díaz-Castillo, Stephanie Rose Aguiar, Raquel Chamorro-García
10.3390/nu17193142	2025	One-Week Elderberry Juice Intervention Promotes Metabolic Flexibility in the Transcriptome of Overweight Adults During a Meal Challenge	Nutrients	Christy L. Teets, Andrea J. Etter, Patrick M. Solverson
10.1007/s00284-025-04434-4	2025	Optimized Plasmid Extraction Uncovers Novel and Mobilizable Plasmids in Staphylococcus nepalensis Sharing Antimicrobial Resistance Across Different Bacterial Genera	Current Microbiology	Ana Luisa Andrade-Oliveira, Francisco Prosdocimi, Rosane Silva, Ciro César Rossi, Márcia Giambiagi-deMarval
10.1101/2025.10.13.682107	2025	Oxidative stress sensing by the translation elongation machinery promotes production of detoxifying selenoproteins	bioRxiv (Cold Spring Harbor Laboratory)	Frederick Rehfeld, Claire Lundstrom, He Zhang, Joshua T. Mendell
10.1021/acsomega.5c09460	2025	Oxygen Binding Kinetics and Coordination States of Hemoglobins from Early Land Plants	ACS Omega	Sydney Dvorak, Jonathan D. Monroe, Kenneth Hanson, Ryan Sturms
10.64898/2025.12.02.691814	2025	PHI: a Galaxy-based workflow for reproducible prophage-host interaction analysis and standardized viral-genomics reporting	bioRxiv (Cold Spring Harbor Laboratory)	J. Saraiva, Felipe Borim Corrêa, Matthias Bernt, Nawras Ghanem, Esteban Emanuel Nieto, Rodolfo Brizola Toscan, Lukas Y. Wick, Antonis Chatzinotas
10.1021/acs.jproteome.5c00178	2025	PSCS: Unified Sharing of Single-Cell Omics Data, Analyses, and Results	Journal of Proteome Research	A. Hutton, Lizhuo Ai, Jesse G. Meyer
10.3390/ijms26178205	2025	Pangenomic and Phenotypic Characterization of Colombian Capsicum Germplasm Reveals the Genetic Basis of Fruit Quality Traits	International Journal of Molecular Sciences	Maira A. Vega-Muñoz, Felipe López-Hernández, Andrés J. Cortés, Federico Roda, Esteban Castaño, Guillermo Montoya, Juan Camilo Henao‐Rojas
10.1101/2025.11.12.688109	2025	Phage N4 uses a SAR endolysin-holin system for host cell lysis	bioRxiv (Cold Spring Harbor Laboratory)	Michael B. Awuah, Cody Martin, Jake S. Chamblee, Adam Tomaszewski, Teresa E. Sullivan, Qori Emilia, Steven Tran, Jason H. Snowden, Kaylyn A. Niemiec, Jiatong Zhu, Jolene Ramsey
10.1099/mgen.0.001504	2025	Phenotypic and genomic analysis of the emerging poultry pathogen Enterococcus cecorum in UK isolates	Microbial Genomics	Finn O’Dea, Amandine Dupuis, Joseph Brown, Joseph R. Edwards, Sammy Kay, Graham  Philip Stafford, Stéphane Mesnage
10.1099/mic.0.001540	2025	Phosphorelay changes and plasticity underlie the life history evolution of Bacillus subtilis sporulation and germination in serial batch culture	Microbiology	Kathleen A. Sagarin, Elizabeth Ouanemalay, Hilda Asante-Nyame, Vera Hong, Chloe De Palo, Frederick M. Cohan
10.3390/v17040533	2025	Phylodynamic of Tomato Brown Rugose Fruit Virus and Tomato Chlorosis Virus, Two Emergent Viruses in Mixed Infections in Argentina	Viruses	Julia Magalí Ibañez, Romina Zambrana, Pamela Carreras, Verónica Gabriela Obregón, José Matías Irazoqui, Pablo Alfredo Vera, T. E. Lattar, María Dolores Blanco Fernández, Andrea Puebla, Ariel Amadío, Carolina Torres, Paola M. López Lambertini
10.1002/ece3.71100	2025	Phylogenomic Analysis Reveals Evolutionary Relationships of Tropical Drosophilidae: From Drosophila to Scaptodrosophila	Ecology and Evolution	Matsapume Detcharoen, Pairot Pramual, Areeruk Nilsai
10.1101/2025.03.07.642005	2025	Plant cells tolerate high rates of organellar mistranslation	bioRxiv (Cold Spring Harbor Laboratory)	Benjamin M. Brandt, Scott Schwartz, Serena Schwenkert, Moritz Krämer, Kuenzang Om, Carina Engstler, Andreas Klingl, Peter Jahns, Jürgen Eirich, Iris Finkemeier, Asaph B. Cousins, Hans‐Henning Kunz
10.1128/mra.00341-25	2025	Plasmid and chromosomal sequences of Pantoea agglomerans isolated from air in Fort Collins, Colorado	Microbiology Resource Announcements	Ashley Freedman, Kendall Malmstrom, P. Gruber, Bradley R. Borlee, Carolina Mehaffy
10.22207/jpam.19.4.46	2025	Plasmodium falciparum Drug Resistance Single Nucleotide Polymorphism Analysis Pipeline Based on Southeast Asian Genetic Samples	Journal of Pure and Applied Microbiology	Daniel R. Fugaha, Rio Hermantara, Arli A. Parikesit, Elizabeth Sidhartha
10.1371/journal.pcbi.1012901	2025	Playbook workflow builder: Interactive construction of bioinformatics workflows	PLoS Computational Biology	Daniel J. B. Clarke, John Erol Evangelista, Zhuorui Xie, Giacomo B. Marino, Anna I. Byrd, Mano R Maurya, Sumana Srinivasan, Keyang Yu, Varduhi Petrosyan, Matthew E. Roth, Miroslav Milinkov, Charles Hadley S. King, Jeet Kiran Vora, Jonathon Keeney, Christopher M. Nemarich, William Khan, Alexander Lac
10.21203/rs.3.rs-6631264/v1	2025	Polychlorinated Biphenyl-126 Activates AXL/ERb/DNMT3A Axis to Drive Endometriosis Progression	Research Square	Yuri Park, Nuri Sung, Eun‐Su Kim, Jaeyeong Jeong, Juhee Sim, Mi Jin Park, John P. Lydon, Xiaoming Guan, Sang Jun Han
10.1210/endocr/bqaf146	2025	Polychlorinated Biphenyls Alter Estrogen Receptor β-mediated Epigenetic Regulation, Promoting Endometriosis	Endocrinology	Yuri Park, Nuri Sung, Eun‐Su Kim, Jaeyeong Jeong, Juhee Sim, Mi Jin Park, John P. Lydon, Xiaoming Guan, Sang Jun Han
10.1093/bioinformatics/btaf230	2025	Predicting coarse-grained representations of biogeochemical cycles from metabarcoding data	Bioinformatics	Arnaud Belcour, Loris Megy, Sylvain Stéphant, Caroline Michel, Sétareh Rad, Petra Bombach, Nicole Dopffel, Hidde de Jong, Delphine Ropers
10.1101/2025.01.30.635649	2025	Predicting coarse-grained representations of biogeochemical cycles from metabarcoding data	bioRxiv (Cold Spring Harbor Laboratory)	Arnaud Belcour, Loris Megy, Sylvain Stéphant, Caroline Michel, Sétareh Rad, Petra Bombach, Nicole Dopffel, Hidde de Jong, Delphine Ropers
10.1093/ismeco/ycaf017	2025	Prophage dynamics in gastric and enterohepatic environments: unraveling ecological barriers and adaptive transitions	ISME Communications	Maria da Conceição Proença, Luís Tanoeiro, James G. Fox, Filipa F. Vale
10.1101/2025.03.05.641616	2025	Protein massively parallel binding assay reveals transcription factor binding determinants	bioRxiv (Cold Spring Harbor Laboratory)	Offir Lupo, Sagie Brodsky, Tamar Jana Lang, Wajd Manadre, Gili Valinsky, Yoav Navon, Vladimir Mindel, Naama Barkai
10.1128/aac.00107-25	2025	Proteogenomic analysis demonstrates increased bla OXA-48 copy numbers and OmpK36 loss as contributors to carbapenem resistance in Klebsiella pneumoniae	Antimicrobial Agents and Chemotherapy	Lisa M. Meekes, Astrid P. Heikema, Manuela Tompa, Ana L. Astorga Alsina, Saskia Hiltemann, Andrew Stubbs, Lennard J. M. Dekker, Dimard E. Foudraine, Nikolaos Strepis, Johann D D Pitout, Gisele Peirano, Corné H. W. Klaassen, Wil H. F. Goessens
10.1111/1462-2920.70066	2025	Pseudomonas Species Isolated From Lotus Nodules Are Genetically Diverse and Promote Plant Growth	Environmental Microbiology	Yu‐Hsiang Yu, Julian Kurtenbach, Duncan B. Crosbie, Andreas Brachmann, Macarena Marín
10.1099/ijsem.0.006968	2025	Pseudomonas tussilaginis sp. nov., isolated from leaves of coltsfoot growing in mercury-contaminated soil	INTERNATIONAL JOURNAL OF SYSTEMATIC AND EVOLUTIONARY MICROBIOLOGY	Anna Juszczyk, Anna Kowalczyk, Martyna Rogala, Artur Gurgul, Igor Jasielczuk, Tomasz Szmatoła, Monika Bojko, Grażyna Anna Płaza, Łukasz Jałowiecki, Jacek Borgulat, Teresa Noga, Kamila Wójcik, Kamila Waś, Muhammed Duman, Julia Szmuc, Emilia Głuchowska, Maja Kosecka-Strojek, Dariusz Latowski
10.1128/mra.00594-25	2025	Pseudovibrio ascidiaceicola 5337, a marine bacterial symbiont of the ascidian gut with unusual genome features	Microbiology Resource Announcements	Morgan Young, Ojas Natarajan, Shen Jean Lim, Larry J. Dishaw
10.1270/jsbbs.25032	2025	QTL mapping of key phenological and morphological traits in grain amaranth (Amaranthus hypochondriacus L.)	Ikushugaku zasshi	Ahmad Zaelani, Sachiko Isobe, Kenta Shirasawa, Yosuke Yoshioka
10.1016/j.cell.2025.03.009	2025	Quiescent cell re-entry is limited by macroautophagy-induced lysosomal damage	Cell	Andrew Murley, Ann Catherine Popovici, Xiaozhou Hu, Anina Lund, Kevin Wickham, Jenni Durieux, Larry K. Joe, Etai Koronyo, Hanlin Zhang, Naomi R. Genuth, Andrew Dillin
10.1016/j.cmet.2025.01.013	2025	RBM43 controls PGC1α translation and a PGC1α-STING signaling axis	Cell Metabolism	Phillip A. Dumesic, Sarah E. Wilensky, Symanthika Bose, Jonathan G. Van Vranken, Steven P. Gygi, Bruce M. Spiegelman
10.1016/j.patter.2025.101345	2025	RDMkit: A research data management toolkit for life sciences	Patterns	Pinar Alper, Flora D’Anna, Bert Droesbeke, Munazah Andrabi, Rafael Andrade Buono, Federico Bianchini, Korbinian Bösl, Ishwar Chandramouliswaran, Martin L. Cook, Daniel Faria, Nazeefa Fatima, Rob W W Hooft, Niclas Jareborg, Mijke Jetten, Diana Pilvar, Gil Poires-Oliveira, Marina Popleteeva, Laura Por
10.3390/microorganisms13030548	2025	Rapid Detection of Salmonella Typhimurium During Cell Attachment on Three Food-Contact Surfaces Using Long-Read Sequencing	Microorganisms	Daniela Bermúdez‐Aguirre, Shannon Tilman, Joseph Uknalis, Brendan A. Niemira, Katrina L. Counihan
10.3897/bdj.13.e146720	2025	Re-description, systematics and complete mitochondrial genome of Philhelius coreanus (Shiraki, 1930) (Diptera, Syrphidae) in the Republic of Korea	Biodiversity Data Journal	Chan-Ouk Kim, Gyu-Dong Chang, Ho‐Yeon Han, Jeong‐Hun Song
10.1101/2025.07.26.25332245	2025	Real-time, multi-pathogen wastewater genomic surveillance with Freyja 2	medRxiv	Joshua I. Levy, Praneeth Gangavarapu, Dylan A. Pilz, Maryam Ahmadi Jesvaghane, Allison Steedman, Mark Zeller, Karthik Gangavarapu, Daniel T. McDonald, Kevin G. Libuit, Curtis J. Kapsak, Erin L. Young, Shelesh Agrawal, Laura Orschler, Martin Hölzer, Elyse N. Stachler, Daniel Park, Angie S. Hinrichs, 
10.21248/gups.88742	2025	Regulatory roles of TRIM28 and USP39 in mRNA splicing		Vigor Matković
10.1038/s41556-025-01764-0	2025	Remote control of AMPK via extracellular adenosine controls tissue growth	Nature Cell Biology	Yao Zhang, Katrin Straßburger, Aurelio A. Teleman
10.1101/2025.05.06.652397	2025	Repeated restraint stress-induced increase in post-surgical somatosensory hypersensitivity and affective responding is mediated by β-adrenergic receptor activation and spinal NLRP3-IL1β signalling in male rats	bioRxiv (Cold Spring Harbor Laboratory)	Ariadni Bella, Khaled Abdallah, Daniela Rodrígues-Amorím, Alba M Diego, Charles Decraene, Pierre Hener, Chiara Di Marino, David P. Finn, İpek Yalçın, Michelle Roche
10.3389/fcomp.2024.1491823	2025	Reproducible research policies and software/data management in scientific computing journals: a survey, discussion, and perspectives	Frontiers in Computer Science	José Manuel Hernández Mogollón, Miguel Colom
10.1016/j.microb.2025.100488	2025	Resistome, virulome, anti-defense mechanisms, and prophages in Helicobacter pylori strains in Asia	The Microbe	Tushar Midha, Nisha Giri, Somesh Baranwal
10.1016/j.copbio.2025.103388	2025	Resolving misconceptions and constraints in growth-coupled bioproduction	Current Opinion in Biotechnology	Lena M Hümmler, Stefan Hristov, Lucas Hille, Εlad Noor, Steffen N. Lindner
10.1101/2025.10.16.682956	2025	Resolving replication incompatibility between chloroplast and conjugative plasmids in E. coli	bioRxiv (Cold Spring Harbor Laboratory)	Emma Jane Lougheed Walker, Tahani Jaafar, Ayagiysan Kaneshan, Bogumil J. Karas
10.1093/nar/gkaf1261	2025	RetroRules 2026: an expanded database combining biochemical and organic reaction templates for pathway discovery	Nucleic Acids Research	Thomas Duigou, Philippe Meyer, Jean‐Loup Faulon
10.1186/s40793-025-00691-9	2025	Revealing microbial consortia that interfere with grapevine downy mildew through microbiome epidemiology	Environmental Microbiome	Paola Fournier, Lucile Pellan, Aarti Jaswa, Marine C. Cambon, Alexandre Chataigner, Olivier Bonnard, Marc Raynal, Christian Debord, Charlotte Poeydebat, Simon Labarthe, François Delmotte, Patrice This, Corinne Vacher
10.1371/journal.pone.0319180	2025	Revisiting CPSF30-mediated alternative polyadenylation in Arabidopsis thaliana	PLoS ONE	Guijie Hao, Lichun Zhou, Huazhen Liu, Pradeep Kachroo, Arthur G. Hunt
10.1099/mgen.0.001558	2025	Revisiting classical Escherichia coli cell division mutants by whole-genome sequencing	Microbial Genomics	Elias Dahdouh, Isabel García-Pérez, Diana Soledad Reyes-Zuñagua, Jesús Mingorance, Miguel Vicente
10.1101/2025.01.08.631880	2025	Revisiting the Central Dogma: the distinct roles of genome, methylation, transcription, and translation on protein expression in Arabidopsis thaliana	bioRxiv (Cold Spring Harbor Laboratory)	Ziming Zhong, Mark Bailey, Yong‐In Kim, Nazanin P. Afsharyan, B. B. Parker, Louise Arathoon, Xiaowei Li, Chelsea A. Rundle, Andrew Behrens, Danny D. Nedialkova, Gancho T. Slavov, Keywan Hassani‐Pak, Kathryn Susan Lilley, Frederica L. Theodoulou, Richard Mott
10.1099/acmi.0.001021.v3	2025	SNiPgenie: a tool for microbial SNP site detection from whole-genome sequencing data	Access Microbiology	Damien Farrell, Viktor Perets, Stephen Vincent Gordon
10.1093/ismejo/wraf119	2025	Saccharibacteria deploy two distinct type IV pili, driving episymbiosis, host competition, and twitching motility	The ISME Journal	Alex S. Grossman, Lei Lei, Jack M. Botting, Jett Liu, Nusrat Nahar, Jun Liu, Jeffrey S. McLean, Xuesong He, Batbileg Bor
10.1038/s41588-025-02431-8	2025	Saturation mutagenesis identifies activating and resistance-inducing FGFR kinase domain mutations	Nature Genetics	Carla Tangermann, Avantika Ghosh, Martin Ziegler, Francesco Facchinetti, Jannis Stappenbeck, Yagmur Oyku Carus Sahin, Marisa Riester, Luise Carmina Viardot, Tobias Zundel, Luc Friboulet, Antoine Hollebecque, J. Jesús Naveja, Angela Wanninger, Maria Elena Hess, Tilman Brummer, Melanie Boerries, Sonja
10.1016/j.stem.2025.02.015	2025	Self-organization of mouse embryonic stem cells into reproducible pre-gastrulation embryo models via CRISPRa programming	Cell stem cell	Gerrald A. Lodewijk, Sayaka Kozuki, Clara J. Han, Benjamin R. Topacio, Seung‐Ho Lee, Lily Nixon, Abolfazl Zargari, Gavin T. Knight, Randolph Scott Ashton, Lei Stanley Qi, S. Ali Shariati
10.1101/2025.06.03.657625	2025	Sequential exposure to anoxic/oxic conditions leads to biotransformation and detoxification of sitagliptin in urban hyporheic zones	bioRxiv (Cold Spring Harbor Laboratory)	Simon Klaes, Kerstin Gerundt, Darja Deobald, Luise Henneberger, Beate Isabella Escher, Lorenz Adrian, Myriel Cooper
10.1038/s41598-025-03265-4	2025	Shotgun metagenomic composition, microbial interactions and functional insights into the uterine microbiome of postpartum dairy cows with clinical and subclinical endometritis	Scientific Reports	Muhammad Hussnain Rashid, Osvaldo Bogado Pascottini, Lei Xie, Mehrnaz Niazi, Leen Lietaer, Uğur Çömlekçioğlu, GEERT OPSOMER
10.1101/2025.02.23.639715	2025	Single-Cell Roadmap of Early Hemato-Endothelial Development: Functions of Atf3, Zfp711 and Bcl6b	bioRxiv (Cold Spring Harbor Laboratory)	Rıdvan Çeti̇n, Giulia Picco, Jente van Staalduinen, Eric M. Bindels, Remco Michiel Hoogenboezem, Gregory van Beek, Mathijs Arnoud Sanders, Yaren Fidan, Ahmet Korkmaz, Joost H. Gribnau, Jeffrey van Haren, Danny Huylebroeck, Eskeatnaf Mulugeta, Frank G. Grosveld
10.1101/2025.09.02.673874	2025	Single-vessel transcriptome map pathological landscapes and reveal NR2F2-mediated smooth muscle cell phenotype acquisition in capillary malformations	bioRxiv (Cold Spring Harbor Laboratory)	Vi Nguyen, Irving Mao, Siyi He, Ivonne Astrid Arias Castellanos, Mackenzie Azuero, Marcelo L. Hochman, Rong H. Yin, Laena Pernomian, Elliott H Chen, Harold Ira Friedman, Yanhua Chen, Qun Lu, Daping Fan, Camilla Ferreira Wenceslau, Dong‐bao Chen, J. Stuart Nelson, Anil Goud Jegga, Yunguan Wang, Wenbi
10.1111/1365-2664.70184	2025	Soil community structure across native and exotic forests is shaped by edaphoclimatic conditions and eukaryotic biomarkers	Journal of Applied Ecology	Concha Cano‐Díaz, Cláudia Carvalho‐Santos, Rui P. Carvalho, Sofia R. Costa, A. Carolina Duarte, Paulo Alexandre da Costa Fernandes, Susana Mendes, Bala Singavarapu, Brajesh Kumar Singh, Juntao Wang, Carlos A. Guerra
10.1016/j.jcv.2025.105877	2025	Some assembly required: Comparison of bioinformatic pipelines for analysis of viral metagenomic sequencing from nosocomial respiratory virus outbreaks	Journal of Clinical Virology	Assad Alhaboub, Natalie M. Deschenes, Xena X. Li, Victoria R. Williams, Kevin C. Katz, So Yeon Park, Patryk Aftanas, Henry Wong, Calvin P. Sjaarda, Kyla Tozer, Finlay Maguire, Jerome Allen Leis, Prameet M. Sheth, Robert Andrew Kozak
10.1084/jem.20251065	2025	SpeckSeq enables high-throughput functional stratification of MEFV variants in autoinflammatory diseases	The Journal of Experimental Medicine	Pauline Bronnec, Sarah Dalmon, Christophe Briand, Omran Allatif, Martin Broly, Melissa Marcotte, Gianluca Lombardi, Kevin Barthes, Nora Martel, Sandrine Hughes, Benjamin Gillet, Florian Milhavet, Aysima Atilgan, Hervé Bachelez, Serena Palmeri, Ignazia Prigione, Marine Madrange, Léa Savey, Michel P. 
10.3390/ijms26178265	2025	Stabilizing the Baseline: Reference Gene Evaluation in Three Invasive Reynoutria Species	International Journal of Molecular Sciences	Marta Stafiniak, Wojciech Makowski, Adam Matkowski, Monika Bielecka
10.1101/2025.07.03.662908	2025	Stable coexistence of Citrobacter rodentium with a lytic bacteriophage during in vivo murine infection	bioRxiv (Cold Spring Harbor Laboratory)	Audrey Peters, Hiba Shareefdeen, Julia Sanchez‐Garrido, Eli J. Cohen, Rémi Denise, Joshua L. C. Wong, Morgan Beeby, Colin Hill, Gad M. Frankel
10.64898/2025.12.10.693275	2025	Stable inheritance of the Streptomyces linear plasmid SCP1 by dual ParAB S partition systems	bioRxiv (Cold Spring Harbor Laboratory)	Leah McPhillips, Govind Chandra, Thomas C. McLean, Ngat T. Tran, Tung B. K. Le
10.1101/2025.11.08.687178	2025	Staphylococcus haemolyticus Population Genomics Provides Insights into Pathogenicity and Commensalism	bioRxiv (Cold Spring Harbor Laboratory)	Heather Felgate, Lisa E. Lamberte, Leonardo de Oliveira Martins, Antia Acuna-Gonzalez, Janet Elizabeth Berrington, Jonathan A. Chapman, Dheeraj Sethi, Christopher J. Stewart, Ad C. Fluit, Matthew K. O’Shea, Jorunn Pauline Cavanagh, Lindsay J. Hall, Willem van Schaik, Mark Alexander Webber
10.1038/s41467-025-64692-5	2025	Structural insights into context-specific inhibition of bacterial translation by macrolides	Nature Communications	Egor A. Syroegin, Elena V. Aleksandrova, Artem A. Kruglov, Madhura N. Paranjpe, Maxim S. Svetlov, Yury S. Polikanov
10.1101/2025.06.03.657637	2025	Structural insights into context-specific inhibition of bacterial translation by macrolides	bioRxiv (Cold Spring Harbor Laboratory)	Egor A. Syroegin, Elena V. Aleksandrova, Alexander Kruglov, Madhura N. Paranjpe, Maxim S. Svetlov, Yury S. Polikanov
10.1016/j.jbc.2025.110546	2025	Structural unification of diverse transmembrane acyltransferases reveals a conserved fold for the transmembrane acyl transferase (TmAT) superfamily	Journal of Biological Chemistry	Bethan E. Kinniment-Williams, Vytaute Jurgeleviciute, David West, Reyme Herman, James N. Blaza, Marjan W. van der Woude, Gavin H. Thomas
10.1016/j.mimet.2025.107320	2025	Suppression/competition PCR: A novel method to minimize unwanted amplicons in metabarcoding, with applications to parasite detection in fecal samples	Journal of Microbiological Methods	Justin Mark Carpani, John Robert Barta, Rebecca A. Guy
10.3390/foods14101691	2025	Surveillance of Antimicrobial Resistance in the Asian Seabass (Lates calcarifer) Supply Chain Using Nanopore Sequencing	Foods	Matsapume Detcharoen, Panatda Khrueakaew, Soottawat Benjakul, Chonticha Romyasamit, Watcharapol Suyapoh, Jirakrit Saetang
10.1101/2025.02.10.637348	2025	Systematic silencing of oncogenic fusion transcripts with ultra-precise CRISPR-Cas13b	bioRxiv (Cold Spring Harbor Laboratory)	Wenxin Hu, Honglin Chen, Joshua M. L. Casan, Carolyn Shembrey, Steven He, Lauren M. Brown, Timothy P. Hughes, Deborah L. White, Antoine de Weck, Ilia Voskoboinik, Joseph A. Trapani, Paul G. Ekert, Teresa Sadras, Mohamed Fareh
10.1101/2025.10.02.680033	2025	Systemic resistance to pathogens in Arabidopsis requires HASTY-dependent miRNA cell-to-cell movement	bioRxiv (Cold Spring Harbor Laboratory)	Musso Manuel, Nahir Alanie, Luciano Quevedo, Alejandra Trenchi, Nicolás M. Cecchini, Lascano Hernán Ramiro, Damián Alejandro Cambiagno
10.1038/s41389-025-00560-7	2025	TGF-β signaling redirects Sox11 gene regulatory activity to promote partial EMT and collective invasion of oncogenically transformed intestinal organoids	Oncogenesis	Yu-Hsiang Teng, Bismark Appiah, Geoffroy Andrieux, Monika Schrempp, Katja Rose, Angelika Hofmann, Manching Ku, Sven Beyes, Melanie Boerries, Andreas Hecht
10.1101/2025.02.13.635953	2025	TGIF2 is a major regulator of neural stem cell fate and neurogenic priming	bioRxiv (Cold Spring Harbor Laboratory)	Yiling Li, Anthi C. Krontira, Franziska Vierl, Maria Lucia Richter, Weixu Wang, Juliane Merl‐Pham, Fabian Joachim Theis, Stefanie M. Hauck, Magdalena Götz
10.1186/s12879-025-11380-w	2025	Targeting invasion-associated proteins PfSUB2 and PfTRAMP in Plasmodium falciparum: identification of potential inhibitors via molecular docking	BMC Infectious Diseases	Esther Okafor, Mercy Bella-Omunagbe, Temitope Elugbadebo, Titilope M. Dokunmu, Ezekiel Femi Adebiyi
10.1242/dev.204533	2025	Targets of the transcription factor Six1 identify previously unreported candidate deafness genes	Development	Ramya Ranganathan, Fereshteh Sari, Scarlet Xiaoyan Wang, Alexandre P Thiery, Ailin Leticia Buzzi, Rosalinda Fiorella Guerra, Sally A. Moody, Andrea Streit
10.1111/pala.70028	2025	Ten simple rules to follow when cleaning occurrence data in palaeobiology	Palaeontology	Lewis A. Jones, Christopher D. Dean, Bethany J. Allen, Harriet B. Drage, Joseph T. Flannery‐Sutherland, William Gearty, Alfio Alessandro Chiarenza, Erin Dillon, Bruna M. Farina, Pedro L. Godoy
10.1002/prot.70107	2025	The Curious Case of CysE : Diversity and Distribution of Serine Acetyltransferases in Bacteria	Proteins Structure Function and Bioinformatics	Keely E.A. Oldham, Adele Williamson, Emily K. Grout, Joanna Hicks
10.1101/2025.10.02.680021	2025	The G Protein-Coupled Receptor GPR31 Promotes Pro-inflammatory Responses in Pancreatic Islets and Macrophages	bioRxiv (Cold Spring Harbor Laboratory)	Kerim B. Kaylan, Christian Checkcinco, Jacob R. Enriquez, Titli Nargis, Elizabeth Elliot, Armando A. Puente, Jiayi E. Wang, Melissa A Walsh, Jennifer B. Nelson, Abhishek Kulkarni, Charanya Muralidharan, Sarah C. May, Ryan M. Anderson, Raghavendra G. Mirmira, Sarah A. Tersey
10.3390/ijms26188837	2025	The Influence of Cohesin on the Short-Scale Dynamics of Intact and Damaged Chromatin in Different Phases of the Cell Cycle	International Journal of Molecular Sciences	Vladimir S. Viushkov, Nikolai A. Lomov, Polina O. Kalitina, Daria M. Potashnikova, Anastasia S. Shtompel, Sergey V. Ulianov, Sergey V. Razin, Mikhail A. Rubtsov
10.1101/2025.04.07.647610	2025	The MarR Family Transcription Factor SlyA Senses Iron and Respiratory Status in Enteric Bacteria	bioRxiv (Cold Spring Harbor Laboratory)	W. Ryan Will, Ferric C. Fang
10.1128/mbio.01396-25	2025	The MarR family transcription factor SlyA senses iron and respiratory status in enteric bacteria	mBio	W. Ryan Will, Ferric C. Fang
10.1093/nar/gkaf1250	2025	The UCSC Genome Browser database: 2026 update	Nucleic Acids Research	Jonathan D. Casper, Matthew L Speir, Brian J. Raney, Gerardo Perez, Luis R Nassar, Christopher M. Lee, Angie S. Hinrichs, Jairo Navarro Gonzalez, Clay Fischer, Mark E. Diekhans, Hiram Clawson, Anna Benet‐Pagès, Galt P Barber, Charles Joseph Vaske, Marijke J. van Baren, Karen Wang, Y. Rodríguez, Jaid
10.1186/s12870-025-06119-3	2025	The cell colony development is connected with the accumulation of embryogenesis-related proteins and dynamic distribution of cell wall components in in vitro cultures of Fagopyrum tataricum and Fagopyrum esculentum	BMC Plant Biology	Magdalena Zaranek, Artur Piński, Bożena Skupień-Rabian, Urszula Jankowska, Kamila Godel-Jędrychowska, Katarzyna Sala, Katarzyna Nowak, Ewa Urszula Kurczynska, Ewa Grzebelus, Alexander Betekhtin
10.1016/j.celrep.2025.116354	2025	The central clock drives metabolic rhythms in muscle stem cells	Cell Reports	Valentina Sica, Jacob G. Smith, Oleg Deryagin, Eva Maria Andres, Vera Lukesova, Mirijam Egg, Nina Cabezas‐Wallscheid, Salvador Aznar Benitah, Antonio L. Serrano, Eusebio Perdiguero, Pura Muñoz‐Cánoves
10.1101/2025.01.15.633124	2025	The central clock drives metabolic rhythms in muscle stem cells	bioRxiv (Cold Spring Harbor Laboratory)	Valentina Sica, Jacob G. Smith, Oleg Deryagin, Eva Maria Andres, Vera Lukesova, Mirijam Egg, Nina Cabezas‐Wallscheid, Salvador Aznar Benitah, Antonio L. Serrano, Eusebio Perdiguero, Pura Muñoz‐Cánoves
10.1101/2025.07.28.667122	2025	The chloroplast ionome shines new light on organellar Fe homeostasis	bioRxiv (Cold Spring Harbor Laboratory)	Lorenz Josef Holzner, Lucia Östergaard Frank, Susanne Mühlbauer, Anna Müller, Laura Schröder, Rachael Ann DeTar, Katrin Philippar, David G. Mendoza‐Cózatl, Ute Kraemer, Thomas Nägele, Bettina Bölter, Hans‐Henning Kunz
10.1186/s12864-025-12153-0	2025	The chromatin remodeler LET-418/Mi-2 regulates the intracellular pathogen response in the C. elegans intestine	BMC Genomics	Shweta Rajopadhye, Vladimir Lažetić, David Rodríguez-Crespo, Emily R. Troemel, Peter Meister, Chantal Wicky
10.1038/s41467-025-62473-8	2025	The combination of active partitioning and toxin-antitoxin systems is most advantageous for low-copy plasmid fitness	Nature Communications	Johannes Effe, Mario Santer, Yiqing Wang, Theresa E. Feenstra, Nils F. Hülter, Tal Dagan
10.1128/mra.00861-25	2025	The complete genome of Escherichia phage Midge	Microbiology Resource Announcements	Paige Ripberger, Guadalupe Valencia-Toxqui, Jolene Ramsey
10.1080/23802359.2025.2588022	2025	The complete mitochondrial genome of the symmetrical brain coral Pseudodiploria strigosa (Dana, 1846) (Scleractinia: Vacatina: Faviidae)	Mitochondrial DNA Part B	Juan Antonio Baeza
10.1016/j.dib.2025.112218	2025	The complete mitogenome dataset of Hasora Schoenherr (Latreille, 1824) (Lepidoptera: Hesperiidae: Coeliadinae) from Malaysia	Data in Brief	Lam Boon Hui, Marylin Miga, Chan Vei Siang, Aqilah Awg Abdul Rahman, Sivachandran Parimannan, Heera Rajandas, Frankie Thomas Sitam, Lili Tokiman, Jai Kemalok, Mohd Shahir Shamsir, Faezah Mohd Salleh
10.1186/s13059-025-03741-0	2025	The distinct roles of genome, methylation, transcription, and translation on protein expression in Arabidopsis thaliana resolve the Central Dogma’s information flow	Genome biology	Ziming Zhong, Mark Bailey, Yong‐In Kim, Nazanin P. Afsharyan, B. B. Parker, Louise Arathoon, Xiaowei Li, Chelsea A. Rundle, Andrew Behrens, Danny D. Nedialkova, Gancho T. Slavov, Keywan Hassani‐Pak, Kathryn Susan Lilley, Frederica L. Theodoulou, Richard Mott
10.1093/nar/gkaf926	2025	The early injected genomic region determines sensitivity to Type I restriction-modification defence against Autographiviridae phages	Nucleic Acids Research	Andrea Martinez-Cazorla, Christian Martínez-Jiménez, Patricia Lucas Elío, Peter C. Fineran, Simon A. Jackson, Antonio Sánchez-Amat
10.1016/j.chembiol.2024.11.009	2025	The efflux pump ABCC1/MRP1 constitutively restricts PROTAC sensitivity in cancer cells	Cell chemical biology	Gernot Wolf, Conner Craigon, Shao Thing Teoh, Patrick Essletzbichler, Svenja Onstein, Diane M. Cassidy, Esther C. H. Uijttewaal, Vojtech Dvorak, Yuting Cao, Ariel Bensimon, Ulrich Elling, Alessio Ciulli, Giulio Superti‐Furga
10.21203/rs.3.rs-6222076/v1	2025	The hsa-miR-1246 is overexpressed in Spheroids-derived cancer stem cells from tumor cell lines	Research Square	Ângela Maggio da Fonseca, Yeimy Gonzalez Giraldo, Natalia Vargas Rondón, Andrés Felipe Aristizábal-Pachón
10.1101/2025.01.17.633623	2025	The liver clock tunes transcriptional rhythms in skeletal muscle to regulate mitochondrial function	bioRxiv (Cold Spring Harbor Laboratory)	Valentina Sica, Tomoki Sato, Ioannis Tsialtas, Sophia Hernandez, Siwei Chen, Pierre Baldi, Pura Muñoz- Cánoves, Paolo Sassone‐Corsi, Kevin B. Koronowski, Jacob G. Smith
10.1101/2025.08.18.670852	2025	The metallophore staphylopine is essential for survival of Staphylococcus epidermidis in human synovial fluid	bioRxiv (Cold Spring Harbor Laboratory)	Leanne P. Sims, Muhammad Yasir, Emma J. Manners, Claire Hill, Heather Felgate, John R. Wain, Iain McNamara, Mark Alexander Webber
10.1002/imt2.70031	2025	The microbiologist's guide to metaproteomics	iMeta	Tim Van Den Bossche, Jean Armengaud, Dirk Benndorf, J. Alfredo Blakeley‐Ruiz, Madita Brauer, Kai Cheng, Marybeth Creskey, Daniel Figeys, Lucia Grenga, Timothy J. Griffin, Céline Henry, Robert L. Hettich, Tanja Holstein, Pratik Jagtap, Nico Jehmlich, Jonghyun Kim, Manuel Kleiner, Benoit Josef Kunath,
10.1101/2025.08.25.672161	2025	The multiscale distribution of radiation-induced DNA damage and its impact on local genome structure	bioRxiv (Cold Spring Harbor Laboratory)	Heng Li, Tianchun Xue, Rachel Patton McCord
10.1093/nargab/lqaf013	2025	The zebrafish ( Danio rerio ) snoRNAome	NAR Genomics and Bioinformatics	Renáta Hamar, Máté Varga
10.1016/j.aspen.2024.102369	2025	Three mitochondrial genomes of Kibakoganea Nagai, 1984 (Coleoptera: Scarabaeidae: Rutelinae) and phylogenetic relationship of Rutelini	Journal of Asia-Pacific Entomology	Qiqi Lian, Yuanyuan Lü, Min Xu, Chunyang Huang, Qiang Wei Ding, Xinwen Yang, Terrence Pradakshana Sylvester, Rongrong Shen, Pu Miao, Ming Bai
10.1109/dsd67783.2025.00057	2025	Towards RISC-V-based HPC: The Italian Pathfinding Activities in the DARE-SGA1 Project		Giovanni Agosta, Marco Aldinucci, Andrea Giorgio Bartolini, Laura Bellentani, Andrea Biagioni, Daniele Cesarini, Carlotta Chiarini, Iacopo Colonnelli, Pietro Delugas, Lev Denisov, Ottorino Frezza, Marco Grangetto, Francesca Lo Cicero, A. Lonardo, Michele Vittorio Martinelli, A. N. Maslov, Mauro Oliv
10.1111/ppl.70501	2025	Transcriptional Dynamics of Tomato Plants Under Combined Heat and Salt Stress	Physiologia Plantarum	Bruno Sousa, Cristiano Soares, Paulo R. Oliveira-Pinto, Conceição Santos, Fernanda Fidalgo, Teresa Lino‐Neto
10.1186/s13041-025-01176-z	2025	Transcriptome atlases of rat brain regions and their adaptation to diabetes resolution following gastrectomy in the Goto-Kakizaki rat	Molecular Brain	François Brial, Aurélie Le Lay, Claude Rouch, Édouard Henrion, Mathieu Bourgey, Guillaume Bourque, Mark Lathrop, Christophe N. Magnan, Dominique Gauguier
10.1016/j.jhepr.2025.101603	2025	Transcriptome of monocytes from liver, brain and bone marrow reveals organ-specific features in aging and alcohol misuse	JHEP Reports	Martí Ortega‐Ribera, Radhika Joshi, Sergi Guixé‐Muntet, Veronika Brezáni, Prashanth Thevkar Nagesh, Viliam Brezani, Arman Patel, Yuan Zhuang, Mrigya Babuta, Jordi Gracia‐Sancho, Gyöngyi Szabó
10.3390/cells14040278	2025	Transcriptomic Insights into Gas6-Induced Placental Dysfunction: Gene Targets for Preeclampsia Therapy	Cells	Matthew D. Jackson, Trenton M. Gibson, Ethan D. Frank, Garrett Hill, Benjamin Davidson, Paul R. Reynolds, Benjamin T. Bikman, Brett E Pickett, Juan Alberto Arroyo
10.1101/2025.09.23.676125	2025	Transcriptomic analysis of melanin production in Exophiala dermatitidis conditional albino mutants on two different carbon sources	bioRxiv (Cold Spring Harbor Laboratory)	Kamaldeep Chhoker, Georg Hausner, Steven D. Harris
10.1101/2025.02.02.636094	2025	Transcriptomic responses to Marteilia sydneyi infection in the Sydney rock oyster Saccostrea glomerata	bioRxiv (Cold Spring Harbor Laboratory)	Nikolina Nenadic, Ido Bar, Carmel McDougall
10.1016/j.fsi.2025.111085	2025	Transcriptomic responses to Marteilia sydneyi infection in the sydney rock oyster Saccostrea glomerata	Fish & Shellfish Immunology	Nikolina Nenadic, Ido Bar, Carmel McDougall
10.1016/j.pneurobio.2025.102831	2025	Transcriptomic shifts in Microtus ochrogaster neurogenic niches reveal psychiatric-risk pathways engaged by pair-bond formation	Progress in Neurobiology	D. Ávila-González, J Lugo-Baca, F Camacho-Barrios, A.E. Castro, Dulce María Arzate, R Paredes-Guerrero, Néstor F. Díaz, Wendy Portillo
10.1186/s40793-025-00762-x	2025	Transient colonization by Priestia megaterium B1L5 alters the structure of the rhizosphere microbiome towards potential plant beneficial bacterial groups in apple plantlets	Environmental Microbiome	Fatma Mahmoud, Holger Edelmann, Yang Si, Lea Endrejat, Karin Pritsch, Caroline Gutjahr, Armin Ehrenreich, Traud Winkelmann, Jana Barbro Winkler, Jörg‐Peter Schnitzler, Michael Schloter
10.1101/2025.02.28.640854	2025	Transposon insertion causes ctnnb2 transcript instability that results in the maternal effect zebrafish ichabod ( ich ) mutation	bioRxiv (Cold Spring Harbor Laboratory)	Zsombor Varga, Ferenc Kagan, S. Maegawa, Ãgnes Nagy, Javan Okendo, Shawn M. Burgess, Eric S. Weinberg, Máté Varga
10.1016/j.bbagrm.2025.195104	2025	Transposon insertion causes ctnnb2 transcript instability that results in the maternal effect zebrafish ichabod (ich) mutation	Biochimica et Biophysica Acta (BBA) - Gene Regulatory Mechanisms	Zsombor Varga, Ferenc Kagan, S. Maegawa, Ãgnes Nagy, Javan Okendo, Shawn M. Burgess, Eric S. Weinberg, Máté Varga
10.1371/journal.pgen.1011606	2025	Two transmembrane transcriptional regulators coordinate to activate chitin-induced natural transformation in Vibrio cholerae	PLoS Genetics	Allison C. Hullinger, Virginia E. Green, Catherine A. Klancher, Triana N. Dalia, Ankur B. Dalia
10.1101/2025.05.12.653382	2025	UV laser crosslinking uncovers novel DNA-binding pattern of CTCF	bioRxiv (Cold Spring Harbor Laboratory)	Clara Stanko, Setenay Gupse Oezcan, Sven Stengel, Łukasz Szymański, Arndt Steube, Martin Fischer, Annamaria Brioli, Tino Schenk
10.1101/2025.11.04.686647	2025	Uncovering biological patterns across studies through automated large-scale reanalyses of public transcriptomic data	bioRxiv (Cold Spring Harbor Laboratory)	K. Chen, Timo Lassmann
10.1038/s41588-025-02442-5	2025	Unearthing soil biodiversity through collaborative genomic research and education	Nature Genetics	Jefferson Rogério Marques da Silva, Senem Mavruk Eskipehlivan, Lindsay Zirkle, Tristen Alberts, Claude F. Albritton, Rosa Alcazar, Zainab AlJabri, Maria E. Alvarez, Anish S. Aradhey, Mentewab Ayalew, Nareh Azizian, Yasmeen Balayah, Destiny Ball, Efren Barragan, Corey Beshoar, Lyle Best, Emily Biggan
10.13016/m2yryf-uqc3	2025	Unearthing soil biodiversity through collaborative genomic research and education	Maryland Shared Open Access Repository (USMAI Consortium)	Tristen Alberts, Claude F. Albritton, Rosa Alcazar, Zainab AlJabri, Maria Alvarez, Anish S. Aradhey, Mentewab Ayalew, Nareh Azizian, Yasmeen Balayah, Destiny Ball, Efren Barragan, Corey Beshoar, Lyle Best, Emily Biggane, Joseph P. Biggane, Jesse Blick, Myron Blosser, Alex Kenneth Brown, Michael C. C
10.1111/mec.70163	2025	Unravelling Hidden Trophic Interactions Among Sea Urchin Juveniles and Macroinvertebrates by DNA Amplification	Molecular Ecology	Alberto Sutera, Chiara Bonaviri, Francesco Di Trapani, Francesca La Bella, Vesna Mačić, Olivera Marković, Bernat Hereu, Roberto De Michele
10.3390/v18010062	2025	Unveiling Intra-Clonal Diversity of Monkeypox Virus from Brazil’s First Outbreak Wave	Viruses	Amanda Stéphanie Arantes Witt, João Victor R. P. Carvalho, Izabela Mamede, Talita Adelino, Felipe Campos de Melo Iani, Maurício Teixeira Lima, Thalita Souza Arantes, Denílson Eduardo Silva Cunha, Rodrigo Araújo Lima Rodrigues, Giliane de Souza Trindade, Erna Geessien Kroon, Nídia Esther Colquehuanca
10.3389/fpls.2025.1672761	2025	Unveiling the molecular arsenal: genome sequencing and in silico secretome analysis of Fusarium verticillioides provide insights into maize root rot pathogenesis	Frontiers in Plant Science	José Alberto Narváez-Zapata, Yadira Alaníz-Cuevas, Jesús Alicia Chávez-Medina, Mariela Guadalupe Espinoza-Mancillas, Ignacio Eduardo Maldonado‐Mendoza, Rupesh Kumar Singh, Francisco Roberto Quiroz‐Figueroa
10.1101/2025.09.01.673517	2025	User-friendly scheduler Using a hybrid architecture and supercomputing for big data processing	bioRxiv (Cold Spring Harbor Laboratory)	P.S. McKeever, Varun Mittal, Bryce Fukuda, Ka Yee Yeung, Ling‐Hong Hung
10.1186/s13148-025-01822-2	2025	Validating a clinically based MS-MLPA threshold through comparison with Sanger sequencing in glioblastoma patients	Clinical Epigenetics	Halka Lhotská, Karolina Janečkova, Hana Cechova, Jaromir Macoun, Tatiana Aghová, Libuše Lizcová, Karla Svobodová, Lucie Hodanova, Dora Konečná, Jiří Soukup, Filip Kramář, David Netuka, Zuzana Zemanová
10.1161/circresaha.125.325438	2025	Value of Bioinformatics Models for Predicting Translational Control of Angiogenesis	Circulation Research	Michal Shaposhnikov, Juilee Thakar, Bradford C. Berk
10.64898/2025.12.27.696710	2025	Virome of Culex nigripalpus at an Alabama aquaculture site reveals diverse insect-specific viruses and the impact of dual bioinformatic pipelines	bioRxiv (Cold Spring Harbor Laboratory)	Aasma Sharma, Kyle Oswalt, Natalie Sui Miu Wong, Chaoyang Zhao, John Frederick Beckmann, Kathleen M. Martin
10.1111/1749-4877.12983	2025	WIMANET: The Power of a Network in Wildlife Malaria Research	Integrative Zoology	Alfonso Marzal, Kasun H. Bodawatta, Carolina Romeiro Fernandes Chagas, Nayden Chakarov, Mélanie Duc, Tamara Emmenegger, Martina Ferraguti, Luz García‐Longoria, Rafael Gutiérrez‐López, Ricardo Jorge Lopes, Josué Martínez‐de la Puente, Swen C. Renner, Diego Santiago‐Alarcón, Ravinder N. M. Sehgal, Dal
10.1101/2025.06.08.658352	2025	WITHDRAWN: A Comprehensive Hybrid Capture Sequencing Platform for Tick-borne Disease Detection Reveals Zoonotic Emerging Pathogens in a Weather and Vector Transition Zone	bioRxiv (Cold Spring Harbor Laboratory)	Chloe M. Murrell, Ximena A. Olarte‐Castillo, X.-D. Wang, Aiman Sabaawy, Laura W. Alexander, Grace E. Gonzalez, Joel J. Brown, Kristina Ceres, Massimiliano S. Tagliamonte, Nagi Hashimoto, Yining Sun, Jordan D. Zehr, Gayatri Anil, Áine Lehane, Emily M. Mader, Natalie Bailey, Marie V. Lilly, Laura Dudl
10.3390/ijerph22050707	2025	Wastewater Metavirome Diversity: Exploring Replicate Inconsistencies and Bioinformatic Tool Disparities	International Journal of Environmental Research and Public Health	Anderson Fragoso dos Santos, Mónica Nunes, Andreia Filipa-Silva, Victor Pimentel, Marta Pingarilho, Patrícia Abrantes, Mafalda Miranda, Maria Teresa Barreto Crespo, Ana Barroso Abecasis, Ricardo Parreira, Sofia G. Seabra
10.1128/mra.00353-25	2025	Whole genome sequencing of Leuconostoc suionicum , L. mesenteroides , and L. citreum isolates from sugar beet factory juice and biofilms	Microbiology Resource Announcements	Sanjay S. Joshi, Gillian O. Bruni
10.1038/s41598-025-18334-x	2025	Whole genome sequencing reveals transcriptional and translational elements potentially regulating biotic and abiotic stress responses in cowpea	Scientific Reports	Dhanasekar Punniyamoorthy, Souframanien Jegadeesan
10.1038/s41597-025-04786-3	2025	WorkflowHub: a registry for computational workflows	Scientific Data	Ove Gustafsson, Sean R. Wilkinson, Finn Bacall, Stian Soiland‐Reyes, Simone Leo, Luca Pireddu, Stuart Owen, Nick Juty, José M. Fernández, Tom Brown, Hervé Ménager, Björn Andreas Grüning, Salvador Capella-Gutiérrez, Frederik Coppens, Carole Goble
10.1021/acsinfecdis.5c00578	2025	Yet to SET: Plasmodium falciparum Histone Lysine Methyltransferases	ACS Infectious Diseases	Disha Shah, Krishanpal Karmodiya
10.64898/2025.12.22.696046	2025	YfgH is a transmembrane glycine-zipper containing lipoprotein that stabilizes excess cardiolipin and outer membrane proteins during envelope stress	bioRxiv (Cold Spring Harbor Laboratory)	Ethan RM Shaigec, Timothy Hyun Seok Cho, Valeria Tsviklist, Justin Bishop, Tracy L. Raivio
10.1101/2025.11.20.689552	2025	ZONAB regulates DNA methylation and mitochondrial function to control endothelial cell senescence	bioRxiv (Cold Spring Harbor Laboratory)	Wenyi Jiang, Eleanor G. Lynam, Juliette Delafosse, Graeme M. Birdsey, ANNA MARIA RANDI, Karl Matter, Maria Susana Balda
10.1126/science.adv2861	2025	Zincore, an atypical coregulator, binds zinc finger transcription factors to control gene expression	Science	D. W. Bianchi, Razvan Borza, Erica De Zan, Guizela Huelsz‐Prince, Sebastian Gregoricchio, Marleen Dekker, Alexander Fish, Abdelghani Mazouzi, Lona John Kroese, Simon Linder, Miguel Hernández-Quiles, Michiel Vermeulen, Patrick H. N. Celie, Paul Krimpenfort, Ji‐Ying Song, Wilbert T. Zwart, Lodewyk F.A
10.1093/bioinformatics/btaf543	2025	aMLProt: an automated machine learning library for protein applications	Bioinformatics	Ruite Xiang, Christian Domínguez-Dalmases, Albert Cañellas-Solé, Vı́ctor Guallar
10.1101/2025.07.13.664626	2025	piqtree: A Python Package for Seamless Phylogenetic Inference with IQ-TREE	bioRxiv (Cold Spring Harbor Laboratory)	Robert Neil McArthur, Thomas K. F. Wong, Yapeng Lang, Richard James Morris, Katherine Caley, Vijini Mallawaarachchi, Bùi Quang Minh, Gavin A. Huttley
10.1021/acs.jproteome.4c00911	2025	prolfquapp ─ A User-Friendly Command-Line Tool Simplifying Differential Expression Analysis in Quantitative Proteomics	Journal of Proteome Research	Witold Wolski, Jonas Grossmann, Leonardo Schwarz, Peter Leary, Can Türker, Paolo Nanni, Ralph Schlapbach, Christian Panse
10.1021/acs.analchem.5c04338	2025	xcms in Peak Form: Now Anchoring a Complete Metabolomics Data Preprocessing and Analysis Software Ecosystem	Analytical Chemistry	Philippine Louail, Carl F. Brunius, Mar Garcia‐Aloy, William Kumler, Norman Storz, Jan Stanstrup, Hendrik Treutler, Pablo Vangeenderhuysen, Michael A. Witting, Steffen Neumann, Johannes Rainer
10.1016/j.egg.2026.100455	2026	A 16s rRNA amplicon-based study on the microbial taxonomic and functional diversity of eutrophic urban lakes in Dhaka, Bangladesh	Ecological Genetics and Genomics	Khalid Shahriar, Md.Wahid Murad, Lamim Muntasir, Md.Anwar Hossain Adib, Md.Miraj Kobad Chowdhury
10.1002/adem.202503176	2026	A Lightweight Procedural Layer for Hybrid Experimental–Computational Workflows in Materials Science	Advanced Engineering Materials	Steffen Brinckmann, Sarath Menon, Raphael Röske, Johannes Steinhülb, Michael A. Selzer, Jan Janssen, Tilmann Hickel, Ruth Schwaiger, Jörg Neugebauer
10.1094/mpmi-02-26-0019-sc	2026	A Nuclear Effector of Magnaporthe oryzae Targets a Mitogen-Activated Protein Kinase to Suppress Basal Plant Defense	Molecular Plant-Microbe Interactions	Anastasios Samaras, Evagelia Daskalaki, Shridhar Jambagi, Moses Biruma, Christina Dixelius, Georgios D. Tzelepis
10.3390/biology15070560	2026	A Phase-Dependent Model of Sorghum (Sorghum bicolor) Cold Acclimation: Integrating Multi-Layered Networks and Alternative Splicing Signatures	Biology	Fırat Kurt
10.64898/2026.06.16.732631	2026	A Trypanosoma brucei gambiense gene variant confers human serum resistance	bioRxiv (Cold Spring Harbor Laboratory)	Nicola Minshall, Sourav Banerjee, Olivia Macleod, Helena Webb, Alex Cook, Matthew K. Higgins, Mark Carrington
10.64898/2026.06.05.730487	2026	A Web-based software toolkit for accessible and best-practice machine learning analyses in biomedical research	bioRxiv (Cold Spring Harbor Laboratory)	Paulo Cilas Morais Lyra Junior, Junhao Qiu, Khai Dang, Alyssa Pybus, Isis Narvaez-Bandera, Maansi A Singh, Qiang Gu, Luke Sargent, Allison Creason, Jeremy Goecks
10.3389/fmicb.2026.1757919	2026	A chromosome-level genome assembly of Rhizopus stolonifer associated with passion fruit flower rot	Frontiers in Microbiology	Jiaman Sun, Gang Chen, Donald Max Gardiner, Sabrina Morrison, Xiaonan Zhang, Elizabeth A. B. Aitken, Liu Yang, Andrew Chen
10.1128/jmbe.00221-26	2026	A course-based undergraduate research experience (CURE) using transposon-directed insertion-site sequencing (TraDIS) to identify genes that are essential for bacteriophage P1 propagation in Escherichia coli	Journal of Microbiology and Biology Education	Gee Chong Ling, Christopher Jin, Dimitri Karadarevic, Abraham Tsoi, Leah Trimby, Zakia Begum Syeda, Sarita Pudasaini, Pranita Poudyal, Sabina Bhandari, Jackie Lu, Saleh Alquethamy, Winton Wu, Emma Fay Harding, Amy K. Cain, Mark Tanaka, Jai Justin Tree
10.1016/j.patter.2026.101493	2026	A framework for reproducibly managing coupled research software and data assets based on shared transformation functions	Patterns	Patrick Kuckertz, Benjamin Fuchs, Julian Schönau, Hedda Gardian, Kevin Knosala, Eugenio Salvador Arellano Ruiz, Jan Göpfert, H.J. Gils, Jann Michael Weinand, Patrick E.P. Jochem, Jochen Linßen, Detlef Stolten
10.1099/mgen.0.001620	2026	A nirK–cbb3 genomic region links SAR11 to nitrogen loss in the northern Benguela Upwelling System	Microbial Genomics	Robert M. Morris, Timothy E. Mattes, Kunmanee Bubphamanee, Mike C. Sadler, Luke A. Calderaro, Jen Karolewski, Karen L. Casciotti, Olivia U. Mason
10.1038/s41598-026-44018-1	2026	A novel planctomycetotal isolate from subsurface percolates belongs to the novel species Anatilimnocola aquadivae sp. nov. in the family Pirellulaceae	Scientific Reports	Madeleine Kündgen, Tom Haufschild, Nicolai Kallscheuer, Madeleine Mutter, Jonathan B. Hammer, Mareike Jogler, He Wang, Robert G. Lehmann, Katharina Lehmann, Kai Uwe Totsche, Kirsten Küsel, Christian Jogler
10.1093/bib/bbag396	2026	A scoping review of approaches to evaluating workflow management systems for bioinformatics users	Briefings in Bioinformatics	Marisa Loach, Kayleigh A. Smith, Wendi Bacon
10.64898/2026.02.18.706565	2026	A streamlined ABC extruder-repressor module drives multi-bacteriocin resistance in streptococci	bioRxiv (Cold Spring Harbor Laboratory)	Julien Damoczi, Louise Pigeolet, Céline Cassiers, Johann Mignolet, Pascal Hols
10.1007/s13355-026-00995-3	2026	A survey of bacterial communities reveals host-specific associations across multiple Pentatomomorpha species in France	Applied Entomology and Zoology	Julien Amoros, Marjorie Bruley, Olivier Duron
10.1016/j.molcel.2026.03.038	2026	A time-resolved atlas of histone modifications during mitotic entry	Molecular Cell	Natalia Y. Kochanova, Moonmoon Deb, Marco Borsò, Shaun Webb, Ipek Ustun, Kumiko Samejima, Ignasi Forné, Itaru Samejima, Caitlin Reid, Linfeng Xie, James R. Paulson, Axel Imhof, William C. Earnshaw
10.1128/iai.00113-26	2026	A zoonotic Streptococcus equi subsp. zooepidemicus strain survives in activated blood neutrophils of pigs through SzM expression	Infection and Immunity	Sophie Öhlmann, Christine Weiße, Andreas Nerlich, Tanja Wurzer, Yannick Max Fornoville, Anna Majcher, Thomas Grochow, Simone A. Fietz, Reiner Ulrich, René Bergmann, Christoph Georg Baums
10.1080/10408347.2026.2657553	2026	AI-Driven Chemometrics for Multi-omics Data Integration: Advances, Challenges, and Future Directions	Critical Reviews in Analytical Chemistry	Picheswara Rao Polu
10.64898/2026.04.07.716912	2026	ARACRA: Automated RNA-seq Analysis for Chemical Risk Assessment	bioRxiv (Cold Spring Harbor Laboratory)	Shubh sharma, Saurav Kumar, Judit Biosca Brull, Deepika Deepika, Vikas Kumar
10.34133/csbj.0186	2026	ARACRA: Automated RNA-seq Analysis for Chemical Risk Assessment	Computational and Structural Biotechnology Journal	Shubh Sharma, Saurav Kumar, Judit Biosca-Brull, Deepika Deepika, Vikas Kumar
10.1093/molbev/msag138	2026	Accessible and robust machine learning approaches to improve the opsin genotype-phenotype map	Molecular Biology and Evolution	Seth A. Frazer, Todd H. Oakley
10.1016/j.syapm.2026.126717	2026	Acidithiobacillus sibiricus sp. nov., a novel extremely acidophilic sulfur-oxidizing bacterium isolated from a magmatic sulfide-rich ore deposit	Systematic and Applied Microbiology	Anna Panyushkina, Vladislav V. Babenko, Maxim I. Muravyov
10.3389/frmbi.2026.1818652	2026	Acute myocardial infarction induces sex-specific, time-dependent remodeling of the gut microbiome and intestinal immune compartment in retired breeder C57BL/6N mice	Frontiers in Microbiomes	Eszter Pal, Neda Omidi Arjenaki, Yao Lu, Jianguo Xia, Lorraine Chalifour
10.1007/978-1-0716-5064-6_3	2026	Adaptive Evolution Assays Using Increasing Concentration of Antibiotics to Isolate Resistant Bacterial Variants and Determination of Genetic Changes via Whole Genome Sequencing	Methods and protocols in food science	Ivo García-Penas, Raúl Campillo, Daniel Berdejo, Laura Espina, Diego García-Gonzalo, Rafael Pagán
10.1186/s13717-026-00693-6	2026	Adaptive vegetation change as a pathway to sustain wetland nitrogen cycling	Ecological Processes	Gwennaëlle Henry, Amélie A. M. Cantarel, Alessandro Florio, Danis Abrouk, Charline Creuzé des Châtelliers, Abigaïl Delort, Pascale Fournier, Thomas Kremer, Jonathan Gervaix, Aude Herrera-Belaroussi, Sandra Kim Tiam
10.24072/pcjournal.781	2026	Adopting graph-based pangenomics for agronomy and biodiversity studies: current resources and challenges	Peer Community Journal	Stéphanie Bocs, Camille Carrette, Johann Confais, Siegfried Dubois, Ludovic Duvaux, Christophe Klopp, Nicolas Lapalu, Pauline Lasserre‐Zuber, Fabrice Legeai, Claire Lemaitre, Benjamin Linard, Nina Marthe, Baptiste Pierre, Gautier Sarah, François Sabot, Christine Tranchant‐Dubreuil, Matthias Zytnicki
10.3389/fncel.2025.1722240	2026	Adult organotypic brain slice cultures recapitulate extracellular matrix remodeling in hemorrhagic stroke	Frontiers in Cellular Neuroscience	Benjamin J. Hewitt, Lauren Roberts, James A. Roberts, Daniel Fulton, Lisa J. Hill, Philip Kitchen, Roslyn M. Bill, Hannah F. Botfield
10.1177/15578100261480571	2026	Advances in Single-Cell Metabolomics and Their Applications in Disease Biology	OMICS A Journal of Integrative Biology	Jie Du, Huihui Tao, Yujie Zhang, Mengyao Wu, 浩二 角, Tianyuan Li, Min Feng, Feng Zhu, Ruijie Yang, Ning Ni, Yong Dai
10.21203/rs.3.rs-8177090/v1	2026	African carnivore gut bacterial diversity and composition are associated with sample condition but not storage technique	Research Square	Laura E. Peirson, Erin A. McKenney, Jessica R. Patterson, James C. Beasley, Stéphanie Périquet-Pearce, Claudine C. Cloete, Madeline H. Melton, Brennan PetersonWood, Rubén Portas, Ortwin Aschenborn, Diana J. R. Lafferty
10.1186/s42523-026-00553-w	2026	African carnivore gut bacterial diversity and composition are associated with sample condition but not storage technique	Animal Microbiome	Laura E. Peirson, Erin A. McKenney, Jessica R. Patterson, James C. Beasley, Stéphanie Périquet-Pearce, Claudine Cloete, Madeline H. Melton, Brennan PetersonWood, Rubén Portas, Ortwin Aschenborn, Diana J. R. Lafferty
10.1016/j.xgen.2026.101305	2026	Agentic genomics: From pipeline automation to autonomous validation	Cell Genomics	Manuel Corpas, Heinner Guio, Segun Fatumo
10.64898/2026.01.02.697383	2026	An Insoluble De Novo Protein Enables Survival of E. coli by Co-precipitating with a Gene Repressor	bioRxiv (Cold Spring Harbor Laboratory)	Guanyu Liao, Sha Tao, Jessica L. Dessau, Yejin Bann, Michael H. Hecht
10.1126/sciimmunol.aea0515	2026	An N-terminal CDC42 T43I variant reveals the mechanism of pyrin inflammasome activation	Science Immunology	Mariko Aoki, Alberto Iannuzzo, Philippe Mertz, Shouya Feng, Naoya Iwata, Chiara Perugini, Naomi Tsuchida, Rana El Masri, Yoshihiko Kuchitsu, Rachida Tacine, Simona Coppola, Hirofumi Shibata, Margaux Cescato, Masahiko Nishitani‐Isa, Alexandre Terré, Yuri Kawasaki, Sarah Dalmon, Kenichi Nishimura, Flo
10.3389/fcimb.2026.1782197	2026	An amplicon-based tiled PCR scheme for the enrichment of avian metapneumovirus subtype B genomes prior to next generation sequencing	Frontiers in Cellular and Infection Microbiology	Sonsiray Álvarez-Narváez, David L. Suarez, Darrell R. Kapczynski
10.1371/journal.ppat.1014043	2026	An atypical F-type ATPase is necessary for the function of the antibody cleavage system MIB-MIP in mycoplasmas	PLoS Pathogens	Julien Berlureau, Robin Anger, Émilie Beaulieu, Géraldine Gourgues, Laure Bataille, J. Jaubert, Carole Lartigue, Pascal Sirand‐Pugnet, Yonathan Arfi
10.1038/s44319-026-00914-1	2026	An evolutionarily conserved N-terminal domain of RRF-3 governs GTSF-1 binding in nematodes	EMBO Reports	Shamitha Govind, Sebastian Ruppert, Joseph Kirangwa, Virginia Busetto, Emily Nischwitz, Miguel Vasconcelos Almeida, Svenja Hellmann, H. A. Witte, Ralf J. Sommer, Falk Butter, Sebastian Falk, Peter Sarkies, René F. Ketting
10.1073/pnas.2601204123	2026	An insoluble de novo protein enables survival of Escherichia coli by sequestering a gene repressor	Proceedings of the National Academy of Sciences	Guanyu Liao, Sha Tao, Jessica L. Dessau, Yejin Bann, Michael H. Hecht
10.64898/2026.05.01.722198	2026	An oxygen-sensing Polycomb -group protein encodes flooding stress memory in plants	bioRxiv (Cold Spring Harbor Laboratory)	Aida Maric, Gabriele Meder, Carlos Rodriguez-Cisneros, Livia Schaub, Rory Osborne, Yixuan Fu, Sara Simonini, Daniel J. Gibbs, Sjon Hartman
10.1007/s10482-026-02363-1	2026	Analysis of a collection of Escherichia coli isolates recovered from beach waters on the coast of the Río de la Plata in Montevideo	Antonie van Leeuwenhoek	Ludmila Berrueta-Scigliano, Felipe Castro-Capurro, Silvia B. Batista, María F. Azpiroz
10.1093/jeb/voag014	2026	Ancestral Wolbachia lineages are likely donors of ribotoxin genes in Aedes aegypti	Journal of Evolutionary Biology	Walter Jesús Lapadula, Rachel T. Cheang, Mabel Taracena, Maximiliano Juri Ayub
10.3390/antibiotics15090888	2026	Antimicrobial Resistance and Associated Genetic Determinants of Aliivibrio Colonizing the Gastrointestinal Tract of Farmed Atlantic Salmon (Salmo salar L.)	Antibiotics	Josephine K. Hamlett, John P. Bowman
10.3389/fmicb.2025.1706049	2026	Archaeal heme a synthase: evolutionary trajectory distinct from bacterial homologs	Frontiers in Microbiology	Val Karavaeva, Marco Rampin, Jordi Zamarreño Beas, Lı́gia M. Saraiva, Filipa L. Sousa
10.1039/d6cb00137h	2026	ArpA-like regulatory control and discovery of new biosynthetic genes driving scleric acid biosynthesis	RSC Chemical Biology	Jingfan Zhang, Lijiang Song, Manuela Tosin, Christophe Corre, Fabrizio Alberti
10.1007/s41348-026-01258-7	2026	Association of bacterial leaf blight with seed-associated bacterial communities in Thai fragrant rice revealed by combined amplicon sequencing and targeted detection	Journal of Plant Diseases and Protection	Hendra Hendra, Wiphawee Leesutthiphonchai, Nattakorn Kuncharoen, Supot Kasem, Sakda Jampasa, Tiyakhon Chatnaparat
10.64898/2026.01.25.701622	2026	AstraKit: Customizable, reproducible workflows for biomedical research and precision medicine	bioRxiv (Cold Spring Harbor Laboratory)	Nadine Sina Kurz, Kevin Kornrumpf, Martin Kingsley Stoves, Jürgen Dönitz
10.1099/jgv.0.002209	2026	Atkinsonella hypoxylon virus capsid structure highlights the diversity of capsid proteins among the Partitiviridae	Journal of General Virology	Micol Venturi, Matthew J. Byrne, Beate Aftret, Donna McNeale, Bernd H. A. Rehm, Frank Sainsbury
10.1080/19490976.2025.2596809	2026	Bacterial constipation: Mucin-degrading intestinal commensal bacteria cause constipation	Gut Microbes	Tomonari Hamaguchi, Noriaki Gibo, Misuzu Ohara, Mikako Ito, Tomoyuki Ogura, Jun-ichi Takeda, Hiroshi Nishiwaki, Fei Zhao, Ryo Kinoshita-Daitoku, Masashi Hattori, Koji Nonogaki, Tetsuya Maeda, Kenichi Kashihara, Yoshio Tsuboi, Masaaki Hirayama, M. Fujishiro, Hiroki Kawashima, Kinji Ohno
10.1016/j.cub.2025.12.029	2026	Bacterial metabolites induce cell wall remodeling, antifungal resistance, and immune recognition of commensal fungi	Current Biology	Faith Anderson Davis, Kalpana Singh, Joseph M. Krampen, Jackson R. Rapala, Jaidyn A. Bryant, Michael J. McFadden, Kyla S. Ost, Shannon E. Righi, Marcy J. Balunas, Tuo Wang, Teresa Rodgers O’Meara
10.64898/2026.01.26.700336	2026	Basal ppGpp signalling by SpoT integrates metabolism with acid resistance	bioRxiv (Cold Spring Harbor Laboratory)	Yueyue Liu, Muriel Leandra Schicketanz, Xichuan Zhai, Ling Deng, Kenn Gerdes, Yong Everett Zhang
10.1093/bioadv/vbag030	2026	Benchmarking methods for genome annotation using nanopore direct RNA in a non-model crop plant	Bioinformatics Advances	Jade M Davis, Kristina Gagalova, Lilian M V P Sanglard, Sonia Cuellar, Mark Gibberd, Fatima Naim
10.1016/b978-0-443-44988-8.00006-x	2026	Big data enabled discovery in bioinformatics and structural biology	Elsevier eBooks	Jaoud Ansari, Shabana Khatoon, MD Kaif, Gourav Choudhir, Naseem Akhtar Gaur, Asimul Islam
10.64898/2026.06.17.732700	2026	BioBrain: A Multi-Agent Framework for Natural Language Driven Quantitative Microscopy Data Analysis	bioRxiv (Cold Spring Harbor Laboratory)	Konstantinos Tsolakidis, Artù Breuer, Steen W.B. Bender, Stavroula Margaritaki, Marcus Winther Dreisler, Athanasios Oikonomou, Nikos S. Hatzakis
10.1016/j.enzmictec.2026.110872	2026	Biochemical and biophysical characterization of a peroxiredoxin selected from the Delftia sp., a polyethylene-associated bacterium	Enzyme and Microbial Technology	Tayná Diniz Frederico, Izadora Cristina Moreira Oliveira, Aisel Valle Garay, Raul Alcântara Teixeira Lima, Sônia Maria de Freitas, Julianna Peixoto, Ricardo Henrique Krüger
10.1111/jmi.70165	2026	Bioimage management and analysis in Galaxy: Tools, workflows, training, and community practices	Journal of Microscopy	Leonid Kostrykin, Riccardo Massei, Diana Chiang, Thomas Wollmann, Jean‐Marie Burel, David López Tabernero, Yi Sun, Qi Gao, Maarten W. Paul, Pavankumar Videm, Cameron F. Watson, Daniel Franco-Barranco, Anup Kumar, Nadia Goué, Reyhaneh Tavakoli Koopaei, Vladimír Ulman, Khaled Jumah, Krzysztof Poterlow
10.1038/s43586-026-00519-x	2026	Bioinformatics for human long-read whole-genome sequencing	Nature Reviews Methods Primers	Xinchang Zheng, Philippe Sanio, Ruibang Luo, Heng Li, Fritz Joachim Sedlazeck
10.3389/fmicb.2026.1845514	2026	Bioremediation of complex chlorinated-solvent impacted groundwater	Frontiers in Microbiology	Evan Landers, Matthew Lee, Ranjith Rajendran, Emma Fay Harding, Katherine J. Picott, Mitra Parsa, Mike Manefield
10.1093/ismeco/ycag239	2026	Boreal and subarctic freshwaters harbour a diversity of jumbophages	ISME Communications	Meeri Niemi, Karyna Karneyeva, Lotta‐Riina Sundberg, Hanna M. Oksanen, Elina Laanto
10.1136/jitc-2025-013208	2026	CD2 costimulation bridges potent CAR-induced cytolysis and durable persistence	Journal for ImmunoTherapy of Cancer	Fang Liu, John T. Keane, Hyeon S Lewis, Tiffany R. King-Peoples, Carl H. June, Avery D. Posey
10.64898/2026.01.25.701578	2026	CESA7 and microtubules pattern complex secondary cell walls in explosive fruit	bioRxiv (Cold Spring Harbor Laboratory)	Ryan C. Eng, Aurélia Emonet, Ulla Neumann, Markus Pauly, Angela Hay
10.1093/plcell/koag062	2026	CESA7 and microtubules pattern complex secondary cell walls in explosive fruit of Cardamine hirsuta	The Plant Cell	Ryan C. Eng, Aurélia Emonet, Ulla Neumann, Markus Pauly, Angela Hay
10.1093/nar/gkag457	2026	Cancer epitope prediction tools and analysis pipelines in CEDAR	Nucleic Acids Research	Ibel Carri, Jason Greenbaum, Zhen Yan, Kevin Kim, Haeuk Kim, Ashmitaa Logandha Ramamoorthy Premlal, Daniel Marrama, Nina Blazeska, Hannah K. Carter, Ko-Han Lee, Timothy Sears, Morten Nielsen, Alessandro Sette, Bjoern Peters, Zeynep Koşaloğlu‐Yalçın
10.1016/j.jgar.2026.06.026	2026	Carbapenem resistance dynamics in clinical Pseudomonas aeruginosa isolates from a tertiary hospital in Valparaíso, Chile, 2019–2024	Journal of Global Antimicrobial Resistance	Germán Vera-Rojo, Paula Cerda-Solar, Estefanía Gamboa-Vallejos, María M. Poblete-Roa, Diego Lira-Velásquez, Felipe Vásquez‐Ponce, Rubén Muñoz-Rocha, Jorge Olivares‐Pacheco
10.64898/2026.03.16.712191	2026	Cardiomyocyte autophagy promotes a pro-regenerative immune response during cardiac regeneration	bioRxiv (Cold Spring Harbor Laboratory)	Florian Constanty, Bailin Wu, Srishti Shekhar, Alina Bektimirova, Vasiliki Bakali, Lucia Blasco Almodovar, Frauke Senger, Norbert Frey, Arica Beisaw
10.1016/j.antiviral.2026.106445	2026	Cell-type specific effects of SARS-CoV-2 P252L mutation on nirmatrelvir sensitivity	Antiviral Research	Sheryline Loison, Mehdi Chabert, Constant Gensous, Samuel Constant, Song Huang, Caroline Tapparel, Sophie Clément
10.1007/s44288-026-00449-x	2026	Characterisation of the microbial community of a ferruginous duricrust in Eastern India and its geomorphic implications	Discover Geoscience	Rajarshi Dasgupta, Supriyo  Kumar Das, Sugopa Sengupta, Priyank Pravin Patel, Pravat  Kumar Behera, Dibyashree Mahapatra
10.1186/s12866-026-04849-4	2026	Characterization and evaluation of a phage cocktail targeting Salmonella enterica in a Turkey farm	BMC Microbiology	María Gabriela Vela-Chauvin, Darío X. Ramírez-Villacis, Carolina E. Armijos, Michael Narvaez, FRANCISCO QUELAL-MADRID, Gabriela Bustamante, Carla Torres-Sobrevilla, Alexis Debut, Fernando Corredor, William Calero-Cáceres, António Machado, Sonia Zapata
10.1099/ijsem.0.007030	2026	Characterization of Saccharothrix sabaoui sp. nov., isolated from vineyard soil collected in Mostaganem, Algeria	INTERNATIONAL JOURNAL OF SYSTEMATIC AND EVOLUTIONARY MICROBIOLOGY	Manel Zahida Bellouti, Khaoula Bouznada, Affaf Laassami, Atika Meklat, Cathrin Spröer, Boyke Bunk, Margarita López-Fernández, Mohamed Larbi Merroun
10.1093/jpids/piag006	2026	Characterization of Streptococcus pyogenes isolates from French children: emm-1 genotype is associated with invasive infections and spread of the M1UK clone	Journal of the Pediatric Infectious Diseases Society	Philippe Bidet, Anna Giolito, Corinne Levy, Robert W. Cohen, A. Bourmaud, J. Pages, Valérie Banini-Soussan, Martin Chalumeau, Loïc de Pontual, François Dubos, Marc Duval-Arnould, V. Gajdos, Yves Gillet, C. Gras-Leguen, E. Grimprel, Mathie Lorrot, Hervé Haas, Isabelle Hau, Laure Hees, Régis Hankard, 
10.1038/s41587-026-03245-7	2026	Characterization of microbial dark matter at scale with MetaSBT and taxonomy-aware Sequence Bloom Trees	Nature Biotechnology	Fabio Cumbo, Daniel Blankenberg
10.64898/2026.06.30.735498	2026	Characterization of the IGH locus and tissue specific immunoglobulin repertoires in turbot ( Scophthalmus maximus )	bioRxiv (Cold Spring Harbor Laboratory)	ROCIO TOUCEDO, Yixin Zhu, Sarai Moledo, Francisco Gambón-Deza, Pierre Boudinot, Ysabel Santos, Susana Magadán
10.21203/rs.3.rs-9877814/v1	2026	Characterization of the Mitochondrial Genome and Phylogenetic Analysis of Formica candida	Research Square	Anqi Wang, Colin Perrot, Bin Yang, Tao Yuan, Zhenghui Xu, Zhongping Xiong
10.1080/24701394.2026.2652302	2026	Characterization of the complete mitochondrial genome of Pheropsophus javanus Dejean, 1825 (Carabidae, Brachininae)	Mitochondrial DNA Part A	Yang Yue, Kang Zhang, Reymart Rondez Toñacao, Yu Chen, Laizheng Jiao
10.64898/2026.01.19.700376	2026	Characterizing Highly Conserved Fragments in 3’UTRs via Computational and Transfer Learning Approaches	bioRxiv (Cold Spring Harbor Laboratory)	Eric S. Ho, Ash Baeck-Hubloux, Nathan Dinh, Ava Severino, Ciara Troy
10.1093/nargab/lqag086	2026	Characterizing highly conserved fragments in 3′UTRs via statistical and transfer learning approaches	NAR Genomics and Bioinformatics	Eric S. Ho, Ash Baeck-Hubloux, Nathan Dinh, Ava Severino, Ciara Troy
10.1007/978-1-0716-5072-1_3	2026	Chromatin Immunoprecipitation Sequencing in Cancer Cells	Methods in molecular biology	Zachary Bigelow, Sergei Nechaev, Archana Dhasarathy
10.1093/gbe/evag023	2026	Chromosome-Level Sex-Specific Genome Assemblies of Onthophagus binodis Provide Insight into Scarab Sex Chromosomes	Genome Biology and Evolution	Erica M. Nadolski, Yongsoo Choi, Joshua A. Jones, Armin P. Moczek, Phillip L. Davidson
10.64898/2026.05.14.725108	2026	Chromosome-level genome assemblies of the red algae Porphyra dioica and Porphyra linearis	bioRxiv (Cold Spring Harbor Laboratory)	Jordi Morcillo, Sofie D hondt, Agnieszka Lipinska, Silke Bouckenooghe, Louka Noyen, Antoine Van de Vloet, Sofie Vranken, Jessica Knoop, Frédérik Leliaert, Olivier De Clerck
10.1093/jhered/esag053	2026	Chromosome-scale genome assembly of the rice stink bug (Hemiptera: Oebalus pugnax ) illuminates genome structure and gene family evolution in Pentatomidae	Journal of Heredity	Rokeya Akter, Mahamad Sayab Miya, Allen Szalanski, Duane D. Mckenna, Richard Adams
10.1093/biolinnean/blag059	2026	Cockroach species from alpine and forest habitats are not monophyletic within the Celatoblatta radiation of Aotearoa New Zealand	Biological Journal of the Linnean Society	Mary Morgan‐Richards, Steven A. Trewick
10.1002/ece3.73267	2026	Comparative Genomics of Pinna rudis and Pinna nobilis Reveals Conserved and Divergent Features of the Bivalve Defensome	Ecology and Evolution	Stéphane Coupé, Mathieu Foulquié, Maite Vázquez‐Luis, Elvira Álvarez Pérez, Jean‐Marc Prévot, Nardo Vicente, Robert Bunet
10.64898/2026.02.23.707422	2026	Comparative Performance of Portable DNA Extraction Protocols and Bioinformatics Workflows for Rapid Detection of Pathogens and Antimicrobial Resistance Using Oxford Nanopore Sequencing	bioRxiv (Cold Spring Harbor Laboratory)	Louis Kyei-Tuffuor, Samuel Kekeli Agordzo, Angela Krobea Asante, Davina Serwaa Boateng, Winifred Nana Serwaa Adjei, Venus Nana Boakyewaa Frimpong, Rita Nartey Frimpong, Francis Agyemang-Yeboah, Rea Maja Kobialka, Ahmed Abd El Wahed, Uwe Truyen, Yaw Ampem Amoako, Richard Odame Phillips, Michael Frimp
10.1007/s00438-025-02342-7	2026	Comparative and phylogenomic analysis of Eikenella genus suggest taxonomic reclassification of Eikenella corrodens strain KCOM 3110 as novel species and reveals unique CE1 carbohydrate-active enzyme family	Molecular Genetics and Genomics	Roja Suresh, Susanthika Jayachandiran, Pratebha Balu, Dhamodharan Ramasamy
10.3389/fmicb.2026.1755917	2026	Comparative genomics of an Antarctic sea-ice diatom (Nitzschia sp.) provides insights into potential polar adaptation	Frontiers in Microbiology	Chuan Zhai, Fraser Kennedy, Meiaoxue Han, Hao Yu, Jianhua Sun, Yantao Liang, M Wang, Andrew McMinn
10.21203/rs.3.rs-10571885/v1	2026	Comparative genomics of three Bangladeshi rhizobia strains reveals species-specific genomic variations and functional traits	Research Square	Nazmul Alam Khan, Harun‐Or Rashid, Md. Imdadul Hoque
10.1007/s10750-026-06340-7	2026	Comparative mitogenomes of two Glossodoris species and their phylogenetic implications in Chromodorididae nudibranchs	Hydrobiologia	Thinh Dinh Do, Hoang Huy Nguyen, Ngai Dang Nguyen, Chien Van Pham, Thu The Pham, Quang Van Pham, Ha Thi Dinh, Quan Van Nguyen, The Duc Nguyen, Marina Malyutina, Chang-Bae Kim
10.1128/spectrum.00692-26	2026	Comparative performance of portable DNA extraction protocols and bioinformatics workflows for rapid detection of gram-negative bacteria and antimicrobial resistance using Oxford Nanopore sequencing	Microbiology Spectrum	Louis Kyei-Tuffuor, Samuel Kekeli Agordzo, Angela Krobea Asante, Davina Serwaa Boateng, Winifred Nana Serwaa Adjei, Venus Nana Boakyewaa Frimpong, Rita Nartey, Francis Agyemang-Yeboah, Rea Maja Kobialka, Ahmed Abd El Wahed, Uwe Truyen, Yaw Ampem Amoako, Richard Odame Phillips, Michael Frimpong
10.1128/iai.00758-25	2026	Comparative transcriptomics reveals genes commonly induced by distinct stressors in Chlamydia	Infection and Immunity	Ronald Haines, Danny Wan, Guangming Zhong, Huizhou Fan
10.1126/science.aed0645	2026	Competence-mediated DNA uptake diversifies Vibrio cholerae sedentary chromosomal integrons	Science	Laurie Righi, Sandrine Stutzmann, Loriane Bader, Alexandre Lemopoulos, Melanie Blokesch
10.1128/mra.01222-25	2026	Complete genome sequence of Escherichia Siphophage Serwaa	Microbiology Resource Announcements	Michael Acheampong Debrah, Michael Baffour Awuah, Annie Koh, Jolene Ramsey
10.1128/mra.01139-25	2026	Complete genome sequence of Halobacillus sp. strain 12SKB, a carotenoid-producing bacterium isolated from Kakaban Lake, an anchialine lagoon within a raised atoll in East Kalimantan, Indonesia	Microbiology Resource Announcements	Andri Frediansyah, Hayatun Nufus, Imam Bagus Nugroho, Harald Gross
10.1128/mra.01143-25	2026	Complete genome sequence of a circulating foot-and-mouth disease virus serotype A isolated from recent outbreaks in Bangladesh	Microbiology Resource Announcements	Sajedul Hayat, Mohammad Sadekuzzaman, Safeth Arju, Mahbubul Pratik Siddique, A. K. M. Mominul Islam, Md. Golam Azam Chowdhury, Muhammad Tofazzal Hossain, Alimul Islam
10.1128/mra.01495-25	2026	Complete genome sequence of the goatpox virus vaccine isolate LRIGP01	Microbiology Resource Announcements	Zesmin Akter, Khandaker Sharmin Ferdous, Fouzia Jafrin, Sajedul Hayat, Rokshana Parvin, Md. Zahangir Hosain, Md. Mostofa Kamal
10.1128/mra.00682-26	2026	Complete genome sequence of the polyethylene terephthalate-degrading bacterium Pseudideonella sakaiensis strain 201-F6, formerly known as Ideonella sakaiensis	Microbiology Resource Announcements	Jonas Koh Zhi Xiang, Bin Cao
10.1007/s11033-026-11603-6	2026	Complete mitochondrial genome of the stingless bee Geniotrigona thoracica (Hymenoptera, Apidae, Meliponini): presence of genome duplication, heteroplasmy and inverted repeats	Molecular Biology Reports	H. S. Yong, Sze‐Looi Song, Kah-Ooi Chua, Yvonne Jing Mei Liew, Chan Ks, Phaik-Eem Lim, Praphathip Eamsobhana
10.1080/24701394.2026.2725715	2026	Complete mitogenome of Plagiognathops microlepis and its phylogenetic position within the subfamily Xenocyprinae (Cypriniformes: Cyprinidae)	Mitochondrial DNA Part A	Huiming Zhou, Guoyong Xiong, Jiaxin Yuan, Menglu Li, Zhiying Tao
10.1155/humu/4515038	2026	Compound Heterozygous Variants in the Phospholipase Gene PNPLA6 Cause Hypopituitarism and Vision Loss	Human Mutation	Sebastian Alexis Vishnopolska, James Liu, María Andrea Camilletti, Julian Martinez-Mayer, Lucía C. Iglesias-García, Michelle Lynn Brinkmeier, Elisa Vaiani, Sofía Vidal, Marta Ciaccio, María Isabel Di Palma, Alicia Belgorosky, Marcelo Adrian Marti, Robert B. Hufnagel, Sally Ann Camper, Maria Ines Per
10.1016/j.celrep.2026.117558	2026	Comprehensive mapping of the virus and host factors that guide the paths of HIV-1 escape from a therapeutic	Cell Reports	Aaron N. Gillman, Cassian M Birler, Rohith Rao Vujjini, Mohammad Fili, Samuel A McCarthy-Potter, Wilson Chen, Madeline M Broghammer, Guiping Hu, Margaret J. Gartland, Manyu Prakash, Annika Helverson, Grant G. Brown, Hillel Haim
10.1093/plphys/kiag405	2026	Conserved and lineage-specific roles of KEA-mediated ion homeostasis in Chlamydomonas	PLANT PHYSIOLOGY	Tobias Wunder, Leon Eulitz, Luis Kramer, Zahin Mohd Ali, Matthias Ostermeier, Charlott Leu, Beata Szulc, Lorenz Josef Holzner, Jonas Fechter, Francesco Padovani, Benjamin M. Brandt, Philipp Girr, Jing Tsong Teh, Susanne Mühlbauer, Clara Sotos, Max Angstenberger, Luke C. M. Mackinder, Kurt M. Schmoll
10.64898/2026.05.21.724671	2026	Conserved bacterial genes for biosynthesis of the algal morphogen thallusin span land and sea	bioRxiv (Cold Spring Harbor Laboratory)	Nicolai Kallscheuer, Johann F. Ulrich, Myriel Staack, Yaming Liu, Mrinal K. Das, Melanie Westphahl, Martin Sperfeld, Hermann Holbl, Jonathan Hammer, Raimund Nagel, Severin Sasso, Shinichi Sunagawa, Julie A. Z. Zedler, Hans‐Dieter Arndt, Christine Beemelmanns, Christian Jogler, Thomas Wichard
10.1007/s42979-026-05224-w	2026	Contextualized, Trustworthy, and Collective Scientific Decision Workflows	SN Computer Science	Pouriya Miri, Vlado Stankovski, Dejan Lavbič, Mitja Potočar, Petar Kochovski
10.1007/s00425-026-05160-2	2026	Contrasting regulation of protein-coding genes and lncRNA homeologs in allotetraploid Coffea arabica*	Planta	Marcos-David Couoh-Cauich, Daniel Guzmán-Zapata, Elsa Góngora‐Castillo, Ramón Pacheco‐Arjona, Enrique Ibarra‐Laclette, Victor Manuel Loyola-Vargas
10.3389/fmicb.2025.1757196	2026	Cross-feeding drives degradation of phthalate ester plasticizers in a bacterial consortium	Frontiers in Microbiology	Simone Bertoldi, Simon Klaes, Stefanie Claus, Alex Marsans, Hermann J. Heipieper, Christian Eberlein
10.64898/2026.09.07.749813	2026	Cross-omics profiling reveals cortical neuronal dysfunction following neonatal intraventricular haemorrhage that is attenuated by decorin treatment	bioRxiv (Cold Spring Harbor Laboratory)	Benjamin J. Hewitt, María García‐Bonilla, James P. McAllister, Simran Pahuja, Grant A. Pellowe, Mackenzie Newman, Lauren Roberts, James A. Roberts, Philip Kitchen, Roslyn M. Bill, Lisa J. Hill, Hannah F. Botfield
10.64898/2026.02.16.706137	2026	Cryo-EM structure analysis of phage ΦXacm4-11 that infects the phytopathogen Xanthomonas citri	bioRxiv (Cold Spring Harbor Laboratory)	Chuck S. Farah, G. F. F. Silva, Edgar Enrique Llontop, Alexandre Cassago, Germán Dunger, Jeffrey B Jones, João Carlos Setúbal, Aline Maria da Silva, Rodrigo V. Portugal, Germán G. Sgro
10.1021/acs.jproteome.5c01278	2026	DIA–NN EasyFilter Workflow for the Fast and User-Friendly Critical Assessment and Visualization of DIA-NN Proteomics Analysis Outcome	Journal of Proteome Research	Gontse Mabuse Moagi, Thatiana Ferraz Ferreira, Endre Kristóf, Adzani Gaisani Arda, Rini Arianti, Peter Horvatovich, Éva Csősz
10.1016/j.biopha.2026.119548	2026	DICER-driven regulation of lipid metabolism and macrophage-adipocyte crosstalk in partial lipodystrophy	Biomedicine & Pharmacotherapy	Andréa L. Rocha, Rhaissa Godoi, Tanes Imamura de Lima, Diogo de Moraes, Bruna Brasil Brandão, Antonio F. M. Pinto, Heloísa Antoniella Braz-de-Melo, Felipe Corrêa da Silva, Tiago Tomazini Gonçalves, Letícia S. Figueiredo, João Pedro Mazzi, Niedson Correia de Lima, Safira Maria Leite Sousa, Josiane Ér
10.1371/journal.pone.0352446	2026	DNA barcoding of Austrian terrestrial isopods (Crustacea: Isopoda: Oniscidea) reveals potential cryptic diversity	PLoS ONE	Anna-Chiara Barta, Luise Kruckenhauser, Hedda Büttner, Matthäus Greilhuber, Klaus Hasenhütl, Stephan Koblmüller, Lukas Kremp, Oliver Macek, Hanna Sommer, Nikolaus U. Szucsich, Martin Schwentner
10.1016/j.dib.2026.112853	2026	Dataset of genomic sequences and annotation of Bacillus cereus Spbamp1 isolated from metal-impacted soil in Querétaro, México	Data in Brief	Mario Eduardo Clemente Albores, Mayra Paola Mena Navarro, Karla Isabel Lira De León, David Gustavo García Gutiérrez, Miguel Angel Ramos Lopez, Carlos Eduardo Zavala-Gómez, José Alberto Rodríguez Morales, Erika Álvarez Hidalgo, Juan Campos‐Guillén
10.1002/ece3.74293	2026	De Novo Assembly and Comparative Analysis of the Complete Mitochondrial Genome of Mesenchytraeus (Annelida, Enchytraeidae)	Ecology and Evolution	Juanjuan Chen, Horacio Naveira, Junqian Zhang, Naicheng Wu, Zhicai Xie
10.1038/s41597-026-07228-w	2026	De novo assembly at Chromosomal level of the Indigenous Venda chicken	Scientific Data	A.H. Molotsi, V. Ramothibedi, S. Mdyogolo, Lucky T. Nesengani, T. S. Tshilate, Tracy Madimabi Masebe, N. L Hlongwane, Rae Marvin Smith, C. A. Gill, A. Djikeng, Ntanganedzeni  Olivia Mapholi
10.21203/rs.3.rs-10174527/v1	2026	Decoding the RNAi machinery of Ampelomyces mycoparasites and their plant pathogenic and mycoparasitic relatives	Research Square	Aftab Ahmad, Kinza Khalid, Sadegh Balotf, Lauren Goldspink, Alexander Idnurm, Niloofar Vaghefi, Alexandros G. Sotiropoulos, Levente Kiss
10.1128/spectrum.00883-26	2026	Dental spittoon biofilms as reservoirs of antimicrobial resistance: a longitudinal multi-omics study	Microbiology Spectrum	Jesenko Karacic, Lamia Singer, Gabriele Bierbaum, Marijo Parčina, Julius Zilles, Brianne Palmer, Sabina Karačić
10.1128/spectrum.01820-26	2026	Dental wastewater reveals a hidden reservoir of oral bacteriophage diversity	Microbiology Spectrum	Carli Roush, Marvin Whiteley
10.1371/journal.pone.0352698	2026	Detection of Coxsackievirus A24v during an acute haemorrhagic conjunctivitis outbreak in Dar es Salaam, Tanzania, January-February 2024	PLoS ONE	Lawrence A. Mapunda, Peter Van Heusden, Robert Baluhya, Olympia G. Machange, Ambele Mwafulango, Monica Fredrick Francis, Aziz Ituka, Omega Machange, Adela Kisanga, Edna E. Mgimba, Hamza H. Matimba, Dennis M. Kado, Elson E. Kimaro, Ramadhani A. Libenanga, Jackson Peter Mushumbusi, Hamisi M. Swalehe, 
10.26508/lsa.202603659	2026	Development of K-CORE: a web-based platform for integrated clinico-genomic analysis	Life Science Alliance	Juyeon Hwang, Jae Woo Ahn, Jae Wook Lee, So‐Youn Jung, Eun-Gyeong Lee, Heejung Chae, Harim Koo, Hyosoung Cha, Jae‐Joong Kim, Kwangmin Kim, Dongwoo Lee, J.H. Park, Sun-Young Kong, Kui Son Choi, Hyun-Jin Kim
10.1186/s13071-026-07403-3	2026	Dietary variations drive divergent phenotypic, transcriptomic, and metatranscriptomic profiles in Biomphalaria glabrata, a schistosomiasis vector snail	Parasites & Vectors	Damilare O. Famakinde, Ciaran Lonergan, Duncan Wells, Geoffrey N. Gobert, Paul McVeigh
10.1016/j.ncrna.2026.03.005	2026	Discovery of a G-rich ultra stable human ncRNA G-quadruplex that binds ATP	Non-coding RNA Research	Margaret Bohmer, Kai Jin, Peixuan Guo
10.64898/2026.05.12.724513	2026	Distinct temporal patterns of liver immune responses to pathogenic and non-pathogenic Entamoeba histolytica clones	bioRxiv (Cold Spring Harbor Laboratory)	Helena Fehling, Johannes Allweier, Barbara Honecker, Claudia Marggraff, Michel-Ruben Glagowski, Juliett Anders, Hannelore Lotter, Iris Bruchhaus
10.1177/15353141261425153	2026	Do Genes Tell the Whole Story? Comparing Genetic Clues and Wet-Lab Tests for Antibiotic Resistance in Salmonella	Foodborne Pathogens and Disease	Daniel Mayboca-Padilla, Celine A. Nadon, Claudia A. Narváez-Bravo
10.64898/2026.05.26.727846	2026	Draft genome assembly of the Woolly bottlebrush ( Greyia radlkoferi ) using Pacbio long-read sequencing technology	bioRxiv (Cold Spring Harbor Laboratory)	A.H. Molotsi, T. Masebe, L.T. Nesengani, S. Mdyogolo, T. S. Tshilate, R.M. Smith, N. Hlongwane, S. Hadebe, T.M. Mafokwane, N. Mapholi
10.1128/mra.00407-26	2026	Draft genome sequence of Aeromonas veronii strain Naf-IIUM T8S isolated from diseased Pangasianodon hypophthalmus in Malaysia	Microbiology Resource Announcements	Nadia-Sabrina Afandi, Najatul Su-Ad Abdullah, Rimatulhana Ramly, Mohd Firdaus-Nawi, Azila Abdullah, Nur-Nazifah Mansor, Muhamad Izzuan-Razali, Zahin Azhari Zairi-Noor, Yulianna Puspitasari
10.1128/mra.00469-26	2026	Draft genome sequence of Bacillus safensis strain SMT-MG31 isolated from mangrove sediment of Bangladesh	Microbiology Resource Announcements	Mohammad Azizul Hoque, Md. Sheikh Emon, Ferose Kabir, Md. Majibur Rahman, SM Tanjil Shah
10.1128/mra.00042-26	2026	Draft genome sequence of Cronobacter dublinensis S21, isolated from a child nutrition formula factory in Bangladesh	Microbiology Resource Announcements	Sutapa Bhowmik, Supantha Rivu, Md. Latiful Bari, Sangita Ahmed
10.1128/mra.00938-25	2026	Draft genome sequence of Listeria aquatica strain SM_LAD isolated from cow dung in Bangladesh	Microbiology Resource Announcements	S. M. Mahfujur Rahman, Sangita Ahmed
10.1128/mra.01125-25	2026	Draft genome sequence of an entomopathogenic fungus Amphichorda felina	Microbiology Resource Announcements	Hung Ngoc Nguyen, Phuong-Thao Nguyen, Toshimitsu Fukiharu, Haruka Kameda, Kiminori Shimizu
10.1128/mra.01354-25	2026	Draft genome sequences of 10 Campylobacter jejuni and Campylobacter coli isolates from human pediatric diarrhea patients admitted to a hospital and chicken sources in Bangladesh	Microbiology Resource Announcements	Mohimanul Islam, Bibi Amena, Tanvir Ahmad Nizami, Himel Barua, Sanjoy Kanti Biswas, Paritosh Kumar Biswas
10.1128/mra.00631-26	2026	Draft genome sequences of 14 bacterial isolates from the rhizosphere of bioenergy sorghum	Microbiology Resource Announcements	Grace Black, Sneha Couvillion
10.1128/mra.00634-26	2026	Draft genome sequences of four bacterial isolates from the Indian Fort Nature Preserve in Geneseo, NY	Microbiology Resource Announcements	Jacey Cappa, George Privitera, Andrea Rivera, Elizabeth A. Hutchison
10.1128/mra.01429-25	2026	Draft genome sequences of multidrug-resistant Escherichia coli and Salmonella enterica serovar Kentucky isolates from chicken samples in Bangladesh	Microbiology Resource Announcements	Bibi Amena, Mohimanul Islam, Tanvir Ahmad Nizami, Himel Barua, Paritosh Kumar Biswas
10.1128/mra.00343-26	2026	Draft genome sequences of six bacterial isolates from aphid-infested sugar beet and witloof chicory	Microbiology Resource Announcements	Nicolas Rojas-Preciado, Wouter Poppelsdorf, Lara Berings, Sara Van Hee, Hans Jacquemyn, Bart Lievens
10.1128/mra.00771-25	2026	Draft whole-genome sequence of Lachancea fermentati JT139 isolated from Jamestown Island, Virginia	Microbiology Resource Announcements	Hanna Masonholder, Kiho Lee, Stephen S. Fong, Grace Lim-Fong
10.1093/nar/gkag601	2026	Dual function of ERH in primary miRNA biogenesis	Nucleic Acids Research	Simon Aschenwald, Aswini Kumar Panda, Theresa Wurzer, S Baumgartner, Valerie Sophie Ertl, Jakob Hatzer, Andreas Villunger, Sebastian Falk, Sebastian Herzog
10.1093/nar/gkag374	2026	Dual role of ZIC2 during neural induction: from priming transcription factor to enhancer activator	Nucleic Acids Research	María Mariner-Faulí, Víctor Sánchez-Gaya, Sarah Malika Robert, Patricia Respuela, Sara Cruz-Molina, Sara Lobato-Moreno, Matteo Trovato, Karin D. Prummel, Kyung‐Min Noh, Judith B. Zaugg, Álvaro Rada-Iglesias
10.1038/s41418-026-01774-x	2026	EGFR deletion in myeloid cells reprograms the immunosuppressive landscape of colorectal cancer	Cell Death and Differentiation	Ourania Fari, Angelika Neuhofer, Martin Holcmann, Tatiana Chontorotzea, Iros Barozzi, Thomas Mohr, Bernadette Blauensteiner, Dana Krauß, Yu‐Tian Xiao, Michaela Lang, Dario L. Frey, Barbara Helm, Ursula Klingmüller, Matthias Farlik, Maria Sibilia
10.1016/j.celrep.2026.117675	2026	ERK1/2 function as a central hub safeguarding primed human embryonic stem cell identity via multifaceted regulatory networks	Cell Reports	Yifan Zhou, Hanzhi Zhao, Min Shao, Weixuan Lu, Huiyuan Jiao, Lingjie Li, Ying Jin
10.3389/finsc.2026.1811933	2026	ETH and Burs-α are necessary for the normal molting in Dalbulus maidis and Delphacodes kuscheli	Frontiers in Insect Science	Nicolás Luján Andrada, Mariana Crespo, Agustin Ariel Baricalla, Lucía Inés Dalaisón‐Fuentes, Marcos Sterkel, María Inés Catalano
10.1038/s44319-026-00691-x	2026	EZH2 directs HER2+ breast cancer progression through the modulation of epithelial plasticity	EMBO Reports	L Liu, Ellie J. Massey, Dongmei Zuo, Alain Pacis, Mert Demirdizen, Elizabeth Podleszanski, Jessica K. Cinkornpumin, Yu Gu, Hailey Proud, Virginie Sanguin-Gendreau, Vasilios Papavasiliou, Ishtiaque Hossain, Zhengze Jiang, Harvey W. Smith, William A. Pastor, Paolo Ceppi, William J Muller
10.64898/2026.04.08.717167	2026	Easy-to-use whole-genome sequencing workflows and standardized practices to uncover hidden genetic variation in Synechocystis PCC 6803 wild-type and knock-out strains	bioRxiv (Cold Spring Harbor Laboratory)	Marius L. Theune, Ruben Fritsche, Niklas Kueppers, Marko Boehm, Petra Kolkhof, Florian Paul, Ovidiu Popa, Ellen Oldenburg, Anika Wiegard, Ilka Maria Axmann, Kirstin Gutekunst
10.64898/2026.01.04.697598	2026	Efflux pump regulation and metabolic rewiring define the ceiling of efflux-mediated drug resistance in Mycobacteria	bioRxiv (Cold Spring Harbor Laboratory)	Shiksha Sharma, Sarika Mehra
10.1007/s12065-026-01197-0	2026	Elephant herding algorithm for the multiple sequence alignment problem	Evolutionary Intelligence	Ernesto Ríos-Willars, María Magdalena Delabra-Salinas, Ricardo Eduardo Carrillo-Gaona
10.1126/scitranslmed.ady2289	2026	Engineered probiotics for tumor-targeted combination chemoimmunotherapy	Science Translational Medicine	Zaofeng Yang, Jongwon Im, Noah Chen, Dylan L. Mariuzza, Kenia de los Santos-Alexis, Fangda Li, Edward R. Ballister, Olivia R. Ringham, Tal Danino, Nicholas Arpaia
10.1016/j.fbio.2026.109457	2026	Enhanced production and characterization of a glucan-like extracellular polysaccharide from Schizophyllum commune through low-temperature induction and fermentation regulation	Food Bioscience	Jinqi Kou, Hongbo Yan, Weidong Sun, Mengli Liu, Jinshang Li, Haiyue Nan
10.3390/pathogens15060573	2026	Enumeration and Genomic Confirmation of Viable Shiga-Toxin-Producing Escherichia coli from Ground Beef by Integrating Serial Plating with Long-Read Sequencing	Pathogens	Katrina L. Counihan, Shannon Tilman
10.1093/bib/bbag256	2026	Eras of bioinformatics technologies from command-line interfaces to artificial intelligence (AI) chatbots	Briefings in Bioinformatics	Van Q. Truong, Marylyn DeRiggi Ritchie
10.3390/d18030161	2026	Evolutionary Patterns of Microsatellite Distribution in Cricket Genomes: Insights from Comparative Genomics of Five Gryllidae Species	Diversity	Kanawat Promsomboon, Somjit Homchan, Yash Gupta
10.1371/journal.ppat.1013896	2026	Exogenous amdoparvoviruses (Parvoviridae) in arvicoline voles: the molecular evolution and ecology of a novel host-viral association	PLoS Pathogens	Joseph A. Jackson, Begon Mike, Janette E. Bradley, Ida M. Friberg, Sarah Hyde, Klara M. Wanelik, Steve Paterson
10.3390/pathogens15090975	2026	Expanded Genomic Diversity of Cacao Leafroll Virus Enables Improved Detection Using Multiplex RT-PCR	Pathogens	Ihsan Ullah, Muhammad Kamran, Andrew Daymond, Jim M. Dunwell
10.21203/rs.3.rs-10217677/v1	2026	Exploratory small RNA sequencing of human placental miRNAs identifies candidates associated with congenital transmission of Trypanosoma cruzi	Research Square	Andrea Diestra, Alejandra Pando-Caciano, Carla  A. Apaza-Quiroz, Vanessa Adaui, Viviana Pinedo-Cancino, Sylvia S. Sanchez, Monica Mugnier, Robert H. Gilman, N Bowman, Mónica J. Pajuelo
10.1016/j.array.2026.101150	2026	FairFlow: A transparency-first framework for verifiable and reproducible bioinformatics	Array	Agata D'Onofrio, Eliseo Martelli, Maurizio Alessandri, Sebastian Bucatariu, Sandro Gepiro Contaldo, Maria Luisa Ratto, Jianli Tao, Beatrice Nuvolari, Isabella Castellano, Andrea loiacono, Sara Bianchi, Maddalena Arigoni, Alessandro Bertero, Elisa Balmas, Roberto Chiarle, Luca Alessandrì
10.1093/femsle/fnag093	2026	Fantastic microbes and where to find them: evaluating learning-by-doing outcomes in a crowdfunded metagenomics workshop	FEMS Microbiology Letters	Giulia Ghisleni, Ellen Dow, Teresa Iovino, Pamela J. Colman-Vega, Alessia Dicesare, Emanuele Guanella, Yodit Maria Bacchi, Althea Colombo, Maristella Leccese, Matilde Marzucchi, Margherita Emma Gorla, Alessandra Caracciolo, Alessio Sala, Polina Makarycheva, Sharon Cristal Rubrica, Andrea Ferrier, Al
10.1111/1755-0998.70091	2026	Fast, Flexible, Feasible: A Transparent Framework for Evaluating eDNA Workflow Trade‐Offs in Resource‐Limited Settings	Molecular Ecology Resources	Yin Cheong Aden Ip, Elizabeth Andruszkiewicz Allan, Shana Lee Hirsch, Ryan Kelly
10.3389/ffunb.2026.1813584	2026	First draft genome and genomic analysis of Neofusicoccum parvum isolated from mango (Mangifera indica L.) in Paraguay	Frontiers in Fungal Biology	Micaela Mendez, Adolfo Mateo Acuña, Mónica Morel Escobar, Mauricio Ismael González, Andrea Arrúa Alvarenga, Gilberto Benitez Rodas, Federico Da Silva, Silverio Andrés Quintana
10.46471/gigabyte.176	2026	First draft genome of the decaploid species, Ludwigia grandiflora subsp. hexapetala, validated through gene expression	Gigabyte	Greg A. Dore, Dominique Barloy, Frédérique Barloy-Hubler
10.1016/j.syapm.2026.126718	2026	Five novel Haloarchaeobius species from coastal tidal flats and saline-alkali soil in China using integrated culture-dependent and culture-independent approaches	Systematic and Applied Microbiology	Guo-Liang Xu, Shun Tan, Yao Hu, Mu Cheng, Jing Hou, Heng-Lin Cui
10.1128/iai.00336-26	2026	Flagellar regulation in enterotoxigenic E. coli modulates innate immune activation	Infection and Immunity	Pauline T. Ikpa, Amanda Nengel, James B. Kaper, Mark Donowitz, Jennifer D. Foulke-Abel
10.64898/2026.06.12.731844	2026	FlowBench: separating planning, fault recovery and interpretation in agentic bioinformatics	bioRxiv (Cold Spring Harbor Laboratory)	Alina Kurjan, Adam P. Cribbs
10.1371/journal.pbio.3003583	2026	Foxi1 regulates multipotent mucociliary progenitors and ionocyte specification through transcriptional and epigenetic mechanisms	PLoS Biology	Sarah Bowden, Magdalena Maria Brislinger-Engelhardt, Mona Hansen, Aisha Andricek, Africa Temporal-Plo, Damian Weber, Sandra Hägele, Fabian Lorenz, Tim Litwin, Clemens Kreutz, Peter Walentek
10.1093/gbe/evag001	2026	From Rigid Order to Radical Variation: Mitogenome Evolution in the Main Lineages of a Lesser-Known Animal Phylum (Gastrotricha)	Genome Biology and Evolution	Anush Kosakyan, Leandro Gammuto, Agata Cesaretti, Francesco Saponi, Valentina Serra, Giulio Petroni, Jan‐Niklas Macher, Oscar Wallnoefer, Federico Plazzi, M Antonio Todaro
10.3390/microorganisms14010167	2026	From Triplex to Quadruplex: Enhancing CDC’s Respiratory qPCR Assay with RSV Detection on Panther Fusion® Open Access™	Microorganisms	Andy Caballero, Mayeline N. Sosa Ortiz, Roberto A. Reynoso de la Rosa, Miguel E. Abreu Bencosme, Karla V. Montero Lebrón
10.64898/2026.09.02.748773	2026	From code to natural language: MErlin – a multi-omics toolkit for bacterial epigenomics delivered as Claude agent skill	bioRxiv (Cold Spring Harbor Laboratory)	Iacopo Passeri, Solène Pety, Michele Giovannini, Marco Fondi, Alessio Mengoni, Elena Perrin
10.1099/mic.0.001677	2026	From colonisation to chronicity: adaptation of Mycobacterium abscessus in the cystic fibrosis lung environment	Microbiology	Niamh Duggan, Deirdre Keating, Joanna Drabinska, Ciarán J. Carey, Guerrino Macori, Kirsten Schaffer, Siobhán McClean
10.64898/2026.04.14.718444	2026	Fruitless produces diverse neuronal sex differences by editing lineage-programmed chromatin landscapes	bioRxiv (Cold Spring Harbor Laboratory)	Margarita V. Brovkina, Eleanor Josephine Clowney
10.1016/j.isci.2026.114982	2026	Functional characterization of BAP1 mutations in genome edited cholangiocarcinoma organoids: Role in cell death and drug responses	iScience	Wunan Mi, Shaojun Shi, Imre Firmin Schene, Indi P. Joore, Henk P. Roest, Sabine A. Fuchs, Luc J. W. van der Laan, Monique M. A. Verstegen
10.1111/nph.70900	2026	Fungal ecology in the age of 'omics	New Phytologist	Brontë R. Shelton, Joana Larrere, Diego Yusta Belsham, Marina Omacini, Andrés Argüelles‐Moyao, Erika Buscardo, Danielle Karla Alves da Silva, Xiaoyan Zhao, Naoto Nakamura, Rodolfo Ángeles‐Argáiz, Claudia Paz, Noemí Matías‐Ferrer, Miranda Mistaya Hart
10.1515/jib-2025-0050	2026	Fusion of computational and experimental provenance in RO-Crate	Berichte aus der medizinischen Informatik und Bioinformatik/Journal of integrative bioinformatics	Caroline Ott, Kevin Schneider, Heinrich Lukas Weil, Florian Wetzels, David Zimmer, Christoph Garth, Timo Mühlhaus
10.21203/rs.3.rs-9980622/v1	2026	GPR137B, an orphan G protein-coupled receptor abundantly expressed in osteoclasts, is dispensable for osteoclast differentiation and bone development in mice	Research Square	Runa Matsumoto, Kaho Kobayashi, Naoya Mizukami, Zohirul Islam, Seiya Mizuno, Satoru Takahashi, Fumihiro Sugiyama, Mika Ikegame, Hisashi Mera, Takashi Inui, Osamu Ishibashi
10.1016/j.celrep.2026.117575	2026	GRHL and PGR control WNT4 expression via 3D looping of conserved and species-specific enhancers	Cell Reports	Yorick B.C. van de Grift, Marleen T. Aarts, Katrin E. Wiese, Nika Heijmans, Ingeborg B. Hooijkaas, Colin E.J. Pritchard, Linda Henneman, Paul Krimpenfort, Antonius L. van Boxtel, Renée van Amerongen
10.64898/2026.03.24.714039	2026	GYDE: A collaborative drug discovery platform for AI-powered protein design and engineering	bioRxiv (Cold Spring Harbor Laboratory)	Thomas A. Down, Mateusz Warowny, April Walker, Luigi DAscenzo, Donald Lee, Zhenru Zhou, Shengya Cao, Travis W. Bainbridge, John M. Nicoludis, Seth F. Harris, Kiran Mukhyala
10.1093/nar/gkag469	2026	Galaxy for accessible, reproducible, and collaborative data analyses: 2026 update	Nucleic Acids Research	The Galaxy Community, Enis Afgan, Najat Amoukou, Rafael Andrade Buono, Mihail Anton, Christophe Antoniewski, P. W. Austin, Ahmed Hamid Awan, Rolf Backofen, Wendi Anne Bacon, Dannon Baker, Arthur Barreau, Bérénice Batut, Matthias Bernt, Daniel Blankenberg, Anthony Bretaudeau, Catherine Joan Bromhead,
10.64898/2026.06.08.730841	2026	Genetic basis of glycine and L-serine toxicity in Staphylococcus aureus and the case for glycine as an antibiotic adjuvant	bioRxiv (Cold Spring Harbor Laboratory)	Tyler Glen Brown, Jenna Barnum, Shalee Killpack, Joel Griffitts, Eric M. Wilson
10.1007/s10592-025-01735-w	2026	Genetic diversity and hybridization in New Zealand’s endemic Lophomyrtus bullata (Myrtaceae): implications for conservation under myrtle rust threat	Conservation Genetics	Amy L. Macdonald, V. Vaughan Symonds
10.1186/s12879-026-13502-4	2026	Genetic variability of hepatitis A virus genotype I strains in Bulgaria, 2011–2023	BMC Infectious Diseases	Елица Голкочева-Маркова, Alessandra Lo Presti, Michele Equestre, Stefania Taffon, Angela Costantino, Elisabetta Madonna, Cinzia Marcantonio, Ludovica Arcopinto, Giulia Costanzi, Stanislav Kotsev, Валери Велев, Anna Rita Ciccaglione, Roberto Bruni
10.1128/spectrum.03786-25	2026	Genetic variations and accelerated growth at low temperatures in a Listeria monocytogenes isolate	Microbiology Spectrum	Katrina L. Counihan, Nirosha Ruwani Amarasekara, Joshua B. Gurtler, Xuetong Fan
10.64898/2026.09.04.747633	2026	Genome Assembly of the Endangered Patagonian Deer Hippocamelus bisulcus (huemul): The First Nuclear Genome for the Genus Hippocamelus	bioRxiv (Cold Spring Harbor Laboratory)	Julia Ousset, Jo Anne M. Smith-Flueck, Werner T. Flueck, Valeria Pelufo, Eduardo Aisen, Andrés Venturino
10.1128/mra.00178-26	2026	Genome sequence of Propionimicrobium lymphophilum ARP01 isolated from the human vaginal tract	Microbiology Resource Announcements	A A PEEL, Helen Churchill, M F Hayward, Brian A. Klein
10.1038/s41597-026-06842-y	2026	Genome sequencing and assembly of Neolissochilus pnar, the largest cavefish species of Mahseer	Scientific Data	Vindhya Mohindra, Labrechai Mog Chowdhury, D. Khlur B. Mukhim, Kangkan Jyoti Sarma, Deisakee Pyrbot Warbah, Dandadhar Sarma, Joykrushna Jena
10.1007/s00203-026-04861-2	2026	Genome-wide comparative and taxonomic characterization of prophages in Stenotrophomonas maltophilia	Archives of Microbiology	Afia Anjum, Zuhayr Mahtab, Sattajith Roy, Jarin Tabassum, Ishrat Jabeen, Sohidul Islam, Sabbir R. Shuvo
10.64898/2026.04.05.716554	2026	Genome-wide identification of metabolic and regulatory determinants of intracellular growth in Brucella neotomae	bioRxiv (Cold Spring Harbor Laboratory)	Yoon-Suk Kang, James E. Kirby
10.1016/j.molcel.2026.06.019	2026	Genome-wide rotational and translational phasing of nucleosomes with human transcription factors	Molecular Cell	Haining Chen, Jordan E. Krebs, Olivia W. Lang, Jiayi Hu, Devin C Mellini, Judith Hyle, Chunliang Li, William Lai, B. Franklin Pugh
10.3390/pathogens15040438	2026	Genomic Diversity and Virulence Potential of High-Priority Critically Important Antimicrobial-Resistant Escherichia coli from Pork and Chicken Retail Meat	Pathogens	Hernán D. Nievas, Camila Aurnague, Elisa Helman, Raúl E. Iza, Magdalena Costa, Oliver Mounsey, Matthew B. Avison, Lucía Galli, Fabiana Moredo
10.2139/ssrn.6065799	2026	Genomic Insights into the Thermotolerance Mechanisms of Bos indicus Cattle Breeds	SSRN Electronic Journal	Periyasamy Vijayakumar, Arumugam Sakthivel Selvan, Arunasalam Singaravadivelan, Sanniyasi Bakyaraj, Annadurai Rajadurai, Kandasamy Rajamanickam, Ramalingam Suresh
10.1002/ece3.72967	2026	Genomic Resources for Imperiled Caribbean Reef‐Forming Corals (Hexacorallia: Scleractinia): Complete Mitochondrial Genomes of Dichocoenia stokesii , Diploria labyrinthiformis , Oculina patagonica , and Stephanocoenia intersepta	Ecology and Evolution	Katrina Zabransky, William Vuong, Stephanie Rosales, J. Antonio Baeza
10.1099/mgen.0.001782	2026	Genomic and enzymatic signatures underlying lifestyle diversity in Xanthomonas arboricola	Microbial Genomics	Sara Cuesta-Morrondo, Salvador Sastre, Jerson Garita‐Cambronero, Jaime Cubero
10.1016/j.virol.2026.111013	2026	Genomic and functional characterization of Bacillus phage BCE1 targeting a key gut bacterium in Aedes albopictus larvae	Virology	Jhuma Samanta, Sibnarayan Datta
10.1016/j.ibiod.2026.106379	2026	Genomic and functional characterization of an Antarctic strain of Rhodosporidiobolus odoratus and its hydrocarbon-degradation potential	International Biodeterioration & Biodegradation	G. Cavallini, M.A. Guerreiro, E. Stukenbrock, F. Canini, P. Buzzini, S. Tosi, B. Turchetti, M. Groenewald, S. Garzoli, L. Zucconi
10.1016/j.genrep.2026.102446	2026	Genomic architecture of the emerging plant pathogen Agrobacterium burrii: Complex plasmidome and prophage-driven evolution	Gene Reports	Mohammadreza Rahimian, Mohammad Aghazadeh-Soltan-Ahmadi
10.1016/j.jgar.2026.06.008	2026	Genomic characterisation and global phylogenomic placement of a high-level azithromycin (HL-AziR) and fluoroquinolone-resistant Neisseria gonorrhoeae ST9363 strain from Chile	Journal of Global Antimicrobial Resistance	Alejandro Aguayo-Reyes, Mario Quezada-Aguiluz, Henriette Chabouty-García, Paulina González-Muñoz, Franco Ilabaca-Carrasco, Felipe Morales-León, Maximiliano Matus-Köhler, Sebastián Fuller, Felipe Aguilera, Matthew Neil, Benjamin A. Evans, Gerardo González‐Rocha, Andrés Opazo-Capurro
10.64898/2026.05.21.727054	2026	Genomic characterization and therapeutic potential of five broad-spectrum lytic bacteriophages against multidrug-resistant avian pathogenic Escherichia coli (APEC)	bioRxiv (Cold Spring Harbor Laboratory)	Tushar Midha, Vishakha Vishakha, Somesh Baranwal
10.1128/spectrum.03979-25	2026	Genomic characterization and therapeutic potential of five broad-spectrum lytic bacteriophages against multidrug-resistant avian pathogenic Escherichia coli (APEC)	Microbiology Spectrum	Tushar Midha, Vishakha, Somesh Baranwal
10.1007/s11033-026-12501-7	2026	Genomic characterization of an unusual bloodstream Weissella viridescens isolate obtained from a Bulgarian intensive care unit patient	Molecular Biology Reports	Slavil Peykov, Alexander Stratev, Lyudmila Boyanova, Raina Tzvetanova Gergova, Tanya Strateva
10.1186/s12864-026-13121-y	2026	Genomic insights into specialized and primary metabolism gene clusters in methicillin-resistant Staphylococcus aureus from Egyptian community settings	BMC Genomics	Ahmed Adel Aboushanab, Nehal A. Saif, Salma Salem, Sama S. Eltaher, Reem A. Elghaish, Ben Pascoe, Samuel K. Sheppard, Mohamed Elhadidy, Laila Ziko
10.1080/17460913.2026.2688716	2026	Global One Health genomics identify conserved virulence and mobile resistance in the opportunistic pathogen Staphylococcus saprophyticus	Future Microbiology	Giarlã Cunha da Silva, Ciro César Rossi
10.1038/s41597-026-06612-w	2026	Global deep-sea hydrothermal deposit metagenomes and metagenome-assembled genomes over time and space	Scientific Data	Emily St. John, Anna‐Louise Reysenbach
10.64898/2026.05.13.725058	2026	GlyComboCLI enables command line-based FAIR workflows for glycan composition assignment in mass spectrometry data	bioRxiv (Cold Spring Harbor Laboratory)	Maia I. Kelly, W. C. Mike Thang, C. N. Ignatius Pang, Ove Gustafsson, Christopher Ashwood
10.1038/s41598-025-34213-x	2026	Gut plasma membrane proteomes reflect the distinct feeding strategies of Nezara viridula and Diaphorina citri	Scientific Reports	Ruchir Mishra, Arinder K. Arora, Jaime Enrique Jiménez, Clebson S. Tavares, Bryony C. Bonning
10.64898/2026.04.16.718857	2026	H3K27me3 and H2A.Z prime cold regulated genes, and their remodelling governs plant cold response	bioRxiv (Cold Spring Harbor Laboratory)	Sarah Mermet, Sarah Muniz Nardeli, Simon Amiard, Aline V. Probst, Peter Kindgren
10.1016/j.xplc.2026.101777	2026	HASTY-dependent miRNA cell-to-cell movement is required for systemic pathogen resistance in Arabidopsis	Plant Communications	Manuel Musso, Nahir Alanie, Luciano Quevedo, Alejandra Trenchi, Nicolás M. Cecchini, Ramiro Lascano, Damián Alejandro Cambiagno
10.1016/j.syapm.2026.126698	2026	Haladaptatus marinus sp. nov., Haladaptatus rarus sp. nov., Haladaptatus ordinarius sp. nov., and Halomicrococcus pelagicus sp. nov., halophilic archaea from diverse coastal tidal flats	Systematic and Applied Microbiology	Xinru Zhang, Jing Hou, Zhen Rong, Yue-Hong Wu, Heng-Lin Cui
10.1016/j.syapm.2026.126750	2026	Halorubrum marinum sp. nov., Halorubrum rarum sp. nov., Halorubrum wangae sp. nov., Halorubrum shenae sp. nov., and Halorubrum zhoui sp. nov., halophilic archaea from coastal tidal flats, a saline lake, and a marine solar saltern	Systematic and Applied Microbiology	Qing-Di Li, Yangyang Wang, Chidiebele Nwankwo, Yao Hu, Xin‐Yue Dong, Jing Hou, Xiang-Dong Chen, Heng-Lin Cui
10.1111/pbi.70560	2026	Harnessing Bulk‐Segregant Mapping to Identify Trait‐Associated Genes in the Allopolyploid Model Plant Nicotiana benthamiana	Plant Biotechnology Journal	Zuba Ahmed, Jiyuan An, Satomi Hayashi, Julia Bally, Chris Winefield, Peter M. Waterhouse
10.3389/fcimb.2026.1847443	2026	Harnessing the gut microbiome to combat tuberculosis: a technological and clinical review	Frontiers in Cellular and Infection Microbiology	Weiguo Sun, M. Xiao, Shehzad Ali, Chanyuan Jin, Asifullah Khan, Shakirullah, Ruizi Ni, Yajing An, M Zhang, Yuan Tian, Shradha Kaushik, Yuhang Zhang, Wenping Gong
10.1186/s12917-026-05649-8	2026	High genetic diversity of porcine rotavirus A, B, and C in Hungary with putative novel VP4 genotypes	BMC Veterinary Research	Barbara Igriczi, Luca Zsiborás, Ervin Albert, Zoltán Német, Gyula Balka, Lilla Dénes
10.3390/environments13100519	2026	High-Resolution Taxonomic Assessment Using PacBio 16S rRNA Sequencing of Farm Animal Slurry, Broiler Waste and Anaerobically Digested Wastewater Treatment Sludge and Description of Soil Microbiota	Environments	Natalia Alija-Novo, Leonard Koolman, Karl G. Richards, Paul Whyte, Declan  J. Bolton
10.1590/1808-1657000032026	2026	High-throughput sequencing in phytopathology: genomics-driven diagnostics and host-pathogen interactions	Arquivos do Instituto Biológico	Laura Rossetto Pereira, Matheus Potsclam Barro, Ricardo Harakava, Juliana Freitas‐Astúa, Pedro Luis Ramos‐González
10.1016/j.ijppaw.2026.101290	2026	Host-associated mitochondrial structure and broad geographic connectivity in Drepanocephalus associated with migratory cormorants	International Journal for Parasitology Parasites and Wildlife	Daniel Munoz, Stephen E. Harris, Erika T. Ebbs
10.1093/bioinformatics/btag434	2026	Hotgenes: an R package for reducing bottlenecks in bulk omics data exploration and collaboration	Bioinformatics	Richard Virgen‐Slane
10.1002/age.70094	2026	Identification of Cryptic Evolutionary Rearrangements Between Cattle ( Bovinae ) and Goat ( Caprinae ) X Chromosomes	Animal Genetics	Wiktoria Kowal‐Mierzwa, Ramona Pistuccci, Alessandra Iannuzzi, Michele Zannotti, L. Iannuzzi, Monika Bugno‐Poniewierska, P. Parma
10.3390/genes17040377	2026	Identification of Radiation-Induced Injury Pathways and Hub Genes from RNA-Seq Data Based on Integrative Bioinformatics Approach	Genes	Khalish Arsy Al Khairy Siregar, Chi-Ho Lee, Jong-Jin Kim, Dong-Jo Chang, Seung-Hyun Jeong
10.3390/biomedicines14081737	2026	Identification of a CSC-Associated miRNA Signature in NSCLC and Functional Characterization of hsa-let-7a-3p	Biomedicines	Angela Garcia, Carlos Javier Alméciga-Díaz, Andrés Felipe Aristizábal-Pachón
10.1016/j.stemcr.2026.103012	2026	Identification of novel genes with enriched expression in human intermediate progenitors reveals a key role for CDKN3 in cortical development	Stem Cell Reports	Pauline Antonie Ulmke, Martin N. Ivanov, Hoang Duy Nguyen, Linh Pham, Asisa Muchamedin, Ayman Alzu’bi, Lora V. Veleva, Tsvetomir Kachovski, Xiaoyi Mao, Krzysztof P. Lubieniecki, Emil Kovachev, Gavin J. Clowry, Anton B. Tonchev, Huu Phuc Nguyen, Tran Cong Tuoc
10.64898/2026.02.05.703958	2026	Identification of protein secretion systems and type III effectors in wood-associated bacteria of the genus Xylophilus	bioRxiv (Cold Spring Harbor Laboratory)	Zoe Roux, Naama Wagner, Laurent Brottier, Tal Pupko, Ralf Koebnik
10.1128/spectrum.00500-26	2026	Identification of protein secretion systems and type III effectors in wood-associated bacteria of the genus Xylophilus	Microbiology Spectrum	Zoe Roux, Naama Wagner, Laurent Brottier, Tal Pupko, Ralf Koebnik
10.1128/jb.00197-26	2026	Impaired acid stress resistance in Salmonella Typhi Ty2	Journal of Bacteriology	Kiranmai Joshi, Wai Yee Fong, Marie-Pierre Blanc, Fermin E. Guerra, Ferric C. Fang
10.1128/cmr.00177-25	2026	Implementation of pathogen genomics in clinical microbiology laboratories	Clinical Microbiology Reviews	Andrew Gador‐Whyte, Norelle L. Sherry, Anna Brischetto, Patiyan Andersson, Katherine A. Bond, Sebastiaan J. van Hal, Patrick N. A. Harris, Benjamin P. Howden, on behalf of the Australian Pathogen Genomics Program partners
10.64898/2026.06.02.729584	2026	Improved genomic resources for the swordtail cricket, Laupala kohalensis Otte 1994	bioRxiv (Cold Spring Harbor Laboratory)	Nicholai M. Hensley, Benjamin A. Sandkam, Kerry L. Shaw
10.1016/j.bbrep.2026.102452	2026	In silico exploration of the genomic repertoire of Iranian aquatic bacteria: Prophage carriage, bioactive compound potential, CRISPR-Cas immunity, and integrated defensive-metabolic islands	Biochemistry and Biophysics Reports	Mohammadreza Rahimian, Mohammad Aghazadeh-Soltan-Ahmadi, Bahman Panahi
10.1016/j.jgeb.2026.100731	2026	In silico genome mining and characterization of putative horse feces–derived bacterial phytases as potential monogastric animal feed additive candidates	Journal of Genetic Engineering and Biotechnology	Olyad Erba Urgessa, Mesfin Tafesse Gemeda, Hunduma Dinka, Firayad Girma Abdi, Ketema Tafess
10.1556/030.2026.02958	2026	In vitro activity of ceftazidime–avibactam, imipenem–cilastatin–relebactam, meropenem–vaborbactam, cefiderocol, and plazomicin against non-fermenting Gram-negative isolates obtained from Bulgarian inpatients	Acta Microbiologica et Immunologica Hungarica	Tanya Strateva, Slavil Peykov, Nikolay Kalvatchev, Emma E. Keuleyan, Alexander Stratev
10.3389/fncel.2026.1870142	2026	Integrated meta-analysis of human astrocytes transcriptomes reveals a candidate recurrent inflammatory signature in response to inflammatory and immune stimuli	Frontiers in Cellular Neuroscience	Andrea Luque-Bolivar, Karem Ruiz-Araujo, Andrés Felipe Aristizábal-Pachón, Janneth González
10.64898/2026.02.02.703210	2026	Integrative Genomic and Regulatory Network Analysis Reveals Adaptive Mechanisms to Salt–Alkalinity Stress in Brassica fruticulosa	bioRxiv (Cold Spring Harbor Laboratory)	Sílvia Busoms, Rhianah Sandean, Glòria Escolà, Kuswati Kuswati, Marek Šlenker, Gabriela Šrámková, Levi J Yant, Antoni Garcia‐Molina
10.1021/acs.biochem.6c00105	2026	Integrative Modeling Identifies a Dual-Function Helix in Full-Length MDM2, Providing Novel Mechanistic Insights	Biochemistry	Hariom Chaudhary, Anant Pandey, Rimpy Kaur Chowhan
10.3389/fvets.2026.1719776	2026	Integrative and conjugative elements in Mycoplasmopsis bovis from Western Canadian feedlot cattle: characterization and conjugative transfer	Frontiers in Veterinary Science	Sara Andres-Lasheras, Rahat Zaheer, Rodrigo Ortega-Polo, Timothy Damian Schwinghamer, Sujeema Abeysekara, Athanasios Zovoilis, Sani-e-Zehra Zaidi, Murray D. Jelinski, Tim Angus McAllister
10.1016/j.pmpp.2026.103368	2026	Integrative genomic and pathogenicity analyses reveal emerging Fusarium threats to cacao in Colombia	Physiological and Molecular Plant Pathology	Lorena Dávila, Edwin A. Rodríguez, Alejandro Villabona Gelvez, José C. Huguet‐Tapia, Paola Zuluaga
10.1071/is25084	2026	Integrative taxonomic study reveals three new species of Lebbeus White, 1847 (Decapoda: Caridea: Thoridae) from deep water in the Philippine Sea and provides insights into the phylogeny of this genus	Invertebrate Systematics	Peng Xu, Qi Kou, Tomoyuki Komai, Liang Wang, Dongsheng Zhang
10.1007/s00227-026-04906-6	2026	Intersexual niche segregation in two storm-petrel species (Hydrobates spp.) breeding in the Eastern Pacific studied with GPS tracking and prey DNA metabarcoding	Marine Biology	Wiebke C. Schäfer, Yuliana R. Bedolla-Guzmán, Ariana Duarte Canizales, Petra Quillfeldt
10.64898/2026.01.29.702683	2026	Intracellular targeting of a light-activated GPCR elicits spatially selective signalling	bioRxiv (Cold Spring Harbor Laboratory)	Chantel Mastos, Christina G. Gangemi, Alexandra‐Madelaine Tichy, Bonan Liu, Cameron J. Nowell, Andrew M. Ellisdon, Harald Janovjak, Michelle L. Halls
10.1136/jitc-2026-015643	2026	Intravenously deliverable oncolytic virus VET3-TGI favorably alters the tumor microenvironment	Journal for ImmunoTherapy of Cancer	Ming Zhang, Katy Barrett, Carly Carter, Padma Sampath, Gabriella Acosta-Barreto, Sydney Audino, Jirapach Moongdee, Rachel Bouchard, Deanna Dunstane, Nick Matteo, Kyle Biery, Evalien Duyvesteyn, Monica Cantos, Kimberly M. Brothers, Dan Byrd, Taylor Dietrich, Ravikumar Muthuswamy, Stephen H. Thorne
10.1186/s12859-026-06591-0	2026	Introducing GalaxyR: an easy-to-use R implementation of the Galaxy API	BMC Bioinformatics	Julian Frey, Zoe Schindler, Ali Muhammad, Joshua Braun-Wimmer, Kilian Gerberding, Katja Kröner, Elena Larysch, Daniel Lusk, Janusch Vanja-Jehle, Yannik Wardius, Maximilian Weidenfeller, Teja Kattenborn, Thomas Seifert
10.1128/mra.00586-25	2026	Isolation and genomic characterization of bacteriophage Luminis, a lytic Yuavirus infecting clinical strains of Pseudomonas aeruginosa	Microbiology Resource Announcements	Aaryan Harshith, Zachary Flamholz, Paul L. Bollyky, Jessica Sacher
10.1128/mra.00466-25	2026	Isolation and genomic characterization of bacteriophage Vanta, a lytic Yuavirus infecting clinical strains of Pseudomonas aeruginosa	Microbiology Resource Announcements	Aaryan Harshith, Zachary Flamholz, Paul L. Bollyky, Jessica Sacher
10.1016/j.micpath.2026.108388	2026	Isolation and genomic characterization of novel Escherichia phage with potential to control multidrug resistant extended-spectrum βeta-lactamase-producing Escherichia coli	Microbial Pathogenesis	Hanshika Pal, Manisha Behera, Mayank Roshan, Parmanand Kushwaha, Sacchidananda bera, Aleena Sinha, Devika Gautam, Soma Mondal Ghorai, Sachinandan De
10.1186/s12866-026-04888-x	2026	Isolation of Clostridioides difficile from the atmospheric fine particulate matter	BMC Microbiology	Miyako Ishibashi, Shinya Yonogi, Momoka Tani, Chihiro HIURA, Daisuke Hosokawa, Nami Matsuta, Yusaku Sagisaka, Mayuko Yagi, Tomohiro Hasei, Masahiko Hayashi, Yuh Shiwa, Fumito Maruyama, Daisuke Tanaka, Tomoaki Okuda, Teruya Maki, Jun A. Komano
10.21105/joss.10383	2026	JupyterGIS: A Collaborative GIS Environment for JupyterLab	The Journal of Open Source Software	Martin Renou, A. Verma, Matt Fisher, Gregory Mooney, M. Meschede, Nicolas Brichet, David Brochart, Nakul Verma, Anne Fouilloux, Sylvain Corlay, Fernando Evier López Pérez
10.64898/2026.08.20.745983	2026	Kiosc: an integrated platform for managing bioinformatics data analysis containers	bioRxiv (Cold Spring Harbor Laboratory)	Federico Marotta, Oliver Stolpe, Benedikt Obermayer, January Mikolaj Weiner, Manuel Holtgrewe, Dieter Beule, Mikko Nieminen
10.21256/zhaw-36560	2026	Knowledge preservation in the era of big science and AI : strategies for sustainable scientific research	Zürcher Hochschule für Angewandte Wissenschaften digital collection (Zurich University of Applied Sciences)	Penn F. Rainford, Annalisa Occhipinti, Bo Wang, Susan Stepney, Claudio Angione, Suraj Verma, Lucia Marucci, Kieren Sharma, Sarah A. Harris, Rudolf M. Füchslin, Edda Klipp, Claire Ss Grierson, Mathias S. Weyland, Aalap Mogre, Harold Fellermann, Le Minh Thao Doan, Ioana M. Gherman, Alice L. B. Pyne, T
10.1038/s41467-026-72667-3	2026	Knowledge preservation in the era of big science and AI: strategies for sustainable scientific research	Nature Communications	Penn F. Rainford, Annalisa Occhipinti, B Wang, Susan Stepney, Claudio Angione, Suraj Verma, Lucia Marucci, Kieren Sharma, Sarah A. Harris, Rudolf M. Füchslin, Edda Klipp, CS Grierson, Mathias S. Weyland, Aalap Mogre, Harold Fellermann, Le Minh Thao Doan, Ioana M. Gherman, Alice L. B. Pyne, Timothy J
10.48130/gcomm-0026-0019	2026	LIMBO (less is more boosts organization): a lightweight integrated modular bioinformatics orchestrator	Genomics Communications	Chen Gongrui, Hao Zhou, Xuwang Zhang, Jingjing Zhan, Shuzhen Li
10.1128/mra.00705-25	2026	Lactobacillus and Limosilactobacillus MAGs from alcoholic fermentation in sugarcane biorefineries	Microbiology Resource Announcements	Carolina Teixeira Martins, Andreas Karoly Gombert, Andressa M. Venturini
10.1128/aac.00142-26	2026	Leveraging the global genomic epidemiology of carbapenemase-producing Klebsiella pneumoniae to inform infection prevention in Tunisian hospitals	Antimicrobial Agents and Chemotherapy	Basma Menif, Jay Noboru Worley, Noura Ben Mansour, Faouzia Mahjoubi, Adnene Hammami, Lynn Bry
10.6094/unifr/273453	2026	Linking STRs/SNPs and DNA methylation using massively parallel sequencing for potential forensic applications	FreiDok plus (Universitätsbibliothek Freiburg)	Laura Schmelzer, Jerry Hoogenboom, Jana Naue
10.1093/femsec/fiag051	2026	Linking composition and function: a two-year metatranscriptomic study of microbial adaptation in an industrial wastewater treatment plant	FEMS Microbiology Ecology	Asala Mahajna, Ranko Gacesa, Karel J. Keesman, Gert-Jan  W. Euverink, Andreas Froemelt, Carlos J. Melián, Bayu Jayawardhana
10.1016/j.ibiod.2026.106404	2026	Long-read metagenomic insights into the microbiome, resistome and functional biodeterioration traits in stone monuments of Coimbra's UNESCO World Heritage Site	International Biodeterioration & Biodegradation	Fabiana Soares, Lidia Catarino, Conceição Egas, João Trovão
10.1038/s41467-026-68366-8	2026	Loss of Fsr quorum sensing promotes biofilm formation and worsens outcomes in enterococcal infective endocarditis	Nature Communications	Haris Antypas, Verena Schmidtchen, Willy I. Staiger, LI Yanhong, Rachel Jing Wen Tan, Kenneth Kok Fei NG, Cheryl Jia Yi Neo, Shalome Meera Radhesh, Frederick Reinhart Tanoto, Ronni A. G. da Silva, Cristina Colomer-Winter, Sara Doina Schütz, Joachim Kloehn, L. V. Natarajan, Caroline Manzano, Jun Jie 
10.3389/fimmu.2026.1758550	2026	MIZ-1 controls transcriptional programs required for BCR signaling, actin dynamics, and naïve B cell survival	Frontiers in Immunology	Julie Ross, Eva-Maria Piskor, Charles Joly-Beauparlant, Lucia Paola Gabrielli Tabarez, Elie El Ghorayeb, Arnaud Droit, Christian Kosan, Tarik Möröy
10.1038/s41598-026-46881-4	2026	Marine bacterium Stutzerimonas stutzeri mitigates Parkinson’s disease pathology in C. elegans via ferroptosis modulation	Scientific Reports	Simran Singh, Anusree Damodaran, S. C. Goswami, Manjul Lata, Mukesh Pasupuleti, Sonia Verma
10.3390/biom16081191	2026	Mechanobiology of Matricellular Proteins in Bladder Cancer: A Narrative Review and Bioinformatics Analysis	Biomolecules	Alim Turgaliyev, Roman Konovalov, Anton Borissenko, Dieter Riethmacher
10.1371/journal.pone.0344194	2026	Meningococcal carriage and transmission dynamics in college students in Louisville, Kentucky	PLoS ONE	Forest Wayne Arnold, Leslie Wolf Parrish, Subathra Marimuthu, Jamie Findlow, Angela Elder Quinn, Vidyulata Salunkhe, Daniya Sheikh, Phillip F. Bressoud, T’Shura Ali, Dawn Balcom, Mohammad Ali, Ryan S. Doster, Deepti Deepti, Mohammad Tahboub, Fama Mody Ndiaye, Jay Lucidarme, S. A. Clark, Ray Borrow, 
10.1186/s12964-026-03094-6	2026	Mesenchymal WNT signaling coordinates epithelial and mesenchymal differentiation in the developing murine ureter	Cell Communication and Signaling	Mark‐Oliver Trowe, Philipp Straube, Florian Bergmann, Nurullah Aydoğdu, Hauke Thiesler, Herbert Hildebrandt, Tobias Bohnenpoll, Andreas Kispert
10.3389/ffunb.2026.1870189	2026	Metabarcoding of Chloraea orchid roots reveals diverse fungal communities and a negative association between fungal diversity and geographic range	Frontiers in Fungal Biology	Orlando Jeldes-Cajas, Janice Zúñiga, Alfredo Ceballos, Isadora Chavez, Guillermo Pereira, Marco A. Molina‐Montenegro, Cristian Atala
10.3897/imafungus.17.196998	2026	Metabarcoding reveals a hidden endophytic stage of the 'zombie-ant' fungus in Amazonian mosses	IMA Fungus	Tales Alves-Júnior, João Paulo Machado de Araújo, Aristóteles Góes-Neto, Thairine Mendes-Pereira, Charles E. Zartman
10.3389/fmicb.2026.1822116	2026	Metabolic potential of newly isolated bacterial species from the deep subsurface of the Iberian Pyrite Belt	Frontiers in Microbiology	Adrián Martínez-Bonilla, Guillermo Mateos, Miryam Carrillo-Bautista, David Arranz, Ricardo Amils, Cristina Escudero
10.1186/s12866-026-05457-y	2026	Metagenomic and cultivation-based description of a syntrophic butyrate-oxidizing bacterium from a thermophilic and high-ammonia biogas process	BMC Microbiology	Malin Tiefensee, Nils Weng, Jonas Ohlsson, Maria Westerholm
10.1002/wer.70567	2026	Metagenomics Reveals Microbial Community Shifts Associated With Contrasting Anthropogenic Impacts in Freshwater Sources of A Coastal Protected Area in Southeastern Brazil	Water Environment Research	Bruna Barbosa de Paula, Marize Pereira Miagostovich, Patricia Emilia Bento Moura, André Vinicius Costa Ribeiro, Natália Maria Lanzarini, Carla Santos de Oliveira, Shênia Patrícia Corrêa Novo
10.64898/2026.07.06.736843	2026	Metallothionein loss in cancer cells contributes to increased mutations through defective DNA repair and metabolic imbalance	bioRxiv (Cold Spring Harbor Laboratory)	Mirna Mina-Abouda, Amy C. Rees, Della Evans, Evan Villamor, George Fullbright, Heather R. Ghent, Madison A. Clark, Wendy Y Zhang, Isabel Koehler, Isabella Berry, Sydney Oesch, Robert Hutchinson, Davide Delisi, Christopher Solı́s, Alexander Y. Maslov, Christopher Bradley, Samim Sharifi, Rosemarie Ell
10.1016/j.virol.2026.111057	2026	Metatranscriptomic analysis of viral sequences associated with Culex nigripalpus at an Alabama aquaculture site	Virology	Aasma Sharma, Kyle Oswalt, Natalie Wong, Chaoyang Zhao, John F. Beckmann, Kathleen M. Martin
10.3389/fpls.2026.1918439	2026	Methylcytosine oxidation derivatives are preferentially associated with repetitive chromatin and mark active rDNA in Silene latifolia	Frontiers in Plant Science	Marcel Hubinský, Václav Bačovský, P. Novotná, Radim Čegan, Roman Hobza, Jose Luis Rodriguez Lorenzo
10.1128/jmbe.00288-25	2026	Microbiome education at under-resourced institutions: current status, barriers, and approaches to successful implementation	Journal of Microbiology and Biology Education	Mentewab Ayalew, Ava M. Hoffman, Karla Fuller, Jennifer Kerr, Andrew Lee, Joslynn Lee, Edu Suarez Martinez, Katherine Ulbricht, Xianfa Xie
10.1088/1755-1315/1603/1/012039	2026	Mining Archives Reveals the False Genetic Footprint of Osteochilus Species (Cyprinidae: Labeoninae) in Sumatra, Indonesia	IOP Conference Series Earth and Environmental Science	Angkasa Putra, Sarifah Aini, Hyun-Woo Kim, Shantanu Kundu
10.64898/2026.03.27.714789	2026	Mitochondrial ATP production promotes T cell differentiation and function by regulating chromatin accessibility	bioRxiv (Cold Spring Harbor Laboratory)	Charles Ng, Tak Shun Fung, Dayi Li, Korbinian Nepomuk Kropp, Luis F. Somarribas Patterson, Alexandria Markovitz, Daniel N. Weinberg, Olivia Jones, Ji-Young Kim, Guoan Zhang, Richard Koche, Mara Monetti, Huayuan Tang, Yun He, Zhengshuang Xu, Xin Cai, Ziqi Yu, Geetha Bhagavatula, Sean P. Colgan, Yi Li
10.1016/j.cell.2026.08.023	2026	Mitochondrial ATP promotes T cell differentiation through chromatin accessibility	Cell	Charles Ng, Tak Shun Fung, Dayi Li, Korbinian N. Kropp, Luis F. Somarribas Patterson, Alexandria Markovitz, Daniel N. Weinberg, Olivia Jones, Ji-Young Kim, Guoan Zhang, Richard Koche, Mara Monetti, Huayuan Tang, Yun He, Zhengshuang Xu, Xin Cai, Ziqi Yu, Geetha Bhagavatula, Sean P. Colgan, Ya-Hui Lin
10.1002/ece3.73585	2026	Mitochondrial Genome of the Indo‐Pacific Mesophotic Coral Leptoseris columna (Scleractinia: Agariciidae) Assembled Using PacBio Long‐Read Sequencing	Ecology and Evolution	Nomita Rani Adhikary, Daniel J. Barshis, Juan Antonio Baeza
10.64898/2026.01.06.698045	2026	Mitochondrial dsRNA: A Hidden Source of Immunogenic RNA in ADAR1 Deficiency	bioRxiv (Cold Spring Harbor Laboratory)	Haoqing Shen, Vincent Tano, Jian Han, Vanessa Hui En Ng, Wei Liang Gan, Sze Jing Tang, Ethan X. Tan, Shu Qin Peng, Larry Ng, Bryan Y.L. Ng, Ka Wai Leong, Xiaohui Sui, Jesslyn Zhou, Leilei Polly Chen
10.1099/mgen.0.001792	2026	Mitogenomics in Amanita, evolution, species delimitation and its utility at the species complex level	Microbial Genomics	Christian Quintero‐Corrales, Roberto Garibay‐Orijel
10.1007/s42770-026-02018-3	2026	Molecular characterization of extended-spectrum β-lactamases-producing Escherichia coli isolated from patients with bacteremia	Brazilian Journal of Microbiology	Beatrice D. V. L. Souza, Guilherme Solveira, Guilherme F. R. de Souza, Henrique Orsi, Daiany R. P. de Lira, Iranildo do A. Fernandes, Adriano M. Ferreira, Alessandro L. Mondelli, Claudio T. Sacchi, Karoline R. Campos, Marlon B. N. Santos, Carlos H. Camargo, Rodrigo T. Hernandes
10.1038/s41598-026-58647-z	2026	Molecular diversity and evolutionary dynamics of phage receptor binding proteins in Staphylococcus aureus: implications for phage therapy and resistance	Scientific Reports	C. S. Vinodkumar, Dr B.S. Prasad, A. Arunkumar, Ishfaq Nabi Najar, Aarti Singh, J. K. Veni Emilda, R. Venkatesh, Vikram Sivaji, V. L. Jayasimha, Suresh Basavaraj Arakera, Suneeta Kalasuramath, N. Ramesh, Balaji Veeraraghavan
10.1016/j.jmgm.2026.109413	2026	Molecular insights into the dual-glycoprotein surface layer of the oral bacterium Tannerella serpentiformis	Journal of Molecular Graphics and Modelling	Stephanie Grill-Walcher, Andreas Breitwieser, Muhammad Zeshan Afzal, Dietmar Pum, Alexandre M. J. J. Bonvin, Chris Oostenbrink, Christina Schäffer
10.1016/j.xcrm.2025.102546	2026	Multimodal profiling of pancreatic cancer reveals a TIMP-1-dominated secretory profile determining pro-tumor immunoinstruction in human cancers	Cell Reports Medicine	Julian Frädrich, Carmen Mota Reyes, Michel Hendel, Vanessa Brunner, Batu Toledo, Damjan Manevski, Alexander Sommer, Daniel Häußler, Dominik Beck, Daniele Lucarelli, Jaime Martínez de Villareal, Lennard Halle, Raphael Kfuri-Rubens, Kaan Çifcibaşı, Anna Hirschberger, Rupert Öllinger, Percy Alexander K
10.37349/eds.2026.1008140	2026	Multiscale computational profiling of a promising carbapenemase inhibitor: from binding dynamics to quantum reactivity	Exploration of Drug Science	Ayuba Olanrewaju Mustapha, Adefunke Jelilat Adeniyi, Mazeedah Eniola Alaka, Sulyman Olalekan Ibrahim, Yusuf Oloruntoyin Ayipo
10.1093/g3journal/jkag046	2026	Mutational basis of ceftazidime-borrelidin A collateral sensitivity in Escherichia coli	G3 Genes Genomes Genetics	Laura L Phillips, Arianna Carrasco, Jonathan Weiss, Dennis Y. Liu, Roger G. Linington, Alex Wong
10.1016/j.hazadv.2026.101470	2026	Nanoplastic and metal-oxides transcriptomic responses and oxygen consumption analysis in the Antarctic clam Laternula elliptica	Journal of Hazardous Materials Advances	Rodolfo Rondón, Felipe León, Marcelo González‐Aravena, Elisa Bergami, Cristian Chaparro, César A. Cárdenas, Caroline Pérez-toledo, Ignacio Garrido, Alejandro Font, Garance Perrois, Kurt Paschke, Erwan Corre, Ilaria Corsi, Céline Cosseau
10.1111/apm.70149	2026	Network Analysis of polA in Acinetobacter baumannii International Clone 2 and Computational Evaluation of Nodulisporone and Nodulisporol as Potential Inhibitors	Apmis	Dhruva Tirumalasetty, Vamsi Seerla, Akshay.PP, Princia Maria Dsouza, Nandish.V, Sreeparvathy, Anieth Noel A, Vanitha Krishna Subbaiah, L. A. Rama Chandra Prasad, Bruno Silvester Lopes
10.1093/g3journal/jkag136	2026	New annotations for three pea aphid genome assemblies allow comparative analyses of duplication and gene family evolution	G3 Genes Genomes Genetics	Kevin D. Deem, Jennifer A. Brisson
10.1016/j.jcv.2026.105940	2026	Next generation sequencing approaches for the detection and characterization of enteroviruses in clinical, public health, and research settings: Expert view of the European non-polio enterovirus network (ENPEN)	Journal of Clinical Virology	Kimberley  S.M. Benschop, Florian Zwagemaker, Lili Li, Cristina Andrés, Andres. Anton, Carla Berengua, Nataša Berginc, Maël Bessaud, Maxime Bisseux, Erika Bujáki, Benjamin Canning, Claus Bohn Christiansen, Karen Couderé, Eeva Broberg, Hayley Cassidy, Concetta Castilletti, Cristina Celma, O Cinek, Nó
10.3389/fmars.2026.1870001	2026	No data literacy, no ocean protection? A perspective on lowering barriers to data literacy in marine environmental sciences	Frontiers in Marine Science	Sarah Büker, Annika Nolte, Lena Steinmann, Rolf Drechsler
10.1128/jb.00597-25	2026	Norepinephrine derepresses the Fur regulon of Neisseria gonorrhoeae to enable growth in iron-limited conditions	Journal of Bacteriology	Camille S. Westlake, Julie Lynn Stoudenmire, Indu Bhatia, Yasiru Randika Perera, Rachel M. Krueger, Cynthia Nau Cornelissen, Walter J. Chazin, Melissa M. Kendall, Alison K. Criss
10.1161/circgen.125.005471	2026	Novel Truncating Variant c.1222DupC in RBM20 Causes Cardiomyopathy Consistent With Haploinsufficiency	Circulation Genomic and Precision Medicine	Priyanka Pant, Yong Huang, Zakiya Ghouse, Fang Bai, Elena Kemmling, Laura Konrad, Ahmed Alameldeen, Rebecca Kistler, Timon Seeger, Michael Gotthardt, Victoria Nicole Parikh, Maarten M.G. van den Hoogenhof
10.1016/j.cell.2026.05.019	2026	Nuclear proteome reveals microtubule-associated protein regulating fate and disease	Cell	Florencia Merino, Lucas Miranda, Aparajita Kumar, Yiling Li, Deepak Kumar Sundaramoorthy, J Merl-Pham, Eva-Maria Schentarra, Clemens Steinek, Veronica Pravata, Claire Kittock, Martina Bürkle, Bob A. Hersbach, Javier Ferri Beneito, Florian Giesert, Ralf Jungmann, Louis‐Jan Pilaz, Stefanie M. Hauck, S
10.1016/j.ympev.2026.108740	2026	Nuclear single-copy orthologous genes as phylogenomic markers for resolving the closely related firefly genera Pteroptyx, Medeopteryx, and Trisinuata (Coleoptera: Lampyridae: Luciolinae)	Molecular Phylogenetics and Evolution	Kamonchat Prommarit, Ajaraporn Sriboonlert, Passorn Wonnapinij
10.1038/s41598-026-49280-x	2026	Oncogenic HPV types identified in Paleolithic and Chalcolithic human genome sequencing data from Ust’-Ishim and Ötzi	Scientific Reports	Juliana B Yazigi, Caio O. Cyrino, Cristina Mendes Peter, Renata C. Ferreira, Juliana Terzi Maricato, Luiz Mário Janini, Marcelo R. S. Briones
10.1038/s41592-026-03037-6	2026	Open and sustainable AI: challenges, opportunities and the road ahead in the life sciences	Nature Methods	Gavin Farrell, Eleni S. Adamidi, Rafael Andrade Buono, Mihail Anton, Omar Abdelghani Attafi, Salvador Capella Gutierrez, Emidio Capriotti, Leyla Jael Castro, Davide Cirillo, Lisa C. Crossman, Christophe Dessimoz, Alexandros C. Dimopoulos, Raúl Fernández-Díaz, Styliani-Christina Fragkouli, Carole Gob
10.1038/s41592-026-03037-6	2026	Open and sustainable AI: challenges, opportunities and the road ahead in the life sciences	Nature Methods	Gavin Farrell, Eleni Adamidi, Rafael Andrade Buono, Marc Anton, Omar Abdelghani Attafi, Salvador Capella Gutierrez, Emidio Capriotti, Leyla Jael Castro, Davide Cirillo, Lisa Crossman, Christophe Dessimoz, Alexandros C. Dimopoulos, Raúl Fernández-Díaz, Styliani-Christina Fragkouli, Carole Goble, Wei 
10.1126/sciadv.aed8038	2026	PBRM1-dependent PBAF targeting is required for EMT and metastasis in breast cancer	Science Advances	Alisha Dhiman, Mitchell G. Ayers, Jamie L McCuiston, Aparna B. Shinde, Saeed Salehin Akhand, Guanming Jiao, Juan P P Jauregui-Lozano, Marco Hadisurya, Elizabeth G. Poulsen Porter, W. Andy Tao, Vikki Marie Weake, Yucheng Zhang, Sagar M. Utturkar, Matthew R. Marunde, Michael K. Wendt, Emily C. Dykhuiz
10.1128/jvi.01930-25	2026	Pantanal virophage: a new virophage species associated with a moumouvirus and a transpoviron, expanding the genus Sputnikvirus	Journal of Virology	Bruna Luiza de Azevedo, Nídia Esther Colquehuanca Arias, Talita Bastos Machado, JOÃO PESSOA ARAÚJO JÚNIOR, Ana Karoline da Nóbrega Nunes Alves, Luiz Carlos Junior Alcantara, Frank O. Aylward, Luiz Henrique Rosa, Rodrigo Araújo Lima Rodrigues, Jônatas Santos Abrahão
10.1186/s10020-026-01458-9	2026	Panx3 deficiency in mice impairs bone fracture healing and causes transient hypoglycemia in neonatal animals	Molecular Medicine	S. Jiang, Anke Baranowsky, Julia Luther, Brooke L. O’Donnell, Brent Wakefield, Clara Bassen, Mona Neven, Gesine Eis-Janzyk, Michael Amling, Silvia Peñuela, Thorsten Schinke, Johannes Keller
10.1177/11779322261433663	2026	PathoAnalyzer-I: An Integrative Bioinformatics Platform for Chronic Disease Analysis	Bioinformatics and Biology Insights	Ali Aguerd, Faiza Bennis, Fatima Chegdani
10.7554/elife.109259.1	2026	Pathogen-Phage Geomapping to Overcome Resistance	eLife	Camilla Do, Keiko Christine Salazar, Justin R. Clark, Austen Lee Terwilliger, Paul Ruchhoeft, Paul Nicholls, Anthony William Maresso
10.7554/elife.109259.3	2026	Pathogen-phage geomapping to overcome resistance	eLife	CD Do, Keiko Christine Salazar, James D. Chang, Justin R. Clark, Austen Lee Terwilliger, Paul Ruchhoeft, Paul Nicholls, Anthony William Maresso
10.7554/elife.109259	2026	Pathogen-phage geomapping to overcome resistance	eLife	Camilla Do, Keiko Christine Salazar, James Ducksoon Chang, Justin R. Clark, Austen Lee Terwilliger, Paul Ruchhoeft, Paul Nicholls, Anthony William Maresso
10.1093/jacamr/dlag139	2026	Performance of carbapenemase screening algorithms for detection of OXA-244-producing Escherichia coli	JAC-Antimicrobial Resistance	Keziah N Keizer, Tom J. Harryvan, Ianthe Maat, Saraa J Vainio, A L M Vlek, Damian C. Melles∗, Rob J. Rentenaar, Daphne E. Groothuis, Jan A J W Kluytmans, F N J Frakking
10.1016/j.idairyj.2026.106740	2026	Phage-mediated biocontrol of Pseudomonas putida and Pseudomonas fluorescens in dairy products using gelatin-based delivery	International Dairy Journal	Malavika Binitha Hari, Nimisha Mahesh, S Neeraja, Nikhil Harikumar, Ambily Vasudevan, Pradeesh Babu, Bipin G Nair, Geetha B. Kumar, Jayalekshmi Haripriyan
10.1038/s41467-026-70808-2	2026	Phage-steering permits antibody-mediated clearance of E. coli K1 from the gut	Nature Communications	Louise Larsson, Anouk Bertola, Nicolas Wenner, Jasmine Kaur, Sara Dion, Leonardo F. Lemos Rocha, Timothy G. Keys, Christoph Rutschmann, Kateryna Vershynina, Despoina Dimakou, Elisa Cappio Barazzone, Verena Lentsch, Niina Ruoho, Carine Roese Mores, R. R. Schumann, Shinichi Sunagawa, Érick Denamur, Em
10.1128/spectrum.03261-25	2026	Phenotypic discordance in rifampicin resistance detection among Mycobacterium tuberculosis isolates from China: insights from whole-genome sequencing and a structured literature review	Microbiology Spectrum	Yali Chen, Cuiping Guan, Yunfeng Deng, Mao‐Shui Wang, Zhongfa Zhang
10.1111/ppa.70160	2026	Phylogenetic Analysis of Allorhizobium vitis Strains in the Okanagan Valley, British Columbia, Canada	Plant Pathology	Portiaa McGonigal, Arafat Rahman, Andrea M. Schiffer, Alexandra J. Weisberg, Louise M. Nelson
10.1002/ece3.73849	2026	Phylogenetic and Environmental Insights Into the Biogeography of the Western Blacknose Dace, Rhinichthys obtusus	Ecology and Evolution	Adelina Rodriguez, Timothy S. Earley, Samuel Taylor, Thomas E. Dowling, PHILLIP M. HARRIS, Jeremy Wright, Antonio Machado‐Allison, Barry Chernoff
10.3897/asp.84.e192470	2026	Phylogenetic relationships among four superfamilies in Tanaidacea (Peracarida) inferred from mitochondrial genomes	Arthropod Systematics & Phylogeny	Yoshinobu Matsushima, Yasunori Kano, Keiichi Kakui
10.1016/j.pmpp.2026.103323	2026	Phylogenomic placement and host compatibility of five Pyricularia oryzae isolates from Lolium-based forage systems	Physiological and Molecular Plant Pathology	Jie‐Hao Ou, Akito Kubota, Masahiro Fujimori, Takanori Yagi, Kazuyuki Okazaki
10.3390/ijpb17070059	2026	Pilot Multilocus DNA-Barcoding Assessment of Four Morus alba L. Accessions from Mangystau, Kazakhstan, with Low-Coverage Oxford Nanopore Quality Control	International Journal of Plant Biology	Akzhunis Imanbayeva, Duisenova Nurzhaugan, N.A. Tolep, Aidyn Orazov, Ainur Tuyakova, Akimzhan Lukmanov
10.1098/rstb.2025.0083	2026	Positive and relaxed selection on mitochondrial DNA in parasitic versus predatory mites	Philosophical Transactions of the Royal Society B Biological Sciences	Justin C. Havird, Endong Wang, Kendra Zwonitzer, Georgina L. Aitolo, Xuebing Xu, Bo Zhang
10.1007/s00216-026-06459-5	2026	Potential of SERS and proteomics for biomarker detection in cancer cells	Analytical and Bioanalytical Chemistry	David Lilek, Anna Mayr, Christoph Grossinger, Justyna Rechthaler, Lukas Steininger, Daniel Zimmermann, Sonja Gamsjaeger, Bodo D. Wilts, Maurizio E. Musso, Christoph Wiesner, Agnes Grünfelder, Birgit Herbinger, Katerina Prohaska
10.3389/fendo.2026.1787973	2026	Preconception exposures of female mice to a panel of metabolic disruptors induce sexually dimorphic metabolic perturbations in their offspring	Frontiers in Endocrinology	Carlos Díaz-Castillo, Stephanie Rose Aguiar, Raquel Chamorro-García
10.1186/s12863-026-01410-0	2026	Preliminary genomic assessment of invasive Streptococcus pneumoniae serotype 3 isolates in Malaysia	BMC Genomic Data	Cheng-Ngee Tan, Revathy Arushothy, Nalini Ragandaran, Fakrul Niza Jamaluddin, Kah-Ooi Chua, Kok‐Gan Chan, Rohaidah Hashim
10.1016/j.vetmic.2026.111111	2026	Prevalence, genomic diversity and emerging antimicrobial resistance of Taylorella asinigenitalis in Grand Noir du Berry breeding donkeys	Veterinary Microbiology	Marie‐France Breuil, Fabien Duquesne, Juliette Magoga, Corinne Sévin, Sofia Kozak, Amandine Gesbert, Angélique Petit, Fabrice Reigner, Sandrine Pétry
10.1007/978-3-032-13127-0_4	2026	Processing of High-Speed Imaging Data with Galaxy and Cwltool	Lecture notes in computer science	I. P. Baranov, Maxim Gorodnichev, Sergey V. Starinskiy, Nikolay B. Miskiv, Elena M. Starinskaya
10.1128/msystems.00183-26	2026	Prophage induction and acetate availability are associated with distinct Lactiplantibacillus plantarum electrode responses	mSystems	Aaron Leininger, Emily Mayo, Yuqing Yan, Wenyu Gu, Harold D. May, Zhiyong Jason Ren
10.3389/fmicb.2026.1777609	2026	Prophage landscapes in clinical MRSA: safety profiling and discovery of Lys81, a broad-spectrum bacteriolytic enzyme	Frontiers in Microbiology	冉芳菲, Minglei Yang, Xiuxiu Zeng, 苏惠, Jiayi Dong, Guosheng Gao, Airong Hu, Yaoren Hu, Yuechao Sun
10.64898/2026.09.08.750206	2026	Protein-independent regulation by transgene-derived small interfering RNAs rewires endogenous regulatory networks to enhance plant growth, architecture, and drought performance	bioRxiv (Cold Spring Harbor Laboratory)	Gustavo J Vannay, Joaquin E Garcia, José Pablo Murguía, Maria Lourdes Bruno, Luciano Nicolás Caraballo, Elina Welchen, Damián Alejandro Cambiagno, Raquel Lía Chan, Matías Capella
10.21203/rs.3.rs-10551443/v1	2026	Protein–protein interaction network analysis of the phaseolus vulgaris factorome reveals AP2/ERF, WRKY, and NAC as key regulators in defense against colletotrichum lindemuthianum race 65	Research Square	Elenildo dos Santos Oliveira, Welison Andrade Pereira
10.1186/s12014-026-09582-8	2026	ProteoBoostR: an interactive framework for supervised machine learning in clinical proteomics	Clinical Proteomics	Annika Topitsch, Niko Pinter, Tilman Werner, Katja Nelson, Tobias Fretwurst, Oliver Schilling
10.64898/2026.02.27.708571	2026	Proteomic Screening Identifies HNRNPA2B1 as an Epigenetic Repressor of Epstein-Barr Virus Reactivation	bioRxiv (Cold Spring Harbor Laboratory)	Febri Gunawan Sugiokto, Yuxin Liu, Renfeng Li
10.1007/s10126-026-10661-y	2026	Proteomic and Small RNA Characterization of Extracellular Vesicle-enriched Particles Released from Cultured Host-isolated Symbiodiniaceae	Marine Biotechnology	Tzu-Yuan Sung, Pei-Chi Shih, Bonien Chen, Ming‐Chang Hong
10.1128/jvi.00613-26	2026	Proteomic screening identifies HNRNPA2B1 as an epigenetic repressor of Epstein-Barr virus reactivation	Journal of Virology	Febri Gunawan Sugiokto, Y Liu, Renfeng Li
10.1038/s44319-026-00806-4	2026	Proximity proteomics reveals a co-evolved LRRK2-regulatory network linked to centrosomes	EMBO Reports	Marita Eckert, Pasquale Miglionico, Francesca Izzi, Natalia De Oliveira Rosa, Benjamin Riebenbauer, Marius Ueffing, Francesco Raimondi, Christian Johannes Gloeckner
10.1016/j.immuni.2026.06.023	2026	Purine and pyrimidine-based bacterial cyclic dinucleotides egress the phagosome and activate the innate immune sensor STING	Immunity	Stephanie A. Ragland, Katherine E. Lindblad, Yao Li, Joon H. Choi, Daniel Okin, Joshua Q. Mao, Desmond Richmond-Buccola, Daniela R. Coronado, Madison R. Brown, Scott B. Snapper, Philip J. Kranzusch, Jonathan C. Kagan
10.64898/2026.08.26.747218	2026	RNA-dependent association of the pyruvate dehydrogenase complex with mtDNA-containing assemblies supports mitochondrial translation	bioRxiv (Cold Spring Harbor Laboratory)	Johannes Hagen, Nupur Sharma, Felix Thoma, Veronika Iskra, Serena Schwenkert, Simon Schrott, Ignasi Forné, Julia Weisenseel, Mengqiao Yang, Nadja Lebedeva, Christof Osman
10.1016/j.aspen.2026.102605	2026	RNA-seq data analysis of Tabanus nipponicus salivary gland and comprehensive identification of anticoagulant proteins and antimicrobial peptides	Journal of Asia-Pacific Entomology	Ercha Hu, Keisuke Suganuma, Zetian Zhang, Sachiko Aoki, Yuta Nakao, Bayinchahan Gailike, Wei Zhang, Qingyong Guo, Noboru Inoue
10.1093/nar/gkag331	2026	RPA hyperphosphorylation hinders the resolution of R-loops and G-quadruplex-associated R-loops during RAS-driven senescence	Nucleic Acids Research	Ylenia Cortolezzis, Vanessa Tolotto, Luca Triboli, Raffaella Picco, Miguel Angel Soler, Sara Fortuna, Giacomo Bettin, Francesca D’Este, Enrico Carlassara, Gabriele Magris, Kyle M. Miller, Alessandro Angelini, Luigi Emilio Xodo, Eros Di Giorgio
10.1038/s41598-026-61142-0	2026	Reconstituting central nervous system niche cues partially restores homeostatic-like features in cultured murine primary microglia	Scientific Reports	Victoria Ilse, Susan Barendrecht, Julia Hahndorf, Stefanie Geißler, Benjamin Hietel, Daniel‐Christoph Wagner, Martin S. Staege, Holger Cynis
10.1038/s41467-025-65104-4	2026	Reduction of RAD23A extends lifespan and mitigates pathology in a mouse model of TDP-43 proteinopathy	Nature Communications	Xueshui Guo, Ravindra Singh Prajapati, Jiyeon Chun, Insuk Byun, Kamil K. Gebis, Yizhi Wang, Karen Ling, Casey Dalton, Jeff A. Blair, Anahid Hamidianjahromi, Gemma Bachmann, Frank Rigo, Paymaan Jafar‐Nejad, Jeffrey N. Savas, Min Jae Lee, Jemeen Sreedharan, Robert Gordon Kalb
10.1016/j.scib.2026.04.057	2026	Regional immunity in the respiratory tract: challenges and opportunities	中国科学通报：英文版	Shuo Wang, Si Chen, Lianpan Dai, Fengqi Li, Hui Li, Kefang Liu, Xiangzhi Meng, Jian Wang, Hua Yue, Airu Zhu, Bin Cao, Ling Chen, Ren Sun, Wei Wei, Jincun Zhao, Min Zhao, Fusheng Wang, Zhigang Tian, Chen Dong, George F. Gao
10.1111/mmi.70055	2026	Regulatory Activity Switching by NtrX Rescues the Stress Phenotypes Caused by Loss of ChvIG in Caulobacter crescentus	Molecular Microbiology	Anne Amalie Winther Faber, Michelle K. Nielsen, Vishnu Narayanan Madhavan, Lykke H. Hansen, Clare Louise Kirkpatrick
10.1016/j.celrep.2026.117176	2026	Regulatory elements in the Sox9 locus license the initiation of pancreatic ductal adenocarcinoma	Cell Reports	Marta Ballester, Anita Kurilla, Yifan Dai, Leire Bergara-Muguruza, Katarzyna Radke, H. Carlo Maurer, Elisa Espinet, Kristina Høj, Aida Marisch-Delgado, Philip Allan Seymour, Saynab Omar, Charlotte Vestrup Rift, Jane Hasselby, Pia Helene Klausen, Peter Vilmann, Ainara Castellanos–Rubio, Izortze Santí
10.1038/s41586-026-10695-1	2026	Replication-stress-induced chromatin loops protect fork stability	Nature	Vincent Gaggioli, Kaustav Sengupta, Ashutosh Choudhury, Joanna Paulson, Raviprasad Kuthethur, Collin Bakker, Jialun Li, Calvin S.Y. Lo, Alex J. Whale, Jeroen van den Berg, Leire Asua Intxausti, Noelia Gil-Lanza, Iván Galván‐Femenía, Eleni Maria Manolika, Sangavi Eswaran, Hina N Khan, Estel Ferré, Gr
10.64898/2026.05.28.719125	2026	Reproducible and shareable bioinformatics pipelines from natural-language prompts	bioRxiv (Cold Spring Harbor Laboratory)	Hyeon-Min Kim, Hwayeon Jeong, Abyot Melkamu Mekonnen, Yeongjun Kim, Youngchul Oh, Heetak Lee, Cheulhee Jung, Jeongbin Park
10.3389/fmicb.2026.1798515	2026	Resolving taxonomic uncertainties in the genus Haemophilus: a genomics-based approach for the reclassification of species within genera of the family Pasteurellaceae and proposal of four novel genera and one novel species	Frontiers in Microbiology	G. Seguí, Beatriz Piñeiro-Iglesias, Francisco Salvà-Serra, Roger Karlsson, Edward R. B. Moore
10.1094/phyto-05-25-0168-sc	2026	Revisiting the Identification of Xanthomonas arboricola Strains Isolated from Cherry in Montenegro Through Genome Analysis and Pathogenicity Testing	Phytopathology	Sara Cuesta-Morrondo, Ana Palacio‐Bielsa, T. Popović, Aleksa Ž. Obradović, Jerson Garita‐Cambronero, Jaime Cubero
10.1007/s42979-026-04947-0	2026	Right-Sizing Compute Resource Allocations for Bioinformatics Tools with Total Perspective Vortex	SN Computer Science	Nuwan Goonasekera, Catherine Bromhead, Simon Gladman, Keith Suderman, Nathan Coraor, B Grüning, Enis Afgan
10.1016/j.jbiosc.2026.03.010	2026	Role of the CYR1G2066A mutation in ethanol tolerance of sake yeast Kyokai no. 11	Journal of Bioscience and Bioengineering	Kazuya Morinaka, Yoshihiro Isida, Mamoru Watanabe, Daisuke Watanabe, Tetsuya Goshima, Takeshi Akao, Miwa Yamada, Hitoshi Shimoi
10.1016/j.pestbp.2026.107151	2026	Role of the expanded Bombus terrestris CYP6AQ cytochrome P450s subfamily in thiacloprid metabolism and their interaction with SBI fungicides	Pesticide Biochemistry and Physiology	Alexandra Pardo, Núria Arranz, Xingzhi Xiao, Miguelina M. Mateo-Miranda, Lidia Blanco‐Sánchez, Pedro Hernández‐Crespo, Félix Ortego, Pilar Sandín‐España, Ralf Nauen, Gema P. Farinós
10.1016/j.diagmicrobio.2026.117624	2026	Routine methods misidentify Serratia spp.: Limitations of MALDI-TOF MS revealed by whole-genome sequencing	Diagnostic Microbiology and Infectious Disease	INGRID MACEDO FELÍCIO, Edgard de Freitas Vianna, Mila M. Almeida, Jéssica de Oliveira Abreu, Robson Souza Leão, Elizabeth Andrade Marques
10.64898/2026.03.04.709622	2026	Rubicon modulates neuroimmune responses following traumatic brain injury	bioRxiv (Cold Spring Harbor Laboratory)	Sagarina Thapa, Amir Mehrabani-Tabari, Olivia Pettyjohn-Robin, Dexter PH Nguyen, Mehari M Weldemariam, Chinmoy Sarkar, Maryam Khan, Maureen A. Kane, Marta M. Lipinski
10.64898/2026.07.13.738231	2026	SARS-CoV-2 ORF9b exploits mitochondrial recruitment to TOMM70 for proteasomal protection and tunes inflammatory remodeling during lung infection	bioRxiv (Cold Spring Harbor Laboratory)	Yining Zhao, Lauriane Kergoat, Guilherme Dias de Melo, Florence Larrous, Guillaume Drumont, Juan Diego Hernandez Camacho, Elodie Vimont, Elodie Le Seac'h, Nell Saunders, Martin Kaechele, Étienne Kornobis, Quentin Giai Gianetto, Mariette Matondo, Isabelle Tardieux, Olivier Schwartz, Hervé Bourhy, Tim
10.64898/2026.02.09.704843	2026	SIPdb: A stable isotope probing database and analytical dashboard for linking amplicon sequences to microbial activity using a reverse ecology approach	bioRxiv (Cold Spring Harbor Laboratory)	Alex Batista Trentin, Abigayle Simpson, Jeffrey A. Kimbrel, Steven J. Blazewicz, Roland C. Wilhelm
10.1093/ismeco/ycag216	2026	SIPdb: a stable isotope probing database and analytical dashboard for linking amplicon sequences to microbial activity using reverse ecology	ISME Communications	Alex Batista Trentin, Abigayle M. R. Simpson, Jeffrey A. Kimbrel, Steven J. Blazewicz, Roland C. Wilhelm
10.64898/2026.01.14.699485	2026	SeaB is a conserved Salmonella enterica extracellular matrix binding protein involved in biofilm formation and infection	bioRxiv (Cold Spring Harbor Laboratory)	Rochelle M. Da Costa, Jessica L. Rooke, Faye C. Morris, Zihao Yang, Zheng Jie Lian, Amanda E. Rossiter, Jeff A. Cole, Brian M. Forde, Adam F. Cunningham, Ian R. Henderson
10.1128/iai.00754-25	2026	SeaB is a conserved Salmonella enterica extracellular matrix binding protein involved in biofilm formation and infection	Infection and Immunity	Rochelle M. Da Costa, Jessica L. Rooke, Faye C. Morris, Zihao Yang, Zheng Jie Lian, Amanda E. Rossiter, Jeffrey A. Cole, Brian Forde, Adam F. Cunningham, Ian R. Henderson
10.1007/978-1-0716-5064-6_6	2026	Selection and Genotypic Characterization of Potential Bacterial Strains for Use as Protective Cultures	Methods and protocols in food science	Nerea Garin-Murguialday, Raquel Virto, Rafael Pagán, Laura Espina
10.64898/2026.03.03.26347354	2026	Semaglutide alters the human embryo-endometrium interface	medRxiv	Apostol G. Apostolov, Amruta D. S. Pathare, Darja Lavõgina, Cheng Zhao, Keiu Kask, Lucía Blanco-Rodríguez, Susana Ruiz‐Durán, Sanjiv Risal, Ilmatar Rooda, Pauliina Damdimopoulou, Merli Saare, Maire Peters, Hannu K. Koistinen, Ganesh Acharya, Masoud Zamani Esteki, Fredrik Lanner, Alberto Sola‐Leyva, 
10.1128/mra.01280-25	2026	Sequencing of ATCC 19951-B2 reveals Enterococcus bacteriophage misidentified as Streptococcus sp. phage	Microbiology Resource Announcements	Nicolas Fournier, Steven Theriault, Tasia Joy Lightly
10.1371/journal.pone.0342894	2026	Sequencing of the invasive E. coli strain BEN2908 isolated from poultry: A comparative investigation of genomic regions shared with intestinal and extraintestinal model E. coli strains	PLoS ONE	Tobias Weber Martins, Angélina Trotereau, Simone Lahnig-Jacques, Marine Branger, Sébastien Houle, Charles M. Dozois, Daniel Brisotto Pavanelo, Fabiana Horn, Catherine Schouler
10.1016/j.jhazmat.2026.141299	2026	Sequential exposure to anoxic/oxic conditions leads to biotransformation and reduced sitagliptin toxicity in urban hyporheic zones	Journal of Hazardous Materials	Simon Klaes, Kerstin Gerundt, Darja Deobald, Luise Henneberger, Beate Isabella Escher, Lorenz Adrian, Myriel Cooper
10.1007/s12195-026-00942-w	2026	Sex-Specific Extracellular Matrix Remodeling in Skeletal Muscle After Immobilization	Cellular and Molecular Bioengineering	Jessica R. Williamson, Michael A. Friedman, John L. McKean, Preetam Ghosh, Henry J. Donahue, Priscilla Y. Hwang
10.1038/s41467-026-70846-w	2026	Sex-specific KDM6A-HNF4A-CREBH network controls lipoprotein cholesterol metabolism and atherosclerosis via epigenetic reprograming of hepatocytes	Nature Communications	Lin Chen, Zhanfang Kang, Jennifer Härdfeldt, Ziyi Li, M. Pedrelli, Qi Li, Ruining Lyu, Philipp Valina Allo, Taras Sych, Xiangru Zheng, Peibin Lin, Jianwen Zeng, Z D Huang, Oihane Garcia-Irigoyen, Sviatlana Sukhanava, Paolo Parini, Amélie Bonnefond, Erdinç Sezgin, Bo Angelin, Eckardt Treuter, Rongron
10.1093/femsle/fnag011	2026	Sheep-associated Escherichia coli in Albania show high genomic similarity to European ovine lineages and a conserved core resistome	FEMS Microbiology Letters	Maitiú Marmion, Christina Killian, Tristan Russell, Guerrino Macori, Ilir Alimehmeti, Xhelil Koleci, Séamus Fanning
10.7717/peerj.21158	2026	ShinyVar: a web-based application for comparative Influenza variant analysis supporting structure-guided approaches to vaccine and antiviral drug design	PeerJ	Danusorn Lee, Unitsa Sangket
10.1007/s00705-026-06748-5	2026	Shotgun metagenomic sequencing and genetic characterization of four enteric viruses in a dairy farm suffering a diarrhea outbreak of undetermined cause in adult cattle	Archives of Virology	Matías Castells, María José Benítez-Galeano, Leticia Maya, María Laura Casaux, Ludmila Slimovich, Anderson Saravia, Andrés Lizasoain, Martín Fraga, Federico Giannitti, Nélida Rodríguez‐Osorio, Rodney Colina
10.64898/2026.08.14.744819	2026	Single-Cell Mapping of tRNA Expression Dynamics Across Human Hematopoiesis	bioRxiv (Cold Spring Harbor Laboratory)	Marius Külp, Mireia Osuna Lopez, Anna-Sophia Wiegand, Sebastian P. Perner, Ronay Çetin, Yves Matthess, Stefan Günther, Tessa Schmachtel, Hendrik Schultheis, Mario Looso, Manuel Kaulich, Björn Häupl, Thomas Oellerich, Vladimı́r Beneš, Halvard B. Bonig, Michael A. Rieger
10.1016/j.ymthe.2026.01.007	2026	Single-chain IL-23 secretion by CAR-T cells improves tumor control and persistence against solid tumors	Molecular Therapy	John T. Keane, David A. Degaramo, Heather M. Sosnoski, Shawna K. Brookens, Hyeon-Gyu S. Lewis, Fang Liu, Avery D. Posey
10.1007/978-1-0716-5072-1_13	2026	Small RNA Analysis in Cancer Cells	Methods in molecular biology	Victoria Silva, Srikrishna Kandooru, Damien Parrello, Brooke Froelich, Mike Hill, Yagna P. R. Jarajapu, Sergei Nechaev
10.1111/1365-2664.70292	2026	Species introduction woes: How human‐mediated crop transport can influence community dynamics through mutualist displacement	Journal of Applied Ecology	Justin Van Goor, Maya Killmade, Adalberto Gómez Zúñiga, Edward Allen Herre, Finn Piatscheck, Derek D. Houston, Themis J. Michailides, Juan Emilio Palomares‐Rius, James D. Bever, Eric S. Haag
10.1016/j.jpain.2026.106367	2026	Spontaneously hypertensive rats exhibit reduced facial pain sensitivity with altered electrophysiology and transcriptomics in the trigeminal ganglia	Journal of Pain	Basak Donertas-Ayaz, Niall P Murphy, Airam Nicole Vivanco-Estela, Matthew R. Sapio, Bruna Balbino de Paula, Sen Guo, Wendi Malphurs, Qianqian Song, John K. Neubert, Robert M. Caudle
10.1093/nar/gkag593	2026	Stable inheritance of the Streptomyces linear plasmid SCP1 by dual ParAB S partition systems	Nucleic Acids Research	Leah McPhillips, Govind Chandra, Thomas C. McLean, Ngat T. Tran, Tung B K Le
10.64898/2026.04.01.715893	2026	Structural Basis of M1 Muscarinic and H3 Histamine Receptor Inhibition in OPC Differentiation	bioRxiv (Cold Spring Harbor Laboratory)	Bryan A. Raubenolt, Fabio Cumbo, Jayadev Joshi, William C. Martin, Satish Medicetty, Yan Yang, Bruce D. Trapp, Daniel Blankenberg
10.1128/aem.01549-26	2026	Sulfur source-driven global remodeling of gene expression in the fuel-biodesulfurizing Rhodococcus qingshengii IGTS8	Applied and Environmental Microbiology	Ashraf El Nayal, Vartul Sangal, Abdelmalek Alioua, Aurélie Hirschler, Sandrine Koechler, Dimitri Heintz, Christine Carapito, Alain Van Dorsselaer, Wael Ahmed Ismail
10.1016/j.vetmic.2026.110952	2026	Susceptibility of Enterococcus spp. to chlorhexidine and Virkon® S: Effect of environmental factors, adaptation and implications for antimicrobial resistance	Veterinary Microbiology	Catarina Geraldes, Catarina Araújo, Sara Fonseca, Ana Catarina Pinheiro, Joana Fernandes Guerreiro, Carolina Silva, Gonçalo C. Pereira, Diana Gomes, Eva S. Cunha, Luís Tavares, Sofia Santos Costa, Solange Gil, Manuela Oliveira
10.64898/2026.06.16.732780	2026	Systemic degradation of repressive transcription factors gates gene expression and cell fate specification	bioRxiv (Cold Spring Harbor Laboratory)	Predrag Jevtić, Samuel R Witus, Devlon M. McCloud, Zhi Yang, Ana Milunevic Jevtic, Heegwang Roh, Michael Rapé
10.15698/mic2026.03.872	2026	TOR-dependent regulation of the yeast homolog of the juvenile Batten Disease-associated gene CLN3	Microbial Cell	Vijaykumar Pillalamarri, Samuel W. M. Gatesy, Amanda E. Grassel, Lutz Wolf, Justin P. Whalley, David M. Mueller
10.64898/2026.06.25.734514	2026	Targeted DNA nicking enables efficient, single-step and counterselection-free editing of bacteriophage genomes	bioRxiv (Cold Spring Harbor Laboratory)	Frank Englert, Sarshad Koderi Valappil, Jonas Kubilius, Stephen K. Jones, Vivek K. Mutalik, Chase L. Beisel, Constantinos Patinios
10.1101/gr.281373.125	2026	Telomere-driven replicative crisis is driven by large-scale changes in genomic architecture	Genome Research	Kate Liddiard, Emmon Coral, Harsh Bhatt, Kez Cleal, Duncan M. Baird
10.1371/journal.pcbi.1013869	2026	Ten common misconceptions about Galaxy (and why they are wrong!)	PLoS Computational Biology	Wendi Anne Bacon, Bérénice Batut, Sanjay Kumar Srikakulam, Paul Zierep, Anthony Bretaudeau, B Grüning, Gildas Le Corguillé, Helge Hecht, John Y. Davis, Hans-Rudolf Hotz, Beatriz Serrano‐Solano
10.1093/genetics/iyag036	2026	The Drosophila maternal-effect gene abnormal oocyte ( ao ) does not repress histone gene expression	Genetics	Risa Takenaka, Eric H. Albanese, Sierra M. Simmerman, Shilpi Verghese, Mandalay A E Maddox, Aida Flor de la Cruz, Janet M. Young, Casey A. Schmidt, Leila E. Rieder, Harmit Singh Malik
10.1111/ppa.70130	2026	The Genome of Pseudocercospora cladosporioides : A Step Toward Understanding Olive Cercosporiosis	Plant Pathology	Cristina Estudillo, Carmen Tercero‐Alcázar, Luis Orduña, Miguel Jiménez‐Morcuende, Concepción M. Díez, José Vicente Die, Juan Moral
10.1016/j.micpro.2026.105321	2026	The Italian pathfinding strategy for RISC-V-based HPC: Progress within DARE-SGA1 project	Microprocessors and Microsystems	Giovanni Agosta, Giovanni Agosta, Marco Aldinucci, Marco Aldinucci, Marcello Barbirotta, Marcello Barbirotta, Andrea Bartolini, Andrea Bartolini, Laura Bellentani, Laura Bellentani, Andrea Biagioni, Andrea Biagioni, Daniele Cattaneo, Daniele Cattaneo, Daniele Cesarini, Daniele Cesarini, Carlotta Chi
10.1177/07487304251386926	2026	The Liver Clock Tunes Transcriptional Rhythms in Skeletal Muscle to Regulate Mitochondrial Function	Journal of Biological Rhythms	Valentina Sica, Tomoki Sato, Ioannis Tsialtas, Sophia Hernandez, Siwei Chen, Pierre Baldi, Pura Muñoz‐Cánoves, Paolo Sassone‐Corsi, Kevin B. Koronowski, Jacob G. Smith
10.3389/fmicb.2026.1872994	2026	The R plasmid pRAS2 in the fish pathogen Aeromonas salmonicida is a global mediator of antibiotic resistance in aquaculture and can be used by pRAS3 for mobilization	Frontiers in Microbiology	Santosh Dahal, Hetron Mweemba Munang’andu, Asta Solberg, Henning Sørum
10.1111/bdi.70169	2026	The Toll‐Like Receptor Signalling Pathway Is Altered in iPSC ‐Derived Cortical Networks From People With Bipolar Disorder	Bipolar Disorders	Bruna Panizzutti, Chiara C. Bortolasci, Megan K. Ellis, Briana Spolding, Courtney Swinton, Trang T. T. Truong, Cassie Field, Zoe Shih-Jung Liu, Damián Hernández, Greg Roebuck, Ajeet Singh, Bruno Agustini, Robson Zazula, Ana C. Andreazza, Dana El Soufi El Sabbagh, Hyunjin Jeong, Olivia May Dean, Jee 
10.1093/narmme/ugag039	2026	The WhiA and WhiB2 transcription factors mediate the Mycobacterium tuberculosis cell cycle by regulating DNA replication and cell division	NAR Molecular Medicine	Frances Marks, Mirjana Lilić, Pranav Nalam, Leah McLelland, Xiaoxian An, Sarah M. Fortune, Elizabeth A Campbell, Sabine Ehrt
10.1093/sysbio/syag055	2026	The Y Chromosome Is a Reliable Marker for Deep-Time Phylogenetic Inference	Systematic Biology	Emmarie P. Alexander, Nicole M. Foley, William J. Murphy
10.1128/mbio.02987-25	2026	The accessibility of the HSV genome during productive infection can vary in different cell types and affect the outcome of infection	mBio	Jenna M. Nosek, Sarah E. Dremel, Neal A. DeLuca
10.1093/plcell/koag017	2026	The chloroplast ionome shines light on the dynamics of organellar iron homeostasis	The Plant Cell	Lorenz Josef Holzner, Lucia Östergaard Frank, Susanne Mühlbauer, A. Müller, Laura Schröder, Charlotte Seydel, Jennifer Grünert, Rachael Ann DeTar, Katrin Philippar, Andreas Klingl, David Mendoza-Cózatl, Ute Krämer, Thomas Nägele, Bettina Bölter, Hans‐Henning Kunz
10.1128/mra.00457-26	2026	The complete genome sequence of Caulobacter phages Senya and Shash	Microbiology Resource Announcements	Enya M. Hoxha, Gillian D. Brown, Kaylyn A. Niemiec, Jolene Ramsey
10.1080/23802359.2026.2659972	2026	The complete mitochondrial genome of Bionychiurus tamilensis (Collembola: Onychiuridae)	Mitochondrial DNA Part B	Han Soo Kim, Yujin Choi, Jeongwon Choi, Hyun-Gi Min, Soyeon Kwon, Byung Rae Jin, Yun Hui Kim, Ji Hyun Woo, Lee-Hyeon Jeon, Taekjun Lee, Yun‐Sik Lee
10.1007/s11756-026-02274-6	2026	The complete mitochondrial genome sequence of Fusarium acutatum, an emerging pathogen causing basal rot of onion (Allium cepa), reveals intron dynamics in the cox1 gene across Fusarium species	Biologia	Auji Radhakrishna, Satish Kumar, Krishnappa Jayalakshmi, Vijay Mahajan, Ram Dutta, Askani Bhargavi, Siva Ram Tejomoortula
10.1093/jhered/esag065	2026	The curious case of a Chilean copepod ( Tigriopus aff. angulatus ) genome assembly	Journal of Heredity	Isabelle P. Neylan, Rujuta V. Vaidya, Maheshi Dassanayake, Sergio Andrés Navarrete, Morgan W. Kelly, Brant C. Faircloth
10.1007/s11033-026-11719-9	2026	The first complete mitochondrial genome characterization and phylogenetic analysis of a potential biocontrol agent, Trissolcus elasmuchae (Watanabe) (Hymenoptera: Scelionidae)	Molecular Biology Reports	Rupam Debnath, K. Rajmohana, K. P. Dinesh
10.21203/rs.3.rs-10364888/v1	2026	The first genome assemblies of blackflies (genus Simulium): exploring genomic diversity across Africa	Research Square	Shannon M. Hedtke, Neha Sirwani, Emily Hendrickson, Millicent Opoku, Sindew Mekasha Feleke, Samson Otoo, Gemechu Leta, Geremew Tasew, Tesfahun Bishaw, Getachew Tollera, Anusha Kode, Millicent Afatodzie, Kwadwo Frempong, Daniel Boakye, Warwick Grant
10.3897/zookeys.1291.206033	2026	The first two complete mitochondrial genomes for the genus Neotrichoporoides (Hymenoptera, Eulophidae) and their phylogenetic analysis	ZooKeys	Jun-Sheng Wen, Xiangxiang Jin, Wen-Jian Li, Zhi-Peng Chen, Guo‐Hao Zu
10.64898/2026.01.15.699767	2026	The genome of an enigmatic sea urchin parasite Echinomermella matsi Jones & Hagen, 1987 resolves its place among other invertebrate parasitic nematodes	bioRxiv (Cold Spring Harbor Laboratory)	Joseph Kirangwa, E. A. King, Joanna Collins, Adam Bates, Mark L. Blaxter, Oleksandr Holovachov
10.1007/s13313-026-01098-x	2026	The identification of a novel cereal-infecting luteovirus, cereal red leaf virus, and clarification of other yellow dwarf viruses present in the Northern grain region of Australia	Australasian Plant Pathology	Kathleen S. Crew, Mohammad Abdullah Ahmed Al-Mashhadani, Mark W. Schwinghamer, Murray Sharman, John E. Thomas
10.64898/2026.02.24.707757	2026	The interaction between virus-bound KLF4 and host-bound PARP1 directs the localization of Adeno-Associated Virus Type 2 (wtAAV2) to cellular sites of DNA damage	bioRxiv (Cold Spring Harbor Laboratory)	Rhiannon R. Abrahams, Clairine I. S. Larsen, Raymond Ha, Kinjal Majumder
10.1128/jvi.00306-26	2026	The interaction between virus-bound KLF4 and host-bound PARP1 directs the localization of wild-type adeno-associated virus type 2 (wtAAV2) to cellular sites of DNA damage	Journal of Virology	Rhiannon R. Abrahams, Clairine I. S. Larsen, Raymond Ha, Kinjal Majumder
10.3389/fmicb.2026.1781011	2026	The iron-sulfur accelerator YgfZ modulates genome-wide IHF-binding dynamics to regulate replication initiation in Escherichia coli	Frontiers in Microbiology	Kazutoshi Kasho, Rion Satomura, Mizuki Yoshida, Ryuki Murofushi, Ikuha Kitamura, Sho Nakagawa, Wataru Nakagaki, Tsutomu Katayama
10.3389/fcell.2026.1851851	2026	The maternal KRAB-ZFP ZFPOBI1 reveals structural constraints governing ERV transcriptional co-option in mouse oocytes	Frontiers in Cell and Developmental Biology	Andrina J. Stäubli, Yan Huang, Louise J. H. Rasmussen, Freja Mosegaard Hansen, Hui Mun Loh, Michael J. Claxton, Daniel M. Messerschmidt
10.1038/s41586-026-10685-3	2026	The mutational landscape of STING-induced immunity	Nature	Bing Zhang, Pengbiao Xu, Yu Meng, Laure Gallay, F Lestelle, Hélène Morel, Marie-Louise Frémond, Bruno E. Correia, Andrea Ablasser
10.1016/j.funbio.2026.101730	2026	The pandemic strain of the myrtle rust pathogen, Austropuccinia psidii, hosts multiple mycoviruses	Fungal Biology	Donald Max Gardiner, Stephen J. Fletcher, Rosalie Sabburg, Andrew D. W. Geering, Grant R. Smith, Madhuja Palaparambil Appukkuttan, Min Chang, Thaís Regina Boufleur, Chris A. Brosnan, Anne Sawyer
10.64898/2026.01.20.700512	2026	The parasitic plant Phtheirospermum japonicum suppresses host immunity	bioRxiv (Cold Spring Harbor Laboratory)	Durga Prasad Naik Bhukya, Thomas Spallek
10.1128/mbio.01107-26	2026	The role of HIL1 in strain-level adhesion and immune recognition in Debaryomyces hansenii	mBio	Kevin P. Newhall, Ana V. de Sousa Bezerra, Jay M. Goddard, Sarah K McNeer, Aditi Mittal, Daniel J. Gutzmann, Supraja Swamy, Meenal Karuvannur, Scott T. Espenschied, Julie Y. Zhou, Kurt W. Runge, Jacob A. Kurowski, Deborah A. Hogan, Thaddeus S. Stappenbeck
10.64898/2026.04.23.720413	2026	The segregase CDC48 integrates blue light and hormonal cues to regulate photomorphogenesis in Arabidopsis	bioRxiv (Cold Spring Harbor Laboratory)	Antonela Lucía Alem, Agustín Lucas Arce, Cécile Blanchard, María Dolores Gómez, Esther Carrera, Olivier Lamotte, Miguel Angel Perez-Amador, Matías Capella
10.1038/s44318-026-00699-y	2026	Thermostable ancestors enabled evolutionary diversification of promiscuous chemical defence enzymes	The EMBO Journal	Raine E. S. Thomson, Yosephine Gumulya, Anthony W. Bengochea, Gabriel Foley, Julian Zaugg, Anna Aagaard, Connie M. Ross, James R. Beckett, Mikael Bodén, Ulrik Jurva, Martin Allistair Hayes, Shalini Andersson, Elizabeth M. J. Gillam
10.1016/j.ijppaw.2026.101232	2026	Ticks and fleas of the critically endangered mountain pygmy-possum (Burramys parvus) in Kosciuszko National Park, Australia	International Journal for Parasitology Parasites and Wildlife	Danielle J. Oste, Damien P. Higgins, Hayley Bates, Linda Broome, Floris F. van Ogtrop, Mingeun Cho, Stephen C. Barker, Jan R Šlapeta
10.1007/s10126-026-10590-w	2026	Toll-like Receptor 3 is Required for Sensing Extracellular Double Stranded RNA in Salmonid Cells	Marine Biotechnology	Bertrand Collet, Catherine Collins, Mathilde Peruzzi, Justine Catherine-Mezeray, Stephanie J DeWitte-Orr, Alexander Rebl, Pierre Boudinot
10.1016/j.etap.2026.104940	2026	Toxic effects of nanoplastics on a model of dog aortic cells	Environmental Toxicology and Pharmacology	Giuseppina Basini, Martina Tambassi, Simona Bussolati, Francesca Grasselli, Anna Scalori, Erika Scaltriti, Stefano Grolli, Roberto Ramoni, Fausto Quintavalla, Melissa Berni
10.1093/nar/gkag291	2026	Trans-histone crosstalk establishes distinct H3K79 methylation zones with differential transcriptional functions	Nucleic Acids Research	Na Hyun Park, Hwa-Ryeon Kim, Hye Young Kim, Soo Young Lee, Yong‐Joon Cho, Jae‐Seok Roe, TaeSoo Kim
10.1126/sciadv.aea9974	2026	Transcriptional repression by TGIF2 coordinates neurogenic priming and neural stem cell maintenance	Science Advances	Yiling Li, Anthi C. Krontira, Franziska Vierl, Maria Lucia Richter, Weixu Wang, Juliane Merl‐Pham, Fabian Joachim Theis, Stefanie M. Hauck, Magdalena Götz
10.1016/j.cbpa.2026.112025	2026	Transcriptional responses of the lower lip of Colossoma macropomum: An adaptation to aquatic surface respiration under hypoxic conditions	Comparative Biochemistry and Physiology Part A Molecular & Integrative Physiology	Daniel Barros Fagundes, Carlos Henrique dos Anjos dos Santos, Érica Martinha Silva de Souza Nahum, Adalberto Luís Val
10.1111/mve.70098	2026	Transcriptome profiles of Plasmodium vivax and Anopheles dirus (Diptera: Culicidae) genes in sporozoite stage	Medical and Veterinary Entomology	Siriphattrarat Aranyakasemsuk, Sirasate Bantuchai, Chalermpon Kumpitak, Jetsumon Sattabongkot, Anchanee Kubera
10.21203/rs.3.rs-9561420/v1	2026	Transcriptomic insights into gametogenesis and steroidogenic enzyme gene regulation in Australasian snapper (Chrysophrys auratus) gonads during the reproductive cycle	Research Square	Samuel J. Modern, Matthew J. Wylie, Igor Ruza, Craig Radford, Maren Wellenreuther
10.1098/rstb.2024.0534	2026	Transcriptomic plasticity in hybrid schistosomes can contribute to their zoonotic potential	Philosophical Transactions of the Royal Society B Biological Sciences	Nélia Luviano Aparicio, Eglantine Mathieu‐Bégné, Julien Kincaid-Smith, O. Rey, Marion Picard, Cristian Chaparro, Jean‐François Allienne, Anne Rognon, Bruno Polack, Isabelle Vallée, Myriam Thomas, Jérôme Boissier, Ève Toulza
10.1007/s10495-026-02336-9	2026	Tumor suppressor candidate 1 (TUSC1) drives oxidative phosphorylation and tumor cell death in colorectal cancer	APOPTOSIS	Janvie Manhas, Ruchi Bhardwaj, Sagar Tyagi, Ramani Shyam Kapuganti, Anushree Bharadwaj, Jaydeep Sharma, Gunjan Sharma, Diksha Joshi, Ayushi Jain, Priyanka Mani, S.V.S. Deo, Rajinder Parshad, Prasenjit Das, Archna Singh, Sam J. Mathew, Sudip Sen, Jayanth Kumar Palanichamy
10.1038/s41598-026-59682-6	2026	Two novel strains isolated from a brackish lake constitute Aeoliella fuhlenseeensis sp. nov. and Bythopirellula superficialaquae sp. nov. in the family Lacipirellulaceae	Scientific Reports	Nicolai Kallscheuer, G. Sathish Kumar, Jonathan Hammer, Tom Haufschild, Christian Jogler
10.1111/jse.70105	2026	Unraveling the origins, dispersal patterns, and evolutionary trajectory of marmots through integrated fossil and molecular evidence	Journal of Systematics and Evolution	Qiujin Wei, Ning Liu, Lei Cao, Xinkun Kang, Alexei Abramov, Biao Duan, Andrey Lissovsky, Xiaohu Han, Wenjuan Shan, Deyan Ge
10.1038/s41589-026-02275-1	2026	Using enantioselective biosensors to evolve asymmetric biocatalysts	Nature Chemical Biology	Simon d’Oelsnitz, Wantae Kim, Nicole N Zhao, Haley A. Hardtke, Svetlana P. Ikonomova, Nina Alperovich, Olga B Vasilyeva, Michael J. James, Eric S. Zigon, Michael Cory, Connor Johnson, Andrew D. Ellington, Quincey A. Justman, Michael Springer, Yan Zhang, Pamela A. Silver, David Ross
10.64898/2026.02.26.708130	2026	Variation of Human Transfer RNA Demand and Supply	bioRxiv (Cold Spring Harbor Laboratory)	Marius Külp, Halvard B. Bonig, Michael A. Rieger
10.1016/j.toxicon.2026.109062	2026	Venomous globiferous pedicellariae of eastern Australian Tripneustes sea urchins contain a rich diversity of cathepsin, lectin, and phospholipase A2 family proteins	Toxicon	Richard J.S. Harris, Sina Ehlert-Flaskämper, Maria Byrne, Cherie  Ann Motti, Scott F. Cummins
10.1128/mra.01463-25	2026	Whole genome sequence analysis of eight Bacillus isolates from sugar beet factory juice and biofilms	Microbiology Resource Announcements	Sanjay Joshi, Gillian O. Bruni
10.17221/116/2025-cjgpb	2026	Whole genome sequencing analysis of two sinensis tea (Camellia sinensis var. sinensis) clones: Assessment of molecular variations to search for breeding markers	Czech Journal of Genetics and Plant Breeding	Dwinita Wikan Utami, Adhityo Wicaksono, M. Khais Prayoga, Heri Syahrian, Vitria Puspitasari Rahadi, Erdiansyah Rezamela, Budi Martono, Tri Joko Santoso, Nur Kholilatul Izzah, Haris Maulana, Ady Daryanto, Rerenstradika Tizar Terryana, Imas Rita Saadah, David Virya Chen
10.3389/fvets.2026.1905200	2026	Whole-genome sequencing and molecular characterization of Newcastle disease virus isolates from Kazakhstan	Frontiers in Veterinary Science	А. S. Nurpeisova, Makay Zheney, Perizat Akshalova, Fariza Ikramkulova, Kobeikhan Begassyl, Raikhan Nissanova, Saltanat Mamanova, Maksat Serikov, Nuray Ibraim, Nurzhan Koshkinbay, Assel Zholdasbekova, Han Sang Yoo, Markhabat Kassenov, Zhandos Abay
10.1128/mra.00091-26	2026	Whole-genome sequencing of two chromogenic bacteria, Exiguobacterium spp. and Pseudomonas chlororaphis , isolated from environmental sources in Northern Colorado	Microbiology Resource Announcements	Taylor Melling, Carolina Mehaffy
10.12688/f1000research.175540.1	2026	Workflow graphical editor and translator to Nextflow	F1000Research	Ilya N. Kiselev, Anna Ryabova, Fedor Kolpakov
10.1371/journal.ppat.1014299	2026	Yad fimbriae are triggered by host cues and enhance extraintestinal pathogenic Escherichia coli tissue colonisation during bloodstream infection	PLoS Pathogens	Chloe Ellison, Curtis Cottam, Zheng Jie Lian, Tugce Onur, Burhan Choudhury, Yvette Yu Ting Ong, Minh‐Duy Phan, Mark A. Schembri, James P. R. Connolly
10.1016/j.celrep.2026.117651	2026	Yeast Rpd3L histone deacetylase couples nutrient shifts to genome-wide chromatin reprogramming	Cell Reports	Saikat Bhattacharya, Benjamin M. Sutter, Benjamin P. Tu
10.64898/2026.02.19.706824	2026	Yeast Rpd3L histone deacetylase couples nutrient shifts to genome-wide chromatin reprogramming	bioRxiv (Cold Spring Harbor Laboratory)	Saikat Bhattacharya, Benjamin M. Sutter, Benjamin P. Tu
10.1016/bs.mie.2026.07.033	2026	YerE-like enzymes for the synthesis of tertiary alcohols	Methods in enzymology on CD-ROM/Methods in enzymology	Lucrezia Lanza, Daniela Bjarnesen, William Fischer, Michael Müller
10.1093/nar/gkag802	2026	ZNF512B associates with mitotic spindles, regulates metaphase exit, and is crucial for stem cell differentiation	Nucleic Acids Research	Lena W. Paasche, Nadine Daus, Johannes J Groos, Felix Diegmüller, Carlotta Kreienbaum, Erekle Kobakhidze, Jie Lan, Jörg Leers, Stefanie Wunderlich, Marion Scheibe, Falk Butter, Annette Borchers, Joel P. Mackay, Tim Marius Wunderlich, Sandra B. Hake
10.3390/cells15111015	2026	ZONAB Regulates DNA Methylation, Mitochondrial Function, and Entry into Cell Senescence of Endothelial Cells	Cells	Wenyi Jiang, Eleanor Lynam, Juliette Delafosse, Graeme M. Birdsey, Anna M. Randi, Karl Matter, Maria S. Balda
10.64898/2026.03.05.709450	2026	Zebrafish knockout models of atxn1a , atxn1b , and atxn1l reveal distinct and shared phenotypic and transcriptomic alterations	bioRxiv (Cold Spring Harbor Laboratory)	Anwarul Karim, Pramuk Keerthisinghe, Sreeja Sarasamma, Nicholas A. Ciaburri, Mabel Guerra Giraldez, Kylan Naidoo, James Peter Orengo
10.1093/hmg/ddag078	2026	Zebrafish knockout models of atxn1a, atxn1b , and atxn1l reveal distinct and shared phenotypic and transcriptomic alterations	Human Molecular Genetics	Anwarul Karim, Pramuk Keerthisinghe, Sreeja Sarasamma, Nicholas A. Ciaburri, Mabel Guerra Giraldez, Kylan Naidoo, James Peter Orengo
10.1093/nar/gkag420	2026	bio.tools: an expanded web service for research software in the life sciences	Nucleic Acids Research	Ana Mendes, Hans Ienasescu, Christian A T Andersen, Erin Calhoun, Piotr Jaroslaw Chmura, Kathleen Collier, I E Goga, Ove Gustafsson, Matúš Kalaš, Mads Kierkegaard, Niclas K Nielsen, Erik Jaaniso, J. Jensen, Adriaan-Alexander Ludl, Hervé Ménager, Magnus Palmblad, Zsófia Magyar, Tomáš Raček, Adrián Ro
10.48130/gcomm-0026-0015	2026	eGPS-oneBuilder: an integrated GUI-CLI workflow for sequence-based phylogenetic tree construction, structure-informed clustering, and interactive tree interpretation	Genomics Communications	Dalang Yu, Wanyu Zhang, Haipeng Li, Li Li
10.1177/11769351251414086	2026	hsa-miR-1246 is Consistently Overexpressed in Spheroid-Derived Cancer Stem Cells From Multiple Tumor Types	Cancer Informatics	Ángela Y. García Fonseca, Yeimy González‐Giraldo, Natalia Vargas Rondón, Andrés Felipe Aristizábal-Pachón
10.21203/rs.3.rs-10015511/v1	2026	iPSC-Derived Myogenic Progenitor Cells from People with ME/CFS Reveal Altered Genes and Pathways with Drug Repurposing Potential	Research Square	Dao Nguyen
10.21203/rs.3.rs-10015511/v2	2026	iPSC-Derived Myogenic Progenitor Cells from People with ME/CFS Reveal Altered Genes and Pathways with Drug Repurposing Potential	Research Square	Dao Nguyen, Trang T. T. Truong, Bruna Panizzutti, Megan Ellis, Briana Spolding, CourtneySwinton, Chiara C. Bortolasci, Jenny Bryce, Smith Js, Cassie Field, Zoe Shih-Jung Liu, Jee Hyun Kim, Michael Berk, Ken R. Walder
10.1186/s13059-026-04012-2	2026	iPepGen: a modular, immunopeptidogenomic analysis pipeline for discovery, verification, and prioritization of cancer peptide neoantigen candidates	Genome biology	Subina Mehta, Reid Wagner, Katherine Do, James E. Johnson, Fengchao Yu, Tyler A. Jubenville, Kyle A. Richards, Susan Coleman, Flavia E. Popescu, Alexey I. Nesvizhskii, D A Largaespada, Pratik Jagtap, Timothy J. Griffin
10.7717/peerj-cs.3435	2026	morloc : a workflow language for multi-lingual programming under a common type system	PeerJ Computer Science	Zebulun W. Arendsee
10.1093/bioadv/vbag049	2026	parsomics : a data-driven framework for metagenomics data integration powered by a local relational database	Bioinformatics Advances	Pedro Sader de Azevedo, Meiski Mariá Vedovatto, Pedro Coelho Gimenes de Freitas, Rafaela Beatriz Silva Luz, Rodrigo Silva Araujo Streit, Gabriela Félix Persinoti
10.1016/j.celrep.2026.117992	2026	piRNA-mediated silencing of exogenous retrovirus in mouse spermatogonial stem cells	Cell Reports	Yusuke Shiromoto, Mito Kanatsu‐Shinohara, Takuya Yamamoto, Takashi Shinohara
10.1093/molbev/msag061	2026	piqtree: a python package for seamless phylogenetic inference with IQ-TREE	Molecular Biology and Evolution	Robert Neil McArthur, Thomas King-Fung Wong, Yapeng Lang, Richard Andrew Morris, Katherine Caley, Vijini Mallawaarachchi, Bui Quang Minh, Gavin A. Huttley
