citing_doi	year	title	venue	authors
	None	Pluripotency factors determine gene expression repertoire at zygotic genome activation	RePEc: Research Papers in Economics	Meijiang Gao, Marina Veil, Marcus Rosenblatt, Aileen Julia Riesle, Anna Gebhard, Helge Hass, Lenka Buryanova, Lev Y. Yampolsky, Björn Andreas Grüning, Sergey V. Ulianov, Jens Timmer, Daria Onichtchouk
	1983	Notas Técnicas: The Great Depression Revisited	Estudios De Economia	Luis Riveros Cornejo
	2002	Il tema della sostenibilità nel progetto, nella costruzione e nella gestione dei villaggi olimpici e dei villaggi media	PORTO Publications Open Repository TOrino (Politecnico di Torino)	Marco Filippi
	2002	Technique of pulmonary vein isolation by catheter ablation.	PubMed	Fred H.M. Wittkampf, R. H. W. M. Derksen, ERIC F.D. WEVER, T.A. Simmers, Lucas V.A. Boersma, Evert-Jan P.A. Vonken, Birgitta K. Velthuis, N Sreeram, Benno J.W.M. Rensing, Maarten-Jan Cramer
	2005	研究活動報告 : 日本工業所有権法学会レポート : 2005年6月中国武漢出張リポート	Hokkaido University Collection of Scholarly and Academic Papers (Hokkaido University)	千哉子 石上, 博通 青木, 曉倩 劉
	2008	耕云织雨为春忙——康熙五彩《耕织图》瓷盘鉴赏	艺术市场	梅田
	2011	TASAS DE INTERÉS Y DESEMPEÑO DIFERENCIADO DE LAS ENTIDADES DE MICROFINANZAS ANTE MÚLTIPLES SHOCKS SISTÉMICOS	Revista Latinoamericana de Desarrollo Económico	Marcelo Villafani-Ibarnegaray, Claudio Gonzáles-Vega
10.1186/s13100-016-0078-4	2016	A map of mobile DNA insertions in the NCI-60 human cancer cell panel	Mobile DNA	John G. Zampella, Nemanja Rodić, Wan Rou Yang, Cheng Ran Lisa Huang, Jane A. Welch, Veena P. Gnanakkan, Toby C. Cornish, Jef D. Boeke, Kathleen H. Burns
10.1101/096222	2016	ASAP: A web-based platform for the analysis and interactive visualization of single-cell RNA-seq data	bioRxiv (Cold Spring Harbor Laboratory)	Vincent Gardeux, Fabrice P. A. David, Adrian Shajkofci, Petra Catalina Schwalie, Bart Deplancke
10.1101/055632	2016	Aequatus: An open-source homology browser	bioRxiv (Cold Spring Harbor Laboratory)	Anil S. Thanki, Nicola Soranzo, Javier Herrero, Wilfried Haerty, Robert Davey
10.1111/nyas.13289	2016	Antimicrobial resistance surveillance in the genomic age	Annals of the New York Academy of Sciences	Andrew G. McArthur, Kara K. Tsang
10.3390/ph9040076	2016	Applications of High-Throughput Sequencing for In Vitro Selection and Characterization of Aptamers	Pharmaceuticals	Nam Nguyen Quang, Gérald Perret, Frederic Ducongè
10.5731/pdajpst.2016.006734	2016	Biocompute Objects—A Step towards Evaluation and Validation of Biomedical Scientific Computations	PDA Journal of Pharmaceutical Science and Technology	Vahan V. Simonyan, Jeremy Goecks, Raja Mazumder
10.25148/etd.fidc001216	2016	Biogeographical Patterns of Soil Microbial Communities: Ecological, Structural, and Functional Diversity and their Application to Soil Provenance		Natalie Damaso
10.1002/wrna.1404	2016	Bioinformatic tools for analysis of CLIP ribonucleoprotein data	Wiley Interdisciplinary Reviews - RNA	Supriyo De, Myriam Gorospe
10.3184/175815617x14799886573183	2016	Characterisation of 11 Microsatellite DNA Markers from the Neotropic Cormorant ( Phalacrocorax Brasilianus )	Avian Biology Research	Pedro Rodrigues, Joana Micael, Carlos Hernández-Suárez, Claudio Verdugo
10.7554/elife.14837	2016	Circadian RNA expression elicited by 3’-UTR IRAlu-paraspeckle associated elements	eLife	Manon Torres, Denis Becquet, Marie‐Pierre Blanchard, Séverine Guillen, Bénédicte Boyer, Mathias Moreno, Jean‐Louis Franc, Anne‐Marie François‐Bellan
	2016	Computational tools for the processing and analysis of time-course metabolomic data		Martin J. Rusilowicz
10.1186/s12864-016-3063-x	2016	Computational workflow for the fine-grained analysis of metagenomic samples	BMC Genomics	Esteban Pérez-Wohlfeil, Jose A. Arjona-Medina, Óscar Torreño, Eugenia Ulzurrun, Oswaldo Trelles
10.1073/pnas.1613055113	2016	Context-specific inhibition of translation by ribosomal antibiotics targeting the peptidyl transferase center	Proceedings of the National Academy of Sciences	James Marks, Krishna Kannan, Emily J. Roncase, Dorota Klepacki, Amira Kefi, Cédric Orelle, Nora Vázquez‐Laslop, Alexander S. Mankin
10.1016/j.ijfoodmicro.2016.06.015	2016	Culture-independent bacterial community profiling of carbon dioxide treated raw milk	International Journal of Food Microbiology	Raquel Lo, Mark S. Turner, Mike Weeks, Nidhi Bansal
10.1093/hmg/ddw354	2016	DNA methylation-independent removable insulator controls chromatin remodeling at theHOXAlocus via retinoic acid signaling	Human Molecular Genetics	Ko Ishihara, Masafumi Nakamoto, Mitsuyoshi Nakao
10.1016/j.cpb.2016.12.006	2016	Databases and bioinformatics tools for rice research	Current Plant Biology	Priyanka Garg, Pankaj Jaiswal
10.1038/ncb3437	2016	Direct reprogramming of fibroblasts into renal tubular epithelial cells by defined transcription factors	Nature Cell Biology	Michael M. Kaminski, Jelena Tasić, Catena Kresbach, Hannes Engel, Jonas Klockenbusch, Anna-Lena Müller, Roman Pichler, Florian Grahammer, Oliver Kretz, Tobias Bruno Huber, Gerd Walz, Sebastian J. Arnold, Soeren S. Lienkamp
10.1111/jpy.12505	2016	Distinct ecological niches of marine symbiotic N2‐fixing cyanobacterium Candidatus Atelocyanobacterium thalassa sublineages	Journal of Phycology	Kendra A. Turk‐Kubo, Hanna Farnelid, Irina N. Shilova, Britt A. Henke, Jonathan P. Zehr
10.1093/nar/gkw1105	2016	EuPathDB: the eukaryotic pathogen genomics database resource	Nucleic Acids Research	Cristina Aurrecoechea, Ana Barreto, Evelina Y. Basenko, John E. Brestelli, Brian P. Brunk, Shon Cade, Kathryn Crouch, Ryan Doherty, Dave Falke, Steve Fischer, Bindu Gajria, Omar S. Harb, Mark Heiges, Christiane Hertz‐Fowler, Sufen Hu, John Iodice, Jessica C. Kissinger, Cris Lawrence, Wei Li, Deborah
10.1093/nar/gkw1108	2016	Expansion of the Gene Ontology knowledgebase and resources	Nucleic Acids Research	The Gene Ontology Consortium
10.7717/peerj-cs.85	2016	GRNsight: a web application and service for visualizing models of small- to medium-scale gene regulatory networks	PeerJ Computer Science	Kam D Dahlquist, John David N. Dionisio, Ben G Fitzpatrick, Nicole A Anguiano, Anindita Varshneya, Britain J Southwick, Mihir Samdarshi
10.1101/096529	2016	GeneSeqToFamily: the Ensembl Compara GeneTrees pipeline as a Galaxy workflow	bioRxiv (Cold Spring Harbor Laboratory)	Anil S. Thanki, Nicola Soranzo, Wilfried Haerty, Robert Davey
10.1101/084228	2016	Genome scale mutational analysis of Geobacter sulfurreducens reveals distinct molecular mechanisms for respiration of poised electrodes vs. Fe(III) oxides	bioRxiv (Cold Spring Harbor Laboratory)	Chi Ho Chan, Caleb E. Levara, Fernanda Jiménez-Oteroa, Daniel R. Bond
10.7287/peerj.preprints.2449v1	2016	Genotyping of evolving prokaryotic populations		Markus Zojer, Lisa N. Schuster, Frederik Schulz, Alexander Pfundner, Matthias Horn, Thomas Rattei
	2016	HDACi-induced DNA damage: identifying potential endpoints for safety assessment	ORCA Online Research @Cardiff (Cardiff University)	Wenbin Wang
10.1161/circulationaha.116.024545	2016	High-Fiber Diet and Acetate Supplementation Change the Gut Microbiota and Prevent the Development of Hypertension and Heart Failure in Hypertensive Mice	Circulation	Francine Z. Marques, Erin Nelson, Po‐Yin Chu, Duncan Horlock, April Fiedler, Mark D. Ziemann, Jian Tan, Sanjaya Kuruppu, Niwanthi W. Rajapakse, Assam El‐Osta, Charles Reay Mackay, David M. Kaye
10.1371/journal.pntd.0005117	2016	High-Throughput Parallel Sequencing to Measure Fitness of Leptospira interrogans Transposon Insertion Mutants during Acute Infection	PLoS neglected tropical diseases	Kristel Lourdault, James Matsunaga, David A. Haake
10.1109/bigdata.2016.7840618	2016	I'll take that to go: Big data bags and minimal identifiers for exchange of large, complex datasets		Kyle Chard, Mike D’Arcy, Ben Heavner, Ian T Foster, Carl Kesselman, Ravi Madduri, Alexis Rodriguez, Stian Soiland‐Reyes, Carole Goble, Kristi Clark, Eric W. Deutsch, Ivo D. Dinov, Nathan D. Price, Arthur W. Toga
10.17537/2016.11.394	2016	Integration of Foreign Genetic Material Provokes Local Mutagenesis in the Recipient Genome	Mathematical Biology and Bioinformatics	Olga A. Glazunova, Olga A. Glazunova
10.7912/c2s89r	2016	MIR193BHG: a novel hypoxia-inducible long noncoding RNA involved in the fine-tuning of cholesterol metabolism	IU Indianapolis University Library	Xue Wu
10.1128/aac.01162-16	2016	Mechanisms of Increased Resistance to Chlorhexidine and Cross-Resistance to Colistin following Exposure of Klebsiella pneumoniae Clinical Isolates to Chlorhexidine	Antimicrobial Agents and Chemotherapy	Matthew E. Wand, Lucy J. Bock, Laura C. Bonney, J. Mark Sutton
10.3389/fmicb.2016.01920	2016	Microbial Communities of Lycaenid Butterflies Do Not Correlate with Larval Diet	Frontiers in Microbiology	Melissa R. L. Whitaker, Shayla Salzman, Jon G. Sanders, Martin Kaltenpoth, Naomi E. Pierce
10.7717/peerj.2693	2016	Mining SNPs in extracellular vesicular transcriptome ofTrypanosoma cruzi: a step closer to early diagnosis of neglected Chagas disease	PeerJ	Pallavi Gaur, Anoop Kumar Chaturvedi
10.1093/nar/gkw996	2016	NGSmethDB 2017: enhanced methylomes and differential methylation	Nucleic Acids Research	Ricardo Lebrón, Cristina Gómez‐Martín, Pedro Carpena, Pedro Bernaola‐Galván, Guillermo Barturen, Michael Hackenberg, José Luis Tejera Oliver
10.1093/nar/gkw1134	2016	OUP accepted manuscript	Nucleic Acids Research	Cath Tyner, Galt P Barber, Jonathan D. Casper, Hiram Clawson, Mark E. Diekhans, Christopher Eisenhart, Clayton M. Fischer, David J Gibson, Jairo Navarro Gonzalez, Luvina Guruvadoo, Maximilian Haeussler, Steve Heitner, Angie S. Hinrichs, Donna Karolchik, Brian T. Lee, Christopher M. Lee, Parisa Nejad
10.1126/sciimmunol.aai7793	2016	Partial exhaustion of CD8 T cells and clinical response to teplizumab in new-onset type 1 diabetes	Science Immunology	Sarah Alice Long, Jerill Thorpe, Hannah A. DeBerg, Vivian H. Gersuk, James A. Eddy, Kristina M. Harris, Mario R. Ehlers, Kevan C. Herold, Gerald T. Nepom, Peter S. Linsley
10.7287/peerj-cs.85v0.1/reviews/1	2016	Peer Review #1 of "GRNsight: a web application and service for visualizing models of small- to medium-scale gene regulatory networks (v0.1)"		
10.7287/peerj-cs.85v0.1/reviews/2	2016	Peer Review #2 of "GRNsight: a web application and service for visualizing models of small- to medium-scale gene regulatory networks (v0.1)"		
10.1099/mgen.0.000078	2016	Phase variable DNA repeats in Neisseria gonorrhoeae influence transcription, translation, and protein sequence variation	Microbial Genomics	Marta A. Zelewska, Madhuri Pulijala, Russell Spencer-Smith, Hiba-Tun-Noor A. Mahmood, Billie F. Norman, Colin P. Churchward, Alan Calder, Lori A.S. Snyder
	2016	Position Paper: Collaborative Gamification Design for Scientific Software	White Rose Research Online (University of Leeds, The University of Sheffield, University of York)	Francisco Queiroz, Rejane Spitz
10.1101/079939	2016	Programming mRNA decay to modulate synthetic circuit resource allocation	bioRxiv (Cold Spring Harbor Laboratory)	Ophelia S. Venturelli, Mika Tei, Štefan Bauer, Leanne Jade G. Chan, Christopher J. Petzold, Adam P. Arkin
10.3390/agronomy6040062	2016	QTL for Water Use Related Traits in Juvenile Barley	Agronomy	Gwendolin Wehner, Christiane Balko, Frank Ordon
10.1101/072975	2016	Regulation of cancer epigenomes with a histone-binding synthetic transcription factor	bioRxiv (Cold Spring Harbor Laboratory)	David B. Nyer, Daniel A. Vargas, Caroline Hom, Karmella Ann Haynes
	2016	Report on the 2015 NSF Workshop on Unified Annotation Tooling	DSpace@MIT (Massachusetts Institute of Technology)	Mark Alan Finlayson
10.1101/046755	2016	SATORI: A System for Ontology-Guided Visual Exploration of Biomedical Data Repositories	bioRxiv (Cold Spring Harbor Laboratory)	Fritz Lekschas, Nils Gehlenborg
10.1101/092940	2016	SNVPhyl: A Single Nucleotide Variant Phylogenomics pipeline for microbial genomic epidemiology	bioRxiv (Cold Spring Harbor Laboratory)	Aaron Petkau, Philip Mabon, Cameron Sieffert, Natalie Knox, Jennifer Cabral, Mariam Iskander, Mark Iskander, Kelly A. Weedmark, Rahat Zaheer, Lee S. Katz, Celine A. Nadon, Aleisha R. Reimer, Eduardo Napoleon Taboada, Robert Gerald Beiko, William Hsiao, Fiona S. L. Brinkman, Morag Graham, Gary Van Do
10.1101/080382	2016	Semi-automated genome annotation using epigenomic data and Segway	bioRxiv (Cold Spring Harbor Laboratory)	Eric G. Roberts, Mickaël Mendez, Coby Viner, Mehran Karimzadeh, Rachel C.W. Chan, Rachel Ancar, Davide Chicco, Jay R. Hesselberth, Anshul Kundaje, Michael M. Hoffman
10.31979/etd.49wc-7qbn	2016	Sex-specific diet and rockfish consumption in California sea lions (Zalophus californianus)		Keith M. Hernandez
10.1371/journal.pone.0167009	2016	Small RNA Library Preparation Method for Next-Generation Sequencing Using Chemical Modifications to Prevent Adapter Dimer Formation	PLoS ONE	Sabrina Shore, Jordana M. Henderson, Alexandre V. Lebedev, Michelle P. Salcedo, Gerald Zon, Anton P. McCaffrey, Natasha Paul, Richard I. Hogrefe
10.1101/059584	2016	StereoGene: Rapid Estimation of Genomewide Correlation of Continuous or Interval Feature Data	bioRxiv (Cold Spring Harbor Laboratory)	Elena D. Stavrovskaya, Tejasvi Niranjan, Elana Judith Fertig, Sarah J. Wheelan, Alexander V. Favorov, Andrey A. Mironov
10.7554/elife.20235	2016	Successful transmission and transcriptional deployment of a human chromosome via mouse male meiosis	eLife	Christina Ernst, Jeremy Andrew Pike, Sarah J. Aitken, Hannah K. Long, Nils Eling, Lovorka Stojic, Michelle C. Ward, Frances Connor, Tim F. Rayner, Margus Lukk, Robert J. Klose, Claudia Kutter, Duncan T. Odom
10.1016/j.copbio.2016.11.001	2016	Supporting metabolomics with adaptable software: design architectures for the end-user	Current Opinion in Biotechnology	Vladimir Sarpe, David C. Schriemer
10.1101/093252	2016	The SEK-1 p38 MAP kinase pathway modulates Gq signaling in C. elegans	bioRxiv (Cold Spring Harbor Laboratory)	Jill M. Hoyt, Samuel K. Wilson, Madhuri Kasa, Jeremy S. Rise, Irini Topalidou, Michael Ailion
10.7554/elife.20069	2016	The fail-safe mechanism of post-transcriptional silencing of unspliced HAC1 mRNA	eLife	Rachael Di Santo, Soufiane Aboulhouda, David E. Weinberg
10.1101/066118	2016	The fail-safe mechanism of post-transcriptional silencing of unspliced HAC1 mRNA	bioRxiv (Cold Spring Harbor Laboratory)	Rachael Di Santo, Soufiane Aboulhouda, David E. Weinberg
10.1016/j.gene.2016.08.054	2016	The miRNA targetome of coronary artery disease is perturbed by functional polymorphisms identified and prioritized by in-depth bioinformatics analyses exploiting genome-wide association studies	Gene	Milad Bastami, Ziba Nariman‐Saleh‐Fam, Zahra Saadatian, Lida Nariman-Saleh-Fam, Mir Davood Omrani, Sayyed Mohammad Hossein Ghaderian, Andrea Masotti
10.3732/apps.1600025	2016	The report of my death was an exaggeration: A review for researchers using microsatellites in the 21st century	Applications in Plant Sciences	Richard G.J. Hodel, Claudia Segovia Salcedo, Jacob B. Landis, Andrew A. Crowl, Miao Sun, Xiaoxian Liu, Matthew A. Gitzendanner, Norman A. Douglas, Charlotte C. Germain‐Aubrey, Shichao Chen, Pamela S. Soltis, Pamela S. Soltis
10.1016/j.aquatox.2016.09.019	2016	The transcription factor, Nuclear factor, erythroid 2 (Nfe2), is a regulator of the oxidative stress response during Danio rerio development	Aquatic Toxicology	LM Williams, Briony A. Lago, Andrew G. McArthur, Amogelang R. Raphenya, Nicholas Pray, Nabil Saleem, Sophia Salas, Katherine Paulson, Roshni S. Mangar, Yang Liu, Andy H. Vo, Jordan A. Shavit
10.1016/j.watres.2016.09.035	2016	Trace levels of sewage effluent are sufficient to increase class 1 integron prevalence in freshwater biofilms without changing the core community	Water Research	Katja Lehmann, Thomas Bell, Michael J. Bowes, Gregory C. A. Amos, William H. Gaze, Elizabeth M. H. Wellington, Andrew C. Singer
10.3732/apps.1600091	2016	Transcriptomic resources and marker validation for diploid and polyploid Veronica (Plantaginaceae) from New Zealand and Europe	Applications in Plant Sciences	Eike Mayland‐Quellhorst, Heidi M. Meudt, Dirk C. Albach
10.1126/scitranslmed.aaf5027	2016	What does research reproducibility mean?	Science Translational Medicine	Steven N. Goodman, Daniele Fanelli, John P. A. Ioannidis
10.1093/database/baw154	2016	blend4php: a PHP API for galaxy	Database	Connor Wytko, Brian Soto, Stephen Patrick Ficklin
10.1038/npjbcancer.2016.31	2016	“Big Data” for breast cancer: where to look and what you will find	npj Breast Cancer	Susan E. Clare, Pamela L Shaw
10.2527/asasmw.2017.112	2017	112 Vaginal and uterine bacterial communities in postpartum lactating cows	Journal of Animal Science	Brooke A. Clemmons, Felipe G Dantas, G. A. Franco, Sydney Taylor Reese, O. I. Adeyosoye, Timothy P. L. Smith, Phillip R. Myer, Ky Garrett Pohler
10.1534/g3.117.300432	2017	A 12.3-kb Duplication Within theVWFGene in Pigs Affected by Von Willebrand Disease Type 3	G3 Genes Genomes Genetics	Stefanie Lehner, Mahnaz Ekhlasi‐Hundrieser, Carsten Detering, Hanna Helene Allerkamp, Christiane D. Pfarrer, Mario Von Depka Prondzinski
10.1101/168039	2017	A Biomaterial Screening Approach Reveals Microenvironmental Mechanisms of Drug Resistance	bioRxiv (Cold Spring Harbor Laboratory)	Alyssa D. Schwartz, Lauren E. Barney, Lauren Jansen, Thuy V. Nguyen, Christopher L. Hall, Aaron S. Meyer, Shelly R. Peyton
10.1109/sose.2017.15	2017	A Distributed Environment Decision Maker Based on Machine Learning Techniques		Edvard Martins de Oliveira, Júlio Cézar Estrella, Stephan Reiff‐Marganiec
10.5334/dsj-2017-011	2017	A FAIR-Based Approach to Enhancing the Discovery and Re-Use of Transcriptomic Data Assets for Nuclear Receptor Signaling Pathways	Data Science Journal	Scott A. Ochsner, Yolanda F. Darlington, Apollo McOwiti, Wasula H. Kankanamge, Alexey Naumov, Lauren B. Becnel, Neil J. McKenna
10.1158/0008-5472.can-17-1453	2017	A KDM5 Inhibitor Increases Global H3K4 Trimethylation Occupancy and Enhances the Biological Efficacy of 5-Aza-2′-Deoxycytidine	Cancer Research	Benjamin R. Leadem, Ioannis Kagiampakis, CATHERINE A. WILSON, Tommy K. Cheung, David P. Arnott, Patrick Trojer, Marie Classon, Hariharan Easwaran, Stephen B. Baylin
10.1128/mbio.02045-16	2017	A Mobile Element in mutS Drives Hypermutation in a Marine Vibrio	mBio	Nathaniel D. Chu, Sean Aidan Clarke, Sonia C. Timberlake, Martin F. Polz, Alan D. Grossman, Eric J. Alm
10.1007/s41019-017-0047-z	2017	A Review of Scalable Bioinformatics Pipelines	Data Science and Engineering	Bjørn Fjukstad, Lars Ailo Bongo
10.1039/c7ib00128b	2017	A biomaterial screening approach reveals microenvironmental mechanisms of drug resistance	Integrative Biology	Alyssa D. Schwartz, Lauren E. Barney, Lauren Jansen, Thuy V. Nguyen, Christopher L. Hall, Aaron S. Meyer, Shelly R. Peyton
10.1038/nrgastro.2017.97	2017	A clinician's guide to microbiome analysis	Nature Reviews Gastroenterology & Hepatology	Marcus Joakim Claesson, Adam G. Clooney, Paul William O’Toole
10.1098/rsif.2017.0151	2017	A cohort of new adhesive proteins identified from transcriptomic analysis of mussel foot glands	Journal of The Royal Society Interface	Daniel G. DeMartini, John M. Errico, Sebastian Sjoestroem, April Fenster, J. Herbert Waite
10.1371/journal.pgen.1007120	2017	A conserved maternal-specific repressive domain in Zelda revealed by Cas9-mediated mutagenesis in Drosophila melanogaster	PLoS Genetics	Danielle C. Hamm, Elizabeth D. Larson, Markus Nevil, Kelsey E. Marshall, Eliana R. Bondra, Melissa M. Harrison
10.1101/210187	2017	A conserved maternal-specific repressive domain in Zelda revealed by Cas9-mediated mutagenesis in Drosophila melanogaster	bioRxiv (Cold Spring Harbor Laboratory)	Danielle C. Hamm, Elizabeth D. Larson, Markus Nevil, Kelsey E. Marshall, Eliana R. Bondra, Melissa M. Harrison
10.1111/1462-2920.14025	2017	A conserved tad pilus promotes Vibrio vulnificus oyster colonization	Environmental Microbiology	Meng Pu, Patrick Duriez, Mattan Arazi, Dean A. Rowe‐Magnus
10.1371/journal.ppat.1006225	2017	A high-throughput genetic screen identifies previously uncharacterized Borrelia burgdorferi genes important for resistance against reactive oxygen and nitrogen species	PLoS Pathogens	Meghan E. Ramsey, Jenny A. Hyde, Diana N. Medina-Perez, Tao Lin, Lihui Gao, Maureen E. Lundt, Xin Li, Steven J. Norris, Jon T. Skare, Linden T. Hu
10.12688/f1000research.11616.1	2017	A multi-tool recipe to identify regions of protein-DNA binding and their influence on associated gene expression	F1000Research	Daniel E. Carlin, Kassi Kosnicki, Sara Garamszegi, Trey Ideker, Helga Thorvaldsdóttir, Michael M. Reich, Jill P. Mesirov
10.1098/rspb.2016.2416	2017	A new developmental mechanism for the separation of the mammalian middle ear ossicles from the jaw	Proceedings of the Royal Society B Biological Sciences	Daniel J. Urban, Neal Anthwal, Zhe‐Xi Luo, Jennifer A. Maier, Alexa Sadier, Abigail Saffron Tucker, Karen E. Sears
10.1038/s41598-017-18038-x	2017	A next-generation newborn screening pilot study: NGS on dried blood spots detects causal mutations in patients with inherited metabolic diseases	Scientific Reports	François Boemer, Corinne Fasquelle, Stéphanie d’Otreppe, Claire Josse, Vinciane Dideberg, Karin Segers, V. Guissard, Valérie Capraro, F.-G. Debray, Vincent Bours
10.1007/s00438-017-1337-x	2017	A rapid and cost-effective approach for the development of polymorphic microsatellites in non-model species using paired-end RAD sequencing	Molecular Genetics and Genomics	Dong‐Xiu Xue, Yulong Li, Jinxian Liu
10.1186/s12985-017-0741-5	2017	A robust and cost-effective approach to sequence and analyze complete genomes of small RNA viruses	Virology Journal	Kiril M. Dimitrov, Poonam R Sharma, Jeremy D. Volkening, Iryna V. Goraichuk, Abdul Ali Wajid, Shafqat Fatima Rehmani, Asma Basharat, Ismaila Ademola Shittu, Tony Manuel Joannis, Patti J. Miller, Claudio L. Afonso
10.1093/bib/bbx148	2017	A survey of software tools for microRNA discovery and characterization using RNA-seq	Briefings in Bioinformatics	Michele Bortolomeazzi, Enrico Gaffo, Stefania Bortoluzzi
10.1101/187922	2017	A zombie LIF gene in elephants is up-regulated by TP53 to induce apoptosis in response to DNA damage	bioRxiv (Cold Spring Harbor Laboratory)	Juan Manuel Vázquez, Michael A. Sulak, Sravanthi Chigurupati, Vincent J. Lynch
10.1038/s41598-017-14469-8	2017	ALF: a strategy for identification of unauthorized GMOs in complex mixtures by a GW-NGS method and dedicated bioinformatics analysis	Scientific Reports	Alexandra Bogožalec Košir, Alfred J. Arulandhu, Marleen M. Voorhuijzen, Hongmei Xiao, Rico Hagelaar, Martijn Staats, Adalberto Costessi, Jana Žel, E.J. Kok, Jeroen P. van Dijk
10.1093/bioinformatics/btx337	2017	ASAP: a web-based platform for the analysis and interactive visualization of single-cell RNA-seq data	Bioinformatics	Vincent Gardeux, Fabrice P.A. David, Adrian Shajkofci, Petra Catalina Schwalie, Bart Deplancke
10.1101/183970	2017	ASaiM: a Galaxy-based framework to analyze raw shotgun data from microbiota	bioRxiv (Cold Spring Harbor Laboratory)	Bérénice Batut, Kévin Gravouil, Clémence Defois, Saskia Hiltemann, Jean‐François Brugère, Éric Peyretaillade, Pierre Peyret
10.1371/journal.ppat.1006116	2017	An Oxygen-Sensing Two-Component System in the Burkholderia cepacia Complex Regulates Biofilm, Intracellular Invasion, and Pathogenicity	PLoS Pathogens	Matthew M. Schaefers, Tiffany Liao, Nicole M. Boisvert, Damien Roux, Deborah R. Yoder-Himes, Gregory P. Priebe
10.1093/gigascience/gix099	2017	An architecture for genomics analysis in a clinical setting using Galaxy and Docker	GigaScience	William Digan, Hector Countouris, Marc Barritault, David Baudoin, Pierre Laurent‐Puig, Hélène Blons, Anita Burgun, Bastien Rance
10.1371/journal.pone.0184500	2017	Analysis of chromatin accessibility in human epidermis identifies putative barrier dysfunction-sensing enhancers	PLoS ONE	Julie M. Lander, Dorothy M. Supp, Hua He, Lisa Joy Martin, Xiaoting Chen, Matthew T. Weirauch, Steven T. Boyce, Raphael Kopan
10.1038/s41467-017-01944-z	2017	Ancestral perinatal obesogen exposure results in a transgenerational thrifty phenotype in mice	Nature Communications	Raquel Chamorro-García, Carlos Díaz-Castillo, Bassem M. Shoucri, Heidi Käch, Ron Leavitt, Toshi Shioda, Bruce Blumberg
10.1101/201384	2017	Ancestral perinatal obesogen exposure results in a transgenerational thrifty phenotype in mice	bioRxiv (Cold Spring Harbor Laboratory)	Raquel Chamorro-García, Carlos Díaz-Castillo, Bassem M. Shoucri, Heidi Käch, Ron Leavitt, Toshi Shioda, Bruce Blumberg
10.1093/jhered/esx004	2017	Ancestry-Specific Methylation Patterns in Admixed Offspring from an Experimental Coyote and Gray Wolf Cross	Journal of Heredity	Bridgett M. vonHoldt, Elizabeth Heppenheimer, Vladimir Petrenko, Paula A. Croonquist, Linda Y. Rutledge
10.1126/science.aaj2191	2017	Antibiotic tolerance facilitates the evolution of resistance	Science	Irit Levin-Reisman, Irine Ronin, Orit Gefen, Ilan Braniss, Noam Shoresh, Nathalie Q. Balaban
10.3324/haematol.2017.171454	2017	Antigen receptor sequencing of paired bone marrow samples shows homogeneous distribution of acute lymphoblastic leukemia subclones	Haematologica	Prisca M. J. Theunissen, David van Zessen, Andrew Stubbs, Malek Faham, Christian Michel Zwaan, Jacques J. M. van Dongen, Vincent H. J. van der Velden
10.5772/intechopen.69337	2017	Application of Next-Generation Sequencing in the Era of Precision Medicine	InTech eBooks	Michele Araújo Pereira, Frederico Scott Varella Malta, Maíra Cristina Menezes Freire, Patrícia Gonçalves Pereira Couto
10.1007/s12039-017-1268-4	2017	Assessing therapeutic potential of molecules: molecular property diagnostic suite for tuberculosis $$(\mathbf{MPDS}^{\mathbf{TB}})$$ ( MPDS TB )	Journal of Chemical Sciences	Anamika Singh Gaur, Anshu Bhardwaj, Arun B. Sharma, Lijo John, M. Vivek, Neha Goel Tripathi, Prasad V. Bharatam, Rakesh Kumar, Sridhara Janardhan, Abhaysinh Mori, Anirban Banerji, Andrew Michael Lynn, Anmol Jaywant Hemrom, Anurag Passi, Aparna Singh, Asheesh Kumar, Charuvaka Muvva, Chinmai Madhuri, 
10.1038/ismej.2017.176	2017	Bacterial secretion of D-arginine controls environmental microbial biodiversity	The ISME Journal	Laura Álvarez, Alena Aliashkevich, Miguel Angel de Pedro, Felipe Cava
10.12688/f1000research.12564.1	2017	BeerDeCoded: the open beer metagenome project	F1000Research	Jonathan Sobel, Luc Henry, Nicolas Rotman, Gianpaolo Rando
10.12688/f1000research.12564.2	2017	BeerDeCoded: the open beer metagenome project	F1000Research	Jonathan Sobel, Luc Henry, Nicolas Rotman, Gianpaolo Rando
10.1093/gigascience/gix048	2017	Bio-Docklets: virtualization containers for single-step execution of NGS pipelines	GigaScience	Baekdoo Kim, Thahmina A. Ali, Carlos Lijeron, Enis Afgan, Konstantinos Krampis
10.1093/bioinformatics/btx192	2017	BioContainers: an open-source and community-driven framework for software standardization	Bioinformatics	Felipe da Veiga Leprevost, Björn Andreas Grüning, Saulo Alves Aflitos, Hannes Luc Röst, Julian Uszkoreit, Harald Barsnes, Marc Vaudel, Pablo A Moreno, Laurent Gatto, Jonas Weber, Mingze Bai, Rafael C. Jiménez, Timo T. Sachsenberg, Julianus Pfeuffer, Roberto Vera Alvarez, Johannes Griss, Alexey I. Ne
10.1101/207092	2017	Bioconda: A sustainable and comprehensive software distribution for the life sciences	bioRxiv (Cold Spring Harbor Laboratory)	Björn Andreas Grüning, Ryan Dale, Andreas Sjödin, Brad Chapman, Jillian Rowe, Christopher H. Tomkins-Tinch, Renan Valieris, Adam Caprez, Bérénice Batut, Mathias Haudgaard, Thomas Cokelaer, Kyle A. Beauchamp, Brent S. Pedersen, Youri Hoogstrate, Anthony Bretaudeau, Devon Patrick Ryan, Gildas Le Corgu
10.3201/eid2309.170416	2017	Bioinformatic Analyses of Whole-Genome Sequence Data in a Public Health Laboratory	Emerging infectious diseases	Kelly F. Oakeson, Jennifer Marie Wagner, Michelle Mendenhall, Andreas Rohrwasser, Robyn Atkinson-Dunn
10.1016/j.jbiotec.2017.05.018	2017	Bioinformatics can boost metabolomics research	Journal of Biotechnology	René Meier, Christoph Ruttkies, Hendrik Treutler, Steffen Neumann
10.1101/099010	2017	Building containerized workflows using the BioDepot-workflow-builder (Bwb)	bioRxiv (Cold Spring Harbor Laboratory)	Ling-Hong Hung, Jiaming Hu, Trevor Meiss, Alyssa Ingersoll, Wes Lloyd, Daniel Kristiyanto, Yuguang Xiong, Eric Sobie, Ka Yee Yeung
10.1186/s12859-017-1770-1	2017	CIPHER: a flexible and extensive workflow platform for integrative next-generation sequencing data analysis and genomic regulatory element prediction	BMC Bioinformatics	Carlos Guzman, Iván D’Orso
10.1002/bit.26404	2017	CRISPRi repression of nonhomologous end‐joining for enhanced genome engineering via homologous recombination in Yarrowia lipolytica	Biotechnology and Bioengineering	Cory Schwartz, Keith Frogue, Adithya Ramesh, Joshua Misa, Ian R. Wheeldon
10.3389/fimmu.2017.01038	2017	Catalog of Differentially Expressed Long Non-Coding RNA following Activation of Human and Mouse Innate Immune Response	Frontiers in Immunology	Benoit Thomas Roux, James A. Heward, Louise Donnelly, Simon Wyn Jones, Mark A. Lindsay
10.1083/jcb.201610071	2017	Cell cycle–dependent spatial segregation of telomerase from sites of DNA damage	The Journal of Cell Biology	Faissal Ouenzar, Maxime Lalonde, Hadrien Laprade, Geneviève Morin, Franck Gallardo, Samuel Tremblay‐Belzile, Pascal Chartrand
10.1016/j.jbiotec.2017.06.1201	2017	Challenges and perspectives of metaproteomic data analysis	Journal of Biotechnology	Robert Heyer, Kay Schallert, Roman Zoun, Beatrice Becher, Gunter Saake, Dirk Benndorf
10.1016/j.parint.2017.10.002	2017	Characterization of 13 polymorphic microsatellite loci in the Japanese land leech	Parasitology International	Kaori Morishima, Tomohiro Suzuki, Mineaki Aizawa
10.7554/elife.23717	2017	Chimeric origins of ochrophytes and haptophytes revealed through an ancient plastid proteome	eLife	Richard G. Dorrell, Gillian H. Gile, Giselle McCallum, Raphaël Méheust, Eric P Bapteste, Christen M. Klinger, Loraine Brillet-Guéguen, Katalina D Freeman, Daniel J. Richter, Chris Bowler
10.1007/978-1-4939-7339-2_1	2017	Cloning and Identification of Recombinant Argonaute-Bound Small RNAs Using Next-Generation Sequencing	Methods in molecular biology	Pooja Gangras, Daniel M. Dayeh, Justin W. Mabin, Kotaro Nakanishi, Guramrit Singh
10.1101/118802	2017	CoGe LoadExp+: A web-based suite that integrates next-gen sequencing data analysis workflows and visualization	bioRxiv (Cold Spring Harbor Laboratory)	Jeffrey W. Grover, Matthew Bomhoff, Sean W. Davey, Brian D. Gregory, Rebecca A. Mosher, Eric H. Lyons
10.1002/pld3.8	2017	CoGe LoadExp+: A web‐based suite that integrates next‐generation sequencing data analysis workflows and visualization	Plant Direct	Jeffrey W. Grover, Matthew Bomhoff, Sean W. Davey, Brian D. Gregory, Rebecca A. Mosher, Eric H. Lyons
10.1016/j.cell.2017.08.015	2017	Combinatorial Signal Perception in the BMP Pathway	Cell	Yaron E. Antebi, James M. Linton, Heidi E. Klumpe, Bogdan Bintu, Mengsha Gong, Christina J. Su, Reed D. McCardell, Michael B. Elowitz
10.1101/219287	2017	Combining RNA-seq data and homology-based gene prediction for plants, animals and fungi	bioRxiv (Cold Spring Harbor Laboratory)	Jens Keilwagen, Frank Hartung, Michael Paulini, Sven Olaf Twardziok, Jan Grau
10.1101/225680	2017	Community-driven data analysis training for biology	bioRxiv (Cold Spring Harbor Laboratory)	Bérénice Batut, Saskia Hiltemann, Andrea Bagnacani, Dannon Baker, Vivek Bhardwaj, Clemens Blank, Anthony Bretaudeau, Loraine Brillet-Guéguen, Martin Čech, John M. Chilton, Dave Clements, Olivia Doppelt‐Azeroual, Anika Erxleben, Mallory Freeberg, Simon L. Gladman, Youri Hoogstrate, Hans-Rudolf Hotz, 
10.1016/b978-0-08-102268-9.00017-3	2017	Comparative Metaproteomics to Study Environmental Changes	Elsevier eBooks	Sabine Matallana Surget, Pratik Jagtap, Timothy J. Griffin, Mélanie Beraud, Ruddy Wattiez
10.1021/acs.jproteome.7b00329	2017	Comparison of Quantitative Mass Spectrometry Platforms for Monitoring Kinase ATP Probe Uptake in Lung Cancer	Journal of Proteome Research	Melissa A. Hoffman, Bin Fang, Eric B. Haura, Uwe Rix, John M. Koomen
10.1016/j.ttbdis.2017.02.002	2017	Comparison of bacterial 16S rRNA variable regions for microbiome surveys of ticks	Ticks and Tick-borne Diseases	Janet L. H. Sperling, Karina Lucas Silva‐Brandão, M M Brandão, Vett K. Lloyd, S. Dang, Corey S. Davis, Felix A. H. Sperling, Katharine E. Magor
10.1128/genomea.00472-17	2017	Complete Genome Sequences of Four Avian Paramyxoviruses of Serotype 10 Isolated from Rockhopper Penguins on the Falkland Islands	Genome Announcements	Iryna V. Goraichuk, Kiril M. Dimitrov, Poonam R Sharma, Patti J. Miller, David E. Swayne, David L. Suarez, Claudio L. Afonso
10.1128/genomea.01337-16	2017	Complete Genome Sequences of Two Escherichia coli Phages, vB_EcoM_ ESCO5 and vB_EcoM_ESCO13, Which Are Related to phAPEC8	Genome Announcements	Angélina Trotereau, Mathieu Gonnet, Antoine Viardot, Anne-Christine Lalmanach, Rodrigo Guabiraba, Nathalie Chanteloup, Catherine Schouler
10.1128/genomea.00072-17	2017	Complete Genome Sequences, before and after Mammalian Cell Culture, of Zika Virus Isolated from the Serum of a Symptomatic Male Patient from Oaxaca, Mexico	Genome Announcements	Célia Boukadida, Jesús Miguel Torres-Flores, Martha Yocupicio‐Monroy, Elvira Pitén-Isidro, Amaranta Rivero-Arrieta, Yara Andrea Luna-Villalobos, Liliane Martínez-Vargas, Sofía Lizeth Alcaráz‐Estrada, Klintsy Julieta Torres, Rosalía Lira, Gustavo Reyes‐Terán, Edgar Sevilla-­Reyes
10.1186/s12967-017-1370-x	2017	Comprehensive molecular biomarker identification in breast cancer brain metastases	Journal of Translational Medicine	Hans-Juergen Schulten, Mohammed Bangash, Sajjad Karim, Ashraf Dallol, Deema M. Hussein, Adnan A. Merdad, Fatma Althoubaity, Jaudah Ahmed Al-Maghrabi, Awatif Jamal, Fahad Ali Alghamdi, Hani Choudhry, Saleh Salem Baeesa, Adeel Chaudhary, Mohammed H Al-Qahtani
10.1007/978-1-4939-7138-1_2	2017	Computational Generation of RNA Nanorings	Methods in molecular biology	Rishabh Sharan, Eckart Bindewald, Wojciech K. Kasprzak, Bruce A. Shapiro
10.1101/134817	2017	Concurrent duplication of the Cid and Cenp-C genes in the Drosophila subgenus with signatures of subfunctionalization and male germline-biased expression	bioRxiv (Cold Spring Harbor Laboratory)	José Ricardo Teixeira Júnior, Guilherme Borges Dias, Marta Svartman, Alfredo Ruíz, Gustavo C. S. Kuhn
10.1101/140343	2017	Consequences of NMDA receptor deficiency can be rescued in the adult brain	bioRxiv (Cold Spring Harbor Laboratory)	Catharine A. Mielnik, Mary A. Binko, Adam J. Funk, Emily M. Johansson, Katheron Intson, Nirunthan Sivananthan, Yuxiao Chen, Rehnuma Islam, Marija Milenković, Wendy Horsfall, Ruth A. Ross, Shreejoy J. Tripathy, Laurent Groc, Ali Salahpour, Robert Erne McCullumsmith, Evelyn K. Lambe, Amy J. Ramsey
10.1038/ismej.2017.62	2017	Convergence of gut microbiotas in the adaptive radiations of African cichlid fishes	The ISME Journal	Laura Baldo, Joan Lluís Pretus, Joan Lluís Riera, Zuzana Musilová, Arnold Roger Bitja Nyom, Walter Salzburger
10.1074/jbc.m117.804492	2017	Copper homeostasis networks in the bacterium Pseudomonas aeruginosa	Journal of Biological Chemistry	Julia Quintana, Lorena Novoa‐Aponte, JOSÉ M. ARGÜELLO
10.1186/s13148-017-0386-7	2017	CpG location and methylation level are crucial factors for the early detection of oral squamous cell carcinoma in brushing samples using bisulfite sequencing of a 13-gene panel	Clinical Epigenetics	Luca Morandi, Davide Bartolomeo Gissi, Achille Tarsitano, Sofia Asioli, Andrea Gabusi, Claudio Marchetti, Lucio Montebugnoli, Maria Pia Foschini
10.1007/978-1-4939-7119-0_19	2017	Creation of Reusable Bioinformatics Workflows for Reproducible Analysis of LC-MS Proteomics Data	Neuromethods	Julian Uszkoreit, Maike Ahrens, Katalin Barkovits, Katrin Marcus, Martin Eisenacher
10.1038/srep45753	2017	Cross-talk among metabolic parameters, esophageal microbiota, and host gene expression following chronic exposure to an obesogenic diet	Scientific Reports	Nadeem O. Kaakoush, Virginie Lecomte, Chris Maloney, Margaret J. Morris
10.1016/j.jbiotec.2017.06.1203	2017	Customized workflow development and data modularization concepts for RNA-Sequencing and metatranscriptome experiments	Journal of Biotechnology	Steffen C. Lott, Markus Wolfien, Konstantin Riege, Andrea Bagnacani, Olaf Wolkenhauer, Steve Hoffmann, Wolfgang R. Hess
10.1038/nature21715	2017	DHX9 suppresses RNA processing defects originating from the Alu invasion of the human genome	Nature	Tuğçe Aktaş, İbrahim Ilik, Daniel Maticzka, Vivek Bhardwaj, Cecília Pessoa Rodrigues, Gerhard Mittler, Thomas Manke, Rolf Backofen, Asifa Akhtar
10.1109/bibm.2017.8217954	2017	Data provenance management for bioinformatics workflows using NoSQL database systems in a cloud computing environment		Fernanda Hondo, Polyane Wercelens, Waldeyr Mendes Cordeiro da Silva, Klayton Castro, Ingrid Santana, Maria Emília M. T. Walter, Aletéia Araújo, Maristela Terto de Holanda, Sérgio Lifschitz
10.1016/j.funeco.2017.01.006	2017	De novo genome assembly of Cercospora beticola for microsatellite marker development and validation	Fungal ecology	Niloofar Vaghefi, Julie Russell Kikkert, Melvin D. Bolton, Linda E. Hanson, Gary A. Secor, Sarah Jane Pethybridge
10.1371/journal.pone.0174852	2017	Deep sequencing is an appropriate tool for the selection of unique Hepatitis C virus (HCV) variants after single genomic amplification	PLoS ONE	Thibault Guinoiseau, Alain Moreau, Guillaume Hohnadel, Nicole Ngo‐Giang‐Huong, Céline Brulard, Patrick Vourc’h, A Goudeau, Catherine Gaudy‐Graffin
10.1128/msphere.00333-17	2017	Deletion of Cytoplasmic Double-Stranded RNA Sensors Does Not Uncover Viral Small Interfering RNA Production in Human Cells	mSphere	Susan Schuster, Lotte E. Tholen, Gijs J. Overheul, Frank J. M. van Kuppeveld, Ronald P. van Rij
10.1016/j.gheart.2017.01.005	2017	Development of Bioinformatics Infrastructure for Genomics Research	Global Heart	Nicola Mulder, Ezekiel Femi Adebiyi, Marion O. Adebiyi, Oluwaseun J. Adeyemi, Azza E. Ahmed, Rehab Said Ibrahim Ahmed, Matthew Boladele Akanle, Mohamed Alibi, Don L Armstrong, Shaun Aron, Efejiro Ashano, Shakuntala Baichoo, Alia Benkahla, David K. Brown, Emile Rugamika Chimusa, Faisal M. Fadlelmola,
10.53846/goediss-6244	2017	Development of algorithms and next-generation sequencing data workflows for the analysis of gene regulatory networks		Orr Shomroni
10.32469/10355/62312	2017	Discovering disease causing variants in dogs through whole genome sequencing		Ana Kolicheski
10.1371/journal.pone.0184119	2017	Discovery of numerous novel small genes in the intergenic regions of the Escherichia coli O157:H7 Sakai genome	PLoS ONE	Sarah M. Hücker, Zachary Ardern, Tatyana Goldberg, Andrea Schafferhans, Michael Bernhofer, Gisle Vestergaard, Chase W. Nelson, Michael Schloter, Burkhard Rost, Siegfried Scherer, Klaus Neuhaus
10.1534/g3.117.042093	2017	Dissecting the Satellite DNA Landscape in Three CactophilicDrosophilaSequenced Genomes	G3 Genes Genomes Genetics	Leonardo Gomes de Lima, Marta Svartman, Gustavo C. S. Kuhn
10.1101/203075	2017	Distinct epigenetic programs regulate cardiac myocyte development and disease in the human heart in vivo	bioRxiv (Cold Spring Harbor Laboratory)	Ralf Gilsbach, Martin Schwaderer, Sebastian Preißl, Björn Andreas Grüning, David Kranzhöfer, Pedro Schneider, Thomas Georg Nührenberg, Sonia Mulero‐Navarro, Dieter Weichenhan, Christian Joerg Braun, Martina Dreßen, Adam R. Jacobs, Harald Lahm, Torsten Doenst, Rolf Backofen, Markus Krane, Bruce D. Ge
	2017	Divergence, gene flow, and the speciation continuum in trans-Beringian birds	ScholarWorks - UA (University of Alaska System)	Jessica F. McLaughlin
10.1016/j.neuron.2017.04.043	2017	Diverse Requirements for Microglial Survival, Specification, and Function Revealed by Defined-Medium Cultures	Neuron	Christopher J. Bohlen, F. Chris Bennett, Andrew F. Tucker, Hannah Y. Collins, Sara B. Mulinyawe, Ben A. Barres
10.1128/genomea.00271-17	2017	Draft Genome Sequence and Assembly of a Lysobacter enzymogenes Strain with Biological Control Activity against Root Knot Nematodes	Genome Announcements	Iker Hernández, Carolina Fernández
10.1128/genomea.01141-17	2017	Draft Genome Sequence of Pseudomonas fluorescens Strain ITEM 17298, Associated with Cheese Spoilage	Genome Announcements	Francesca Fanelli, Vania Cosma Liuzzi, Laura Quintieri, Giuseppina Mulè, Federico Baruzzi, Antonio Francesco Logrieco, Leonardo Caputo
10.1038/s41598-017-16289-2	2017	Dysbiosis of the microbiome in gastric carcinogenesis	Scientific Reports	Natalia Castaño‐Rodríguez, Khean‐Lee Goh, Kwong Ming Fock, Hazel M. Mitchell, Nadeem O. Kaakoush
10.21105/joss.00418	2017	ENASearch: A Python library for interacting with ENA's API	The Journal of Open Source Software	Bérénice Batut, Björn Andreas Grüning
10.7717/peerj.3522	2017	EPAS1 variants in high altitude Tibetan wolves were selectively introgressed into highland dogs	PeerJ	Bridgett M. vonHoldt, Zhenxin Fan, Diego Ortega‐Del Vecchyo, Robert K. Wayne
10.1371/journal.pone.0181690	2017	Effects of oral florfenicol and azithromycin on gut microbiota and adipogenesis in mice	PLoS ONE	Rui Li, Hexing Wang, Qingfeng Shi, Na Wang, Zhijie Zhang, Chenglong Xiong, Jian‐Xiang Liu, Yue Chen, Lufang Jiang, Qingwu Jiang
	2017	Efficient Mass Spectra Prediction through Container Orchestration with a Scientific Workflow.		Maximilian Hanussek, Felix Bartusch, Jens Krüger, Oliver Kohlbacher
10.1016/j.ymthe.2017.04.028	2017	Eliminating HIV-1 Packaging Sequences from Lentiviral Vector Proviruses Enhances Safety and Expedites Gene Transfer for Gene Therapy	Molecular Therapy	Conrad A. Vink, John R. Counsell, Dany P.B. Perocheau, Rajvinder Karda, Suzanne M. K. Buckley, Martijn H. Brugman, Melanie Galla, Axel Schambach, Tristan R. McKay, Simon N. Waddington, Steven J. Howe
10.1101/191783	2017	Enabling Precision Medicine via standard communication of HTS provenance, analysis, and results	bioRxiv (Cold Spring Harbor Laboratory)	Gil Alterovitz, Dennis A. Dean, Carole Goble, Michael Robin Crusoe, Stian Soiland‐Reyes, Amanda L. Bell, Anais Hayes, Anita Suresh, Anjan Purkayastha, Charles Hadley S. King, Dan Taylor, Elaine Johanson, Elaine E. Thompson, Eric Donaldson, Hiroki Morizono, Hsinyi Tsang, Jeet Kiran Vora, Jeremy Goeck
10.1101/127308	2017	Enhancing Multiplex Genome Editing by Natural Transformation (MuGENT) via inactivation of ssDNA exonucleases	bioRxiv (Cold Spring Harbor Laboratory)	Triana N. Dalia, Soo Hun Yoon, Elisa Galli, François‐Xavier Barre, Christopher M. Waters, Ankur B. Dalia
10.1093/nar/gkx496	2017	Enhancing multiplex genome editing by natural transformation (MuGENT) via inactivation of ssDNA exonucleases	Nucleic Acids Research	Triana N. Dalia, Soo Hun Yoon, Elisa Galli, François Xavier Barre, Christopher M. Waters, Ankur B. Dalia
10.1016/j.bbrc.2017.04.035	2017	EpCAM controls morphogenetic programs during zebrafish pronephros development	Biochemical and Biophysical Research Communications	Sebastian Kuechlin, Maximilian Schoels, Krasimir Slanchev, Silke Laßmann, Gerd Walz, Toma A. Yakulov
10.1371/journal.pone.0185207	2017	Escape Excel: A tool for preventing gene symbol and accession conversion errors	PLoS ONE	Eric A. Welsh, Paul A. Stewart, Brent M. Kuenzi, James A. Eschrich
10.1101/103820	2017	Escape Excel: a tool for preventing gene symbol and accession conversion errors	bioRxiv (Cold Spring Harbor Laboratory)	Eric A. Welsh, Paul A. Stewart, Brent M. Kuenzi
10.1101/101154	2017	Evolution of Reduced Co-Activator Dependence Led to Target Expansion of a Starvation Response Pathway	bioRxiv (Cold Spring Harbor Laboratory)	Bin He, Xu Zhou, Erin K. O’Shea
10.7554/elife.25157	2017	Evolution of reduced co-activator dependence led to target expansion of a starvation response pathway	eLife	Bin He, Xu Zhou, Erin K. O’Shea
10.1007/978-981-10-4059-7_13	2017	Exploring the Plant Microbiome Through Multi-omics Approaches		Rubén López‐Mondéjar, Martin Kostovčík, Salvador Lladó, Lorena Carro, Paula García‐Fraile
10.3410/f.732114936.793539391	2017	Faculty Opinions recommendation of The multiple antibiotic resistance operon of enteric bacteria controls DNA repair and outer membrane integrity.	Faculty Opinions – Post-Publication Peer Review of the Biomedical Literature	Michael G. Kurilla, Ann E. Eakin
	2017	Female sterility and carpel development in plants	Illinois Digital Environment for Access to Learning and Scholarship (University of Illinois at Urbana-Champaign)	Setu Chakrabarty
10.1128/mbio.00824-17	2017	First Insights into the Diverse Human Archaeome: Specific Detection of Archaea in the Gastrointestinal Tract, Lung, and Nose and on Skin	mBio	Kaisa Koskinen, Manuela-Raluca Pausan, Alexandra Perras, Michael Beck, Corinna Bang, Maximilian Mora, Anke Schilhabel, Ruth A. Schmitz, Christine Moissl‐Eichinger
10.1007/978-3-319-67792-7_13	2017	Functional Interpretation of Gene Sets: Semantic-Based Clustering of Gene Ontology Terms on the BioTest Platform	Advances in intelligent systems and computing	Aleksandra Gruca, Roman Jaksik, Krzysztof Psiuk-Maksymowicz
10.1101/146696	2017	Functional dissection of the enhancer repertoire in human embryonic stem cells	bioRxiv (Cold Spring Harbor Laboratory)	Tahsin Stefan Barakat, Florian Halbritter, Man Zhang, André F. Rendeiro, Christoph Bock, Ian Chambers
10.1093/nar/gkx790	2017	GWIPS-viz: 2018 update	Nucleic Acids Research	Audrey M. Michel, Stephen J. Kiniry, Patrick B. F. O’Connor, James P.A. Mullan, Pavel V. Baranov
10.1038/s41467-017-00050-4	2017	Gaining comprehensive biological insight into the transcriptome by performing a broad-spectrum RNA-seq analysis	Nature Communications	Sayed Mohammad Ebrahim Sahraeian, Marghoob Mohiyuddin, Robert Sebra, Hagen Tilgner, Pegah Tootoonchi Afshar, Kin Fai Au, Narges Bani Asadi, Mark Gerstein, Wing Hung Wong, Michael Snyder, Eric E. Schadt, Hugo Y. K. Lam
10.1101/148411	2017	Gaining insights from RNA-Seq data using iDEP	bioRxiv (Cold Spring Harbor Laboratory)	Xijin Ge, Eun Wo Son
10.1371/journal.pone.0180378	2017	Gene expression allelic imbalance in ovine brown adipose tissue impacts energy homeostasis	PLoS ONE	Shila Ghazanfar, Tony Vuocolo, Janna Leigh Morrison, Lisa M. Nicholas, Isabella Caroline McMillen, Jean Yee Hwa Yang, Michael J Buckley, Ross L. Tellam
10.1038/s41598-017-11185-1	2017	Genetic association study of common variants in TGFB1 and IL-6 with developmental dysplasia of the hip in Han Chinese population	Scientific Reports	Wenlong Ma, Zhuqing Zha, Ke Chen, Honggan Chen, Yixin Wu, Jianbing Ma, Sixiang Zeng, Liqiang Zhi, Shuxin Yao
10.1139/cjfas-2016-0528	2017	Genetic population structure of the round whitefish (Prosopium cylindraceum) in North America: multiple markers reveal glacial refugia and regional subdivision	Canadian Journal of Fisheries and Aquatic Sciences	Thomas D. Morgan, Carly F. Graham, Andrew G. McArthur, Amogelang R. Raphenya, Douglas R. Boreham, Richard G. Manzon, Joanna Yvonne Wilson, Stacey L. Lance, Katie E. Howland, Paul H. Patrick, Christopher M. Somers
10.1128/jb.00340-17	2017	Genome Scale Mutational Analysis of Geobacter sulfurreducens Reveals Distinct Molecular Mechanisms for Respiration and Sensing of Poised Electrodes versus Fe(III) Oxides	Journal of Bacteriology	Chi Ho Chan, Caleb E. Levar, Fernanda Jiménez Otero, Daniel R. Bond
10.1155/2017/6192924	2017	Genome Structure ofBacillus cereustsu1 and Genes Involved in Cellulose Degradation and Poly-3-Hydroxybutyrate Synthesis	International Journal of Polymer Science	Hui Li, Suping Zhou, Terrance L. Johnson, Koen P. Vercruysse, Lizhi Ouyang, Ranganathan Parthasarathy, Nsoki Phambu, Alexander J. Ropelewski, Theodore W. Thannhauser
10.1139/gen-2017-0059	2017	Genome-wide identification, functional prediction, and evolutionary analysis of the R2R3-MYB superfamily in Brassica napus	Genome	Ali Hajiebrahimi, Hajar Owji, Shiva Hemmati
10.1016/j.ydbio.2017.07.022	2017	Girardia dorotocephala transcriptome sequence, assembly, and validation through characterization of piwi homologs and stem cell progeny markers	Developmental Biology	Eugene Matthew P. Almazan, Sydney L. Lesko, Michael P. Markey, Labib Rouhana
10.1038/s41467-017-02259-9	2017	H3K14ac is linked to methylation of H3K9 by the triple Tudor domain of SETDB1	Nature Communications	Renata Zofia Jurkowska, Qin Su, Goran Kungulovski, W. Tempel, Yanli Liu, Pavel Bashtrykov, Judith Stiefelmaier, Tomasz Piotr Jurkowski, Srikanth Kudithipudi, Sara Weirich, Raluca Tamas, Hong Wu, L. Dombrovski, P. Loppnau, Richard Reinhardt, Jinrong Min, Albert Jeltsch
10.1152/ajpgi.00307.2016	2017	Hamp1 mRNA and plasma hepcidin levels are influenced by sex and strain but do not predict tissue iron levels in inbred mice	American Journal of Physiology-Gastrointestinal and Liver Physiology	Stela McLachlan, Kathryn E. Page, Seung-Min Lee, Alex Loguinov, Erika V. Valore, Simon T. Y. Hui, Grace Jung, Jie Zhou, Aldons Jake Lusis, Brie K. Fuqua, Tomas Ganz, Elizabeta Nemeth, Chris D. Vulpe
10.1016/j.mce.2017.10.016	2017	High-fat diet exposure, regardless of induction of obesity, is associated with altered expression of genes critical to normal ovulatory function	Molecular and Cellular Endocrinology	Natalie M. Hohos, Kirstin J. Cho, Delaney C. Swindle, Malgorzata E. Skaznik-Wikiel
10.3791/56442	2017	High-throughput Parallel Sequencing to Measure Fitness of Leptospira interrogans Transposon Insertion Mutants During Golden Syrian Hamster Infection	Journal of Visualized Experiments	Kristel Lourdault, James Matsunaga, Karen V. Evangelista, David A. Haake
10.1038/nsmb.3490	2017	Histone propionylation is a mark of active chromatin	Nature Structural & Molecular Biology	Adam Fiseha Kebede, Anna Nieborak, Lara Zorro Shahidian, Stéphanie Le Gras, Florian Martin Richter, Diana Aguilar‐Gómez, Marijke P. A. Baltissen, Gergő Mészáros, Helena de Fatima Magliarelli, Aaron Taudt, Raphaël Margueron, Maria Colomé‐Tatché, Roméo Ricci, Sylvain Daujat, Michiel Vermeulen, Gerhard
10.1111/mec.14413	2017	How gut transcriptional function of Drosophila melanogaster varies with the presence and composition of the gut microbiota	Molecular Ecology	Alyssa Bost, Soeren Franzenburg, Karen L. Adair, Vincent G. Martinson, Gregory M. Loeb, Angela E. Douglas
10.1016/j.neuron.2017.07.035	2017	Human Astrocyte Maturation Captured in 3D Cerebral Cortical Spheroids Derived from Pluripotent Stem Cells	Neuron	Steven A. Sloan, Spyros Darmanis, Nina Huber, Themasap A. Khan, Fikri Birey, Christine Caneda, Richard J. Reimer, Stephen R. Quake, Ben A. Barres, Sergiu P. Pașca
10.7554/elife.18825	2017	Human Nup98 regulates the localization and activity of DExH/D-box helicase DHX9	eLife	Juliana S. Capitanio, Ben Montpetit, Richard W. Wozniak
10.1111/pcmr.12579	2017	Hypoxia‐induced HIF 1α targets in melanocytes reveal a molecular profile associated with poor melanoma prognosis	Pigment Cell & Melanoma Research	Stacie K. Loftus, Laura L. Baxter, Julia C. Cronin, Temesgen Fufa, NISC Comparative Sequencing Program, William J. Pavan
10.1093/nar/gkx163	2017	ICF-specific DNMT3B dysfunction interferes with intragenic regulation of mRNA transcription and alternative splicing	Nucleic Acids Research	Sole Gatto, Miriam Gagliardi, Monica Franzese, Sylwia Leppert, Mariarosaria Papa, Marco Cammisa, Giacomo Grillo, Guillame Velasco, Claire Francastel, Shir Toubiana, Maurizio D’Esposito, Claudia Angelini, Maria Rosaria Matarazzo
10.1016/j.compbiolchem.2017.09.004	2017	Identification and functional prediction of stress responsive AP2/ERF transcription factors in Brassica napus by genome-wide analysis	Computational Biology and Chemistry	Hajar Owji, Ali Hajiebrahimi, Hassan Seradj, Shiva Hemmati
10.1094/phyto-05-17-0190-r	2017	Identification of a Hypervirulent Pathotype of Rice yellow mottle virus: A Threat to Genetic Resistance Deployment in West-Central Africa	Phytopathology	Eugénie Hébrard, Agnès Pinel‐Galzi, Aderonke Oludare, Nils Poulicard, Jamel Aribi, Sandrine Fabre, Souley Issaka, Cédric Mariac, Alexis Dereeper, Laurence Albar, Drissa Silué, Denis Fargette
10.1128/aem.01682-17	2017	Impact of “Raised without Antibiotics” Beef Cattle Production Practices on Occurrences of Antimicrobial Resistance	Applied and Environmental Microbiology	Amit Vikram, Pablo Rovira, Getahun Ejeta Agga, Terrance M. Arthur, Joseph M. Bosilevac, TOMMY L. WHEELER, Paul S. Morley, K. E. Belk, John William Schmidt
10.1038/ncomms15790	2017	Improving the DNA specificity and applicability of base editing through protein engineering and protein delivery	Nature Communications	Holly A. Rees, Alexis C. Komor, Wei-Hsi Yeh, Joana Caetano‐Lopes, Matthew L. Warman, Albert S.B. Edge, David R. Liu
10.1073/pnas.1715049114	2017	Induction of H3K9me3 and DNA methylation by tethered heterochromatin factors in Neurospora crassa	Proceedings of the National Academy of Sciences	Jordan D. Gessaman, Eric U. Selker
10.1101/208090	2017	Infant Weight Gain Trajectories Linked to Oral Microbiome Composition	bioRxiv (Cold Spring Harbor Laboratory)	Sarah J. C. Craig, Daniel Blankenberg, Alice Carla Luisa Parodi, Ian M. Paul, Leann Lipps Birch, Jennifer S. Savage, Michele E. Marini, Jennifer L. Stokes, ANTON Y NEKRUTENKO, Matthew L. Reimherr, Francesca Chiaromonte, Kateryna D. Makova
10.3382/ps/pex360	2017	Influence of dietary avilamycin on ileal and cecal microbiota in broiler chickens	Poultry Science	J-H Choi, K Lee, D-W Kim, Dong Yong Kil, G. B. Kim, C-J Cha
10.54014/rbcb-fpcg	2017	Influence of the pre-initiation complex on mediator recruitment in saccharomyces cerevisiae		Elisabeth R. Knoll
10.1093/cvr/cvx078	2017	Inhibition of the cardiac myocyte mineralocorticoid receptor ameliorates doxorubicin-induced cardiotoxicity	Cardiovascular Research	Achim Lother, Stella Bergemann, Jessica Kowalski, Michael Huck, Ralf Gilsbach, Christoph Bode, Lutz Hein
10.1007/s10534-017-0068-0	2017	Inorganic mercury in mammary cells: viability, metal uptake but efflux?	BioMetals	Mariángeles Ávila Maniero, Martin E. Guerrero-Gimenez, Mariel A. Fanelli, Rodolfo G. Wuilloud
10.1093/nar/gkx279	2017	IntaRNA 2.0: enhanced and customizable prediction of RNA–RNA interactions	Nucleic Acids Research	Martin Mann, Patrick Rudolf Wright, Rolf Backofen
10.1111/tpj.13547	2017	Integrated omics analyses of retrograde signaling mutant delineate interrelated stress‐response strata	The Plant Journal	Marta L. Bjornson, Gerd Ulrich Balcke, Yanmei Xiao, Amancio José de Souza, Jinzheng Wang, Dina Zhabinskaya, Ilias Tagkopoulos, Alain F. Tissier, Katayoon Dehesh
10.1158/0008-5472.can-17-0330	2017	Integrating DNA Methylation and Hydroxymethylation Data with the Mint Pipeline	Cancer Research	Raymond G. Cavalcante, Snehal B. Patil, Yongseok Park, Laura S. Rozek, Maureen A. Sartor
10.25560/67647	2017	Integration and visualisation of clinical-omics datasets for medical knowledge discovery	Spiral (Imperial College London)	Daniel Homola
10.4049/jimmunol.1602033	2017	Integration of Kinase and Calcium Signaling at the Level of Chromatin Underlies Inducible Gene Activation in T Cells	The Journal of Immunology	Ruth Brignall, Pierre Cauchy, Sarah L. Bevington, Bethany Gorman, Angela Oliveira Pisco, James Bagnall, Christopher Boddington, William L. Rowe, Hazel England, Kevin D. Rich, Lorraine Schmidt, Nigel P. Dyer, Mark A. Travis, Sascha Ott, Dean Andrew Jackson, Peter N. Cockerill, Pawel Paszek
10.1007/7651_2017_94	2017	Integrative Analysis of Proteomics Data to Obtain Clinically Relevant Markers	Methods in molecular biology	Nathan Salomonis
10.1210/en.2017-00663	2017	Isl1β Overexpression With Key β Cell Transcription Factors Enhances Glucose-Responsive Hepatic Insulin Production and Secretion	Endocrinology	Yunshin Jung, Ruyi Zhou, Toshiki Kato, Jeffrey K Usui, Masafumi Muratani, Hisashi Oishi, Margarete M. S. Heck, Satoru Takahashi
10.1101/152306	2017	JQ1 reduces Epstein-Barr virus-associated lymphoproliferative disease in mice without sustained oncogene repression	bioRxiv (Cold Spring Harbor Laboratory)	Amanda He, JJ L. Miranda
10.1080/10428194.2017.1372578	2017	JQ1 reduces Epstein–Barr virus-associated lymphoproliferative disease in mice without sustained oncogene repression	Leukemia & lymphoma/Leukemia and lymphoma	Amanda He, JJ L. Miranda
10.7554/elife.22194	2017	Landscape of histone modifications in a sponge reveals the origin of animal cis-regulatory complexity	eLife	Federico Gaiti, Katia Jindrich, Selene L. Fernández-Valverde, Kathrein E. Roper, Bernard M. Degnan, Miloš Tanurdžić
10.1007/978-3-319-54430-4_73	2017	Large-Scale Data Classification System Based on Galaxy Server and Protected from Information Leak	Lecture notes in computer science	Krzysztof Fujarewicz, Sebastian Student, Tomasz Zielański, Michał Jakubczak, Justyna Pieter, Katarzyna Pojda, Andrzej Świerniak
10.1101/181677	2017	Lessons Learned: Recommendations for Establishing Critical Periodic Scientific Benchmarking	bioRxiv (Cold Spring Harbor Laboratory)	Salvador Capella-Gutiérrez, Diana de la Iglesia, Juergen Haas, Anália Maria Garcia Lourenço, José M. Fernández, Dmitry Repchevsky, Christophe Dessimoz, Torsten F. Schwede, Cédric Notredame, Josep Lluis Gelpí, Alfonso Valencia
10.7554/elife.28118	2017	Loss of the melanocortin-4 receptor in mice causes dilated cardiomyopathy	eLife	Michael J. Litt, Gosife Donald Okoye, Daniel Stephen Lark, Işın Çakır, Christy S. Moore, Mary Barber, James B. Atkinson, Joshua P. Fessel, Javid J. Moslehi, Roger D. Cone
10.1371/journal.pcbi.1005898	2017	MAGPIE: Simplifying access and execution of computational models in the life sciences	PLoS Computational Biology	Christoph Baldow, Sebastian Salentin, Michael D. Schroeder, Ingo Roeder, Ingmar Glauche
10.1101/136077	2017	MAJIQ-SPEL: Web-Tool to interrogate classical and complex splicing variations from RNA-Seq data	bioRxiv (Cold Spring Harbor Laboratory)	Christopher J. Green, Matthew R. Gazzara, Yoseph Barash
10.1093/bioinformatics/btx565	2017	MAJIQ-SPEL: web-tool to interrogate classical and complex splicing variations from RNA-Seq data	Bioinformatics	Christopher J. Green, Matthew R. Gazzara, Yoseph Barash
10.12688/f1000research.13204.1	2017	META-pipe cloud setup and execution	F1000Research	Aleksandr Agafonov, Kimmo J. Mattila, Cuong Duong Tuan, Lars Tiede, Inge Alexander Raknes, Lars Ailo Bongo
10.1093/bib/bbx105	2017	MG-RAST version 4—lessons learned from a decade of low-budget ultra-high-throughput metagenome analysis	Briefings in Bioinformatics	Folker Meyer, Saurabh Bagchi, Somali Chaterji, Wolfgang Gerlach, Ananth Y. Grama, Travis Harrison, Tobias Paczian, William L. Trimble, Andreas Wilke
10.24251/hicss.2017.754	2017	Maintaining a Science Gateway - Lessons Learned from MoSGrid	Proceedings of the ... Annual Hawaii International Conference on System Sciences/Proceedings of the Annual Hawaii International Conference on System Sciences	Lukas Zimmermann, Richard Grunzke, Jens Krüger
10.1038/s41598-017-06859-9	2017	Mapping the chromatin landscape and Blimp1 transcriptional targets that regulate trophoblast differentiation	Scientific Reports	Andrew C. Nelson, Arne W. Mould, Elizabeth K. Bikoff, Elizabeth J. Robertson
10.1145/3035918.3064048	2017	Massively Parallel Processing of Whole Genome Sequence Data		Abhishek Roy, Yanlei Diao, Uday Shanker Evani, Avinash Abhyankar, Clinton Howarth, Rémi Le Priol, Toby Bloom
10.1101/208686	2017	Metabolic Interactions Between Dynamic Bacterial Subpopulations	bioRxiv (Cold Spring Harbor Laboratory)	Adam Rosenthal, Yutao Qi, Sahand Hormoz, Jin Park, Hsin‐Jung Li, Michael B. Elowitz
10.1101/105205	2017	Metaviz: interactive statistical and visual analysis of metagenomic data	bioRxiv (Cold Spring Harbor Laboratory)	Justin Wagner, Florin Chelaru, Jayaram Kancherla, Joseph Nathaniel Paulson, Victor Felix, Anup Mahurkar, Héctor Corrada Bravo
10.4109/jslab.28.167	2017	Methods for analyzing next-generation sequencing data XI.Galaxy -an integrated data analysis environment	Japanese Journal of Lactic Acid Bacteria	Tazro Ohta, Tomoko Terada, Kentaro K. Shimizu, Koji Kadota
10.1080/08927014.2017.1285914	2017	Microbial fouling and corrosion of carbon steel in deep anoxic alkaline groundwater	Biofouling	Pauliina Rajala, Malin Bomberg, Mikko Vepsäläinen, Leena I. Carpén
10.1038/s41598-017-10151-1	2017	Mild hypothermia provides Treg stability	Scientific Reports	Natalia Maria Marek-Trzonkowska, Karolina Piekarska, Natalia H. Filipowicz, Arkadiusz Piotrowski, Magdalena Gucwa, Katrin Vogt, Birgit Sawitzki, Janusz Siebert, Piotr Trzonkowski
10.1007/s40291-017-0264-1	2017	Mining Cancer Transcriptomes: Bioinformatic Tools and the Remaining Challenges	Molecular Diagnosis & Therapy	Thomas Milan, Brian T. Wilhelm
10.1016/j.ympev.2017.12.013	2017	Mitochondrial gene order evolution in Mollusca: Inference of the ancestral state from the mtDNA of Chaetopleura apiculata (Polyplacophora, Chaetopleuridae)	Molecular Phylogenetics and Evolution	Davide Guerra, Karim Bouvet, Sophie Breton
10.1086/694564	2017	Molecular Characterization of Copepod Photoreception	Biological Bulletin	Megan L. Porter, Mireille Steck, Vittoria Roncalli, Petra H. Lenz
10.5334/dsj-2017-007	2017	Motivation and Strategies for Implementing Digital Object Identifiers (DOIs) at NCAR’s Earth Observing Laboratory – Past Progress and Future Collaborations	Data Science Journal	Janine Aquino, John Allison, Robert A. Rilling, Don Stott, Kathryn Young, M. D. Daniels
10.1093/ilar/ilx013	2017	Mouse Genome Informatics (MGI) Resource: Genetic, Genomic, and Biological Knowledgebase for the Laboratory Mouse	ILAR Journal	Janan T. Eppig
10.1038/s41467-017-00612-6	2017	NFATc1 controls the cytotoxicity of CD8+ T cells	Nature Communications	Stefan Klein‐Hessling, Khalid Muhammad, Matthias Klein, Tobias Pusch, Ronald Rudolf, Jessica Flöter, Musga Qureischi, Andreas Beilhack, Martin Vaeth, Carsten Kummerow, Christian S. Backes, Rouven Schoppmeyer, Ulrike K. Hahn, Markus Hoth, Tobias Bopp, Friederike Berberich‐Siebelt, Amiya Kumar Patra, 
10.1007/s11306-017-1242-7	2017	Navigating freely-available software tools for metabolomics analysis	Metabolomics	Rachel Spicer, Reza M. Salek, Pablo A Moreno, Daniel Cañueto, Christoph Steinbeck
10.1002/cpmb.27	2017	Next‐Generation Sequencing for Identification of EMS‐Induced Mutations inCaenorhabditis elegans	Current Protocols in Molecular Biology	Nicolas J. Lehrbach, Fei Ji, Ruslan I. Sadreyev
10.1534/g3.117.042598	2017	Novel Mutations in Synaptic Transmission Genes Suppress Neuronal Hyperexcitation inCaenorhabditis elegans	G3 Genes Genomes Genetics	Katherine A McCulloch, Yingchuan Billy Qi, Seika Takayanagi-Kiya, Yishi Jin, Salvatore J. Cherra
10.48550/arxiv.1707.03659	2017	OMICtools: a community-driven search engine for biological data analysis	arXiv (Cornell University)	H Lawrence Perrin, Marion Denorme, Julien Grosjean, Omictools Community, Emeric Dynomant, Vincent Henry, Fabien Pichon, Stéfan Jacques Darmoni, Arnaud Desfeux, Bruno José Gonzalez
10.1093/nar/gkx270	2017	ORIO (Online Resource for Integrative Omics): a web-based platform for rapid integration of next generation sequencing data	Nucleic Acids Research	Christopher A. Lavender, Andrew J. Shapiro, Adam Burkholder, Brian D. Bennett, Karen  Louise Adelman, David C. Fargo
10.1109/candar.2017.100	2017	Optimising Scientific Workflow Execution Using Desktops, Clusters and Clouds		Edvard Martins de Oliveira, Júlio Cézar Estrella, Fausto Guzzo da Costa, Alexandre C. B. Delbem, Stephan Reiff‐Marganiec
10.1097/pas.0000000000000981	2017	Ovarian Microcystic Stromal Tumors Are Characterized by Alterations in the Beta-Catenin-APC Pathway and May be an Extracolonic Manifestation of Familial Adenomatous Polyposis	The American Journal of Surgical Pathology	W. Glenn McCluggage, Julie A. E. Irving, Anne‐Sophie Chong, Blaise Alexander Clarke, Robert H. Young, William David Foulkes, Bárbara Rivera
10.1016/j.bbagrm.2017.12.001	2017	PARP1 facilitates EP300 recruitment to the promoters of the subset of RBL2-dependent genes	Biochimica et Biophysica Acta (BBA) - Gene Regulatory Mechanisms	Agnieszka Robaszkiewicz, Ewelina Wiśnik, Zsolt Regdon, Kinga Chmielewska, László Virág
10.1093/nar/gkx1002	2017	PLAZA 4.0: an integrative resource for functional, evolutionary and comparative plant genomics	Nucleic Acids Research	Michiel Van Bel, Tim Diels, Emmelien Vancaester, Łukasz Kreft, Alexander Botzki, Yves Van de Peer, Frederik Coppens, Klaas Vandepoele
10.1016/j.stem.2017.02.004	2017	PRC2 Facilitates the Regulatory Topology Required for Poised Enhancer Function during Pluripotent Stem Cell Differentiation	Cell stem cell	Sara Cruz-Molina, Patricia Respuela, Christina Tebartz, Petros Kolovos, Milos M. Nikolic, Raquel Fueyo, Wilfred F. J. van IJcken, Frank G. Grosveld, Peter Frommolt, Hisham Bazzi, Álvaro Rada-Iglesias
10.1167/iovs.17-22255	2017	PRiMeUM: A Model for Predicting Risk of Metastasis in Uveal Melanoma	Investigative Ophthalmology & Visual Science	Jorge Vaquero-Garcia, Emilie Lalonde, Kathryn G. Ewens, Jessica Ebrahimzadeh, Jennifer Richard-Yutz, Carol L. Shields, Alejandro Barrera, Christopher J. Green, Yoseph Barash, Arupa A. Ganguly
10.4049/jimmunol.1601709	2017	PU.1 Regulates Ig Light Chain Transcription and Rearrangement in Pre-B Cells during B Cell Development	The Journal of Immunology	Carolina R. Batista, Stephen K. H. Li, Li Xu, Lauren A. Solomon, Rodney P. DeKoter
10.1101/178327	2017	Pathogen-Host Analysis Tool (PHAT): an Integrative Platform to Analyze Pathogen-Host Relationships in Next-Generation Sequencing Data	bioRxiv (Cold Spring Harbor Laboratory)	Christopher M. Gibb, Robert B. Jackson, Sabah Mohammed, Jinan Fiaidhi, Ingeborg Zehbe
10.7287/peerj.2997v0.1/reviews/1	2017	Peer Review #1 of "Variant profiling of evolving prokaryotic populations (v0.1)"		
10.7287/peerj.2997v0.2/reviews/1	2017	Peer Review #1 of "Variant profiling of evolving prokaryotic populations (v0.2)"		
10.7287/peerj.2997v0.1/reviews/2	2017	Peer Review #2 of "Variant profiling of evolving prokaryotic populations (v0.1)"		
10.1016/j.jbiotec.2017.06.008	2017	Phenotype databases for genetic screens in human cells	Journal of Biotechnology	Benedikt Rauscher, Erica Valentini, Ulrike Hardeland, Michael Boutros
10.1186/s12917-017-1211-4	2017	Phylogenetic assessment reveals continuous evolution and circulation of pigeon-derived virulent avian avulaviruses 1 in Eastern Europe, Asia, and Africa	BMC Veterinary Research	Mahmoud Sabra, Kiril M. Dimitrov, Iryna V. Goraichuk, Abdul Ali Wajid, Poonam R Sharma, Dawn Williams-Coplin, Asma Basharat, Shafqat Fatima Rehmani, Denys Muzyka, Patti J. Miller, Claudio L. Afonso
10.1101/121350	2017	Plasmid Profiler: Comparative Analysis of Plasmid Content in WGS Data	bioRxiv (Cold Spring Harbor Laboratory)	Adrian Zetner, Jennifer Cabral, Laura F. Mataseje, Natalie Knox, Philip Mabon, Michael R. Mulvey, Gary Van Domselaar
10.1111/mec.14450	2017	Population transcriptomics in Daphnia: The role of thermal selection	Molecular Ecology	Maike Herrmann, Suda Parimala Ravindran, Klaus Schwenk, Mathilde Cordellier
10.1038/s41598-017-11635-w	2017	Prenatal Glucocorticoid Exposure Modifies Endocrine Function and Behaviour for 3 Generations Following Maternal and Paternal Transmission	Scientific Reports	Vasilis G. Moisiadis, Andrea Constantinof, Alisa Kostaki, Moshe Szyf, Stephen G. Matthews
10.2147/opth.s147684	2017	Prescreening whole exome sequencing results from patients with retinal degeneration for variants in genes associated with retinal degeneration	Clinical ophthalmology	Laura Bryant, Olga Lozynska, Albert M. Maguire, Tomás S. Alemán, Jean Bennett
10.1111/eva.12514	2017	Profiling the immunome of little brown myotis provides a yardstick for measuring the genetic response to white‐nose syndrome	Evolutionary Applications	Michael E. Donaldson, Christina M. Davy, Craig K. R. Willis, Scott McBurney, Allysia Park, Christopher J. Kyle
10.1038/ncomms15128	2017	Programming mRNA decay to modulate synthetic circuit resource allocation	Nature Communications	Ophelia S. Venturelli, Mika Tei, Štefan Bauer, Leanne Jade G. Chan, Christopher J. Petzold, Adam P. Arkin
10.1080/14789450.2017.1352474	2017	Proteogenomics approaches for studying cancer biology and their potential in the identification of acute myeloid leukemia biomarkers	Expert Review of Proteomics	Maria Hernandez-Valladares, Marc Vaudel, Frode Selheim, Frode S. Berven, Øystein Bruserud
10.1021/acs.analchem.7b04340	2017	Proteomic and Metaproteomic Approaches to Understand Host–Microbe Interactions	Analytical Chemistry	Amanda E. Starr, Shelley A. Deeke, Leyuan Li, Xu Zhang, Rachid Daoud, James W. Ryan, Zhibin Ning, Kai Cheng, Linh V. H. Nguyen, Elias Abou-Samra, Mathieu Lavallée‐Adam, Daniel Figeys
10.1186/s12864-017-4279-0	2017	Proteomics in non-human primates: utilizing RNA-Seq data to improve protein identification by mass spectrometry in vervet monkeys	BMC Genomics	J. Michael Proffitt, Jeremy P. Glenn, Anthony J. Cesnik, Avinash Y. L. Jadhav, Michael R. Shortreed, Lloyd M. Smith, Kylie Kavanagh, Laura A. Cox, Michael Olivier
10.3390/pathogens6010011	2017	Quantitative Analysis of the KSHV Transcriptome Following Primary Infection of Blood and Lymphatic Endothelial Cells	Pathogens	A. Gregory Bruce, Serge Barcy, Terri A. DiMaio, Emilia F. Gan, H. Jacques Garrigues, Michael Lagunoff, Timothy M. Rose
10.1093/nar/gkx120	2017	RCAS: an RNA centric annotation system for transcriptome-wide regions of interest	Nucleic Acids Research	Bora Uyar, Dilmurat Yusuf, Ricardo Wurmus, Nikolaus Rajewsky, Uwe Ohler, Altuna Akalin
10.1534/g3.117.043414	2017	RNA Binding Protein Vigilin Collaborates with miRNAs To Regulate Gene Expression for Caenorhabditis elegans Larval Development	G3 Genes Genomes Genetics	Rebecca A. Zabinsky, Brett Weum, Mingxue Cui, Min Jeong Han
10.1016/j.stemcr.2017.04.016	2017	RNA Polymerase III Subunit POLR3G Regulates Specific Subsets of PolyA+ and SmallRNA Transcriptomes and Splicing in Human Pluripotent Stem Cells	Stem Cell Reports	Riikka Lund, Nelly Rahkonen, Maia Malonzo, Leni Kauko, Maheswarareddy Emani, Virpi Kivinen, Elisa Närvä, Esko Kemppainen, Asta Laiho, Heli Skottman, Outi Hovatta, Omid Rasool, Matti Nykter, Harri J Lähdesmäki, Riitta Lahesmaa
10.1186/s13229-017-0174-4	2017	RNA sequencing and proteomics approaches reveal novel deficits in the cortex of Mecp2-deficient mice, a model for Rett syndrome	Molecular Autism	Natasha L. Pacheco, Michael R. Heaven, Leanne Melissa Holt, David K. Crossman, Kristin J Boggio, Scott A. Shaffer, Daniel Flint, Michelle Lynne Olsen
10.1016/j.jbiotec.2017.05.019	2017	RNA-bioinformatics: Tools, services and databases for the analysis of RNA-based regulation	Journal of Biotechnology	Rolf Backofen, Jan Engelhardt, Anika Erxleben, Jörg Fallmann, Björn Andreas Grüning, Uwe Ohler, Nikolaus Rajewsky, Peter Florian Stadler
10.5772/intechopen.69250	2017	RNA‐seq: Applications and Best Practices	InTech eBooks	Michele Araújo Pereira, Eddie L. Imada, Rafael Lucas Muniz Guedes
10.1242/bio.030254	2017	Re-evaluating functional landscape of the cardiovascular system during development	Biology Open	Norio Takada, Madoka Omae, Fumihiko Sagawa, Neil C. Chi, Satsuki Endo, Satoshi Kozawa, Thomas T. Sato
10.1101/102723	2017	Re-evaluating functional landscape of the cardiovascular system during development	bioRxiv (Cold Spring Harbor Laboratory)	Norio Takada, Madoka Omae, Fumihiko Sagawa, Neil C. Chi, Satsuki Endo, Satoshi Kozawa, Thomas N. Sato
10.1093/gigascience/gix022	2017	ReGaTE: Registration of Galaxy Tools in Elixir	GigaScience	Olivia Doppelt‐Azeroual, Fabien Mareuil, Éric Deveaud, Matúš Kalaš, Nicola Soranzo, Marius van den Beek, Björn Andreas Grüning, Jon Ison, Hervé Ménager
10.1038/s41598-017-07539-4	2017	Reactivity of human AGO2 monoclonal antibody 11A9 with the SWI/SNF complex: A case study for rigorously defining antibody selectivity	Scientific Reports	Roderick A. P. M. van Eijl, Teun van den Brand, Luan N. M. Nguyen, Klaas W. Mulder
10.1007/s11033-017-4133-0	2017	Real-time detection of BRAF V600E mutation from archival hairy cell leukemia FFPE tissue by nanopore sequencing	Molecular Biology Reports	Davide Vacca, Valeria Cancila, Alessandro Gulino, Giosuè Lo Bosco, Beatrice Belmonte, Arianna Di Napoli, Ada Maria Florena, Claudio Tripodo, Walter Arancio
10.1002/pmic.201700271	2017	Refining Transcriptome Gene Catalogs by MS‐Validation of Expressed Proteins	PROTEOMICS	Sirius Pui-Kam Tse, Mathieu Beauchemin, David Morse, Samuel Chun‐Lap Lo
10.1101/gad.295741.116	2017	Regulation of DNA demethylation by the XPC DNA repair complex in somatic and pluripotent stem cells	Genes & Development	Jaclyn J. Ho, Claudia Cattoglio, David Trombley McSwiggen, Robert Tjian, Yick W. Fong
10.1038/s41525-016-0002-3	2017	Regulation of cancer epigenomes with a histone-binding synthetic transcription factor	npj Genomic Medicine	David B. Nyer, René M. Daer, Daniel A. Vargas, Caroline Hom, Karmella Ann Haynes
10.15252/embj.201796881	2017	Regulatory T cells constrain the TCR repertoire of antigen‐stimulated conventional CD4 T cells	The EMBO Journal	Martina Fontaine, Isabel Vogel, Yves‐Rémi Van Eycke, Adrien Galuppo, Yousra Ajouaou, Christine Decaestecker, George Kassiotis, Muriel Moser, Oberdan Léo
10.1016/j.mcn.2017.10.004	2017	Rem2 signaling affects neuronal structure and function in part by regulation of gene expression	Molecular and Cellular Neuroscience	Katelyn Kenny, Leandro O. Royer, Anna R. Moore, Xiao Chen, Michael T. Marr, Suzanne Paradis
10.1128/aac.00989-17	2017	Resistance to Ceftazidime-Avibactam Is Due to Transposition of KPC in a Porin-Deficient Strain of Klebsiella pneumoniae with Increased Efflux Activity	Antimicrobial Agents and Chemotherapy	Kirk J. Nelson, Peera Hemarajata, Dongxu Sun, Debora Rubio-Aparicio, Ruslan Tsivkovski, Shangxin Yang, Robert Sebra, Andrew Kasarskis, Hoan Thi Nguyen, Blake Hanson, Shana R. Leopold, George M. Weinstock, Olga Lomovskaya, Romney M. Humphries
10.1099/jmm.0.000530	2017	Retention of virulence following colistin adaptation in Klebsiella pneumoniae is strain-dependent rather than associated with specific mutations	Journal of Medical Microbiology	Matthew E. Wand, Lucy J. Bock, J. Mark Sutton
10.1007/s41019-017-0050-4	2017	Robust Cross-Platform Workflows: How Technical and Scientific Communities Collaborate to Develop, Test and Share Best Practices for Data Analysis	Data Science and Engineering	Steffen Möller, Stuart W. Prescott, Lars Wirzenius, Petter Reinholdtsen, Brad Chapman, Pjotr Prins, Stian Soiland‐Reyes, Fabian Klötzl, Andrea Bagnacani, Matúš Kalaš, Andreas Tille, Michael Robin Crusoe
10.1016/j.quaint.2017.11.044	2017	Roman dogs from the Iberian Peninsula and the Maghreb – A glimpse into their morphology and genetics	Quaternary International	Ana Elisabete Pires, Cleia Detry, Carlos Fernández Rodríguez, Sílvia Valenzuela, Ana Margarida Arruda, Jacopo De Grossi Mazzorin, Morgane Ollivier, Catherine Hänni, Fernanda Simões, Catarina Ginja
10.1093/bioinformatics/btx739	2017	SATORI: a system for ontology-guided visual exploration of biomedical data repositories	Bioinformatics	Fritz Lekschas, Nils Gehlenborg
10.1186/s12859-017-1778-6	2017	SG-ADVISER mtDNA: a web server for mitochondrial DNA annotation with data from 200 samples of a healthy aging cohort	BMC Bioinformatics	Manuel Rueda, Ali Torkamani
	2017	SHARP: Harmonizing Galaxy and Taverna workflow provenance	HAL (Le Centre pour la Communication Scientifique Directe)	Alban Gaignard, Khalid Belhajjame, Hala Skaf‐Molli
10.1007/978-3-319-70407-4_35	2017	SHARP: Harmonizing and Bridging Cross-Workflow Provenance	Lecture notes in computer science	Alban Gaignard, Khalid Belhajjame, Hala Skaf‐Molli
	2017	SHARP: Harmonizing cross-workflow provenance	HAL (Le Centre pour la Communication Scientifique Directe)	Alban Gaignard, Khalid Belhajjame, Hala Skaf‐Molli
10.1099/mgen.0.000116	2017	SNVPhyl: a single nucleotide variant phylogenomics pipeline for microbial genomic epidemiology	Microbial Genomics	Aaron Petkau, Philip Mabon, Cameron Sieffert, Natalie Knox, Jennifer Cabral, Mariam Iskander, Mark Iskander, Kelly A. Weedmark, Rahat Zaheer, Lee S. Katz, Celine A. Nadon, Aleisha R. Reimer, Eduardo Napoleon Taboada, Robert Gerald Beiko, William Hsiao, Fiona S. L. Brinkman, Morag Graham, Gary Van Do
10.3390/epigenomes1030014	2017	Saliva as a Blood Alternative for Genome-Wide DNA Methylation Profiling by Methylated DNA Immunoprecipitation (MeDIP) Sequencing	Epigenomes	Nicklas Heine Staunstrup, Anna Starnawska, Mette Nyegaard, Anders Lade Nielsen, Anders Dupont Børglum, Ole N Mors
10.1371/journal.ppat.1006532	2017	Salmonella enterica serovar-specific transcriptional reprogramming of infected cells	PLoS Pathogens	Sebastian Hannemann, Jorge E. Galán
10.1109/escience.2017.77	2017	Science Gateways Incubator: Software Sustainability Meets Community Needs		Sandra Gesing, Michael Zentner, Juliana Casavan, Betsy Hillery, Mihaela Vorvoreanu, Randy W. Heiland, Suresh Marru, Marlon Pierce, Nayiri Mullinix, Nancy L. Maron
10.3389/fnmol.2017.00045	2017	Screening the Molecular Framework Underlying Local Dendritic mRNA Translation	Frontiers in Molecular Neuroscience	Sanjeev V. Namjoshi, Kimberly F. Raab‐Graham
10.1007/s00604-017-2136-0	2017	Selection and characterization of DNA aptamers against the steroid testosterone	Microchimica Acta	Vasso Skouridou, Miriam Jauset‐Rubio, Pablo Ballester, Abdulaziz S. Bashammakh, M.S. El-Shahawi, Abdulrahman Obaid Al-Youbi, Ciara K. O’Sullivan
10.3382/ps/pex218	2017	Sodium butyrate improved performance while modulating the cecal microbiota and regulating the expression of intestinal immune-related genes of broiler chickens	Poultry Science	Cristiano Bortoluzzi, Adriana Ayres Pedroso, Juan Jose Mallo, Mónica Puyalto, W K Kim, Todd Jay Applegate
10.1101/099028	2017	Software solutions for reproducible RNA-seq workflows	bioRxiv (Cold Spring Harbor Laboratory)	Trevor Meiss, Ling‐Hong Hung, Yuguang Xiong, Eric A. Sobie, Ka Yee Yeung
10.1016/j.addr.2017.10.007	2017	Stem cells and heart disease - Brake or accelerator?	Advanced Drug Delivery Reviews	Gustav Steinhoff, Julia Nesteruk, Markus Wolfien, Jana Große, Ulrike Ruch, Praveen Vasudevan, Paula Müller
10.1093/bioinformatics/btx379	2017	StereoGene: rapid estimation of genome-wide correlation of continuous or interval feature data	Bioinformatics	Elena D. Stavrovskaya, Tejasvi Niranjan, Elana Judith Fertig, Sarah J. Wheelan, Alexander V. Favorov, Andrey A. Mironov
10.1073/pnas.1704117114	2017	Structural variants caused by Alu insertions are associated with risks for many human diseases	Proceedings of the National Academy of Sciences	Lindsay M. Payer, Jared P. Steranka, Wan Rou Yang, Maria S. Kryatova, Sibyl Medabalimi, Daniel Ardeljan, Chunhong Liu, Jef D. Boeke, Dimitri Avramopoulos, Kathleen H. Burns
10.1111/adj.12565	2017	Studying the human oral microbiome: challenges and the evolution of solutions	Australian Dental Journal	AML Benn, NCK Heng, Jonathan Mark Broadbent, W. Murray Thomson
10.1016/j.csl.2017.01.003	2017	Supporting accessibility and reproducibility in language research in the Alveo virtual laboratory	Computer Speech & Language	Steve Cassidy, Dominique Estival
10.1111/1462-2920.13866	2017	Systematic genetic dissection of chitin degradation and uptake in Vibrio cholerae	Environmental Microbiology	Chelsea A. Hayes, Triana N. Dalia, Ankur B. Dalia
10.1101/137042	2017	Systematic genetic dissection of chitin degradation and uptake in Vibrio cholerae	bioRxiv (Cold Spring Harbor Laboratory)	Chelsea A. Hayes, Ankur B. Dalia, Ankur B. Dalia
10.12688/f1000research.12168.1	2017	Systematically linking tranSMART, Galaxy and EGA for reusing human translational research data	F1000Research	Chao Zhang, Jochem Bijlard, Christine Staiger, Serena Scollen, David van Enckevort, Youri Hoogstrate, Alexander Senf, Saskia Hiltemann, Susanna Repo, Wibo Pipping, Mariska Bierkens, Stefan Payralbe, Bas Stringer, Jaap Heringa, Andrew Stubbs, Luiz Olavo Bonino da Silva Santos, Jeroen A.M. Beliën, War
10.70675/29be276az592dz47b9z97e6z9bd5de8711fe	2017	Séquençage et PCR à haut débit : application à la détection et la caractérisation d'agents pathogènes respiratoires aviaires et au contrôle de pureté microbiologique des vaccins		Guillaume Croville
10.1093/nar/gkx257	2017	TAREAN: a computational tool for identification and characterization of satellite DNA from unassembled short reads	Nucleic Acids Research	Petr Novák, Laura Ávila Robledillo, Andrea Koblížková, Iva Vrbová, Pavel Neumann, Jir̆ı́ Macas
10.1371/journal.pgen.1006636	2017	TFAP2 paralogs regulate melanocyte differentiation in parallel with MITF	PLoS Genetics	Hannah Seberg, Eric Van Otterloo, Stacie K. Loftus, Huan Liu, Greg Bonde, Ramakrishna R. Sompallae, Derek E. Gildea, Juan F. Santana, John Robert Manak, William J. Pavan, Trevor Williams, Robert A. Cornell
10.3389/fmicb.2017.02535	2017	Temporal Variation of the Skin Bacterial Community and Batrachochytrium dendrobatidis Infection in the Terrestrial Cryptic Frog Philoria loveridgei	Frontiers in Microbiology	Mariel Familiar López, Eria Alaide Rebollar, Reid N. Harris, Vance T. Vredenburg, Jean‐Marc Hero
10.1371/journal.pcbi.1005412	2017	Ten simple rules for making research software more robust	PLoS Computational Biology	Morgan L. Taschuk, Greg Wilson
10.1534/g3.116.036855	2017	The Complex Transcriptional Response of Acaryochloris marina to Different Oxygen Levels	G3 Genes Genomes Genetics	Miguel A. Hernández‐Prieto, Yuankui Lin, Min Chen
10.1101/231746	2017	The ERK MAPK pathway modulates Gq-dependent locomotion in >Caenorhabditis elegans	bioRxiv (Cold Spring Harbor Laboratory)	Brantley Coleman, Irini Topalidou, Michael Ailion
10.1016/j.cels.2017.07.003	2017	The GenePattern Notebook Environment	Cell Systems	Michael M. Reich, Thorin T. Tabor, Ted Liefeld, Helga Thorvaldsdóttir, Barbara Hill, Pablo Tamayo, Jill P. Mesirov
10.3390/epigenomes1030023	2017	The Genome-Wide DNA Methylation Profile of Peripheral Blood Is Not Systematically Changed by Short-Time Storage at Room Temperature	Epigenomes	Nicklas Heine Staunstrup, Anna Starnawska, Mette Nyegaard, Anders Lade Nielsen, Anders Dupont Børglum, Ole N Mors
10.1534/genetics.117.200766	2017	The Hippo Pathway Maintains the Equatorial Division Plane in the CiliateTetrahymena	Genetics	Yu‐Yang Jiang, Wolfgang Maier, Ralf Baumeister, Gregory Minevich, Ewa Joachimiak, Zheng Ruan, Natarajan Kannan, Diamond Clarke, Joseph Frankel, Jacek Gaertig
10.1186/s40168-017-0370-7	2017	The Inuit gut microbiome is dynamic over time and shaped by traditional foods	Microbiome	Geneviève Dubois, Catherine Girard, François‐Joseph Lapointe, B. Jesse Shapiro
10.3389/fmicb.2017.02033	2017	The Low-Diversity Fecal Microbiota of the Critically Endangered Kākāpō Is Robust to Anthropogenic Dietary and Geographic Influences	Frontiers in Microbiology	Elena K. Perry, Andrew Digby, Michael W. Taylor
10.1093/nar/gkx219	2017	The RNA targetome of Staphylococcus aureus non-coding RNA RsaA: impact on cell surface properties and defense mechanisms	Nucleic Acids Research	Arnaud Tomasini, Karen Moreau, Johana Chicher, Thomas Geissmann, François Vandenesch, Pascale Romby, Stefano Marzi, Isabelle Caldelari
10.1093/nar/gkx409	2017	The RNA workbench: best practices for RNA and high-throughput sequencing bioinformatics in Galaxy	Nucleic Acids Research	Björn Andreas Grüning, Jörg Fallmann, Dilmurat Yusuf, Sebastian Will, Anika Erxleben, Florian Eggenhofer, Torsten Houwaart, Bérénice Batut, Pavankumar Videm, Andrea Bagnacani, Markus Wolfien, Steffen C. Lott, Youri Hoogstrate, Wolfgang R. Hess, Olaf Wolkenhauer, Steve Hoffmann, Altuna Akalin, Uwe Oh
10.1534/g3.117.043273	2017	The SEK-1 p38 MAP Kinase Pathway Modulates Gq Signaling in Caenorhabditis elegans	G3 Genes Genomes Genetics	Jill M. Hoyt, Samuel K. Wilson, Madhuri Kasa, Jeremy S. Rise, Irini Topalidou, Michael Ailion
10.1016/j.jbiotec.2017.07.017	2017	The SeqAn C++ template library for efficient sequence analysis: A resource for programmers	Journal of Biotechnology	Knut Reinert, Temesgen Hailemariam Dadi, Marcel Ehrhardt, Hannes Hauswedell, Svenja Mehringer, René Rahn, Jongkyu Kim, Christopher Pockrandt, Jörg Winkler, Enrico Siragusa, Gianvito Urgese, David Weese
10.1371/journal.pcbi.1005616	2017	The eBioKit, a stand-alone educational platform for bioinformatics	PLoS Computational Biology	Rafael Hernández-de-Diego, Etienne Pierre de Villiers, Tomas Klingström, Hadrien Gourlé, Ana Conesa, Erik Bongcam‐Rudloff
10.1016/j.jip.2017.04.008	2017	The genome sequence of Agrotis segetum granulovirus, isolate AgseGV-DA, reveals a new Betabaculovirus species of a slow killing granulovirus	Journal of Invertebrate Pathology	Gianpiero Gueli Alletti, Marina Eigenbrod, Eric B. Carstens, Regina Kleespies, Johannes A. Jehle
10.1016/j.matbio.2017.07.001	2017	The in-silico zebrafish matrisome: A new tool to study extracellular matrix gene and protein functions	Matrix Biology	Pauline Nauroy, Sandrine Hughes, Alexandra Naba, Florence Ruggiero
10.1038/s41467-017-01405-7	2017	The multiple antibiotic resistance operon of enteric bacteria controls DNA repair and outer membrane integrity	Nature Communications	Prateek Sharma, James R. J. Haycocks, Alistair D. Middlemiss, Rachel A. Kettles, Laura E. Sellars, Vito Ricci, Laura J. V. Piddock, David C. Grainger
10.1371/journal.pone.0182800	2017	The nucleoid protein Dps binds genomic DNA of Escherichia coli in a non-random manner	PLoS ONE	Sergey S. Antipov, Maria N. Tutukina, Elena V. Preobrazhenskaya, Fyodor A. Kondrashov, Maxim V. Patrushev, Stepan V. Toshchakov, Irina Nikolaevna Dominova, Uliana S. Shvyreva, Veronika V. Vrublevskaya, O. S. Morenkov, Natalia Sukharicheva, Valeriy V. Panyukov, Olga N. Ozoline
10.1101/236794	2017	The primary transcriptome, small RNAs, and regulation of antimicrobial resistance in Acinetobacter baumannii	bioRxiv (Cold Spring Harbor Laboratory)	Carsten Kröger, Keith D. MacKenzie, Ebtihal Y Alshabib, Morgan W. B. Kirzinger, Danae M. Suchan, Tzu‐Chiao Chao, Valentyna Akulova, Aleksandra A. Miranda-CasoLuengo, Vivian Monzon, Tyrrell Conway, Sathesh Kumar Sivasankaran, Jay C. D. Hinton, Karsten Hokamp, Andrew D. S. Cameron
10.1186/s12864-017-4012-z	2017	The purplish bifurcate mussel Mytilisepta virgata gene expression atlas reveals a remarkable tissue functional specialization	BMC Genomics	Marco Gerdol, Yuki Fujii, Imtiaj Hasan, Toru Koike, Shunsuke Shimojo, Francesca Spazzali, Kaname Yamamoto, Yasuhiro Ozeki, Alberto Pallavicini, Hideaki Fujita
10.1101/186056	2017	The synthetic histone-binding regulator protein PcTF activates interferon genes in breast cancer cells	bioRxiv (Cold Spring Harbor Laboratory)	Kimberly C. Olney, David B. Nyer, Daniel A. Vargas, Melissa A. Wilson, Karmella Ann Haynes
10.1101/167239	2017	The transcriptionally permissive chromatin state of ES cells is acutely tuned to translational output	bioRxiv (Cold Spring Harbor Laboratory)	Aydan Bulut-Karslıoğlu, Trisha A. Macrae, Juan A. Osés-Prieto, Sergio Cuevas Covarrubias, Michelle Percharde, Gregory Ku, Aaron  A. Diaz, Michael T. McManus, Alma L. Burlingame, Miguel Ramalho‐Santos
10.1111/pbi.12852	2017	The transcriptome, extracellular proteome and active secretome of agroinfiltrated Nicotiana benthamiana uncover a large, diverse protease repertoire	Plant Biotechnology Journal	Friederike M. Grosse‐Holz, Steven L. Kelly, Svenja Blaskowski, Farnusch Kaschani, Markus Kaiser, Renier A. L. van der Hoorn
10.1093/bioinformatics/btx634	2017	ThreaDNA: predicting DNA mechanics’ contribution to sequence selectivity of proteins along whole genomes	Bioinformatics	Jasmin Cevost, Cédric Vaillant, Sam Meyer
10.5772/intechopen.70026	2017	Transcriptome Sequencing for Precise and Accurate Measurement of Transcripts and Accessibility of TCGA for Cancer Datasets and Analysis	InTech eBooks	Bijesh George, Vivekanand Ashokachandran, Aswathy Mary Paul, Reshmi Girijadevi
10.3791/55473	2017	Transcriptomic Analysis of C. elegans RNA Sequencing Data Through the Tuxedo Suite on the Galaxy Project	Journal of Visualized Experiments	Francis R. G. Amrit, Arjumand Ghazi
10.1534/g3.117.300297	2017	Transcriptomic Analysis of Octanoic Acid Response inDrosophila sechelliaUsing RNA-Sequencing	G3 Genes Genomes Genetics	Stephen Lanno, Sara Michelle Gregory, Serena J. E. Shimshak, Maximilian K Alverson, Kenneth Chiu, Arden Feil, Morgan G Findley, Taylor E. Forman, Julia T. Gordon, Josephine Ho, Joanna Krupp, Ivy Lam, J. H. Lane, Samuel C. Linde, Ashley E Morse, Serena A. Rusk, Robie Ryan, Avva Saniee, Ruchi B. Sheth
10.1101/229906	2017	Transfer RNA genes experience exceptionally elevated mutation rates	bioRxiv (Cold Spring Harbor Laboratory)	Bryan P. Thornlow, Josh Hough, Jacquelyn M. Roger, Henry Z. Gong, Todd M. Lowe, Russell B Corbett-Detig
10.1016/j.mib.2017.09.001	2017	Two's company: studying interspecies relationships with dual RNA-seq	Current Opinion in Microbiology	Thomas Wolf, Philipp Kämmer, Sascha Brunke, Jörg Linde
10.1093/dnares/dsx051	2017	Ultra-low input transcriptomics reveal the spore functional content and phylogenetic affiliations of poorly studied arbuscular mycorrhizal fungi	DNA Research	Denis Beaudet, Eric C. Chen, Stephanie Mathieu, Gökalp Yildirir, Steve Ndikumana, Yolande Dalpé, Sylvie Séguin, Laurent Farinelli, Jason Stajich, Nicolas Corradi
10.1016/j.virol.2017.06.019	2017	Use of Sequence-Independent, Single-Primer-Amplification (SISPA) for rapid detection, identification, and characterization of avian RNA viruses	Virology	Klaudia Chrząstek, Dong‐Hun Lee, Diane Smith, Poonam R Sharma, David L. Suarez, Mary J. Pantin‐Jackwood, Darrell R. Kapczynski
10.1101/166355	2017	Use of a Sibling Subtraction Method (SSM) for Identifying Causal Mutations in C. elegans by Whole-Genome Sequencing	bioRxiv (Cold Spring Harbor Laboratory)	Braveen B. Joseph, Nicolas A. Blouin, David S. Fay
10.1534/g3.117.300135	2017	Use of a Sibling Subtraction Method for Identifying Causal Mutations in Caenorhabditis elegans by Whole-Genome Sequencing	G3 Genes Genomes Genetics	Braveen B. Joseph, Nicolas A. Blouin, David S. Fay
10.1515/jib-2017-0016	2017	Using Docker Compose for the Simple Deployment of an Integrated Drug Target Screening Platform	Berichte aus der medizinischen Informatik und Bioinformatik/Journal of integrative bioinformatics	Markus List
10.12688/f1000research.12974.1	2017	Using bio.tools to generate and annotate workbench tool descriptions	F1000Research	Kenzo-Hugo Hillion, Ivan Kuzmin, Anton Khodak, Eric S. Rasche, Michael Robin Crusoe, Hedi Peterson, Jon Ison, Hervé Ménager
10.7717/peerj-cs.118	2017	VESPA: Very large-scale Evolutionary and Selective Pressure Analyses	PeerJ Computer Science	Andrew E. Webb, Thomas Walsh, Mary J. O’Connell
10.3389/fmicb.2017.01047	2017	Vaginal and Uterine Bacterial Communities in Postpartum Lactating Cows	Frontiers in Microbiology	Brooke A. Clemmons, Sydney Taylor Reese, Felipe G Dantas, Gessica Araujo Franco, Timothy P. L. Smith, O. I. Adeyosoye, Ky Garrett Pohler, Phillip R. Myer
10.7717/peerj.2997	2017	Variant profiling of evolving prokaryotic populations	PeerJ	Markus Zojer, Lisa N. Schuster, Frederik Schulz, Alexander Pfundner, Matthias Horn, Thomas Rattei
10.1186/s12864-017-3721-7	2017	Vipie: web pipeline for parallel characterization of viral populations from multiple NGS samples	BMC Genomics	Jake Lin, Lenka Kramná, Reija Autio, Heikki Hyöty, Matti Nykter, Ondřej Cinek
10.3389/fpls.2017.01770	2017	Viral Diagnostics in Plants Using Next Generation Sequencing: Computational Analysis in Practice	Frontiers in Plant Science	Susan R. Jones, Amanda Baizan-Edge, Stuart A. MacFarlane, Lesley Torrance
10.1038/s41590-017-0005-y	2017	Viral unmasking of cellular 5S rRNA pseudogene transcripts induces RIG-I-mediated immunity	Nature Immunology	Jessica J. Chiang, Konstantin M. J. Sparrer, Michiel van Gent, Charlotte Lässig, Teng Huang, Nikolaus Osterrieder, Karl‐Peter Hopfner, Michaela U. Gack
10.1117/12.2251173	2017	White matter segmentation by estimating tissue optical attenuation from volumetric OCT massive histology of whole rodent brains	Proceedings of SPIE, the International Society for Optical Engineering/Proceedings of SPIE	Joël Lefebvre, Alexandre Castonguay, Frédéric J. Lesage
10.1117/1.nph.4.4.041501	2017	Whole mouse brain imaging using optical coherence tomography: reconstruction, normalization, segmentation, and comparison with diffusion MRI	Neurophotonics	Joël Lefebvre, Alexandre Castonguay, Philippe Pouliot, Maxime Descoteaux, Frédéric Lesage
10.1109/bigdata.2017.8258275	2017	Why-Diff: Explaining differences amongst similar workflow runs by exploiting scientific metadata		Priyaa Thavasimani, Jacek Cała, Paolo Missier
10.1016/j.jbiotec.2017.07.019	2017	Workflows for microscopy image analysis and cellular phenotyping	Journal of Biotechnology	Thomas Wollmann, Holger Erfle, Roland Eils, Karl Rohr, Manuel Gunkel
10.1101/223016	2017	YAMP: a containerised workflow enabling reproducibility in metagenomics research	bioRxiv (Cold Spring Harbor Laboratory)	Alessia Visconti, Tiphaine C. Martin, Mario Falchi
10.1101/235820	2017	bioSyntax : Syntax Highlighting For Computational Biology	bioRxiv (Cold Spring Harbor Laboratory)	Artem Babaian, Anicet Ebou, Alyssa Fegen, Jeffrey Kam, Gherman Novakovsky, Jasper Wong
10.12688/f1000research.9618.2	2017	biojs-io-biom, a BioJS component for handling data in Biological Observation Matrix (BIOM) format	F1000Research	Markus Johannes Ankenbrand, Niklas Terhoeven, Sonja C.Y. Hohlfeld, Frank Förster, Alexander Keller
10.1371/journal.pone.0168817	2017	miRNAs Do Not Regulate Circadian Protein Synthesis in the Dinoflagellate Lingulodinium polyedrum	PLoS ONE	Steve Dagenais-Bellefeuille, Mathieu Beauchemin, David Morse
10.1093/bioinformatics/btx169	2017	mzML2ISA & nmrML2ISA: generating enriched ISA-Tab metadata files from metabolomics XML data	Bioinformatics	Martin F. Larralde, Thomas N. Lawson, Ralf J. M. Weber, Pablo A Moreno, Kenneth Haug, Philippe Rocca‐Serra, Mark R. Viant, Christoph Steinbeck, Reza M. Salek
10.1038/nature25018	2017	piRNA-mediated regulation of transposon alternative splicing in the soma and germ line	Nature	Felipe Karam Teixeira, Martyna Okuniewska, Colin D. Malone, Rémi-Xavier Coux, Donald C. Rio, Ruth Lehmann
10.1101/132001	2017	wft4galaxy: A Workflow Tester for Galaxy	bioRxiv (Cold Spring Harbor Laboratory)	Marco Enrico Piras, Luca Pireddu, Gianluigi Zanetti
10.1093/bioinformatics/btx461	2017	wft4galaxy: a workflow testing tool for galaxy	Bioinformatics	Marco Enrico Piras, Luca Pireddu, Gianluigi Zanetti
10.70675/1b47c678zf649z43a9z8435z643e9168fe33	2017	Étude de la diversité du domaine Bacteria et du règne Fungi au cours du rouissage du lin sur champ par une approche de metabarcoding		Christophe Djemiel
10.58837/chula.the.2017.1205	2017	รปแบบลำดบสารพนธกรรมของ exon บนยน SCN5A ในกลมการเสยชวตชนดใหลตายในประชากรไทย		รัชติพรรณ ปิติวรารมย์
10.1101/gad.315564.118	2018	A C9orf72–CARM1 axis regulates lipid metabolism under glucose starvation-induced nutrient stress	Genes & Development	Yang Liu, Tao Wang, Yon Ju Ji, Kenji Johnson, Honghe Liu, Kaitlin Johnson, Scott Bailey, Yongwon Suk, Yuning Lu, Mingming Liu, Jiou Wang
10.17771/pucrio.acad.40485	2018	A CIÊNCIA COMO JOGO: ABORDAGENS LÚDICAS AO DESIGN DE INTERFACES PARA SOFTWARE CIENTÍFICO		FRANCISCO OLIVEIRA DE QUEIROZ
10.15403/jgld.2014.1121.273.sch	2018	A Differential Host Response to Viral Infection Defines a Subset of Earlier-Onset Diverticulitis Patients	Journal of Gastrointestinal and Liver Diseases	Kathleen M. Schieffer, Bryan P. Kline, Leonard Harris, Sue M. Deiling, Walter A. Koltun, Gregory S Youchum
10.3389/fpls.2018.00967	2018	A Genomic Map of Climate Adaptation in Arabidopsis thaliana at a Micro-Geographic Scale	Frontiers in Plant Science	Léa Frachon, Claudia Bartoli, Sébastien Carrère, Olivier Bouchez, Adeline Chaubet, Gautier Mathieu, Dominique Roby, Fabrice Roux
10.1016/j.jmb.2018.06.019	2018	A Highly Proliferative Group IIC Intron from Geobacillus stearothermophilus Reveals New Features of Group II Intron Mobility and Splicing	Journal of Molecular Biology	Georg Mohr, Sean Yoon-Seo Kang, Seung Kuk Park, Yidan Qin, Jacob K. Grohman, Jun Yao, Jennifer L. Stamos, Alan M. Lambowitz
10.1104/pp.18.00972	2018	A Musashi Splice Variant and Its Interaction Partners Influence Temperature Acclimation in Chlamydomonas	PLANT PHYSIOLOGY	Wenshuang Li, David Carrasco Flores, Juliane Füßel, Jan Euteneuer, Hannes Dathe, Yong Zou, Wolfram Weisheit, Volker Wagner, Jan Petersen, Maria Mittag
10.1016/j.tibs.2018.10.010	2018	A Primer on Data Analytics in Functional Genomics: How to Move from Data to Insight?	Trends in Biochemical Sciences	Piotr Grabowski, Juri Rappsilber
10.1016/j.molp.2018.10.009	2018	A Regulatory Module Controlling GA-Mediated Endosperm Cell Expansion Is Critical for Seed Germination in Arabidopsis	Molecular Plant	Rocío Sánchez‐Montesino, Laura Bouza-Morcillo, Julietta Marquez, Melania Ghita, Salva Duran‐Nebreda, Luis Gómez, Michael John Holdsworth, George W. Bassel, Luis Oñate‐Sánchez
10.32614/rj-2018-001	2018	A System for an Accountable Data Analysis Process in R	The R Journal	Jonathan Gelfond, Martin Goros, Brian S. Hernandez, Alex F. Bokov
10.1016/j.celrep.2018.07.042	2018	A Zombie LIF Gene in Elephants Is Upregulated by TP53 to Induce Apoptosis in Response to DNA Damage	Cell Reports	Juan Manuel Vázquez, Michael A. Sulak, Sravanthi Chigurupati, Vincent J. Lynch
10.1093/bib/bby063	2018	A brief history of bioinformatics	Briefings in Bioinformatics	Jeff Gauthier, Antony T. Vincent, Steve J. Charette, Nicolas Derôme
10.1093/femsle/fny262	2018	A cohabiting bacterium alters the spectrum of short RNAs secreted byEscherichia coli	FEMS Microbiology Letters	Оlga Alikina, Olga A. Glazunova, Alexandr A Bykov, Sergey S. Kiselev, Maria N. Tutukina, Konstantin S. Shavkunov, Olga N. Ozoline
10.1038/s41598-018-34812-x	2018	A complete Leishmania donovani reference genome identifies novel genetic variations associated with virulence	Scientific Reports	Patrick Lypaczewski, Johanna Hoshizaki, Wen‐Wei Zhang, Laura‐Isobel McCall, John Torcivia-Rodriguez, Vahan V. Simonyan, Amanpreet Kaur, Ken Dewar, Greg Matlashewski
10.1038/s41467-018-03538-9	2018	A comprehensive map coupling histone modifications with gene regulation in adult dopaminergic and serotonergic neurons	Nature Communications	Erik Södersten, Konstantinos Toskas, Vilma Rraklli, Katarína Tiklová, Åsa K. Björklund, Markus Ringnér, Thomas Perlmann, Johan Holmberg
10.1038/s41596-018-0085-7	2018	A comprehensive pipeline for translational top-down proteomics from a single blood draw	Nature Protocols	Timothy K. Toby, Luca Fornelli, Kristina Srzentić, Caroline J. DeHart, Josh Levitsky, John J. Friedewald, Neil L. Kelleher
10.1101/460063	2018	A direct selection strategy for isolating aptamers with pH-sensitive binding activity	bioRxiv (Cold Spring Harbor Laboratory)	Chelsea K. L. Gordon, Michael S. Eisenstein, Hyongsok Tom Soh
10.1101/278127	2018	A dual sRNA in Staphylococcus aureus induces a metabolic switch responding to glucose consumption	bioRxiv (Cold Spring Harbor Laboratory)	Delphine Bronesky, Emma Desgranges, Anna Corvaglia, Patrice François, Carlos J. Caballero, Laura Prado, Alejandro Toledo‐Arana, Íñigo Lasa, Karen Moreau, François Vandenesch, Stefano Marzi, Pascale Romby, Isabelle Caldelari
10.1038/s41598-018-23653-3	2018	A multi-step transcriptional cascade underlies vascular regeneration in vivo	Scientific Reports	Aditya S. Shirali, Milagros C. Romay, Austin I. McDonald, Trent Su, Michelle E. Steel, M. Luisa Iruela‐Arispe
10.12688/f1000research.11616.2	2018	A multi-tool recipe to identify regions of protein-DNA binding and their influence on associated gene expression	F1000Research	Daniel E. Carlin, Kassi Kosnicki, Sara Garamszegi, Trey Ideker, Helga Thorvaldsdóttir, Michael M. Reich, Jill P. Mesirov
10.1111/1462-2920.14074	2018	A network of regulators promotes dehydration tolerance in Escherichia coli	Environmental Microbiology	Annie I. Chen, Mark Goulian
10.21105/joss.00698	2018	A reusable tree-based web-visualization to browse EDAM ontology, and contribute to it.	The Journal of Open Source Software	Bryan Brancotte, Christophe Blanchet, Hervé Ménager
10.1371/journal.pone.0208936	2018	A unique subset of low-risk Wilms tumors is characterized by loss of function of TRIM28 (KAP1), a gene critical in early renal development: A Children’s Oncology Group study	PLoS ONE	Amy E. Armstrong, Samantha Gadd, Vicki Huff, Daniela Se Gerhard, Jeffrey S. Dome, Elizabeth Jones Perlman
10.1101/420778	2018	ASD Diagnosis in Adults: Phenotype and Genotype Findings from a Clinically-derived Cohort	bioRxiv (Cold Spring Harbor Laboratory)	Jack F. G. Underwood, Kimberley Marie Kendall, Berrett Jennifer, Richard Anney, Marianne B. M. van den Bree, Jérémy Hall
10.7554/elife.41497	2018	ASH1-catalyzed H3K36 methylation drives gene repression and marks H3K27me2/3-competent chromatin	eLife	Vincent T. Bicocca, Tereza Ormsby, Keyur K. Adhvaryu, Shinji Honda, Eric U. Selker
10.1093/gigascience/giy057	2018	ASaiM: a Galaxy-based framework to analyze microbiota data	GigaScience	Bérénice Batut, Kévin Gravouil, Clémence Defois, Saskia Hiltemann, Jean‐François Brugère, Éric Peyretaillade, Pierre Peyret
10.1101/499285	2018	ATP7B variant penetrance explains differences between genetic and clinical prevalence estimates for Wilson disease	bioRxiv (Cold Spring Harbor Laboratory)	Daniel F. Wallace, James Stephen Gerard Dooley
10.1038/s41594-018-0036-6	2018	Accurate H3K27 methylation can be established de novo by SUZ12-directed PRC2	Nature Structural & Molecular Biology	Jonas Westergaard Højfeldt, Anne Laugesen, Berthe M. Willumsen, Helene Damhofer, Lin Hedehus, Andrey Tvardovskiy, Faizaan Mohammad, Ole Nørregaard Jensen, Kristian Helin
10.1016/j.molcel.2018.08.010	2018	Accurate Recycling of Parental Histones Reproduces the Histone Modification Landscape during DNA Replication	Molecular Cell	Nazaret Reverón-Gómez, Cristina González‐Aguilera, Kathleen R. Stewart-Morgan, Nataliya Petryk, Valentin Flury, Simona Graziano, Jens Vilstrup Johansen, Janus Schou Jakobsen, Constance Alabert, Anja Groth
10.1016/j.ab.2018.05.007	2018	Adaptation of an amplicon-based human cancer next-generation sequencing panel assay for murine tumors	Analytical Biochemistry	David R. Meier, Kristopher A. Lofgren, Grzegorz T. Gurda, Paraic A. Kenny
10.21769/bioprotoc.2729	2018	Adapting the Smart-seq2 Protocol for Robust Single Worm RNA-seq	BIO-PROTOCOL	Lorrayne Serra, Dennis Z. Chang, Marissa G. Macchietto, Katherine J. Williams, Rabi Murad, Dihong Lu, Adler R. Dillman, Ali Mortazavi
10.1093/gigascience/giy128	2018	Aequatus: an open-source homology browser	GigaScience	Anil S. Thanki, Nicola Soranzo, Javier Herrero, Wilfried Haerty, Robert Davey
10.1093/database/bay088	2018	AgBioData consortium recommendations for sustainable genomics and genetics databases for agriculture	Database	Lisa C. Harper, Jacqueline D. Campbell, Ethalinda K. S. Cannon, Sook Jung, Monica F. Poelchau, Ramona Walls, Carson M. Andorf, Elizabeth Arnaud, Tanya Berardini, C. M. Birkett, Steve Cannon, James P. Carson, Bradford J. Condon, Laurel Cooper, Nathan Dunn, Christine G. Elsik, Andrew D Farmer, Stephen
10.1016/j.jaci.2018.02.019	2018	Allergen-induced activation of natural killer cells represents an early-life immune response in the development of allergic asthma	Journal of Allergy and Clinical Immunology	Matthew C. Altman, Elizabeth Whalen, Alkis G. Togias, George T. O’Connor, Leonard B. Bacharier, Gordon R. Bloomberg, Meyer Kattan, Robert A. Wood, Scott Presnell, Petra K. LeBeau, Katy F. Jaffee, Cynthia M. Visness, William W. Busse, James E. Gern
10.1101/405670	2018	Alternative oxidase induction protects Candida albicans from respiratory stress and promotes hyphal growth	bioRxiv (Cold Spring Harbor Laboratory)	Lucian Duvenage, Louise A. Walker, Aleksandra Bojarczuk, Simon Andrew Johnston, Donna M. McCallum, Carol A. Munro, Campbell W. Gourlay
10.1101/429696	2018	Alternative translation initiation generates a functionally distinct isoform of the stress-activated kinase MK2	bioRxiv (Cold Spring Harbor Laboratory)	Philipp Trulley, Goda Snieckute, Dorte B. Bekker‐Jensen, M. Menon, Robert Freund, Alexey Kotlyarov, Jesper  Velgaard Olsen, Manuel D. Díaz‐Muñoz, Martin Turner, Simon Bekker‐Jensen, Matthias Gaestel, Christopher Tiedje
10.3791/56972	2018	An Integrated Platform for Genome-wide Mapping of Chromatin States Using High-throughput ChIP-sequencing in Tumor Tissues	Journal of Visualized Experiments	Christopher J. Terranova, Ming Tang, Elias Orouji, Mayinuer Maitituoheti, Ayush T. Raman, Samirkumar B. Amin, Zhiyi Liu, Kunal Rai
10.1016/j.heliyon.2018.e00706	2018	An RNA-binding protein Blanks plays important roles in defining small RNA and mRNA profiles in Drosophila testes	Heliyon	Susan E. Liao, Yiwei Ai, Ryuya Fukunaga
10.1038/s41586-018-0032-3	2018	An evolutionarily conserved ribosome-rescue pathway maintains epidermal homeostasis	Nature	Kifayathullah Liakath‐Ali, Eric W. Mills, Inês Sequeira, Beate M. Lichtenberger, Angela Oliveira Pisco, Kalle H. Sipilä, Ajay Mishra, Harunori Yoshikawa, Colin Chih‐Chien Wu, Tony Ly, Angus I. Lamond, Ibrahim M. Adham, Rachel Lara Green, Fiona M. Watt
10.1002/pld3.81	2018	An inhibitor of apoptosis (Sf IAP ) interacts with SQUAMOSA promoter‐binding protein ( SBP ) transcription factors that exhibit pro‐cell death characteristics	Plant Direct	Ryan Kessens, Nick Sorensen, Mehdi Kabbage
10.1101/267435	2018	An inhibitor of apoptosis (SfIAP) interacts with SQUAMOSA promoter binding protein (SBP) transcription factors that exhibit pro-cell death characteristics	bioRxiv (Cold Spring Harbor Laboratory)	Ryan Kessens, Nicholas Sorensen, Mehdi Kabbage
10.1186/s12920-018-0347-9	2018	An integrated clinical and genomic information system for cancer precision medicine	BMC Medical Genomics	Yeongjun Jang, Taekjin Choi, Jong-Ho Kim, Jisub Park, Jihae Seo, Sangok Kim, Yeajee Kwon, Seungjae Lee, Sanghyuk Lee, Sanghyuk Lee, Sanghyuk Lee
10.1111/age.12650	2018	Analysis of genetic relatedness among Indian cattle (Bos indicus) using genotyping‐by‐sequencing markers	Animal Genetics	Anoop Anand Malik, Rekha Sharma, Sonika Ahlawat, Rajib Deb, Mayank Singh Negi, Shashi Bhushan Tripathi
10.1186/s12864-018-4660-7	2018	Analysis of human ES cell differentiation establishes that the dominant isoforms of the lncRNAs RMST and FIRRE are circular	BMC Genomics	Osagie G. Izuogu, Abd A. Alhasan, Carla Mellough, Joseph Collin, Richard Gallon, Jonathon Hyslop, Francesco Kumara Mastrorosa, Ingrid E. Ehrmann, Majlinda Lako, David J. Elliott, Mauro Santibanez‐Koref, Michael S. Jackson
10.1038/s41598-018-20959-0	2018	Analysis of microRNA and Gene Expression Profiles in Alzheimer’s Disease: A Meta-Analysis Approach	Scientific Reports	Shirin Moradifard, Moslem Hoseinbeyki, Shahla Mohammad Ganji, Zarrin Minuchehr
10.1186/s12859-018-2313-0	2018	Application of whole genome data for in silico evaluation of primers and probes routinely employed for the detection of viral species by RT-qPCR using dengue virus as a case study	BMC Bioinformatics	Kevin Vanneste, Linda Garlant, Sylvia Broeders, Steven Van Gucht, Nancy H. C. Roosens
10.1111/mec.14941	2018	Approaches to integrating genetic data into ecological networks	Molecular Ecology	Elizabeth L. Clare, Aron J. Fazekas, Natalya Ivanova, Robin Floyd, Paul D. N. Hebert, Amanda M. Adams, Juliet J. Nagel, Rebecca Girton, Steven G. Newmaster, M. Brock Fenton
10.1016/j.omtn.2018.04.006	2018	AptaSUITE: A Full-Featured Bioinformatics Framework for the Comprehensive Analysis of Aptamers from HT-SELEX Experiments	Molecular Therapy — Nucleic Acids	Jan Hoinka, Rolf Backofen, Teresa M. Przytycka
10.1021/acsinfecdis.8b00065	2018	Aptamer Selection against a Trichomonas vaginalis Adhesion Protein for Diagnostic Applications	ACS Infectious Diseases	Christian Adam L. Espiritu, Christine Aubrey C. Justo, Miriam Jauset‐Rubio, Markéta Svobodová, Abdulaziz S. Bashammakh, Abdulrahman Obaid Al-Youbi, Windell L. Rivera, Analiza Palenzuela Rollon, Ciara K. O’Sullivan
10.1016/j.molp.2018.03.014	2018	Arabidopsis SWC4 Binds DNA and Recruits the SWR1 Complex to Modulate Histone H2A.Z Deposition at Key Regulatory Genes	Molecular Plant	Ángeles Gómez‐Zambrano, Pedro Crevillén, Jose Manuel Franco‐Zorrilla, Juan Antonio López, Jordi Moreno‐Romero, Pawel Roszak, Juan Santos‐González, Silvia Jurado, Jesús Vázquez, Claudia Köhler, Roberto Solano, Manuel Piñeiro, Jose Antonio Jarillo
10.18174/460705	2018	Assessing rumen microbial composition and fibre attachment in dairy cows		Jueeli D. Vaidya
10.1128/aem.02637-17	2018	Assessment of Passive Traps Combined with High-Throughput Sequencing To Study Airborne Fungal Communities	Applied and Environmental Microbiology	Jaime Aguayo, Céline Fourrier-Jeandel, Claude Husson, Renaud Ioos
10.1093/bioinformatics/bty646	2018	Automated workflow composition in mass spectrometry-based proteomics	Bioinformatics	Magnus Palmblad, Anna‐Lena Lamprecht, Jon Ison, Veit Schwämmle
10.17660/actahortic.2018.1203.6	2018	Automating and documenting workflows for marker design from crop next-generation-sequencing data	Acta Horticulturae	John A. McCallum, Mareike Knäbel, Erik Marlow Buck, Hui Kong, Tim Millar, Bradley R. Davis, Susan J. Thomson, Meeghan D. Pither-Joyce, Z. Dwight, Stephen A. Baldwin
10.1186/s12859-018-2241-z	2018	BAMSI: a multi-cloud service for scalable distributed filtering of massive genome data	BMC Bioinformatics	Kristiina Ausmees, Aji John, Salman Zubair TOOR, Andreas Hellander, Carl Nettelblad
10.3389/fmicb.2018.00077	2018	Bacteriome from Pinus arizonica and P. durangensis: Diversity, Comparison of Assemblages, and Overlapping Degree with the Gut Bacterial Community of a Bark Beetle That Kills Pines	Frontiers in Microbiology	Román González-Escobedo, Carlos Iván Briones-Roblero, Rosa María Pineda‐Mendoza, Flor Nohemí Rivera-Orduña, Gerardo Zúñiga
10.1016/j.future.2018.04.063	2018	Best social and organizational practices of successful science gateways and cyberinfrastructure projects	Future Generation Computer Systems	Kerk F. Kee, Andrew Richard Schrock
10.1093/hmg/ddy220	2018	Biallelic missense variants in ZBTB11 can cause intellectual disability in humans	Human Molecular Genetics	Zohreh Fattahi, Taimoor I. Sheikh, Luciana Musante, Memoona Rasheed, Ibrahim Ihsan Taskiran, Ricardo Harripaul, Hao Yu Hu, Somayeh Kazeminasab, Muhammad Rizwan Alam, Masoumeh Hosseini, Farzaneh Larti, Zhila Ghaderi, Arzu Çelik, Muhammad Ahsin Ayub, Muhammad Ramzan Ansar, Mohammad Haddadi, Thomas F. 
10.7717/peerj.5853	2018	BioInstaller: a comprehensive R package to construct interactive and reproducible biological data analysis applications based on the R platform	PeerJ	Jianfeng Li, Bowen Cui, Yuting Dai, Ling Bai, Jinyan Huang
10.1038/s41592-018-0046-7	2018	Bioconda: sustainable and comprehensive software distribution for the life sciences	Nature Methods	The Bioconda Team, Björn Andreas Grüning, Ryan Dale, Andreas Sjödin, Brad Chapman, Jillian D Rowe, Christopher H. Tomkins-Tinch, Renan Valieris, Johannes Köster
	2018	Biological roles and regulation of biosurfactants produced by the plant-colonizing bacterium Pseudomonas syringae B728a	eScholarship (California Digital Library)	Monica N. Hernandez
10.1093/molbev/msy084	2018	Biology Needs Evolutionary Software Tools: Let’s Build Them Right	Molecular Biology and Evolution	ANTON Y NEKRUTENKO, Galaxy Zoo Team, Jeremy Goecks, James Taylor, Daniel Blankenberg
10.1161/circresaha.117.310967	2018	Biomedical Informatics on the Cloud	Circulation Research	Peipei Ping, Henning Hermjakob, Jennifer S. Polson, Panayiotis V. Benos, Wei Wang
10.1186/s12859-018-2074-9	2018	BpWrapper: BioPerl-based sequence and tree utilities for rapid prototyping of bioinformatics pipelines	BMC Bioinformatics	Yozen A. Hernandez, Rocky Bernstein, Pedro E Pagan, Levy C Vargas, William D. McCaig, Girish Ramrattan, Saymon Akther, Amanda M. Larracuente, Lia Di, Filipe Garrett Vieira, Weigang Qiu
10.1021/acs.jproteome.8b00404	2018	Bridging the Chromosome-centric and Biology/Disease-driven Human Proteome Projects: Accessible and Automated Tools for Interpreting the Biological and Pathological Impact of Protein Sequence Variants Detected via Proteogenomics	Journal of Proteome Research	Ray Sajulga, Subina Mehta, Praveen Kumar, James E. Johnson, Candace R. Guerrero, Michaël Ryan, Rachel Karchin, Pratik Jagtap, Timothy J. Griffin
10.15252/embr.201846222	2018	Budding yeast Rif1 binds to replication origins and protects DNA at blocked replication forks	EMBO Reports	Shin‐ichiro Hiraga, Chandre Monerawela, Yuki Katou, Sophie Shaw, Kate RM Clark, Katsuhiko Shirahige, Anne D. Donaldson
10.1145/3219104.3219141	2018	Building a Science Gateway For Processing and Modeling Sequencing Data Via Apache Airavata		Zhong Wang, Marcus A. Christie, Eroma Abeysinghe, Tinyi Chu, Suresh Marru, Marlon Pierce, Charles G. Danko
10.1534/g3.118.200499	2018	Bulked-Segregant Analysis Coupled to Whole Genome Sequencing (BSA-Seq) for Rapid Gene Cloning in Maize	G3 Genes Genomes Genetics	Harry Klein, Yuguo Xiao, Phillip A. Conklin, Rajanikanth Govindarajulu, Jacob A Kelly, Michael J. Scanlon, Clinton Whipple, Madelaine Bartlett
10.1101/357384	2018	Bulked-Segregant Analysis Coupled to Whole Genome Sequencing (BSA-Seq) for Rapid Gene Cloning in Maize	bioRxiv (Cold Spring Harbor Laboratory)	Harry Klein, Yuguo Xiao, Phillip A. Conklin, Rajanikanth Govindarajulu, Jacob A Kelly, Mike Scanlon, Clinton Whipple, Madelaine Bartlett
10.1172/jci.insight.97440	2018	CHD7 represses the retinoic acid synthesis enzyme ALDH1A3 during inner ear development	JCI Insight	Hui Yao, Sophie F. Hill, Jennifer M. Skidmore, Ethan D. Sperry, Donald L. Swiderski, Gilson J. Sanchez, Cynthia F. Bartels, Yehoash Raphael, Peter C. Scacheri, Shigeki Iwase, Donna M. Martin
10.1111/1755-0998.12928	2018	Capture enrichment of aquatic environmental DNA: A first proof of concept	Molecular Ecology Resources	Taylor M. Wilcox, Katherine E. Zarn, Maxine P. Piggott, Michael K. Young, Kevin S. McKelvey, Michael K. Schwartz
10.1099/jmm.0.000727	2018	Ceftriaxone-resistant Salmonella Typhi carries an IncI1-ST31 plasmid encoding CTX-M-15	Journal of Medical Microbiology	Bilal Djeghout, Senjuti Saha, Mohammad Saiful Islam Sajib, Arif Mohammad Tanmoy, Maksuda Islam, Gemma L. Kay, Gemma C. Langridge, Hubert P. Endtz, John R. Wain, Samir Kumar Saha
10.1038/s41564-018-0285-5	2018	Centrosomal protein TRIM43 restricts herpesvirus infection by regulating nuclear lamina integrity	Nature Microbiology	Florian Full, Michiel van Gent, Konstantin M. J. Sparrer, Cindy Chiang, Matthew A. Zurenski, Myriam Scherer, Norbert Hermann Brockmeyer, Lucie Heinzerling, Michael Stürzl, Klaus Korn, Thomas Stamminger, Armin Ensser, Michaela U. Gack
10.3389/fmicb.2018.02336	2018	Changes in the Fungal Microbiome of Maize During Hermetic Storage in the United States and Kenya	Frontiers in Microbiology	Brett R. Lane, Sandeep Sharma, Chenxing Niu, Angeline Wanjiku Maina, John Maina Wagacha, Burton H. Bluhm, Charles P. Woloshuk
	2018	Characterising viral populations with genome sequencing data	Research Explorer (The University of Manchester)	Bede Constantinides
10.1016/j.virol.2018.02.016	2018	Characterization of H9N2 avian influenza viruses from the Middle East demonstrates heterogeneity at amino acid position 226 in the hemagglutinin and potential for transmission to mammals	Virology	Klaudia Chrząstek, Dong-hun Lee, Saad M. Gharaibeh, Aniko Zsak, Darrell R. Kapczynski
10.1038/s41598-018-31866-9	2018	Child Weight Gain Trajectories Linked To Oral Microbiota Composition	Scientific Reports	Sarah J. C. Craig, Daniel Blankenberg, Alice Carla Luisa Parodi, Ian M. Paul, Leann Lipps Birch, Jennifer S. Savage, Michele E. Marini, Jennifer L. Stokes, ANTON Y NEKRUTENKO, Matthew L. Reimherr, Francesca Chiaromonte, Kateryna D. Makova
10.1186/s12859-018-2019-3	2018	Closha: bioinformatics workflow system for the analysis of massive sequencing data	BMC Bioinformatics	Gunhwan Ko, Pan-Gyu Kim, Jongcheol Yoon, Gukhee Han, Seong‐Jin Park, Wangho Song, Byung-Wook Lee
10.1371/journal.pcbi.1006144	2018	Cloud computing applications for biomedical science: A perspective	PLoS Computational Biology	Vivek Navale, Philip E. Bourne
10.1038/nrg.2017.113	2018	Cloud computing for genomic data analysis and collaboration	Nature Reviews Genetics	Ben Langmead, Abhinav Nellore
10.3389/fmicb.2018.03108	2018	Co-culture of a Novel Fermentative Bacterium, Lucifera butyrica gen. nov. sp. nov., With the Sulfur Reducer Desulfurella amilsii for Enhanced Sulfidogenesis	Frontiers in Microbiology	Irene Sánchez‐Andrea, Ariovaldo O. Florentino, Jeltzlin Semerel, Nikolaos Strepis, Diana Zita Sousa, Alfons J. M. Stams
10.1093/nar/gky474	2018	Coloc-stats: a unified web interface to perform colocalization analysis of genomic features	Nucleic Acids Research	Boris Simovski, Chakravarthi Kanduri, Sveinung Gundersen, Dmytro Titov, Diana Domańska, Christoph Bock, Lara Bossini‐Castillo, Maria D. Chikina, Alexander V. Favorov, Ryan M. Layer, Andrey A. Mironov, Aaron R. Quinlan, Nathan C. Sheffield, Gosia Trynka, Geir Kjetil Sandve
10.1186/s12859-018-2203-5	2018	Combining RNA-seq data and homology-based gene prediction for plants, animals and fungi	BMC Bioinformatics	Jens Keilwagen, Frank Hartung, Michael Paulini, Sven Olaf Twardziok, Jan Grau
10.1016/j.cels.2018.05.012	2018	Community-Driven Data Analysis Training for Biology	Cell Systems	Bérénice Batut, Saskia Hiltemann, Andrea Bagnacani, Dannon Baker, Vivek Bhardwaj, Clemens Blank, Anthony Bretaudeau, Loraine Brillet-Guéguen, Martin Čech, John M. Chilton, Dave Clements, Olivia Doppelt‐Azeroual, Anika Erxleben, Mallory Freeberg, Simon L. Gladman, Youri Hoogstrate, Hans-Rudolf Hotz, 
10.70675/94003e64z4244z46b6zba3cz1ba3691aac85	2018	Comparaison des épigénomes des espèces non-modèles		Benoît Aliaga
10.3389/fmicb.2018.00356	2018	Comparative Genomics of the Baltic Sea Toxic Cyanobacteria Nodularia spumigena UHCC 0039 and Its Response to Varying Salinity	Frontiers in Microbiology	Jonna E. Teikari, Shengwei Hou, Matti Wahlsten, Wolfgang R. Hess, Kaarina Sivonen
10.1080/15592324.2018.1432956	2018	Comparative phylogenetic and expression analysis of small GTPases families in legume and non-legume plants	Plant Signaling & Behavior	Ana Claudia Flores, Virginia Dalla Via, Virginia Savy, Ulises Mancini Villagra, María Eugenia Zanetti, Flavio Antonio Blanco
10.1007/978-3-319-73450-7_40	2018	Comparing Different Data Fusion Strategies for Cancer Classification	Advances in intelligent systems and computing	Katarzyna Pojda, Michał Jakubczak, Sebastian Student, Andrzej Świerniak, Krzysztof Fujarewicz
10.2217/epi-2017-0171	2018	Comparison of DNMT1 Inhibitors by Methylome Profiling Identifies Unique Signature of 5-aza-2′Deoxycytidine	Epigenomics	Sarah-Jayne Mackin, Karla M. O’Neill, Colum Patrick Walsh
10.1016/j.fm.2018.01.004	2018	Comparison of advanced whole genome sequence-based methods to distinguish strains of Salmonella enterica serovar Heidelberg involved in foodborne outbreaks in Québec	Food Microbiology	Caroline Vincent, Valentine Usongo, Chrystal L. Berry, Denise M. Tremblay, Sylvain Moineau, Khadidja Yousfi, Florence Doualla‐Bell, Éric Fournier, Celine A. Nadon, Lawrence D. Goodridge, Sadjia Békal
10.1111/jgh.14129	2018	Comparison of the microbial community structure between inflamed and non‐inflamed sites in patients with ulcerative colitis	Journal of Gastroenterology and Hepatology	Atsushi Hirano, Junji Umeno, Yasuharu Okamoto, Hiroki Shibata, Yoshitoshi Ogura, Tomohiko Moriyama, Takehiro Torisu, Shin Fujioka, Yuta Fuyuno, Yutaka Kawarabayasi, Takayuki Matsumoto, Takanari Kitazono, Motohiro Esaki
10.1091/mbc.e18-04-0256	2018	Compressive force induces reversible chromatin condensation and cell geometry–dependent transcriptional response	Molecular Biology of the Cell	Karthik Damodaran, Saradha Venkatachalapathy, Farid Alisafaei, Anand Radhakrishnan, Doorgesh Sharma Jokhun, Vivek B. Shenoy, G. V. Shivashankar
10.1038/sdata.2018.179	2018	Computational workflow to study the seasonal variation of secondary metabolites in nine different bryophytes	Scientific Data	Kristian Peters, Karin Gorzolka, Helge Bruelheide, Steffen Neumann
10.1007/s00239-018-9851-y	2018	Concurrent Duplication of Drosophila Cid and Cenp-C Genes Resulted in Accelerated Evolution and Male Germline-Biased Expression of the New Copies	Journal of Molecular Evolution	José Ricardo Teixeira Júnior, Guilherme Borges Dias, Marta Svartman, Alfredo Ruíz, Gustavo C. S. Kuhn
10.2139/ssrn.3155924	2018	Consequences of NMDA Receptor Deficiency Can Be Rescued in the Adult Brain	SSRN Electronic Journal	Catharine A. Mielnik, Yuxiao Chen, Mary A. Binko, Rehnuma Islam, Marija Milenković, Wendy Horsfall, Ali Salahpour, Evelyn K. Lambe, Amy J. Ramsey
10.1101/372664	2018	Conservation and Variations of Bimodal HoxD Gene Regulation During Tetrapod Limb Development	bioRxiv (Cold Spring Harbor Laboratory)	Nayuta Yakushiji‐Kaminatsui, Lucille Lopez‐Delisle, Christopher Chase Bolt, Guillaume Andrey, Leonardo L Beccari, Denis Duboule
10.1016/b978-0-12-809633-8.20090-3	2018	Constructing Computational Pipelines	Elsevier eBooks	Chuang Kee Ong, Russell S. Hamilton
10.1007/s10278-018-0089-4	2018	Container-Based Clinical Solutions for Portable and Reproducible Image Analysis	Journal of Imaging Informatics in Medicine	Jordan Matelsky, Gregory Kiar, Erik C. Johnson, Corban G. Rivera, Michael K. Toma, William Gray-Roncal
10.1093/bioinformatics/bty699	2018	Container-based bioinformatics with Pachyderm	Bioinformatics	Jon Ander Novella, Payam Emami Khoonsari, Stephanie Herman, Daniel Whitenack, Marco Capuccini, Joachim Burman, Kim Kultima, Ola Spjuth
10.1083/jcb.201711097	2018	Control of mitotic chromosome condensation by the fission yeast transcription factor Zas1	The Journal of Cell Biology	Christoph Schiklenk, Boryana Petrova, Marc Kschonsak, Markus Hassler, Carlo Klein, Toby J. Gibson, Christian H. Haering
10.1016/j.cell.2018.07.016	2018	Cooperative Metabolic Adaptations in the Host Can Favor Asymptomatic Infection and Select for Attenuated Virulence in an Enteric Pathogen	Cell	Karina K. Sanchez, Grischa Y. Chen, Alexandria M. Palaferri Schieber, Samuel E. Redford, Maxim Nikolaievich Shokhirev, Mathias Leblanc, Yujung M. Lee, Janelle S. Ayres
10.3389/fgene.2018.00154	2018	Correlation Analyses Reveal a Limited Role of Transcription in Genome-Wide Differential MicroRNA Expression in Mammals	Frontiers in Genetics	Xiaoxiao Zhang, Siling Hu, Jia En Su, Zixuan Xie, Wenjing Li, Yan Zeng
10.1101/310425	2018	Creating Standards for Evaluating Tumour Subclonal Reconstruction	bioRxiv (Cold Spring Harbor Laboratory)	Adriana Salcedo, Maxime Tarabichi, Shadrielle M. G. Espiritu, Amit G. Deshwar, Matei David, Nathan M. Wilson, Stefan C. Dentro, Jeff A. Wintersinger, Lydia Liu, Minjeong Ko, Srinivasan Sivanandan, Hongjiu Zhang, Kaiyi Zhu, Tai-Hsien Ou Yang, John M. Chilton, Alex Buchanan, Christopher M. Lalansingh,
10.18174/444432	2018	Cross-feeding interactions of gut symbionts driven by human milk oligosaccharidesand mucins		Loo Wee Chia
10.30802/aalas-cm-17-000084	2018	Culture-independent Profiling of the Fecal Microbiome to Identify Microbial Species Associated with a Diarrheal Outbreak in Immunocompromised Mice	Comparative Medicine	Ana M. Misic, Emily L Miedel, Angela K. Brice, Stephen D. Cole, Grace F Zhang, Cecilia Dyer, Anthony J. Secreto, Abigail L. Smith, Gwenn A. Danet-Desnoyers, Daniel P. Beiting
10.3390/ijms19051385	2018	Current Challenges in Plant Eco-Metabolomics	International Journal of Molecular Sciences	Kristian Peters, Anja Worrich, Alexander Weinhold, Oliver Alka, Gerd Ulrich Balcke, Claudia Birkemeyer, Helge Bruelheide, Onno W. Calf, Sophie Dietz, Kai Dührkop, Emmanuel Gaquerel, Uwe Heinig, Marlen Kücklich, Mirka Macel, Caroline Müller, Yvonne Poeschl, Georg Pohnert, Christian Ristok, Victor Man
10.1007/978-1-4939-7774-1_20	2018	DNA Methylation Analysis by Bisulfite Conversion Coupled to Double Multiplexed Amplicon-Based Next-Generation Sequencing (NGS)	Methods in molecular biology	Pavel Bashtrykov, Albert Jeltsch
10.1093/nar/gky953	2018	DOT1L promotes progenitor proliferation and primes neuronal layer identity in the developing cerebral cortex	Nucleic Acids Research	Henriette Franz, Alejandro Villarreal, Stefanie Heidrich, Pavankumar Videm, Fabian Kilpert, Iván Mestres, Federico Calegari, Rolf Backofen, Thomas Manke, Tanja Vogel
10.1007/s11627-018-9947-5	2018	Data mining study of hormone biosynthesis gene expression reveals new aspects of somatic embryogenesis regulation	In Vitro Cellular & Developmental Biology - Plant	Rizka Tamania Saptari, Hendry Susila
10.1038/nprot.2017.151	2018	Data processing, multi-omic pathway mapping, and metabolite activity analysis using XCMS Online	Nature Protocols	Erica M. Forsberg, Tao Huan, Duane Rinehart, H. Paul Benton, Benedikt Warth, Brian Hilmers, Gary E. Siuzdak
10.70675/6a67b305zfcfdz4b9azbd3bzb7703ac24324	2018	De l'annotation automatique des génomes à l'annotation experte pour la génomique environnementale		Philippe Ortet
10.1038/s41431-018-0156-9	2018	De novo repeat interruptions are associated with reduced somatic instability and mild or absent clinical features in myotonic dystrophy type 1	European Journal of Human Genetics	Sarah A. Cumming, Mark Hamilton, Yvonne A. Robb, Helen Gregory, Catherine A. McWilliam, Anneli Cooper, Berit Adam, Josephine McGhie, Graham M. Hamilton, Pawel Herzyk, Michael Tschannen, Elizabeth A. Worthey, Richard Petty, Bob Ballantyne, Jon P. Warner, Maria Elena Farrugia, Cheryl Longman, Darren G
10.25148/etd.fidc007034	2018	Decipher Mechanisms by which Nuclear Respiratory Factor One (NRF1) Coordinates Changes in the Transcriptional and Chromatin Landscape Affecting Development and Progression of Invasive Breast Cancer		Jairo D. Ramos
10.1007/s10482-018-1040-x	2018	Deciphering the trophic interaction between Akkermansia muciniphila and the butyrogenic gut commensal Anaerostipes caccae using a metatranscriptomic approach	Antonie van Leeuwenhoek	Loo Wee Chia, Bastian Volker Helmut Hornung, Steven Aalvink, Peter J. Schaap, Willem M. de Vos, Jan Knol, Clara Belzer
10.1101/291054	2018	Deletion of genes encoding PU.1 and Spi-B leads to B cell acute lymphoblastic leukemia associated with driver mutations in Janus Kinases	bioRxiv (Cold Spring Harbor Laboratory)	Carolina R. Batista, Michelle Gek Liang Lim, Anne-Sophie Laramée, Faisal Abu-Sardanah, Li Xu, Rajon Hossain, Rodney P. DeKoter
10.1016/j.rgmx.2018.02.010	2018	Determinación de la microbiota intestinal en pacientes cirróticos de población mestizo-mexicana	Revista de Gastroenterología de México	Carlos Pérez‐Monter, Ivonne Escalona-Nández, Alma Estanes-Hernández, Lilia Guadalupe Noriega, Aldo Torre-Delgadillo
10.1186/s12859-018-2446-1	2018	Developing reproducible bioinformatics analysis workflows for heterogeneous computing environments to support African genomics	BMC Bioinformatics	Shakuntala Baichoo, Yassine Souilmi, Sumir Panji, Gerrit Botha, Ayton Meintjes, Scott Hazelhurst, Hocine Bendou, Eugene de Beste, Phelelani Thokozani Mpangase, Oussema Souiai, Mustafa Alghali, Long Yi, Brian D. O’Connor, Michael Robin Crusoe, Don L Armstrong, Shaun Aron, Fourie Joubert, Azza E. Ahme
10.1016/j.foodchem.2018.08.032	2018	Development of a DNA metabarcoding method for the identification of fifteen mammalian and six poultry species in food	Food Chemistry	Stefanie Dobrovolny, Marion Blaschitz, Thomas Weinmaier, Jan Pechatschek, Margit Cichna‐Markl, Alexander Indra, Peter Hufnagl, Rupert Hochegger
10.1016/j.jmoldx.2018.08.008	2018	Diagnostic targETEd seQuencing adjudicaTion (DETEQT)	Journal of Molecular Diagnostics	Turner Conrad, Chien‐Chi Lo, Jeffrey W. Koehler, Amanda S. Graham, Christopher P. Stefan, Adrienne Trombley Hall, Christina E. Douglas, Patrick Chain, Timothy Devin Minogue
10.3389/fmicb.2018.02759	2018	Diazotrophs and N2-Fixation Associated With Particles in Coastal Estuarine Waters	Frontiers in Microbiology	Jeppe N. Pedersen, Deniz Bombar, Ryan W. Paerl, Lasse Riemann
10.1016/j.fsi.2018.06.054	2018	Differentially expressed genes in hemocytes of Litopenaeus vannamei challenged with Vibrio parahaemolyticus AHPND (VPAHPND) and VPAHPND toxin	Fish & Shellfish Immunology	Benedict A. Maralit, Phattarunda Jaree, Pakpoom Boonchuen, Anchalee Tassanakajon, Kunlaya Somboonwiwat
10.1016/j.biotechadv.2018.09.004	2018	Discovering novel hydrolases from hot environments	Biotechnology Advances	Roland Wohlgemuth, Jennifer Ann Littlechild, Daniela Monti, Kirk Matthew Schnorr, Teunke van Rossum, Bettina Siebers, Peter Menzel, Ilya V. Kublanov, Anne Gunn Rike, Georgios Skretas, Zalán Szabó, Xu Peng, Mark Young
10.1101/309054	2018	Discovery of a new path for red blood cell generation in the mouse embryo	bioRxiv (Cold Spring Harbor Laboratory)	Irina Pinheiro, Özge Vargel Bölükbaşı, Kerstin Ganter, Laura A. Sabou, Vick Key Tew, Giulia Bolasco, Maya Shvartsman, Polina V. Pavlovich, Andreas Buneß, Christina Nikolakopoulou, Isabelle Bergiers, Valérie Kouskoff, Georges Lacaud, Christophe Lancrin
10.3390/proteomes6010007	2018	Disseminating Metaproteomic Informatics Capabilities and Knowledge Using the Galaxy-P Framework	Proteomes	Clemens Blank, Caleb Easterly, Bjoern Gruening, James E. Johnson, Carolin A. Kolmeder, Praveen Kumar, Damon May, Subina Mehta, Bart Mesuere, Zachary D. Brown, Joshua Eric Elias, W. Judson Hervey, Thomas F. McGowan, Thilo Muth, Brook L. Nunn, Joel D. Rudney, Alessandro Tanca, Timothy J. Griffin, Prat
10.1038/s41467-017-02762-z	2018	Distinct epigenetic programs regulate cardiac myocyte development and disease in the human heart in vivo	Nature Communications	Ralf Gilsbach, Martin Schwaderer, Sebastian Preißl, Björn Andreas Grüning, David Kranzhöfer, Pedro Schneider, Thomas Georg Nührenberg, Sonia Mulero‐Navarro, Dieter Weichenhan, Christian Joerg Braun, Martina Dreßen, Adam R. Jacobs, Harald Lahm, Torsten Doenst, Rolf Backofen, Markus Krane, Bruce D. Ge
10.1017/s0031182018000112	2018	Diverse single-amino-acid repeat profiles in the genusCryptosporidium	Parasitology	Giovanni Widmer
10.1371/journal.pone.0196178	2018	Diversity and antimicrobial potential in sea anemone and holothurian microbiomes	PLoS ONE	Elizabeth León‐Palmero, Vanessa Joglar, Pedro A. Álvarez, Antonio Manuel Martín-Platero, Inmaculada Llamas, Isabel Reche
10.1093/gbe/evy162	2018	Draft Genome Sequence for the Tree PathogenPhytophthora plurivora	Genome Biology and Evolution	Ramesh Raju Vetukuri, Sucheta Tripathy, Mathu Malar C, Arijit Panda, Sandeep Kumar Kushwaha, Aakash Chawade, Erik Andréasson, Laura J. Grenville‐Briggs, Stephen C. Whisson
10.1128/mra.01057-18	2018	Draft Genome Sequences of Two Carbapenemase-Producing Klebsiella pneumoniae Strains Isolated from Blood Cultures	Microbiology Resource Announcements	Rémi Le Guern, Teddy Grandjean, Karine Faure, Marvin Bauduin, Éric Kipnis, Rodrigue Dessein
10.5598/imafungus.2018.09.01.13	2018	Draft genome sequence of Annulohypoxylon stygium, Aspergillus mulundensis, Berkeleyomyces basicola (syn. Thielaviopsis basicola), Ceratocystis smalleyi, two Cercospora beticola strains, Coleophoma cylindrospora, Fusarium fracticaudum, Phialophora cf. hyalina, and Morchella septimelata	IMA Fungus	Brenda Diana Wingfield, Gerald F. Bills, Yang Dong, Wenli Huang, Wilma J. Nel, Benedicta S. Swalarsk-Parry, Niloofar Vaghefi, P. Markus Wilken, Zhiqiang An, Z. Wilhelm de Beer, Lieschen De Vos, Li Chen, Tuan A. Duong, Yun Gao, Almuth Hammerbacher, Julie Russell Kikkert, Yan Li, Huiying Li, Kuan Li, 
10.1016/j.dib.2018.06.039	2018	Draft genome sequence of Pantoea ananatis strain MHSD5 isolated from surface sterilized leaves of medicinal plant, Pellaea calomelanos obtained in South Africa	Data in Brief	Siphiwe Godfrey Mahlangu, Mahloro Hope Serepa‐Dlamini
10.1016/j.biocontrol.2018.08.022	2018	Dynamics of compost microbiota during the cultivation of Agaricus bisporus in the presence of Bacillus velezensis QST713 as biocontrol agent against Trichoderma aggressivum	Biological Control	Caroline Pandin, R. Vedie, Thierry Rousseau, Dominique Le Coq, Stéphane Aymerich, Romain Briandet
10.1101/gr.225458.117	2018	EPIGEN-Brazil Initiative resources: a Latin American imputation panel and the Scientific Workflow	Genome Research	Wagner C. S. Magalhães, Nathalia Matta Araujo, Thiago Peixoto Leal, Gilderlânio Santana de Araújo, Paula J.S. Viriato, Fernanda S. G. Kehdy, Gustavo Nunes de Oliveira Costa, Maurício L. Barreto, Bernardo Lessa Horta, Maria Fernanda Lima‐Costa, Alexandre C. Pereira, Eduardo Tarazona‐Santos, Maira Rib
10.18632/oncotarget.25128	2018	EZH2 inhibitors sensitize myeloma cell lines to panobinostat resulting in unique combinatorial transcriptomic changes	Oncotarget	Taylor Harding, Jessica Swanson, Brian G. Van Ness
10.1016/j.ygeno.2018.11.019	2018	Early transcriptome changes in response to chemical long-term potentiation induced via activation of synaptic NMDA receptors in mouse hippocampal neurons	Genomics	Nicola Bliim, Iryna Leshchyns’ka, Ryan Keable, Bei Jun Chen, Ashton Curry‐Hyde, Lachlan G. Gray, Vladimir Sytnyk, Michael Janitz
	2018	Elucidating Blood Origin: From Reprogramming to Ontogeny	Portuguese National Funding Agency for Science, Research and Technology (RCAAP Project by FCT)	Andreia Marques Gomes
10.1093/nar/gky288	2018	Emerin modulates spatial organization of chromosome territories in cells on softer matrices	Nucleic Acids Research	Roopali Pradhan, Devika Ranade, Kundan Sengupta
10.1371/journal.pbio.3000099	2018	Enabling precision medicine via standard communication of HTS provenance, analysis, and results	PLoS Biology	Gil Alterovitz, Dennis A. Dean, Carole Goble, Michael Robin Crusoe, Stian Soiland‐Reyes, Amanda L. Bell, Anais Hayes, Anita Suresh, Anjan Purkayastha, Charles Hadley S. King, Dan Taylor, Elaine Johanson, Elaine E. Thompson, Eric Donaldson, Hiroki Morizono, Hsinyi Tsang, Jeet Kiran Vora, Jeremy Goeck
10.1530/joe-18-0494	2018	Endothelial cell mineralocorticoid receptors oppose VEGF-induced gene expression and angiogenesis	Journal of Endocrinology	Achim Lother, Lisa X. Deng, Michael Huck, David Fürst, Jessica Kowalski, Jennifer Susanne Esser, Martin Moser, Christoph Bode, Lutz Hein
10.1101/400127	2018	Engineered transfer RNAs for suppression of premature termination codons	bioRxiv (Cold Spring Harbor Laboratory)	John D. Lueck, Jae Seok Yoon, Alfredo Perales‐Puchalt, Adam L. Mackey, Daniel T. Infield, Mark A. Behlke, Marshall R. Pope, David B. Weiner, William R. Skach, Paul B. McCray, Christopher A. Ahern
10.1002/bit.26847	2018	Enhancing hydrogen‐dependent growth of and carbon dioxide fixation by Clostridium ljungdahlii through nitrate supplementation	Biotechnology and Bioengineering	David Frederic Emerson, Benjamin M. Woolston, Nian Liu, Mackenzie Donnelly, Devin H. Currie, Gregory N Stephanopoulos
10.1242/jeb.191817	2018	Epidermal epidemic: unravelling the pathogenesis of chytridiomycosis	Journal of Experimental Biology	Nicholas C. Wu, Rebecca L. Cramp, Michel E. B. Ohmer, Craig E. Franklin
10.1101/411702	2018	Epigenome priming dictates transcription response and white matter fate upon perinatal inflammation	bioRxiv (Cold Spring Harbor Laboratory)	Anne‐Laure Schang, Juliette Van Steenwinckel, Julia Lipecki, Charlotte Rich‐Griffin, Kate Woolley-Allen, Nigel P. Dyer, Tifenn Le Charpentier, Patrick Schäfer, Bobbi Fleiss, Sascha Ott, Délara Sabéran‐Djoneidi, Valérie Mezger, Pierre Gressèns
10.1038/s41564-018-0199-2	2018	Escherichia coli translation strategies differ across carbon, nitrogen and phosphorus limitation conditions	Nature Microbiology	Hsin‐Jung Li, Zhiyuan Li, Junyoung O. Park, Christopher G. King, Joshua D. Rabinowitz, Ned S. Wingreen, Zemer Gitai
10.70675/88ae409az6769z4868z9051z5539dd2c5b98	2018	Etude des propriétés génétiques et fonctionnelles des variants du virus de l'hépatite C lors d'évènements de transmission		Thibault Guinoiseau
10.1007/978-1-4939-7737-6_5	2018	EuPathDB: The Eukaryotic Pathogen Genomics Database Resource	Methods in molecular biology	Susanne W. Warrenfeltz, Evelina Y. Basenko, Kathryn Crouch, Omar S. Harb, Jessica C. Kissinger, David S. Roos, Achchuthan Shanmugasundram, Fátima Silva-Franco
10.70675/2c76ef89z0680z4a91z969az00a38f354e3e	2018	Evolution et coévolution des petits ARNs régulateurs et des gènes codants chez les bactéries		Franck Cerutti
10.1186/s13059-018-1472-7	2018	Evolutionarily conserved partial gene duplication in the Triticeae tribe of grasses confers pathogen resistance	Genome biology	Jeyaraman Rajaraman, Dimitar Douchkov, Stefanie Lück, Göetz Hensel, Daniela Nowara, Maria Pogoda, Twan L. M. Rutten, Tobias Meitzel, Jonathan Brassac, Caroline Höfle, Ralph Hückelhoven, Jörn Klinkenberg, Marco Trujillo, Eva Bauer, Thomas Schmutzer, Axel Himmelbach, Martin Mascher, Barbara Lazzari, N
10.1016/b978-0-12-809633-8.20094-0	2018	Exome Sequencing Data Analysis	Elsevier eBooks	Anita Sathyanarayanan, Srikanth Srinivas Manda, M. Damodara Poojary, Shivashankar Hiriyur Nagaraj
10.70675/a45b9297z1d06z41ddz9479z39bfb46d5300	2018	Exploration des mécanismes impliqués dans la bioprotection d'Agaricus bisporus par les biofilms de Bacillus subtilis QST713		Caroline Pandin
10.1136/vr.105125	2018	Exploratory metagenomic analyses of periweaning failure‐to‐thrive syndrome‐affected pigs	Veterinary Record	Giovanni Franzo, Tuija Kekarainen, Anna Llorens, Florencia Correa‐Fiz, Joaquím Segalés
10.1145/3214708.3214710	2018	Exploring Genomic Datasets		Luca Nanni, Pietro Pinoli, Arif Canakoglu, Stefano Ceri
10.1093/gbe/evy099	2018	Expression of Novel Gene Content Drives Adaptation to Low Iron in the Cyanobacterium Acaryochloris	Genome Biology and Evolution	Amy L Gallagher, Scott R. Miller
10.1002/jlb.2ma1017-418rr	2018	Expression of novel “LOCGEF” isoforms of ARHGEF18 in eosinophils	Journal of Leukocyte Biology	Keren B. Turton, Emily Wilkerson, Alex S. Hebert, Frances J. Fogerty, Hazel Marie Schira, Fady Botros, Joshua J. Coon, Deane F. Mosher
10.1007/s12035-018-1444-7	2018	FOXG1 Regulates PRKAR2B Transcriptionally and Posttranscriptionally via miR200 in the Adult Hippocampus	Molecular Neurobiology	Stefan Christopher Weise, Ganeshkumar Arumugam, Alejandro Villarreal, Pavankumar Videm, Stefanie Heidrich, Nils Nebel, Verónica I. Dumit, Farahnaz Sananbenesi, Viktoria Reimann, Madeline Craske, Oliver Schilling, Wolfgang R. Hess, André Fischer, Rolf Backofen, Tanja Vogel
10.3410/f.734083634.793554037	2018	Faculty Opinions recommendation of Compressive force induces reversible chromatin condensation and cell geometry dependent transcriptional response.	Faculty Opinions – Post-Publication Peer Review of the Biomedical Literature	Martin Alexander Schwartz
10.3410/f.733302899.793549303	2018	Faculty Opinions recommendation of KIRA1 and ORESARA1 terminate flower receptivity by promoting cell death in the stigma of Arabidopsis.	Faculty Opinions – Post-Publication Peer Review of the Biomedical Literature	Chang‐Hsien Yang
10.3410/f.732995091.793553984	2018	Faculty Opinions recommendation of Morphogen gradient reconstitution reveals Hedgehog pathway design principles.	Faculty Opinions – Post-Publication Peer Review of the Biomedical Literature	Paola Bovolenta
10.3389/fmicb.2018.02534	2018	Faustovirus E12 Transcriptome Analysis Reveals Complex Splicing in Capsid Gene	Frontiers in Microbiology	Amina Cherif Louazani, Emeline Baptiste, Anthony Levasseur, Philippe Colson, Bernard La Scola
10.1109/cloud.2018.00124	2018	Federated Galaxy: Biomedical Computing at the Frontier		Enis Afgan, Vahid Jalili, Nuwan Goonasekera, James Taylor, Jeremy Goecks
10.1016/j.cels.2018.06.003	2018	Four Key Steps Control Glycolytic Flux in Mammalian Cells	Cell Systems	Lukas Bahati Tanner, Alexander G. Goglia, Monica H. Wei, Talen Sehgal, Lance R. Parsons, Junyoung O. Park, Eileen White, Jared E. Toettcher, Joshua D. Rabinowitz
10.1145/3219104.3219164	2018	From Bare Metal to Virtual		Evan F. Bollig, James C. Wilgenbusch
10.48550/arxiv.1807.08654	2018	From Bare Metal to Virtual: Lessons Learned when a Supercomputing Institute Deploys its First Cloud	arXiv (Cornell University)	Evan F. Bollig, James C. Wilgenbusch
10.1016/j.stem.2018.06.014	2018	Functional Dissection of the Enhancer Repertoire in Human Embryonic Stem Cells	Cell stem cell	Tahsin Stefan Barakat, Florian Halbritter, Man Zhang, André F. Rendeiro, Elena Perenthaler, Christoph Bock, Ian Chambers
10.1111/mec.14728	2018	Functional variation in the gut microbiome of wild Drosophila populations	Molecular Ecology	Alyssa Bost, Vincent G. Martinson, Soeren Franzenburg, Karen L. Adair, Alice Albasi, Martin T. Wells, Angela E. Douglas
10.1007/s13237-018-0249-4	2018	Functions of long non-coding RNAs in plants: a riddle to explore	The Nucleus	Pankaj Kumar Singh, Sayak Ganguli, Amita Pal
10.3390/jof4010039	2018	FungiDB: An Integrated Bioinformatic Resource for Fungi and Oomycetes	Journal of Fungi	Evelina Y. Basenko, Jane A. Pulman, Achchuthan Shanmugasundram, Omar S. Harb, Kathryn Crouch, David Starns, Susanne W. Warrenfeltz, Cristina Aurrecoechea, Christian J. Stoeckert, Jessica C. Kissinger, David S. Roos, Christiane Hertz‐Fowler
10.1093/nar/gky504	2018	Galaxy HiCExplorer: a web server for reproducible Hi-C data analysis, quality control and visualization	Nucleic Acids Research	Joachim R. Wolff, Vivek Bhardwaj, Stephan Nothjunge, Gautier Richard, Gina Renschler, Ralf Gilsbach, Thomas Manke, Rolf Backofen, Fidel Ramírez, Björn Andreas Grüning
10.1093/gigascience/giy166	2018	Galaxy mothur Toolset (GmT): a user-friendly application for 16S rRNA gene sequencing analysis using mothur	GigaScience	Saskia Hiltemann, Stefan A. Boers, Peter J. van der Spek, Ruud Jansen, John Philip Hays, Andrew Stubbs
10.1101/459552	2018	GenPipes: an open-source framework for distributed and scalable genomic analyses	bioRxiv (Cold Spring Harbor Laboratory)	Mathieu Bourgey, Rola Dali, Robert J. M. Eveleigh, Kuang Chung Chen, Louis Létourneau, Joël Fillon, Marc Michaud, Maxime Caron, Johanna Sandoval, François Lefebvre, Gary Leveque, Eloi Mercier, David Bujold, Pascale Marquis, Patrick Tran Van, David Anderson de Lima Morais, Julien Tremblay, Xiaojian S
10.1016/j.jtemb.2018.03.014	2018	Gene expression in adverse reaction to metal debris around metal-on-metal arthroplasty: An RNA-Seq-based study	Journal of Trace Elements in Medicine and Biology	Antti Pemmari, Tiina Leppänen, Erja‐Leena Paukkeri, Antti P. Eskelinen, Teemu P.S. Moilanen, Eeva Moilanen
10.1038/sdata.2018.260	2018	Gene expression profiling of the olfactory tissues of sex-separated and sex-combined female and male mice	Scientific Data	Stephen W. Santoro, Susanne Jakob
10.1093/bioinformatics/bty884	2018	GeneLab: Omics database for spaceflight experiments	Bioinformatics	Shayoni Ray, Samrawit Gebre, Homer W. Fogle, Daniel C. Berrios, Peter Tran, Jonathan Matthew Galazka, Sylvain V. Costes
10.1093/gigascience/giy005	2018	GeneSeqToFamily: a Galaxy workflow to find gene families based on the Ensembl Compara GeneTrees pipeline	GigaScience	Anil S. Thanki, Nicola Soranzo, Wilfried Haerty, Robert Davey
10.1016/j.postharvbio.2018.07.010	2018	Genes differentially expressed in broccoli as an early and late response to wounding stress	Postharvest Biology and Technology	Ana Mariel Torres-Contreras, Carolina Senés‐Guerrero, Adriana Pacheco, Mauricio González-Agüero, Perla A. Ramos‐Parra, Luis Cisneros‐Zevallos, Daniel A. Jacobo‐Velázquez
10.1523/eneuro.0208-17.2017	2018	Genetic Pathways of Neuroregeneration in a Novel Mild Traumatic Brain Injury Model in Adult Zebrafish	eNeuro	Amanda Maheras, Brian Dix, Olivia M. S. Carmo, Aleena Young, Vanessa N. Gill, Julia Lailai Sun, Aleah R. Booker, Helen A. Thomason, Anastasia E. Ibrahim, Lauren Stanislaw, Jennifer C. Dallego, Cat N. Ngo, Audrey Chen, Barbara K. Fortini, Rory D. Spence
10.1016/b978-0-12-809633-8.20237-9	2018	Genome Alignment	Elsevier eBooks	Tetsushi Yada
10.1016/b978-0-12-809633-8.20092-7	2018	Genome Annotation: Perspective From Bacterial Genomes	Elsevier eBooks	Alan Gilbert Christoffels, Peter Van Heusden
10.1007/978-1-4939-8876-1_22	2018	Genome Sequencing and Analysis Methods in Chronic Lymphocytic Leukemia	Methods in molecular biology	Vı́ctor Quesada, Miguel Araujo‐Voces, José G Pérez-Silva, Gloria Velasco, Carlos López-Otı́n
10.3389/fonc.2018.00183	2018	Genome-Wide Analysis of Interchromosomal Interaction Probabilities Reveals Chained Translocations and Overrepresentation of Translocation Breakpoints in Genes in a Cutaneous T-Cell Lymphoma Cell Line	Frontiers in Oncology	Anne Steininger, Grit Ebert, Benjamin Valentin Becker, Chalid Assaf, Markus Möbs, Christian Andreas Schmidt, Piotr Grabarczyk, Lars Riff Jensen, Grzegorz Krzysztof Przybylski, Matthias Port, Andreas Walter Kuss, Reinhard Ullmann
10.1101/282889	2018	Genome-wide profiling of an enhancer-associated histone modification reveals the influence of asthma on the epigenome of the airway epithelium	bioRxiv (Cold Spring Harbor Laboratory)	Peter K. McErlean, Audrey Kelly, Jaideep Dhariwal, Max Kirtland, Julie Watson, Ismael Ranz, David J. Cousins, Roberto C. E. Solari, Michael R. Edwards, Sebastian Lennox Johnston, Paul Lavender
10.1186/s12864-018-5049-3	2018	Genomic characterization of Trichoderma atrobrunneum (T. harzianum species complex) ITEM 908: insight into the genetic endowment of a multi-target biocontrol strain	BMC Genomics	Francesca Fanelli, Vania Cosma Liuzzi, Antonio Francesco Logrieco, Claudio Altomare
10.1101/349910	2018	Genomic variants among threatened Acropora corals	bioRxiv (Cold Spring Harbor Laboratory)	Sheila A. Kitchen, Aakrosh Ratan, Oscar C. Bedoya-Reina, Rico Burhans, Nicole D. Fogarty, Webb Miller, Iliana B. Baums
	2018	Genomics of phage-bacterium-host interaction of mushroom pathogenic Pseudomonads	CentAUR (University of Reading)	Nathaniel Storey
10.1007/978-1-4939-8944-7_15	2018	Genotyping-by-Sequencing on the Ion Torrent Platform in Barley	Methods in molecular biology	Amina Abed, Gaétan Légaré, Sonia Pomerleau, Jérôme St‐Cyr, Brian W. Boyle, Francois J. Belzile
10.3897/mycokeys.39.28109	2018	Great differences in performance and outcome of high-throughput sequencing data analysis platforms for fungal metabarcoding	MycoKeys	Sten Anslan, R. Henrik Nilsson, Christian Wurzbacher, Petr Baldrián, Leho Tedersoo, Mohammad Bahram
10.1038/s41598-018-31696-9	2018	Groucho related gene 5 (GRG5) is involved in embryonic and neural stem cell state decisions	Scientific Reports	Konstantina Chanoumidou, Christiana Hadjimichael, Paraskevi Athanasouli, Henrik Ahlenius, Antonios Klonizakis, Christoforos Nikolaou, Elias Drakos, Antonis Kostouros, Irene Stratidaki, Maria E. Grigoriou, Androniki Kretsovali
10.1093/database/bay084	2018	Growing and cultivating the forest genomics database, TreeGenes	Database	Taylor Falk, Nic Herndon, Emily S Grau, Sean A. Buehler, Peter Rolf Richter, Sumaira Zaman, Eliza M Baker, Risharde Ramnath, Stephen Patrick Ficklin, Margaret E. Staton, Frank Alex Feltus, Sook Jung, Doreen Main, Jill Wegrzyn
10.1002/aah.10047	2018	Health Characteristics and Blood Bacterial Assemblages of Healthy Captive Red Drum: Implications for Aquaculture and Fish Health Management	Journal of Aquatic Animal Health	Andrea M. Tarnecki, Nicole R. Rhody, Catherine J. Walsh
10.1007/978-1-4939-7834-2_15	2018	High Throughput Sequencing-Based Approaches for Gene Expression Analysis	Methods in molecular biology	Radhika Reddy, Meera Ramanujam
10.1074/mcp.ra118.001111	2018	High-throughput Identification of FLT3 Wild-type and Mutant Kinase Substrate Preferences and Application to Design of Sensitive In Vitro Kinase Assay Substrates	Molecular & Cellular Proteomics	Minervo Perez, John F. Blankenhorn, Kevin J. Murray, Laurie L. Parker
10.3791/58030	2018	High-throughput Identification of Gene Regulatory Sequences Using Next-generation Sequencing of Circular Chromosome Conformation Capture (4C-seq)	Journal of Visualized Experiments	Erin A. Brettmann, Inez Y. Oh, Cristina de Guzman Strong
10.1101/457689	2018	High-throughput identification of FLT3 wild-type and mutant kinase substrate preferences and application to design of sensitive in vitro kinase assay substrates	bioRxiv (Cold Spring Harbor Laboratory)	Minervo Perez, John F. Blankenhorn, Kevin J. Murray, Laurie L. Parker
10.1186/s12864-018-5187-7	2018	High-throughput sequencing of sorted expression libraries reveals inhibitors of bacterial cell division	BMC Genomics	Daniel G. Mediati, Catherine Burke, Shirin Ansari, Elizabeth J. Harry, Iain G. Duggin
10.1080/24701394.2018.1455189	2018	High-throughput terrestrial biodiversity assessments: mitochondrial metabarcoding, metagenomics or metatranscriptomics?	Mitochondrial DNA Part A	John‐James Wilson, Guo-Jie Brandon-Mong, Han Ming Gan, Kong‐Wah Sing
10.1261/rna.065508.117	2018	HnRNP L represses cryptic exons	RNA	Sean P. McClory, Kristen W. Lynch, Jonathan P. Ling
10.1111/jeb.13265	2018	Host association influences variation at salivary protein genes in the bat ectoparasite Cimex adjunctus	Journal of Evolutionary Biology	Benoit Talbot, Maarten J. Vonhof, Hugh G. Broders, M. Brock Fenton, Nusha Keyghobadi
10.70675/3a86b73bz8067z4a69z87e7zd47c39e54076	2018	Hétérogénéité spatio-temporelle du microbiote de la grotte de Lascaux		Lise Alonso
10.1093/bioinformatics/bty090	2018	IWTomics: testing high-resolution sequence-based ‘Omics’ data at multiple locations and scales	Bioinformatics	Marzia Angela Cremona, Alessia Pini, Fabio Cumbo, Kateryna D. Makova, Francesca Chiaromonte, Simone Vantini
10.1094/pdis-09-17-1425-re	2018	Identification and Characterization of Citrus Chlorotic Spot Virus, a New Dichorhavirus Associated with Citrus Leprosis-Like Symptoms	Plant Disease	Camila Chabi‐Jesus, Pedro Luis Ramos‐González, Aline D. Tassi, Orlene Guerra‐Peraza, E. W. Kitajima, Ricardo Harakava, José Evando Aguiar Beserra, Renato Barbosa Salaroli, Juliana Freitas‐Astúa
10.1371/journal.pgen.1007287	2018	Identification and characterization of wheat stem rust resistance gene Sr21 effective against the Ug99 race group at high temperature	PLoS Genetics	Shisheng Chen, Wenjun Zhang, Stephen Bolus, Matthew N. Rouse, Jorge Dubcovsky
10.1007/978-3-030-00840-6_29	2018	Identification of Factors that Affect Reproducibility of Mutation Calling Methods in Data Originating from the Next-Generation Sequencing	Communications in computer and information science	Roman Jaksik, Krzysztof Psiuk-Maksymowicz, Andrzej Świerniak
10.1159/000484898	2018	Identification of Immunoglobulin E-Binding Proteins of the Xerophilic Fungus Aspergillus penicillioides Crude Mycelial Mat Extract and Serological Reactivity Assessment in Subjects with Different Allergen Reactivity Profiles	International Archives of Allergy and Immunology	Joenice González De León, Ricardo R. Gonzalez-Mendez, Carmen Lydia Cadilla, Felix Emanuel Rivera-Mariani, Benjamín Bolaños-Rosero
10.1007/978-1-4939-7634-8_5	2018	Identification of New Bacterial Small RNA Targets Using MS2 Affinity Purification Coupled to RNA Sequencing	Methods in molecular biology	Marie‐Claude Carrier, Guillaume Laliberté, Éric Massé
10.1002/mc.22818	2018	Identification of chromatin‐accessible domains in non‐alcoholic steatohepatitis‐derived hepatocellular carcinoma	Molecular Carcinogenesis	Mekonnen Lemma Dechassa, Volodymyr Tryndyak, Aline de Conti, Wenming Xiao, Frederick A. Beland, Igor P. Pogribny
10.1038/s10038-018-0504-1	2018	Identification of novel pathogenic variants and novel gene-phenotype correlations in Mexican subjects with microphthalmia and/or anophthalmia by next-generation sequencing	Journal of Human Genetics	Diana Matías-Pérez, Leopoldo A. García‐Montaño, Marisa Cruz‐Aguilar, Iván Antonio García-Montalvo, Jessica Nava-Valdéz, Tania Barragán-Arévalo, Cristina Villanueva‐Mendoza, Camilo E. Villarroel, Clavel Guadarrama-Vallejo, Rocío Villafuerte-de la Cruz, Oscar Francisco Chacon-Camacho, Juan Carlos Zent
10.1038/sdata.2018.15	2018	ImmPort, toward repurposing of open access immunological assay data for translational and clinical research	Scientific Data	Sanchita Bhattacharya, Patrick  J. Dunn, Cristel G. Thomas, Barry Smith, Henry Schaefer, Jieming Chen, Zicheng Hu, Kelly A. Zalocusky, Ravi Shankar, Shai S. Shen-Orr, Elizabeth Thomson, Jeffrey A. Wiser, Atul Janardhan Butte
10.1371/journal.pone.0192233	2018	Impact of the choice of reference genome on the ability of the core genome SNV methodology to distinguish strains of Salmonella enterica serovar Heidelberg	PLoS ONE	Valentine Usongo, Chrystal L. Berry, Khadidja Yousfi, Florence Doualla‐Bell, Geneviève Labbé, Roger Paul Johnson, Éric Fournier, Celine A. Nadon, Lawrence D. Goodridge, Sadjia Békal
10.3389/fendo.2018.00716	2018	Impacts of Diet and Exercise on Maternal Gut Microbiota Are Transferred to Offspring	Frontiers in Endocrinology	Shyam Prakaash Bhagavata Srinivasan, Mukesh Raipuria, Hasnah Bahari, Nadeem O. Kaakoush, Margaret J. Morris
10.4172/jcsb.1000272	2018	Implementation of a Reproducible, Accessible and Transparent RNA-seq Bioinformatics Pipeline within the Galaxy Platform	Journal of Computer Science & Systems Biology	Thahmina A. Ali, Baekdoo Kim, Carlos Lijeron, Changsu Dong, Claudia Wultsch, Konstantinos Krampis
10.1007/s00335-018-9762-7	2018	In silico mapping of quantitative trait loci (QTL) regulating the milk ionome in mice identifies a milk iron locus on chromosome 1	Mammalian Genome	Darryl L. Hadsell, Louise A. Hadsell, Monique Rijnkels, Yareli Carcamo-Bahena, Jerry Wei, Peter M Williamson, Michael A. Grusak
10.1038/s41586-018-0253-5	2018	Induction of innate immune memory via microRNA targeting of chromatin remodelling factors	Nature	John J. Seeley, Rebecca G. Baker, Mohamed Ghait, Tony Bruns, Matthew S. Hayden, Sachin D. Deshmukh, Daniel E. Freedberg, Sankar Ghosh
10.1105/tpc.18.00205	2018	Inferring Roles in Defense from Metabolic Allocation of Rice Diterpenoids	The Plant Cell	Xuan Lu, Juan Zhang, Benjamin C. Brown, Riqing Li, Julio Rodríguez‐Romero, Aileen Berasategui, Bo Liu, Meimei Xu, Dangping Luo, Zhiqiang Pan, Scott R. Baerson, Jonathan Gershenzon, Zhaohu Li, Ane Sesma, Bing Yang, Reuben J. Peters
10.1101/330167	2018	Inhibition of classical and alternative modes of respiration in C. albicans leads to cell wall remodelling and increased macrophage recognition	bioRxiv (Cold Spring Harbor Laboratory)	Lucian Duvenage, Louise A. Walker, Aleksandra Bojarczuk, Simon Andrew Johnston, Donna M. MacCallum, Carol A. Munro, Campbell W. Gourlay
10.3389/fninf.2018.00091	2018	Integration of “omics” Data and Phenotypic Data Within a Unified Extensible Multimodal Framework	Frontiers in Neuroinformatics	Samir Das, Xavier Boucher, Christine Rogers, Carolina Makowski, François Chouinard-Decorte, Kathleen Klein, Natacha Beck, Pierre Rioux, Shawn T. Brown, Zia Mohaddes, Cole Zweber, Victoria Foing, Marie Forest, Kieran J. O’Donnell, Joanne Clark, Michael Joseph Meaney, Celia M.T. Greenwood, Alan Charle
10.1371/journal.pcbi.1006341	2018	Interactive implementations of thermodynamics-based RNA structure and RNA–RNA interaction prediction approaches for example-driven teaching	PLoS Computational Biology	Martin Raden, Mostafa Mahmoud Mohamed, Syed Mohsin Ali, Rolf Backofen
10.1016/j.rgmxen.2018.08.005	2018	Intestinal microbiota assessment in cirrhotic patients from a Mexican mestizo population	Revista de Gastroenterología de México (English Edition)	Carlos Pérez‐Monter, Ivonne Escalona-Nández, Alma Estanes-Hernández, Lilia G Noriega‐López, Aldo Torre-Delgadillo
10.1016/j.joms.2018.09.014	2018	Intratumoral Heterogeneity in Recurrent Metastatic Squamous Cell Carcinoma of the Oral Cavity: New Perspectives Afforded by Multiregion DNA Sequencing and mtDNA Analysis	Journal of Oral and Maxillofacial Surgery	Andrea Gabusi, Davide Bartolomeo Gissi, Achille Tarsitano, Sofia Asioli, Claudio Marchetti, Lucio Montebugnoli, Maria Pia Foschini, Luca Morandi
10.1101/373357	2018	Is it possible to reconstruct an accurate cell lineage using CRISPR recorders?	bioRxiv (Cold Spring Harbor Laboratory)	Irepan Salvador‐Martínez, Marco Grillo, Michalis Averof, Maximilian J. Telford
10.1038/s41477-018-0160-7	2018	KIRA1 and ORESARA1 terminate flower receptivity by promoting cell death in the stigma of Arabidopsis	Nature Plants	Zhen Gao, Anna Daneva, Yuliya Salanenka, Matthias Van Durme, Marlies Huysmans, Zongcheng Lin, Freya De Winter, Steffen Vanneste, Mansour Karimi, Jan Van de Velde, Klaas Vandepoele, Davy Van de Walle, Koen Dewettinck, Bart N. Lambrecht, Moritz K. Nowack
10.1101/314302	2018	LRH-1 Mitigates Intestinal Inflammatory Disease by Maintaining Epithelial Homeostasis and Cell Survival	bioRxiv (Cold Spring Harbor Laboratory)	James R. Bayrer, Hongtao Wang, Roy Nattiv, Miyuki Suzawa, Hazel S. Escusa, Robert J. Fletterick, Ophir D. Klein, David D. Moore, Holly A. Ingraham
10.1038/s41467-018-06137-w	2018	LRH-1 mitigates intestinal inflammatory disease by maintaining epithelial homeostasis and cell survival	Nature Communications	James R. Bayrer, Hongtao Wang, Roy Nattiv, Miyuki Suzawa, Hazel S. Escusa, Robert J. Fletterick, Ophir D. Klein, David D. Moore, Holly A. Ingraham
10.1101/472464	2018	Laniakea: an open solution to provide Galaxy “on-demand” instances over heterogeneous cloud infrastructures	bioRxiv (Cold Spring Harbor Laboratory)	Marco Antonio Tangaro, Giacinto Donvito, Marica Antonacci, Matteo Chiara, Pietro Mandreoli, Graziano Pesole, Federico Zambelli
10.1073/pnas.1714770115	2018	Laterally confined growth of cells induces nuclear reprogramming in the absence of exogenous biochemical factors	Proceedings of the National Academy of Sciences	Bibhas Roy, Saradha Venkatachalapathy, Prasuna Ratna, Yejun Wang, Doorgesh Sharma Jokhun, Mallika Nagarajan, G. V. Shivashankar
10.1145/3219104.3219165	2018	Leveraging OpenStack and Ceph for a Controlled-Access Data Cloud		Evan F. Bollig, Graham T. Allan, Benjamin J. Lynch, Yectli A. Huerta, Mathew Mix, Edward A. Munsell, Raychel M. Benson, Brent Swartz
10.11606/t.55.2018.tde-18102018-145713	2018	MDAPSP - Uma arquitetura modular distribuída para auxílio à predição de estruturas de proteínas		Edvard Martins de Oliveira
10.12688/f1000research.13204.2	2018	META-pipe cloud setup and execution	F1000Research	Aleksandr Agafonov, Kimmo J. Mattila, Cuong Duong Tuan, Lars Tiede, Inge Alexander Raknes, Lars Ailo Bongo
10.1016/j.softx.2018.02.003	2018	MICA: Multiple interval-based curve alignment	SoftwareX	Martin Mann, Hans‐Peter Kahle, Matthias Beck, Bela Johannes Bender, Heinrich Spiecker, Rolf Backofen
10.1016/bs.mie.2018.08.022	2018	MS2-Affinity Purification Coupled With RNA Sequencing Approach in the Human Pathogen Staphylococcus aureus	Methods in enzymology on CD-ROM/Methods in enzymology	David Lalaouna, Emma Desgranges, Isabelle Caldelari, Stefano Marzi
10.7717/peerj.5895	2018	MTBseq: a comprehensive pipeline for whole genome sequence analysis of Mycobacterium tuberculosis complex isolates	PeerJ	Thomas Andreas Kohl, Christian Utpatel, Viola Schleusener, Maria Rosaria De Filippo, Patrick Beckert, Daniela María Cirillo, Stefan Niemann
10.1038/bjc.2017.421	2018	MTOR inhibitor-based combination therapies for pancreatic cancer	British Journal of Cancer	Zonera Hassan, Christian Schneeweis, Matthias Wirth, Christian Veltkamp, Zahra Dantes, Benedikt Feuerecker, Guralp Onur Ceyhan, Shirley K. Knauer, Wilko Weichert, Roland Michael Schmid, Roland H. Stauber, Alexander Arlt, Oliver Holger Krämer, Roland Rad, Maximilian Reichert, Dieter Saur, Günter Schn
10.1101/248724	2018	MaREA: Metabolic feature extraction, enrichment and visualization of RNAseq data	bioRxiv (Cold Spring Harbor Laboratory)	Alex Graudenzi, Davide Maspero, Claudio Isella, Marzia Di Filippo, Giancarlo Mauri, Enzo Médico, Marco Antoniotti, Chiara Damiani
10.3390/nu10091155	2018	Main Human Urinary Metabolites after Genipap (Genipa americana L.) Juice Intake	Nutrients	Livia Dickson, Mathieu Tenon, Ljubica Svilar, Pascale Fança‐Berthon, Raphaël Lugan, Jean‐Charles Martin, Fabrice Eric Vaillant, Herve Louis Ghislain Rogez
10.7554/elife.33099	2018	Metabolic interactions between dynamic bacterial subpopulations	eLife	Adam Rosenthal, Yutao Qi, Sahand Hormoz, Jin Park, Hsin‐Jung Li, Michael B. Elowitz
10.1016/b978-0-12-809633-8.20251-3	2018	Metabolome Analysis	Elsevier eBooks	Saravanan Dayalan, Jianguo Xia, Rachel Spicer, Reza M. Salek, Ute Roessner
10.1101/330373	2018	Metagenomic analysis suggests broad metabolic potential in extracellular symbionts of the bivalve Thyasira cf. gouldi	bioRxiv (Cold Spring Harbor Laboratory)	Bonita McCuaig, Lourdes Peña‐Castillo, Suzanne C. Dufour
10.4109/jslab.29.79	2018	Methods for analyzing next-generation sequencing data XII.Galaxy - Sharing histories and workflows	Japanese Journal of Lactic Acid Bacteria	Tomoko Terada, Tazro Ohta, Kentaro K. Shimizu, Koji Kadota
10.1128/jvi.01057-18	2018	MicroRNA hsa-miR-324-5p Suppresses H5N1 Virus Replication by Targeting the Viral PB1 and Host CUEDC2	Journal of Virology	Ashish Kumar, Akhilesh Kumar, Harshad Ingle, Sushil Kumar, Richa Mishra, Mahendra Kumar Verma, Debasis Biswas, Nachimuthu Senthil Kumar, Anamika Mishra, Ashwin Ashok Raut, Akinori Takaoka, Himanshu Kumar
10.1038/nature25460	2018	Mitochondrial translation requires folate-dependent tRNA methylation	Nature	Raphael J. Morscher, Gregory S. Ducker, Hsin‐Jung Li, Johannes Mayer, Zemer Gitai, Wolfgang Sperl, Joshua D. Rabinowitz
10.1101/399659	2018	Modeling motor neuron resilience in ALS using stem cells	bioRxiv (Cold Spring Harbor Laboratory)	Ilary Allodi, Jik Nijssen, Julio Aguila Benitez, Christoph Schweingruber, Andrea Fuchs, Gillian Bonvicini, Ming Rong Cao, Ole Kiehn, Eva Hedlund
10.1159/000493638	2018	Modern Information Technology for Cancer Research: What’s in IT for Me? An Overview of Technologies and Approaches	Oncology	Janko Ahlbrandt, Martin Lablans, Katrin Glocker, Sophia Stahl-Toyota, Klaus Hermann Maier-Hein, Lena Maier‐Hein, Frank Ückert
10.1534/genetics.118.300977	2018	Modulation of Gq-Rho Signaling by the ERK MAPK Pathway Controls Locomotion in Caenorhabditis elegans	Genetics	Brantley Coleman, Irini Topalidou, Michael Ailion
10.1101/258673	2018	Modulation of neuronal resilience during aging by Hsp70/Hsp90/STI1 chaperone system	bioRxiv (Cold Spring Harbor Laboratory)	Rachel E. Lackie, Abdul Razzaq, Sali M.K. Farhan, Gilli Moshitzky, Flávio H. Beraldo, Marilene Hohmuth Lopes, Andrzej Maciejewski, Robert Gros, Jue Fan, Wing‐Yiu Choy, David Greenberg, Vilma Regina Martins, Martin L. Duennwald, Hermona Soreq, Marco A. M. Prado, Marco A. M. Prado
10.1002/stem.2895	2018	Molecular Programming of Perivascular Stem Cell Precursors	Stem Cells	Val Yianni, Paul Thomas Sharpe
10.1016/j.jbi.2018.08.003	2018	Molecular property diagnostic suite for diabetes mellitus (MPDSDM): An integrated web portal for drug discovery and drug repurposing	Journal of Biomedical Informatics	Anamika Singh Gaur, Selvaraman Nagamani, Karunakar Tanneeru, Dmitry S. Druzhilovskiy, Anastasia V. Rudik, Владимир Васильевич Поройков, Garikapati Narahari Sastry
10.17660/actahortic.2018.1229.6	2018	Monitoring dormancy release in fruit trees and ornamentals by RNA sequencing and its implications for horticulture	Acta Horticulturae	Peter A. Balk, Frank A. Hoeberichts, N.J. Verhoef, A.M. Schumacher-Strijker, T.G.M. Aanhane
10.1126/science.aao0645	2018	Morphogen gradient reconstitution reveals Hedgehog pathway design principles	Science	Pulin Li, Joseph S. Markson, Sheng Wang, Siheng Chen, Vipul T. Vachharajani, Michael B. Elowitz
10.1007/s10620-018-5403-y	2018	Multifocal Versus Conventional Unifocal Diverticulitis: A Comparison of Clinical and Transcriptomic Characteristics	Digestive Diseases and Sciences	Bryan P. Kline, Kathleen M. Schieffer, Christine S. Choi, Tara M. Connelly, Jeffrey W. Chen, Leonard Harris, Sue M. Deiling, Gregory S. Yochum, Walter A. Koltun
10.1038/s41579-018-0116-y	2018	Mycobiome diversity: high-throughput sequencing and identification of fungi	Nature Reviews Microbiology	R. Henrik Nilsson, Sten Anslan, Mohammad Bahram, Christian Wurzbacher, Petr Baldrián, Leho Tedersoo
10.1101/415398	2018	NOJAH: Not Just Another Heatmap for Genome-Wide Cluster Analysis	bioRxiv (Cold Spring Harbor Laboratory)	Manali Rupji, Bhakti Dwivedi, Jeanne Kowalski
10.1016/j.mce.2018.07.004	2018	NRG1 signalling regulates the establishment of Sertoli cell stock in the mouse testis	Molecular and Cellular Endocrinology	Elodie P. Gregoire, Isabelle Stévant, Anne‐Amandine Chassot, Luc Martin, Simon Lachambre, Magali Mondin, Dirk G. de Rooij, Serge Nef, Marie‐Christine Chaboissier
10.5282/o-bib/2018h3s32-45	2018	Nachträglich ist nicht gleich nachnutzbar: Ansätze für integrierte Prozessdokumentation im Forschungsalltag	DOAJ (DOAJ: Directory of Open Access Journals)	Sibylle Hermann, Uli Hahn, Markus Gärtner, Florian Fritze
10.1111/1462-2920.14479	2018	New archaeal viruses discovered by metagenomic analysis of viral communities in enrichment cultures	Environmental Microbiology	Ying Liu, David Brandt, Sonoko Ishino, Yoshizumi Ishino, Eugene V. Koonin, Jörn Kalinowski, Mart Krupovìč, David Prangishvili
10.18174/463307	2018	Next generation DNA sequencing based strategies; towards a new era for the traceability of endangered species and genetically modified organisms		Alfred J. Arulandhu
10.1002/ajmg.a.40524	2018	Next generation sequencing‐based molecular diagnosis in familial congenital cataract expands the mutational spectrum in known congenital cataract genes	American Journal of Medical Genetics Part A	Mirena C. Astiazarán, Leopoldo A. García‐Montaño, Francisco Sánchez‐Moreno, Humberto Matiz‐Moreno, Juan Carlos Zenteno
10.1016/j.leukres.2018.10.009	2018	Next-generation antigen receptor sequencing of paired diagnosis and relapse samples of B-cell acute lymphoblastic leukemia: Clonal evolution and implications for minimal residual disease target selection	Leukemia Research	Prisca M. J. Theunissen, Maaike de Bie, David van Zessen, Válerie de Haas, Andrew Stubbs, Vincent H. J. van der Velden
10.12688/f1000research.15119.1	2018	Norwegian e-Infrastructure for Life Sciences (NeLS)	F1000Research	Kidane Tekle, Sveinung Gundersen, Kjetil Klepper, Lars Ailo Bongo, Inge Alexander Raknes, Xiaxi Li, Zhang Wei, Christian Andreetta, Teshome Dagne Mulugeta, Matúš Kalaš, Morten B. Rye, Erik Hjerde, Jeevan Karloss Antony Samy, Ghislain Fornous, Abdulrahman A. Azab, Dag Inge Våge, Eivind J. Hovig, Nils
10.1016/bs.mie.2018.09.006	2018	On the Prowl: An In Vivo Method to Identify RNA Partners of a sRNA	Methods in enzymology on CD-ROM/Methods in enzymology	Marie‐Claude Carrier, Claire Morin, Éric Massé
10.1016/j.procs.2018.08.043	2018	On the development of an open and collaborative bioinformatics research environment	Procedia Computer Science	Alexandros Kanterakis, Nikos I. Karacapilidis, Lefteris Koumakis, George Potamias
	2018	OpenMinTeD: A Platform Facilitating Text Mining of Scholarly Content	Open Research Online (The Open University)	Penny Labropoulou, Dimitrios Galanis, Antonis Lempesis, Mark Greenwood, Petr Knoth, Richard Eckart de Castilho, Stavros Sachtouris, Byron Georgantopoulos, Lucas Anastasiou, Stefania Martziou, Katerina Gkirtzou, Natalia Manola, Stelios Piperidis
10.2983/035.037.0406	2018	Opportunities in Functional Genomics: A Primer on Lab and Computational Aspects	Journal of Shellfish Research	Steven Roberts, Mackenzie R. Gavery
10.2807/1560-7917.es.2018.23.10.17-00155	2018	Outbreak of febrile gastroenteritis caused by Listeria monocytogenes 1/2a in sliced cold beef ham, Italy, May 2016	Eurosurveillance	Cristiana Maurella, Silvia Gallina, Giuseppe Ru, Daniela Adriano, Alberto Bellio, Daniela Manila Bianchi, Laura Chiavacci, Maria Ines Crescio, Margherita Croce, Valeria D'Errico, Maria Franca Dupont, Alessandro Maria Marra, Ubaldo Natangelo, Francesco Pomilio, Angelo Romano, Stefano Stanzione, Teres
10.1093/bioinformatics/bty820	2018	Parkour LIMS: high-quality sample preparation in next generation sequencing	Bioinformatics	Evgeny Anatskiy, Devon Patrick Ryan, Björn Andreas Grüning, Laura Arrigoni, Thomas Manke, Ulrike Bönisch
	2018	Parsl: Scalable parallel scripting in python	CEUR Workshop Proceedings	Yadu Babuji, Kyle Chard, Ian T Foster, Daniel S. Katz, Mike Wilde, Anna Elizabeth Woodard, Justin M. Wozniak
10.7554/elife.37750	2018	Parvovirus minute virus of mice interacts with sites of cellular DNA damage to establish and amplify its lytic infection	eLife	Kinjal Majumder, Juexin Wang, Maria Boftsi, Matthew S. Fuller, Jordan E. Rede, Trupti Joshi, David J. Pintel
10.1093/bioinformatics/bty1003	2018	Pathogen–Host Analysis Tool (PHAT): an integrative platform to analyze next-generation sequencing data	Bioinformatics	Christopher M. Gibb, Robert B. Jackson, Sabah Mohammed, Jinan Fiaidhi, Ingeborg Zehbe
10.7287/peerj.5853v0.1/reviews/1	2018	Peer Review #1 of "BioInstaller: a comprehensive R package to construct interactive and reproducible biological data analysis applications based on the R platform (v0.1)"		
10.7287/peerj.5853v0.2/reviews/1	2018	Peer Review #1 of "BioInstaller: a comprehensive R package to construct interactive and reproducible biological data analysis applications based on the R platform (v0.2)"		
10.7287/peerj.5895v0.1/reviews/1	2018	Peer Review #1 of "MTBseq: a comprehensive pipeline for whole genome sequence analysis of Mycobacterium tuberculosis complex isolates (v0.1)"		
10.7287/peerj.5895v0.2/reviews/1	2018	Peer Review #1 of "MTBseq: a comprehensive pipeline for whole genome sequence analysis of Mycobacterium tuberculosis complex isolates (v0.2)"		
10.7287/peerj.5735v0.1/reviews/1	2018	Peer Review #1 of "Ultraconserved elements (UCEs) illuminate the population genomics of a recent, high-latitude avian speciation event (v0.1)"		
10.7287/peerj.5853v0.1/reviews/2	2018	Peer Review #2 of "BioInstaller: a comprehensive R package to construct interactive and reproducible biological data analysis applications based on the R platform (v0.1)"		
10.7287/peerj.5853v0.2/reviews/2	2018	Peer Review #2 of "BioInstaller: a comprehensive R package to construct interactive and reproducible biological data analysis applications based on the R platform (v0.2)"		
10.7287/peerj.5895v0.1/reviews/2	2018	Peer Review #2 of "MTBseq: a comprehensive pipeline for whole genome sequence analysis of Mycobacterium tuberculosis complex isolates (v0.1)"		
10.7287/peerj.5895v0.2/reviews/2	2018	Peer Review #2 of "MTBseq: a comprehensive pipeline for whole genome sequence analysis of Mycobacterium tuberculosis complex isolates (v0.2)"		
10.7287/peerj.5735v0.1/reviews/2	2018	Peer Review #2 of "Ultraconserved elements (UCEs) illuminate the population genomics of a recent, high-latitude avian speciation event (v0.1)"		
10.7287/peerj.5735v0.2/reviews/2	2018	Peer Review #2 of "Ultraconserved elements (UCEs) illuminate the population genomics of a recent, high-latitude avian speciation event (v0.2)"		
10.7287/peerj.5735v0.3/reviews/2	2018	Peer Review #2 of "Ultraconserved elements (UCEs) illuminate the population genomics of a recent, high-latitude avian speciation event (v0.3)"		
10.7287/peerj.5895v0.2/reviews/3	2018	Peer Review #3 of "MTBseq: a comprehensive pipeline for whole genome sequence analysis of Mycobacterium tuberculosis complex isolates (v0.2)"		
10.1101/409151	2018	PhenoMeNal: Processing and analysis of Metabolomics data in the Cloud	bioRxiv (Cold Spring Harbor Laboratory)	Kristian Peters, James Bradbury, Sven M. Bergmann, Marco Capuccini, Marta Cascante, Pedro de Atauri, Timothy M. D. Ebbels, Carles Foguet, Robert Charles Glen, Alejandra N Gonzalez-Beltran, Ulrich Guenther, Evangelos Handakas, Thomas Hankemeier, Kenneth Haug, Stephanie Herman, Petr Holub, Massimilian
10.1093/gigascience/giy149	2018	PhenoMeNal: processing and analysis of metabolomics data in the cloud	GigaScience	Kristian Peters, James Bradbury, Sven M. Bergmann, Marco Capuccini, Marta Cascante, Pedro de Atauri, Timothy M. D. Ebbels, Carles Foguet, Robert Charles Glen, Alejandra N Gonzalez-Beltran, Ulrich L. Günther, Evangelos Handakas, Thomas Hankemeier, Kenneth Haug, Stephanie Herman, Petr Holub, Massimili
10.1007/s10750-018-3678-9	2018	Phylogenetic annotation and genomic architecture of opsin genes in Crustacea	Hydrobiologia	Jorge L. Pérez‐Moreno, Danielle M. DeLeo, Ferran Palero, Heather D. Bracken‐Grissom
10.1016/b978-0-12-809633-8.20091-5	2018	Pipeline of High Throughput Sequencing	Elsevier eBooks	Chuang Kee Ong, Qi Bin Kwong, Ai Ling Ong, Huey Ying Heng, Wai Yee Low
10.1101/427724	2018	Pixel: a content management platform for quantitative omics data	bioRxiv (Cold Spring Harbor Laboratory)	Thomas Denecker, William Durand, Julien Maupetit, Charles Hébert, Jean‐Michel Camadro, Pierre Poulain, Gaëlle Lelandais
10.1007/13836_2018_60	2018	Population Genomics: Advancing Understanding of Nature	Population genomics	Gordon Luikart, Marty D. Kardos, Brian K. Hand, Om P. Rajora, Sally N. Aitken, Paul A. Hohenlohe
10.1101/344168	2018	Pou5f3, SoxB1 and Nanog remodel chromatin on High Nucleosome Affinity Regions at Zygotic Genome Activation	bioRxiv (Cold Spring Harbor Laboratory)	Marina Veil, Lev Y. Yampolsky, Björn Andreas Grüning, Daria Onichtchouk
10.1016/j.cels.2018.03.014	2018	Practical Computational Reproducibility in the Life Sciences	Cell Systems	Björn Andreas Grüning, John M. Chilton, Johannes Köster, Ryan Dale, Nicola Soranzo, Marius van den Beek, Jeremy Goecks, Rolf Backofen, ANTON Y NEKRUTENKO, James Taylor
10.1002/aps3.1038	2018	Practical considerations for plant phylogenomics	Applications in Plant Sciences	Michael R. McKain, Matthew G. Johnson, Simon Uribe‐Convers, Deren A. R. Eaton, Ya Jun Yang
	2018	Pre-clinical Strategies to Overcome Drug-Resistant Multiple Myeloma: Predictive Transcriptomics and Targeting the Myeloma Epigenome	University of Minnesota Digital Conservancy (University of Minnesota)	Taylor Harding
10.1089/crispr.2018.0020	2018	Prediction of Human Immunodeficiency Virus Type 1 Subtype-Specific Off-Target Effects Arising from CRISPR-Cas9 Gene Editing Therapy	The CRISPR Journal	Robert W. Link, Michael R. Nonnemacher, Brian L. Wigdahl, Will Dampier
10.1016/j.compbiolchem.2018.08.001	2018	Prediction of novel pluripotent proteins involved in reprogramming of male Germline stem cells (GSCs) into multipotent adult Germline stem cells (maGSCs) by network analysis	Computational Biology and Chemistry	Praveen Kumar Guttula, Anushka Agarwal, Usharani Maharana, Mukesh Kumar Gupta
10.63317/5p8r86btyokb	2018	Preserving Workflow Reproducibility: The RePlay-DH Client as a Tool for Process Documentation		Markus Gärtner, Uli Hahn, Sibylle Hermann
10.1007/s10126-018-9863-z	2018	Production of Lipids and Proteome Variation in a Chilean Thraustochytrium striatum Strain Cultured under Different Growth Conditions	Marine Biotechnology	Carolina Shene, Marcelo Garcés, Daniela Vergara, Jhonatan Peña, Stéphane Claverol, Mónica Rubilar, Allison Leyton
10.1016/b978-0-12-809633-8.20274-4	2018	Proteomics Mass Spectrometry Data Analysis Tools	Elsevier eBooks	Aivett Bilbao Pena
10.1101/280743	2018	Pseudomonas aeruginosa partitioning protein ParB acts as a nucleoid-associated protein binding to multiple copies of a parS -related motif	bioRxiv (Cold Spring Harbor Laboratory)	Adam Kawałek, Aneta Agnieszka Bartosik, Krzysztof Głąbski, Grażyna Jagura‐Burdzy
10.1093/nar/gky257	2018	Pseudomonas aeruginosa partitioning protein ParB acts as a nucleoid-associated protein binding to multiple copies of a parS-related motif	Nucleic Acids Research	Adam Kawałek, Aneta Agnieszka Bartosik, Krzysztof Głąbski, Grażyna Jagura‐Burdzy
	2018	Quantitative Proteomics to Support Translational Cancer Research	Digital Commons - University of South Florida (University of South Florida)	Melissa A. Hoffman
10.1371/journal.ppat.1007441	2018	Quantitative RNAseq analysis of Ugandan KS tumors reveals KSHV gene expression dominated by transcription from the LTd downstream latency promoter	PLoS Pathogens	Timothy M. Rose, A. Gregory Bruce, Serge Barcy, Matt Fitzgibbon, Lisa R Matsumoto, Minako Ikoma, Corey Casper, Jackson Orem, Warren T. Phipps
10.1080/21541264.2018.1506682	2018	R1retrotransposons in the nucleolar organizers ofDrosophila melanogasterare transcribed by RNA polymerase I upon heat shock	Transcription	Himanshu S. Raje, Molly E. Lieux, Patrick J. DiMario
10.3168/jds.2018-15516	2018	RNA sequencing differential gene expression analysis of isolated perfused bovine udders experimentally inoculated with Streptococcus agalactiae	Journal of Dairy Science	Ana Paula Sbardella, M.M.D.C.A. Weller, Isabela Fonseca, Nedenia Bonvino Stafuzza, Priscila Arrigucci Bernardes, F.F. e Silva, Marcos Vinícius Gualberto Barbosa da Silva, Marta Fonseca Martins, Danísio Prado Munari
10.1101/349159	2018	Rapid and sensitive virulence prediction and identification of Newcastle disease virus genotypes using third-generation sequencing	bioRxiv (Cold Spring Harbor Laboratory)	Salman Latif Butt, Tonya L. Taylor, Jeremy D. Volkening, Kiril M. Dimitrov, Dawn Williams-Coplin, Kevin K. Lahmers, Asif Masood Rana, David L. Suarez, Claudio L. Afonso, Adrian Marchetti
10.1186/s12985-018-1077-5	2018	Rapid virulence prediction and identification of Newcastle disease virus genotypes using third-generation sequencing	Virology Journal	Salman Latif Butt, Tonya L. Taylor, Jeremy D. Volkening, Kiril M. Dimitrov, Dawn Williams-Coplin, Kevin K. Lahmers, Patti J. Miller, Asif Masood Rana, David L. Suarez, Claudio L. Afonso, James B. Stanton
10.1016/j.ajhg.2018.04.008	2018	Recessive Spondylocarpotarsal Synostosis Syndrome Due to Compound Heterozygosity for Variants in MYH3	The American Journal of Human Genetics	Sophia Cameron‐Christie, Constance F. Wells, Marleen Simon, Marja W. Wessels, Candy Z.N. Tang, Wenhua Wei, Riku Takei, Coranne Aarts-Tesselaar, Sarah A. Sandaradura, David Owen Sillence, Marie‐Pierre Cordier, Hermine E. Veenstra‐Knol, Matteo Cassina, Kathrin Ludwig, Eva Trevisson, Melanie Bahlo, Dav
10.1097/qad.0000000000002051	2018	Reconstitution of HIV-1 reservoir following high-dose chemotherapy/autologous stem cell transplantation for lymphoma	AIDS	Héloïse M Delagreverie, Laurence Gérard, Antoine Chaillon, Marie Roelens, Lounes Djerroudi, Maud Salmona, Jérôme Larghero, Lionel Galicier, François Simon, Éric Oksenhendler, Hélène Moins‐Teisserenc, Constance Delaugerre
10.1080/03008207.2017.1412432	2018	Regulation of osteogenesis by long noncoding RNAs: An epigenetic mechanism contributing to bone formation	Connective Tissue Research	Coralee E. Tye, Joseph R. Boyd, Natalie A. Page, Michelle M. Falcone, Janet L. Stein, Gary S. Stein, Jane B. Lian
10.1101/268755	2018	Reproducible big data science: A case study in continuous FAIRness	bioRxiv (Cold Spring Harbor Laboratory)	Ravi Madduri, Kyle Chard, Mike D’ Arcy, Segun C. Jung, Alexis Rodriguez, Dinanath Sulakhe, Eric W. Deutsch, Cory C. Funk, Ben Heavner, Matthew A. Richards, Paul T. Shannon, Gustavo Glusman, Nathan D. Price, Carl Kesselman, Ian T Foster
10.1186/s12014-018-9188-y	2018	Reproducible proteomics sample preparation for single FFPE tissue slices using acid-labile surfactant and direct trypsinization	Clinical Proteomics	Melanie Christine Föll, Matthias Fahrner, Victor Oginga Oria, Markus Kühs, Martin Lothar Biniossek, Martin Werner, Peter Bronsert, Oliver Schilling
10.1007/s12065-018-0195-8	2018	Research on cloud computing in the resource sharing system of university library services	Evolutionary Intelligence	Ningning Sun, Yong Li, Lihua Ma, Wenyong Chen, Dunn Cynthia
10.1101/272179	2018	RiboTag translatomic profiling of Drosophila oenocytes under aging and oxidative stress	bioRxiv (Cold Spring Harbor Laboratory)	Kerui Huang, Wenhao Chen, Fang Zhu, Hua Bai
10.1101/358754	2018	Rice Galaxy: an open resource for plant science	bioRxiv (Cold Spring Harbor Laboratory)	Venice Margarette Juanillas, Alexis Dereeper, Nicolas Beaume, Gaëtan Droc, Joshua Gregor A. Dizon, John Robert Mendoza, Jon Peter Perdon, Locedie Mansueto, Lindsay R. Triplett, Jillian M. Lang, Gabriel Zhou, Kunalan Ratharanjan, Beth Plale, Jason Haga, Jan E. Leach, Manuel Ruíz, Michael J.S. Thomson
10.1002/jcb.26675	2018	Role of miR‐203 in estrogen receptor‐mediated signaling in the rat uterus and endometrial carcinoma	Journal of Cellular Biochemistry	Oliver Zierau, Janina Helle, Sabina Schadyew, Yanni Morgenroth, Martin Bentler, Alexander Hennig, Sridar V. Chittur, Martin Tenniswood, Georg Kretzschmar
10.70675/0be62982z380ez416dzbc04zb92ab61b6e88	2018	Rôle du long ARN non codant Neat1 dans la rythmicité circadienne hypophysaire		Manon Torres
10.1101/313619	2018	SATurn: A modular bioinformatics framework for the design of robust maintainable web-based and standalone applications	bioRxiv (Cold Spring Harbor Laboratory)	David Damerell, Claire M. Strain-Damerell, Sefa Garsot, Stephen Joyce, Paul S. Barrett, Brian D. Marsden
10.1093/bioinformatics/bty549	2018	SATurn: a modular bioinformatics framework for the design of robust maintainable web-based and standalone applications	Bioinformatics	David Damerell, Claire M. Strain-Damerell, Sefa Garsot, Stephen P. Joyce, Paul S. Barrett, Brian D. Marsden
10.1371/journal.pone.0194146	2018	STAT3 precedes HIF1α transcriptional responses to oxygen and oxygen and glucose deprivation in human brain pericytes	PLoS ONE	R. Carlsson, Ílknur Özen, Marco Barbariga, Abderahim Gaceb, Michaela Roth, Gesine Paul
10.1101/426288	2018	SWI/SNF coordinates transcriptional activation through Rpd3-mediated histone hypoacetylation during quiescence entry	bioRxiv (Cold Spring Harbor Laboratory)	Marla M. Spain, Keean C. A. Braceros, Toshio Tsukiyama
10.1002/ece3.4361	2018	Seasonal variation of secondary metabolites in nine different bryophytes	Ecology and Evolution	Kristian Peters, Karin Gorzolka, Helge Bruelheide, Steffen Neumann
10.1002/anie.201804860	2018	Selection of Anti‐gluten DNA Aptamers in a Deep Eutectic Solvent	Angewandte Chemie International Edition	Rossella Svigelj, Nicolò Dossi, Rosanna Toniolo, Rebeca Miranda‐Castro, Noemı́ de-los-Santos-Álvarez, Marı́a Jesús Lobo-Castañón
10.1002/ange.201804860	2018	Selection of Anti‐gluten DNA Aptamers in a Deep Eutectic Solvent	Angewandte Chemie	Rossella Svigelj, Nicolò Dossi, Rosanna Toniolo, Rebeca Miranda‐Castro, Noemı́ de-los-Santos-Álvarez, Marı́a Jesús Lobo-Castañón
10.1016/j.heliyon.2018.e00690	2018	Selection of computational environments for PSP processing on scientific gateways	Heliyon	Edvard Martins de Oliveira, Júlio Cézar Estrella, Alexandre C. B. Delbem, Luiz Henrique Nunes, Henrique Yoshikazu Shishido, Stephan Reiff‐Marganiec
10.1093/jac/dky028	2018	Selection of hyperproduction of AmpC and SME-1 in a carbapenem-resistant Serratia marcescens isolate during antibiotic therapy	Journal of Antimicrobial Chemotherapy	Peera Hemarajata, Thomas Amick, Shangxin Yang, Aric L. Gregson, Cameron Holzmeyer, Karen Bush, Romney M. Humphries
10.1038/s41467-018-07478-2	2018	Selective expansion of myeloid and NK cells in humanized mice yields human-like vaccine responses	Nature Communications	Florian Douam, Carly G.K. Ziegler, Gabriela Hrebikova, Bruno Fant, Robert W. Leach, Lance Parsons, Wei Wang, Jenna M. Gaska, Benjamin Y. Winer, Brigitte L. Heller, Alex K. Shalek, Alexander Ploß
10.1038/s41598-018-35231-8	2018	Sendai Virus Infection Induces Expression of Novel RNAs in Human Cells	Scientific Reports	Roli Mandhana, Curt M. Horvath
10.1101/451369	2018	Sendai Virus Infection Induces Expression of Novel RNAs in Human Cells	bioRxiv (Cold Spring Harbor Laboratory)	Roli Mandhana, Curt M. Horvath
10.1038/s41467-018-07120-1	2018	Sex separation induces differences in the olfactory sensory receptor repertoires of male and female mice	Nature Communications	Carl van der Linden, Susanne Jakob, Pooja Gupta, Catherine G. Dulac, Stephen W. Santoro
10.1007/s00300-018-2427-x	2018	Sex- and developmental-specific transcriptomic analyses of the Antarctic mite, Alaskozetes antarcticus, reveal transcriptional shifts underlying oribatid mite reproduction	Polar Biology	Hannah E. Meibers, Geoffrey Finch, Robert T. Gregg, Sierra Glenn, Keavash D. Assani, Emily C. Jennings, B H Davies, Andrew J. Rosendale, Christopher J. Holmes, J. D. Gantz, Drew E. Spacht, Richard E. Lee Jr., David L. Denlinger, Matthew T. Weirauch, Joshua B. Benoit
10.1371/journal.pbio.3000004	2018	Similarities and differences in the regulation of HoxD genes during chick and mouse limb development	PLoS Biology	Nayuta Yakushiji‐Kaminatsui, Lucille Lopez‐Delisle, Christopher Chase Bolt, Guillaume Andrey, Leonardo L Beccari, Denis Duboule
10.1101/338178	2018	Single-cell transcriptomics identifies CD44 as a new marker and regulator of haematopoietic stem cells development	bioRxiv (Cold Spring Harbor Laboratory)	Morgan Oatley, Özge Vargel Bölükbaşı, Valentine Svensson, Maya Shvartsman, Kerstin Ganter, Katharina Zirngibl, Polina V. Pavlovich, Vladislava Milchevskaya, Vladimira Foteva, Kedar Nath Natarajan, Bianka Baying, Vladimı́r Beneš, Kiran Raosaheb Patil, Sarah Amalia Teichmann, Christophe Lancrin
10.1016/j.stem.2018.06.010	2018	Skeletal Muscle Stem Cells from PSC-Derived Teratomas Have Functional Regenerative Capacity	Cell stem cell	Sunny Sun-Kin Chan, Robert W. Arpke, Antonio Filareto, Ning Xie, Matthew P. Pappas, Jacqueline S. Penaloza, Rita C. R. Perlingeiro, Michael Kyba
10.1093/bioinformatics/bty947	2018	SkeletalVis: an exploration and meta-analysis data portal of cross-species skeletal transcriptomics data	Bioinformatics	Jamie Soul, Tim Hardingham, Ray Boot-Handford, Jean‐Marc Schwartz
10.1073/pnas.1716552115	2018	Spatial mutation patterns as markers of early colorectal tumor cell mobility	Proceedings of the National Academy of Sciences	Marc D. Ryser, Byung-Hoon Min, Kimberly D. Siegmund, Darryl K. Shibata
10.1016/j.ydbio.2018.04.007	2018	Spatial patterns of gene expression are unveiled in the chick primitive streak by ordering single-cell transcriptomes	Developmental Biology	Katie L. Vermillion, Rhonda L. Bacher, Alex P. Tannenbaum, Scott Allen Swanson, Peng Jiang, Li‐Fang Chu, Ron M. Stewart, James Alexander Thomson, David T. Vereide
10.1016/j.celrep.2018.01.084	2018	Spine Patterning Is Guided by Segmentation of the Notochord Sheath	Cell Reports	Susan Wopat, Jennifer J. Bagwell, Kaelyn Sumigray, Amy L. Dickson, Leonie F. A. Huitema, Kenneth D. Poss, Stefan Schulte‐Merker, Michel Bagnat
10.1128/microbiolspec.rwr-0001-2017	2018	Structure and Interaction Prediction in Prokaryotic RNA Biology	Microbiology Spectrum	Patrick Rudolf Wright, Martin Mann, Rolf Backofen
10.1128/9781683670247.ch33	2018	Structure and Interaction Prediction in Prokaryotic RNA Biology	ASM Press eBooks	Patrick Rudolf Wright, Martin Mann, Rolf Backofen
10.1016/j.ymeth.2018.01.018	2018	StructureFold2: Bringing chemical probing data into the computational fold of RNA structural analysis	Methods	David C. Tack, Yin Tang, Laura E. Ritchey, Sarah M. Assmann, Philip C. Bevilacqua
10.11606/t.11.2018.tde-14082018-094015	2018	Sugarcane thi1 homologues: a molecular and functional study		Andréia Prata Vieira
10.1534/genetics.118.301229	2018	Support for the Dominance Theory in Drosophila Transcriptomes	Genetics	Ana Llopart, Evgeny Brud, Nikale Pettie, Josep M. Comeron
10.1101/321455	2018	Support for the dominance theory in Drosophila transcriptomes	bioRxiv (Cold Spring Harbor Laboratory)	Ana Llopart, Evgeny Brud, Nikale Pettie, Josep M. Comeron
10.1534/g3.118.300547	2018	TAS2R38 Predisposition to Bitter Taste Associated with Differential Changes in Vegetable Intake in Response to a Community-Based Dietary Intervention	G3 Genes Genomes Genetics	Larissa Calancie, Thomas C. Keyserling, Lindsey Smith Taillie, Kimberly Robasky, Cam Patterson, Alice S. Ammerman, Jonathan Cummings Schisler
10.1101/249763	2018	TAS2R38 predisposition to bitter taste associated with differential changes in vegetable intake in response to a community-based dietary intervention	bioRxiv (Cold Spring Harbor Laboratory)	Larissa Calancie, Thomas C. Keyserling, Lindsey Smith Taillie, Kimberly Robasky, Cam Patterson, Alice S. Ammerman, Jonathan Cummings Schisler
10.1101/245480	2018	TOGGLe, a flexible framework for easily building complex workflows and performing robust large-scale NGS analyses	bioRxiv (Cold Spring Harbor Laboratory)	Christine Tranchant‐Dubreuil, Sébastien Ravel, Cécile Monat, Gautier Sarah, Abdoulaye Baniré Diallo, Laura Helou, Alexis Dereeper, Ndomassi Tando, Julie Orjuela, François Sabot
10.1371/journal.pcbi.1006472	2018	Ten quick tips for sharing open genomic data	PLoS Computational Biology	Anne V. Brown, Jacqueline D. Campbell, Teshale Assefa, David Grant, Rex T. Nelson, Nathan T. Weeks, Steven B. Cannon
10.12688/f1000research.13598.1	2018	Ten steps to get started in Genome Assembly and Annotation	F1000Research	Victoria Domínguez Del Angel, Erik Hjerde, Lieven Sterck, Salvador Capella-Gutiérrez, Cédric Notredame, Olga Vinnere Pettersson, Joëlle Amselem, Laurent Bouri, Stéphanie Bocs, Christophe Klopp, Jean-François Gibrat, Anna V Vlasova, Brane L. Leskošek, Lucile Solér, Mahesh Panchal, Henrik Lantz
10.1007/s00018-018-2769-0	2018	The DNA double-strand “breakome” of mouse spermatids	Cellular and Molecular Life Sciences	Marie-Chantal Grégoire, Frédéric Leduc, Martin Morin, Tiphanie Cavé, Mélina Arguin, Martin V. Richter, Pierre‐Étienne Jacques, Guylain Boissonneault
10.1093/gbe/evy127	2018	The Domestication of a Large DNA Virus by the Wasp Venturia canescens Involves Targeted Genome Reduction through Pseudogenization	Genome Biology and Evolution	Matthieu Leobold, Annie Bézier, Apolline Pichon, Elisabeth Anne Herniou, Anne‐Nathalie Volkoff, Jean‐Michel Drezen
10.1534/g3.118.200426	2018	The E3 Ubiquitin Ligase MIB-1 Is Necessary To Form the Nuclear Halo in Caenorhabditis elegans Sperm	G3 Genes Genomes Genetics	Leslie A. Herrera, Daniel A. Starr
10.1101/301291	2018	The E3 ubiquitin ligase MIB-1 is necessary to form the nuclear halo in C. elegans sperm	bioRxiv (Cold Spring Harbor Laboratory)	Leslie A. Herrera, Daniel A. Starr
10.1002/cpbi.50	2018	The GWIPS‐viz Browser	Current Protocols in Bioinformatics	Stephen J. Kiniry, Audrey M. Michel, Pavel V. Baranov
10.1093/nar/gky379	2018	The Galaxy platform for accessible, reproducible and collaborative biomedical analyses: 2018 update	Nucleic Acids Research	Enis Afgan, Dannon Baker, Bérénice Batut, Marius van den Beek, Dave Bouvier, Martin Čech, John M. Chilton, Dave Clements, Nate Coraor, Björn Andreas Grüning, Aysam Guerler, Jennifer Hillman‐Jackson, Saskia Hiltemann, Vahid Jalili, Helena Rasche, Nicola Soranzo, Jeremy Goecks, James Taylor, ANTON Y N
	2018	The Role of the Microbiome in Regulating House Dust Mite-Induced Asthma	OpenCommons at University of Connecticut (University of Connecticut)	Alexander J. Adami
10.1161/circresaha.118.313036	2018	The Transcription Factor ETV1 Induces Atrial Remodeling and Arrhythmia	Circulation Research	Carolin Rommel, Stephan Rösner, Achim Lother, Margareta Barg, Martin Schwaderer, Ralf Gilsbach, Timo Bömicke, Tilman Schnick, Sandra Mayer, Sophia Doll, Michael Hesse, Oliver Kretz, Brigitte Stiller, Franz‐Josef Neumann, Matthias Mann, Markus Krane, Bernd K. Fleischmann, Ursula Ravens, Lutz Hein
10.1016/j.stem.2018.02.004	2018	The Transcriptionally Permissive Chromatin State of Embryonic Stem Cells Is Acutely Tuned to Translational Output	Cell stem cell	Aydan Bulut-Karslıoğlu, Trisha A. Macrae, Juan A. Osés-Prieto, Sergio Cuevas Covarrubias, Michelle Percharde, Gregory Ku, Aaron  A. Diaz, Michael T. McManus, Alma L. Burlingame, Miguel Ramalho‐Santos
10.1083/jcb.201709009	2018	The budding yeast RSC complex maintains ploidy by promoting spindle pole body insertion	The Journal of Cell Biology	Tina L. Sing, Minnie P. Hung, Shinsuke Ohnuki, Godai Suzuki, Bryan-Joseph San Luis, Melainia L. McClain, Jay R. Unruh, Zulin Yu, Jiongwen Ou, Jesse Marshall-Sheppard, Won‐Ki Huh, Michael Costanzo, Charles M. Boone, Yoshikazu Ohya, Sue L. Jaspersen, Grant W. Brown
	2018	The metabolic microenvironment regulates myogenic fate decisions through altered histone acetylation	Minerva Access (University of Melbourne)	Chi Ly
10.1111/pcmr.12687	2018	The next generation of melanocyte data: Genetic, epigenetic, and transcriptional resource datasets and analysis tools	Pigment Cell & Melanoma Research	Stacie K. Loftus
10.1093/nar/gky603	2018	The primary transcriptome, small RNAs and regulation of antimicrobial resistance in Acinetobacter baumannii ATCC 17978	Nucleic Acids Research	Carsten Kröger, Keith D. MacKenzie, Ebtihal Y Alshabib, Morgan W. B. Kirzinger, Danae M. Suchan, Tzu‐Chiao Chao, Valentyna Akulova, Aleksandra A. Miranda-CasoLuengo, Vivian Monzon, Tyrrell Conway, Sathesh Kumar Sivasankaran, Jay C. D. Hinton, Karsten Hokamp, Andrew D. S. Cameron
10.1101/319046	2018	The role of chromatin accessibility in cis-regulatory evolution	bioRxiv (Cold Spring Harbor Laboratory)	Pei-Chen Peng, Pierre Khoueiry, Charles Girardot, James P. Reddington, David Garfield, Eileen E. M. Furlong, Saurabh Sinha
10.1186/s12918-018-0608-4	2018	The synthetic histone-binding regulator protein PcTF activates interferon genes in breast cancer cells	BMC Systems Biology	Kimberly C. Olney, David B. Nyer, Daniel A. Vargas, Melissa A. Wilson Sayres, Karmella Ann Haynes
10.7554/elife.34423	2018	The transcriptomic and epigenetic map of vascular quiescence in the continuous lung endothelium	eLife	Katharina Schlereth, Dieter Weichenhan, Tobias Bauer, Tina Heumann, Evangelia Giannakouri, Daniel B. Lipka, Samira Jaeger, Matthias Schlesner, Patrick Aloy, Roland Eils, Christoph Plass, Hellmut G. Augustin
10.1016/j.fm.2018.11.005	2018	The use of next generation sequencing for improving food safety: Translation into practice	Food Microbiology	Balamurugan Jagadeesan, Peter Gerner‐Smidt, Marc W. Allard, Sébastien Leuillet, Anett Winkler, Yinghua Xiao, Samuel Chaffron, Jos van der Vossen, Silin Tang, Mitsuru Katase, Peter J. Mcclure, Bon Kimura, Lay Ching Chai, John W. Chapman, Kathie Grant
10.1371/journal.pbio.2005069	2018	The zinc transporter ZIPT-7.1 regulates sperm activation in nematodes	PLoS Biology	Yanmei Zhao, Chieh-Hsiang Tan, Amber R. Krauchunas, Andrea Scharf, Nicholas Dietrich, Kurt Warnhoff, Zhiheng Yuan, Marina K. Druzhinina, Sam Guoping Gu, Long Miao, Andrew W. Singson, Ronald E. Ellis, Kerry Kornfeld
10.1093/nar/gky583	2018	Time-lapse imaging of molecular evolution by high-throughput sequencing	Nucleic Acids Research	Nam Nguyen Quang, Clément Gael Francis Bouvier, Adrien Henriques, Benoît Lelandais, Frederic Ducongè
10.1186/s12859-018-2227-x	2018	ToTem: a tool for variant calling pipeline optimization	BMC Bioinformatics	Nikola Tom, Ondřej Tom, Jitka Malčíková, Šárka Pavlová, Blanka Kubešová, Tobias Rausch, Miroslav Kolařík, Vladimı́r Beneš, Vojtěch Bystrý, Šárka Pospı́šilová
10.1021/acs.analchem.7b04108	2018	Top-Down Proteomics Enables Comparative Analysis of Brain Proteoforms Between Mouse Strains	Analytical Chemistry	Roderick G. Davis, Hae-Min Park, Kyunggon Kim, Joseph B. Greer, Ryan T. Fellers, Richard D. LeDuc, Elena V. Romanova, Stanislav S. Rubakhin, Jonathan A. Zombeck, Cong Wu, Peter M. Yau, Peng Gao, Alexandra Johanna Van Nispen, Steven M. Patrie, Paul M. Thomas, Jonathan V. Sweedler, Justin S. Rhodes, N
10.1371/journal.pcbi.1006146	2018	Traceability, reproducibility and wiki-exploration for “à-la-carte” reconstructions of genome-scale metabolic models	PLoS Computational Biology	Méziane Aïte, Marie Chevallier, Clémence Frioux, Camille Trottier, Jeanne Got, María Paz Cortés, Sebastián N. Mendoza, Grégory Carrier, Olivier Dameron, Nicolas Guillaudeux, Mauricio Latorre, Nicolás Loira, Gabriel V. Markov, Alejandro Maass, Anne Siegel
10.3390/ht7030026	2018	Transcriptional Identification of Related Proteins in the Immune System of the Crayfish Procambarus clarkii	Microarrays	Gabina Calderón‐Rosete, Juan Antonio González-Barrios, Manuel Lara-Lozano, Celia Piña-Leyva, Leonardo Rodríguez‐Sosa
10.1101/449330	2018	Transcriptional dynamics following freezing stress reveal selection for mechanisms of freeze tolerance at the poleward range margin in the cold water intertidal barnacle Semibalanus balanoides	bioRxiv (Cold Spring Harbor Laboratory)	Katie Elizabeth Marshall, Eddy Dowle, Alexandra S. Petrunina, Gregory A. Kolbasov, Benny K. K. Chan
10.1186/s12864-018-5110-2	2018	Transcriptional profiling of embryos lacking the lipoprotein receptor SR-B1 reveals a regulatory circuit governing a neurodevelopmental or metabolic decision during neural tube closure	BMC Genomics	Nicolas G. Santander, Carlos O. Lizama, Leandro Murgas Saavedra, Sebastián Contreras, Alberto J. M. Martín, Paz Molina, Alonso Quíroz, Katherine Rivera, Francisca Salas‐Pérez, Alejandro Godoy, Attilio Rigotti, Dolores Busso
10.1186/s13071-018-2754-3	2018	Transcriptome analysis of pig intestinal cell monolayers infected with Cryptosporidium parvum asexual stages	Parasites & Vectors	Marzieh Ezzaty Mirhashemi, Farzad Noubary, Susan Chapman-Bonofiglio, Saul Tzipori, Gordon S. Huggins, Giovanni Widmer
10.1371/journal.pone.0196590	2018	Transcriptome reprogramming of resistant and susceptible peach genotypes during Xanthomonas arboricola pv. pruni early leaf infection	PLoS ONE	F. Gervasi, Patrizia Ferrante, Maria Teresa Dettori, M. Scortichini, Ignazio Verde
10.1073/pnas.1801240115	2018	Transfer RNA genes experience exceptionally elevated mutation rates	Proceedings of the National Academy of Sciences	Bryan P. Thornlow, Josh Hough, Jacquelyn M. Roger, Henry Z. Gong, Todd M. Lowe, Russell B Corbett-Detig
10.1186/s12864-018-4630-0	2018	TrawlerWeb: an online de novo motif discovery tool for next-generation sequencing datasets	BMC Genomics	Louis T. Dang, Markus Tondl, Man Chiu, Jerico Revote, Benedict Paten, Vincent Tano, Alex Tokolyi, Florence Besse, Gregory A. Quaife-Ryan, Helen E. Cumming, Mark J. Drvodelic, Michael Eichenlaub, Jeannette Hallab, Julian S. Stolper, Fernando Jaime Rossello, Marie A. Bogoyevitch, David A. Jans, Hieu T
10.1016/j.gene.2018.06.026	2018	Two novel COL6A3 mutations disrupt extracellular matrix formation and lead to myopathy from Ullrich congenital muscular dystrophy and Bethlem myopathy spectrum	Gene	Andrey V. Marakhonov, Vyacheslav Yu. Tabakov, Nikolay V. Zernov, Elena L. Dadali, Inna V. Sharkova, Mikhail Y. Skoblov
10.7717/peerj.5735	2018	Ultraconserved elements (UCEs) illuminate the population genomics of a recent, high-latitude avian speciation event	PeerJ	Kevin Winker, Travis C. Glenn, Brant C. Faircloth
10.1038/s41467-018-03861-1	2018	Unifying the global phylogeny and environmental distribution of ammonia-oxidising archaea based on amoA genes	Nature Communications	Ricardo Eloy Alves, Bùi Quang Minh, Tim Urich, Arndt von Haeseler, Christa Schleper
10.1016/j.ympev.2018.07.010	2018	Updating Plakobranchus cf. ianthobapsus (Gastropoda, Sacoglossa) host use: Diverse algal-animal interactions revealed by NGS with implications for invasive species management	Molecular Phylogenetics and Evolution	Rachael M. Wade, Alison R. Sherwood
10.1016/b978-0-12-804078-2.00012-x	2018	Using Transcriptomics to Study Behavior	Elsevier eBooks	J. Timothy Westwood
10.1016/j.future.2018.03.002	2018	Using the FACE-IT portal and workflow engine for operational food quality prediction and assessment: An application to mussel farms monitoring in the Bay of Napoli, Italy	Future Generation Computer Systems	Raffaele Montella, Alison Brizius, Diana Di Luccio, Cheryl H. Porter, J.M. Elliot, Ravi Madduri, David J. A. Kelly, Angelo Riccio, Ian T Foster
10.1101/492074	2018	VAPPER: High-throughput Variant Antigen Profiling in African trypanosomes	bioRxiv (Cold Spring Harbor Laboratory)	Sara Silva Pereira, John T. Heap, Andrew R. Jones, Andrew P. Jackson
10.1016/j.jocs.2018.02.009	2018	VPH-HF: A software framework for the execution of complex subject-specific physiology modelling workflows	Journal of Computational Science	Marco Viceconti, S. Bnà, Daniele Tartarini, Stelios G. Sfakianakis, James A. Grogan, Dawn Walker, Samuel Gamble, Debora Testi
10.1242/dev.166348	2018	Variant PRC1 competes with retinoic acid-related signals to repress Meis2 in distal forelimb bud	Development	Nayuta Yakushiji‐Kaminatsui, Takashi Kondo, Ken‐ichi Hironaka, Jafar Sharif, Takaho A. Endo, Manabu Nakayama, Osamu Masui, Yoko Koseki, Kaori Kondo, Osamu Ohara, Miguel Ángel Vidal, Yoshihiro Morishita, Haruhiko Koseki
10.3389/fvets.2018.00318	2018	Viral Enrichment Methods Affect the Detection but Not Sequence Variation of West Nile Virus in Equine Brain Tissue	Frontiers in Veterinary Science	Dhani Prakoso, Michael J. Dark, Anthony F. Barbet, Marco Salemi, Kelli L. Barr, Junjie J. Liu, Nanny Wenzlow, Thomas B. Waltzek, Maureen T. Long
10.1002/cpmb.69	2018	Whole Genome Next‐Generation Sequencing Mutation Identification in Pseudomonas aeruginosa	Current Protocols in Molecular Biology	Murat Çetinbaş, Shen Yu, Ruslan I. Sadreyev
10.22146/ijbiotech.38788	2018	Whole genome sequencing of Indonesian dengue virus isolates using next-generation sequencing	Indonesian Journal of Biotechnology	Benediktus Yohan, Rama Dhenni, Rahma Hayati, Frilasita A. Yudhaputri, Dionisius Denis, Yanuarni W. B. Pamai, Anna Matiana Afida, Ingrid A. Hutagalung, Sotianingsih Haryanto, Hidayat Trimarsanto, Khin Saw Aye Myint, R. Tedjo Sasmono
10.1186/s12985-017-0914-2	2018	Whole-genome sequencing of genotype VI Newcastle disease viruses from formalin-fixed paraffin-embedded tissues from wild pigeons reveals continuous evolution and previously unrecognized genetic diversity in the U.S.	Virology Journal	Ying He, Tonya L. Taylor, Kiril M. Dimitrov, Salman Latif Butt, James B. Stanton, Iryna V. Goraichuk, Heather M. A. Fenton, Rebecca L. Poulson, Jian Zhang, Corrie C. Brown, Hon S. Ip, Marcos Isidoro‐Ayza, Claudio L. Afonso
10.4103/jpi.jpi_25_18	2018	Will Digital Pathology be as Disruptive as Genomics?	Journal of Pathology Informatics	Steven N. Hart
10.1016/j.neo.2018.01.009	2018	Wnt Signalling Drives Context-Dependent Differentiation or Proliferation in Neuroblastoma	Neoplasia	Marianna Szemes, Alexander Greenhough, Zsombor Melegh, Sally Malik, Aysen Yuksel, Daniel R. Catchpoole, Kelli Gallacher, Madhu Kollareddy, Ji Hyun Park, Karim T. A. Malik
10.1101/236745	2018	Wnt signalling drives context-dependent differentiation or proliferation in neuroblastoma	bioRxiv (Cold Spring Harbor Laboratory)	Marianna Szemes, Alexander Greenhough, Zsombor Melegh, Sally Malik, Aysen Yuksel, Daniel R. Catchpoole, Kelli Gallacher, Madhu Kollareddy, Ji Hyun Park, Karim T. A. Malik
10.1007/978-3-319-78723-7_15	2018	Workflows and Service Discovery: A Mobile Device Approach	Lecture notes in computer science	Ricardo Holthausen, Sergio Díaz-del-Pino, Esteban Pérez-Wohlfeil, Pablo Rodríguez-Brazzarola, Oswaldo Trelles
10.1007/s00428-018-2377-2	2018	X chromosome gain is related to increased androgen receptor expression in male breast cancer	Archiv für Pathologische Anatomie und Physiologie und für Klinische Medicin	Enrico Di Oto, Giovanni Battista Biserni, Zsuzsanna Varga, Luca Morandi, Maria Cristina Cucchi, Riccardo Masetti, Maria Pia Foschini
10.1093/gigascience/giy072	2018	YAMP: a containerized workflow enabling reproducibility in metagenomics research	GigaScience	Alessia Visconti, Tiphaine C. Martin, Mario Falchi
10.1186/s12859-018-2315-y	2018	bioSyntax: syntax highlighting for computational biology	BMC Bioinformatics	Artem Babaian, Anicet Ebou, Alyssa Fegen, Jeffrey Kam, Gherman Novakovsky, Jasper Wong, Dylan Aïssi, Yao Li
10.1186/s12859-018-2486-6	2018	iDEP: an integrated web application for differential expression and pathway analysis of RNA-Seq data	BMC Bioinformatics	Xijin Ge, Eun Wo Son, Runan Yao
10.1021/jacs.8b02618	2018	miCLIP-MaPseq, a Substrate Identification Approach for Radical SAM RNA Methylating Enzymes	Journal of the American Chemical Society	Vanja Stojković, Tongyue Chu, Gabriel Thérizols, David E. Weinberg, Danica Galonić Fujimori
10.1016/j.chom.2019.10.022	2019	A Bioinformatic Analysis of Integrative Mobile Genetic Elements Highlights Their Role in Bacterial Adaptation	Cell Host & Microbe	Matthew G. Durrant, Michelle M. Li, Benjamin A. Siranosian, Stephen B. Montgomery, Ami Siddharth Bhatt
10.1101/810788	2019	A Complex Regulatory Landscape Involved In The Development Of External Genitals	bioRxiv (Cold Spring Harbor Laboratory)	Ana Rita Amândio, Lucille Lopez‐Delisle, Christopher Chase Bolt, Bénédicte Mascrez, Denis Duboule
10.1038/s41556-019-0408-0	2019	A MYC–GCN2–eIF2α negative feedback loop limits protein synthesis to prevent MYC-dependent apoptosis in colorectal cancer	Nature Cell Biology	Stefanie Schmidt, David Michael Gay, Friedrich Wilhelm Uthe, Sarah Denk, Madelon Paauwe, Niels Matthes, Markus E. Diefenbacher, Sheila Bryson, Fiona Warrander, Florian Erhard, Carsten Patrick Ade, Apoorva Baluapuri, Susanne Walz, René Jackstadt, Catriona A. Ford, Georgios Vlachogiannis, Nicola Valer
10.1038/s41418-019-0384-8	2019	A functional genetic screen defines the AKT-induced senescence signaling network	Cell Death and Differentiation	Keefe T. Chan, Shaun Blake, Haoran Zhu, Jian Kang, Anna Trigos, Piyush B. Madhamshettiwar, Jeannine Diesch, Lassi Paavolainen, Péter Horváth, Ross D. Hannan, Amee J. George, Elaine Sanij, Katherine M. Hannan, Kaylene J. Simpson, Richard B. Pearson
10.1111/evj.13126	2019	A microbiome analysis of equine peripheral dental caries using next generation sequencing	Equine Veterinary Journal	Dewi Borkent, Richard J. M. Reardon, Gerry McLachlan, Laura Glendinning, P. M. Dixon
10.1093/nar/gkz098	2019	A multi-axial RNA joint with a large range of motion promotes sampling of an active ribozyme conformation	Nucleic Acids Research	Nicolas Girard, Pierre Dagenais, Julie Lacroix‐Labonté, Pascale Legault
10.15252/embj.201899363	2019	A multifaceted small RNA modulates gene expression upon glucose limitation in Staphylococcus aureus	The EMBO Journal	Delphine Bronesky, Emma Desgranges, Anna Corvaglia, Patrice François, Carlos J. Caballero, Laura Prado, Alejandro Toledo‐Arana, Íñigo Lasa, Karen Moreau, François Vandenesch, Stefano Marzi, Pascale Romby, Isabelle Caldelari
10.1038/s41467-019-10489-2	2019	A pan-cancer analysis of synonymous mutations	Nature Communications	Yogita Sharma, Milad Miladi, Sandeep Dukare, Karine Boulay, Maïwen Caudron‐Herger, Matthias Groß, Rolf Backofen, Sven Diederichs
10.1111/tpj.14652	2019	A piperic acid CoA ligase produces a putative precursor of piperine, the pungent principle from black pepper fruits	The Plant Journal	Arianne Schnabel, Fernando Cotinguiba, Benedikt Athmer, Changqing Yang, Bernhard Westermann, Angela Schaks, Andrea Porzel, Wolfgang Brandt, Frank Schumacher, Thomas Vogt
10.1101/843078	2019	A sectioning and database enrichment approach for improved peptide spectrum matching in large, genome-guided protein sequence databases	bioRxiv (Cold Spring Harbor Laboratory)	Praveen Kumar, James E. Johnson, Caleb Easterly, Subina Mehta, Ray Sajulga, Brook L. Nunn, Pratik Jagtap, Timothy J. Griffin
10.1101/805846	2019	A simple mass-action model predicts genome-wide protein timecourses from mRNA trajectories during a dynamic response in two strains of Saccharomyces cerevisiae	bioRxiv (Cold Spring Harbor Laboratory)	Sidney Kuo, Jarrett D. Egertson, Gennifer E. Merrihew, Michael J. MacCoss, Daniel A. Pollard, Scott A. Rifkin
10.1371/journal.pone.0211703	2019	A single alcohol binge impacts on neutrophil function without changes in gut barrier function and gut microbiome composition in healthy volunteers	PLoS ONE	Vanessa Stadlbauer, Angela Horvath, Irina Komarova, Bianca Schmerboeck, Nicole Feldbacher, Sonja Wurm, Ingeborg Klymiuk, Marija Durdević, Florian Rainer, Andreas Blesl, Sarah Stryeck, Tobias Madl, Philipp Stiegler, Bettina Leber
10.1016/j.jss.2019.110491	2019	A universal cross language software similarity detector for open source software categorization	Journal of Systems and Software	Kawser Wazed Nafi, Banani Roy, Chanchal Kumar Roy, Kevin A. Schneider
10.1038/s41467-019-08823-9	2019	ACVR1 R206H cooperates with H3.1K27M in promoting diffuse intrinsic pontine glioma pathogenesis	Nature Communications	Christine M. Hoeman, Francisco J. Cordero, Guo Hu, Katie Misuraca, Megan M. Romero, Herminio Joey Cardona, Javad Nazarian, Rintaro Hashizume, Roger E. McLendon, Paul B. Yu, Daniele Procissi, Samantha Gadd, Oren Josh Becher
10.1074/mcp.ra118.000993	2019	Accurate Estimation of Context-Dependent False Discovery Rates in Top-Down Proteomics	Molecular & Cellular Proteomics	Richard D. LeDuc, Ryan T. Fellers, Bryan P. Early, Joseph B. Greer, Daniel P. Shams, Paul M. Thomas, Neil L. Kelleher
10.1016/j.celrep.2019.04.022	2019	Acetate Promotes T Cell Effector Function during Glucose Restriction	Cell Reports	Jing Qiu, Matteo Villa, David E. Sanin, Michael D. Buck, David O’Sullivan, Reagan W. Ching, Mai Matsushita, Katarzyna M. Grzes, Frances Winkler, Chih‐Hao Chang, Jonathan D. Curtis, Ryan L. Kyle, Nikki van Teijlingen Bakker, Mauro Corrado, Fabian Haessler, Francesca Alfei, Joy Edwards-Hicks, Leonard 
10.1128/jb.00529-19	2019	Actinomyces Produces Defensin-Like Bacteriocins (Actifensins) with a Highly Degenerate Structure and Broad Antimicrobial Activity	Journal of Bacteriology	Ivan Sugrue, Paula M. O’Connor, Colin Hill, Catherine Stanton, R. Paul Ross
10.1038/s41598-019-48167-4	2019	Allelic Imbalance of Recurrently Mutated Genes in Acute Myeloid Leukaemia	Scientific Reports	Aarif M.N. Batcha, Stefanos A. Bamopoulos, Paul Kerbs, Ashwini Kumar, Vindi Jurinović, Maja Rothenberg‐Thurley, Bianka Ksienzyk, Julia Philippou‐Massier, Stefan Krebs, Helmut Blum, Stephanie E. Schneider, Nikola P. Konstandin, Stefan K. Bohlander, Caroline Akemi Heckman, Mika Kontro, Wolfgang Hiddem
10.1371/journal.ppat.1008071	2019	Alterations in cellular expression in EBV infected epithelial cell lines and tumors	PLoS Pathogens	Rachel Hood Edwards, Robert M. DeKroon, Nancy Raab‐Traub
10.1016/j.celrep.2019.05.024	2019	Alternative Translation Initiation Generates a Functionally Distinct Isoform of the Stress-Activated Protein Kinase MK2	Cell Reports	Philipp Trulley, Goda Snieckute, Dorte B. Bekker‐Jensen, M. Menon, Robert Freund, Alexey Kotlyarov, Jesper  Velgaard Olsen, Manuel D. Díaz‐Muñoz, Martin Turner, Simon Bekker‐Jensen, Matthias Gaestel, Christopher Tiedje
10.1007/978-3-030-23987-9_2	2019	An Overview of Platforms for Reproducible Research and Augmented Publications	Lecture notes in computer science	Miguel Colom, Bertrand Kerautret, Adrien Krähenbühl
10.36877/pddbs.a0000035	2019	An automated workflow by using KNIME Analytical Platform: a case study for modelling and predicting HIV-1 protease inhibitors	Progress in Drug Discovery & Biomedical Science	Ramtin Ranji, Chanat Thanavanich, Sri Devi Sukumaran, Sila Kittiwachana, Sharifuddin M. Zain, Chee Sun Liew, Vannajan Sanghiran Lee
10.1002/jmv.25627	2019	An evolutionary insight into emerging Ebolavirus strains isolated in Africa	Journal of Medical Virology	Marianoel Pereira-Gómez, Luis Fernando López Tort, Álvaro Fajardo, Juan Cristina
10.2147/cmar.s202628	2019	An integrated prediction model of recurrence in endometrial endometrioid cancers	Cancer Management and Research	M.D. Miller, Erin A Salinas, Andreea Mihai Newtson, Deepti Sharma, Matthew E. Keeney, Akshaya Warrier, Bruce A. Smith, David Bender, Michael Joseph Goodheart, Kristina W. Thiel, Eric Jeffrey Devor, Kimberly Kay Leslie, Jesús González Bosquet
10.1111/tpj.14468	2019	An ‘ eFP ‐Seq Browser’ for visualizing and exploring RNA sequencing data	The Plant Journal	Alexander Sullivan, P. Purohit, Nowlan H. Freese, Asher Pasha, Eddi Esteban, Jamie Waese, Alison J. Wu, Michelle M. Chen, Chih Y. Chin, Richard S. Song, Sneha R. Watharkar, Agnes Pui-Yee Chan, Vivek Krishnakumar, Matthew W. Vaughn, Chris D. Town, Ann E. Loraine, Nicholas James Provart
10.47749/t/unicamp.2019.1162221	2019	Analyses of the immunopathological and molecular mechanisms involved in cytoadherence of Plasmodium vivax		Catarina Bourgard
10.1007/s00705-019-04420-9	2019	Apple chlorotic fruit spot viroid: a putative new pathogenic viroid on apple characterized by next-generation sequencing	Archives of Virology	Thomas Leichtfried, Stefanie Dobrovolny, Helga Reisenzein, Siegrid Steinkellner, Richard Alexander Gottsberger
10.1016/j.molp.2019.01.002	2019	Arabidopsis ABF3 and ABF4 Transcription Factors Act with the NF-YC Complex to Regulate SOC1 Expression and Mediate Drought-Accelerated Flowering	Molecular Plant	Keumbi Hwang, Hendry Susila, Zeeshan Nasim, Ji‐Yul Jung, Ji Hoon Ahn
10.1093/gigascience/giz135	2019	Arteria: An automation system for a sequencing core facility	GigaScience	Johan Dahlberg, Johan Hermansson, Steinar Sturlaugsson, Mariya Lysenkova Wiklander, Patrik Smeds, Claes Ladenvall, Roman Valls Guimerà, Florian Reisinger, Oliver Hofmann, Pontus Larsson
10.7554/elife.44667	2019	Astrocyte morphogenesis is dependent on BDNF signaling via astrocytic TrkB.T1	eLife	Leanne Melissa Holt, Raymundo D. Hernandez, Natasha L. Pacheco, Beatriz Torres Ceja, Muhannah Hossain, Michelle Lynne Olsen
10.1128/msphere.00030-19	2019	Attenuation of a Pathogenic Mycoplasma Strain by Modification of the obg Gene by Using Synthetic Biology Approaches	mSphere	Carole Lartigue, Yanina Valverde Timana, Fabien Labroussaa, Elise Schieck, Anne Liljander, Flavio Sacchini, Horst Posthaus, Brigitte Batailler, Pascal Sirand‐Pugnet, Sanjay Vashee, Joerg Jores, Alain Blanchard
10.1192/bjp.2019.30	2019	Autism spectrum disorder diagnosis in adults: phenotype and genotype findings from a clinically derived cohort	The British Journal of Psychiatry	Jack F. G. Underwood, Kimberley Marie Kendall, Jennifer Berrett, Catrin Lewis, Richard Anney, Marianne B. M. van den Bree, Jérémy Hall
10.1101/518787	2019	BDNF/TrkB.T1 signaling is a novel mechanism for astrocyte morphological maturation	bioRxiv (Cold Spring Harbor Laboratory)	Leanne Melissa Holt, Natasha L. Pacheco, Raymundo D. Hernandez, Muhannah Hossain, Michelle Lynne Olsen
10.1007/s13222-019-00306-x	2019	BIGGR: Bringing Gradoop to Applications	Datenbank-Spektrum	M. Ali Rostami, Matthias Kricke, Eric Peukert, Stefan Kühne, Moritz Wilke, Steffen Dienst, Erhard Rahm
10.1021/acs.biochem.9b00291	2019	Biaryl-Forming Enzymes from Aspergilli Exhibit Substrate-Dependent Stereoselectivity	Biochemistry	Sebastian Obermaier, Michael Andreas Müller
10.1007/978-3-030-29885-2_14	2019	BioTest - Remote Platform for Hypothesis Testing and Analysis of Biomedical Data	Advances in intelligent systems and computing	Krzysztof Psiuk-Maksymowicz, Roman Jaksik, Aleksander Płaczek, Aleksandra Gruca, Sebastian Student, Damian Borys, Dariusz Mrozek, Krzysztof Fujarewicz, Andrzej Świerniak
10.21203/rs.2.19708/v1	2019	BioTracs: A transversal framework for computational workflow standardization and traceability		Josephine Abi‐Ghanem, Djomangan Adama Ouattara
10.1177/1176934319889974	2019	Bioinformatics Workflows With NoSQL Database in Cloud Computing	Evolutionary Bioinformatics	Polyane Wercelens, Waldeyr Mendes Cordeiro da Silva, Fernanda Hondo, Klayton Castro, Maria Emília M. T. Walter, Aletéia Araújo, Sérgio Lifschitz, Maristela Terto de Holanda
10.1093/gigascience/giz041	2019	Bioportainer Workbench: a versatile and user-friendly system that integrates implementation, management, and use of bioinformatics resources in Docker environments	GigaScience	Fabiano Bezerra Menegídio, David Aciole Barbosa, Rafael dos S Gonçalves, Marcio M Nishime, Daniela Leite Jabes, Regina Costa de Oliveira, Luiz R. Nunes
10.1016/j.cels.2019.08.007	2019	Building Containerized Workflows Using the BioDepot-Workflow-Builder	Cell Systems	Ling‐Hong Hung, Jiaming Hu, Trevor Meiss, Alyssa Ingersoll, Wes Lloyd, Daniel Kristiyanto, Yuguang Xiong, Eric A. Sobie, Ka Yee Yeung
10.1172/jci125015	2019	CDKN2B upregulation prevents teratoma formation in multipotent fibromodulin-reprogrammed cells	Journal of Clinical Investigation	Zhong Sheng Zheng, Chenshuang Li, Pin Ha, Grace Xinlian Chang, Pu Yang, Xinli Zhang, Jong Kil Kim, Wenlu Jiang, Xiaoxiao Pang, Emily A. Berthiaume, Zane Mills, Christos S. Haveles, Eric S. Chen, Kang Ting, Chia B. Soo
10.12688/f1000research.18674.2	2019	CGAT-core: a python framework for building scalable, reproducible computational biology workflows	F1000Research	Adam P. Cribbs, Sebastián Luna-Valero, Charlotte L. George, Ian M. Sudbery, Antonio J. Berlanga‐Taylor, Stephen Nicholas Sansom, Tom S. Smith, Nicholas Edward Ilott, Jethro S. Johnson, Jakub Scaber, Katherine A. Brown, David Sims, Andreas Heger
10.12688/f1000research.18674.1	2019	CGAT-core: a python framework for building scalable, reproducible computational biology workflows	F1000Research	Adam P. Cribbs, Sebastián Luna-Valero, Charlotte L. George, Ian M. Sudbery, Antonio J. Berlanga‐Taylor, Stephen Nicholas Sansom, Tom S. Smith, Nicholas Edward Ilott, Jethro S. Johnson, Jakub Scaber, Katherine A. Brown, David Sims, Andreas Heger
10.1101/581009	2019	CGAT-core: a python framework for building scalable, reproducible computational biology workflows	bioRxiv (Cold Spring Harbor Laboratory)	Adam P. Cribbs, Sebastián Luna-Valero, Charlotte L. George, Ian M. Sudbery, Antonio J. Berlanga‐Taylor, Steven N Sansom, Thomas B. Smith, Nicholas Edward Ilott, Jethro S. Johnson, Jakub Scaber, Katherine A. Brown, David Sims, Andreas Heger
10.1145/3332186.3333156	2019	CHURP	Proceedings of the Practice and Experience in Advanced Research Computing on Rise of the Machines (learning)	Joshua A. Baller, Thomas J. Y. Kono, Adam Herman, Ying Zhang
10.1038/s41598-019-41294-y	2019	CREDO: Highly confident disease-relevant A-to-I RNA-editing discovery in breast cancer	Scientific Reports	Woochang Hwang, Stefano Calza, Marco Silvestri, Yudi Pawitan, Youngjo Lee
10.1021/acssynbio.9b00224	2019	CReasPy-Cloning: A Method for Simultaneous Cloning and Engineering of Megabase-Sized Genomes in Yeast Using the CRISPR-Cas9 System	ACS Synthetic Biology	Estelle Ruiz, Vincent Talenton, Marie-Pierre Dubrana, Gabrielle Guesdon, María Lluch‐Senar, Franck Salin, Pascal Sirand‐Pugnet, Yonathan Arfi, Carole Lartigue
10.1101/647750	2019	CReasPy-cloning: a method for simultaneous cloning and engineering of megabase-sized genomes in yeast using the CRISPR-Cas9 system	bioRxiv (Cold Spring Harbor Laboratory)	Estelle Ruiz, Vincent Talenton, Marie-Pierre Dubrana, Gabrielle Guesdon, María Lluch‐Senar, Franck Salin, Pascal Sirand‐Pugnet, Yonathan Arfi, Carole Lartigue
10.70675/7281639dzd11az4a57z94d3z204512e1ed34	2019	Caractérisation des bactéries du sol forestier isolées au niveau des microhabitats et de leurs interactions avec le peuplier		Milena Gonzalo
10.1007/978-1-4939-9102-0_11	2019	CellOrganizer: Learning and Using Cell Geometries for Spatial Cell Simulations	Methods in molecular biology	Timothy D. Majarian, Ivan Cao-Berg, Xiongtao Ruan, Robert F. Murphy
10.1089/jir.2018.0141	2019	Cellular Requirements for Sensing and Elimination of Incoming HSV-1 DNA and Capsids	Journal of Interferon & Cytokine Research	Chenglong Sun, Stefanie Luecke, Chiranjeevi Bodda, Kasper L. Jønsson, Yujia Cai, Bao‐cun Zhang, Søren B. Jensen, Iver Nordentoft, Jacob Malte Jensen, Martin R. Jakobsen, Søren R. Paludan
10.1111/tpj.14527	2019	Cellulose defects in the Arabidopsis secondary cell wall promote early chloroplast development	The Plant Journal	Duorong Xu, Ravi Dhiman, Adriana Garibay‐Hernández, Hans‐Peter Mock, Dario Leister, Tatjana Kleine
10.3389/fenrg.2019.00111	2019	Characterization of Core Microbiomes and Functional Profiles of Mesophilic Anaerobic Digesters Fed With Chlorella vulgaris Green Microalgae and Maize Silage	Frontiers in Energy Research	Roland Wirth, Tamás Böjti, Gergely Lakatos, Gergely Maróti, Zoltán Bagi, Gábor Rákhely, Kornél Lajos Kovács
10.1186/s12866-019-1598-0	2019	Characterization of Salmonella Dublin isolated from bovine and human hosts	BMC Microbiology	Narayan Prasad Paudyal, Hang Pan, Mohammed Elbediwi, Xiao Zhou, Xianqi Peng, Xiaoliang Li, Weihuan Fang, Min Yue
10.1094/pdis-09-18-1513-re	2019	Characterization of Ti Ringspot-Associated Virus, a Novel Emaravirus Associated with an Emerging Ringspot Disease of Cordyline fruticosa	Plant Disease	Alejandro Olmedo-Velarde, Adam C. Park, Jari Sugano, J. Y. Uchida, Michael K. Kawate, Wayne B. Borth, John S. Hu, Michael J. Melzer
10.2147/idr.s194495	2019	Characterization of a carbapenem- and colistin-resistant Enterobacter cloacae carrying Tn6901 in blaNDM-1 genomic context	Infection and Drug Resistance	Tam-Duong Le-Ha, Lien Thi Le, Hong-Ngoc Le-Vo, Mizue Anda, Daisuke Motooka, Shota Nakamura, Linh Khanh Tran, Phuong Thi-Bich Tran, Tetsuya Iida, Van Cao
10.1038/s41467-019-13118-0	2019	Characterization of antibiotic resistance genes in the species of the rumen microbiota	Nature Communications	Yasmin Neves Vieira Sabino, Mateus Ferreira Santana, Linda Boniface Oyama, Fernanda Godoy-Santos, Ana Júlia Silva Moreira, Sharon Huws, Hilário Cuquetto Mantovani
10.1101/626572	2019	Click-PD: A Quantitative Method for Base-Modified Aptamer Discovery	bioRxiv (Cold Spring Harbor Laboratory)	Chelsea K. L. Gordon, Diana Wu, Trevor Feagin, Anusha Pusuluri, Andrew T. Csordas, Michael S. Eisenstein, Craig J. Hawker, Jia Niu, Hyongsok Tom Soh
10.1021/acschembio.9b00587	2019	Click-Particle Display for Base-Modified Aptamer Discovery	ACS Chemical Biology	Chelsea K. L. Gordon, Diana Wu, Anusha Pusuluri, Trevor Feagin, Andrew T. Csordas, Michael S. Eisenstein, Craig J. Hawker, Jia Niu, Hyongsok Tom Soh
10.1093/nar/gkz568	2019	Cockayne syndrome group B deficiency reduces H3K9me3 chromatin remodeler SETDB1 and exacerbates cellular aging	Nucleic Acids Research	Jong‐Hyuk Lee, Tyler G. Demarest, Mansi Babbar, Edward W. Kim, Mustafa Nazir Okur, Supriyo De, Deborah L. Croteau, Vilhelm A. Bohr
10.21203/rs.2.11228/v1	2019	Comparative functional genomics analysis of cytochrome P450 gene superfamily in wheat and maize	Research Square	Kaifa Wei, YiXuan Li
10.26508/lsa.201900495	2019	Conservation of cell-intrinsic immune responses in diverse nonhuman primate species	Life Science Alliance	Jenna M. Gaska, Lance Parsons, Metodi Balev, Ann Cirincione, Wei Wang, Robert E. Schwartz, Alexander Ploß
10.1101/572875	2019	Constrained Transcriptional Polarity in the Organization of Mammalian Hox Gene Clusters	bioRxiv (Cold Spring Harbor Laboratory)	Fabrice Darbellay, Célia Bochaton, Lucille Lopez‐Delisle, Bénédicte Mascrez, Patrick Tschopp, Saskia Delpretti, József Zákány, Denis Duboule
10.1534/genetics.119.302277	2019	Control of Development, Secondary Metabolism and Light-Dependent Carotenoid Biosynthesis by the Velvet Complex of Neurospora crassa	Genetics	Özlem Sarikaya Bayram, Özlem Sarikaya Bayram, Anne Dettmann, Betim Karahoda, Nicola M. Moloney, Tereza Ormsby, Jamie McGowan, Sara Cea-Sánchez, Alejandro Miralles-Durán, Guilherme T P Brancini, Eva M. Luque, David Cánovas, David Cánovas, Luis M. Corrochano, Sean Doyle, Eric U. Selker, Stephan Seiler
10.7554/elife.41244	2019	Control of RNA viruses in mosquito cells through the acquisition of vDNA and endogenous viral elements	eLife	Michel Tassetto, Mark Kunitomi, Zachary J. Whitfield, Patrick Dolan, Irma Sánchez-Vargas, Miguel Garcia-Knight, Isabel Ribiero, Taotao Chen, Ken E. Olson, Raul Andino
10.1186/s13072-019-0293-6	2019	Crosstalk between chromatin structure, cohesin activity and transcription	Epigenetics & Chromatin	Douglas Maya‐Miles, Eloísa Andújar, Mónica Pérez-Alegre, Marina Murillo-Pineda, Marta Barrientos‐Moreno, Maria Jose Cabello-Lobato, Elena Gómez-Marín, Macarena Morillo‐Huesca, Félix Prado
10.21203/rs.2.9587/v3	2019	Custom selected reference genes outperform pre-defined reference genes in transcriptomic analysis	Research Square	Karen Cristine Gonçalves dos Santos, Isabel Desgagné‐Penix, Hugo Germain
10.21203/rs.2.9587/v1	2019	Custom selected reference genes outperform pre-defined reference genes in transcriptomic analysis	Research Square	Karen Cristine Gonçalves dos Santos, Isabel Desgagné‐Penix, Hugo Germain
10.1186/s13059-019-1758-4	2019	Cytoscape Automation: empowering workflow-based network analysis	Genome biology	David Otasek, John H. Morris, Jorge Bouças, Alexander R. Pico, Barry Demchak
10.1007/978-3-030-14177-6_13	2019	DEAME - Differential Expression Analysis Made Easy	Lecture notes in computer science	Milena Kraus, Guenter Hesse, Tamara Slosarek, Marius Danner, Ajay Kesar, Akshay Bhushan, Matthieu-P. Schapranow
10.1016/j.compbiomed.2019.02.021	2019	DEWE: A novel tool for executing differential expression RNA-Seq workflows in biomedical research	Computers in Biology and Medicine	Hugo López-Fernández, Aitor Blanco‐Míguez, Florentino Fdez‐Riverola, Borja Sánchez, Anália Maria Garcia Lourenço
10.1109/bibm47256.2019.8983373	2019	Data Provenance Management of Bioinformatics Workflows in Federated Clouds		Polyane Wercelens, Waldeyr Mendes Cordeiro da Silva, Klayton Castro, Aletéia Araújo, Sérgio Lifschitz, Maristela Terto de Holanda
10.1007/978-1-4939-9442-7_3	2019	Data Warehousing with TargetMine for Omics Data Analysis	Methods in molecular biology	Yi‐An Chen, Lokesh P. Tripathi, Kenji Mizuguchi
10.1016/j.dib.2019.104524	2019	Data on draft genome sequence of Bacillus sp. strain MHSD28, a bacterial endophyte isolated from Dicoma anomala	Data in Brief	Sephokoane Cindy Makuwa, Mahloro Hope Serepa‐Dlamini
10.2200/s00915ed1v01y201904dtm060	2019	Data-Intensive Workflow Management: For Clouds and Data-Intensive and Scalable Computing Environments	Synthesis lectures on data management	Daniel C. M. de Oliveira, Ji Liu, Esther Pacitti
10.1371/journal.pone.0223466	2019	De novo identification of satellite DNAs in the sequenced genomes of Drosophila virilis and D. americana using the RepeatExplorer and TAREAN pipelines	PLoS ONE	Bráulio S.M.L. Silva, Pedro Heringer, Guilherme Borges Dias, Marta Svartman, Gustavo C. S. Kuhn
10.1101/781146	2019	De novo identification of satellite DNAs in the sequenced genomes of Drosophila virilis and D. americana using the RepeatExplorer and TAREAN pipelines	bioRxiv (Cold Spring Harbor Laboratory)	Bráulio S.M.L. Silva, Pedro Heringer, Guilherme Borges Dias, Marta Svartman, Gustavo C. S. Kuhn
10.17660/actahortic.2019.1263.46	2019	De novo transcriptome analysis of peduncle necking in cut Rosa hybrida cultivar ‘H30’	Acta Horticulturae	Bianca Lear, Angela M. Marchbank, N.A. Kent, Katherine E. Tansey, Rachel C. Andrews, Paul F. Devlin, Hilary Joan Rogers, Anthony D. Stead
10.1111/imr.12817	2019	Decoding the complexities of human malaria through systems immunology	Immunological Reviews	Tuan M. Tran, Peter D. Crompton
10.1145/3331151	2019	Designing for Real-Time Groupware Systems to Support Complex Scientific Data Analysis	Proceedings of the ACM on Human-Computer Interaction	Golam Mostaeen, Banani Roy, Chanchal Kumar Roy, Kevin A. Schneider
10.1016/j.jmoldx.2019.09.004	2019	Detection of ESR1 Mutations in Single Circulating Tumor Cells on Estrogen Deprivation Therapy but Not in Primary Tumors from Metastatic Luminal Breast Cancer Patients	Journal of Molecular Diagnostics	André Franken, Ellen Honisch, Florian Reinhardt, Franziska Meier-Stiegen, Liwen Yang, Sandra Jaschinski, Iréne Esposito, Barbara Alberter, Bernhard Michael Polzer, Hanna Huebner, Peter Andreas Fasching, Sunil Pancholi, Lesley‐Ann Martin, Eugen Ruckhaeberle, Fabienne Schochter, Marie Lena Johanna Tzs
	2019	Detection of Helicobacter pylori Microevolution and Multiple Infection, and Genomic Analysis of Helicobacter pylori Strains		Montserrat Palau de Miguel
10.1007/978-3-030-22660-2_43	2019	Development and Usability Evaluation of a Prototype Conversational Interface for Biological Information Retrieval via Bioinformatics	Lecture notes in computer science	Walter Ritzel Paixão-Côrtes, Vanessa Stangherlin Machado Paixão-Côrtes, Cristiane Ellwanger, Osmar Norberto de Souza
10.1007/s11033-019-04919-z	2019	Development and characterization of 19 polymorphic microsatellite loci from the Red-cowled Cardinal (Paroaria dominicana, Passeriformes, Aves) using next-generation sequencing	Molecular Biology Reports	Ana Laura Rosa, Cássia Alves Lima‐Rezende, Fernando Pacheco Rodrigues, Renato Caparroz
10.1101/855189	2019	Development of PAR-CLIP to analyze RNA-protein interactions in prokaryotes	bioRxiv (Cold Spring Harbor Laboratory)	Sandeep S Ojha, Chaitanya Jain
10.1016/j.actatropica.2019.105101	2019	Development of a next generation DNA sequencing-based multi detection assay for detecting and identifying Leishmania parasites, blood sources, plant meals and intestinal microbiome in phlebotomine sand flies	Acta Tropica	Ibrahim Abbasi, Abedelmajeed Nasereddin, Alon Warburg
10.3389/fgene.2019.00691	2019	Differentially Expressed MiRNAs and tRNA Genes Affect Host Homeostasis During Highly Pathogenic Porcine Reproductive and Respiratory Syndrome Virus Infections in Young Pigs	Frontiers in Genetics	Damarius S. Fleming, Laura C. Miller
10.1093/gigascience/giz022	2019	Digital expression explorer 2: a repository of uniformly processed RNA sequencing data	GigaScience	Mark D. Ziemann, Antony Kaspi, Assam El‐Osta
10.1093/femsec/fiz108	2019	Diversity of tryptophan halogenases in sponges of the genus Aplysina	FEMS Microbiology Ecology	Johanna Gutleben, Jasper J. Koehorst, Kyle McPherson, Shirley A. Pomponi, René H. Wijffels, Hauke Smidt, Detmer Sipkema
10.1128/mra.01251-19	2019	Draft Genome Sequence of Enterobacter hormaechei Strain MHSD6, a Plant Endophyte Isolated from Medicinal Plant Pellaea calomelanos	Microbiology Resource Announcements	Khuthadzo Tshishonga, Mahloro Hope Serepa‐Dlamini
10.1186/s43008-019-0023-5	2019	Draft genome sequences of five Calonectria species from Eucalyptus plantations in China, Celoporthe dispersa, Sporothrix phasma and Alectoria sarmentosa	IMA Fungus	FeiFei Liu, ShuaiFei Chen, Maria Alves Ferreira, Runlei Chang, Mohammad Sayari, Aquillah M. Kanzi, Brenda Diana Wingfield, Michael J. Wingfield, David Pizarro, Ana Crespo, Pradeep Kumar Divakar, Z. Wilhelm de Beer, Tuan A. Duong
10.1080/15476286.2019.1630799	2019	Drosophila Regnase-1 RNase is required for mRNA and miRNA profile remodelling during larva-to-adult metamorphosis	RNA Biology	Li Zhu, Susan E. Liao, Ryuya Fukunaga
10.1091/mbc.e18-12-0791	2019	Drosophila p53 directs nonapoptotic programs in postmitotic tissue	Molecular Biology of the Cell	Paula Kurtz, Amanda E. Jones, Bhavana Tiwari, Nichole Link, Annika Wylie, Charles Tracy, Helmut Krämer, John Abrams
10.3920/bm2018.0067	2019	Dysbiosis in early sepsis can be modulated by a multispecies probiotic: a randomised controlled pilot trial	Beneficial Microbes	Vanessa Stadlbauer, Angela Horvath, Irina Komarova, Bianca Schmerboeck, Nicole Feldbacher, Ingeborg Klymiuk, Marija Durdević, Florian Rainer, Andreas Blesl, Philipp Stiegler, Bettina Leber
10.70675/7dcc2a56z9fc3z48cfz9080zbad6ebabfc56	2019	Développements en protéomique pour mieux comprendre la physiologie de l’ours brun hibernant et ouvrir la voie vers de nouvelles thérapies contre l’atrophie musculaire humaine		Blandine Chazarin
10.1016/b978-0-12-814872-3.00006-0	2019	Ecological Metabolomics: Challenges and Perspectives	Elsevier eBooks	Sumira Jan, Parvaiz Ahmad
10.1016/j.ygcen.2019.113319	2019	Effects of food deprivation on plasma insulin-like growth factor-1 (Igf1) and Igf binding protein (Igfbp) gene transcription in juvenile cabezon (Scorpaenichthys marmoratus)	General and Comparative Endocrinology	Jackson S. Strobel, Nicole L. Hack, Kevin T. Label, Kasey L. Cordova, Theresa V. Bersin, Meredith L. Journey, Brian R. Beckman, Sean C. Lema
10.1111/tpj.14283	2019	Effects of long‐term exposure to elevated temperature on Zea mays endosperm development during grain fill	The Plant Journal	Susan K. Boehlein, Peng Liu, Ashley Webster, Camila Bastos Ribeiro, Masaharu Suzuki, Shan Wu, Jiahn‐Chou Guan, Jon D. Stewart, William F. Tracy, A. Mark Settles, Donald R. McCarty, Karen E. Koch, L. Curtis Hannah, Tracie A. Hennen‐Bierwagen, Alan M. Myers
10.70675/a62d1385z78e3z4ac6za7d5z770697ff73ff	2019	Effet d'un prélèvement de biomasse ligneuse accru et d'une compensation minérale par apport de cendres sur la biodiversité des sols forestiers.		François Elie
10.1101/2019.12.28.889295	2019	Efficient data management infrastructure for the integration of imaging and omics data in life science research	bioRxiv (Cold Spring Harbor Laboratory)	Luis Kuhn Cuellar, Andreas Friedrich, Gisela Gabernet, Luis de la Garza, Sven Fillinger, Adrian Seyboldt, Sven zur Oven‐Krockhaus, Friederike Wanke, Sandra S. Richter, Wolfgang Maximilian Thaiss, Marius Horger, Nisar P. Malek, Klaus Harter, Michael Bitzer, Sven Nahnsen
10.15403/jgld-250	2019	Elevated Colonic Mucin Expression Correlates with Extended Time to Surgery for Ulcerative Colitis Patients	Journal of Gastrointestinal and Liver Diseases	Melanie A. Eshelman, Nimalan A. Jeganathan, Kathleen M. Schieffer, Bryan P. Kline, Megan A. Mendenhall, Sue M. Deiling, Leonard Harris, Walter A. Koltun, Gregory S. Yochum
10.26508/lsa.201900516	2019	Endogenous epitope-tagging of Tet1, Tet2 and Tet3 identifies TET2 as a naïve pluripotency marker	Life Science Alliance	Raphaël Pantier, Tülin Tatar, Douglas Colby, Ian Chambers
10.1038/s41467-019-08329-4	2019	Engineered transfer RNAs for suppression of premature termination codons	Nature Communications	John D. Lueck, Jae Seok Yoon, Alfredo Perales‐Puchalt, Adam L. Mackey, Daniel T. Infield, Mark A. Behlke, Marshall R. Pope, David B. Weiner, William R. Skach, Paul B. McCray, Christopher A. Ahern
10.1101/774232	2019	Eomes and Brachyury control pluripotency exit and germ layer segregation by changes of chromatin state	bioRxiv (Cold Spring Harbor Laboratory)	Jelena Tošić, Gwang-Jin Kim, Mihael Pavlovic, Chiara M. Schröder, Sophie‐Luise Mersiowsky, Margareta Barg, Alexis Hofherr, Simone Probst, Michael Köttgen, Lutz Hein, Sebastian J. Arnold
10.1038/s41556-019-0423-1	2019	Eomes and Brachyury control pluripotency exit and germ-layer segregation by changing the chromatin state	Nature Cell Biology	Jelena Tošić, Gwang-Jin Kim, Mihael Pavlovic, Chiara M. Schröder, Sophie‐Luise Mersiowsky, Margareta Barg, Alexis Hofherr, Simone Probst, Michael Köttgen, Lutz Hein, Sebastian J. Arnold
10.1016/j.devcel.2019.05.034	2019	Epigenetic Compensation Promotes Liver Regeneration	Developmental Cell	Shuang Wang, Chi Zhang, Dan Hasson, Anal Desai, Sucharita SenBanerjee, Elena Magnani, Chinweike Ukomadu, Amaia Lujambio, Emily Bernstein, Kirsten C. Sadler
10.1101/646430	2019	Epigenetic regulation underlying Plasmodium berghei gene expression during its developmental transition from host to vector	bioRxiv (Cold Spring Harbor Laboratory)	Kathrin Witmer, Sabine A. K. Fraschka, Dina Vlachou, Richárd Bártfai, George K. Christophides
10.1101/573659	2019	Epstein-Barr virus inactivates the transcriptome and disrupts the chromatin architecture of its host cell in the first phase of lytic reactivation	bioRxiv (Cold Spring Harbor Laboratory)	Alexander Buschle, Paulina Mrozek-Górska, Stefan Krebs, Helmut Blum, Filippo Maria Cernilogar, Gunnar Schotta, Dagmar Pich, Tobias Straub, Wolfgang Hammerschmidt
10.70675/f75dd776za1b4z42eazaac7z5add9f744e3d	2019	Etude de la réponse environnementale et transgénérationnelle chez l’huitre creuse Crassostrea gigas : focus sur les mécanismes épigénétiques		Manon Fallet
10.21203/rs.2.12907/v2	2019	Evaluation of small ncRNAs as a possible epigenetic mechanism mediating the transition from biotrophy to necrotrophy in the life cycle of Phytophthora infestans	Research Square	Juliana González‐Tobón, Alejandra Rodríguez-Jaramillo, Laura Milena Forero, Laura Natalia González-García, Giovanna Danies, Silvia Restrepo
10.21203/rs.2.12907/v1	2019	Evaluation of small ncRNAs as a possible epigenetic mechanism mediating the transition from biotrophy to necrotrophy in the life cycle of Phytophthora infestans	Research Square	Juliana González‐Tobón, Alejandra Rodríguez-Jaramillo, Laura Milena Forero, Laura Natalia González-García, Giovanna Danies, Silvia Restrepo
10.1016/j.ibmb.2019.103227	2019	Evolutionary trends of neuropeptide signaling in beetles - A comparative analysis of Coleopteran transcriptomic and genomic data	Insect Biochemistry and Molecular Biology	Aniruddha A. Pandit, Shireen-Anne Davies, Guy J. Smagghe, Julian A. T. Dow
10.3791/58447-v	2019	Exploring the Effects of Spaceflight on Mouse Physiology using the Open Access NASA GeneLab Platform	Journal of Visualized Experiments	Afshin Beheshti, Yasaman Shirazi‐Fard, Sungshin Y. Choi, Daniel C. Berrios, Samrawit Gebre, Jonathan Matthew Galazka, Sylvain V. Costes
10.1038/s41467-019-10428-1	2019	Factors other than hTau overexpression that contribute to tauopathy-like phenotype in rTg4510 mice	Nature Communications	Julia Gamache, Kellie A. Benzow, Colleen L. Forster, Lisa J. Kemper, Chris J.W. Hlynialuk, Eva Furrow, Karen H. Ashe, Michael D. Koob
10.21203/rs.2.1788/v1	2019	Factors other than hTau overexpression that contribute to tauopathy-like phenotype in rTg4510 mice	Research Square	Julia Gamache, Kellie A. Benzow, Colleen L. Forster, Lisa J. Kemper, Chris J.W. Hlynialuk, Eva Furrow, Karen H. Ashe, Michael D. Koob
10.1093/ofid/ofz379	2019	Fecal Transplant in Children With Clostridioides difficile Gives Sustained Reduction in Antimicrobial Resistance and Potential Pathogen Burden	Open Forum Infectious Diseases	Suchitra K. Hourigan, Michelle Ahn, Keylie M. Gibson, Marcos Pérez‐Losada, Grace Felix, Melissa Weidner, Ian Leibowitz, John E. Niederhuber, Cynthia L. Sears, Keith A. Crandall, Maria M. Oliva‐Hemker
10.1128/mra.00840-19	2019	First Complete Genome Sequence of Currently Circulating Infectious Bronchitis Virus Strain DMV/1639 of the GI-17 Lineage	Microbiology Resource Announcements	Iryna V. Goraichuk, Arun B. Kulkarni, Dawn Williams-Coplin, David L. Suarez, Claudio L. Afonso
10.1128/mra.00436-19	2019	First Complete Genome Sequence of a Subgenotype Vd Newcastle Disease Virus Isolate	Microbiology Resource Announcements	Iryna V. Goraichuk, Peter L. M. Msoffe, Gaspar H. Chiwanga, Kiril M. Dimitrov, Claudio L. Afonso, David L. Suarez
10.1038/s41598-019-42474-6	2019	First report of Salmonella 1,4,[5],12:i:- in free-ranging striped dolphins (Stenella coeruleoalba), Italy	Scientific Reports	Carla Grattarola, Silvia Gallina, Federica Giorda, Alessandra Pautasso, Marco Ballardini, Barbara Iulini, Katia Varello, Maria Goria, Simone Peletto, Loretta Masoero, Laura Serracca, Angelo Romano, Alessandro Dondo, Simona Zoppi, Fulvio Garibaldi, Frine Eleonora Scaglione, Letizia Marsili, Giovanni 
10.7717/peerj.8111	2019	From command-line bioinformatics to bioGUI	PeerJ	Markus Joppich, Ralf Zimmer
10.70675/06dabf45zaf8az4675z8415z455092090aa3	2019	From skeletal muscle stem cells to tissue atlases : new tools to investigate and circumvent dissociation-induced stress		Leo A. Machado
10.1101/845610	2019	Full-coverage native RNA sequencing of HIV-1 viruses	bioRxiv (Cold Spring Harbor Laboratory)	Alejandro Rafael Gener, Jason T. Kimata
10.1101/727479	2019	GATA3 controls mitochondrial biogenesis in primary human CD4 + T cells during DNA damage	bioRxiv (Cold Spring Harbor Laboratory)	Lauren A. Callender, Johannes Schroth, Elizabeth C. Carroll, Lisa E. L. Romano, Eleanor Hendy, Audrey Kelly, Paul Lavender, Arne N. Akbar, J. Paul Chapple, Siân M. Henson
10.1101/771063	2019	GEO2RNAseq: An easy-to-use R pipeline for complete pre-processing of RNA-seq data	bioRxiv (Cold Spring Harbor Laboratory)	Bastian Seelbinder, Thomas Wolf, Steffen Priebe, Sylvie McNamara, Silvia Gerber, Reinhard Guthke, Jörg Linde
10.1093/gigascience/giz037	2019	GenPipes: an open-source framework for distributed and scalable genomic analyses	GigaScience	Mathieu Bourgey, Rola Dali, Robert J. M. Eveleigh, Kuang Chung Chen, Louis Létourneau, Joël Fillon, Marc Michaud, Maxime Caron, Johanna Sandoval, François Lefebvre, Gary Leveque, Eloi Mercier, David Bujold, Pascale Marquis, Patrick Tran Van, David Anderson de Lima Morais, Julien Tremblay, Xiaojian S
10.1007/s00122-019-03378-1	2019	Genetic analysis of a worldwide barley collection for resistance to net form of net blotch disease (Pyrenophora teres f. teres)	Theoretical and Applied Genetics	Fluturë Novakazi, О. С. Афанасенко, А. В. Анисимова, Gregory J. Platz, Rod J. Snowdon, Olga N. Kovaleva, A. A. Zubkovich, Frank Ordon
10.1101/829986	2019	Genetic structure at national and regional scale in a long-distance dispersing pest organism, the bird cherry–oat aphid Rhopalosiphum padi	bioRxiv (Cold Spring Harbor Laboratory)	Ramiro Morales‐Hojas, Asier Gonzalez‐Uriarte, Fernando Alvira-Iraizoz, Todd M. Jenkins, L. J. Alderson, Tracey Kruger, Mike J. Hall, Alex Greenslade, Chris R. Shortall, James R. Bell
10.1101/726588	2019	Genetically encoded cell-death indicators (GEDI) to detect an early irreversible commitment to neurodegeneration	bioRxiv (Cold Spring Harbor Laboratory)	Jeremy W. Linsley, Kevan D. Shah, Nicholas A. Castello, Michelle Y. Chan, Dominic Haddad, Jay A. Mancini, Viral D. Oza, Shijie Wang, Ashkan Javaherian, David Kokel, Steven M. Finkbeiner
10.1128/mra.01529-18	2019	Genome Resequencing of Laboratory Stocks of Burkholderia pseudomallei K96243	Microbiology Resource Announcements	Sariqa Wagley, Andrew Scott, Philip M. Ireland, Joann L. Prior, Timothy P. Atkins, Gregory J. Bancroft, David John Studholme, Richard W. Titball
10.1094/mpmi-12-18-0334-a	2019	Genome Resource for Neocamarosporium betae (syn. Pleospora betae), the Cause of Phoma Leaf Spot and Root Rot on Beta vulgaris	Molecular Plant-Microbe Interactions	Niloofar Vaghefi, Alex Silva, Lori B. Koenick, Sarah Jane Pethybridge
10.1016/j.plgene.2019.100180	2019	Genome-wide identification, characterization and in-silico profiling of genes encoding FAD (fatty acid desaturase) proteins in chickpea (Cicer arietinum L.)	Plant Gene	Rashmi Saini, Sanjeev Kumar
10.1038/s41388-019-0905-4	2019	Genome-wide mapping of DNA-binding sites identifies stemness-related genes as directly repressed targets of SNAIL1 in colorectal cancer cells	Oncogene	Sven Beyes, Geoffroy Andrieux, Monika Schrempp, David Aicher, Janna Wenzel, Pablo Antón-García, Melanie Boerries, Andreas Hecht
10.1111/pbr.12792	2019	Genome‐wide association studies in a barley (Hordeum vulgare) diversity set reveal a limited number of loci for resistance to spot blotch (Bipolaris sorokiniana)	Plant Breeding	Fluturë Novakazi, О. С. Афанасенко, Nina M. Lashina, Gregory J. Platz, Rod J. Snowdon, И. Г. Лоскутов, Frank Ordon
10.3389/fmicb.2019.00670	2019	Genomic Characterization of Arcobacter butzleri Isolated From Shellfish: Novel Insight Into Antibiotic Resistance and Virulence Determinants	Frontiers in Microbiology	Francesca Fanelli, Angela Di Pinto, Anna Mottola, Giuseppina Mulè, Daniele Chieffi, Federico Baruzzi, Giuseppina Marilia Tantillo, Vincenzina Fusco
10.1534/g3.119.400125	2019	Genomic Variants Among Threatened Acropora Corals	G3 Genes Genomes Genetics	Sheila A. Kitchen, Aakrosh Ratan, Oscar C. Bedoya-Reina, Richard C. Burhans, Nicole D. Fogarty, Webb Miller, Iliana B. Baums
10.1534/g3.119.400552	2019	Genomics Analysis of L-DOPA Exposure inDrosophila sechellia	G3 Genes Genomes Genetics	Stephen Lanno, Ivy Lam, Zachary Drum, Samuel C. Linde, Sara Michelle Gregory, Serena J. E. Shimshak, Mariel V Becker, Kerry E Brew, Aashli Budhiraja, Eliza A Carter, Lorencia Chigweshe, Keagan P. Collins, Timothy S. Earley, Hannah L Einstein, Angela H. S. Fan, Sarah S Goss, Eric Robert Hagen, Sarah 
10.1016/j.apsoil.2019.103443	2019	Genotype and soil water availability shape the composition of AMF communities at chickpea early growth stages	Applied Soil Ecology	Athanasia Kavadia, Michalis Omirou, Dionysia A. Fasoula, Slave Trajanoski, Elena Andreou, Ioannis M. Ioannides
10.1093/gigascience/giz051	2019	Gigwa v2—Extended and improved genotype investigator	GigaScience	Guilhem Sempéré, Adrien Pétel, Mathieu Rouard, Julien Frouin, Yann Hueber, Fabien De Bellis, Pierre Larmande
10.1002/wsbm.1465	2019	Going low to reach high: Small‐scale ChIP‐seq maps new terrain	WIREs Systems Biology and Medicine	Madeleine Fosslie, Adeel Manaf, Mads Lerdrup, Klaus Hansen, Gregor D. Gilfillan, John Arne Dahl
10.3748/wjg.v25.i25.3242	2019	Gut microbiota contributes to the distinction between two traditional Chinese medicine syndromes of ulcerative colitis	World Journal of Gastroenterology	Yali Zhang, Liting Cai, Jun-Yi Qi, Yunzheng Lin, Yan-Cheng Dai, Na Jiao, Youlan Chen, Lie Zheng, Beibei Wang, Lixin Zhu, Zhipeng Tang, Ruixin Zhu
10.1016/j.jmb.2019.09.006	2019	H3K36me2/3 Binding and DNA Binding of the DNA Methyltransferase DNMT3A PWWP Domain Both Contribute to its Chromatin Interaction	Journal of Molecular Biology	Michael Dukatz, Katharina Holzer, Michel Choudalakis, Max Emperle, Cristiana Lungu, Pavel Bashtrykov, Albert Jeltsch
10.1109/mcse.2019.2918766	2019	Heterogeneous Hierarchical Workflow Composition	Computing in Science & Engineering	Orçun Yildiz, Jorge Ejarque, Henry Chan, Subramanian K. R. S. Sankaranarayanan, Rosa M. Badia, Tom Peterka
10.1089/hum.2018.253	2019	High-Throughput Quantification of In Vivo Adeno-Associated Virus Transduction with Barcoded Non-Coding RNAs	Human Gene Therapy	Meiyu Xu, Jia Li, Jun Xie, Ran He, Qin Su, Guangping Gao, Phillip W.L. Tai
10.3389/fevo.2019.00260	2019	How Does eDNA Compare to Traditional Trapping? Detecting Mosquito Communities in South-African Freshwater Ponds	Frontiers in Ecology and Evolution	Louie Krol, Berry van der Hoorn, Erin E. Gorsich, Krijn Baptist Trimbos, Peter M. van Bodegom, Maarten J. J. Schrama
10.2217/epi-2018-0161	2019	Human High-Density Lipoprotein Microtranscriptome is Unique and Suggests an Extended Role in Lipid Metabolism	Epigenomics	Véronique Desgagné, Renée Guérin, Simon‐Pierre Guay, Marjorie Boyer, Elizabeth D. Hutchins, Samuel Picard, Alexandre Maréchal, François Corbin, Kendall R. Van Keuren‐Jensen, Benoît J. Arsenault, Luigi Bouchard
10.1038/s41598-019-46146-3	2019	Human gut microbiome changes during a 10 week Randomised Control Trial for micronutrient supplementation in children with attention deficit hyperactivity disorder	Scientific Reports	Aaron J. Stevens, Rachel Violet Purcell, Kathryn A. Darling, Matthew J. F. Eggleston, Martin Alexander Kennedy, Julia J. Rucklidge
10.15252/embj.2019101552	2019	Hyperoxidation of mitochondrial peroxiredoxin limits H2O2‐induced cell death in yeast	The EMBO Journal	Gaetano Calabrese, Esra Peker, Prince Saforo Amponsah, Michaela Nicole Hoehne, Trine Riemer, Marie Mai, Gerd Patrick Bienert, Marcel Deponte, Bruce A. Morgan, Jan Riemer
10.2478/dim-2019-0002	2019	Identifier Services: Modeling and Implementing Distributed Data Management in Cyberinfrastructure	Data and Information Management	María Esteva, Ramona Walls, Andrew B. Magill, Weijia Xu, Ruizhu Huang, James P. Carson, Jawon Song
10.3389/fmicb.2019.02138	2019	Impact of a Nomadic Pastoral Lifestyle on the Gut Microbiome in the Fulani Living in Nigeria	Frontiers in Microbiology	Ayorinde O. Afolayan, Funmilola Abidemi Ayeni, Christine Moissl‐Eichinger, Gregor Gorkiewicz, Bettina Halwachs, Christoph Högenauer
10.1101/798900	2019	Impact of small RNAs in retrograde signalling pathways in Arabidopsis thaliana	bioRxiv (Cold Spring Harbor Laboratory)	Kristin Habermann, Bhavika Tiwari, Maria Krantz, Stephan O. Adler, Edda Klipp, M. Asif Arif, Wolfgang Frank
10.1186/s12862-019-1444-x	2019	Improved phylogenomic sampling of free-living nematodes enhances resolution of higher-level nematode phylogeny	BMC Evolutionary Biology	Ashleigh B. Smythe, Oleksandr Holovachov, Kevin M. Kocot
10.1038/s41590-019-0336-y	2019	Inflammatory macrophage dependence on NAD+ salvage is a consequence of reactive oxygen species–mediated DNA damage	Nature Immunology	Alanna M. Cameron, Ângela Castoldi, David E. Sanin, Lea J. Flachsmann, Cameron S. Field, Daniel J. Puleston, Ryan L. Kyle, Annette E. Patterson, Fabian Hässler, Joerg Martin Buescher, Beth L. Kelly, Erika L. Pearce, Edward J. Pearce, Edward J. Pearce, Edward J. Pearce
10.1038/s41598-019-40883-1	2019	Insight into the genome and brackish water adaptation strategies of toxic and bloom-forming Baltic Sea Dolichospermum sp. UHCC 0315	Scientific Reports	Jonna E. Teikari, Rafael Vicentini Popin, Shengwei Hou, Matti Wahlsten, Wolfgang R. Hess, Kaarina Sivonen
10.1016/j.cell.2019.02.030	2019	Insulin Receptor Associates with Promoters Genome-wide and Regulates Gene Expression	Cell	Melissa Hancock, Rebecca C. Meyer, Meeta Mistry, Radhika S. Khetani, Alexandre Wagschal, Taehwan Shin, Shannan J. Ho Sui, Anders M. Näär, John G. Flanagan
10.1371/journal.pgen.1008029	2019	Intercellular communication is required for trap formation in the nematode-trapping fungus Duddingtonia flagrans	PLoS Genetics	Loubna Youssar, Valentin Wernet, Nicole Hensel, Xi Yu, Heinz-Georg Hildebrand, Birgit Schreckenberger, Marius Kriegler, Birgit Hetzer, Phillip Andrew Frankino, Andrew Dillin, Rainer Fischer
10.1101/679043	2019	Interplay of ERα binding and DNA methylation in the intron-2 determines the expression and estrogen regulation of Cystatin A in breast cancer cells	bioRxiv (Cold Spring Harbor Laboratory)	Dixcy Jaba Sheeba John Mary, Girija Sikarwar, Ajay Kumar, Anil Mukund Limaye
10.1002/ece3.4885	2019	Investigating the role of Osiris genes in Drosophila sechellia larval resistance to a host plant toxin	Ecology and Evolution	Stephen Lanno, Serena J. E. Shimshak, Rubye Dimitri Peyser, Samuel C. Linde, Joseph D. Coolon
	2019	Investigating the role of the mesoderm induction early response (MIER) family members as transcriptional co-repressors	Memorial University Research Repository (Memorial University)	Roya Derwish
10.1016/j.celrep.2019.01.051	2019	Ipa1 Is an RNA Polymerase II Elongation Factor that Facilitates Termination by Maintaining Levels of the Poly(A) Site Endonuclease Ysh1	Cell Reports	Erika L. Pearson, Joel H. Graber, Susan D. Lee, Kristoph S. Naggert, Claire L. Moore
10.7554/elife.40292	2019	Is it possible to reconstruct an accurate cell lineage using CRISPR recorders?	eLife	Irepan Salvador‐Martínez, Marco Grillo, Michalis Averof, Maximilian J. Telford
10.1007/978-1-4939-9818-0_17	2019	Isolating Male Meiocytes from Maize and Wheat for “-Omics” Analyses	Methods in molecular biology	Stefanie Dukowic‐Schulze, Nelson Garcia, Arun S. K. Shunmugam, Sateesh Kagale, Changbin Chen
10.1101/699504	2019	JBrowse Connect: A server API to connect JBrowse instances and users	bioRxiv (Cold Spring Harbor Laboratory)	Eric Yao, Robert Buels, Taner Z. Sen, Lincoln Stein, Ian H Holmes
10.1099/jgv.0.001210	2019	Kodoja: A workflow for virus detection in plants using k-mer analysis of RNA-sequencing data	Journal of General Virology	Amanda Baizan-Edge, Peter Cock, Stuart A. MacFarlane, Wendy J. McGavin, Lesley Torrance, Susan R. Jones
10.1111/nph.16246	2019	Lack of FIBRILLIN6 in Arabidopsis thaliana affects light acclimation and sulfate metabolism	New Phytologist	Kwanuk Lee, Martin Lehmann, Melanie Paul, Liangsheng Wang, Manja Luckner, Gerhard Wanner, Peter Geigenberger, Dario Leister, Tatjana Kleine
10.1099/ijsem.0.003480	2019	Leptospira yasudae sp. nov. and Leptospira stimsonii sp. nov., two new species of the pathogenic group isolated from environmental sources	INTERNATIONAL JOURNAL OF SYSTEMATIC AND EVOLUTIONARY MICROBIOLOGY	Arnau Casanovas‐Massana, Camila Hamond, Luciane Amorim Santos, Daiana de Oliveira, Kathryn P. Hacker, Ilana Teruszkin Balassiano, Federico Costa, Marco Alberto Medeiros, Mitermayer Galvão dos Reis, Albert Icksang Ko, Elsio Augusto Wunder
10.1111/1462-2920.14599	2019	Linking soil's volatilome to microbes and plant roots highlights the importance of microbes as emitters of belowground volatile signals	Environmental Microbiology	Denis Schenkel, Aurélie Deveau, Jun Niimi, Pierre Mariotte, Amarante Vitra, Marco Meisser, Alexandre Buttler, Richard Splivallo
10.1038/s41598-019-42292-w	2019	Long intergenic non-coding RNAs regulate human lung fibroblast function: Implications for idiopathic pulmonary fibrosis	Scientific Reports	Marina R. Hadjicharalambous, Benoit Thomas Roux, Eszter Csomor, Carol A. Feghali‐Bostwick, Lynne A. Murray, Deborah L. Clarke, Mark A. Lindsay
10.1104/pp.18.01020	2019	Loss of CRWN Nuclear Proteins Induces Cell Death and Salicylic Acid Defense Signaling	PLANT PHYSIOLOGY	Junsik Choi, Susan R. Strickler, Eric J. Richards
10.1093/nar/gkz1010	2019	MEGARes 2.0: a database for classification of antimicrobial drug, biocide and metal resistance determinants in metagenomic sequence data	Nucleic Acids Research	Enrique Doster, Steven M. Lakin, Christopher Dean, Cory A. Wolfe, Jared G Young, Christina A. Boucher, K. E. Belk, Noelle Robertson Noyes, Paul S. Morley
10.12688/f1000research.13204.3	2019	META-pipe cloud setup and execution	F1000Research	Aleksandr Agafonov, Kimmo J. Mattila, Cuong Duong Tuan, Lars Tiede, Inge Alexander Raknes, Lars Ailo Bongo
10.1093/gigascience/giz020	2019	MGS-Fast: Metagenomic shotgun data fast annotation using microbial gene catalogs	GigaScience	Stuart M. Brown, Hao Chen, Yuhan Hao, Bobby P. Laungani, Thahmina A. Ali, Changsu Dong, Carlos Lijeron, Baekdoo Kim, Claudia Wultsch, Zhiheng Pei, Konstantinos Krampis
10.1093/database/baz086	2019	Mammalian Annotation Database for improved annotation and functional classification of Omics datasets from less well-annotated organisms	Database	Jochen Bick, Shuqin Zeng, Mark D. Robinson, Susanne Ernestine Ulbrich, Stefan Bauersachs
10.1371/journal.pone.0211608	2019	Managing genomic variant calling workflows with Swift/T	PLoS ONE	Azza E. Ahmed, Jacob R. Heldenbrand, Yan W. Asmann, Faisal M. Fadlelmola, Daniel S. Katz, Katherine I. Kendig, Matthew Charles Kendzior, Tiffany Li, Yingxue Ren, Elliott L. Rodriguez, Matthew R. Weber, Justin M. Wozniak, Jennie Zermeno, Liudmila Sergeevna Mainzer
10.1101/524645	2019	Managing genomic variant calling workflows with Swift/T	bioRxiv (Cold Spring Harbor Laboratory)	Azza E. Ahmed, Jacob R. Heldenbrand, Yan W. Asmann, Faisal M. Fadlelmola, Daniel S. Katz, Katherine I. Kendig, Matthew Charles Kendzior, Tiffany Li, Yingxue Ren, Elliott L. Rodriguez, Matthew R. Weber, Justin M. Wozniak, Jennie Zermeno, Liudmila Sergeevna Mainzer
10.1101/867861	2019	Mapping chromatin accessibility and active regulatory elements reveals new pathological mechanisms in human gliomas	bioRxiv (Cold Spring Harbor Laboratory)	Karolina Stępniak, Magdalena A. Machnicka, Jakub Mieczkowski, Anna Macioszek, Bartosz Wojtaś, Bartłomiej Gielniewski, Sylwia Katarzyna Król, Rafał Guzik, Michał J. Dąbrowski, Michał Dramiński, Marta Jardanowska, Ilona E. Grabowicz, Agata Dziedzic, Hanna Kranas, Karolina Sienkiewicz, Klev Diamanti, K
10.7554/elife.50160	2019	Maternally regulated gastrulation as a source of variation contributing to cavefish forebrain evolution	eLife	Jorge Torres‐Paz, Julien Leclercq, Sylvie Rétaux
10.1002/stem.3029	2019	Metabolomic and Transcriptional Analyses Reveal Atmospheric Oxygen During Human Induced Pluripotent Stem Cell Generation Impairs Metabolic Reprogramming	Stem Cells	James Spyrou, David K. Gardner, Alexandra J. Harvey
10.3390/metabo9070145	2019	Metabolomics Analytics Workflow for Epidemiological Research: Perspectives from the Consortium of Metabolomics Studies (COMETS)	Metabolites	Mary C. Playdon, Amit D. Joshi, Fred K. Tabung, Susan C. Cheng, Mir Henglin, Andy Kim, Tengda Lin, Eline H. van Roekel, Jiaqi Huang, Jan Krumsiek, Ying Wang, Ewy A. Mathé, Marinella G. Temprosa, Steven C. Moore, Bo Chawes, A. Heather Eliassen, Andrea Gsur, Marc James Gunter, Sei Harada, Claudia Lang
10.1128/9781555819972.ch36	2019	Metagenomics of Meat and Poultry	Food Microbiology	Margaret D. Weinroth, Noelle Robertson Noyes, Paul M. Morley, K. E. Belk
10.17615/b9mp-5v61	2019	Metagenomics of the Galapagos Marine Microbiome	Carolina Digital Repository (University of North Carolina at Chapel Hill)	Liang Zhao
10.4109/jslab.30.38	2019	Methods for analyzing next-generation sequencing data XIII.RNA-seq analysis (Part 1)	Japanese Journal of Lactic Acid Bacteria	Tomoko Terada, Mitsuo Sakamoto, Kentaro K. Shimizu, Koji Kadota
10.4109/jslab.30.153	2019	Methods for analyzing next-generation sequencing data XIV. RNA-seq analysis (Part 2)	Japanese Journal of Lactic Acid Bacteria	Tomoko Terada, Kentaro K. Shimizu, Koji Kadota
10.3389/fmicb.2019.01429	2019	Microbial Diversity in Bulk and Rhizosphere Soil of Ranunculus glacialis Along a High-Alpine Altitudinal Gradient	Frontiers in Microbiology	Nadine Praeg, Harald Pauli, Paul Illmer
10.1111/1462-2920.14621	2019	Microbial iron metabolism as revealed by gene expression profiles in contrasted Southern Ocean regimes	Environmental Microbiology	Pavla Debeljak, Ève Toulza, Sara Beier, Stéphane Blain, Ingrid Obernosterer
10.1016/j.cmet.2019.11.021	2019	Mitochondrial Integrity Regulated by Lipid Metabolism Is a Cell-Intrinsic Checkpoint for Treg Suppressive Function	Cell Metabolism	Cameron S. Field, Francesc Baixauli, Ryan L. Kyle, Daniel J. Puleston, Alanna M. Cameron, David E. Sanin, Keli Lee Hippen, Michael L. Loschi, Govindarajan Thangavelu, Mauro Corrado, Joy Edwards-Hicks, Katarzyna M. Grzes, Edward J. Pearce, Bruce R. Blazar, Erika L. Pearce
10.1016/j.stemcr.2019.04.009	2019	Modeling Motor Neuron Resilience in ALS Using Stem Cells	Stem Cell Reports	Ilary Allodi, Jik Nijssen, Julio Aguila Benitez, Christoph Schweingruber, Andrea Fuchs, Gillian Bonvicini, Ming Rong Cao, Ole Kiehn, Eva Hedlund
10.1111/jnc.14882	2019	Modulation of hippocampal neuronal resilience during aging by the Hsp70/Hsp90 co‐chaperone STI1	Journal of Neurochemistry	Rachel E. Lackie, Abdul Razzaq, Sali M.K. Farhan, Lily R. Qiu, Gilli Moshitzky, Flávio H. Beraldo, Marilene Hohmuth Lopes, Andrzej Maciejewski, Robert Gros, Jue Fan, Wing‐Yiu Choy, David Greenberg, Vilma Regina Martins, Martin L. Duennwald, Jason P. Lerch, Hermona Soreq, Vânia F. Prado, Marco A. M. 
10.1101/771642	2019	Modulation of peptidoglycan synthesis by recycled cell wall tetrapeptides	bioRxiv (Cold Spring Harbor Laboratory)	Sara B. Hernández, Tobias Dörr, Matthew K. Waldor, Felipe Cava
10.70675/d91a3321z646fz4691zb1f5z1e5039b15385	2019	Modélisation de séquences et reconstruction non supervisée de génomes microbiens à partir de donnée métagénomiques.		Kévin Gravouil
10.1016/j.celrep.2019.11.066	2019	Molecular Basis for Autosomal-Dominant Renal Fanconi Syndrome Caused by HNF4A	Cell Reports	Valentina Marchesin, Albert Pérez‐Martí, Gwenn Le Meur, Roman Pichler, Kelli Grand, Enriko D. Klootwijk, Anne Kesselheim, Robert Kleta, Soeren S. Lienkamp, Matias Simons
10.1002/ece3.4896	2019	Molecular diet analysis finds an insectivorous desert bat community dominated by resource sharing despite diverse echolocation and foraging strategies	Ecology and Evolution	Rowena Gordon, Sally Ivens, Loren K. Ammerman, M. Brock Fenton, Joanne E. Littlefair, John M. Ratcliffe, Elizabeth L. Clare
10.1667/rr15310.1	2019	Monocyte Polarization is Altered by Total-Body Irradiation in Male Rhesus Macaques: Implications for Delayed Effects of Acute Radiation Exposure	Radiation Research	Kristofer T. Michalson, Andrew N. Macintyre, Gregory D. Sempowski, J. Daniel Bourland, Timothy D. Howard, Gregory A. Hawkins, Gregory O. Dugan, J. Mark Cline, Thomas C. Register
10.1101/602474	2019	MuGVRE. A virtual research environment for 3D/4D genomics	bioRxiv (Cold Spring Harbor Laboratory)	Laia Codó, Genís Bayarri, J. Álvarez Cid-Fuentes, Javier Conejero, Romina Royo, Dmitry Repchevsky, Marco Pasi, Athina Meletiou, Mark D. McDowall, Reham Fatima, J. Alcantara, Brian Jiménez‐García, Jürgen Walther, Ricard Illa, François Serra, Michael Goodstadt, David Castillo, Satish Sati, Diana Camil
10.1038/s41564-019-0581-8	2019	Mucin glycans attenuate the virulence of Pseudomonas aeruginosa in infection	Nature Microbiology	Kelsey M. Wheeler, Gerardo Cárcamo‐Oyarce, Bradley S. Turner, Sheri Dellos-Nolan, Julia Y. Co, Sylvain D. Lehoux, Richard D. Cummings, Daniel J. Wozniak, Katharina Ribbeck
10.1016/b978-0-08-100596-5.22909-0	2019	NMR-Based Metabolomics	Elsevier eBooks	José Luis Izquierdo-García, Daniel Padró, Palmira Villa, Lucía Fadón
10.1371/journal.pone.0204542	2019	NOJAH: NOt Just Another Heatmap for genome-wide cluster analysis	PLoS ONE	Manali Rupji, Bhakti Dwivedi, Jeanne Kowalski
10.1101/670042	2019	Natural variants in C. elegans atg-5 3’UTR uncover divergent effects of autophagy on polyglutamine aggregation in different tissues	bioRxiv (Cold Spring Harbor Laboratory)	Jasmine Alexander-Floyd, Saroona Haroon, Ying Ma, AA Entezari, Clemens Jaeger, Marc Vermulst, Tali Gidalevitz
10.1101/821769	2019	Neuronal transcriptome analyses reveal novel neuropeptide modulators of excitation and inhibition imbalance in C. elegans	bioRxiv (Cold Spring Harbor Laboratory)	Katherine A McCulloch, Kingston Zhou, Yishi Jin
10.1038/s41598-019-50287-w	2019	No evidence for viral small RNA production and antiviral function of Argonaute 2 in human cells	Scientific Reports	Susan Schuster, Gijs J. Overheul, Lisa M. Bauer, Frank J. M. van Kuppeveld, Ronald P. van Rij
10.1016/j.molcel.2019.07.031	2019	Non-core Subunits of the PRC2 Complex Are Collectively Required for Its Target-Site Specificity	Molecular Cell	Jonas Westergaard Højfeldt, Lin Hedehus, Anne Laugesen, Tülin Tatar, Laura Wiehle, Kristian Helin
10.1093/ve/vez010	2019	Novel insights into endogenous RNA viral elements in Ixodes scapularis and other arbovirus vector genomes	Virus Evolution	Alice G. Russo, Andrew G. Kelly, Daniel Enosi Tuipulotu, Mark M. Tanaka, Peter A. White
10.53846/goediss-7778	2019	Nuclear NFATc1/Smad3 complexes in Smad4-deficient pancreatic cancer		Marie C. Hasselluhn
10.1101/755272	2019	Nucleosome positioning sequence patterns as packing or regulatory	bioRxiv (Cold Spring Harbor Laboratory)	Erinija Pranckevičienė, Sergey Hosid, Nathan Liang, Ilya P. Ioshikhes
10.1038/s41598-018-37174-6	2019	Off-target based drug repurposing opportunities for tivantinib in acute myeloid leukemia	Scientific Reports	Brent M. Kuenzi, Lily L. Remsing Rix, Fumi Kinose, Jodi L. Kroeger, Jeffrey E. Lancet, Eric Padron, Uwe Rix
10.3390/plants8120607	2019	Omics Potential in Herbicide-Resistant Weed Management	Plants	Eric L. Patterson, Christopher A. Saski, Anita Küpper, Roland Beffa, Todd Adam Gaines
10.70675/041f272dz23faz452bzb352z46cf95acb76d	2019	Optimisation de la stratégie de thérapie génique par vecteur lentiviral pour la β-thalassémie		Marie Laurence Giorgi
10.1155/2019/8195614	2019	Oxygen Regulates Human Pluripotent Stem Cell Metabolic Flux	Stem Cells International	Jarmon G. Lees, Timothy S. Cliff, Amanda Gammilonghi, James G. Ryall, Stephen L. Dalton, David K. Gardner, Alexandra J. Harvey
10.1038/s41379-019-0261-5	2019	PD-1 (PDCD1) promoter methylation in Merkel cell carcinoma: prognostic relevance and relationship with clinico-pathological parameters	Modern Pathology	Costantino Ricci, Luca Morandi, Alberto Righi, Dino Gibertoni, Francesca Maletta, Francesca Ambrosi, Claudio Agostinelli, Silvia Uccella, Silvia Asioli, Silvia Asioli, Fausto Sessa, Maria Pellilli, Roberta Maragliano, Stefano La Rosa, Mauro Giulio Papotti, Sofia Asioli, Sofia Asioli
10.1016/j.devcel.2019.05.021	2019	PRC2-Associated Chromatin Contacts in the Developing Limb Reveal a Possible Mechanism for the Atypical Role of PRC2 in HoxA Gene Expression	Developmental Cell	Claudia Gentile, Soizik Berlivet, Alexandre Mayran, Denis Paquette, Fanny Guerard-Millet, Emmanuel Bajon, Josée Dostie, Marie Kmita
10.1111/adb.12859	2019	Paternal nicotine enhances fear memory, reduces nicotine administration, and alters hippocampal genetic and neural function in offspring	Addiction Biology	Lisa R. Goldberg, Dana Zeid, Munir Gunes Kutlu, Robert D. Cole, Valeria Lallai, Aswathy Sebastian, Istvan U. Albert, Christie D. Fowler, Vinay Parikh, Thomas J. Gould
	2019	Pathogen-host omics analyses of human papillomavirus type 16 sub-lineages in a human epithelial organoid model		Robert B. Jackson
10.1016/j.virol.2019.08.020	2019	Pathogenicity and genomic changes of a 2016 European H5N8 highly pathogenic avian influenza virus (clade 2.3.4.4) in experimentally infected mallards and chickens	Virology	Christina M. Leyson, Sungsu Youk, Diane Smith, Kiril M. Dimitrov, Dong‐Hun Lee, Lars Erik Larsen, David E. Swayne, Mary J. Pantin‐Jackwood
10.1111/his.14024	2019	Peculiar pathological, radiological and clinical features of skull‐base de‐differentiated chordomas. Results from a referral centre case–series and literature review	Histopathology	Sofia Asioli, Matteo Zoli, Federica Guaraldi, Giacomo Sollini, A. Bacci, Dino Gibertoni, Costantino Ricci, Luca Morandi, Ernesto Pasquini, Alberto Righi, Diego Mazzatenta
10.7287/peerj.8111v0.2/reviews/1	2019	Peer Review #1 of "From command-line bioinformatics to bioGUI (v0.2)"		
10.7287/peerj.6623v0.1/reviews/1	2019	Peer Review #1 of "Pixel: a content management platform for quantitative omics data (v0.1)"		
10.7287/peerj.7558v0.1/reviews/1	2019	Peer Review #1 of "The sugarcane mitochondrial genome: assembly, phylogenetics and transcriptomics (v0.1)"		
10.7287/peerj.6623v0.1/reviews/2	2019	Peer Review #2 of "Pixel: a content management platform for quantitative omics data (v0.1)"		
10.3389/fpls.2018.01917	2019	Phenotypic, Hormonal, and Genomic Variation Among Vitis vinifera Clones With Different Cluster Compactness and Reproductive Performance	Frontiers in Plant Science	Jérôme Grimplet, Sergio Ibáñez, Elisa Baroja, Javier Tello, Javier Ibáñez
10.7717/peerj.6623	2019	Pixel: a content management platform for quantitative omics data	PeerJ	Thomas Denecker, William Durand, Julien Maupetit, Charles Hébert, Jean‐Michel Camadro, Pierre Poulain, Gaëlle Lelandais
10.1101/652115	2019	Plasmodium PIMMS43 is required for ookinete evasion of the mosquito complement-like response and sporogonic development in the oocyst	bioRxiv (Cold Spring Harbor Laboratory)	Chiamaka Valerie Ukegbu, Maria Giorgalli, Sofia Tapanelli, Luísa D. P. Rona, Amie Jaye, Claudia A. S. Wyer, Fiona Angrisano, Andrew M. Blagborough, George K. Christophides, Dina Vlachou
10.1007/s11033-019-04848-x	2019	Polymorphic microsatellite loci and partial mitogenome for the Chestnut-bellied Seed-finch Sporophila angolensis (Aves, Passeriformes) using next generation sequencing	Molecular Biology Reports	Cássia Alves Lima‐Rezende, Sarah Dobkowski-Marinho, Gislaine Aparecida Fernandes, Fernando Pacheco Rodrigues, Renato Caparroz
10.1111/tpj.14294	2019	Post‐transcriptional adaptation of the aquatic plant Spirodela polyrhiza under stress and hormonal stimuli	The Plant Journal	Paul Fourounjian, Jie Tang, Bahattin Tanyolaç, Yaping Feng, Brian Gelfand, Atul Kakrana, Min Tu, Chris Wakim, Blake C. Meyers, Jiong Ma, Joachim W. Messing
10.1093/bioinformatics/btz054	2019	Predicting runtimes of bioinformatics tools based on historical data: five years of Galaxy usage	Bioinformatics	Anastasia Tyryshkina, Nate Coraor, ANTON Y NEKRUTENKO
10.1073/pnas.1819976116	2019	Principles of plastid reductive evolution illuminated by nonphotosynthetic chrysophytes	Proceedings of the National Academy of Sciences	Richard G. Dorrell, Tomonori Azuma, Mami Nomura, Guillemette Audren de Kerdrel, Lucas Paoli, S Samuel Yang, Chris Bowler, Kenichiro Ishii, Hideaki Miyashita, Gillian H. Gile, Ryoma Kamikawa
10.1007/s11357-018-00050-2	2019	Progerin expression induces a significant downregulation of transcription from human repetitive sequences in iPSC-derived dopaminergic neurons	GeroScience	Walter Arancio
10.1007/s00428-019-02656-z	2019	Prognostic impact of intra-field heterogeneity in oral squamous cell carcinoma	Archiv für Pathologische Anatomie und Physiologie und für Klinische Medicin	Andrea Gabusi, Davide Bartolomeo Gissi, Lucio Montebugnoli, Sofia Asioli, Achille Tarsitano, Claudio Marchetti, Tiziana Balbi, Timothy R. Helliwell, Maria Pia Foschini, Luca Morandi
10.1101/831255	2019	Proma Plasmids are Instrumental in the Dissemination of Linuron Catabolic Genes between Different Genera	bioRxiv (Cold Spring Harbor Laboratory)	Johannes Werner, Eman H. Nour, Boyke Bunk, Cathrin Spröer, Kornelia Smalla, Dirk Springael, Başak Öztürk
10.1101/756452	2019	Pulling the strings of cell cycle: a non-coding RNA, CcnA, modulates the master regulators CtrA and GcrA in Caulobacter crescentus	bioRxiv (Cold Spring Harbor Laboratory)	Wanassa Beroual, Karine Prévost, David Lalaouna, Nadia Ben Zaina, Odile Valette, Yann Denis, Meriem Djendli, Gaël Brasseur, Matteo Brilli, Robledo Garrido Marta, Jimenez-Zurdo Jose-Ignacio, Éric Massé, Emanuele G. Biondi
10.1186/s12859-019-3159-9	2019	PyGMQL: scalable data extraction and analysis for heterogeneous genomic datasets	BMC Bioinformatics	Luca Nanni, Pietro Pinoli, Arif Canakoglu, Stefano Ceri
10.1101/708941	2019	PyIOmica: Longitudinal Omics Analysis and Classification	bioRxiv (Cold Spring Harbor Laboratory)	Sergii Domanskyi, Carlo Piermarocchi, George I. Mias
10.1016/j.celrep.2019.09.026	2019	RAG-Mediated DNA Breaks Attenuate PU.1 Activity in Early B Cells through Activation of a SPIC-BCLAF1 Complex	Cell Reports	Deepti Soodgupta, Lynn S. White, Wei Yang, Rachel Johnston, Jared M. Andrews, Masako Kohyama, KENNETH M. M. MURPHY, Nima Mosammaparast, Jacqueline E. Payton, Jeffrey J. Bednarski
10.1371/journal.pone.0217603	2019	RNA methyltransferase BCDIN3D is crucial for female fertility and miRNA and mRNA profiles in Drosophila ovaries	PLoS ONE	Li Zhu, Susan E. Liao, Yiwei Ai, Ryuya Fukunaga
10.1091/mbc.e18-06-0356	2019	Reciprocal interactions between mtDNA and lifespan control in budding yeast	Molecular Biology of the Cell	Enrique J. Garcia, Janeska J. de Jonge, Pin‐Chao Liao, Elizabeth Stivison, Cierra N. Sing, Ryo Higuchi‐Sanabria, Istvan R. Boldogh, Liza A. Pon
10.1101/611848	2019	Reference plasmid pHXB2_D is an HIV-1 molecular clone that exhibits identical LTRs and a single integration site indicative of an HIV provirus	bioRxiv (Cold Spring Harbor Laboratory)	Alejandro Rafael Gener, Wei Zou, Brian Thomas Foley, Deborah P. Hyink, Paul E. Klotman
10.1002/bmb.21320	2019	Reflections on integrating bioinformatics into the undergraduate curriculum: The Lancaster experience	Biochemistry and Molecular Biology Education	Derek Gatherer
10.1186/s13148-019-0750-x	2019	Region-specific glucocorticoid receptor promoter methylation has both positive and negative prognostic value in patients with estrogen receptor-positive breast cancer	Clinical Epigenetics	Hilary Snider, Brithica Villavarajan, Yingwei Peng, Lois E. Shepherd, Andrew Robinson, Christopher R. Mueller
10.1016/j.scitotenv.2019.05.433	2019	Remediation of simulated malodorous surface water by columnar air-cathode microbial fuel cells	The Science of The Total Environment	Hairong Wang, Boya Fu, Jinying Xi, Hong‐Ying Hu, Peng Liang, Xia Huang, Xiaoyuan Zhang
10.23919/fruct48121.2019.8981506	2019	Remote Collaborative Knowledge Discovery for Better Understanding of Self-tracking Data		Lauri Tuovinen, Alan F. Smeaton
10.1371/journal.pone.0213013	2019	Reproducible big data science: A case study in continuous FAIRness	PLoS ONE	Ravi Madduri, Kyle Chard, Mike D’Arcy, Segun C. Jung, Alexis Rodriguez, Dinanath Sulakhe, Eric W. Deutsch, Cory C. Funk, Ben Heavner, Matthew A. Richards, Paul T. Shannon, Gustavo Glusman, Nathan D. Price, Carl Kesselman, Ian T Foster
10.1186/s13059-019-1794-0	2019	Reproducible biomedical benchmarking in the cloud: lessons from crowd-sourced data challenges	Genome biology	Kyle Ellrott, Alex Buchanan, Allison Creason, Mike J. Mason, Thomas Schaffter, Bruce Hoff, James A. Eddy, John M. Chilton, Thomas Yu, Joshua M. Stuart, Julio Sáez-Rodríguez, Gustavo A. Stolovitzky, Paul Christopher Boutros, Justin Guinney
10.1101/644625	2019	Reproducible data management and analysis using R	bioRxiv (Cold Spring Harbor Laboratory)	Bjørn Fjukstad, Nikita Shvetsov, Therese Haugdahl Nøst, Hege Marie Bøvelstad, Till Halbach, Einar Holsbø, Knut Hansen, Eiliv Lund, Lars Ailo Bongo
10.1101/520783	2019	Retapamulin-assisted ribosome profiling reveals the alternative bacterial proteome	bioRxiv (Cold Spring Harbor Laboratory)	Sezen Meydan, James Marks, Dorota Klepacki, Virag Sharma, Pavel V. Baranov, Andrew E. Firth, Tõnu Margus, Amira Kefi, Nora Vázquez‐Laslop, Alexander S. Mankin
10.1186/s12864-018-5404-4	2019	RiboTag translatomic profiling of Drosophila oenocytes under aging and induced oxidative stress	BMC Genomics	Kerui Huang, Wenhao Chen, Fang Zhu, Patrick Wai-Lun Li, Pankaj Kapahi, Hua Bai
10.1093/gigascience/giz028	2019	Rice Galaxy: an open resource for plant science	GigaScience	Venice Margarette Juanillas, Alexis Dereeper, Nicolas Beaume, Gaëtan Droc, Joshua Gregor A. Dizon, John Robert Mendoza, Jon Peter Perdon, Locedie Mansueto, Lindsay R. Triplett, Jillian M. Lang, Gabriel Zhou, Kunalan Ratharanjan, Beth Plale, Jason Haga, Jan E. Leach, Manuel Ruíz, Michael J.S. Thomson
10.1093/nar/gkz728	2019	RsaC sRNA modulates the oxidative stress response of Staphylococcus aureus during manganese starvation	Nucleic Acids Research	David Lalaouna, Jessica Baude, Zongfu Wu, Arnaud Tomasini, Johana Chicher, Stefano Marzi, François Vandenesch, Pascale Romby, Isabelle Caldelari, Karen Moreau
10.58837/chula.cmj.63.2.7	2019	SCN5A gene exome sequencing profile in sudden unexplained nocturnal death syndrome in Thai population	Chulalongkorn Medical Journal	Rachtipan Pitiwararom
10.1186/s12859-019-2663-2	2019	SLIM: a flexible web application for the reproducible processing of environmental DNA metabarcoding data	BMC Bioinformatics	Yoann Dufresne, Franck Lejzerowicz, Laure Apotheloz Perret-Gentil, Jan W. Pawlowski, TRISTAN A. CORDIER
10.1145/3368235.3368839	2019	SWEEP		Aji John, Kristiina Ausmees, Kathleen Muenzen, C Kuhn, Amanda Tan
10.1109/cloud.2019.00083	2019	Scalable Pathogen Pipeline Platform (SP^3): Enabling Unified Genomic Data Analysis with Elastic Cloud Computing		Fan Yang-Turner, Denis Volk, Philip William Fowler, Jeremy Swann, Matthew J. Bull, Sarah Hoosdally, Thomas R. Connor, Tim Peto, Derrick W. Crook
10.1371/journal.pcbi.1006843	2019	Script of Scripts: A pragmatic workflow system for daily computational research	PLoS Computational Biology	Gao T. Wang, Bo Peng
10.1101/619916	2019	Simultaneous ribosome profiling of human host cells infected with Toxoplasma gondii	bioRxiv (Cold Spring Harbor Laboratory)	Michael J. Holmes, Premal Shah, Ronald C. Wek, William J. Sullivan
10.1172/jci.insight.126688	2019	Sleeve gastrectomy rapidly enhances islet function independently of body weight	JCI Insight	Jonathan D. Douros, Jingjing Niu, Sophia M. Sdao, Trillian Gregg, Kelsey H. Fisher‐Wellman, Manish S. Bharadwaj, Anthony J. A. Molina, Ramamani Arumugam, Mackenzie D. Martin, Enrico G. Petretto, Matthew J. Merrins, Mark A. Herman, Jenny Tong, Jonathan E. Campbell, David A. D’Alessio
10.1093/auk/ukz012	2019	Speciation despite gene flow in two owls (Aegolius ssp.): Evidence from 2,517 ultraconserved element loci	The Auk	Kevin Winker, Travis C. Glenn, Jack J. Withrow, Spencer G. Sealy, Brant C. Faircloth
10.1016/j.ympev.2019.106564	2019	Speciation, gene flow, and seasonal migration in Catharus thrushes (Aves:Turdidae)	Molecular Phylogenetics and Evolution	Kathryn M. Everson, Jessica F. McLaughlin, Iris A. Cato, Maryanne M. Evans, Angela R. Gastaldi, Kendall K. Mills, Katie G. Shink, Sara M. Wilbur, Kevin Winker
10.1016/j.devcel.2019.04.033	2019	Stem Cell Proliferation Is Kept in Check by the Chromatin Regulators Kismet/CHD7/CHD8 and Trr/MLL3/4	Developmental Cell	Louis Gervais, Marius van den Beek, Manon Josserand, Jérémy Sallé, Marine Stefanutti, Carolina N. Perdigoto, Patricia Skorski, Khallil Mazouni, Owen J. Marshall, Andrea H. Brand, François Schweisguth, Allison J. Bardin
10.1038/s41467-019-09152-7	2019	Sterol regulatory element binding protein 1 couples mechanical cues and lipid metabolism	Nature Communications	Rebecca Bertolio, Francesco Napoletano, Miguel Mano, Sebastian Maurer‐Stroh, Marco Fantuz, Alessandro Zannini, Silvio Bicciato, Giovanni Sorrentino, Giannino Del Sal
10.1186/s12864-019-5504-9	2019	Streamlined computational pipeline for genetic background characterization of genetically engineered mice based on next generation sequencing data	BMC Genomics	Carlos Farkas, Francisco Fuentes‐Villalobos, Boris Rebolledo‐Jaramillo, Fernando J. Benavides, Ariel Fernando Castro, Roxana Pincheira
10.1111/ppl.12964	2019	Structural and functional differentiation of the light‐harvesting protein Lhcb4 during land plant diversification	Physiologia Plantarum	Pascal Albanese, Marcello Manfredi, Emílio Marengo, Guido Saracco, Cristina Pagliano
10.11606/d.59.2019.tde-08122018-112207	2019	Suporte à acessibilidade, reprodutibilidade e transparência em uma plataforma integrada de análise de dados de expressão gênica		Wilson Daniel da Silva
10.1109/cbms.2019.00098	2019	Support for Accessibility, Reproducibility and Transparency in a Service-Oriented Gene Expression Analysis Platform		Wilson Daniel da Silva, Cléver Ricardo Guareis de Farias
10.1093/gigascience/giz146	2019	Systematic processing of ribosomal RNA gene amplicon sequencing data	GigaScience	Julien Tremblay, Étienne Yergeau
10.1101/677658	2019	TGAC Browser: An open-source genome browser for non-model organisms	bioRxiv (Cold Spring Harbor Laboratory)	Anil S. Thanki, Xingdong Bian, Robert Davey
10.1101/672824	2019	TWIST1 homodimers and heterodimers orchestrate lineage-specific differentiation	bioRxiv (Cold Spring Harbor Laboratory)	Xiaochen Fan, Ashley J. Waardenberg, Madeleine Demuth, Pierre Osteil, Jane Q. J. Sun, David A.F. Loebel, Mark Evan Graham, Patrick Tam, Nicolas Fossat
10.1101/847343	2019	Temporal Transcriptome and Promoter Architecture of the African Swine Fever Virus	bioRxiv (Cold Spring Harbor Laboratory)	Gwenny Cackett, Dorota Matelska, Michal Sýkora, Raquel S. Portugal, Michał Małecki, Jürg Bähler, Linda K. Dixon, Finn Werner
10.1038/s41598-019-39586-4	2019	Temporal variability of diazotroph community composition in the upwelling region off NW Iberia	Scientific Reports	Víctor Moreira-Coello, Beatriz Mouriño‐Carballido, Emilio Marañón, Ana Fernández-Carrera, Antonio Bode, Eva Sintes, Jonathan P. Zehr, Kendra A. Turk‐Kubo, Marta M. Varela
10.1038/s41598-019-55659-w	2019	The Catenulida flatworm can express genes from its microbiome or from the DNA it ingests	Scientific Reports	Marcos Trindade Rosa, Élgion L. S. Loreto
10.3390/v11070646	2019	The Emergence of Avian Orthoavulavirus 13 in Wild Migratory Waterfowl in China Revealed the Existence of Diversified Trailer Region Sequences and HN Gene Lengths within this Serotype	Viruses	Yidong Fei, Xinxin Liu, Jiaqi Mu, Junjiao Li, Xibing Yu, Jin Chang, Yuhai Bi, Tobias Stoeger, Abdul Ali Wajid, Denys Muzyka, Kirill Sharshov, Alexander Mikhailovich Shestopalov, Alongkorn Amonsin, Jianjun Chen, Zhuang Ding, Renfu Yin
10.1007/978-1-4939-9232-4_16	2019	The Galaxy Platform for Reproducible Affinity Proteomic Mass Spectrometry Data Analysis	Methods in molecular biology	Paul A. Stewart, Brent M. Kuenzi, Subina Mehta, Praveen Kumar, James E. Johnson, Pratik Jagtap, Timothy J. Griffin, Eric B. Haura
10.1111/mmi.14384	2019	The Loz1 transcription factor from Schizosaccharomyces pombe binds to Loz1 response elements and represses gene expression when zinc is in excess	Molecular Microbiology	Stevin Wilson, Yi‐Hsuan Liu, Carlos Cardona‐Soto, Vibhuti Wadhwa, Mark P. Foster, Amanda J. Bird
10.1016/b978-0-12-812060-6.00011-8	2019	The Plant Microbiome: Diversity, Dynamics, and Role in Food Safety	Elsevier eBooks	Sarah M. Allard, Shirley Ann Micallef
10.1093/gbe/evz103	2019	The Role of Chromatin Accessibility in cis-Regulatory Evolution	Genome Biology and Evolution	Pei-Chen Peng, Pierre Khoueiry, Charles Girardot, James P. Reddington, David Garfield, Eileen E. M. Furlong, Saurabh Sinha
	2019	The Role of Exploratory Data Analysis and Pre-processing in Omics Studies	eScholarship (California Digital Library)	Courtney Schiffman
10.1371/journal.pone.0215696	2019	The chromatin structuring protein HMGA2 influences human subtelomere stability and cancer chemosensitivity	PLoS ONE	Syed Moiz Ahmed, Priya Dharshana Ramani, Stephen Qi Rong Wong, Xiaodan Zhao, Roland Iványi-Nagy, Tang Choong Leong, Clarinda Chua, Zhizhong Li, Hannes Hentze, Iain Beehuat Tan, Jie Yan, Ramanuj DasGupta, Peter Dröge
10.1101/544320	2019	The chromatin structuring protein HMGA2 influences human subtelomere stability and cancer chemosensitivity	bioRxiv (Cold Spring Harbor Laboratory)	Syed Moiz Ahmed, Priya Dharshana Ramani, Stephen Wong Qi Rong, Xiaodan Zhao, Roland Iványi-Nagy, Tang Choong Leong, Clarinda Chua, Zhizhong Li, Hannes Hentze, Iain Tan Bee Huat, Jie Yan, Ramanuj DasGupta, Peter Dröge
10.1101/798587	2019	The conserved DNMT1 dependent methylation regions in human cells are vulnerable to environmental rotenone	bioRxiv (Cold Spring Harbor Laboratory)	Dana M. Freeman, Dan Wen Lou, Yanqiang Li, Suzanne N. Martos, Zhibin Wang
10.70675/e025a5aaz43e9z43c8z88edzd49b528ec0af	2019	The coupling of carbon and iron cycles in the Southern Ocean through microbial metabolism		Pavla Debeljak
10.1016/j.jas.2019.03.002	2019	The curious case of the Mesolithic Iberian dogs: An archaeogenetic study	Journal of Archaeological Science	Ana Elisabete Pires, Cleia Detry, Lounès Chikhi, Rita Rasteiro, Isabel Rosário Amorim, Fernanda Simões, José Matos, Francisco Petrucci‐Fonseca, Morgane Ollivier, Catherine Hänni, João Luís Cardoso, Pablo Arias, Mariana Diniz, Ana Cristina Araújo, Nuno Bicho, Ana Catarina Sousa, Marta Moreno García, 
10.1371/journal.pone.0221574	2019	The genome of Alcaligenes aquatilis strain BU33N: Insights into hydrocarbon degradation capacity	PLoS ONE	Mouna Mahjoubi, Habibu Aliyu, Simone Cappello, Mohamed Naifer, Yasmine Souissi, Don Arthur Cowan, Ameur Cherif
10.1101/742668	2019	The giant pouched rat ( Cricetomys ansorgei ) olfactory receptor repertoire	bioRxiv (Cold Spring Harbor Laboratory)	Angela R. Freeman, Alexander G. Ophir, Michael J. Sheehan
10.1101/745133	2019	The inhibition of LSD1 via sequestration contributes to tau-mediated neurodegeneration	bioRxiv (Cold Spring Harbor Laboratory)	Amanda Kathryn Engstrom, Alicia C. Walker, Rohitha A. Moudgal, Dexter A. Myrick, Stephanie M. Kyle, Yu Bai, M. Jordan Rowley, David John Katz
10.1007/s10577-019-09609-x	2019	The mobilome of Drosophila incompta, a flower-breeding species: comparison of transposable element landscapes among generalist and specialist flies	Chromosome Research	Pedro Mesquita Fonseca, Rafael D. Moura, Gabriel Luz Wallau, Élgion L. S. Loreto
10.1038/s41598-019-53168-4	2019	The potential for polyphosphate metabolism in Archaea and anaerobic polyphosphate formation in Methanosarcina mazei	Scientific Reports	Fabiana S. Paula, Jason P. Chin, Anna Schnürer, Bettina Müller, Panagiotis Manesiotis, Nicholas R. Waters, Katrina Ann Macintosh, John Peter Quinn, Jasmine Connolly, Florence Abram, John W. McGrath, Vincent O’Flaherty
10.1101/689885	2019	The potential for polyphosphate metabolism in Archaea and anaerobic polyphosphate formation in Methanosarcina mazei	bioRxiv (Cold Spring Harbor Laboratory)	Fabiana S. Paula, Jason P. Chin, Anna Schnürer, Bettina Müller, Panagiotis Manesiotis, Nicholas R. Waters, Katrina Ann Macintosh, John Peter Quinn, Jasmine Connolly, Florence Abram, John W. McGrath, Vincent O’Flaherty
10.1111/geb.12917	2019	The spatial scale dependence of diazotrophic and bacterial community assembly in paddy soil	Global Ecology and Biogeography	Qun Gao, Yunfeng Yang, Jiajie Feng, Renmao Tian, Xue Yi Guo, Daliang Ning, Lauren E. Hale, Mengmeng Wang, Jingmin Cheng, Linwei Wu, Mengxin Zhao, Jianshu Zhao, Liyou Wu, Yujia Qin, Qi Qi, Yuting Liang, Bo Sun, Haiyan Chu, Jizhong Z. Zhou
10.1038/s41598-019-44289-x	2019	The transcriptome of Cryptosporidium oocysts and intracellular stages	Scientific Reports	Lucas Vinícius Shigaki de Matos, John McEvoy, Saul Tzipori, Kátia Denise Saraiva Bresciani, Giovanni Widmer
10.1007/978-1-4939-8982-9_8	2019	Tools for Understanding miRNA–mRNA Interactions for Reproducible RNA Analysis	Methods in molecular biology	Andrea Bagnacani, Markus Wolfien, Olaf Wolkenhauer
10.1101/615161	2019	Toward A Reproducible, Scalable Framework for Processing Large Neuroimaging Datasets	bioRxiv (Cold Spring Harbor Laboratory)	Erik C. Johnson, Miller Wilt, Luis M. Rodríguez, Raphael Norman-Tenazas, Corban G. Rivera, Nathan G. Drenkow, Dean M. Kleissas, Theodore J. LaGrow, Hannah Paris Cowley, Joseph Downs, Jordan Matelsky, Marisa Hughes, Elizabeth P. Reilly, Brock A. Wester, Eva L. Dyer, Konrad Paul Kording, William Gray-
	2019	Towards Collaborative Scientific Workflow Management System	HARVEST (University of Saskatchewan)	Golam Mostaeen
10.1039/9781782623656-00214	2019	Toxicogenomics and Toxicoinformatics: Supporting Systems Biology in the Big Data Era	Royal Society of Chemistry eBooks	Terezinha Maria de Souza, Jos C. S. Kleinjans, Danyel G. J. Jennen
10.1186/s12864-019-5925-5	2019	Transcriptional profiling of spiny lobster metamorphosis reveals three new additions to the nuclear receptor superfamily	BMC Genomics	Cameron J. Hyde, Quinn P. Fitzgibbon, Abigail Elizur, Gregory G. Smith, Tomer Ventura
10.1016/j.dib.2018.12.080	2019	Transcriptome data from three endemic Myrtaceae species from New Caledonia displaying contrasting responses to myrtle rust (Austropuccinia psidii)	Data in Brief	Julia Soewarto, Chantal Hamelin, Stéphanie Bocs, Pierre Mournet, Hélène Vignes, Angélique Berger, Alix Augusto Armero, Guillaume Martin, Alexis Dereeper, Gautier Sarah, Fabian Carriconde, Laurent Maggia
10.7554/elife.44328	2019	Transcriptomic and epigenetic regulation of hair cell regeneration in the mouse utricle and its potentiation by Atoh1	eLife	Hsin‐I Jen, Matthew C. Hill, Litao Tao, Kuanwei Sheng, Wenjian Cao, Hongyuan Zhang, Haoze Vincent Yu, Juan Llamas, Chenghang Zong, James F. Martin, Neil Segil, Andrew K. Groves
10.1007/s11033-019-05047-4	2019	Transposable element discovery and characterization of LTR-retrotransposon evolutionary lineages in the tropical fruit species Passiflora edulis	Molecular Biology Reports	Zirlane Portugal da Costa, Luiz Augusto Cauz‐Santos, Geovani Tolfo Ragagnin, Marie‐Anne Van Sluys, Marcelo Carnier Dornelas, Hélène Bergès, Alessandro M. Varani, Maria Lúcia Carneiro Vieira
	2019	USING SINGLE-CELL SORTING, FISH AND 13C-LABELING TO CULTIVATE AND ASSESS CARBON SUBSTRATE UTILIZATION OF ‘AIGARCHAEOTA’ AND OTHER NOVEL THERMOPHILES	CSUSB ScholarWorks (California State University, San Bernardino)	Damon Mosier
10.1093/gigascience/giz091	2019	VAPPER: High-throughput variant antigen profiling in African trypanosomes of livestock	GigaScience	Sara Silva Pereira, John T. Heap, Andrew R. Jones, Andrew P. Jackson
10.2174/0929867326666190614160451	2019	VSPrep: A KNIME Workflow for the Preparation of Molecular Databases for Virtual Screening	Current Medicinal Chemistry	José‐Manuel Gally, Stéphane Bourg, Jade Fogha, Quoc‐Tuan Do, Samia Aci‐Sèche, Pascal Bonnet
10.3389/fmicb.2019.00362	2019	Validation of a Bioinformatics Workflow for Routine Analysis of Whole-Genome Sequencing Data and Related Challenges for Pathogen Typing in a European National Reference Center: Neisseria meningitidis as a Proof-of-Concept	Frontiers in Microbiology	Bert Bogaerts, Raf Winand, Qiang Fu, Julien Van Braekel, Pieter‐Jan Ceyssens, Wesley Mattheus, Sophie Bertrand, Sigrid C. J. De Keersmaecker, Nancy H. C. Roosens, Kevin Vanneste
10.1016/j.scitotenv.2019.05.337	2019	What is in commercial cat and dog food? The case for mercury and ingredient testing	The Science of The Total Environment	Sarrah M. Dunham‐Cheatham, Kelly Brie Klingler, Mary M. Peacock, Michael B. Teglas, Mae Sexauer Gustin
10.1111/nph.16169	2019	Wheat gene Sr60 encodes a protein with two putative kinase domains that confers resistance to stem rust	New Phytologist	Shisheng Chen, Matthew N. Rouse, Wenjun Zhang, Xiaoqin Zhang, Yan Guo, J. B. Briggs, Jorge Dubcovsky
10.1186/s13059-019-1684-5	2019	Whole-genome sequence analysis of a Pan African set of samples reveals archaic gene flow from an extinct basal population of modern humans into sub-Saharan populations	Genome biology	Belén Lorente-Galdós, Óscar Lao, Gerard Serra-Vidal, Gabriel Santpere, Lukas F. K. Kuderna, Lara R. Arauna, Karima Fadhlaoui‐Zid, Ville Nikolai Pimenoff, Himla Soodyall, Pierre Zalloua, Tomàs Marquès‐Bonet, David Comas
10.1016/j.jhin.2019.11.005	2019	Whole-genome sequencing identifies highly related Pseudomonas aeruginosa strains in multiple washbasin U-bends at several locations in one hospital: evidence for trafficking of potential pathogens via wastewater pipes	Journal of Hospital Infection	E.M. Moloney, Emily C. Deasy, J.S. Swan, Gráinne I. Brennan, M.J. O’Donnell, David C. Coleman
10.1109/access.2019.2903727	2019	Why-Diff: Exploiting Provenance to Understand Outcome Differences From Non-Identical Reproduced Workflows	IEEE Access	Priyaa Thavasimani, Jacek Cała, Paolo Missier
10.1007/978-1-4939-8982-9_5	2019	Workflow Development for the Functional Characterization of ncRNAs	Methods in molecular biology	Markus Wolfien, David Leon Brauer, Andrea Bagnacani, Olaf Wolkenhauer
10.1109/icdcs.2019.00171	2019	Workflow Environments for Advanced Cyberinfrastructure Platforms		Rosa M. Badia, Jorge Ejarque, Francesc Lordan, Daniele Lezzi, Javier Conejero, J. Álvarez Cid-Fuentes, Yolanda Becerra, Anna Queralt
10.1002/stem.3025	2019	hnRNP-K Targets Open Chromatin in Mouse Embryonic Stem Cells in Concert with Multiple Regulators	Stem Cells	Evgeny I. Bakhmet, Igor B. Nazarov, Adel R. Gazizova, Nadezhda E. Vorobyeva, Andrey A. Kuzmin, Mikhail N. Gordeev, Sergey A. Sinenko, Nikolai D. Aksenov, Т. О. Артамонова, Mikhail A. Khodorkovskii, Natalia V. Alenina, Daria Onichtchouk, Guangming Wu, Hans Robert Schöler, Alexey N. Tomilin
10.18261/9788215041193-2020-03	2020	3. Reproducible Data Management and AnalysisUsing R	Universitetsforlaget eBooks	Bjørn Fjukstad, Nikita Shvetsov, Therese Haugdahl Nøst, Hege Marie Bøvelstad, Till Halbach, Einar Holsbø, Knut Hansen, Lars Ailo Bongo
10.1038/s41374-020-0446-z	2020	3′ MACE RNA-sequencing allows for transcriptome profiling in human tissue samples after long-term storage	Laboratory Investigation	Stefaniya Boneva, Anja Schlecht, Daniel Böhringer, Hans Mittelviefhaus, Thomas Reinhard, Hansjürgen T. Agostini, Claudia Auw‐Haedrich, Günther Schlunck, Julian Wolf, Clemens Lange
10.1128/mra.00067-20	2020	A 25-Year-Old Sample Contributes the Complete Genome Sequence of Avian Coronavirus Vaccine Strain ArkDPI, Reisolated from Commercial Broilers in the United States	Microbiology Resource Announcements	Iryna V. Goraichuk, James F. Davis, Arun B. Kulkarni, Claudio L. Afonso, David L. Suarez
10.1534/genetics.120.303217	2020	A Light-Inducible Strain for Genome-Wide Histone Turnover Profiling in Neurospora crassa	Genetics	William K. Storck, Sabrina Z Abdulla, Michael R. Rountree, Vincent T. Bicocca, Eric U. Selker
10.1101/2020.11.17.385203	2020	A Modular Workflow for Model Building, Analysis, and Parameter Estimation in Systems Biology and Neuroscience	bioRxiv (Cold Spring Harbor Laboratory)	João P.G. Santos, Kadri Pajo, Daniel Trpevski, Andrey Stepaniuk, Olivia Eriksson, Anu G. Nair, Daniel X. Keller, Jeanette Hellgren Kotaleski, Andrei Kramer
10.3390/app10103364	2020	A Multiplex PCR-Based Next Generation Sequencing-Panel to Identify Mutations for Targeted Therapy in Breast Cancer Circulating Tumor Cells	Applied Sciences	André Franken, Mahdi Rivandi, Liwen Yang, Bernadette Jäger, Natalia Krawczyk, Ellen Honisch, Dieter Niederacher, Tanja Natascha Fehm, Hans J. Neubauer
10.1021/acs.jproteome.0c00260	2020	A Sectioning and Database Enrichment Approach for Improved Peptide Spectrum Matching in Large, Genome-Guided Protein Sequence Databases	Journal of Proteome Research	Praveen Kumar, James E. Johnson, Caleb Easterly, Subina Mehta, Ray Sajulga, Brook L. Nunn, Pratik Jagtap, Timothy J. Griffin
10.1128/mbio.02777-19	2020	A Sustained Immune Response Supports Long-Term Antiviral Immune Priming in the Pacific Oyster, Crassostrea gigas	mBio	Maxime Lafont, Agnès Vergnes, Jérémie Vidal‐Dupiol, Julien de Lorgeril, Yannick Gueguen, Philippe Haffner, Bruno Petton, Cristian Chaparro, Célia Barrachina, Delphine Destoumieux‐Garzón, Guillaume Mitta, Benjamin Gourbal, Caroline Montagnani
10.1038/s41598-020-62637-0	2020	A benchmark of hemoglobin blocking during library preparation for mRNA-Sequencing of human blood samples	Scientific Reports	Florian Uellendahl-Werth, Markus Wolfien, André Franke, Olaf Wolkenhauer, David Ellinghaus
10.7554/elife.52962	2020	A complex regulatory landscape involved in the development of mammalian external genitals	eLife	Ana Rita Amândio, Lucille Lopez‐Delisle, Christopher Chase Bolt, Bénédicte Mascrez, Denis Duboule
10.1016/j.virusres.2020.197976	2020	A comprehensive analysis of genome composition and codon usage patterns of emerging coronaviruses	Virus Research	Fernando López Tort, Matías Castells, Juan Cristina
10.1101/2020.04.24.058164	2020	A draft genome of grass pea ( Lathyrus sativus ), a resilient diploid legume	bioRxiv (Cold Spring Harbor Laboratory)	Peter M. F. Emmrich, Abhimanyu Sarkar, Isaac Njaci, Gemy Kaithakottil, Noel Ellis, Christopher Moore, Anne V. Edwards, Darren Heavens, Darren Waite, Jitender Cheema, Martin Trick, Jonathan D. Moore, Anne Webb, Rosa Caiazzo, Jane E. Thomas, Janet A. Higgins, David Swarbreck, Shiv Kumar, Sagadevan Mun
10.1074/jbc.ra120.013696	2020	A myelin basic protein fragment induces sexually dimorphic transcriptome signatures of neuropathic pain in mice	Journal of Biological Chemistry	Andrei V. Chernov, Swathi K. Hullugundi, Kelly A. Eddinger, Jennifer Dolkas, Albert G. Remacle, Mila Angert, Brian P. James, Tony L. Yaksh, Alex Y. Strongin, Veronica I. Shubayev
10.1038/s41556-020-0551-7	2020	A pan-cancer analysis reveals nonstop extension mutations causing SMAD4 tumour suppressor degradation	Nature Cell Biology	Sonam Dhamija, Chul Min Yang, Jeanette Seiler, Ksenia Myacheva, Maïwen Caudron‐Herger, Angela Wieland, Mahmoud Abdelkarim, Yogita Sharma, Marisa Riester, Matthias Groß, Jochen Maurer, Sven Diederichs
10.1016/j.future.2020.07.007	2020	A programming model for Hybrid Workflows: Combining task-based workflows and dataflows all-in-one	Future Generation Computer Systems	Cristian Ramon-Cortes, Francesc Lordan, Jorge Ejarque, Rosa M. Badia
10.1101/2020.07.23.218495	2020	A termination-independent role of Rat1 in cotranscriptional splicing	bioRxiv (Cold Spring Harbor Laboratory)	Zuzer Dhoondia, Hesham Elewa, Marva Malik, Zahidur Arif, Roger Piqué-Regi, Athar Ansari
10.1016/j.future.2020.08.012	2020	AFCL: An Abstract Function Choreography Language for serverless workflow specification	Future Generation Computer Systems	Sasko Ristov, Stefan Pedratscher, Thomas Fahringer
10.1186/s12920-020-0668-3	2020	AMLVaran: a software approach to implement variant analysis of targeted NGS sequencing data in an oncological care setting	BMC Medical Genomics	Christian Wünsch, Henrik Banck, Carsten Müller‐Tidow, Martin Dugas
10.1007/s00439-020-02161-3	2020	ATP7B variant penetrance explains differences between genetic and clinical prevalence estimates for Wilson disease	Human Genetics	Daniel F. Wallace, James Stephen Gerard Dooley
10.1101/2020.09.28.317149	2020	Acinetobacter baylyi regulates type IV pilus synthesis by employing two extension motors and a motor protein inhibitor	bioRxiv (Cold Spring Harbor Laboratory)	Courtney K. Ellison, Triana N. Dalia, Catherine A. Klancher, Joshua W. Shaevitz, Zemer Gitai, Ankur B. Dalia
10.6084/m9.figshare.12315914	2020	Additional file 2 of An integrated software for virus community sequencing data analysis	Figshare	Mingjie Wang, Jianfeng Li, Xiaonan Zhang, Yue Han, Demin M. Yu, Donghua Zhang, Zhenghong Yuan, Zhitao Yang, Jinyan Huang, Xinxin Zhang
10.1101/2020.05.14.095901	2020	Advanced Research Infrastructure for Experimentation in genomicS (ARIES): a lustrum of Galaxy experience	bioRxiv (Cold Spring Harbor Laboratory)	Arnold Knijn, Valeria Michelacci, Massimiliano Orsini, Stefano Morabito
10.7717/peerj.8705	2020	Alternative dietary protein and water temperature influence the skin and gut microbial communities of yellowtail kingfish ( Seriola lalandi )	PeerJ	Jack Horlick, Mark A. Booth, Sasha G. Tetu
10.1002/ece3.7083	2020	American lobster postlarvae alter gene regulation in response to ocean warming and acidification	Ecology and Evolution	Maura Niemisto, David M. Fields, K. Fraser Clark, Jesica D Waller, Spencer J. Greenwood, Richard A. Wahle
10.1210/jendso/bvaa001	2020	Amhr2-Cre–Mediated Global Tspo Knockout	Journal of the Endocrine Society	Jinjiang Fan, Enrico Campioli, Chantal M. Sottas, Barry R. Zirkin, Vassilios D. Papadopoulos
10.31594/commagene.798805	2020	An In-Silico Study: Interaction of BOR1-type Boron (B) Transporters with A Small Group of Functionally Unidentified Proteins Under Various Stresses in Potato (Solanum tuberosum)	Commagene Journal of Biology	Fırat Kurt, Adnan Aydın
10.1101/2020.03.10.986463	2020	An empirical examination of sample size effects on population demographic estimates in birds using single nucleotide polymorphism (SNP) data	bioRxiv (Cold Spring Harbor Laboratory)	Jessica F. McLaughlin, Kevin Winker
10.1038/s41598-020-63121-5	2020	An epigenetic map of malaria parasite development from host to vector	Scientific Reports	Kathrin Witmer, Sabine A. K. Fraschka, Dina Vlachou, Richárd Bártfai, George K. Christophides
10.1186/s12864-020-6744-4	2020	An integrated software for virus community sequencing data analysis	BMC Genomics	Mingjie Wang, Jianfeng Li, Xiaonan Zhang, Yue Han, Yue Han, Demin Yu, Donghua Zhang, Zhitao Yang, Zhitao Yang, Jinyan Huang, Xinxin Zhang, Xinxin Zhang
10.1111/vco.12624	2020	Analysis of DNA methylation and TP53 mutational status for differentiating feline oral squamous cell carcinoma from non‐neoplastic mucosa: A preliminary study	Veterinary and Comparative Oncology	Andrea Renzi, Luca Morandi, Jacopo Lenzi, Antonella Rigillo, Giuliano Bettini, Emma Bellei, Alessandra Giacomini, Debora Tinto, Silvia Sabattini
10.1101/2020.05.26.114017	2020	Anopheles mosquitoes revealed new principles of 3D genome organization in insects	bioRxiv (Cold Spring Harbor Laboratory)	Varvara Lukyanchikova, Miroslav Nuriddinov, Polina S. Belokopytova, Jiangtao Liang, Maarten J. M. F. Reijnders, Livio Ruzzante, Robert Michael Waterhouse, Zhijian Jake Tu, Igor V. Sharakhov, Veniamin Fishman
10.20944/preprints202001.0378.v1	2020	Approaches for Containerized Scientific Workflows in Cloud Environments with Applications in Life Science	Preprints.org	Ola Spjuth, Marco Capuccini, Matteo Carone, Anders Larsson, Wesley Schaal, Jon Ander Novella, Oliver Stein, Morgan Ekmefjord, Paolo Di Tommaso, Evan W. Floden, Cédric Notredame, Pablo A Moreno, Payam Emami Khoonsari, Stephanie Herman, Kim Kultima, Samuel Lampa
10.1002/ecy.3256	2020	Assessing the impact of taxon resolution on network structure	Ecology	David R. Hemprich‐Bennett, Hernani F. M. Oliveira, Steven C. Le Comber, Stephen J. Rossiter, Elizabeth L. Clare
10.1101/2020.01.22.915348	2020	Automated Isoform Diversity Detector (AIDD): A pipeline for investigating transcriptome diversity of RNA-seq data	bioRxiv (Cold Spring Harbor Laboratory)	Noel‐Marie Plonski, Emily S. Johnson, Madeline Frederick, Heather Mercer, Gail C. Fraizer, Richard S. Meindl, Gemma Casadesús, Helen Piontkivska
10.1186/s12859-020-03888-6	2020	Automated Isoform Diversity Detector (AIDD): a pipeline for investigating transcriptome diversity of RNA-seq data	BMC Bioinformatics	Noel‐Marie Plonski, Emily S. Johnson, Madeline Frederick, Heather Mercer, Gail C. Fraizer, Richard S. Meindl, Gemma Casadesús, Helen Piontkivska
10.1038/s41416-020-0907-6	2020	BRD4 promotes metastatic potential in oral squamous cell carcinoma through the epigenetic regulation of the MMP2 gene	British Journal of Cancer	Tatsuro Yamamoto, Akiyuki Hirosue, Masafumi Nakamoto, Ryoji Yoshida, Junki Sakata, Yuichiro Matsuoka, Kenta Kawahara, Yuka Nagao, Masashi Nagata, Nozomu Takahashi, Akimitsu Hiraki, Masanori Shinohara, Mitsuyoshi Nakao, Noriko Saitoh, Hideki Nakayama
10.31080/asms.2020.04.0767	2020	BactClass: Simplifying the Use of Machine Learning in Biology and Medicines	Acta Scientific Medical Sciences	Tian Tong Liu, Maurice HT Ling
10.1016/j.jmoldx.2020.09.003	2020	Bacterial Whole Genome Sequencing on the Illumina iSeq 100 for Clinical and Public Health Laboratories	Journal of Molecular Diagnostics	Steven Bruzek, Grant D. Vestal, Amanda Lasher, Amorce Lima, Suzane Silbert
10.58837/chula.the.2020.466	2020	Bacteriophage and ozone-nanobubble based approaches for combating multidrug-resistant aeromonas hydrophila in nile tilapia (oreochromis niloticus) culture system		Thanh Dien Le, Channarong Rodkhum, Ha Thanh Dong
10.20944/preprints202001.0176.v1	2020	Beyond Modeling: A Roadmap to Community Cyberinfrastructure for Ecological Data-Model Integration	Preprints.org	Istem Fer, Anthony K. Gardella, Alexey Shiklomanov, Shawn Paul Serbin, Martin G. De Kauwe, Ann Raiho, Miriam R. Johnston, Ankur Rashmikant Desai, Toni Viskari, Tristan L. Quaife, David Shaner LeBauer, Elizabeth M. Cowdery, Rob Kooper, Joshua B. Fisher, Benjamin Poulter, Matthew J. Duveneck, Forrest 
10.1101/2020.04.15.043596	2020	Bio-Node – Bioinformatics in the Cloud	bioRxiv (Cold Spring Harbor Laboratory)	Yannick Spreen, Max J. Miller
10.1101/2020.02.16.951624	2020	BioTracs: A transversal framework for computational workflow standardization and traceability	bioRxiv (Cold Spring Harbor Laboratory)	Josephine Abi‐Ghanem, Djomangan Adama Ouattara
10.70675/69ce4ffazd889z4a04z8ae3z4b4b6b0fe696	2020	Bioinformatique et analyse de données multiomiques : principes et applications chez les levures pathogènes Candida glabrata et Candida albicans		Thomas Denecker
10.1371/journal.pone.0229925	2020	Bovistol B, bovistol D and strossmayerin: Sesquiterpene metabolites from the culture filtrate of the basidiomycete Coprinopsis strossmayeri	PLoS ONE	Alice M. Banks, Lijiang Song, Gregory L. Challis, Andy M. Bailey, Gary D. Foster
10.3389/fmicb.2020.591778	2020	Brd/BET Proteins Influence the Genome-Wide Localization of the Kaposi’s Sarcoma-Associated Herpesvirus and Murine Gammaherpesvirus Major Latency Proteins	Frontiers in Microbiology	Rishikesh Lotke, Ulrike Schneeweiß, Marcel Pietrek, Thomas Günther, Adam T. Grundhoff, Magdalena Weidner-Glunde, Thomas Friedrich Schulz
10.1101/2020.11.27.400994	2020	CRISPR/Cas9 targeting Ttc30a mimics ciliary chondrodysplasia with polycystic kidney disease	bioRxiv (Cold Spring Harbor Laboratory)	Maike Getwan, Anselm Hoppmann, Pascal Schlosser, Kelli Grand, Weiting Song, Rebecca Diehl, Sophie Schroda, Florian Heeg, Konstantin Deutsch, Friedhelm Hildebrandt, Ekkehart U. Lausch, Anna Köttgen, Soeren S. Lienkamp
10.1093/jamia/ocaa261	2020	Can reproducibility be improved in clinical natural language processing? A study of 7 clinical NLP suites	Journal of the American Medical Informatics Association	William Digan, Aurélie Névéol, Antoine Neuraz, Maxime Wack, David Baudoin, Anita Burgun, Bastien Rance
10.1038/s41467-020-15660-8	2020	Capturing the primordial Kras mutation initiating urethane carcinogenesis	Nature Communications	Siqi Li, David M. MacAlpine, Christopher M. Counter
10.1002/glia.23785	2020	Changes in the transcriptional fingerprint of satellite glial cells following peripheral nerve injury	Glia	Sara E. Jager, Lone Tjener Pallesen, Mette Richner, Peter Harley, Zoe Lee Hore, Stephen Brendan McMahon, Franziska Denk, Christian Bjerggaard Vægter
10.3389/fvets.2020.00617	2020	Characterization of Salmonella Resistome and Plasmidome in Pork Production System in Jiangsu, China	Frontiers in Veterinary Science	Qingxin Liu, Wenjing Chen, Mohammed Elbediwi, Hang Pan, Liqun Wang, Chuang Zhou, Bin Zhao, Xinguo Xu, Dingguo Li, Xin Yan, Xiao Han, Hanyuan Li, Yan Li, Min Yue
10.3389/fbioe.2020.557572	2020	Chlorella vulgaris and Its Phycosphere in Wastewater: Microalgae-Bacteria Interactions During Nutrient Removal	Frontiers in Bioengineering and Biotechnology	Roland Wirth, Bernadett Pap, Tamás Böjti, Prateek Shetty, Gergely Lakatos, Zoltán Bagi, Kornél Lajos Kovács, Gergely Maróti
10.1128/mbio.00465-20	2020	Chlorpromazine and Amitriptyline Are Substrates and Inhibitors of the AcrB Multidrug Efflux Pump	mBio	Elizabeth M. Grimsey, Chiara Fais, Robert L. Marshall, Vito Ricci, Maria Laura Ciusa, Jack W. Stone, Alasdair C. Ivens, Giuliano Malloci, Paolo Ruggerone, Attilio Vittorio Vargiu, Laura J. V. Piddock
10.1038/s41467-020-15238-4	2020	Chromosome organization by a conserved condensin-ParB system in the actinobacterium Corynebacterium glutamicum	Nature Communications	Kati Böhm, Giacomo Giacomelli, Andreas C. Schmidt, Axel Imhof, Romain Koszul, Martial Marbouty, Marc Bramkamp
10.1101/2020.09.02.280156	2020	Chronic Intermittent Ethanol Activates CHOP in Striatal Microglia and Exacerbates Ethanol Withdrawal	bioRxiv (Cold Spring Harbor Laboratory)	Rapheal G. Williams, Brett D. Dufour, Kevin R. Coffey, Atom J. Lesiak, William B. Nickelson, Aliyah J. Dawkins, Gwenn A. Garden, John F. Neumaier
10.1016/j.cmpb.2020.105529	2020	Clinical use of NGS data from the targeted gene panel for mitochondrial diseases screening	Computer Methods and Programs in Biomedicine	Tomasz Płoszaj, Karolina Antosik, Paulina Młudzik, M. Traczyk, Maciej Borowiec
10.18004/rcfacen.2020.11.1.39	2020	Cloud computing Applications for biomedical science	Reportes científicos de la FACEN	Aleli Silva, Graciela Riera, Danilo Fernández Ríos
10.1101/2020.11.04.368126	2020	Colonization of naïve roots from Populus tremula x alba involves successive waves of fungi and bacteria with different trophic abilities	bioRxiv (Cold Spring Harbor Laboratory)	F. Fracchia, Lauralie Mangeot-Peter, L. Jacquot, Francis M Martin, Claire Veneault‐Fourrey, Aurélie Deveau
10.1038/s41598-020-73975-4	2020	Common evolutionary features of the envelope glycoprotein of HIV-1 in patients belonging to a transmission chain	Scientific Reports	Maxime Beretta, Julie Migraine, Alain Moreau, Asma Essat, Cécile Goujard, Marie‐Laure Chaix, Aurélie Drouin, Mélanie Bouvin-Pley, Laurence Meyer, Françis Barin, Martine Braibant
10.1186/s12864-020-07225-2	2020	Comparative analysis of the transcriptomes of EDL, psoas, and soleus muscles from mice	BMC Genomics	Pabodha Hettige, Uzma Tahir, Kiisa C. Nishikawa, Matthew J. Gage
10.1186/s12870-020-2288-7	2020	Comparative functional genomics analysis of cytochrome P450 gene superfamily in wheat and maize	BMC Plant Biology	Yixuan Li, Kaifa Wei
10.21203/rs.2.11228/v2	2020	Comparative functional genomics analysis of cytochrome P450 gene superfamily in wheat and maize	Research Square	YiXuan Li, Kaifa Wei
10.3390/pathogens9020099	2020	Comparison of the Transcriptome Response within the Swine Tracheobronchial Lymphnode Following Infection with PRRSV, PCV-2 or IAV-S.	Pathogens	Laura C. Miller, Damarius S. Fleming, Kelly M. Lager
10.1016/j.vetmic.2020.108638	2020	Comparison of whole genome sequences of Streptococcus equi subsp. equi from an outbreak in Texas with isolates from within the region, Kentucky, USA, and other countries	Veterinary Microbiology	Ellen Ruth A. Morris, Andrew Hillhouse, Kranti Konganti, Jing Wu, Sara D. Lawhon, Angela Ilha Bordin, Noah D. Cohen
10.1128/mra.00735-20	2020	Complete Coding Sequences of Three Chicken Parvovirus Isolates from the United States	Microbiology Resource Announcements	Iryna V. Goraichuk, James F. Davis, Claudio L. Afonso, David L. Suarez
10.1128/mra.00068-20	2020	Complete Genome Sequence of Avian Coronavirus Strain GA08 (GI-27 Lineage)	Microbiology Resource Announcements	Iryna V. Goraichuk, James F. Davis, Arun B. Kulkarni, Claudio L. Afonso, David L. Suarez
10.1128/mra.00177-20	2020	Complete Genome Sequence of an Avian Metapneumovirus Subtype B Strain from Hungary	Microbiology Resource Announcements	Iryna V. Goraichuk, Darrell R. Kapczynski, Bruce S. Seal, David L. Suarez
10.1128/mra.01519-19	2020	Complete Genome Sequences of 11 Newcastle Disease Virus Isolates of Subgenotype VII.2 from Indonesia	Microbiology Resource Announcements	Iryna V. Goraichuk, Dawn Williams-Coplin, Michael Haryadi Wibowo, Peter A. Durr, Widya Rahmawati Asmara, Sidna Artanto, Kiril M. Dimitrov, Claudio L. Afonso, David L. Suarez
10.1038/s41467-020-17109-4	2020	Comprehensive structure-function characterization of DNMT3B and DNMT3A reveals distinctive de novo DNA methylation mechanisms	Nature Communications	Linfeng Gao, Max Emperle, Yiran Guo, Sara A. Grimm, Wendan Ren, Sabrina Adam, Hidetaka Uryu, Zhimin Zhang, Dongliang Chen, Jiekai Yin, Michael Dukatz, Hiwot Anteneh, Renata Zofia Jurkowska, Jiuwei Lu, Yinsheng Wang, Pavel Bashtrykov, Paul A. Wade, Gang Greg Wang, Albert Jeltsch, Jikui Song
10.31219/osf.io/2s8he	2020	Considerations for mosquito microbiome research from the Mosquito Microbiome Consortium		Nsa Dada, Natapong Jupatanakul, Guillaume Minard, Sarah M. Short, Jewelna E. B. Akorli, Luis Eduardo Martínez Villegas
10.1002/ece3.6565	2020	Contrasting population structure and demographic history of cereal aphids in different environmental and agricultural landscapes	Ecology and Evolution	Ramiro Morales‐Hojas, Jingxuan Sun, Fernando Alvira-Iraizoz, Xiaoling Tan, Julian Chen
10.1101/2020.01.16.909077	2020	Contrasting population structure and demographic history of cereal aphids in different environmental and agricultural landscapes	bioRxiv (Cold Spring Harbor Laboratory)	Ramiro Morales‐Hojas, Jingxuan Sun, Fernando Alvira-Iraizoz, Xiaoling Tan, Julian Chen
10.21203/rs.3.rs-17459/v1	2020	Cooperation between Caenorhabditis elegans COMPASS and condensin in germline chromatin organization		Marion Herbette, Valérie J. P. Robert, Aymeric Bailly, Loïc Gely, Robert Feil, David Llères, Francesca Palladino
10.1038/s41597-020-00636-6	2020	Cross-sectional study of human coding- and non-coding RNAs in progressive stages of Helicobacter pylori infection	Scientific Data	Sergio Lario, María José Ramírez‐Lázaro, Aintzane González-Lahera, José Luis Lavín, María Vila-Casadesús, María Elisa Quílez, Anna Brunet‐Vega, Juan José Lozano, Ana María Aransay, Xavier Calvet
10.1186/s12864-019-6426-2	2020	Custom selected reference genes outperform pre-defined reference genes in transcriptomic analysis	BMC Genomics	Karen Cristine Gonçalves dos Santos, Isabel Desgagné‐Penix, Hugo Germain
10.1210/clinem/dgaa585	2020	DNA Methylation of Steroidogenic Enzymes in Benign Adrenocortical Tumors: New Insights in Aldosterone-Producing Adenomas	The Journal of Clinical Endocrinology & Metabolism	Guido Di Dalmazi, Luca Morandi, Beatrice Rubin, Catia Pilon, Sofia Asioli, Valentina Vicennati, Antonio De Leo, Francesca Ambrosi, Donatella Santini, Uberto Pagotto, Valeria Maffeis, Ambrogio Fassina, Francesco Fallo
10.1038/s41598-020-64582-4	2020	DNA fingerprinting: an effective tool for taxonomic identification of precious corals in jewelry	Scientific Reports	Bertalan Lendvay, Laurent E. Cartier, Mario Gysi, Joana Beatrice Meyer, Michael S. Krzemnicki, Adelgunde Kratzer, Nadja V. Morf
10.1093/nar/gkaa749	2020	DNA targeting by subtype I-D CRISPR–Cas shows type I and type III features	Nucleic Acids Research	Jinzhong Lin, Anders Fuglsang, Anders L. Kjeldsen, Kaiyan Sun, Yuvaraj Bhoobalan-Chitty, Xu Peng
10.1128/mra.01078-20	2020	De Novo Whole-Genome Sequencing and Annotation of Pathogenic Bovine Pasteurella multocida Type A:3 Strains	Microbiology Resource Announcements	Morag Livingstone, Kevin Aitchison, Mark P. Dagleish, David Longbottom
10.1158/0008-5472.can-20-1430	2020	Decitabine Induces Gene Derepression on Monosomic Chromosomes: In Vitro and In Vivo Effects in Adverse-Risk Cytogenetics AML	Cancer Research	Gabriele Greve, Julia B. Schüler, Björn Andreas Grüning, Bettina Berberich, Julia Stomper, Dennis Zimmer, Lea Gutenkunst, Ulrike Bönisch, Ruth Meier, Nadja Blagitko‐Dorfs, Olga Grishina, Dietmar Pfeifer, Dieter Weichenhan, Christoph Plass, Michael Lübbert
10.7717/peerj.10240	2020	Description of the microbiota in epidermal mucus and skin of sharks ( Ginglymostoma cirratum and Negaprion brevirostris ) and one stingray ( Hypanus americanus )	PeerJ	Susana Josefina Caballero, Ana Galeano, Juan Diego Lozano, Martha J. Vives
10.3389/fmicb.2020.00208	2020	Design of Bacterial Strain-Specific qPCR Assays Using NGS Data and Publicly Available Resources and Its Application to Track Biocontrol Strains	Frontiers in Microbiology	Iker Hernández, Clara Sant, Raquel Martínez, Carolina Fernández
10.1007/s10723-020-09518-y	2020	Design of a Flexible, User Friendly Feature Matrix Generation System and its Application on Biomedical Datasets	Journal of Grid Computing	M. Ghorbani, Stephen Swift, Simon J. E. Taylor, Annette M. Payne
10.21203/rs.3.rs-59423/v1	2020	Development and characterization of thirteen novel microsatellite markers for use in Greenland sharks (Somniosus microcephalus), with cross-amplification in Pacific sleeper sharks (Somniosus pacificus)	Research Square	Meaghan A Swintek, Ryan P. Walter
10.21203/rs.3.rs-59423/v2	2020	Development and characterization of thirteen novel microsatellite markers for use in Greenland sharks (Somniosus microcephalus), with cross-amplification in Pacific sleeper sharks (Somniosus pacificus)	Research Square	Meaghan A Swintek, Ryan P. Walter
10.1101/2020.12.14.422622	2020	Development of additional microsatellite primers for the mangrove tree species Avicennia germinans	bioRxiv (Cold Spring Harbor Laboratory)	Hayley Craig, Ilka C. Feller, Jennifer K. Rowntree
10.1007/s00216-019-02372-2	2020	Development of an LC–MS multivariate nontargeted methodology for differential analysis of the peptide profile of Asian hornet venom (Vespa velutina nigrithorax): application to the investigation of the impact of collection period variation	Analytical and Bioanalytical Chemistry	Thao Nhi Le, David Da Silva, Cyril Colas, Éric Darrouzet, Patrick Baril, Lucie Leseurre, Benoı̂t Maunit
10.18297/etd/3393	2020	Development of rationally designed live attenuated vaccines for Lassa fever and Venezuelan equine encephalitis.		Dylan M. Johnson
10.1371/journal.pone.0239771	2020	Development on Citrus medica infected with ‘Candidatus Liberibacter asiaticus’ has sex-specific and -nonspecific impacts on adult Diaphorina citri and its endosymbionts	PLoS ONE	Laurynne C. Coates, Jaclyn E. Mahoney, John Sawyer Ramsey, EricaRose Warwick, Richard S. Johnson, Michael J. MacCoss, Stuart B. Krasnoff, Kevin J. Howe, Kathy Moulton, Surya Saha, Lukas A. Mueller, David G. Hall, Robert G. Shatters, Michelle Lynn Heck, Carolyn M. Slupsky
10.1016/j.yjmcc.2020.11.004	2020	Diabetes changes gene expression but not DNA methylation in cardiac cells	Journal of Molecular and Cellular Cardiology	Achim Lother, Olga Bondareva, Ali R. Saadatmand, Luisa Pollmeier, Carmen Härdtner, Ingo Hilgendorf, Dieter Weichenhan, Volker Eckstein, Christoph Plass, Christoph Bode, Johannes Backs, Lutz Hein, Ralf Gilsbach
10.1094/phyto-09-20-0434-fi	2020	Divergence and Gene Flow Between Fusarium subglutinans and F. temperatum Isolated from Maize in Argentina	Phytopathology	María Verónica Fumero, Yue Zhou Wei, María Laura Chiotta, S. Chulze, John F. Leslie, Christopher Toomajian
10.1111/mec.15574	2020	Divergence, gene flow, and speciation in eight lineages of trans‐Beringian birds	Molecular Ecology	Jessica F. McLaughlin, Brant C. Faircloth, Travis C. Glenn, Kevin Winker
10.1186/s12870-020-02532-y	2020	Diversity and evolution of cytochrome P450s of Jacobaea vulgaris and Jacobaea aquatica	BMC Plant Biology	Yangan Chen, Peter G. L. Klinkhamer, Johan Memelink, Klaas Vrieling
10.1099/ijsem.0.004570	2020	Donghicola mangrovi sp. nov., a member of the family Rhodobacteraceae isolated from mangrove forest in Thailand	INTERNATIONAL JOURNAL OF SYSTEMATIC AND EVOLUTIONARY MICROBIOLOGY	Piyanat Charoenyingcharoen, Ji‐Sun Kim, Gunjana Theeragool, Keunchul Lee, Pattaraporn Yukphan, Jung‐Sook Lee
10.1177/1176934320913257	2020	Draft Genome Sequence of Pseudarthrobacter phenanthrenivorans Strain MHSD1, a Bacterial Endophyte Isolated From the Medicinal Plant Pellaea calomelanos	Evolutionary Bioinformatics	Khuthadzo Tshishonga, Mahloro Hope Serepa‐Dlamini
10.1128/mra.00550-20	2020	Draft Genome Sequence of Stenotrophomonas pavanii Strain MHSD12, a Bacterial Endophyte Associated with Dicoma anomala	Microbiology Resource Announcements	Mehabo Penistacia Maela, Mahloro Hope Serepa‐Dlamini
10.1128/mra.01247-20	2020	Draft Genome Sequence of a Noncognate Bacterium, Achromobacter sp. Strain Bel, Associated with a Rhabditid Entomopathogenic Nematode	Microbiology Resource Announcements	Don Mangowa, Mahloro Hope Serepa‐Dlamini
10.1016/j.nmni.2020.100809	2020	Draft genome and description of Aeromicrobium phoceense strain Marseille-Q0843T sp. nov., a new bacterium isolated from human healthy skin	New Microbes and New Infections	Manon Boxberger, Mariem Ben Khedher, Sibylle Magnien, Nadim Cassir, Bernard La Scola
10.1016/j.nmni.2020.100805	2020	Draft genome and description of Chryseobacterium manosquense strain Marseille-Q2069T sp. nov., a new bacterium isolated from human healthy skin	New Microbes and New Infections	Manon Boxberger, Mariem Ben Khedher, Sibylle Magnien, Nadim Cassir, Bernard La Scola
10.1016/j.nmni.2020.100801	2020	Draft genome and description of Corynebacterium haemomassiliense strain Marseille-Q3615T sp. nov., a new bacterium isolated from a 59-year-old man with chronic obstructive pulmonary disease symptoms	New Microbes and New Infections	Manon Boxberger, Angéline Antezack, Sibylle Magnien, Nadim Cassir, Bernard La Scola
10.1101/2020.10.16.342287	2020	Easy identification of insertion sequence mobilization events in related bacterial strains with ISCompare	bioRxiv (Cold Spring Harbor Laboratory)	Ezequiel Gerdardo Mogro, Nicolás Ambrosis, Mauricio J. Lozano
10.1007/s12155-020-10167-y	2020	Efficacy and Metagenomic Analysis of the Stabilized Anaerobic Lignocellulolytic Microbial Consortium from Bubalus bubalis Rumen with Rice Straw Enrichment for Methane Production	BioEnergy Research	Nitiya Thongbunrod, Pawinee Chaiprasert
10.1038/s41598-020-67966-8	2020	Environmental enrichment during forced abstinence from cocaine self-administration opposes gene network expression changes associated with the incubation effect	Scientific Reports	Gregory L. Powell, Annika Vannan, Ryan M. Bastle, Melissa A. Wilson, Michela Dell’Orco, Nora Irma Perrone-Bizzozero, Janet L. Neisewander
10.1186/s12864-019-6404-8	2020	EpiMOLAS: an intuitive web-based framework for genome-wide DNA methylation analysis	BMC Genomics	Sheng-Yao Su, I-Hsuan Lu, Wen‐Chih Cheng, Wei-Chun Chung, Pao‐Yang Chen, Jan-Ming Ho, Shu‐Hwa Chen, Chung‐Yen Lin
10.3389/fgene.2020.00627	2020	Epigenetic Vulnerability of Insulator CTCF Motifs at Parkinson’s Disease-Associated Genes in Response to Neurotoxicant Rotenone	Frontiers in Genetics	Dana M. Freeman, Zhibin Wang
10.1101/2020.12.04.410191	2020	Epigenetic alterations underlie airway macrophage differentiation and phenotype during lung fibrosis	bioRxiv (Cold Spring Harbor Laboratory)	Peter K. McErlean, Christopher G. Bell, Richard J Hewitt, Zabreen Busharat, Patricia P. Ogger, Poonam Ghai, Gesa J. Albers, Shaun Kingston, Philip L. Molyneaux, Stephan Beck, Clare M. Lloyd, Toby M. Maher, Adam J. Byrne
10.1038/s41477-020-00784-y	2020	Ethylene-independent functions of the ethylene precursor ACC in Marchantia polymorpha	Nature Plants	Dongdong Li, Eduardo Flores‐Sandoval, Uzair Ahtesham, Andrew J. Coleman, John M. Clay, John L. Bowman, Caren Chang
10.70675/d775c3c2z168az4084zbefcz1f0b01675ede	2020	Etude de l'interactome ARN-ARN chez Staphylococcus aureus : caractérisation, fonction et impact sur les réseaux de régulation		Emma Desgranges
10.70675/4871f737z5e83z4b7bz8cd8z5e9ba8d733d8	2020	Etude de la capacité d'échappement de la glycoprotéine d'enveloppe du VIH-1 à la restriction de l'infection médiée par la protéine IFITM3		Aurélie Drouin
10.1055/s-0040-1712968	2020	Exchange of Clinical and Omics Data According to FAIR Principles: A Review of Open Source Solutions	Methods of Information in Medicine	Philipp Pugliese, Christian Knell, Jan Christoph
10.1007/978-3-030-65775-8_10	2020	Experiencing DfAnalyzer for Runtime Analysis of Phylogenomic Dataflows	Lecture notes in computer science	Luiz Gustavo Dias, Marta Mattoso, Bruno Lopes, Daniel de Oliveira
10.70675/cb7c1c69zd068z436fz8122z43d114b83c08	2020	Expression of genetic information in giant viruses		Amina Cherif Louazani
10.21037/tcr-20-3168	2020	Factors to be considered in designing frameworks for automated bioinformatics pipelines—a perspective based on application setting	Translational Cancer Research	Yuan-Mao Hung, Liang‐Chuan Lai
10.3410/f.736836687.793569595	2020	Faculty Opinions recommendation of Maternally regulated gastrulation as a source of variation contributing to cavefish forebrain evolution.	Faculty Opinions – Post-Publication Peer Review of the Biomedical Literature	Corinne Houart, Florence A. Giger
10.1101/2020.09.04.281345	2020	Fruitless decommissions regulatory elements to implement cell-type-specific neuronal masculinization	bioRxiv (Cold Spring Harbor Laboratory)	Margarita V. Brovkina, Rachel Duffié, Abbigayl E.C. Burtis, Eleanor Josephine Clowney
10.1094/pbiomes-4-2	2020	Full Issue PDF	Phytobiomes Journal	
10.1093/aob/mcaa160	2020	Fundamentally different repetitive element composition of sex chromosomes in Rumex acetosa	Annals of Botany	Wojciech Jesionek, Markéta Bodláková, Zdeněk Kubát, Radim Čegan, Boris Vyskot, Jan Vrána, Jan Šafář, Janka Puterová, Roman Hobza
10.3390/app10155322	2020	Fungal Assemblages on Indoor Surfaces with Visible Mold Growth in Homes after the 2016 Flood Disaster in Thailand	Applied Sciences	Nopadol Precha, Wissanupong Kliengchuay, Cheolwoon Woo, Naomichi Yamamoto, Kraichat Tantrakarnapa
10.1007/s40858-019-00330-y	2020	Further genomic characterization of pineapple mealybug wilt-associated viruses using high-throughput sequencing	Tropical Plant Pathology	James C. Green, Maher Al Rwahnih, Alejandro Olmedo-Velarde, Michael J. Melzer, Islam Hamim, Wayne B. Borth, Tracie M. Brower, Marisa M. Wall, John S. Hu
10.21203/rs.3.rs-25381/v2	2020	GWAS unveils features between early- and late-flowering pearl millets	Research Square	Oumar Diack, Ghislain Kanfany, Mame Codou Guèye, Ousmane Sy, Amadou Fofana, Hamidou Tall, Desalegn D. Serba, Leila Zekraoui, Cécile Berthouly‐Salazar, Yves Vigouroux, Diaga Diouf, Ndjido Ardo Kane
10.21203/rs.3.rs-25381/v1	2020	GWAS unveils features between early- and late-flowering pearl millets	Research Square	Oumar Diack, Ghislain Kanfany, Mame Codou Guèye, Ousmane Sy, Amadou Fofana, Hamidou Tall, Desalegn D. Serba, Leila Zekraoui, Cécile Berthouly‐Salazar, Yves Vigouroux, Diaga Diouf, Ndjido Ardo Kane
10.21203/rs.3.rs-25381/v4	2020	GWAS unveils features between early- and late-flowering pearl millets	Research Square	Oumar Diack, Ghislain Kanfany, Mame Codou Guèye, Ousmane Sy, Amadou Fofana, Hamidou Tall, Desalegn D. Serba, Leila Zekraoui, Cécile Berthouly‐Salazar, Yves Vigouroux, Diaga Diouf, Ndjido Ardo Kane
10.1093/nar/gkaa220	2020	Galaxy HiCExplorer 3: a web server for reproducible Hi-C, capture Hi-C and single-cell Hi-C data analysis, quality control and visualization	Nucleic Acids Research	Joachim R. Wolff, Leily Rabbani, Ralf Gilsbach, Gautier Richard, Thomas Manke, Rolf Backofen, Björn Andreas Grüning
10.1038/s41598-020-59213-x	2020	Gene expression in immortalized versus primary isolated cardiac endothelial cells	Scientific Reports	Lisa Deng, Luisa Pollmeier, Qian Zhou, Stella Bergemann, Christoph Bode, Lutz Hein, Achim Lother
10.1128/msphere.00990-20	2020	Genetic Determinants of Resistance to Extended-Spectrum Cephalosporin and Fluoroquinolone in Escherichia coli Isolated from Diseased Pigs in the United States	mSphere	Shivdeep Singh Hayer, Seunghyun Lim, Samuel Leandro Hong, Ehud Elnekave, Timothy J. Johnson, Albert Rovira, Fábio Augusto Vannucci, Jonathan B. Clayton, Andrés M. Perez, Julio Álvarez
10.1101/2020.01.11.902759	2020	Genome-Wide Search for Candidate Drivers of Adaptation Reveals Genes Enriched for Shifts in Purifying Selection (SPurS)	bioRxiv (Cold Spring Harbor Laboratory)	Popejoy AB, DE Domanska, JH Thomas
10.1101/2020.06.19.161067	2020	Genome-wide association study in European patients with congenital heart disease identifies risk loci for transposition of the great arteries and anomalies of the thoracic arteries and veins and expression of discovered candidate genes in the developing heart	bioRxiv (Cold Spring Harbor Laboratory)	Harald Lahm, Meiwen Jia, Martina Dreßen, Felix Wirth, Nazan Puluca, Ralf Gilsbach, Bernard D. Keavney, Julie Cleuziou, Nicole Beck, Olga Bondareva, Elda Dzilic, Melchior Burri, Karl Christian König, Johannes A. Ziegelmüller, Claudia Abou‐Ajram, Irina Neb, Zhong Zhang, Stefanie A. Doppler, Elisa Mast
10.1002/yea.3515	2020	Genome‐wide effect of tetracycline, doxycycline and 4‐epidoxycycline on gene expression in Saccharomyces cerevisiae	Yeast	Guadalupe Sánchez, Samuel C. Linde, Joseph D. Coolon
10.3390/microorganisms8081208	2020	Genomic Analysis of Three Cheese-Borne Pseudomonas lactis with Biofilm and Spoilage-Associated Behavior	Microorganisms	Laura Quintieri, Leonardo Caputo, Maria De Angelis, Francesca Fanelli
10.1128/mra.01009-19	2020	Genomic Sequencing To Identify Potential Causative Mutation(s) of Neurospora crassa col-4	Microbiology Resource Announcements	Thomas A. Randall
10.1038/s41596-020-0400-y	2020	Global analysis of repetitive DNA from unassembled sequence reads using RepeatExplorer2	Nature Protocols	Petr Novák, Pavel Neumann, Jir̆ı́ Macas
10.1099/ijsem.0.004292	2020	Gluconobacter aidae sp. nov., an acetic acid bacteria isolated from tropical fruits in Thailand	INTERNATIONAL JOURNAL OF SYSTEMATIC AND EVOLUTIONARY MICROBIOLOGY	Pattaraporn Yukphan, Piyanat Charoenyingcharoen, Sukunphat Malimas, Yuki Muramatsu, Yasuyoshi Nakagawa, Somboon Tanasupawat, Yuzo Yamada
10.1007/s10620-020-06105-9	2020	Gut-host Crosstalk: Methodological and Computational Challenges	Digestive Diseases and Sciences	Ivan V. Ivanov
10.31274/etd-20210114-64	2020	Hepatic peroxisome and its implications on cardiac function, inflammation and aging		Kerui Huang
10.1038/s41598-020-75608-2	2020	High prevalence of mcr-1-encoded colistin resistance in commensal Escherichia coli from broiler chicken in Bangladesh	Scientific Reports	Shahana Ahmed, Tridip Das, Md Zohorul Islam, Ana Herrero-Fresno, Paritosh Kumar Biswas, John Elmerdahl Olsen
10.3389/fpls.2020.00973	2020	Host Range Determinants of Pseudomonas savastanoi Pathovars of Woody Hosts Revealed by Comparative Genomics and Cross-Pathogenicity Tests	Frontiers in Plant Science	Alba Moreno‐Pérez, Adrián Pintado, Jesús Murillo, Eloy Caballo‐Ponce, Stefania Tegli, Chiaraluce Moretti, Pablo Rodríguez‐Palenzuela, Cayo Ramos
10.1101/2020.05.04.070367	2020	Host adaptations in the fixLJ pathway of the Burkholderia cepacia complex increase virulence	bioRxiv (Cold Spring Harbor Laboratory)	Matthew M. Schaefers, Benjamin X. Wang, Nicole M. Boisvert, Sarah Martini, Sarah L. Bonney, Christopher  W. Marshall, Michael T. Laub, Vaughn S. Cooper, Gregory P. Priebe
10.26508/lsa.202000893	2020	Human G-MDSCs are neutrophils at distinct maturation stages promoting tumor growth in breast cancer	Life Science Alliance	Meliha Mehmeti-Ajradini, Caroline Bergenfelz, Anna-Maria Larsson, R. Carlsson, Kristian Riesbeck, Jonas Ahl, Helena Janols, Marlene Wullt, Anders C. A. Bredberg, Eva Källberg, Fríða Björk Gunnarsdóttir, Camilla Rydberg Millrud, Lisa Rydén, Gesine Paul, Niklas Loman, Jörgen Adolfsson, Ana Suellen Bar
10.1016/j.cell.2020.10.046	2020	Human T-bet Governs Innate and Innate-like Adaptive IFN-γ Immunity against Mycobacteria	Cell	Rui Yang, Federico Mele, Lisa Worley, David M. Langlais, Jérémie Rosain, Ibithal Benhsaien, Houda Elarabi, Carys A. Croft, Jean‐Marc Doisne, Peng Zhang, Marc Weißhaar, David Jarrossay, Daniela Latorre, Yichao Shen, Jing Han, Masato Ogishi, Conor N. Gruber, Janet Markle, Fatima Al Ali, Mahbuba Rahman
10.1101/2020.05.10.087148	2020	IN SILICO SCREENING AND MOLECULAR DYNAMIC SIMULATION STUDIES OF POTENTIAL SMALL MOLECULE IMMUNOMODULATORS OF THE KIR2DS2 RECEPTOR	bioRxiv (Cold Spring Harbor Laboratory)	Adekunle Babajide Rowaiye, Olujide Oludayo Olubiyi, Doofan Bur, Ikemefuna Chijioke Uzochukwu, Alex Akpa, Charles Okechukwu Esimone
10.1177/1176934320914603	2020	Identification of Gastrointestinal Microbiota in Hawaiian Green Turtles ( Chelonia mydas )	Evolutionary Bioinformatics	Karla J. McDermid, Ronald P. Kittle, Anne Veillet, Sophie Plouviez, Lisa K. Muehlstein, George H. Balazs
10.1101/2020.03.09.983544	2020	Identification of X-chromosomal genes that drive global X-dosage effects in mouse embryonic stem cells	bioRxiv (Cold Spring Harbor Laboratory)	Oriana Genolet, Anna A. Monaco, Ilona Dunkel, Michael Boettcher, Edda G. Schulz
10.1186/s12870-020-02511-3	2020	Identification of small RNAs during cold acclimation in Arabidopsis thaliana	BMC Plant Biology	Bhavika Tiwari, Kristin Habermann, M. Asif Arif, Heinrich Lukas Weil, Antoni Garcia‐Molina, Tatjana Kleine, Timo Mühlhaus, Wolfgang Frank
10.1111/tpj.14912	2020	Identification of small non‐coding RNAs responsive to GUN1 and GUN5 related retrograde signals in Arabidopsis thaliana	The Plant Journal	Kristin Habermann, Bhavika Tiwari, Maria Krantz, Stephan O. Adler, Edda Klipp, M. Asif Arif, Wolfgang Frank
10.3390/pathogens9110934	2020	Impact of Porcine Arterivirus, Influenza B, and Their Coinfection on Antiviral Response in the Porcine Lung	Pathogens	Damarius S. Fleming, Laura C. Miller, Yun Tian, Yonghai Li, Wenjun Ma, Yongming Sang
10.1094/pbiomes-08-19-0042-r	2020	Impacts of Soil Microbiome Variations on Root Colonization by Fungi and Bacteria and on the Metabolome of Populus tremula × alba	Phytobiomes Journal	Lauralie Mangeot-Peter, Timothy James Tschaplinski, Nancy L. Engle, Claire Veneault‐Fourrey, F. Martin, Aurélie Deveau
10.1101/2020.06.29.178624	2020	Implementation of PAR-CLIP to characterize RNA-protein interactions in prokaryotes at nucleotide resolution	bioRxiv (Cold Spring Harbor Laboratory)	Sandeep S Ojha, Chaitanya Jain
10.21203/rs.3.rs-47952/v1	2020	Improving CLIP-Seq Data Analysis by Incorporating Transcript Information	Research Square	Michaël Uhl, Dinh Van Tran, Rolf Backofen
10.1186/s12864-020-07297-0	2020	Improving CLIP-seq data analysis by incorporating transcript information	BMC Genomics	Michaël Uhl, Van Dinh Tran, Rolf Backofen
10.21203/rs.3.rs-47952/v2	2020	Improving CLIP-seq data analysis by incorporating transcript information	Research Square	Michaël Uhl, Van Dinh Tran, Rolf Backofen
10.26434/chemrxiv.12570551.v1	2020	In Silico Identification of Potential Allosteric Inhibitors of the SARS-CoV-2 Helicase	ChemRxiv	Adekunle Babajide Rowaiye, Olukemi Adejoke Onuh, Titilayo Mercy Asala, Amoge Ogu, Doofan Bur, Ezinne M. Nwankwo, Uchenna Orji, Zainab Mohammed Ibrahim, Jamila Hamza, Adaku Ugorji
10.26434/chemrxiv.12570551	2020	In Silico Identification of Potential Allosteric Inhibitors of the SARS-CoV-2 Helicase	ChemRxiv	Adekunle Babajide Rowaiye, Olukemi Adejoke Onuh, Titilayo Mercy Asala, Amoge Ogu, Doofan Bur, Ezinne M. Nwankwo, Uchenna Orji, Zainab Mohammed Ibrahim, Jamila Hamza, Adaku Ugorji
10.26434/chemrxiv.12570551.v2	2020	In Silico Identification of Potential Allosteric Inhibitors of the SARS-CoV-2 Helicase	ChemRxiv	Adekunle Babajide Rowaiye, Olukemi Adejoke Onuh, Titilayo Asala, Amoge Ogu, Doofan Bur, Ezinne M. Nwankwo, Uchenna Orji, Zainab Ibrahim, Jamila Hamza, Adaku Ugorji
10.26434/chemrxiv.12729044	2020	In Silico Identification of the Potential Natural Inhibitors of SARS-CoV-2 Guanine-N7 Methyltransferase.	ChemRxiv	Adekunle Babajide Rowaiye, Olukemi Adejoke Onuh, Joy Awulika Oladimeji-Salami, Doofan Bur, Moses Okonkwo Njoku, Nma Helen Ifedilichukwu, Comfort Ojochenemi John, Olanike Binuyo, Faith Udo Pius
10.26434/chemrxiv.12729044.v1	2020	In Silico Identification of the Potential Natural Inhibitors of SARS-CoV-2 Guanine-N7 Methyltransferase.	ChemRxiv	Adekunle Babajide Rowaiye, Olukemi Adejoke Onuh, Joy Awulika Oladimeji-Salami, Doofan Bur, Moses Okonkwo Njoku, Nma Helen Ifedilichukwu, Comfort Ojochenemi John, Olanike Binuyo, Faith Udo Pius
10.1101/2020.04.09.031252	2020	In-depth Bioinformatic Analyses of Human SARS-CoV-2, SARS-CoV, MERS-CoV, and Other Nidovirales Suggest Important Roles of Noncanonical Nucleic Acid Structures in Their Lifecycles	bioRxiv (Cold Spring Harbor Laboratory)	Martin Bartas, Václav Brázda, Natália Bohálová, Alessio Cantara, Adriana Volná, Tereza Stachurová, Kateřina Malachová, Eva Brázdová Jagelská, Otília Porubiaková, Jiří Červeň, Petr Pečínka
10.1093/gbe/evaa060	2020	Inferring Tunicate Relationships and the Evolution of the Tunicate Hox Cluster with the Genome of Corella inflata	Genome Biology and Evolution	Melissa B. DeBiasse, William N. Colgan, Lincoln Harris, Bradley D. Davidson, Joseph F. Ryan
10.1038/s41564-020-0778-x	2020	Influenza virus repurposes the antiviral protein IFIT2 to promote translation of viral mRNAs	Nature Microbiology	Vy My Tran, Mitchell P. Ledwith, Thiprampai Thamamongood, Christina A. Higgins, Shashank Tripathi, Max W. Chang, Christopher W. Benner, Adolfo García‐Sastre, Martin Schwemmle, Adrianus C. M. Boon, Michael Diamond, Andrew Mehle
10.3390/ijms21082838	2020	Insertion of Telomeric Repeats in the Human and Horse Genomes: An Evolutionary Perspective	International Journal of Molecular Sciences	Marco Santagostino, Francesca M. Piras, Eleonora Cappelletti, Simone Del Giudice, Ornella Semino, Solomon G. Nergadze, Elena Giulotto
10.3389/fcomp.2020.00008	2020	Integration of the ImageJ Ecosystem in KNIME Analytics Platform	Frontiers in Computer Science	Christian Dietz, Curtis Rueden, Stefan Helfrich, Ellen T. A. Dobson, Martin Horn, Jan Eglinger, Edward L. Evans, Dalton T. McLean, Tatiana A. Novitskaya, William A. Ricke, Nathan M. Sherer, Andries Zijlstra, Michael R. Berthold, Kevin W. Eliceiri
10.1016/j.cell.2020.05.026	2020	Intergenerationally Maintained Histone H4 Lysine 16 Acetylation Is Instructive for Future Gene Activation	Cell	Maria Samata, Anastasios Alexiadis, Gautier Richard, Plamen Georgiev, Johannes Nuebler, Tanvi Kulkarni, Gina Renschler, Maria Felicia Basilicata, Fides Lea Zenk, Maria Shvedunova, Giuseppe Semplicio, Leonid A. Mirny, Nicola Iovino, Asifa Akhtar
10.1007/s00439-020-02201-y	2020	Interplay between probe design and test performance: overlap between genomic regions of interest, capture regions and high quality reference calls influence performance of WES-based assays	Human Genetics	Erinija Pranckevičienė, Lemuel Racacho, Mahdi Ghani, Landry E. Nfonsam, Ryan Potter, Elizabeth Sinclair‐Bourque, Gabrielle Mettler, Amanda C Smith, Lucas Bronicki, Lijia Huang, Olga Jarinova
10.1016/j.mce.2020.110701	2020	Interplay of ERα binding and DNA methylation in the intron-2 determines the expression and estrogen regulation of cystatin A in breast cancer cells	Molecular and Cellular Endocrinology	Dixcy Jaba Sheeba John Mary, Girija Sikarwar, Ajay Kumar, Anil Mukund Limaye
10.1371/journal.pone.0233818	2020	Intracellular Cryptococcus neoformans disrupts the transcriptome profile of M1- and M2-polarized host macrophages	PLoS ONE	Aarthi Subramani, Prianca Griggs, Niah Frantzen, James Mendez, Jamila S. Tucker, Jada Murriel, Linda M. Sircy, Grace E. Millican, Erin E. McClelland, R Seipelt, David E. Nelson
10.1101/2020.05.14.095752	2020	Intracellular Cryptococcus neoformans disrupts the transcriptome profile of M1- and M2-polarized host macrophages	bioRxiv (Cold Spring Harbor Laboratory)	Aarthi Subramani, Prianca Griggs, Niah Frantzen, James Mendez, Jamila S. Tucker, Jada Murriel, Linda M. Sircy, Erin E. McClelland, R Seipelt, David E. Nelson
10.1155/2020/7092053	2020	Investigation of Two Mycobacterium abscessus Outbreaks in Quebec Using Whole Genome Sequencing	BioMed Research International	Michelle Wuzinski, Hafid Soualhine, Emilie Valliere, Pierre‐Marie Akochy, Nancy Cloutier, Aaron Petkau, Brynn Kaplen, Maryse Duchesne, Jasmin Villeneuve, Meenu Kaushal Sharma
10.1371/journal.pcbi.1007261	2020	JBrowse Connect: A server API to connect JBrowse instances and users	PLoS Computational Biology	Eric Yao, Robert Buels, Lincoln Stein, Taner Z. Sen, Ian H Holmes
10.7554/elife.53165	2020	Keratin 14-dependent disulfides regulate epidermal homeostasis and barrier function via 14-3-3σ and YAP1	eLife	Yajuan Guo, Catherine J. Redmond, Krystynne A Leacock, Margarita V. Brovkina, Suyun Ji, Vinod Jaskula-Ranga, Pierre A. Coulombe
10.1093/nar/gkaa724	2020	LSD1 prevents aberrant heterochromatin formation in Neurospora crassa	Nucleic Acids Research	William K. Storck, Vincent T. Bicocca, Michael R. Rountree, Shinji Honda, Tereza Ormsby, Eric U. Selker
10.1093/gigascience/giaa033	2020	Laniakea: an open solution to provide Galaxy “on-demand” instances over heterogeneous cloud infrastructures	GigaScience	Marco Antonio Tangaro, Giacinto Donvito, Marica Antonacci, Matteo Chiara, Pietro Mandreoli, Graziano Pesole, Federico Zambelli
10.1101/2020.10.23.20218511	2020	Large-scale population analysis of SARS-CoV-2 whole genome sequences reveals host-mediated viral evolution with emergence of mutations in the viral Spike protein associated with elevated mortality rates	medRxiv	Carlos Farkas, Andy Mella, Jody J. Haigh
10.1101/2020.10.08.331322	2020	Linking big biomedical datasets to modular analysis with Portable Encapsulated Projects	bioRxiv (Cold Spring Harbor Laboratory)	Nathan C. Sheffield, Michał Stolarczyk, Vincent P. Reuter, André F. Rendeiro
10.1016/j.csbj.2020.04.008	2020	MaREA4Galaxy: Metabolic reaction enrichment analysis and visualization of RNA-seq data within Galaxy	Computational and Structural Biotechnology Journal	Chiara Damiani, Lorenzo Rovida, Davide Maspero, Irene Sala, Luca Rosato, Marzia Di Filippo, Dario Pescini, Alex Graudenzi, Marco Antoniotti, Giancarlo Mauri
10.1093/bib/bbaa032	2020	Machine learning-based analysis of multi-omics data on the cloud for investigating gene regulations	Briefings in Bioinformatics	Minsik Oh, Sung‐Joon Park, ﻿Sun Kim, Heejoon Chae
10.1007/978-1-0716-0989-7_8	2020	Mapping 5-Hydroxymethylcytosine (5hmC) Modifications in Skeletal Tissues Using High-Throughput Sequencing	Methods in molecular biology	Fiorella Carla Grandi, Nidhi Bhutani
10.1016/j.molmet.2020.101157	2020	Metabolic remodeling of dystrophic skeletal muscle reveals biological roles for dystrophin and utrophin in adaptation and plasticity	Molecular Metabolism	Justin P. Hardee, Karen Janet Bernice Martins, Paula Michelle Miotto, James G. Ryall, Stefan M. Gehrig, Boris Reljić, Timur Naim, Jin D. Chung, Jen Trieu, Kristy Swiderski, Ashleigh M. Philp, Andrew Philp, Matthew J. Watt, David A. Stroud, René Koopman, Gregory R. Steinberg, Gordon Stuart Lynch
10.1186/s42523-020-00025-9	2020	Metagenomic analysis suggests broad metabolic potential in extracellular symbionts of the bivalve Thyasira cf. gouldi	Animal Microbiome	Bonita McCuaig, Lourdes Peña‐Castillo, Suzanne C. Dufour
10.4109/jslab.31.25	2020	Methods for analyzing next-generation sequencing data XV. RNA-seq analysis (Part 3)	Japanese Journal of Lactic Acid Bacteria	Tomoko Terada, Kentaro K. Shimizu, Koji Kadota
10.1038/s41598-019-57409-4	2020	MicroRNA and mRNA interactions coordinate the immune response in non-lethal heat stressed Litopenaeus vannamei against AHPND-causing Vibrio parahaemolyticus	Scientific Reports	Pakpoom Boonchuen, Benedict A. Maralit, Phattarunda Jaree, Anchalee Tassanakajon, Kunlaya Somboonwiwat
10.3389/fmicb.2020.575194	2020	Microbial Niche Diversification in the Galápagos Archipelago and Its Response to El Niño	Frontiers in Microbiology	Scott Michael Gifford, Liang Zhao, Brooke P Stemple, Kimberly deLong, Patricia Matheus Medeiros, Harvey E. Seim, Adrian Marchetti
10.1038/s41598-020-79143-y	2020	Microbial community composition in the rhizosphere of Larix decidua under different light regimes with additional focus on methane cycling microorganisms	Scientific Reports	Nadine Praeg, Paul Illmer
10.3390/cancers12082222	2020	Modeling the Diversity of Epithelial Ovarian Cancer through Ten Novel Well Characterized Cell Lines Covering Multiple Subtypes of the Disease	Cancers	Skye Alexandre Sauriol, Kayla Simeone, Lise Portelance, Liliane Meunier, Kim Leclerc-Desaulniers, Manon de Ladurantaye, Meriem Chergui, Jennifer Kendall‐Dupont, Kurosh Rahimi, Eurı́dice Carmona, Diane Michele Provencher, Anne‐Marie Mes‐Masson
10.1016/b978-0-12-818581-0.00004-8	2020	Modern tools in improving rice production	Elsevier eBooks	Neetu Verma, Alok Krishna Sinha
10.1007/978-3-030-37378-8_17	2020	Modifications of Community Structure in Ectomycorrhizal Arctic Fungi as a Consequence of Global Warming		Luís Neves Morgado, József Geml
10.1016/j.celrep.2020.107578	2020	Modulation of Peptidoglycan Synthesis by Recycled Cell Wall Tetrapeptides	Cell Reports	Sara B. Hernández, Tobias Dörr, Matthew K. Waldor, Felipe Cava
10.21203/rs.3.rs-60445/v1	2020	Molecular and Cellular Characterization of Two Patient-Derived Ductal Carcinoma in Situ (DCIS) Cell Lines, ETCC-006 and ETCC-010		Julia Samson, Kellie A. Dean
10.1111/iju.14302	2020	Molecular characteristics and markers of advanced clear cell renal cell carcinoma: Pitfalls due to intratumoral heterogeneity and identification of genetic alterations associated with metastasis	International Journal of Urology	Rebecca C. Obeng, Rebecca S. Arnold, Kenneth Ogan, Viraj A. Master, John G. Pattaras, John A. Petros, Adeboye O. Osunkoya
10.3161/15081109acc2020.22.2.003	2020	Moths Consumed by the Barbastelle Barbastella barbastellus Require Larval Host Plants that Occur within the Bat's Foraging Habitats	Acta Chiropterologica	Andrew Carr, Andrew Weatherall, Penelope C. Fialas, Matt R. K. Zeale, Elizabeth L. Clare, Gareth A. Jones
10.1002/hon.2717	2020	Mucosal dysbiosis in patients with gastrointestinal follicular lymphoma	Hematological Oncology	Keizo Zeze, Atsushi Hirano, Takehiro Torisu, Motohiro Esaki, Hiroki Shibata, Tomohiko Moriyama, Junji Umeno, Shin Fujioka, Yasuharu Okamoto, Yuta Fuyuno, Yuichi Matsuno, Takanari Kitazono
10.1016/b978-0-12-819414-0.00010-0	2020	Multiplex analyses using methylation sensitive restriction enzyme qPCR	Elsevier eBooks	Manuela Hofner, Julie Krainer, Stephan Pabinger, Walter Pulverer, Christa Nöhammer, Andreas Weinhäusel
10.3389/fgene.2019.01366	2020	NG-Tax 2.0: A Semantic Framework for High-Throughput Amplicon Analysis	Frontiers in Genetics	Wasin Poncheewin, Gerben D. A. Hermes, Jesse C. J. van Dam, Jasper J. Koehorst, Hauke Smidt, Peter J. Schaap
10.1371/journal.pone.0233991	2020	Neuronal transcriptome analyses reveal novel neuropeptide modulators of excitation and inhibition imbalance in C. elegans	PLoS ONE	Katherine A McCulloch, Kingston Zhou, Yishi Jin
10.1002/pld3.204	2020	Newly identified miRNAs may contribute to aerenchyma formation in sugarcane roots	Plant Direct	Eveline Queiroz de Pinho Tavares, Marina Camara Mattos Martins, Adriana Grandis, Grayce Hellen Romim, Amanda Rusiska Piovezani, Jonas Weissmann Gaiarsa, Marcos Silveira Buckeridge
10.70675/b9d29e13z941fz4bdezbed3zcb7b5813f658	2020	Novel strategies for the identification and full genomic characterization of unknown HPV types from human DNA samples		Rosario N. Brancaccio
10.1371/journal.pcbi.1007365	2020	Nucleosome positioning sequence patterns as packing or regulatory	PLoS Computational Biology	Erinija Pranckevičienė, Sergey Hosid, Nathan Liang, Ilya P. Ioshikhes
10.3389/fbioe.2020.553904	2020	On the Logical Design of a Prototypical Data Lake System for Biological Resources	Frontiers in Bioengineering and Biotechnology	Haoyang Che, Yucong Duan
10.3389/fimmu.2020.00841	2020	Opposing Roles for the Related ETS-Family Transcription Factors Spi-B and Spi-C in Regulating B Cell Differentiation and Function	Frontiers in Immunology	Anne-Sophie Laramée, Hannah L. Raczkowski, Peng Shao, Carolina R. Batista, Devanshi Shukla, Li Xu, S.M. Mansour Haeryfar, Yodit Tesfagiorgis, Steven M. Kerfoot, Rodney P. DeKoter
10.20944/preprints202004.0253.v1	2020	Optimizing Open Data to Support One Health: Best Practices to Ensure Interoperability of Genomic Data from Microbial Pathogens	Preprints.org	Ruth Timme, William J. Wolfgang, Maria Balkey, Sai Laxmi Gubbala Venkata, Robyn Randolph, Marc William Allard, Errol A. Strain
10.1002/spe.2808	2020	Optimizing computational resource management for the scientific gateways ecosystems based on the service‐oriented paradigm	Software Practice and Experience	Edvard Martins de Oliveira, Júlio Cézar Estrella, Alexandre C. B. Delbem, Mário Henrique Souza Pardo, Fausto Guzzo da Costa, Alexandre Defelicibus, Stephan Reiff‐Marganiec
10.1101/2020.09.18.303842	2020	Orchestrating and sharing large multimodal data for transparent and reproducible research	bioRxiv (Cold Spring Harbor Laboratory)	Anthony Mammoliti, Petr Smirnov, Minoru Nakano, Zhaleh Safikhani, Christopher B. Eeles, Heewon Seo, Sisira Kadambat Nair, Arvind Singh Mer, Chantal Ho, Gangesh Beri, Rebecca L. Kusko, MAQC Society, Benjamin Haibe-Kains
10.1161/circresaha.119.316339	2020	PPARγ-p53-Mediated Vasculoregenerative Program to Reverse Pulmonary Hypertension	Circulation Research	Jan K. Hennigs, Aiqin Cao, Caiyun G. Li, Minyi Shi, Julia Mienert, Kazuya Miyagawa, Jakob Körbelin, David P. Marciano, Pin-I Chen, Matthew Roughley, Matthew Elliott, Rebecca L. Harper, Matthew A. Bill, James Chappell, Jan-Renier A. J. Moonen, Isabel Diebold, Lingli Wang, Michael Snyder, Marlene Rabi
10.47749/t/unicamp.2020.1162273	2020	Padrão de expressão e mecanismos de regulação dos genes das hemoglobinas na próstata		Isabella Barbutti Gonçalves
10.1038/s41467-020-15212-0	2020	Parallel evolution of dominant pistil-side self-incompatibility suppressors in Arabidopsis	Nature Communications	Sota Fujii, Hiroko Shimosato-Asano, Mitsuru Kakita, Takashi Kitanishi, Megumi Iwano, Seiji Takayama
10.7287/peerj.8705v0.1/reviews/2	2020	Peer Review #2 of "Alternative dietary protein and water temperature influence the skin and gut microbial communities of yellowtail kingfish (Seriola lalandi) (v0.1)"		
10.7287/peerj.10271v0.1/reviews/3	2020	Peer Review #3 of "The invasive red-eared slider turtle is more successful than the native Chinese three-keeled pond turtle: evidence from the gut microbiota (v0.1)"		
10.1016/j.fm.2020.103416	2020	Phenotype and genomic background of Arcobacter butzleri strains and taxogenomic assessment of the species	Food Microbiology	Francesca Fanelli, Daniele Chieffi, Angela Di Pinto, Anna Mottola, Federico Baruzzi, Vincenzina Fusco
10.25148/etd.fidc008966	2020	Phylogenetic and Transcriptomic Analyses of Vision in Two Cave Adapted Crustaceans, Asellus aquaticus (Isopoda: Asellidae) and Niphargus hrabei (Amphipoda: Niphargidae).		Jorge L Perez Moreno
10.21203/rs.3.rs-34780/v1	2020	Phylogenetic systematics of Butyrivibrio and Pseudobutyrivibrio genomes illustrate possession of open genomes rich in orthologous accessory genes with an abundance of carbohydrate-active enzyme isoforms		Sharon Huws, Timofey Skvortsov, Fernanda Godoys Santos, Stephen J. Courtney, Karen Siu-Ting, Christopher J. Creevey
10.25710/1p6s-h946	2020	Physiological Mechanisms of Desiccation Resistance in Fruit-Parasitic Rhagoletis Flies	Western CEDAR (Western Washington University)	Christa M. Kohnert
10.1038/s41598-020-71652-0	2020	Plant growth promoting rhizobacteria isolated from halophytes and drought-tolerant plants: genomic characterisation and exploration of phyto-beneficial traits	Scientific Reports	Kleopatra Leontidou, Savvas Genitsaris, Anastasia Papadopoulou, Nathalie N. Kamou, Irene Bosmali, Theodora Matsi, Panagiotis B. Madesis, Despoina Vokou, Katerina Karamanoli, Ιfigeneia Mellidou
10.22541/au.159863310.09115756	2020	Pline: automatic generation of modern web interfaces for command-line programs		Andres Veidenberg, Ari Löytynoja
10.1101/2020.02.16.949362	2020	Pluripotency factors determine gene expression repertoire at zygotic genome activation	bioRxiv (Cold Spring Harbor Laboratory)	Meijiang Gao, Marina Veil, Marcus Rosenblatt, Aileen Julia Riesle, Anna Gebhard, Helge Hass, Lenka Buryanova, Lev Y. Yampolsky, Björn Grüning, Sergey V. Ulianov, Jens Timmer, Daria Onichtchouk
10.1111/eva.12917	2020	Population genetic structure and predominance of cyclical parthenogenesis in the bird cherry‐oat aphid Rhopalosiphum padi in England	Evolutionary Applications	Ramiro Morales‐Hojas, Asier Gonzalez‐Uriarte, Fernando Alvira-Iraizoz, Todd M. Jenkins, L. J. Alderson, Tracey Kruger, Mike J. Hall, Alex Greenslade, Chris R. Shortall, James R. Bell
10.3390/proteomes8030015	2020	Precursor Intensity-Based Label-Free Quantification Software Tools for Proteomic and Multi-Omic Analysis within the Galaxy Platform	Proteomes	Subina Mehta, Caleb Easterly, Ray Sajulga, Robert J. Millikin, Andrea Argentini, Ignacio Eguinoa, Lennart Martens, Michael R. Shortreed, Lloyd M. Smith, Thomas F. McGowan, Praveen Kumar, James E. Johnson, Timothy J. Griffin, Pratik Jagtap
10.1101/2020.04.01.003988	2020	Precursor intensity-based label-free quantification software tools for proteomic and multiomic analysis within the Galaxy Platform	bioRxiv (Cold Spring Harbor Laboratory)	Subina Mehta, Caleb Easterly, Ray Sajulga, Robert J. Millikin, Andrea Argentini, Ignacio Eguinoa, Lennart Martens, Michael R. Shortreed, Lloyd M. Smith, Thomas F. McGowan, Praveen Kumar, James E. Johnson, Timothy J. Griffin, Pratik Jagtap
10.70675/74f92d6dz74eaz46bdzbcf9ze92dd56249a2	2020	Probabilistic semantic network approach for the study of genotype-phenotype relations in the context of human genetic diseases		Carlos Bermejo Das Neves
10.3389/fgene.2020.585746	2020	Profiling of H3K27Ac Reveals the Influence of Asthma on the Epigenome of the Airway Epithelium	Frontiers in Genetics	Peter K. McErlean, Audrey Kelly, Jaideep Dhariwal, Max Kirtland, Julie Watson, Ismael Ranz, Janet Lynn Smith, Alka Saxena, David J. Cousins, Antoon van Oosterhout, Roberto C. E. Solari, Michael R. Edwards, Sebastian Lennox Johnston, Paul Lavender
10.5821/dissertation-2117-330142	2020	Programming models to support data science workflows		Cristian Ramon-Cortes
10.3389/fmicb.2020.00149	2020	PromA Plasmids Are Instrumental in the Dissemination of Linuron Catabolic Genes Between Different Genera	Frontiers in Microbiology	Johannes Werner, Eman H. Nour, Boyke Bunk, Cathrin Spröer, Kornelia Smalla, Dirk Springael, Başak Öztürk
10.1038/s41598-020-61514-0	2020	Proximity-dependent biotin labelling reveals CP190 as an EcR/Usp molecular partner	Scientific Reports	Marina Yu. Mazina, Rustam Ziganshin, Mikhail D. Magnitov, Anton K. Golovnin, Nadezhda E. Vorobyeva
10.3389/978-2-88963-705-8	2020	RNA-Seq Analysis: Methods, Applications and Challenges	Frontiers research topics	Autori vari, Geraci, F., Saha, I., Bianchini, M.
10.1038/s41467-020-18928-1	2020	Rational design of a microbial consortium of mucosal sugar utilizers reduces Clostridiodes difficile colonization	Nature Communications	Maria de Fátima Pereira, Kenneth Wasmund, Iva Cobankovic, Nico Jehmlich, Craig William Herbold, Kang Soo Lee, Barbara Szirányi, Cornelia Vesely, Thomas Decker, Roman Stocker, Benedikt Warth, Martin von Bergen�, Michael Wagner, David M. Berry
10.3389/fgene.2019.01361	2020	Read Mapping and Transcript Assembly: A Scalable and High-Throughput Workflow for the Processing and Analysis of Ribonucleic Acid Sequencing Data	Frontiers in Genetics	Sateesh Peri, Sarah Louise Elin Roberts, Isabella Kreko, Lauren B. McHan, Alexandra Naron, Archana Ram, Rebecca L. Murphy, Eric H. Lyons, Brian D. Gregory, Upendra Kumar Devisetty, Andrew D. L. Nelson
10.1038/s42003-020-1076-0	2020	Reciprocal H3.3 gene editing identifies K27M and G34R mechanisms in pediatric glioma including NOTCH signaling	Communications Biology	Kuang-Yui Michael Chen, Kelly M. Bush, Rachel Herndon Klein, Vanessa Cervantes, Nichole Lewis, Aasim Naqvi, Angel Montero Carcaboso, Mirna Lechpammer, Paul S. Knoepfler
10.1371/journal.pone.0229700	2020	Revisiting the expression signature of pks15/1 unveils regulatory patterns controlling phenolphtiocerol and phenolglycolipid production in pathogenic mycobacteria	PLoS ONE	Beatriz Ramos, Stephen Vincent Gordon, Mónica V. Cunha
10.1101/2020.02.20.950329	2020	Revisiting the expression signature of pks15/1 unveils regulatory patterns controlling phenolphtiocerol and phenolglycolipid production in pathogenic mycobacteria	bioRxiv (Cold Spring Harbor Laboratory)	Beatriz Ramos, Stephen Vincent Gordon, Mónica V. Cunha
10.1101/2020.02.10.942953	2020	RiboTag-Seq Reveals a Compensatory cAMP Responsive Gene Network in Striatal Microglia Induced by Morphine Withdrawal	bioRxiv (Cold Spring Harbor Laboratory)	Kevin R. Coffey, Atom J. Lesiak, Russell G. Marx, Emily K. Vo, Gwenn A. Garden, John F. Neumaier
10.1177/0300985820969971	2020	Runting and Stunting Syndrome in Broiler Chickens: Histopathology and Association With a Novel Picornavirus	Veterinary Pathology	Letícia B. Oliveira, James B. Stanton, Jian Zhang, Corrie C. Brown, Salman Latif Butt, Kiril M. Dimitrov, Claudio L. Afonso, Jeremy D. Volkening, L.J.C. Lara, Camila Stefanie Fonseca de Oliveira, Roselene Ecco
10.1016/j.gene.2020.144787	2020	SNP dependent modulation of circulating miRNAs from the miR25/93/106 cluster in patients undergoing weight loss	Gene	Stephanie Müller, Stefan Wallner, Gerd Schmitz, Thomas Horst Loew, Thomas Stempfl, Christoph Möhle, Christina Strack, Sabine Julia Maria Sag, Andrea Baessler, Marcus Fischer
10.1038/s41598-020-69101-z	2020	STAGdb: a 30K SNP genotyping array and Science Gateway for Acropora corals and their dinoflagellate symbionts	Scientific Reports	Sheila A. Kitchen, Gregory Von Kuster, Kate L. Vasquez Kuntz, Hannah G. Reich, Webb Miller, Sean Griffin, Nicole D. Fogarty, Iliana B. Baums
10.1093/bib/bbaa203	2020	Scanning window analysis of non-coding regions within normal-tumor whole-genome sequence samples	Briefings in Bioinformatics	John Torcivia-Rodriguez, Raja Mazumder
10.1016/j.toxicon.2020.02.019	2020	Seasonal changes in the bacterial community structure of three eutrophicated urban lakes in Mexico city, with emphasis on Microcystis spp.	Toxicon	Rosa María Pineda‐Mendoza, Carlos Iván Briones-Roblero, Román González-Escobedo, Flor Nohemí Rivera-Orduña, Fernando Martı́nez-Jerónimo, Gerardo Zúñiga
10.1007/s00248-020-01587-6	2020	Sediment Plasmidome of the Gulfs of Kathiawar Peninsula and Arabian Sea: Insights Gained from Metagenomics Data	Microbial Ecology	Chandrashekar Mootapally, Mayur S. Mahajan, Neelam Mustakali Nathani
10.1101/2020.06.09.139766	2020	Seeing Nemo: molecular evolution of ultraviolet visual opsins and spectral tuning of photoreceptors in anemonefishes (Amphiprioninae)	bioRxiv (Cold Spring Harbor Laboratory)	Laurie J. Mitchell, Karen L. Cheney, Wen‐Sung Chung, N. Justin Marshall, Kyle Michie, Fabio Cortesi
10.1038/s41380-020-0750-4	2020	Sequencing the serotonergic neuron translatome reveals a new role for Fkbp5 in stress	Molecular Psychiatry	Atom J. Lesiak, Kevin R. Coffey, Joshua H. Cohen, Katharine J. Liang, Charles Chavkin, John F. Neumaier
10.21203/rs.3.rs-39202/v1	2020	Sex Differences in Dietary Copper-Fructose Interaction-Induced Alterations of Gut Microbial Activity are Not Correlated to Hepatic Steatosis	Research Square	Ming Song, Fang Yuan, Xiaohong Li, Xipeng Ma, Xinmin Yin, Eric Christian Rouchka, Xiang Zhang, Zhongbin Deng, Russell A. Prough, Craig James McClain
10.1101/2020.08.11.245555	2020	Shiga toxin remodels the intestinal epithelial transcriptional response to Enterohemorrhagic Escherichia coli	bioRxiv (Cold Spring Harbor Laboratory)	Alyson R. Warr, Carole J. Kuehl, Matthew K. Waldor
10.20944/preprints202004.0294.v1	2020	Signaling Pathways in Cervical Cancer Chemoresistance: Are microRNAs and Long-Noncoding RNAs the Main Culprits?	Preprints.org	Seyyed Reza Mousavi, Nima Hemmat, Hossein Bannazadeh Baghi, Afshin Derakhshani, Stefania Tommasi, Oronzo Brunetti, Behzad Baradaran, Nicola Silvestris
10.1038/s41467-019-14171-5	2020	Single-cell transcriptomics identifies CD44 as a marker and regulator of endothelial to haematopoietic transition	Nature Communications	Morgan Oatley, Özge Vargel Bölükbaşı, Valentine Svensson, Maya Shvartsman, Kerstin Ganter, Katharina Zirngibl, Polina V. Pavlovich, Vladislava Milchevskaya, Vladimira Foteva, Kedar Nath Natarajan, Bianka Baying, Vladimı́r Beneš, Kiran Raosaheb Patil, Sarah Amalia Teichmann, Christophe Lancrin
10.1007/978-3-030-11045-1_16	2020	Small RNAs in Duckweeds	Compendium of plant genomes	Paul Fourounjian
10.21203/rs.3.rs-120052/v1	2020	Starvation causes changes in the intestinal transcriptome and microbiome that are reversed upon refeeding	Research Square	Jayanth Jawahar, Alexander W. McCumber, Colin R. Lickwar, Caroline R. Amoroso, Sol Gómez de la Torre Canny, Sandi Wong, Brendan J. M. Bohannan, Karen J. Guillemin, John Franklin Rawls
10.1109/tetc.2020.3019202	2020	StreamFlow: Cross-Breeding Cloud With HPC	IEEE Transactions on Emerging Topics in Computing	Iacopo Colonnelli, Barbara Cantalupo, Ivan Merelli, Marco Aldinucci
10.1101/2020.08.04.237032	2020	Super-human cell death detection with biomarker-optimized neural networks	bioRxiv (Cold Spring Harbor Laboratory)	Jeremy W. Linsley, Drew A. Linsley, Josh Lamstein, Gennadi Ryan, Kevan D. Shah, Nicholas A. Castello, Viral D. Oza, Jaslin Kalra, Shijie Wang, Zachary Tokuno, Ashkan Javaherian, T. Serre, Steven M. Finkbeiner
10.1371/journal.pone.0241503	2020	Survey of metaproteomics software tools for functional microbiome analysis	PLoS ONE	Ray Sajulga, Caleb Easterly, Michael E. Riffle, Bart Mesuere, Thilo Muth, Subina Mehta, Praveen Kumar, James E. Johnson, Bjoern Gruening, Henning Schiebenhoefer, Carolin A. Kolmeder, Stephan Fuchs, Brook L. Nunn, Joel D. Rudney, Timothy J. Griffin, Pratik Jagtap
10.1002/jbm4.10383	2020	TET1 Directs Chondrogenic Differentiation by Regulating SOX9 Dependent Activation of Col2a1 and Acan In Vitro	JBMR Plus	Piera Smeriglio, Fiorella Carla Grandi, Sarah E. B. Taylor, Antoine Zalc, Nidhi Bhutani
10.1016/j.jmb.2020.10.008	2020	TET1 Interacts Directly with NANOG via Independent Domains Containing Hydrophobic and Aromatic Residues	Journal of Molecular Biology	Raphaël Pantier, Nicholas P. Mullin, Elisa Hall-Ponselé, Ian Chambers
10.1101/2020.06.29.177584	2020	TET1 interacts directly with NANOG via independent regions containing hydrophobic and aromatic residues	bioRxiv (Cold Spring Harbor Laboratory)	Raphaël Pantier, Nicholas P. Mullin, Elisa Hall-Ponselé, Ian Chambers
10.1128/mcb.00663-19	2020	TWIST1 Homodimers and Heterodimers Orchestrate Lineage-Specific Differentiation	Molecular and Cellular Biology	Xiaochen Fan, Ashley J. Waardenberg, Madeleine Demuth, Pierre Osteil, Jane Q. J. Sun, David A.F. Loebel, Mark Evan Graham, Patrick Tam, Nicolas Fossat
10.1126/sciadv.aaz4815	2020	Temporal expression of MOF acetyltransferase primes transcription factor networks for erythroid fate	Science Advances	Cecília Pessoa Rodrigues, Josip S. Herman, Benjamin Herquel, Claudia Isabelle Keller Valsecchi, Thomas Stehlé, Dominic Grün, Asifa Akhtar
10.1002/glia.23810	2020	Temporospatial distribution and transcriptional profile of retinal microglia in the oxygen‐induced retinopathy mouse model	Glia	Myriam Boeck, Adrian Thien, Julian Wolf, Nora Hagemeyer, Yannik Laich, Dilmurat Yusuf, Rolf Backofen, Peipei Zhang, Stefaniya Boneva, Andreas Stahl, Ingo Hilgendorf, Hansjürgen T. Agostini, Marco Prinz, Peter Wieghofer, Günther Schlunck, Anja Schlecht, Clemens Lange
10.1101/2020.10.26.355867	2020	Ten complete mitochondrial genomes of Gymnocharacini (Stethaprioninae, Characiformes): evolutionary relationships and a repetitive element in the Control Region (D-loop)	bioRxiv (Cold Spring Harbor Laboratory)	Rubens Pasa, Fabiano Bezerra Menegídio, Igor Henrique Rodrigues‐Oliveira, Iuri Batista da Silva, Matheus Lewi Cruz Bonaccorsi de Campos, Dinaíza Abadia Rocha Reis, John Seymour Heslop-Harrison, Trude Schwarzacher, Karine Frehner Kavalco
10.1128/jvi.00119-20	2020	The African Swine Fever Virus Transcriptome	Journal of Virology	Gwenny Cackett, Dorota Matelska, Michal Sýkora, Raquel Portugal, Michal Malecki, Jürg Bähler, Linda Dixon, Finn Werner
	2020	The African Swine Fever Virus Transcriptome	UCL Discovery (University College London)	Cackett, G, Matelska, D, Sýkora, M, Portugal, R, Malecki, M, Bähler, J, Dixon, L, Werner, F
10.1186/s13321-020-00442-7	2020	The ChemicalToolbox: reproducible, user-friendly cheminformatics analysis on the Galaxy platform	Journal of Cheminformatics	Simon A. Bray, Xavier Lucas, Anup Kumar, Björn Andreas Grüning
10.3324/haematol.2019.241224	2020	The Coup-TFII orphan nuclear receptor is an activator of the γ-globin gene	Haematologica	Cristina Fugazza, Gloria Barbarani, Sudharshan Elangovan, Maria Giuseppina Marini, Serena Giolitto, Isaura Font-Monclus, Maria Franca Marongiu, Laura Manunza, John Strouboulis, Claudio Cantù, Fabio Gasparri, Silvia M.L. Barabino, Yukio Nakamura, Sergio Ottolenghi, Paolo Moi, Antonella Ellena Ronchi
10.1371/journal.pgen.1009164	2020	The PAX-FOXO1s trigger fast trans-differentiation of chick embryonic neural cells into alveolar rhabdomyosarcoma with tissue invasive properties limited by S phase entry inhibition	PLoS Genetics	Gloria González Curto, Audrey Der Vartanian, Youcef El-Mokhtar Frarma, Line Manceau, Lorenzo Baldi, Selene Prisco, Nabila Elarouci, Frédéric Causeret, Daniil A. Korenkov, Muriel Rigolet, Frédéric Aurade, Aurélien de Reyniès, Vincent Contremoulins, Frédéric Relaix, Orestis Faklaris, James Briscoe, Pa
10.1101/2020.05.18.097618	2020	The PAXFOXO1s trigger fast trans-differentiation of chick embryonic neural cells into alveolar rhabdomyosarcoma with tissue invasive properties limited by S phase entry inhibition	bioRxiv (Cold Spring Harbor Laboratory)	Gloria González Curto, Audrey Der Vartanian, Youcef El-Mokhtar Frarma, Line Manceau, Lorenzo Baldi, Selene Prisco, Nabila Elarouci, Frédéric Causeret, Muriel Rigolet, Frédéric Aurade, Aurélien de Reyniès, Vincent Contremoulins, Frédéric Relaix, Orestis Faklaris, James Briscoe, Pascale Gilardi‐Hebens
10.1128/jb.00427-20	2020	The Transcription Regulator and c-di-GMP Phosphodiesterase PdeL Represses Motility in Escherichia coli	Journal of Bacteriology	Cihan Yilmaz, Aathmaja Anandhi Rangarajan, Karin Schnetz
10.1186/s13072-020-00338-8	2020	The conserved DNMT1-dependent methylation regions in human cells are vulnerable to neurotoxicant rotenone exposure	Epigenetics & Chromatin	Dana M. Freeman, Dan Wen Lou, Yanqiang Li, Suzanne N. Martos, Zhibin Wang
10.1101/2020.11.25.399022	2020	The dynamic epigenetic regulation of the inactive X chromosome in healthy human B cells is dysregulated in lupus patients	bioRxiv (Cold Spring Harbor Laboratory)	Sarah Pyfrom, Bam Paneru, James J. Knoxx, Michael P. Cancro, Sylvia E. Posso, Jane Hoyt Buckner, Montserrat C. Anguera
10.1099/acmi.0.000180	2020	The effects of feeding ferric citrate on ruminal bacteria, methanogenic archaea and methane production in growing beef steers	Access Microbiology	Brooke A. Clemmons, Liesel G. Schneider, Emily A Melchior, Amanda K. Lindholm‐Perry, Kristin E. Hales, James E. Wells, H. C. Freetly, Stephanie L Hansen, Mary E Drewnoski, Sarah J. Hartman, Phillip R. Myer
10.1371/journal.pone.0221981	2020	The giant pouched rat (Cricetomys ansorgei) olfactory receptor repertoire	PLoS ONE	Angela R. Freeman, Alexander G. Ophir, Michael J. Sheehan
10.21203/rs.3.rs-18225/v1	2020	The importance of incorporating transcript information in CLIP-seq data analysis		Michaël Uhl, Tran Van Dinh, Rolf Backofen
10.1016/j.soilbio.2020.107951	2020	The role of land management and elevation in shaping soil microbial communities: Insights from the Central European Alps	Soil Biology and Biochemistry	Nadine Praeg, Julia Seeber, Georg Leitinger, Erich Tasser, Christian Newesely, Ulrike Tappeiner, Paul Illmer
10.1016/b978-0-12-818581-0.00002-4	2020	The scope of transformation and genome editing for quantitative trait improvements in rice	Elsevier eBooks	Zeba Islam Seraj, Mohammad Umer Sharif Shohan, Sabrina Moriom Elias, Umme Habiba, Sudip Biswas, Narendra Kumar Tuteja
10.1016/j.bbamcr.2020.118717	2020	The secretome of skin cancer cells activates the mTOR/MYC pathway in healthy keratinocytes and induces tumorigenic properties	Biochimica et Biophysica Acta (BBA) - Molecular Cell Research	Christine Hoesl, Enrica Zanuttigh, Thomas Fröhlich, Julia Philippou‐Massier, Stefan Krebs, Helmut Blum, Maik Dahlhoff
10.3233/apc200107	2020	Toward Enabling Reproducibility for Data-Intensive Research Using the Whole Tale Platform	Advances in parallel computing	Chard Kyle, Gaffney Niall, Hategan Mihael, Kowalik Kacper, Ludäscher Bertram, McPhillips Timothy, Nabrzyski Jarek, Stodden Victoria, Taylor Ian, Thelen Thomas, Turk Matthew J., Willis Craig
10.1093/gigascience/giaa147	2020	Toward a scalable framework for reproducible processing of volumetric, nanoscale neuroimaging datasets	GigaScience	Erik C. Johnson, Miller Wilt, Luis M. Rodríguez, Raphael Norman-Tenazas, Corban G. Rivera, Nathan G. Drenkow, Dean M. Kleissas, Theodore J. LaGrow, Hannah Paris Cowley, Joseph Downs, Jordan Matelsky, Marisa Hughes, Elizabeth P. Reilly, Brock A. Wester, Eva L. Dyer, Konrad Paul Kording, William R. Gr
	2020	Transcription Initiation and Termination of Chemically Synthesized Small RNA Expression Vectors	CUNY Academic Works (City University of New York)	J. Cobo
10.1101/2020.07.29.226225	2020	Transcription inhibitors with XRE DNA-binding and cupin signal-sensing domains drive metabolic diversification in Pseudomonas	bioRxiv (Cold Spring Harbor Laboratory)	Julian Trouillon, Michel Ragno, Victor Simon, Ina Attrée, Sylvie Elsen
10.1038/s41598-020-72864-0	2020	Transcriptional characterization of conjunctival melanoma identifies the cellular tumor microenvironment and prognostic gene signatures	Scientific Reports	Julian Wolf, Claudia Auw‐Haedrich, Anja Schlecht, Stefaniya Boneva, Hans Mittelviefhaus, Thabo Lapp, Hansjürgen T. Agostini, Thomas Reinhard, Günther Schlunck, Clemens Lange
10.1101/2020.08.28.271916	2020	Transcriptional network involving ERG and AR orchestrates Distal-Less Homeobox 1 mediated prostate cancer progression	bioRxiv (Cold Spring Harbor Laboratory)	Sakshi Goel, Vipul Bhatia, Shannon Carskadon, Nilesh Gupta, Mohammad Asim, Nallasivam Palanisamy, Bushra Ateeq
10.21203/rs.3.rs-88679/v1	2020	Transcriptional network involving ERG and AR orchestrates Distal-Less Homeobox 1 mediated prostate cancer progression	Research Square	Sakshi Goel, Vipul Bhatia, Shannon Carskadon, Nilesh S. Gupta, Mohammad Asim, Nallasivam Palanisamy, Bushra Ateeq
10.3389/fphys.2020.605671	2020	Transcriptomic Bioinformatic Analyses of Atria Uncover Involvement of Pathways Related to Strain and Post-translational Modification of Collagen in Increased Atrial Fibrillation Vulnerability in Intensely Exercised Mice	Frontiers in Physiology	Yena Oh, Sibao Yang, Xueyan Liu, Sayantan Jana, Farzad Izaddoustdar, Xiao‐Dong Gao, Ryan Debi, Dae‐Kyum Kim, Kyoung-Han Kim, Ping Yang, Zamaneh Kassiri, Robert Lakin, Peter H. Backx
10.1152/physiolgenomics.00062.2020	2020	Transcriptomic analysis of ileal tissue from Crohn’s disease patients identifies extracellular matrix genes that distinguish individuals by age at diagnosis	Physiological Genomics	Melanie A. Eshelman, Leonard Harris, Sue M. Deiling, Walter A. Koltun, Nimalan A. Jeganathan, Gregory S. Yochum
10.1111/bph.15074	2020	Transcriptomic analysis of pulmonary artery smooth muscle cells identifies new potential therapeutic targets for idiopathic pulmonary arterial hypertension	British Journal of Pharmacology	Matthew William Gorr, Krishna Sriram, Abinaya Muthusamy, Paul A. Insel
10.1038/s41598-020-69096-7	2020	Transcriptomic comparison of human and mouse brain microvessels	Scientific Reports	Hannah W. Song, Koji L. Foreman, Benjamin D. Gastfriend, John S. Kuo, Sean P. Palecek, Eric V. Shusta
10.14814/phy2.14344	2020	Transcriptomic profiles reveal differences between the right and left ventricle in normoxia and hypoxia	Physiological Reports	Matthew William Gorr, Krishna Sriram, Amy M. Chinn, Abinaya Muthusamy, Paul A. Insel
10.1093/database/baaa032	2020	Tripal and Galaxy: supporting reproducible scientific workflows for community biological databases	Database	Shawna Spoor, Connor Wytko, Brian Soto, Ming Chen, Abdullah Almsaeed, Bradford J. Condon, Nic Herndon, Heidi Hough, Sook Jung, Meg Staton, Jill Wegrzyn, Dorrie Main, Frank Alex Feltus, Stephen Patrick Ficklin
10.3390/life10010002	2020	Ultradeep Microbial Communities at 4.4 km within Crystalline Bedrock: Implications for Habitability in a Planetary Context	Life	Lotta Purkamo, Riikka Kietäväinen, Maija Nuppunen-Puputti, Malin Bomberg, Claire R. Cousins
10.1111/jth.14895	2020	Ultrastructural, transcriptional, and functional differences between human reticulated and non‐reticulated platelets	Journal of Thrombosis and Haemostasis	Laura Hille, Maximilian O. Lenz, Andreas Vlachos, Björn Andreas Grüning, Lutz Hein, Franz‐Josef Neumann, Thomas Georg Nührenberg, Dietmar Trenk
10.1186/s12915-020-0750-5	2020	Unexpected cell type-dependent effects of autophagy on polyglutamine aggregation revealed by natural genetic variation in C. elegans	BMC Biology	Jasmine Alexander-Floyd, Suraiya Haroon, Mingsheng Ying, Ariana A. Entezari, Cilia Jaeger, Marc Vermulst, Tali Gidalevitz
10.3390/ijms21030944	2020	Unique k-mers as Strain-Specific Barcodes for Phylogenetic Analysis and Natural Microbiome Profiling	International Journal of Molecular Sciences	Valery V. Panyukov, Sergey S. Kiselev, Olga N. Ozoline
10.3390/ijms21155585	2020	Use of Whole Genome Sequencing Data for a First in Silico Specificity Evaluation of the RT-qPCR Assays Used for SARS-CoV-2 Detection	International Journal of Molecular Sciences	Mathieu Gand, Kevin Vanneste, Isabelle Thomas, Steven Van Gucht, Arnaud Capron, Philippe Herman, Nancy H. C. Roosens, Sigrid C. J. De Keersmaecker
10.70675/c1537cecz6efdz4a4bzb8c5z768ab8f06491	2020	Utilisation secondaire des données textuelles hospitalières : le défi des biais et de la reproductibilité		William Digan
10.29007/rh7n	2020	Visualizing Omics Data from Spaceflight Samples using the NASA GeneLab Platform	EPiC series in computing	Daniel C. Berrios, Eric M. Weitz, Kirill A. Grigorev, Sylvain V. Costes, Samrawit Gebre, Afshin Beheshti
10.1145/3394976	2020	VizSciFlow: A Visually Guided Scripting Framework for Supporting Complex Scientific Data Analysis	Proceedings of the ACM on Human-Computer Interaction	Muhammad Mainul Hossain, Banani Roy, Chanchal Kumar Roy, Kevin A. Schneider
10.18260/1-2--35545	2020	WIP: Improving Student Engagement in Undergraduate Bioinformatics Through Research Contributions	2020 ASEE Virtual Annual Conference Content Access Proceedings	Jessica D. Kaufman
10.37247/pacr.1.2020.5	2020	Whole Exome Sequencing Data Analysis Algorithms in Cancer Diagnostics	Vide Leaf, Hyderabad eBooks	Áron Bartha, Balázs Győrffy
10.1101/2020.05.08.083949	2020	Whole Genome Sequences of Aedes aegypti (Linn.) Field Isolates from Southern India	bioRxiv (Cold Spring Harbor Laboratory)	Venitha Bernard, Sanjana Moudgalya, Daniel Reegan, Peddagangannagari Sreekanthreddy, Abhilash Mohan, Hosahalli S. Subramanya, Shruthi Sridhar Vembar, Sanjay Kumar Ghosh
10.1109/works51914.2020.00007	2020	Workflow Generation with wfGenes		Mehdi Roozmeh, Ivan Kondov
10.1093/bioinformatics/btaa692	2020	pyGenomeTracks: reproducible plots for multivariate genomic datasets	Bioinformatics	Lucille Lopez‐Delisle, Leily Rabbani, Joachim R. Wolff, Vivek Bhardwaj, Rolf Backofen, Björn Andreas Grüning, Fidel Ramírez, Thomas Manke
10.70675/c22acc85z6b29z4808z94b3z3661f57f73a8	2020	Étude des facteurs biotiques et abiotiques influant sur la structuration et la composition du microbiote racinaire du Peuplier		Lauralie Mangeot-Peter
10.1128/mra.01211-20	2021	A 24-Year-Old Sample Contributes the Complete Genome Sequence of Fowl Aviadenovirus D from the United States	Microbiology Resource Announcements	Iryna V. Goraichuk, James F. Davis, Arun B. Kulkarni, Claudio L. Afonso, David L. Suarez
10.1007/978-1-0716-1099-2_15	2021	A Compendium of Bioinformatic Tools for Bacterial Pangenomics to Be Used by Wet-Lab Scientists	Methods in molecular biology	Camilla Fagorzi, Alice Checcucci
10.3390/v13081574	2021	A Genome-Wide CRISPR/Cas9 Screen Reveals the Requirement of Host Sphingomyelin Synthase 1 for Infection with Pseudorabies Virus Mutant gD–Pass	Viruses	Julia E. Hölper, Finn E. Grey, John Kenneth Baillie, Tim W. Regan, Nick Parkinson, Dirk W. Höper, Thiprampai Thamamongood, Martin Schwemmle, Katrin Pannhorst, Lisa Wendt, Thomas C. Mettenleiter, Barbara G. Klupp
10.1007/s12021-021-09546-3	2021	A Modular Workflow for Model Building, Analysis, and Parameter Estimation in Systems Biology and Neuroscience	Neuroinformatics	João P. G. Santos, Kadri Pajo, Daniel Trpevski, Andrey Stepaniuk, Olivia Eriksson, Anu G. Nair, Daniel X. Keller, Jeanette Hellgren Kotaleski, Andrei Kramer
10.2139/ssrn.3864444	2021	A Molecular Signature for Il-10-Producing Th1 Cells in Protozoan Parasitic Diseases	SSRN Electronic Journal	Chelsea L. Edwards, Susanna S. Ng, Fabian de Labastida Rivera, Dillon Corvino, Gavrila Ang, Marcela Montes de, Teija C. M. Frame, Patrick T. Bunn, Shashi Bhushan Chauhan, Siddharth Sankar Singh, Yulin Wang, Jessica A. Engel, Jinrui Na, Fiona H. Amante, Jessica R. Loughland, Nicola Waddell, Pamela Mu
10.1128/msphere.01215-20	2021	A Novel N4-Like Bacteriophage Isolated from a Wastewater Source in South India with Activity against Several Multidrug-Resistant Clinical Pseudomonas aeruginosa Isolates	mSphere	Nitasha D. Menon, Megha Santhosh Kumar, T G Satheesh Babu, Sucharita Bose, Gayathri Vijayakumar, Manasi Baswe, Meghna Chatterjee, Jovita Rowena D’Silva, K Sindhu Shetty, Jayalekshmi Haripriyan, Anil Kumar, Samitha Nair, Priyanka Somanath, Bipin Gopalakrishnan Nair, Victor Nizet, Geetha B. Kumar
10.21769/bioprotoc.3912	2021	A Pipeline for Non-model Organisms for de novo Transcriptome Assembly, Annotation, and Gene Ontology Analysis Using Open Tools: Case Study with Scots Pine	BIO-PROTOCOL	Gustavo Turqueto Duarte, Polina Yu., Stanislav Geras’kin
10.1016/j.bpsgos.2021.07.011	2021	A cAMP-Related Gene Network in Microglia Is Inversely Regulated by Morphine Tolerance and Withdrawal	Biological Psychiatry Global Open Science	Kevin R. Coffey, Atom J. Lesiak, Ruby E. Marx, Emily K. Vo, Gwenn A. Garden, John F. Neumaier
10.1371/journal.pcbi.1008922	2021	A constructivist-based proposal for bioinformatics teaching practices during lockdown	PLoS Computational Biology	Cristóbal Gallardo Alba, Björn Andreas Grüning, Beatriz Serrano‐Solano
10.1038/s41391-021-00360-1	2021	A cross-sectional study on gut microbiota in prostate cancer patients with prostatectomy or androgen deprivation therapy	Prostate Cancer and Prostatic Diseases	Kai-Man Li, Lin Wang, Christine Yim‐Ping Wong, Peter Ka‐Fung Chiu, Jeremy Yuen‐Chun Teoh, Hilda S. W. Kwok, Steven C. H. Leung, Sunny Hei Wong, Stephen Kwok‐Wing Tsui, Chi‐Fai Ng
10.70675/73858fbbz7a53z457fz91ecz36b3626efecf	2021	A genetic dissection of human ILC development and plasticity		Carys A. Croft
10.1016/j.genrep.2021.101048	2021	A glance at glioblastoma molecular culprits through in-silico analysis	Gene Reports	Seyyed Reza Mousavi, Farinaz Khosravian, Nima Hemmat, Sara Feizbakhshan, Sharareh Salmanizadeh, Farzad Seyed Foroutan, Kamran Ghaedi, Mansoor Salehi
10.1016/j.nbt.2021.11.002	2021	A multi-omics study to boost continuous bolaform sophorolipid production	New Biotechnology	Sven Dierickx, Karolien Maes, Sophie L. K. W. Roelants, Beata Pomian, Lieven Van Meulebroek, Sofie L. De Maeseneire, Lynn Vanhaecke, Wim K. Soetaert
10.1016/j.celrep.2021.109217	2021	A role for the ribosome-associated complex in activation of the IRE1 branch of UPR	Cell Reports	I‐Hui Wu, Jae Seok Yoon, Qian Yang, Yi Liu, William R. Skach, Philip Thomas
10.1111/mmi.14703	2021	A single system detects and protects the beneficial oral bacterium Streptococcus sp. A12 from a spectrum of antimicrobial peptides	Molecular Microbiology	Kyulim Lee, Justin R. Kaspar, Gisela Rojas‐Carreño, Alejandro Riveros Walker, Robert A. Burne
10.1016/j.cosrev.2021.100422	2021	A survey on the Distributed Computing stack	Computer Science Review	Cristian Ramon-Cortes, Pol Álvarez, Francesc Lordan, J. Álvarez Cid-Fuentes, Jorge Ejarque, Rosa M. Badia
10.1093/nar/gkab339	2021	A termination-independent role of Rat1 in cotranscriptional splicing	Nucleic Acids Research	Zuzer Dhoondia, Hesham Elewa, Marva Malik, Zahidur Arif, Roger Piqué-Regi, Athar Ansari
10.1038/s42003-021-02472-9	2021	AQPX-cluster aquaporins and aquaglyceroporins are asymmetrically distributed in trypanosomes	Communications Biology	Fiorella Tesán, Ramiro Lorenzo, Karina Alleva, Ana Romina Fox
10.1099/ijsem.0.005052	2021	Acetobacter garciniae sp. nov., an acetic acid bacterium isolated from fermented mangosteen peel in Thailand	INTERNATIONAL JOURNAL OF SYSTEMATIC AND EVOLUTIONARY MICROBIOLOGY	Pattaraporn Yukphan, Piyanat Charoenyingcharoen, Yutthana Kingcha, Somsak Likhitrattanapisal, Supattra Muangham, Somboon Tanasupawat, Yuzo Yamada
10.1038/s41467-021-24124-6	2021	Acinetobacter baylyi regulates type IV pilus synthesis by employing two extension motors and a motor protein inhibitor	Nature Communications	Courtney K. Ellison, Triana N. Dalia, Catherine A. Klancher, Joshua W. Shaevitz, Zemer Gitai, Ankur B. Dalia
10.1101/2021.09.12.459970	2021	Activation of the CaMKII-Sarm1-ASK1 MAP kinase pathway protects against axon degeneration caused by loss of mitochondria	bioRxiv (Cold Spring Harbor Laboratory)	Chen Ding, Youjun Wu, Hadas Dabas, Marc Hammarlund
10.3389/fbioe.2021.740722	2021	Adaptation to Endophytic Lifestyle Through Genome Reduction by Kitasatospora sp. SUK42	Frontiers in Bioengineering and Biotechnology	Noraziah Mohamad Zin, Aishah Ismail, David R. Mark, Gareth D. Westrop, Jana Katharina Schniete, Paul Herron
10.1007/978-981-15-9758-9_27	2021	Advances in Biotechnological Tools and Techniques for Metatranscriptomics		Naresh Pratap Singh, Vaishali, Mahesh Kumar Bharti, Vishakha Burman, Vandana Sharma
10.20944/preprints202110.0367.v1	2021	Agrococcus massiliensis sp. nov., a Novel Bacterial Species Isolated from Human Healthy Skin	Preprints.org	Manon Boxberger, Sibylle Magnien, Angéline Antezack, Clara Rolland, Marine Makoa Meng, Bernard La Scola, Nadim Cassir
10.7554/elife.71983	2021	All-trans retinoic acid induces synaptopodin-dependent metaplasticity in mouse dentate granule cells	eLife	Maximilian O. Lenz, Amelie Eichler, Pia Kruse, Julia Muellerleile, Thomas Deller, Peter Jedlička, Andreas Vlachos
10.1101/2021.07.05.451170	2021	All-trans retinoic acid induces synaptopodin-dependent metaplasticity in mouse dentate granule cells	bioRxiv (Cold Spring Harbor Laboratory)	Maximilian O. Lenz, Amelie Eichler, Pia Kruse, Julia Muellerleile, Thomas Deller, Peter Jedlička, Andreas Vlachos
10.1073/pnas.2100500118	2021	Amino acids activate mTORC1 to release roe deer embryos from decelerated proliferation during diapause	Proceedings of the National Academy of Sciences	Vera Anna van der Weijden, Jochen Bick, Stefan Bauersachs, Anna B. Rüegg, Thomas B. Hildebrandt, Frank Goeritz, Katarina Jewgenow, Pieter Giesbertz, Hannelore Daniel, Emilie Derisoud, Pascale Chavatte‐Palmer, R.M. Bruckmaier, Barbara Drews, Susanne Ernestine Ulbrich
10.1007/978-3-030-71051-4_64	2021	An Agile Pipeline for RNA-Seq Data Analysis	Transactions on computational science and computational intelligence	Scott Wolf, Dan Li, William E. Yang, Yifan Zhang, Mary Qu Yang
10.1101/2021.10.19.464446	2021	Analysing and identifying miRNAs from RNA-seq data using miRDeep2 tool in Galaxy, a practical guide	bioRxiv (Cold Spring Harbor Laboratory)	Mohd Rifqi Rafsanjani
10.3390/ijms22052486	2021	Analysis of blaCHDL Genes and Insertion Sequences Related to Carbapenem Resistance in Acinetobacter baumannii Clinical Strains Isolated in Warsaw, Poland	International Journal of Molecular Sciences	Alicja Słoczyńska, Matthew E. Wand, Stefan S Tyski, Agnieszka Ewa Laudy
10.1096/fj.202002043rr	2021	Antagonistic effects of finerenone and spironolactone on the aldosterone‐regulated transcriptome of human kidney cells	The FASEB Journal	Florian Le Billan, Julie Perrot, Elena Carceller, Simon A. A. Travers, Say Viengchareun, Peter Kolkhof, Marc Lombès, Jérôme Fagart
10.1039/d1ra02293h	2021	Antiviral nanoparticle ligands identified with datamining and high-throughput virtual screening	RSC Advances	Edward P. Booker, Ghassan Elie Jabbour
10.11144/javeriana.10554.54329	2021	Análisis transcriptómico de los mecanismos moleculares de lignificación y estrés hídrico en melina (Gmelina arborea Roxb)		Mary Luz Yaya Lancheros
10.3390/cells10020315	2021	Arabidopsis Mitochondrial Transcription Termination Factor mTERF2 Promotes Splicing of Group IIB Introns	Cells	Kwanuk Lee, Dario Leister, Tatjana Kleine
10.1007/s00299-021-02794-2	2021	Autopolyploidization affects transcript patterns and gene targeting frequencies in Physcomitrella	Plant Cell Reports	Christine Rempfer, Gertrud Wiedemann, Gabriele Schween, Klaus L. Kerres, Jan M. Lucht, Ralf Horres, Eva L. Decker, Ralf Reski
10.1101/2021.06.17.448837	2021	Autopolyploidization affects transcript patterns and gene targeting frequencies in Physcomitrella	bioRxiv (Cold Spring Harbor Laboratory)	Christine Rempfer, Gertrud Wiedemann, Gabriele Schween, Klaus L. Kerres, Jan M. Lucht, Ralf Horres, Eva L. Decker, Ralf Reski
10.1038/s41375-021-01282-6	2021	Base-edited CAR T cells for combinational therapy against T cell malignancies	Leukemia	Christos Georgiadis, Jane Rasaiyaah, Soragia Athina Gkazi, Roland Preece, Annie Etuk, Abraham Christi, Waseem Qasim
10.3390/ncrna7040064	2021	Binding of the RNA Chaperone Hfq on Target mRNAs Promotes the Small RNA RyhB-Induced Degradation in Escherichia coli	Non-Coding RNA	David Lalaouna, Karine Prévost, Seong-Jin Park, Thierry Chénard, Marie-Pier Bouchard, Marie-Pier Caron, Carin K. Vanderpool, Jingyi Fei, Éric Massé
10.12688/f1000research.52569.1	2021	Bioimage analysis workflows: community resources to navigate through a complex ecosystem	F1000Research	Perrine Paul‐Gilloteaux, Sébastien Tosi, Jean-Karim Hèriché, Alban Gaignard, Hervé Ménager, Raphaël Marée, Volker Baecker, Anna H. Klemm, Matúš Kalaš, Chong Zhang, Kota Miura, Julien Colombelli
10.1111/ppa.13472	2021	Biological and molecular characterization of two closely related carlaviruses affecting brassica plants	Plant Pathology	Agatha Mota de Oliveira, Leilane Karam Rodrigues, Camila Chabi‐Jesus, Alexandre Levi Rodrigues Chaves, Elliot Watanabe Kitajima, Ricardo Harakava, Alexander Banguela‐Castillo, Pedro Luis Ramos‐González, Marcelo Eiras
10.1002/jcp.30623	2021	Biphasic effect of mechanical stress on lymphocyte activation	Journal of Cellular Physiology	Mhd Yousuf Yassouf, Xu Zhang, Zisheng Huang, Da Zhai, Reiko Sekiya, Tsuyoshi Kawabata, Tao‐Sheng Li
10.1038/s41522-021-00238-z	2021	CO2 enhances the formation, nutrient scavenging and drug resistance properties of C. albicans biofilms	npj Biofilms and Microbiomes	Daniel R. Pentland, Jack Davis, Fritz A. Mühlschlegel, Campbell W. Gourlay
10.1186/s43556-021-00033-4	2021	COVID-19: insights into virus–receptor interactions	Molecular Biomedicine	Azadeh Sepahvandi, Maryam Selk Ghaffari, Amir Hossein Bahmanpour, Fathollah Moztarzadeh, Payam Zarrintaj, Hasan Uludağ, Masoud Mozafari
10.1101/2021.08.02.454734	2021	CRISPR/Cas9 screen for genome-wide interrogation of essential MYC binding sites in cancer cells	bioRxiv (Cold Spring Harbor Laboratory)	Marta Kazimierska, Marta Podralska, Magdalena Żurawek, Tomasz Woźniak, Marta Elżbieta Kasprzyk, Weronika Sura, Wojciech Łosiewski, Iwona Ziółkowska‐Suchanek, Joost L. Kluiver, Anke van den Berg, Natalia Rozwadowska, Agnieszka Dzikiewicz‐Krawczyk
10.3389/fcimb.2020.538591	2021	Challenge of Bovine Foot Skin Fibroblasts With Digital Dermatitis Treponemes Identifies Distinct Pathogenic Mechanisms	Frontiers in Cellular and Infection Microbiology	Kerry Newbrook, Stuart D. Carter, Hayley E. Crosby-Durrani, Nicholas J. Evans
10.1186/s12915-021-01162-6	2021	Characterisation of the enzyme transport path between shipworms and their bacterial symbionts	BMC Biology	Giovanna Pesante, Federico Sabbadin, Luisa Elias, Clare G. Steele‐King, J. Reuben Shipway, Adam  A. Dowle, Yi Li, Marta Busse‐Wicher, Paul Dupree, Katrin Beßer, Simon M. Cragg, Neil C. Bruce, Simon J. McQueen‐Mason
10.22541/au.162366557.74509707/v1	2021	Characterization and protective effects of lytic bacteriophage pAh6.2TG against a pathogenic multidrug-resistant Aeromonas hydrophila in Nile tilapia ( Oreochromis niloticus )		Le Thanh Dien, Le Buu Ky, Bui The Huy, Muhammad Fadhlullah Mursalim, Pattanapon Kayansamruaj, Saengchan Senapin, Channarong Rodkhum, Ha Thanh Dong
10.1111/tbed.14321	2021	Characterization and protective effects of lytic bacteriophage pAh6.2TG against a pathogenic multidrug‐resistant Aeromonas hydrophila in Nile tilapia ( Oreochromis niloticus )	Transboundary and Emerging Diseases	Le Thanh Dien, Le Buu Ky, Bui The Huy, Muhammad Fadhlullah Mursalim, Pattanapon Kayansamruaj, Saengchan Senapin, Channarong Rodkhum, Ha Thanh Dong
10.21203/rs.3.rs-380784/v1	2021	Characterization of the Virome Associated With Haemagogus Mosquitoes in Trinidad, West Indies	Research Square	Renee L. M. N. Ali, J. Jayaraj, Azad Mohammed, C. Chinnaraja, Christine V. F. Carrington, David W. Severson, Adesh Ramsubhag
10.1038/s41396-021-00961-7	2021	Characterization of the first cultured free-living representative of Candidatus Izemoplasma uncovers its unique biology	The ISME Journal	Rikuan Zheng, Rui Liu, Yeqi Shan, Ruining Cai, Ge Liu, Chaomin Sun
10.1038/s41598-021-95842-6	2021	Characterization of the virome associated with Haemagogus mosquitoes in Trinidad, West Indies	Scientific Reports	Renee L. M. N. Ali, Jayaraj Jayaraman, Azad Mohammed, C. Chinnaraja, Christine V. F. Carrington, David W. Severson, Adesh Ramsubhag
10.3390/plants10020283	2021	Chloroplast Genome of Rambutan and Comparative Analyses in Sapindaceae	Plants	Fei Dong, Zhicong Lin, Jing Lin, Ray Ming, Wenping Zhang
10.1681/asn.2021040525	2021	Chromatin Remodelers Interact with Eya1 and Six2 to Target Enhancers to Control Nephron Progenitor Cell Maintenance	Journal of the American Society of Nephrology	Jun Li, Jin Xu, Huihui Jiang, Ting Zhang, Aarthi Ramakrishnan, Li Shen, Pin‐Xian Xu
10.1002/hed.26624	2021	Clinical validation of 13‐gene DNA methylation analysis in oral brushing samples for detection of oral carcinoma: Italian multicenter study	Head & Neck	Davide Bartolomeo Gissi, Luca Morandi, Giuseppe Colella, Roberto De Luca, Giuseppina Campisi, Rodolfo Mauceri, Umberto Romeo, Gianluca Tenore, Michele Davide Mignogna, Daniela Adamo, Giacomo Oteri, Antonia Marcianò, Paolo Vescovi, Marco Meleti, Rosario Serpico, Dario Di Stasio, Monica Pentenero, And
10.1016/j.jaci.2021.01.022	2021	Cockroach-induced IL9, IL13, and IL31 expression and the development of allergic asthma in urban children	Journal of Allergy and Clinical Immunology	Petra K. LeBeau, Alexandre Lockhart, Alkis G. Togias, Megan T. Sandel, Jessica Gereige, Leonard B. Bacharier, Stephanie Lovinsky‐Desir, Robert A. Wood, Robert L. James, William W. Busse, James E. Gern, Matthew C. Altman
10.2144/fsoa-2021-0076	2021	Coexpression Network Analysis Identified lncRNAs-mRNAs With Potential Relevance in African Ancestry Prostate Cancer	Future Science OA	Rafael Santiago Parra-Medina, Liliana López-Kleine, Sandra Ramírez‐Clavijo, César Payán‐Gómez
10.1128/aem.02541-20	2021	Colonization of Naive Roots from Populus tremula × alba Involves Successive Waves of Fungi and Bacteria with Different Trophic Abilities	Applied and Environmental Microbiology	F. Fracchia, Lauralie Mangeot-Peter, L. Jacquot, F. Martin, Claire Veneault‐Fourrey, Aurélie Deveau
10.1016/j.adcanc.2021.100018	2021	Comparing transcriptomic profiles from seven cell lines to elucidate liver metastatic potential	Advances in Cancer Biology - Metastasis	Lindsay R. Dresang, Christian Van Scoyk, Kirby J. Kuehn, Taylor A. Tauber, Arthur Rech Tondin, Morgan A. Broske, Cody Schreiner
10.3389/fevo.2021.632590	2021	Complementary Contribution of Fungi and Bacteria to Lignocellulose Digestion in the Food Stored by a Neotropical Higher Termite	Frontiers in Ecology and Evolution	Edimar Agnaldo MOREIRA, Gabriela Félix Persinoti, Letícia R. Menezes, Maria Paula Paixão, Thabata M. Alvarez, João Paulo L. Franco Cairo, Fabio Marcio Squina, Ana Maria Costa–Leonardo, André Luis Rodrigues, David Sillam‐Dussès, Alberto Arab
10.1128/mra.01390-20	2021	Complete Genome Sequence of Achromobacter xylosoxidans Myophage Mano	Microbiology Resource Announcements	Mariah Bartz, Guichun W. Yao, Tram Le, Mei Liu, Ben H. Burrowes, Carlos F. Gonzalez, Ry Young
10.1128/mra.01444-20	2021	Complete Genome Sequence of Bradyrhizobium japonicum Podophage Paso	Microbiology Resource Announcements	Dylan B. McBee, Aravind Ravindran, Heather Newkirk, Ben H. Burrowes, Ry Young, Carlos F. Gonzalez
10.1128/mra.01407-20	2021	Complete Genome Sequence of Burkholderia cenocepacia Phage Mica	Microbiology Resource Announcements	James Garcia, Guichun W. Yao, María Guadalupe Vizoso-Pinto, James Clark, Tram Le, Carlos F. Gonzalez, Jason J. Gill, Mei Liu
10.1128/mra.00203-21	2021	Complete Genome Sequence of Chlamydia abortus MRI-10/19, Isolated from a Sheep Vaccinated with the Commercial Live C. abortus 1B Vaccine Strain	Microbiology Resource Announcements	Morag Livingstone, Sergio Gastón Caspe, David Longbottom
10.1128/mra.01419-20	2021	Complete Genome Sequence of Klebsiella aerogenes Siphophage Solomon	Microbiology Resource Announcements	Alexis Hudson, James Clark, Jason J. Gill, Mei Liu
10.1128/mra.01404-20	2021	Complete Genome Sequence of Klebsiella pneumoniae Jumbo Phage Miami	Microbiology Resource Announcements	Daniel Mora, Lauren E. Lessor, Tram Le, James Clark, Jason J. Gill, Mei Liu
10.1128/mra.01442-20	2021	Complete Genome Sequence of Rhizobium japonicum Podophage Pasto	Microbiology Resource Announcements	Nikhil Manuel, Leika Rushing, Aravind Ravindran, Heather Newkirk, Ben H. Burrowes, Ry Young, Carlos F. Gonzalez
10.1128/mra.01443-20	2021	Complete Genome Sequence of Rhizobium phaseoli Podophage Palo	Microbiology Resource Announcements	Ali Nabhani, Leika Rushing, Heather Newkirk, Ben H. Burrowes, Ry Young, Carlos F. Gonzalez
10.1128/mra.01336-20	2021	Complete Genome Sequence of Streptomyces Phage Shady	Microbiology Resource Announcements	Carlos Enrique Oyarzún Ortega, Isla Hernandez, James Clark, Mei Liu, Ben H. Burrowes
10.1128/mra.01344-20	2021	Complete Genome Sequence of Streptomyces Phage Spernnie	Microbiology Resource Announcements	Nathaniel Tate, Loraine Melbern, James Clark, Isla Hernandez, Mei Liu, Ben H. Burrowes
10.1128/mra.01343-20	2021	Complete Genome Sequence of Streptomyces Siphophage Sycamore	Microbiology Resource Announcements	Xing-Han Zhang, Alejandra Marquez, James Clark, Isla Hernandez, Madeline E Rivera, Mei Liu, Ben H. Burrowes
10.3390/ani11102976	2021	Complete Genome Sequencing of Field Isolates of Peste des Petits Ruminants Virus from Tanzania Revealed a High Nucleotide Identity with Lineage III PPR Viruses	Animals	Edson Kinimi, Mana Mahapatra, Tebogo Kgotlele, Mariam Makange, Chandana Tennakoon, Félix Njeumi, Steven Odongo, Serge Muyldermans, Richard Anthony Kock, Satya Parida, Mark M. Rweyemamu, Gerald Misinzo
10.1016/j.gene.2021.146091	2021	Convergent losses of SCPP genes and ganoid scales among non-teleost actinopterygians	Gene	Masato Mikami, Toshinao Ineno, Andrew W. Thompson, Ingo Braasch, Mikio Ishiyama, Kazuhiko Kawasaki
10.3390/app11209648	2021	Converting Biomedical Text Annotated Resources into FAIR Research Objects with an Open Science Platform	Applied Sciences	Alexandros Kanterakis, Nikos Kanakaris, Manos Koutoulakis, Konstantina Pitianou, Nikos I. Karacapilidis, Lefteris Koumakis, George Potamias
10.21203/rs.3.rs-493200/v1	2021	Cooperative interaction between ERα and the EMT-inducer ZEB1 reprograms breast cancer cells for metastasis	Research Square	Nastaran Mohammadi Ghahhari, Magdalena K. Sznurkowska, Nicolas Hulo, Lilia Bernasconi, Nicola Aceto, Didier Picard
10.3390/biom11030473	2021	Coupling Machine Learning and Lipidomics as a Tool to Investigate Metabolic Dysfunction-Associated Fatty Liver Disease. A General Overview	Biomolecules	Helena Castañé, Gerard Baiges‐Gayà, Anna Hernández‐Aguilera, Elisabet Rodríguez‐Tomàs, Salvador Fernández‐Arroyo, Pol Herrero, Antoni Delpino-Rius, Núria Canela-Canela, Javier A. Menéndez, Jordi Camps, Jorge Joven
10.1038/s41564-021-00924-w	2021	CrvA and CrvB form a curvature-inducing module sufficient to induce cell-shape complexity in Gram-negative bacteria	Nature Microbiology	Nicholas R. Martin, Edith Blackman, Benjamin P. Bratton, Katelyn J. Chase, Thomas M. Bartlett, Zemer Gitai
10.1016/j.meegid.2021.104895	2021	Cryptosporidium chipmunk genotype I – An emerging cause of human cryptosporidiosis in Sweden	Infection Genetics and Evolution	Ioana Bujila, Karin Troell, Karolina Fischerström, Marie Nordahl, Gustav Killander, Anette Tarp Hansen, Robert Söderlund, Marianne Lebbad, Jessica Beser
10.1101/2021.08.12.456039	2021	DEVELOPMENTAL AND EVOLUTIONARY COMPARATIVE ANALYSIS OF A REGULATORY LANDSCAPE IN MAMMALS AND BIRDS	bioRxiv (Cold Spring Harbor Laboratory)	Aurélie Hintermann, Isabel Misteli Guerreiro, Christopher Chase Bolt, Lucille Lopez‐Delisle, Sandra Gitto, Denis Duboule, Leonardo L Beccari
10.1530/ey.18.8.14	2021	DNA Methylation of steroidogenic enzymes in benign adrenocortical tumors: New insights in aldosterone-producing Adenomas	Yearbook of pediatric endocrinology	Di Dalmazi G, Luca Morandi, Beatrice Rubin, Catia Pilon, Silvia Asioli, Valentina Vicennati, De Leo A, Francesca Ambrosi, Daniele Santini, Uberto Pagotto, Valeria Maffeis, Ambrogio Fassina, Francesco Fallo
10.1016/j.molcel.2021.03.041	2021	DNAJC9 integrates heat shock molecular chaperones into the histone chaperone network	Molecular Cell	Colin M. Hammond, Hongyu Bao, Ivo Alexander Hendriks, Massimo Carraro, Alberto García-Nieto, Yanhong Liu, Nazaret Reverón-Gómez, Christos Spanos, Liu Chen, Juri Rappsilber, Michael Lund Nielsen, Dinshaw J. Patel, Hongda Huang, Anja Groth
10.1016/j.heliyon.2021.e08666	2021	DREAM, a possible answer to the estrogen paradox of the Women's Health Initiative Trial	Heliyon	Judith C. Hugh, Lacey S. J. Haddon, John Maringa Githaka, Gilbert Bigras, Xiuying Hu, Brittney Madden, John Hanson, Zsolt Gabos, Nadia V. Giannakopoulos, Fleur Huang, Mary Hitt, Kirk James McManus, David Olson, Kelly Dabbs, John Robert Mackey
10.3389/fcell.2021.683861	2021	Deletion of the Wilms’ Tumor Suppressor Gene in the Cardiac Troponin-T Lineage Reveals Novel Functions of WT1 in Heart Development	Frontiers in Cell and Developmental Biology	Sandra Díaz del Moral, Silvia Barrena, Francisco Hernández‐Torres, Amelia Eva Aránega, José Manuel Villaescusa, Juan José Gómez‐Doblas, Diego Alcivar Franco, Manuel Francisco Jiménez-Navarro, Ramón Muñoz‐Chápuli, Rita Carmona
10.1038/s41418-021-00747-6	2021	Deletion of the mitochondria-shaping protein Opa1 during early thymocyte maturation impacts mature memory T cell metabolism	Cell Death and Differentiation	Mauro Corrado, Dijana Samardžić, Marta Giacomello, Nisha Rana, Erika L. Pearce, Luca Scorrano
10.1038/s41467-021-26683-0	2021	Demethylating therapy increases anti-CD123 CAR T cell cytotoxicity against acute myeloid leukemia	Nature Communications	Nadia El Khawanky, Amy  Harriet Hughes, Wenbo Yu, Renier Myburgh, Tony Matschulla, Sanaz Taromi, Konrad Aumann, Jade Clarson, Janaki Manoja Vinnakota, Khalid Shoumariyeh, Cornelius Miething, Angel Francisco Lopez, Michael P. Brown, Justus Duyster, Lutz Hein, Markus Gabriel Manz, Timothy P. Hughes, D
10.11606/t.95.2021.tde-20012022-222829	2021	Desenvolvimento baseado em modelos de serviços adaptadores para ferramentas de bioinformática		Ricardo Cacheta Waldemarin
10.3389/fmicb.2021.697309	2021	Developing Bioprospecting Strategies for Bioplastics Through the Large-Scale Mining of Microbial Genomes	Frontiers in Microbiology	Paton Vuong, Daniel J. Lim, Daniel Vaughan Murphy, Michael J. Wise, Andrew Steven Whiteley, Parwinder Kaur
10.21203/rs.3.rs-59423/v3	2021	Development and characterization of thirteen novel microsatellite markers for use in Greenland sharks (Somniosus microcephalus), with cross-amplification in Pacific sleeper sharks (Somniosus pacificus)	Research Square	Meaghan A Swintek, Ryan P. Walter
10.3390/en14217336	2021	Development of Stable Mixed Microbiota for High Yield Power to Methane Conversion	Energies	Márk Szuhaj, Roland Wirth, Zoltán Bagi, Gergely Maróti, Gábor Rákhely, Kornél Lajos Kovács
10.3389/fmars.2021.636613	2021	Diatoms Biotechnology: Various Industrial Applications for a Greener Tomorrow	Frontiers in Marine Science	Nikunj Sharma, Daris P. Simon, Aracely Maribel Diaz-Garza, Elisa Ines Fantino, Anis Messaabi, Fatma Meddeb‐Mouelhi, Hugo Germain, Isabel Desgagné‐Penix
10.3390/genes12091393	2021	Differential Expression of Long Non-Coding RNA (lncRNA) in Mediterranean Mussel (Mytilus galloprovincialis) Hemocytes under Immune Stimuli	Genes	Patricia Pereiro, Rebeca Moreira, Beatriz Novoa, Antonio J. Figueras
10.1101/2021.07.05.451124	2021	Direct neuronal reprogramming by temporal identity factors	bioRxiv (Cold Spring Harbor Laboratory)	Camille Boudreau‐Pinsonneault, Awais Javed, Michel Fries, Pierre A. Mattar, Michel Cayouette
10.1101/2021.11.25.470029	2021	Directed evolution of colE1 plasmid replication compatibility: a fast tractable tunable model for investigating biological orthogonality	bioRxiv (Cold Spring Harbor Laboratory)	Santiago Chaillou, Eleftheria-Pinelopi Stamou, Leticia L. Torres, Ana B. Riesco, Warren Hazelton, Vitor Bernardes Pinheiro
10.1038/s41598-021-02488-5	2021	Discovery of a novel powdery mildew (Blumeria graminis) resistance locus in rye (Secale cereale L.)	Scientific Reports	Nikolaj Meisner Vendelbo, Khalid Mahmood, Pernille Merete Sarup, Peter Skov Kristensen, Jihad Orabi, Ahmed Jahoor
10.1101/2021.09.17.460379	2021	Discovery of frog virus 3 microRNAs and their roles in evasion of host antiviral responses	bioRxiv (Cold Spring Harbor Laboratory)	Lauren Anne Todd, Barbara A. Katzenback
10.1016/j.molcel.2021.11.023	2021	Distal and proximal cis-regulatory elements sense X chromosome dosage and developmental state at the Xist locus	Molecular Cell	Rutger A. F. Gjaltema, Till Schwämmle, Pauline Kautz, Michael I. Robson, Robert Schöpflin, Liat Ravid Lustig, Lennart Brandenburg, Ilona Dunkel, Carolina Vechiatto, Evgenia Ntini, Verena Mutzel, Vera Schmiedel, Annalisa Marsico, Stefan Mundlos, Edda G. Schulz
10.1101/2021.03.29.437476	2021	Distal and proximal cis-regulatory elements sense X-chromosomal dosage and developmental state at the Xist locus	bioRxiv (Cold Spring Harbor Laboratory)	Rutger A. F. Gjaltema, Till Schwämmle, Pauline Kautz, Michael I. Robson, Robert Schöpflin, Liat Ravid Lustig, Lennart Brandenburg, Ilona Dunkel, Carolina Vechiatto, Evgenia Ntini, Verena Mutzel, Vera Schmiedel, Annalisa Marsico, Stefan Mundlos, Edda G. Schulz
10.1016/j.meegid.2021.104772	2021	Distinguishing SARS-CoV-2 bonafide re-infection from pre-existing minor variant reactivation	Infection Genetics and Evolution	Juliana Domett Siqueira, Livia Ramos Goes, Brunna M. Alves, Ana Carla P. da Silva, Pedro S. de Carvalho, Claudia Cicala, James A. Arthos, João P. B. Viola, Marcelo Alves Soares
10.1016/j.nmni.2021.100840	2021	Draft genome and description of Mixta mediterraneensis strain Marseille-Q2057T sp.nov., a new bacterium isolated from human healthy skin	New Microbes and New Infections	Manon Boxberger, Angéline Antezack, Sibylle Magnien, Nadim Cassir, Bernard La Scola
10.1093/g3journal/jkab181	2021	Easy identification of insertion sequence mobilization events in related bacterial strains with ISCompare	G3 Genes Genomes Genetics	Ezequiel Gerdardo Mogro, Nicolás Ambrosis, Mauricio J. Lozano
10.1007/978-3-030-68723-6_19	2021	Emerging Trends of Bioinformatics in Health Informatics	Health information science	Mahi Sharma, Shuvhra Mondal, Sudeshna Bhattacharjee, Neetu Jabalia
10.1101/2021.04.14.439795	2021	Enabling the execution of large scale workflows for molecular dynamics simulations	bioRxiv (Cold Spring Harbor Laboratory)	Pau Andrio, Cristian Ramon-Cortes, Javier Conejero, Daniele Lezzi, Jorge Ejarque, Josep LL. Gelpi, Rosa M. Badia
10.1038/s41467-021-27222-7	2021	Ensuring scientific reproducibility in bio-macromolecular modeling via extensive, automated benchmarks	Nature Communications	Julia Koehler Leman, Sergey Lyskov, Steven Macauley Lewis, Jared Adolf‐Bryfogle, Rebecca F. Alford, Kyle A. Barlow, Ziv Ben-Aharon, Daniel P. Farrell, Jason S. Fell, William A. Hansen, Ameya Harmalkar, Jeliazko R. Jeliazkov, Georg Kuenze, Justyna Dorota Kryś, Ajasja Ljubetič, Amanda L. Loshbaugh, Ja
10.1101/2021.04.04.438423	2021	Ensuring scientific reproducibility in bio-macromolecular modeling via extensive, automated benchmarks	bioRxiv (Cold Spring Harbor Laboratory)	Julia Koehler Leman, Sergey Lyskov, Steven Macauley Lewis, Jared Adolf‐Bryfogle, Rebecca F. Alford, Kyle A. Barlow, Ziv Ben-Aharon, Daniel P. Farrell, Jason S. Fell, William A. Hansen, Ameya Harmalkar, Jeliazko R. Jeliazkov, Georg Kuenze, Justyna Dorota Kryś, Ajasja Ljubetič, Amanda L. Loshbaugh, Ja
10.1111/zph.12836	2021	Epidemiologic case investigation on the zoonotic transmission of Staphylococcusaureus infection from goat to veterinarians	Zoonoses and Public Health	Sílvia Juliane Piva, Jole Mariella, Monica Cricca, Federica Giacometti, Barbara Brunetti, Elisabetta Mondo, L. De Castelli, Angelo Romano, Irene Ferrero, Simone Ambretti, Mariana Roccaro, Giuseppe Merialdi, Alessandra Scagliarini, Andrea Serraino, Angelo Peli
10.1101/2021.06.29.450442	2021	Epigenetic regulation of frog innate immunity: Discovery of frog microRNAs associated with antiviral responses and ranavirus infection using a Xenopus laevis skin epithelial-like cell line	bioRxiv (Cold Spring Harbor Laboratory)	Lauren Anne Todd, Maxwell P. Bui-Marinos, Barbara A. Katzenback
10.1161/hypertensionaha.120.16196	2021	Eplerenone Improves Pulmonary Vascular Remodeling and Hypertension by Inhibition of the Mineralocorticoid Receptor in Endothelial Cells	Hypertension	Jessica Kowalski, Lisa X. Deng, Chiara Suennen, Duygu Koca, David Meral, Christoph Bode, Lutz Hein, Achim Lother
10.1093/nar/gkab099	2021	Epstein-Barr virus inactivates the transcriptome and disrupts the chromatin architecture of its host cell in the first phase of lytic reactivation	Nucleic Acids Research	Alexander Buschle, Paulina Mrozek-Górska, Filippo Maria Cernilogar, Andreas W. Ettinger, Dagmar Pich, Stefan Krebs, Bianca Mocanu, Helmut Blum, Gunnar Schotta, Tobias Straub, Wolfgang Hammerschmidt
10.1101/2021.10.20.465233	2021	Escherichia coli ribosomal protein S1 enhances the kinetics of ribosome biogenesis and RNA decay	bioRxiv (Cold Spring Harbor Laboratory)	Mélodie Duval, Karine Prévost, Katarzyna Justyna Bandyra, Anne Catherine Helfer, Alexey P. Korepanov, Latifa Bakhti, Lauriane Kühn, Mathias Springer, Pascale Romby, Ben F. Luisi, Éric Massé, Stefano Marzi
10.1101/2021.09.10.459847	2021	Estimating movement rates between Eurasian and North American birds that are vectors of avian influenza (AI)	bioRxiv (Cold Spring Harbor Laboratory)	Fern Spaulding, Jessica F. McLaughlin, Travis C. Glenn, Kevin Winker
10.3390/cancers14010007	2021	Evaluation of Changes to the Oral Microbiome Based on 16S rRNA Sequencing among Children Treated for Cancer	Cancers	Patrycja Proc, Joanna Szczepańska, Beata Zarzycka, Małgorzata Szybka, Maciej Borowiec, Tomasz Płoszaj, Wojciech M Fendler, Jędrzej Chrzanowski, Małgorzata Zubowska, Małgorzata Stolarska, Wojciech Michal Mlynarski
10.1101/2021.10.30.466584	2021	Evaluation of small non-coding RNAs as a possible epigenetic mechanism mediating the transition from biotrophy to necrotrophy in the life cycle of Phytophthora infestans	bioRxiv (Cold Spring Harbor Laboratory)	Juliana González‐Tobón, Alejandra Rodríguez-Jaramillo, Laura Milena Forero, Laura Natalia González-García, Giovanna Danies, Silvia Restrepo
10.1038/s41594-021-00692-5	2021	Evolution of a histone variant involved in compartmental regulation of NAD metabolism	Nature Structural & Molecular Biology	Iva Guberović, Sarah Hurtado-Bagès, Ciro Rivera-Casas, Gunnar Knobloch, Roberto Malinverni, Vanesa Valero, Michelle M. Leger, Jesús García, J. Basquin, Marta Gómez de Cedrón, Marta Frigolé‐Vivas, Manjinder S. Cheema, Ainhoa Pérez, Juan Ausió, Ana Ramı́rez de Molina, Xavier Salvatella, Iñaki Ruiz‐Tri
10.1128/mbio.01823-21	2021	Evolution towards Virulence in a Burkholderia Two-Component System	mBio	Matthew M. Schaefers, Benjamin X. Wang, Nicole M. Boisvert, Sarah Martini, Sarah L. Bonney, Christopher  W. Marshall, Michael T. Laub, Vaughn S. Cooper, Gregory P. Priebe
10.1101/2021.08.01.454642	2021	Evolutionary analysis of THAP9 transposase: conserved regions, novel motifs	bioRxiv (Cold Spring Harbor Laboratory)	Richa Rashmi, Chandan Nandi, Sharmistha Majumdar
10.7554/elife.69584	2021	Evolutionary transcriptomics implicates new genes and pathways in human pregnancy and adverse pregnancy outcomes	eLife	Katelyn M. Mika, Mirna Marinić, Manvendra Singh, Joanne Muter, Jan Joris Brosens, Vincent J. Lynch
10.1101/2021.04.19.440514	2021	Evolutionary transcriptomics implicates new genes and pathways in human pregnancy and adverse pregnancy outcomes	bioRxiv (Cold Spring Harbor Laboratory)	Katelyn M. Mika, Mirna Marinić, Manvendra Singh, Vincent J. Lynch
10.1002/ajmg.a.62424	2021	Exon skip‐inducing variants in FLNA in an attenuated form of frontometaphyseal dysplasia	American Journal of Medical Genetics Part A	Emma M. Wade, Zandra A. Jenkins, Tim R. Morgan, Grégory Gimenez, Hayley Gibson, Hui Peng, Rossana Sanchez Russo, Cara M. Skraban, Emma C. Bedoukian, Stephen P. Robertson
10.3389/fmicb.2021.670928	2021	Experimental and Genomic Evaluation of the Oestrogen Degrading Bacterium Rhodococcus equi ATCC13557	Frontiers in Microbiology	Sarah L. Harthern-Flint, Jan Dolfing, Wojciech Mrozik, Paola Meynet, Lucy E. Eland, Martin Sim, Russell James Davenport
10.1109/compsac51774.2021.00236	2021	FILCIO: Application Agnostic I/O Aggregation to Scale Scientific Workflows		Quentin Jensen, Filip Jagodzinski, Tanzima Zerin Islam
10.3410/f.727609300.793581674	2021	Faculty Opinions recommendation of RNA polymerase III subunit POLR3G regulates specific subsets of polya+ and smallrna transcriptomes and splicing in human pluripotent stem cells.	Faculty Opinions – Post-Publication Peer Review of the Biomedical Literature	Benoit Coulombe
10.1101/2021.03.17.435706	2021	Fast and accurate genome-wide predictions and structural modeling of protein-protein interactions using Galaxy	bioRxiv (Cold Spring Harbor Laboratory)	Aysam Guerler, Dannon Baker, Marius van den Beek, Bjoern Gruening, Dave Bouvier, Nate Coraor, Stephen D. Shank, Jordan D. Zehr, Michael C. Schatz, ANTON Y NEKRUTENKO
10.21203/rs.3.rs-434221/v1	2021	Fibromyalgia-Associated Hyperalgesia and Psychopathological Alterations are Unrelated to Gut Microbiome Diversity	Research Square	Thomas C. Weber, Eva Tatzl, Karl Kashofer, Magdalena Holter, Slave Trajanoski, Andrea Berghold, Ákos Heinemann, Peter D. Holzer, Michael Karl Herbert
10.1371/journal.pgen.1009338	2021	Fruitless decommissions regulatory elements to implement cell-type-specific neuronal masculinization	PLoS Genetics	Margarita V. Brovkina, Rachel Duffié, Abbigayl E.C. Burtis, Eleanor Josephine Clowney
10.1097/md.0000000000027287	2021	Gastric microbiota in patients with Helicobacter pylori-negative gastric MALT lymphoma	Medicine	T Tanaka, Yuichi Matsuno, Takehiro Torisu, Hiroki Shibata, Atsushi Hirano, Junji Umeno, Keisuke Kawasaki, Shin Fujioka, Yuta Fuyuno, Tomohiko Moriyama, Motohiro Esaki, Takanari Kitazono
10.21203/rs.3.rs-553828/v1	2021	Gene Homologies Identified between Trypanosoma cruzi Antigen 36 and Mammalian TRIM21 Genes Using Bioinformatics Analysis	Research Square	Martin A. Winkler, Alfred A. Pan
10.21203/rs.3.rs-553828/v2	2021	Gene Homologies Identified between Trypanosoma cruzi Antigen 36 and Mammalian TRIM21 Genes Using Bioinformatics Analysis	Research Square	Martin A. Winkler, Alfred A. Pan
10.3390/v13050737	2021	Genetic Diversity of Rice stripe necrosis virus and New Insights into Evolution of the Genus Benyvirus	Viruses	Issiaka Faféré Bagayoko, Marcos Giovanni Celli, Gustavo Romay, Nils Poulicard, Agnès Pinel‐Galzi, Charlotte Julian, Denis Filloux, Philippe Roumagnac, Drissa Sérémé, Claude Bragard, Eugénie Hébrard
10.3390/antibiotics10101243	2021	Genetic Profile of Linezolid-Resistant M. tuberculosis Clinical Strains from Moscow	Antibiotics	Anastasia I. Ushtanit, Yulia V. Mikhailova, Alexandra Lyubimova, Marina V. Makarova, Svetlana Safonova, Alexey Filippov, Sergey E. Borisov, Danila V. Zimenkov
10.58837/chula.the.2021.412	2021	Genetic characterizations, virulence, antimicrobial resistances and resistome analysis of vibrio spp. Isolated from farmed Asian sea bass (Lates Calcarifer) in Thailand		Hartanto Mulyo Raharjo
10.1002/ece3.7683	2021	Genetic diversity and kinship relationships in one of the largest South American fur seal (Arctocephalus australis) populations of the Pacific Ocean	Ecology and Evolution	Josefina Gutiérrez, Mauricio Seguel, Pablo Saenz‐Agudelo, Gerardo Acosta‐Jamett, Claudio Verdugo
10.1371/journal.pone.0253255	2021	Genetic diversity and structure of Musa balbisiana populations in Vietnam and its implications for the conservation of banana crop wild relatives	PLoS ONE	Arne Mertens, Yves Bawin, Samuel Vanden Abeele, Simon Kallow, Dang Toan Vu, Loan Thi Le, Tuong Dang Vu, Rony L. Swennen, Filip E.A. Vandelook, Bart Panis, Steven B. Janssens
10.1038/s41467-021-26174-2	2021	Genetic investigation of fibromuscular dysplasia identifies risk loci and shared genetics with common cardiovascular diseases	Nature Communications	Adrien B. Georges, Min-Lee Yang, Takiy-Eddine Berrandou, Mark K. Bakker, Ozan Dikilitas, Soto Romuald Kiando, Lijiang Ma, Benjamin A. Satterfield, Sebanti Sengupta, Mengyao Yu, Jean‐François Deleuze, Délia Dupré, Kristina L. Hunker, Sergiy Kyryachenko, Lu Liu, Ines Sayoud-Sadeg, Laurence C. Amar, Ch
10.1038/s41467-021-25549-9	2021	Genetically encoded cell-death indicators (GEDI) to detect an early irreversible commitment to neurodegeneration	Nature Communications	Jeremy W. Linsley, Kevan D. Shah, Nicholas A. Castello, Michelle Y. Chan, Dominik Haddad, Zak Doric, Shijie Wang, Wiktoria Leks, Jay A. Mancini, Viral D. Oza, Ashkan Javaherian, Ken Nakamura, David Kokel, Steven M. Finkbeiner
10.51620/0869-2084-2021-66-10-629-634	2021	Genome features and antibiotic resistance of Pseudomonas aeruginosa strains isolated in patients with cystic fibrosis in the Russian Federation	Russian Clinical Laboratory Diagnostics	Yu. A. Bocharova, Tatiana Savinova, Artem Viktorovich Lyamin, Olga V. Kondratenko, С. В. Поликарпова, Svetlana V. Zhilina, N.I. Fedorova, S. Yu. Semykin, Andrei V. Chaplin, Dmitriy O. Korostin, N. A. Mayansky, Igor V. Chebotar
10.1016/j.jbiotec.2021.08.002	2021	Genome-centric investigation of anaerobic digestion using sustainable second and third generation substrates	Journal of Biotechnology	Roland Wirth, Bernadett Pap, Dénes Dudits, Balázs Kakuk, Zoltán Bagi, Prateek Shetty, Kornél Lajos Kovács, Gergely Maróti
10.21203/rs.3.rs-1131116/v1	2021	Genome-wide Investigation of Genetic Diversity in the Poultry Red Mite, Dermanyssus Gallinae, From European Farms Utilising a NGS-Multiplex Platform	Research Square	Eleanor Karp‐Tatham, Dong Xia, Alasdair J. Nisbet, Teresa Letra Mateus, Fiona M. Tomley, Damer P. Blake
10.1038/s41596-021-00585-3	2021	Genome-wide and sister chromatid-resolved profiling of protein occupancy in replicated chromatin with ChOR-seq and SCAR-seq	Nature Protocols	Nataliya Petryk, Nazaret Reverón-Gómez, Cristina González‐Aguilera, Maria Dalby, Robin Andersson, Anja Groth
10.3389/fmicb.2021.704636	2021	Genomic Investigation of Salmonella Isolates Recovered From a Pig Slaughtering Process in Hangzhou, China	Frontiers in Microbiology	Beibei Wu, Abdelaziz Ed‐Dra, Hang Pan, Chenghang Dong, Chenghao Jia, Min Yue
10.1093/g3journal/jkab354	2021	Genomics analysis of hexanoic acid exposure in Drosophila species	G3 Genes Genomes Genetics	Zachary Drum, Stephen Lanno, Sara Michelle Gregory, Serena J. E. Shimshak, Mukshud Ahamed, William A. Barr, Bethlehem Bekele, Alison Biester, Colleen D. Castro, Lauren Connolly, Nicole Lauren DelGaudio, William F Humphrey Jr, Helen Karimi, Sophie Karolczak, Tay-Shaun Lawrence, Andrew R. McCracken, N
10.1101/2021.06.08.447576	2021	Genomics analysis of hexanoic acid exposure in Drosophila species	bioRxiv (Cold Spring Harbor Laboratory)	Zachary Drum, Stephen Lanno, Sara Michelle Gregory, Serena J. E. Shimshak, Mukshud Ahamed, William A. Barr, Benjamin Nebiyou Bekele, Alison Biester, Colleen D. Castro, L. Connolly, Nicole Lauren DelGaudio, William F Humphrey Jr, Helen Karimi, Sophie Karolczak, Toby Lawrence, Andrew R. McCracken, Noa
10.21203/rs.3.rs-796525/v1	2021	Gut mucus layer degradation is associated with aggressive cervical cancer phenotype	Research Square	Lauren Elizabeth Colbert
10.1038/s41467-021-23775-9	2021	HIRA stabilizes skeletal muscle lineage identity	Nature Communications	Joana Esteves de Lima, Reem Bou Akar, Leo A. Machado, Yuefeng Li, Bernadette Drayton‐Libotte, Francis Jeffrey Dilworth, Frédéric Relaix
10.3389/fenvs.2021.604216	2021	Heavy Metals in Soils and the Remediation Potential of Bacteria Associated With the Plant Microbiome	Frontiers in Environmental Science	Sarah González Henao, Thaura Ghneim‐Herrera
10.1016/j.jocs.2021.101407	2021	Helastic: On combining threshold-based and Serverless elasticity approaches for optimizing the execution of bioinformatics applications	Journal of Computational Science	Mateus Rauback Aubin, Rodrigo da Rosa Righi, Victor Hugo Valiati, Cristiano André da Costa, Rodolfo Stoffel Antunes, Guilherme Galante
10.1101/2021.08.28.21262560	2021	High definition analyses of single cohort, whole genome sequencing data provides a direct route to defining sub-phenotypes and personalising medicine	medRxiv	Katie E. Joyce, Ebun Onabanjo, Sheila Brownlow, Fadumo Nur, KO Olupona, Kehinde Fakayode, Manveer Sroya, Gareth A. O. Thomas, Teena Ferguson, Julian Redhead, CM Millar, Nichola Cooper, D. Mark Layton, F. Boardman-Pretty, Mark J. Caulfield, Claire L. Shovlin
10.1038/s41467-021-27108-8	2021	High endogenous CCL2 expression promotes the aggressive phenotype of human inflammatory breast cancer	Nature Communications	Anita Rogic, Ila Pant, Luca Grumolato, Rubén Fernández‐Rodríguez, A. Cole Edwards, Suvendu Das, Aaron Sun, Yao Shen, Rui Qiao, Shabnam M. Jaffer, Ravi Sachidanandam, Güray Aktürk, Rosa Karlić, Mihaela Skobe, Stuart A. Aaronson
10.21203/rs.3.rs-674720/v1	2021	Histone Deacetylase 3 Associates With Key Regulators of NFκB Signaling in Lung Epithelial Cells Under Stimulation With LPS.	Research Square	Brent A. Stanfield, Erik J. Soderblom, Scott M. Palmer, Bruce A. Sullenger, J. Todd Purves, Karen E. Welty‐Wolf, Suresh Agarwal, George Kasotakis
10.21776/ub.jfmr.2021.005.01.11	2021	IDENTIFIKASI KOMUNITAS DIATOM YANG BERASOSIASI PADA MAKROALGA PADINA SP. DI PERAIRAN PULAU PRAMUKA DAN SEMAK DAUN MELALUI PENDEKATAN METAGENOMIK	JFMR-Journal of Fisheries and Marine Research	Ardian Cahyo Pambudi
10.1186/s43008-021-00077-9	2021	IMA Genome - F15	IMA Fungus	Tuan A. Duong, Janneke Aylward, Claudio Gennaro Ametrano, Barsha Poudel, Quentin C. Santana, P. Markus Wilken, Anke Martin, Kiruba Shankari Arun-Chinnappa, Lieschen De Vos, Isabel Distefano, Felix Grewe, Sabine M. Huhndorf, Helge Thorsten Lumbsch, Jostina R. Rakoma, Barsha Poudel, Emma Theodora Stee
10.1186/s43008-021-00055-1	2021	IMA genome - F14	IMA Fungus	Magriet A. van der Nest, Renato Chávez, Lieschen De Vos, Tuan A. Duong, Carlos Gil-Durán, Maria Alves Ferreira, Frances A. Lane, Gloria J. Levicán, Quentin C. Santana, Emma Theodora Steenkamp, Hiroyuki Suzuki, Mario Tello, Jostina R. Rakoma, Inmaculada Vaca, Natalia Valdés, P. Markus Wilken, Michael
10.1007/978-3-030-62490-3_10	2021	Identification of Genetic Variants and de novo Mutations Based on NGS	Learning materials in biosciences	Patricia Basurto‐Lozada, Carolina Castañeda-García, Raúl Ossio, Carla Daniela Robles‐Espinoza
10.3389/fpls.2021.656657	2021	Identification of Small RNAs During High Light Acclimation in Arabidopsis thaliana	Frontiers in Plant Science	Bhavika Tiwari, Kristin Habermann, M. Asif Arif, Oguz Top, Wolfgang Frank
10.1007/978-1-0716-1150-0_2	2021	Identification of Translation Start Sites in Bacterial Genomes	Methods in molecular biology	Sezen Meydan, Dorota Klepacki, Alexander S. Mankin, Nora Vázquez‐Laslop
10.17169/refubium-28878	2021	Identification of X-chromosomal genes that drive global X-dosage effects in mammals	Refubium (Universitätsbibliothek der Freien Universität Berlin)	Oriana Genolet Alberdi
10.1186/s13059-021-02321-2	2021	Identification of X-chromosomal genes that drive sex differences in embryonic stem cells through a hierarchical CRISPR screening approach	Genome biology	Oriana Genolet, Anna A. Monaco, Ilona Dunkel, Michael Boettcher, Edda G. Schulz
10.21203/rs.3.rs-1189424/v1	2021	Identification of associated molecular events in Helicobacter pylori infection and gastric cancer through integrated computational analysis of Microarray and RNA-Seq datasets	Research Square	Sabaoon Zeb, Rehan Zafar Paracha, Maryum Nisar, Rimsha Khalid, Zartasha Mustansar, Samawia Rizwan, Saddia Bano
10.1038/s41587-021-01038-8	2021	Identification of tumor antigens with immunopeptidomics	Nature Biotechnology	Chloé Chong, George Coukos, Michal Bassani‐Sternberg
10.1038/s41467-021-26949-7	2021	Identifying regulators of parental imprinting by CRISPR/Cas9 screening in haploid human embryonic stem cells	Nature Communications	Shiran Bar, Dan Vershkov, Gal Keshet, Elyad Lezmi, Naama Meller, Atilgan Yilmaz, Ofra Yanuka, Malka Nissim‐Rafinia, Eran Meshorer, Talia Eldar‐Geva, Nissim Benvenisty
10.1172/jci.insight.150120	2021	Identifying the temporal electrophysiological and molecular changes that contribute to TSC-associated epileptogenesis	JCI Insight	Linda M. C. Koene, Eva Niggl, Ilse Wallaard, Martina Proietti Onori, Diana C. Rotaru, Ype Elgersma
10.1101/2021.12.01.470829	2021	Ikaros family proteins regulate developmental windows in the mouse retina through convergent and divergent transcriptional programs	bioRxiv (Cold Spring Harbor Laboratory)	Awais Javed, Pierre A. Mattar, Allie Cui, Michel Cayouette
10.1016/j.ygeno.2021.06.027	2021	Immune response gene coexpression network analysis of Arachis hypogaea infected with Aspergillus flavus	Genomics	Aiswarya Jayaprakash, Abhijeet Deb Roy, Raja Rajeswary Thanmalagan, Annamalai Arunachalam, P. Lakshmi
10.1016/j.celrep.2021.109187	2021	Immunity-longevity tradeoff neurally controlled by GABAergic transcription factor PITX1/UNC-30	Cell Reports	Benson Otarigho, Alejandro Aballay
10.1101/2021.02.25.432801	2021	Immunity-longevity tradeoff neurally controlled by GABAergic transcription factor PITX1/UNC-30	bioRxiv (Cold Spring Harbor Laboratory)	Benson Otarigho, Alejandro Aballay
10.1016/j.jtos.2021.08.010	2021	Impaired GSH biosynthesis disrupts eye development, lens morphogenesis and PAX6 function	The Ocular Surface	Brian S. Thompson, Ying Chen, Emily A. Davidson, Rolando García-Milian, Jaya Prakash Golla, Nicholas Apostolopoulos, David J. Orlicky, Kevin L. Schey, David C. Thompson, Vasilis Vasiliou
10.1109/bibe52308.2021.9635574	2021	In-silico Research Platform in the Cloud - Performance and Scalability Analysis	2021 IEEE 21st International Conference on Bioinformatics and Bioengineering (BIBE)	Milos R. Ivanovic, Andreja Živić, Nikolaos S. Tachos, George Gois, Nenad Filipović, Dimitrios I. Fotiadis
10.1101/2021.09.07.459360	2021	Increasing triacylglycerol formation and lipid storage by unsaturated lipids protects renal proximal tubules in diabetes	bioRxiv (Cold Spring Harbor Laboratory)	Albert Pérez‐Martí, Suresh Krishna Ramakrishnan, Jiayi Li, Aurélien J. F. Dugourd, Martijn R. Molenaar, Luigi Regenburgh De La Motte, Kelli Grand, Anis Mansouri, Mélanie Parisot, Soeren S. Lienkamp, Julio Sáez-Rodríguez, Matias Simons
10.1111/1758-2229.12944	2021	Insights into the cyanosphere: capturing the respective metabolisms of cyanobacteria and chemotrophic bacteria in natural conditions?	Environmental Microbiology Reports	Noémie Pascault, Olivier Rué, Valentin Loux, Jacques Pédron, Véronique Martin, Jennifer Tambosco, Cécile Bernard, Jean François Humbert, Julie Leloup
10.1101/2021.10.15.464556	2021	Integrating Subclonal Response Heterogeneity to Define Cancer Organoid Therapeutic Sensitivity	bioRxiv (Cold Spring Harbor Laboratory)	Jeremy D. Kratz, Shujah Rehman, Katherine Anne Johnson, Amani A. Gillette, Aishwarya Sunil, Peter F. Favreau, Cheri A. Pasch, Devon D. Miller, Lucas C. Zarling, Austin H. Yeung, Linda J. Clipson, Samantha J. Anderson, Alyssa K. DeZeeuw, Carley M. Sprackling, Kayla K. Lemmon, Daniel Erik Abbott, Mark
10.1101/2021.08.02.454732	2021	Integrative Gene Expression and Metabolic Analysis tool IgemRNA	bioRxiv (Cold Spring Harbor Laboratory)	Kristina Grausa, Ivars Mozga, Kārlis Pleiko, Agris Pentjuss
10.1101/2021.10.25.465562	2021	Integrative multi-omics analyses reveal multi-modal FOXG1 functions acting on epigenetic processes and in concert with NEUROD1 to regulate synaptogenesis in the mouse hippocampus	bioRxiv (Cold Spring Harbor Laboratory)	Ipek Akol, Stefanie Heidrich, Darren ÓhAilín, Christine Hacker, Alejandro Villarreal, Tudor Rauleac, Chiara Bella, André Fischer, Thomas Manke, Tanja Vogel
10.1038/s41467-021-27548-2	2021	Interdependent iron and phosphorus availability controls photosynthesis through retrograde signaling	Nature Communications	Hye-In Nam, Zaigham Shahzad, Yanniv Dorone, Sophie Clowez, Kangmei Zhao, Nadia Bouain, Katerina S. Lay-Pruitt, Huikyong Cho, Seung Y. Rhee, Hatem Rouached
10.1101/2021.10.31.466661	2021	Intestinal GCN2 controls Drosophila systemic growth in response to Lactiplantibacillus plantarum symbiotic cues encoded by r/tRNA operons	bioRxiv (Cold Spring Harbor Laboratory)	Théodore Grenier, Jessika Consuegra, Mariana Galvão Ferrarini, Houssam Akherraz, Li Bai, Y. Dusabyinema, Isabelle Rahioui, Paulo da Silva, Benjamin Gillet, Sandrine Hughes, Carlos H.I. Ramos, Rebeca Cristina Nascimento Matos, François Leulier
10.1016/j.canlet.2021.10.019	2021	KDM1A inhibition augments the efficacy of rapamycin for the treatment of endometrial cancer	Cancer Letters	Prabhakar Pitta Venkata, Yihong Chen, Salvador Alejo, Yi He, Bridgitte E. Palacios, Ilanna Loeffel, Junhao Liu, Uday P. Pratap, Gabrielle Gray, Sureshkumar Mulampurath Achuthan Pillai, Yi Zou, Zhao Lai, Takayoshi Suzuki, Suryavathi Viswanadhapalli, Srinath Palakurthi, RAJESHWAR RAO TEKMAL, Ratna K. 
10.1016/j.bcab.2021.102094	2021	Key aromatic amino acid players in soybean (Glycine max) genome under drought and salt stresses	Biocatalysis and Agricultural Biotechnology	Adnan Aydın, Fırat Kurt, Kaan Hürkan
10.1073/pnas.2024021118	2021	Koala retrovirus genetic diversity and transmission dynamics within captive koala populations	Proceedings of the National Academy of Sciences	Briony A. Joyce, Michaela D. J. Blyton, Stephen Douglas Johnston, Paul R. Young, Keith  Joseph Chappell
10.3390/life11111246	2021	Lacticaseibacillus paracasei: Occurrence in the Human Gut Microbiota and K-Mer-Based Assessment of Intraspecies Diversity	Life	Maria S. Frolova, Sergey Mikhailovich Yudin, Valentin Vladimirovich Makarov, Olga A. Glazunova, Оlga Alikina, Natalia Markelova, Nikolay P. Kolzhetsov, Timur Dzhelyadin, Viktoria A. Shcherbakova, V. E. Trubitsyn, Valery V. Panyukov, А. М. Зайцев, Sergey S. Kiselev, Konstantin S. Shavkunov, Olga N. O
10.1186/s12859-021-04401-3	2021	Laniakea@ReCaS: exploring the potential of customisable Galaxy on-demand instances as a cloud-based service	BMC Bioinformatics	Marco Antonio Tangaro, Pietro Mandreoli, Matteo Chiara, Giacinto Donvito, Marica Antonacci, Antonio Parisi, Angelica Bianco, Angelo Romano, Daniela Manila Bianchi, Davide Cangelosi, Paolo Uva, Ivan Molineris, Vladimir Nosi, Raffaele Calogero, Luca Alessandrì, Elena Pedrini, Marina Mordenti, Emanuele
10.1038/s41388-021-01725-5	2021	Large-scale molecular epidemiological analysis of AAV in a cancer patient population	Oncogene	Wanru Qin, Guangchao Xu, Phillip W.L. Tai, Chunmei Wang, Li Luo, Chengjian Li, Xun Hu, Jianxin Xue, You Lü, Qiao Zhou, Qiang Wei, Tianfu Wen, Jian‐Kun Hu, Yuanyuan Xiao, Yang Li, Weimin Li, Terence R. Flotte, Yuquan Wei, Guangping Gao
10.1002/ajb2.1754	2021	Largely invariant communities of bacterial endophytes in the nonphotosynthetic mycoheterotrophic plant Pterospora andromedea	American Journal of Botany	Steven L. Miller, Maya Gans
10.1098/rsta.2020.0069	2021	Learning from reproducing computational results: introducing three principles and the Reproduction Package	Philosophical Transactions of the Royal Society A Mathematical Physical and Engineering Sciences	Matthew Krafczyk, August Shi, Adhithya Bhaskar, Darko Marinov, Victoria Stodden
10.1093/gigascience/giab077	2021	Linking big biomedical datasets to modular analysis with Portable Encapsulated Projects	GigaScience	Nathan C. Sheffield, Michał Stolarczyk, Vincent P. Reuter, André F. Rendeiro
10.4049/jimmunol.2100270	2021	Low-Level Anorectal HIV Shedding despite Effective Antiretroviral Therapy Is Not Driven by Mucosal Inflammation	The Journal of Immunology	Yoojin Choi, Sarah Grech, Avid Mohammadi, M. Perry, Sanja Huibner, Marie Sano, Edward Weiss, Bryan A. Coburn, Irving E. Salit, Rupert Kaul
10.1038/s41467-021-23922-2	2021	Mapping chromatin accessibility and active regulatory elements reveals pathological mechanisms in human gliomas	Nature Communications	Karolina Stępniak, Magdalena A. Machnicka, Jakub Mieczkowski, Anna Macioszek, Bartosz Wojtaś, Bartłomiej Gielniewski, Katarzyna Poleszak, Małgorzata Perycz, Sylwia Katarzyna Król, Rafał Guzik, Michał J. Dąbrowski, Michał Dramiński, Marta Jardanowska, Ilona E. Grabowicz, Agata Dziedzic, Hanna Kranas,
10.21203/rs.3.rs-936630/v1	2021	Metavirome Survey of Eight Ray-Finned Fishes Revealed Domination of Giant Viral Members of Pandoravirus and Megaviricetes	Research Square	Fatemeh Sana Askari, Alireza Mohebbi
10.4109/jslab.32.123	2021	Methods for analyzing next-generation sequencing data XVI. Why are new methods being developed one after the other?	Japanese Journal of Lactic Acid Bacteria	Koji Kadota, Kentaro Shimizu
10.1016/b978-0-12-822542-4.00016-4	2021	Methods for studying the forest tree microbiome	Elsevier eBooks	Kathrin Blumenstein, Eeva Terhonen, Hui Sun, Fred O. Asiegbu
10.3389/fmicb.2021.742039	2021	Microbial Transformation of Chlordecone and Two Transformation Products Formed During in situ Chemical Reduction	Frontiers in Microbiology	Jennifer Hellal, Pierre‐Loïc Saaidi, Sébastien Bristeau, Marc Crampon, Delphine Muselet, Oriane Della‐Negra, A. Mauffret, Christophe Mouvet, Catherine Joulian
10.1016/j.scitotenv.2021.146606	2021	Microbial and abiotic factors of flooded soil that affect redox biodegradation of lindane	The Science of The Total Environment	Jing Yuan, Jue Shentu, Bin Ma, Zhijiang Lu, Yu Luo, Jianming M. Xu, Yan He
10.1111/odi.13883	2021	Microbiomes in supragingival biofilms and saliva of adolescents with gingivitis and gingival health	Oral Diseases	Roland Wirth, Gergely Maróti, Lídia Lipták, Mónika Mester, Alaa Al Ayoubi, Bernadett Pap, Melinda Madléna, János Minárovits, Kornél Lajos Kovács
10.15514/ispras-2021-33(1)-11	2021	Mitigating Uncertainty in Developing Scientific Applications in Integrated Environment	Proceedings of the Institute for System Programming of RAS	Andrei Nikolaevitch Tchernykh, Igor Vyacheslavovich Bychkov, Alexander Gennadevich Feoktistov, Sergei Alexeevich Gorsky, Ivan Sidorov, Roman Olegovich Kostromin, А. Еделев, V. I. Zorkaltsev, Arutyun Ishkhanovich Avetisyan
10.1371/journal.pone.0254138	2021	Mitochondrial genome of Geomydoecus aurei, a pocket-gopher louse	PLoS ONE	Theresa A. Spradling, Alexandra Cleone Place, Ashley L. Campbell, James W. Demastes
10.1016/j.dsx.2021.06.017	2021	Modern computational intelligence based drug repurposing for diabetes epidemic	Diabetes & Metabolic Syndrome Clinical Research & Reviews	Sweta Mohanty, Md. Harun Al Rashid, Chandana Mohanty, Swati Swayamsiddha
10.1016/j.reprotox.2021.06.010	2021	Modulation of folliculogenesis in adult laying chickens by bisphenol A and bisphenol S: Perspectives on ovarian morphology and gene expression	Reproductive Toxicology	Fatma Eldefrawy, Hannah Shibo Xu, Elizabeth A. Pusch, Ashraf A. Karkoura, Mohamed Alsafy, Samir A.A. El‐Gendy, Susan M. Williams, Kristen J. Navara, Tai Liang Guo
10.1093/gbe/evab184	2021	Molecular Evolution of Ultraviolet Visual Opsins and Spectral Tuning of Photoreceptors in Anemonefishes (Amphiprioninae)	Genome Biology and Evolution	Laurie J. Mitchell, Karen L. Cheney, Martin Lührmann, N. Justin Marshall, Kyle Michie, Fabio Cortesi
10.1186/s12885-021-08511-2	2021	Molecular and cellular characterization of two patient-derived ductal carcinoma in situ (DCIS) cell lines, ETCC-006 and ETCC-010	BMC Cancer	Julia Samson, Magdalina Derlipanska, Oza Zaheed, Kellie A. Dean
10.53846/goediss-8451	2021	Molecular mechanisms of TBX5-related conduction disorders		Franziska S Rathjens
10.53846/goediss-8819	2021	Molecular mechanisms underlying cortical (mal)formation: case studies of ESCO2 and EXOSC10		Pauline Antonie Ulmke
10.1093/bioinformatics/btab379	2021	MotifGenie: a Python application for searching transcription factor binding sequences using ChIP-Seq datasets	Bioinformatics	Çerağ Oğuztüzün, Pelin Yaşar, Kerim Yavuz, Mesut Muyan, Tolga Can
10.1038/s41564-021-00876-1	2021	Mucin O-glycans suppress quorum-sensing pathways and genetic transformation in Streptococcus mutans	Nature Microbiology	Caroline A. Werlang, Wesley G. Chen, Kazuhiro Aoki, Kelsey M. Wheeler, Carly C. Tymm, Cassidy J. Mileti, Ana C. Burgos, Kris Kim, Michael Tiemeyer, Katharina Ribbeck
10.18174/538330	2021	Multi-omics approaches for biosynthetic pathway prediction in plants		Hernando G. Suárez Duran
10.1073/pnas.2022136118	2021	Mycobacterium tuberculosis VapC4 toxin engages small ORFs to initiate an integrated oxidative and copper stress response	Proceedings of the National Academy of Sciences	Valdir C. Barth, Unnati Chauhan, Jumei Zeng, Xiaoyang Su, Haiyan Zheng, Robert N. Husson, Nancy A. Woychik
10.1007/s10646-020-02342-w	2021	Nanopore-based metagenomics analysis reveals prevalence of mobile antibiotic and heavy metal resistome in wastewater	Ecotoxicology	Cristina Martín, Brooke Stebbins, Asha M. Ajmani, Arianna Comendul, Steve Hamner, Nur Atiqah Hasan, Rita R. Colwell, Tim Ford
10.1128/mra.00364-21	2021	Near-Complete Genome Sequences of Five Siciniviruses from North America	Microbiology Resource Announcements	Iryna V. Goraichuk, James F. Davis, Darren J. Parris, Henry M. Kariithi, Claudio L. Afonso, David L. Suarez
10.5114/ada.2021.106028	2021	Novel Demodex detection method involving non-invasive sebum collection and next-generation sequencing	Advances in Dermatology and Allergology	Michał Jacek Kowalczyk, Natalia Derebecka, Ryszard Wiesław Żaba, Joanna Wesoły, Piotr Pawlak, Anna K. Szkaradkiewicz, Amie Maher, Kevin A. Kavanagh
10.1038/s41467-021-26125-x	2021	Nuclear transporter Importin-13 plays a key role in the oxidative stress transcriptional response	Nature Communications	Katarzyna A. Gajewska, Helen Lescesen, Mirana Ramialison, Kylie M. Wagstaff, David A. Jans
10.1038/s41467-021-25974-w	2021	Orchestrating and sharing large multimodal data for transparent and reproducible research	Nature Communications	Anthony Mammoliti, Petr Smirnov, Minoru Nakano, Zhaleh Safikhani, Christopher B. Eeles, Heewon Seo, Sisira Kadambat Nair, Arvind Singh Mer, Ian C. P. Smith, Chantal Ho, Gangesh Beri, Rebecca L. Kusko, Massive Analysis Quality Control (MAQC) Society Board of Directors, Thakkar Shraddha, Susanna‐Assun
10.1016/j.ajic.2021.07.004	2021	Outbreak of NDM-1-producing Klebsiella pneumoniae in the intensive care unit during the COVID-19 pandemic: Another nightmare	American Journal of Infection Control	Rishma Amarsy, Hervé Jacquier, Anne‐Lise Munier, Manel Mérimèche, Béatrice Berçot, Bruno Mégarbane
10.31219/osf.io/uxrg5	2021	Overcoming Data Bottlenecks In Genomic Pathogen Surveillance		Ayorinde O. Afolayan, Johan Fabian Bernal, June M Gayeta, Melissa Masim, Varun Shamanna, Monica I. Abrudan, Khalil Abudahab, Silvia Argimón, Celia Carlos, Sonia B. Sia, K. Ravikumar, Iruka N. Okeke, Pilar Donado-Godoy, David M. Aanensen, Anthony P. Underwood
10.3389/fonc.2021.637522	2021	Overexpression of Endogenous Retroviruses and Malignancy Markers in Neuroblastoma Cell Lines by Medium-Induced Microenvironmental Changes	Frontiers in Oncology	Lisa Wieland, Kristina Engel, Ines Volkmer, Anna Krüger, Guido Posern, Malte Erich Kornhuber, Martin Sebastian Staege, Alexander Emmer
10.1111/jeb.13762	2021	Oxidative and radiation stress induces transposable element transcription in Drosophila melanogaster	Journal of Evolutionary Biology	Daniel Siqueira de Oliveira, Marcos Trindade Rosa, Cristina Vieira, Élgion L. S. Loreto
10.1101/2021.10.16.464542	2021	Oxidative stress induces inflammation of lens cells and triggers immune surveillance of ocular tissues	bioRxiv (Cold Spring Harbor Laboratory)	Brian S. Thompson, Emily A. Davidson, Ying Chen, David J. Orlicky, David C. Thompson, Vasilis Vasiliou
10.3390/genes12010095	2021	Parasite Presence Induces Gene Expression Changes in an Ant Host Related to Immunity and Longevity	Genes	Marah Stoldt, Linda Klein, Sara Beros, Falk Butter, Evelien Jongepier, Barbara Feldmeyer, Susanne Foitzik
10.7287/peerj.12424v0.1/reviews/2	2021	Peer Review #2 of "Co-culturing Hyphomicrobium nitrativorans strain NL23 and Methylophaga nitratireducenticrescens strain JAM1 allows sustainable denitrifying activities under marine conditions (v0.1)"		
10.7287/peerj.12576v0.1/reviews/2	2021	Peer Review #2 of "Functional analysis of a Phytophthora host-translocated effector using the yeast model system (v0.1)"		
10.21203/rs.3.rs-544257/v1	2021	Pharmacologically induced weight loss is associated with distinct gut microbiome changes in obese rats	Research Square	Silvia Raineri, Julia A. Sherriff, Kevin S. J. Thompson, Huw Dylan Jones, Paul Thomas Pfluger, Nicholas Edward Ilott, Jane Mellor
10.1016/j.crfs.2021.02.001	2021	Phenotypic and genomic characterization of Pseudomonas putida ITEM 17297 spoiler of fresh vegetables: Focus on biofilm and antibiotic resistance interaction	Current Research in Food Science	Francesca Fanelli, Leonardo Caputo, Laura Quintieri
10.1128/spectrum.01214-21	2021	Phylogenetic Distribution of csp1 Types in Aspergillus fumigatus and Their Correlates to Azole Antifungal Drug Resistance	Microbiology Spectrum	Oliver Bader
10.3389/fmicb.2021.626759	2021	Phylogenetic Revision of the Genus Aliivibrio: Intra- and Inter-Species Variance Among Clusters Suggest a Wider Diversity of Species	Frontiers in Microbiology	Terje Klemetsen, Christian Karlsen, Nils Peder Willassen
10.1099/mgen.0.000638	2021	Phylogenetic systematics of Butyrivibrio and Pseudobutyrivibrio genomes illustrate vast taxonomic diversity, open genomes and an abundance of carbohydrate-active enzyme family isoforms	Microbial Genomics	Sara Pidcock, Timofey Skvortsov, Fernanda Godoy-Santos, Stephen J. Courtney, Karen Siu-Ting, Christopher J. Creevey, Sharon Huws
10.1073/pnas.2009974118	2021	Phylogenomic fingerprinting of tempo and functions of horizontal gene transfer within ochrophytes	Proceedings of the National Academy of Sciences	Richard G. Dorrell, Adrien Villain, Benoît Perez‐Lamarque, Guillemette Audren de Kerdrel, Giselle McCallum, Andrew Watson, Ouardia Aït-Mohamed, Adriana Alberti, Erwan Corre, Kyle R. Frischkorn, Juan José Pierella Karlusich, Eric D. Pelletier, Hélène Morlon, Chris Bowler, Guillaume Blanc
10.7554/elife.59142	2021	Pituitary stem cells produce paracrine WNT signals to control the expansion of their descendant progenitor cells	eLife	John P. Russell, Xinhong Lim, Alice Santambrogio, Val Yianni, Yasmine Kemkem, Bruce Wang, Matthew Fish, Scott Haston, Anaëlle Grabek, Shirleen Hallang, Emily J. Lodge, Amanda L. Patist, Andreas Schedl, Patrice Mollard, Roel Nusse, Cynthia L. Andoniadou
10.1016/j.cell.2021.06.007	2021	Polyamine metabolism is a central determinant of helper T cell lineage fidelity	Cell	Daniel J. Puleston, Francesc Baixauli, David E. Sanin, Joy Edwards-Hicks, Matteo Villa, Agnieszka Martyna Kabat, Marcin M. Kamiński, Michal Stanckzak, Hauke J. Weiss, Katarzyna M. Grzes, Klara Piletič, Cameron S. Field, Mauro Corrado, Fabian Haessler, Chao Wang, Yaarub Musa, Lena Schimmelpfennig, Le
10.1101/2021.09.10.459850	2021	Population genomics indicate three different modes of divergence and speciation with gene flow in the green-winged teal duck complex	bioRxiv (Cold Spring Harbor Laboratory)	Fern Spaulding, Jessica F. McLaughlin, Kevin G. McCracken, Travis C. Glenn, Kevin Winker
10.1139/facets-2021-0090	2021	Post-transcriptional regulation of frog innate immunity: discovery of frog microRNAs associated with antiviral responses and ranavirus infection using a Xenopus laevis skin epithelial-like cell line	FACETS	Lauren Anne Todd, Maxwell P. Bui-Marinos, Barbara A. Katzenback
10.1139/bcb-2020-0590	2021	Predicting human RNA quadruplex helicases through comparative sequence approaches and helicase mRNA interactome analyses	Biochemistry and Cell Biology	Steven J. Dupas, Daniel Gussakovsky, Alvan Wai, Mira J.F. Brown, Georg Hausner, Sean A. McKenna
10.1002/brb3.2332	2021	Prenatal overexpression of platelet‐derived growth factor receptor A results in central nervous system hypomyelination	Brain and Behavior	Herminio Joey Cardona, Agila Somasundaram, Donna Crabtree, Samantha Gadd, Oren Josh Becher
10.1016/j.foodres.2021.110198	2021	Prevalence and genomic investigation of Salmonella isolates recovered from animal food-chain in Xinjiang, China	Food Research International	Yingyu Liu, J. Jiang, Abdelaziz Ed‐Dra, Xiaomeng Li, Xianqi Peng, Lining Xia, Qingyong Guo, Gang Yao, Min Yue
10.3389/fvets.2021.654125	2021	Prevalence of Antimicrobial Resistance and Characteristics of Escherichia coli Isolates From Fecal and Manure Pit Samples on Dairy Farms in the Province of Québec, Canada	Frontiers in Veterinary Science	Jonathan Massé, Hélène Lardé, John M. Fairbrother, Jean‐Philippe Roy, David Francoz, Simon Dufour, Marie Archambault
10.1016/j.vprsr.2021.100677	2021	Prevalence, risk factor and diversity of Cryptosporidium in cattle in Latvia	Veterinary Parasitology Regional Studies and Reports	Gunita Deksne, Maira Mateusa, Svetlana Cvetkova, Alīna Derbakova, Dace Keidāne, Karin Troell, Gereon Schares
10.5821/dissertation-2117-363913	2021	Programming model abstractions for optimizing I/O intensive applications		Hatem Elshazly
10.1016/j.xpro.2021.100570	2021	Protocol for analysis of G2/M DNA synthesis in human cells	STAR Protocols	Jianming Wang, Marco Saponaro
10.1038/s42003-021-02566-4	2021	Pseudomonas aeruginosa adapts to octenidine via a combination of efflux and membrane remodelling	Communications Biology	Lucy J. Bock, Philip M. Ferguson, Maria Clarke, Vichayanee Pumpitakkul, Matthew E. Wand, Paul-Enguerrand Fady, Leanne Allison, Roland A. Fleck, Matthew J. Shepherd, A. James Mason, J. Mark Sutton
10.1016/j.stem.2021.03.019	2021	Reactivation of the Hedgehog pathway in esophageal progenitors turns on an embryonic-like program to initiate columnar metaplasia	Cell stem cell	Alizée Vercauteren Drubbel, Sheleya Pirard, Simon Kin, Benjamin Dassy, Anne Lefort, Frédérick Libert, Sachiyo Nomura, Benjamin Beck
10.1038/s41586-021-03532-0	2021	Reconstruction of ancient microbial genomes from the human gut	Nature	Marsha C. Wibowo, Zhen Yang, Maxime Borry, Alexander Hübner, Kun D. Huang, Braden  T. Tierney, Samuel E. Zimmerman, Francisco Martin Barajas-Olmos, Cecilia Contreras-Cubas, Humberto Garcia‐Ortíz, Angélica Graciela Martínez-Hernández, Jacob M. Luber, Philipp Kirstahler, Tre Blohm, Francis E. Smiley, 
10.21203/rs.3.rs-382311/v1	2021	Reference Plasmid pHXB2_D is an HIV-1 Molecular Clone that Exhibits Identical LTRs and a Single Integration Site Indicative of an HIV Provirus	Research Square	Alejandro Rafael Gener, Wei Zou, Brian Thomas Foley, Deborah P. Hyink, Paul E. Klotman
10.1038/s41592-021-01254-9	2021	Reproducible, scalable, and shareable analysis pipelines with bioinformatics workflow managers	Nature Methods	Laura Wratten, Andreas Wilm, Jonathan Göke
10.1007/s10072-021-05645-w	2021	Risk of migraine contributed by genetic polymorphisms of ANKDD1B gene: a case–control study based on Chinese Han population	Neurological Sciences	Tianxiao Zhang, Hang Wei, Miao Li, Wei Han, Wenjuan Zhang, Xiaojie Zhang, Bo Zhang, Zhao Jiang, Tao Li
10.1038/s41388-021-01997-x	2021	SMAD4 is critical in suppression of BRAF-V600E serrated tumorigenesis	Oncogene	Kevin Tong, Om A. Kothari, Katherine S. Haro, Anshuman Panda, Manisha Bandari, Jillian N. Carrick, Joseph J. Hur, Lanjing Zhang, Chang S. Chan, Jinchuan Xing, Michael L. Gatza, Shridar Ganesan, Michael Paul Verzi
10.1681/asn.2020081126	2021	SRGAP1 Controls Small Rho GTPases To Regulate Podocyte Foot Process Maintenance	Journal of the American Society of Nephrology	Manuel Rogg, Jasmin I. Maier, Robert Dotzauer, Nadine Artelt, Oliver Kretz, Martin Helmstädter, Ahmed Yaseen Abed, Alena Sammarco, August Sigle, Dominik Sellung, Patrick Dinse, Karoline Reiche, Mako Yasuda‒Yamahara, Martin Lothar Biniossek, Gerd Walz, Martin Werner, Nicole Endlich, Oliver Schilling,
10.1101/2021.05.05.442642	2021	SWAN Identification of Common Aneuploidy-Based Oncogenic Drivers	bioRxiv (Cold Spring Harbor Laboratory)	Robert R. Bowers, Christian M. Jones, Edwin A. Paz, John K. Barrows, Kent E. Armeson, David T. Long, Joe Ryan Delaney
10.1088/1758-5090/abe185	2021	Scalable fabrication of renal spheroids and nephron-like tubules by bioprinting and controlled self-assembly of epithelial cells	Biofabrication	Kevin Tröndle, Ludovica Rizzo, Roman Pichler, Fritz Koch, Ahmad M. Itani, Roland Zengerle, Soeren S. Lienkamp, Peter Koltay, Stefan Zimmermann
10.4018/978-1-7998-4843-1.ch003	2021	Scientific Community-Driven Ecosystem as a Supporter to Co-Create and Co-Evolute Science	Advances in business strategy and competitive advantage book series	Hélio Aisenberg Ferenhof, Marcos Paulo Alves de Sousa
10.1038/s41598-021-99351-4	2021	Seasonal diets supersede host species in shaping the distal gut microbiota of Yaks and Tibetan sheep	Scientific Reports	Xiaojuan Wei, Zhen Dong, Fusheng Cheng, Hongmei Shi, Xuzheng Zhou, Bing Li, Ling Wang, Weiwei Wang, Jiyu Zhang
10.3389/fevo.2021.750269	2021	Selective Logging Shows No Impact on the Dietary Breadth of a Generalist Bat Species: The Fawn Leaf-Nosed Bat (Hipposideros cervinus)	Frontiers in Ecology and Evolution	David R. Hemprich‐Bennett, Victoria A. Kemp, Joshua Blackman, Owen T. Lewis, Matthew J. Struebig, Henry Bernard, Pavel Kratina, Stephen J. Rossiter, Elizabeth L. Clare
10.1101/2021.07.30.453964	2021	Selective logging shows no impact on the dietary breadth of the fawn leaf-nosed bat ( Hipposideros cervinus )	bioRxiv (Cold Spring Harbor Laboratory)	David R. Hemprich‐Bennett, Victoria A. Kemp, Joshua Blackman, Owen T. Lewis, Matthew J. Struebig, Henry Bernard, Stephen J. Rossiter, Elizabeth L. Clare
10.1101/gad.348934.121	2021	Sequential in cis mutagenesis in vivo reveals various functions for CTCF sites at the mouse HoxD cluster	Genes & Development	Ana Rita Amândio, Leonardo L Beccari, Lucille Lopez‐Delisle, Bénédicte Mascrez, József Zákány, Sandra Gitto, Denis Duboule
10.1101/2021.08.13.456193	2021	Sequential in-cis mutagenesis in vivo reveals various functions for CTCF sites at the mouse HoxD cluster	bioRxiv (Cold Spring Harbor Laboratory)	Ana Rita Amândio, Leonardo L Beccari, Lucille Lopez‐Delisle, Bénédicte Mascrez, József Zákány, Sandra Gitto, Denis Duboule
10.1210/endocr/bqab110	2021	Sex Dimorphic Changes in Trh Gene Methylation and Thyroid-Axis Response to Energy Demands in Maternally Separated Rats	Endocrinology	Lorraine Jaimes-Hoy, Adrián Pérez-Maldonado, Elian Narváez Bahena, Natalia de la Cruz Guarneros, Adair Rodríguez-Rodríguez, Jean‐Louis Charli, Xavier Soberón, Patricia Joseph‐Bravo
10.1371/journal.ppat.1009290	2021	Shiga toxin remodels the intestinal epithelial transcriptional response to Enterohemorrhagic Escherichia coli	PLoS Pathogens	Alyson R. Warr, Carole J. Kuehl, Matthew K. Waldor
10.1038/s41380-021-01217-8	2021	Shisa6 mediates cell-type specific regulation of depression in the nucleus accumbens	Molecular Psychiatry	Hee-Dae Kim, Jing Wei, Tanessa Call, Nicole Teru Quintus, Alexander Jarrett Summers, Samantha Carotenuto, Ross A. Johnson, Xiaokuang Ma, Chenxi Xu, Jin G. Park, Shenfeng Qiu, Deveroux Ferguson
10.21037/tlcr-20-740	2021	Simultaneous analysis of ALK, RET, and ROS1 gene fusions by NanoString in Brazilian lung adenocarcinoma patients	Translational Lung Cancer Research	Lázaro Antônio Campanha Novaes, Luciane Sussuchi da Silva, Pedro De Marchi, Rodrigo de Oliveira Cavagna, Flávia Escremim de Paula, Maicon Fernando Zanon, Adriane Feijó Evangelista, Eduardo Caetano Albino da Silva, Vinícius Duval da Silva, Letícia Ferro Leal, Rui Manuel Reis
10.1016/j.redox.2021.101966	2021	Skeletal muscle-specific Keap1 disruption modulates fatty acid utilization and enhances exercise capacity in female mice	Redox Biology	Takahiro Onoki, Yoshihiro Izumi, Masatomo Takahashi, Shohei Murakami, Daisuke Matsumaru, Nao Ohta, Sisca Meida Wati, Nozomi Hatanaka, Fumiki Katsuoka, Mitsuharu Okutsu, Yutaka Yabe, Yoshihiro Hagiwara, Makoto Kanzaki, Takeshi Bamba, Eiji Itoi, Hozumi Motohashi
10.1016/j.funeco.2021.101096	2021	Soil fungal composition changes with shrub encroachment in the northern Chihuahuan Desert	Fungal ecology	Laura M. Ladwig, Lukas P. Bell‐Dereske, Kayce C. Bell, Scott L. Collins, Donald O. Natvig, D. Lee Taylor
10.1093/nar/gkab600	2021	Structural and biochemical insight into the mechanism of dual CpG site binding and methylation by the DNMT3A DNA methyltransferase	Nucleic Acids Research	Max Emperle, Disha Mohan Bangalore, Sabrina Adam, Stefan Kunert, Hannah S. Heil, Katrin Gertrud Heinze, Pavel Bashtrykov, Ingrid Teßmer, Albert Jeltsch
10.1126/sciadv.abf8142	2021	Superhuman cell death detection with biomarker-optimized neural networks	Science Advances	Jeremy W. Linsley, Drew A. Linsley, Josh Lamstein, Gennadi Ryan, Kevan D. Shah, Nicholas A. Castello, Viral D. Oza, Jaslin Kalra, Shijie Wang, Zachary Tokuno, Ashkan Javaherian, T. Serre, Steven M. Finkbeiner
10.3389/fmolb.2021.609979	2021	Suppression of Escherichia coli Growth Dynamics via RNAs Secreted by Competing Bacteria	Frontiers in Molecular Biosciences	Natalia Markelova, Olga A. Glazunova, Оlga Alikina, Valeriy V. Panyukov, Konstantin S. Shavkunov, Olga N. Ozoline
10.1016/b978-0-12-821477-0.00005-2	2021	Synthetic biology design tools for metabolic engineering	Elsevier eBooks	Pablo Carbonell
10.1038/s43018-021-00258-w	2021	TNF-α-producing macrophages determine subtype identity and prognosis via AP1 enhancer reprogramming in pancreatic cancer	Nature Cancer	Mengyu Tu, Lukas Klein, Elisa Espinet, Theodoros Georgomanolis, Florian Wegwitz, Xiaojuan Li, Laura Urbach, Adi Danieli‐Mackay, Stefan Küffer, Kamil Bojarczuk, Athanasia Mizi, Ufuk Günesdogan, Bjoern Chapuy, Zuguang Gu, Albrecht Neeße, Uday Kishore, Philipp Ströbel, Elisabeth Heßmann, Stephan A. Hah
10.1101/2021.09.28.461416	2021	Temporal analysis of enhancers during mouse brain development reveals dynamic regulatory function and identifies novel regulators of cerebellar development	bioRxiv (Cold Spring Harbor Laboratory)	Miguel Ramirez, Yuliya Badayeva, Joanna Yeung, Joshua Po Han Wu, Erin Yang, Brett Trost, Stephen W. Scherer, Dan Goldowitz
10.1111/mmi.14845	2021	The 3′UTR‐derived sRNA RsaG coordinates redox homeostasis and metabolism adaptation in response to glucose‐6‐phosphate uptake in Staphylococcus aureus	Molecular Microbiology	Emma Desgranges, Laura Barrientos, Lucas Herrgott, Stefano Marzi, Alejandro Toledo‐Arana, Karen Moreau, François Vandenesch, Pascale Romby, Isabelle Caldelari
10.1101/2021.04.26.441472	2021	The AP-1 factors FOSL1 and FOSL2 co-regulate human Th17 responses	bioRxiv (Cold Spring Harbor Laboratory)	Ankitha Shetty, Subhash Kumar Tripathi, Sini Junttila, Tanja Buchacher, Rahul Biradar, Santosh Dilip Bhosale, Tapio Envall, Asta Laiho, Robert Moulder, Omid Rasool, Sanjeev Galande, Laura L. Elo, Riitta Lahesmaa
10.1101/2021.06.03.446785	2021	The Foundational data initiative for Parkinson’s disease (FOUNDIN-PD): enabling efficient translation from genetic maps to mechanism	bioRxiv (Cold Spring Harbor Laboratory)	Elisângela Bressan, Xylena Reed, Vikas Bansal, Elizabeth D. Hutchins, Melanie M. Cobb, Michelle G. Webb, Eric B. Alsop, Francis P. Grenn, Anastasia Illarionova, Natalia Savytska, Ivo Violich, Stefanie Broeer, Noémia Fernandes, Ramiyapriya Sivakumar, Alexandra G. Beilina, Kimberley J. Billingsley, Jo
10.1101/2021.11.16.468784	2021	The Nerve Growth Factor IB-like Receptor Nurr1 (NR4A2) Recruits CoREST Transcription Repressor Complexes to Silence HIV Following Proviral Reactivation in Microglial Cells	bioRxiv (Cold Spring Harbor Laboratory)	Fengchun Ye, David Alvarez-Carbonell, Kien Nguyen, Saba Valadkhan, Konstantin Leskov, Yoelvis García‐Mesa, Sheetal Sreeram, Jonathan Karn
10.1007/s40265-021-01572-4	2021	The Potential Role of Clinical Metagenomics in Infectious Diseases: Therapeutic Perspectives	Drugs	Camille d’Humières, Maud Salmona, Sarah Dellière, Stefano Léo, Christophe Rodriguez, Cécile Angebault, Alexandre Alanio, Slim Fourati, Vladimir Lazarević, Paul‐Louis Woerther, Jacques Schrenzel, Etienne Ruppé
10.1101/2021.06.22.449407	2021	The RNA-binding protein RBP45D of Arabidopis plays a role in epigenetic control of flowering time and DCL3-independent RNA-directed DNA methylation	bioRxiv (Cold Spring Harbor Laboratory)	Liangsheng Wang, Duorong Xu, Kristin Habermann, Wolfgang Frank, Dario Leister, Tatjana Kleine
10.1111/tpj.15637	2021	The RNA‐binding protein RBP45D of Arabidopsis promotes transgene silencing and flowering time	The Plant Journal	Liangsheng Wang, Duorong Xu, Kristin Scharf, Wolfgang Frank, Dario Leister, Tatjana Kleine
10.1038/s41588-021-00867-2	2021	The SWI/SNF chromatin remodeling complex helps resolve R-loop-mediated transcription–replication conflicts	Nature Genetics	Aleix Bayona‐Feliú, Sonia I. Barroso, Sergio Muñoz, Andrés Aguilera
10.1242/jcs.259032	2021	The TPR- and J-domain-containing proteins DJC31 and DJC62 are involved in abiotic stress responses in Arabidopsis thaliana	Journal of Cell Science	Sophie Dittmer, Tatjana Kleine, Serena Schwenkert
10.1016/j.cej.2021.130489	2021	The degradation mechanisms of Rhodopseudomonas palustris toward hexabromocyclododecane by time-course transcriptome analysis	Chemical Engineering Journal	Yijie Li, Reuben Wang, Chung‐Yen Lin, Shu-Hwa Chen, Chia-Hsien Chuang, Tzu-Ho Chou, Chi-Fang Ko, Pei‐Hsin Chou, Chi‐Te Liu, Yang‐Hsin Shih
10.1111/tpj.15509	2021	The jojoba genome reveals wide divergence of the sex chromosomes in a dioecious plant	The Plant Journal	Othman Al‐Dossary, Bader Alsubaie, Ardashir Kharabian Masouleh, Ibrahim S. Al‐Mssallem, Agnelo Furtado, Robert James Henry
10.1016/j.ygeno.2021.08.002	2021	The salmon louse genome: Copepod features and parasitic adaptations	Genomics	Rasmus Skern‐Mauritzen, Ketil Malde, Christiane Eichner, Michael Dondrup, Tomasz Furmanek, François Besnier, Anna Z. Komisarczuk, Michael Nuhn, Sussie Dalvin, Rolf B. Edvardsen, Sven Klages, Bruno Hüettel, Kurt Stueber, Sindre Grotmol, Egil Karlsbakk, Paul Julian Kersey, Jong S. Leong, Kevin A. Glov
10.1101/2021.03.15.435234	2021	The salmon louse genome: copepod features and parasitic adaptations	bioRxiv (Cold Spring Harbor Laboratory)	Rasmus Skern‐Mauritzen, Ketil Malde, Christiane Eichner, Michael Dondrup, Tomasz Furmanek, François Besnier, Anna Z. Komisarczuk, Michael Nuhn, Sussie Dalvin, Rolf B. Edvardsen, Sven Klages, Bruno Hüettel, Kurt Stueber, Sindre Grotmol, Egil Karlsbakk, Paul Julian Kersey, Jong S. Leong, Kevin A. Glov
10.1186/s12863-021-00991-2	2021	The transcription factor reservoir and chromatin landscape in activated plasmacytoid dendritic cells	BMC Genomic Data	Ritu Mann‐Nüttel, Shafaqat Ali, Patrick Petzsch, Karl Köhrer, Judith Alferink, Stefanie Scheu
10.1101/2021.04.14.439791	2021	The transcription factor reservoir and chromatin landscape in activated plasmacytoid dendritic cells	bioRxiv (Cold Spring Harbor Laboratory)	Ritu Mann‐Nüttel, Shafaqat Ali, Patrick Petzsch, Karl Köhrer, Judith Alferink, Stefanie Scheu
10.1101/2021.12.16.472952	2021	The zinc-finger transcription factor LSL-1 is a major regulator of the germline transcriptional program in C. elegans	bioRxiv (Cold Spring Harbor Laboratory)	David Rodríguez-Crespo, Magali Nanchen, Shweta Rajopadhye, Chantal Wicky
10.1016/j.msec.2021.112548	2021	Titanium with nanotopography attenuates the osteoclast-induced disruption of osteoblast differentiation by regulating histone methylation	Biomaterials Advances	Rayana Longo Bighetti‐Trevisan, Luciana O. Almeida, Larissa Moreira Spinola de Castro Raucci, Jonathan A. R. Gordon, Coralee E. Tye, Gary S. Stein, Jane B. Lian, Janet L. Stein, Adalberto Luiz Rosa, Márcio Mateus Beloti
10.3897/zookeys.1072.73075	2021	Transcriptional identification of genes light-interacting in the extraretinal photoreceptors of the crayfish Procambarus clarkii	ZooKeys	Gabina Calderón‐Rosete, Juan Antonio González-Barrios, Celia Piña-Leyva, Hayde Nallely Moreno-Sandoval, Manuel Lara-Lozano, Leonardo Rodríguez‐Sosa
10.1038/s41526-021-00178-0	2021	Transcriptional responses of skeletal stem/progenitor cells to hindlimb unloading and recovery correlate with localized but not systemic multi-systems impacts	npj Microgravity	Cori N. Booker, Christopher L. Haga, Siddaraju V. Boregowda, Jacqueline Strivelli, Donald G. Phinney
10.1139/gen-2020-0177	2021	Transcriptome analysis reveals genes potentially related to high fiber strength in a Gossypium hirsutum line IL9 with Gossypium mustelinum introgression	Genome	Qi Chen, Wei Wang, Sameer Khanal, Jinlei Han, Mi Zhang, Yan Chen, Zhenjiang Li, Kai Wang, Andrew H. Paterson, Jiwen Yu, Peng Wah Chee, Baohua Wang
10.1101/2021.10.25.465769	2021	Transposable elements continuously remodel the regulatory landscape, transcriptome, and function of decidual stromal cells	bioRxiv (Cold Spring Harbor Laboratory)	Katelyn M. Mika, Vincent J. Lynch
10.3390/cells10071807	2021	Two-Pore Channels Regulate Expression of Various Receptors and Their Pathway-Related Proteins in Multiple Ways	Cells	Sonja Grossmann, Robert Theodor Mallmann, Norbert Klugbauer
10.1111/vco.12688	2021	Validation of oral brushing as a non‐invasive technique for the identification of feline oral squamous cell carcinoma by DNA methylation and TP53 mutation analysis	Veterinary and Comparative Oncology	Andrea Renzi, Luca Morandi, Emma Bellei, Laura Marconato, Antonella Rigillo, Marina Aralla, Jacopo Lenzi, Giuliano Bettini, Debora Tinto, Silvia Sabattini
10.1016/j.virusres.2021.198485	2021	Viral footprints across Gulfs of Kathiawar Peninsula and Arabian Sea: Unraveled from pelagic sediment metagenomic data	Virus Research	Neelam Mustakali Nathani, Priyanka P. Vatsa, Mayur S. Mahajan, Solly Solomon, M. Chandrashekar
10.3390/v13061166	2021	Virus Adaptation Following Experimental Infection of Chickens with a Domestic Duck Low Pathogenic Avian Influenza Isolate from the 2017 USA H7N9 Outbreak Identifies Polymorphic Mutations in Multiple Gene Segments	Viruses	Klaudia Chrząstek, Karen M. Segovia, Mia Torchetti, Mary Lee Killian, Mary J. Pantin‐Jackwood, Darrell R. Kapczynski
10.5070/rj515355191	2021	Virus discovery in winter-growing perennial plants of southern California sage scrub habitat	UC Riverside Undergraduate Research Journal Submit	Amani Helo, Tessa M. Shates, Kerry Elizabeth Mauck
10.1016/b978-0-12-821881-5.00012-x	2021	Wastewater Treatment for Bioenergy Purposes Using a Metaproteomic Approach	Elsevier eBooks	Deisi Cristina Tápparo, David Rodrı́guez-Làzaro, Marta Hernández, Aline Frumi Camargo, Charline Bonatto, Guilherme Augusto Maia, Paula Rogoviski, Rafael Dorighello Dadamuro, Tatiany Aparecida Teixeira Soratto, Thamarys Scapini, Patrícia Hermes Stoco, Glauber Wagner, Airton Kunz, William Michelon, Al
10.1128/mra.01460-20	2021	Whole-Genome Sequence of Avian coronavirus from a 15-Year-Old Sample Confirms Evidence of GA08-like Strain Circulation 4 Years Prior to Its First Reported Outbreak	Microbiology Resource Announcements	Iryna V. Goraichuk, James F. Davis, Arun B. Kulkarni, Claudio L. Afonso, David L. Suarez
10.3390/pathogens10030331	2021	Whole-Genome Sequencing and Comparative Genomics of Three Helicobacter pylori Strains Isolated from the Stomach of a Patient with Adenocarcinoma	Pathogens	Montserrat Palau, Núria Piqué, María José Ramírez‐Lázaro, Sergio Lario, Xavier Calvet, David Miñana‐Galbis
10.1139/gen-2021-0030	2021	Whole-genome comparative analysis reveals genetic mechanisms of disease resistance and heat tolerance of tropical Bos indicus cattle breeds	Genome	Periyasamy Vijayakumar, Arunasalam Singaravadivelan, Anamika Mishra, K. Jagadeesan, Sanniyasi Bakyaraj, Ramalingam Suresh, Thiagarajan Sivakumar
10.1038/s41564-021-00898-9	2021	Widespread divergent transcription from bacterial and archaeal promoters is a consequence of DNA-sequence symmetry	Nature Microbiology	Emily A. Warman, David Forrest, Thomas Guest, James J. R. J. Haycocks, Joseph T. Wade, David C. Grainger
10.1093/gigascience/giaa157	2021	biotoolsSchema: a formalized schema for bioinformatics software description	GigaScience	Jon Ison, Hans Ienasescu, Emil Rydza, Piotr Jaroslaw Chmura, Kristoffer Rapacki, Alban Gaignard, Veit Schwämmle, Jacques van Helden, Matúš Kalaš, Hervé Ménager
10.22541/au.163845474.49811073/v1	2021	easyfm: An easy software suite for file manipulation of Next Generation Sequencing data on desktops		Hyungtaek Jung, Brendan Jeon, Daniel Ortíz-Barrientos
10.1007/978-1-0716-1374-0_7	2021	miCLIP-MaPseq Identifies Substrates of Radical SAM RNA-Methylating Enzyme Using Mechanistic Cross-Linking and Mismatch Profiling	Methods in molecular biology	Vanja Stojković, David E. Weinberg, Danica Galonić Fujimori
10.3390/plants11121585	2022	A Comprehensive Study of the WRKY Transcription Factor Family in Strawberry	Plants	José Garrido-Gala, José Javier Higuera, Antonio Rodríguez-Franco, Juan Muñoz‐Blanco, Francisco Amil‐Ruíz, José L. Caballero
10.1126/sciadv.abe4375	2022	A balanced Oct4 interactome is crucial for maintaining pluripotency	Science Advances	Dong Han, Guangming Wu, Rui Chen, Hannes C. A. Drexler, Caitlin M. MacCarthy, Kee-Pyo Kim, Kenjiro Adachi, Daniela Gerovska, Lampros Mavrommatis, Ivan Bedzhov, Marcos Jesus Araúzo-Bravo, Hans Robert Schöler
10.1038/s41588-021-00988-8	2022	A chromosomal loop anchor mediates bacterial genome organization	Nature Genetics	Gaurav Dugar, Andreas Hofmann, Dieter W. Heermann, Leendert Willem Hamoen
10.1186/s12859-022-04584-3	2022	A data management infrastructure for the integration of imaging and omics data in life sciences	BMC Bioinformatics	Luis Kuhn Cuellar, Andreas Friedrich, Gisela Gabernet, Luis de la Garza, Sven Fillinger, Adrian Seyboldt, Tobias Koch, Sven zur Oven‐Krockhaus, Friederike Wanke, Sandra S. Richter, Wolfgang Maximilian Thaiss, Marius Horger, Nisar P. Malek, Klaus Harter, Michael Bitzer, Sven Nahnsen
10.1016/j.matt.2022.04.001	2022	A multi-tasking polypeptide from bloodworm jaws: Catalyst, template, and copolymer in film formation	Matter	William R. Wonderly, Tuan T. D. Nguyen, Katerina G. Malollari, Daniel G. DeMartini, Peyman Delparastan, Eric Valois, Phillip B. Messersmith, Matthew E. Helgeson, J. Herbert Waite
10.52707/1081-1710-47.1.109	2022	A next-generation (DNA) sequencing (NGS)–based method for identifying the sources of sugar meals in mosquito vectors of West Nile virus in Israel	Journal of Vector Ecology	Ibrahim Abbasi, Fouad Akad, Liora Studentsky, Irina Ben Avi, Laor Orshan, Alon Warburg
10.3389/fmolb.2022.1030749	2022	A panel of blood-derived miRNAs with a stable expression pattern as a potential pan-cancer detection signature	Frontiers in Molecular Biosciences	Amir Sabbaghian, Veronika Mussack, Benedikt Kirchner, Maria L. U. Bui, Mohamad Reza Kalani, Michael Walter Pfaffl, Masoud Golalipour
10.1016/b978-0-12-824469-2.00024-5	2022	A retrobiosynthetic approach for production, conversion, sensing, dynamic regulation and degradation of molecules	Elsevier eBooks	Pablo Carbonell
10.1093/bib/bbac007	2022	A review on the application of bioinformatics tools in food microbiome studies	Briefings in Bioinformatics	Ramachandran Chelliah, Eric Banan-MwineDaliri, Imran Khan, Shuai Wei, Fazle Elahi, Su‐Jung Yeon, Selvakumar Vijayalakshmi, Fred Kwame Ofosu, Momna Rubab, Hum Hun Ju, Harikrishna Reddy Rallabandi, Inamul Hasan Madar, Ghazala Sultan, Deog Hwan Oh
10.7554/elife.73557	2022	Activation of the CaMKII-Sarm1-ASK1-p38 MAP kinase pathway protects against axon degeneration caused by loss of mitochondria	eLife	Chen Ding, Youjun Wu, Hadas Dabas, Marc Hammarlund
10.33540/1179	2022	Adaptations of hospital-acquired Enterococcus faecium		Vincent de Maat
10.1038/s41598-022-12188-3	2022	Alcohol induced increases in sperm Histone H3 lysine 4 trimethylation correlate with increased placental CTCF occupancy and altered developmental programming	Scientific Reports	Yudhishtar S. Bedi, Haiqing Wang, Kara N. Thomas, Alison Basel, Julien Prunier, Claude Robert, Michael C. Golding
10.1007/s00203-022-03203-2	2022	An extended catalogue of ncRNAs in Streptomyces coelicolor reporting abundant tmRNA, RNase-P RNA and RNA fragments derived from pre-ribosomal RNA leader sequences	Archives of Microbiology	Walter Arancio, Swonild Ilenia Genovese, Viviana Benfante, Giuseppe Gallo, Claudia Coronnello
10.21203/rs.3.rs-1714251/v1	2022	An integrated analysis of whole transcriptome and epigenome data reveals ENSR00000272060, an enhancer RNA, as a potential diagnostic biomarker in gastric cancer	Research Square	Basireh Bahrami, Markus Wolfien, Parvaneh Nikpour
10.1007/s11262-022-01931-7	2022	Analysis of public domain plant transcriptomes expands the phylogenetic diversity of the family Secoviridae	Virus Genes	V. Kavi Sidharthan, Velayutham Rajeswari, Virendra Kumar Baranwal
10.21203/rs.3.rs-1588061/v1	2022	Analysis of public domain plant transcriptomes expands the phylogenetic diversity of the family Secoviridae	Research Square	V. Kavi Sidharthan, Velayutham Rajeswari, V. K. Baranwal
10.1038/s41467-022-29599-5	2022	Anopheles mosquitoes reveal new principles of 3D genome organization in insects	Nature Communications	Varvara Lukyanchikova, Miroslav Nuriddinov, Polina S. Belokopytova, Alena Taskina, Jiangtao Liang, Maarten J. M. F. Reijnders, Livio Ruzzante, Romain Feron, Robert Michael Waterhouse, Yang Wu, Chunhong Mao, Zhijian Jake Tu, Igor V. Sharakhov, Veniamin Fishman
10.3390/plants11223142	2022	Arabidopsis thaliana Accessions from the Chernobyl Exclusion Zone Show Decreased Sensitivity to Additional Acute Irradiation	Plants	Mikhail Podlutskii, Darya Babina, Marina Podobed, Ekaterina V. Bondarenko, Sofia V. Bitarishvili, Ya. A. Blinova, Ekaterina Shesterikova, Alexander A. Prazyan, Larisa Turchin, Dmitrii Garbaruk, Maxim Kudin, Gustavo Turqueto Duarte, Polina Volkova
10.1101/2022.09.27.22280425	2022	Association of IFNAR2 rs2236757 and OAS3 rs10735079 polymorphisms with susceptibility to COVID-19 infection and severity	medRxiv	Mohammad Abdelhafez, Abedelmajeed Nasereddin, Omar Abu Shamma, Rajaa Abed, Raghida Sinnokrot, Omar Marof, Tariq Heif, Zaid Erekat, Amer Al‐Jawabreh, Suheir Ereqat
10.1017/qpb.2023.10.pr1	2022	Author comment: Building a pipeline to identify and engineer constitutive and repressible promoters — R0/PR1		Jennifer L. Nemhauser
10.1093/nar/gkac380	2022	BioExcel Building Blocks Workflows (BioBB-Wfs), an integrated web-based platform for biomolecular simulations	Nucleic Acids Research	Genís Bayarri, Pau Andrio, Modesto Orozco, Josep Lluis Gelpí
10.1155/2022/2875994	2022	Brachybacterium epidermidis Sp. Nov., a Novel Bacterial Species Isolated from the Back of the Right Hand, in a 67-Year-Old Healthy Woman	International Journal of Microbiology	Manon Boxberger, Sibylle Magnien, Angéline Antezack, Clara Rolland, Marine Makoa, Bernard La Scola, Nadim Cassir
10.1038/s41586-021-04336-y	2022	Brahma safeguards canalization of cardiac mesoderm differentiation	Nature	Swetansu K. Hota, Kavitha S. Rao, Andrew P. Blair, Ali Khalilimeybodi, Kevin M. Hu, Reuben Thomas, Kevin So, Vasumathi Kameswaran, Jiewei Xu, Benjamin J. Polacco, Ravi V. Desai, Nilanjana Chatterjee, Austin Hsu, Jonathon M. Muncie, Aaron M. Blotnick, Sarah A. B. Winchester, Leor S. Weinberger, Ruth 
10.3389/fmicb.2022.873930	2022	CRISPR-Cas9 Targeting of the eIF4E1 Gene Extends the Potato Virus Y Resistance Spectrum of the Solanum tuberosum L. cv. Desirée	Frontiers in Microbiology	Alessandra Lucioli, Raffaela Tavazza, Simona Baima, Károly Fátyol, József Burgyán, Mario Tavazza
10.1016/j.celrep.2022.110888	2022	Caulobacter lipid A is conditionally dispensable in the absence of fur and in the presence of anionic sphingolipids	Cell Reports	Justin J. Zik, Sung Hwan Yoon, Ziqiang Guan, Gabriele Stankeviciute Skidmore, Ridhi R. Gudoor, Karen M. Davies, Adam M. Deutschbauer, David R. Goodlett, Eric A. Klein, Kathleen R. Ryan
10.1101/2022.01.20.477143	2022	Caulobacter requires anionic sphingolipids and deactivation of fur to lose lipid A	bioRxiv (Cold Spring Harbor Laboratory)	Justin J. Zik, Sung Hwan Yoon, Ziqiang Guan, Gabriele Stankeviciute Skidmore, Ridhi R. Gudoor, Karen M. Davies, Adam M. Deutschbauer, David R. Goodlett, Eric A. Klein, Kathleen R. Ryan
10.1101/2022.12.15.520639	2022	Cell non-autonomous control of autophagy and metabolism by glial cells	bioRxiv (Cold Spring Harbor Laboratory)	Melissa G. Metcalf, Samira Monshietehadi, Arushi Sahay, Ashley E. Frakes, Jenni Durieux, Martina Velichkovska, Cesar G. Mena, Amelia Farinas, Melissa A Sanchez, Andrew Dillin
10.2478/jvetres-2022-0021	2022	Characterisation of Yersinia enterocolitica strains isolated from wildlife in the northwestern Italian Alps	Journal of Veterinary Research	Emanuele Carella, Angelo Romano, Lorenzo Domenis, Serena Robetto, Raffaella Spedicato, Cristina Guidetti, Monica Pitti, Riccardo Orusa
10.3390/genes13061038	2022	Circulating miRNAs as Potential Biomarkers for Patient Stratification in Bipolar Disorder: A Combined Review and Data Mining Approach	Genes	Alexandra R. Clausen, Simon Durand, Rasmus Lerchedahl Petersen, Nicklas Heine Staunstrup, Per Qvist
10.1016/j.molcel.2022.01.012	2022	Cleavage of viral DNA by restriction endonucleases stimulates the type II CRISPR-Cas immune response	Molecular Cell	Pascal Maguin, Andrew Varble, Joshua W. Modell, Luciano A. Marraffini
10.1128/spectrum.00136-22	2022	Comparative Plant Transcriptome Profiling of Arabidopsis thaliana Col-0 and Camelina sativa var. Celine Infested with Myzus persicae Aphids Acquiring Circulative and Noncirculative Viruses Reveals Virus- and Plant-Specific Alterations Relevant to Aphid Feeding Behavior and Transmission	Microbiology Spectrum	Quentin Chesnais, Victor Golyaev, Amandine Velt, Camille Rustenholz, Véronique Brault, Mikhail M. Pooggin, Martin Drucker
10.1101/2022.01.04.474350	2022	Comparative plant transcriptome profiling of Arabidopsis and Camelina infested with Myzus persicae aphids acquiring circulative and non-circulative viruses reveals virus- and plant-specific alterations relevant to aphid feeding behavior and transmission	bioRxiv (Cold Spring Harbor Laboratory)	Quentin Chesnais, Victor Golyaev, Amandine Velt, Camille Rustenholz, Véronique Brault, Mikhail Pooggin, Martin Drucker
10.1080/07391102.2022.2067236	2022	Computational identification and characterization of vascular wilt pathogen (Fusarium oxysporum f. sp. lycopersici) CAZymes in tomato xylem sap	Journal of Biomolecular Structure and Dynamics	Abhijeet Deb Roy, Barsha Kalita, Aiswarya Jayaprakash, Amarendra Kumar, P.T.V. Lakshmi
10.3390/ijms23168858	2022	Contributions of Titin and Collagen to Passive Stress in Muscles from mdm Mice with a Small Deletion in Titin’s Molecular Spring	International Journal of Molecular Sciences	Pabodha Hettige, Dhruv Mishra, Henk L. M. Granzier, Kiisa C. Nishikawa, Matthew J. Gage
10.1038/s41467-022-29723-5	2022	Cooperative interaction between ERα and the EMT-inducer ZEB1 reprograms breast cancer cells for bone metastasis	Nature Communications	Nastaran Mohammadi Ghahhari, Magdalena K. Sznurkowska, Nicolas Hulo, Lilia Bernasconi, Nicola Aceto, Didier Picard
10.3390/books978-3-0365-4027-6	2022	Coronaviruses Research in BRICS Countries		Burtram Clinton Fielding, Georgia Schäfer
10.1101/2022.09.13.507753	2022	DEGoldS: a workflow to assess the accuracy of differential expression analysis pipelines through gold-standard construction	bioRxiv (Cold Spring Harbor Laboratory)	Mikel Hurtado, Fernando Mora‐Márquez, Ãlvaro Soto, Daniel Marino, P. G. Goicoechea, Unai López de Heredia
10.1016/j.scitotenv.2022.155226	2022	Degradation potential of MCPA, metolachlor and propiconazole in the hyporheic sediments of an agriculturally impacted river	The Science of The Total Environment	Tina Bundgaard Bech, Thomas Stehrer, Rasmus Jakobsen, Nora Badawi, Morten Dencker Schostag, Klaus Hinsby, Jens Aamand, Jennifer Hellal
10.2144/btn-2021-0060	2022	Democratizing Bioinformatics through easily Accessible Software Platforms for Non-Experts in the Field	BioTechniques	Konstantinos Krampis
10.3389/fmicb.2022.967885	2022	Designing a synthetic microbial community devoted to biological control: The case study of Fusarium wilt of banana	Frontiers in Microbiology	Maria Isabella Prigigallo, Carmen Gómez‐Lama Cabanás, Jesús Mercado‐Blanco, Giovanni Bubici
10.3390/microorganisms10112303	2022	Developing New Tools to Fight Human Pathogens: A Journey through the Advances in RNA Technologies	Microorganisms	Vanessa G. Costa, Susana M. Costa, Margarida Saramago, Marta V. Cunha, Cecília M. Arraiano, Sandra C. Viegas, Rute Gonçalves Matos
10.1242/dev.200594	2022	Developmental and evolutionary comparative analysis of a regulatory landscape in mouse and chicken	Development	Aurélie Hintermann, Isabel Misteli Guerreiro, Lucille Lopez‐Delisle, Christopher Chase Bolt, Sandra Gitto, Denis Duboule, Leonardo L Beccari
10.12932/ap-251022-1489	2022	Did variants in inborn errors of immunity genes contribute to the extinction of Neanderthals?	Asian Pacific Journal of Allergy and Immunology	Zijun Zhou, Sigrid M. A. Swagemakers, Mirthe S. Lourens, Narissara Suratannon, Peter J. van der Spek, Virgil A. S. H. Dalm, Willem A. Dik, Hanna IJspeert, Petrus Martin van Hagen
10.1038/s41380-022-01497-8	2022	Differential vulnerability of adult neurogenic niches to dosage of the neurodevelopmental-disorder linked gene Foxg1	Molecular Psychiatry	Iris Schäffner, Marie‐Theres Wittmann, Tanja Vogel, Dieter Chichung Lie
10.1093/nar/gkac682	2022	Directed evolution of colE1 plasmid replication compatibility: a fast tractable tunable model for investigating biological orthogonality	Nucleic Acids Research	Santiago Chaillou, Pinelopi-Eleftheria Stamou, Leticia L. Torres, Ana B. Riesco, Warren Hazelton, Vitor Bernardes Pinheiro
10.1101/2022.11.08.515583	2022	Directed evolution of mesophilic HNA polymerases providing insight into DNA polymerase mechanisms	bioRxiv (Cold Spring Harbor Laboratory)	Paola Handal-Marquez, Leticia L. Torres, Vitor Bernardes Pinheiro
10.1126/science.abi8745	2022	Disease outbreaks select for mate choice and coat color in wolves	Science	Sarah Cubaynes, Ellen E. Brandell, Daniel R. Stahler, Douglas W. Smith, Emily S. Almberg, Susanne Schindler, Robert K. Wayne, Andrew P. Dobson, Bridgett M. vonHoldt, Daniel R. MacNulty, Paul C. Cross, Peter J. Hudson, Tim N Coulson
10.1038/s41598-022-18939-6	2022	Diversity and transmission of koala retrovirus: a case study in three captive koala populations	Scientific Reports	Briony A. Joyce, Michaela D. J. Blyton, Stephen Douglas Johnston, William D. Meikle, Kimberly Vinette Herrin, Claire Madden, Paul R. Young, Keith  Joseph Chappell
10.1186/s40168-022-01280-5	2022	Early life microbial exposures shape the Crassostrea gigas immune system for lifelong and intergenerational disease protection	Microbiome	Manon Fallet, Caroline Montagnani, Bruno Petton, Luc Dantan, Julien de Lorgeril, Sébastien Comarmond, Cristian Chaparro, Ève Toulza, Simon Boitard, Jean-Michel Escoubas, Agnès Vergnes, Jacqueline Le Grand, Ingo Bulla, Yannick Gueguen, Jérémie Vidal‐Dupiol, Christoph Grunau, Guillaume Mitta, Céline C
10.11606/t.58.2022.tde-06122022-112824	2022	Efeito da superfície de titânio com nanotopografia sobre a interação entre osteoblastos e osteoclastos		Rayana Longo Bighetti‐Trevisan
10.3390/ijms232315011	2022	Efficient Selection of Enhancers and Promoters from MIA PaCa-2 Pancreatic Cancer Cells by ChIP-lentiMPRA	International Journal of Molecular Sciences	К. Н. Кашкин, Elena Sergeevna Kotova, И. В. Алексеенко, Svetlana S. Bulanenkova, Sergey B. Akopov, E. P. Kopantzev, Л. Г. Николаев, И. П. Чернов, D. A. Didych
10.3390/cells11162605	2022	Elicitation of Roots and AC-DC with PEP-13 Peptide Shows Differential Defense Responses in Multi-Omics	Cells	Marie Chambard, Mohamed Amine Ben Mlouka, Lun Jing, Carole Plasson, Pascal Cosette, Jérôme Leprince, Marie‐Laure Follet‐Gueye, Azeddine Driouich, Eric Nguema‐Ona, Isabelle Boulogne
10.1016/j.future.2022.04.014	2022	Enabling dynamic and intelligent workflows for HPC, data analytics, and AI convergence	Future Generation Computer Systems	Jorge Ejarque, Rosa M. Badia, Loïc Albertin, Giovanni Aloisio, Enrico Baglione, Yolanda Becerra, Stefan Boschert, Julian R. Berlin, Alessandro D’Anca, Donatello Elia, François Exertier, Sandro Fiore, José Flich, Arnau Folch, Steven J. Gibbons, Nikolay Koldunov, Francesc Lordan, Stefano Lorito, Finn 
10.1101/2022.06.08.495283	2022	Enhanced mitochondrial G-quadruplex formation impedes replication fork progression leading to mtDNA loss in human cells	bioRxiv (Cold Spring Harbor Laboratory)	Mara Doimo, Sanna Abrahamsson, Valentin L’Hôte, Mama Ndi, Rabindra Nath Das, Koit Aasumets, Andreas Berner, Steffi Goffart, Jaakko L. O. Pohjoismaki, Marcela Dávila López, Erik Chorell, Sjoerd Wanrooij
10.1016/j.chemosphere.2022.137601	2022	Enhancement of electrode properties using carbon dots functionalized magnetite nanoparticles for azo dye decolorization in microbial fuel cell	Chemosphere	Parini Vrajesh Surti, Suresh Kumar Kailasa, Arvind Kumar Mungray
10.1371/journal.pone.0271725	2022	Epigenetic and transcriptome responsiveness to ER modulation by tissue selective estrogen complexes in breast epithelial and breast cancer cells	PLoS ONE	Terri Messier, Joseph R. Boyd, Jonathan A. R. Gordon, Coralee E. Tye, Natalie A. Page, Rabail H. Toor, Sayyed Kaleem Zaidi, Barry S. Komm, Seth E. Frietze, Janet L. Stein, Jane B. Lian, Gary S. Stein
10.1093/plphys/kiac471	2022	Epigenetic nature of Arabidopsis thaliana telomeres	PLANT PHYSIOLOGY	María I. Vaquero-Sedas, Miguel A. Vega-Palas
10.1038/s41419-022-05483-4	2022	Epigenetic priming of immune/inflammatory pathways activation and abnormal activity of cell cycle pathway in a perinatal model of white matter injury	Cell Death and Disease	Anne‐Laure Schang, Juliette Van Steenwinckel, Zoi S. Ioannidou, Julia Lipecki, Charlotte Rich‐Griffin, Kate Woolley-Allen, Nigel P. Dyer, Tifenn Le Charpentier, Patrick Schäfer, Bobbi Fleiss, Sascha Ott, Délara Sabéran‐Djoneidi, Valérie Mezger, Pierre Gressèns
10.3390/cells11223619	2022	Epstein-Barr Virus-Induced Genes and Endogenous Retroviruses in Immortalized B Cells from Patients with Multiple Sclerosis	Cells	Lisa Wieland, Tommy Schwarz, Kristina Engel, Ines Volkmer, Anna Krüger, Alexander Tarabuko, Jutta Junghans, Malte Erich Kornhuber, Frank A. Hoffmann, Martin Sebastian Staege, Alexander Emmer
10.1637/aviandiseases-d-21-00088	2022	Estimating Movement Rates Between Eurasian and North American Birds That Are Vectors of Avian Influenza	Avian Diseases	Fern Spaulding, Jessica F. McLaughlin, Travis C. Glenn, Kevin Winker
10.1016/j.drup.2022.100911	2022	Evolution of RND efflux pumps in the development of a successful pathogen	Drug Resistance Updates	Varsha Naidu, Amelia Bartczak, Anthony J. Brzoska, Peter John Lewis, Bart A. Eijkelkamp, Ian T. Paulsen, Liam D. H. Elbourne, Karl A. Hassan
10.1101/2022.10.10.511673	2022	Expanding the synthetic biology toolbox with a library of constitutive and repressible promoters	bioRxiv (Cold Spring Harbor Laboratory)	Eric J.Y. Yang, Jennifer L. Nemhauser
10.1016/j.actbio.2022.11.038	2022	Extracellular matrix drives tumor organoids toward desmoplastic matrix deposition and mesenchymal transition	Acta Biomaterialia	Gilles S. van Tienderen, Oskar Rosmark, Ruby Lieshout, Jorke Willemse, Floor de Weijer, Linda Elowsson, Gunilla Westergren‐Thorsson, Michail Doukas, Bas Groot Koerkamp, Martin E. van Royen, Luc J. W. van der Laan, Monique M. A. Verstegen
10.1101/2022.05.04.490563	2022	FAIRsoft - A practical implementation of FAIR principles for research software	bioRxiv (Cold Spring Harbor Laboratory)	Eva Martín del Pico, Josep Lluis Gelpí, Salvador Capella-Gutiérrez
10.1038/s42003-022-03033-4	2022	Flanking sequences influence the activity of TET1 and TET2 methylcytosine dioxygenases and affect genomic 5hmC patterns	Communications Biology	Sabrina Adam, Julia Bräcker, Viviane Klingel, Bernd Osteresch, Nicole Erika Radde, Jens Brockmeyer, Pavel Bashtrykov, Albert Jeltsch
10.1038/s41598-022-20361-x	2022	Forward genetic screening identifies novel roles for N-terminal acetyltransferase C and histone deacetylase in C. elegans development	Scientific Reports	Rose Aria Malinow, Ming Zhu, Yishi Jin, Kyung Won Kim
10.1099/ijsem.0.005553	2022	Fructobacillus cardui sp. nov., isolated from a thistle (Carduus nutans) flower	INTERNATIONAL JOURNAL OF SYSTEMATIC AND EVOLUTIONARY MICROBIOLOGY	Marion K. Gallus, Irina Beer, Natalia P. Ivleva, Matthias A. Ehrmann
10.1016/j.jff.2022.105149	2022	Fucoidan from Fucus vesiculosus can inhibit human norovirus replication by enhancing the host innate immune response	Journal of Functional Foods	Malcolm Turk Hsern Tan, Mohamad Eshaghi Gorji, Jillinda Yi Ling Toh, Ah Young Park, Yan Li, Zhiyuan Gong, Dan Li
10.53846/goediss-9594	2022	Fungal Secondary Metabolites: Fusarium spp. and Microdochium spp.		Albatol Alsarrag
10.1371/journal.pone.0261801	2022	Genetic evidence that uptake of the fluorescent analog 2NBDG occurs independently of known glucose transporters	PLoS ONE	Lucas J. D’Souza, Stephen H. Wright, Deepta Bhattacharya
10.1186/s12864-022-08424-9	2022	Genome-wide investigation of the PLD gene family in alfalfa (Medicago sativa L.): identification, analysis and expression	BMC Genomics	Yuying Yuan, Jinqiu Yu, Lingzelai Kong, Wenkai Zhang, Xiangyin Hou, Guowen Cui
10.1093/g3journal/jkac153	2022	Genomics analysis of Drosophila sechellia response to Morinda citrifolia fruit diet	G3 Genes Genomes Genetics	Zachary Drum, Stephen Lanno, Sara Michelle Gregory, Serena J. E. Shimshak, William A. Barr, Austin Gatesman, Mark Schadt, Jack Sanford, Aaron Arkin, Brynn Assignon, Sofia Colorado, Carol Dalgarno, Trevor Devanny, Tara Ghandour, Rose Griffin, Mia Hogan, Erica Horowitz, Emily W. McGhie, Jake Multer, H
10.1126/sciadv.abq3970	2022	Glia of C. elegans coordinate a protective organismal heat shock response independent of the neuronal thermosensory circuit	Science Advances	Holly K. Gildea, Phillip Andrew Frankino, Sarah U. Tronnes, Corinne L. Pender, Jenni Durieux, Julian G. Dishart, Hyun Ok Choi, Tayla D. Hunter, Shannon S. Cheung, Ashley E. Frakes, Edward Sukarto, Kevin Wickham, Andrew Dillin
10.1101/2022.01.31.478522	2022	Glia of C. elegans coordinate the heat shock response independent of the neuronal thermosensory circuit and serotonin	bioRxiv (Cold Spring Harbor Laboratory)	Holly K. Gildea, Phillip Andrew Frankino, Sarah U. Tronnes, Corinne L. Pender, Hyun Ok Choi, Tayla D. Hunter, Shannon S. Cheung, Ashley E Frakes, Edward Sukarto, Andrew Dillin
10.1371/journal.pcbi.1010641	2022	Global and gene-specific translational regulation in Escherichia coli across different conditions	PLoS Computational Biology	Di Zhang, Hsin‐Jung Li, Christopher G. King, Ned S. Wingreen, Zemer Gitai, Zhiyuan Li
10.1101/2022.04.19.488838	2022	Global and gene-specific translational regulation in Escherichia coli across different conditions	bioRxiv (Cold Spring Harbor Laboratory)	Di Zhang, Hsin‐Jung Li, Christopher G. King, Ned S. Wingreen, Zemer Gitai, Zhiyuan Li
10.3390/microorganisms10071361	2022	Great Abilities of Shinella zoogloeoides Strain from a Landfarming Soil for Crude Oil Degradation and a Synergy Model for Alginate-Bead-Entrapped Consortium Efficiency	Microorganisms	Emerance Jessica Claire D’Assise Goma-Tchimbakala, Ilaria Pietrini, Federica Dal Bello, Joseph Goma-Tchimbakala, Stefano Lo Russo, Stefano Paolo Corgnati
10.1038/s41593-022-01027-3	2022	Gut microbiota drives age-related oxidative stress and mitochondrial damage in microglia via the metabolite N6-carboxymethyllysine	Nature Neuroscience	Omar Mossad, Bérénice Batut, Bahtiyar Yılmaz, Nikolaos Dokalis, Charlotte Mezö, Elisa Nent, Lara Susann Nabavi, M. Mayer, Feres José Mocayar Marón, Joerg Martin Buescher, Mercedes Gomez de Agüero, Antal Szalay, Tim Lämmermann, Andrew J. Macpherson, Stephanie Christine Ganal-Vonarburg, Rolf Backofen,
10.1101/gad.350145.122	2022	Hepatic GATA4 regulates cholesterol and triglyceride homeostasis in collaboration with LXRs	Genes & Development	Lara Bideyan, Maykel López Rodríguez, Christina Priest, John Paul Kennelly, Yajing Gao, Alessandra Ferrari, Prashant Rajbhandari, An‐Chieh Feng, Sergei G. Tevosian, Stephen T. Smale, Peter Tontonoz
10.1016/j.jhazmat.2022.129476	2022	Higher tolerance of predominant Salmonella serovars circulating in the antibiotic-free feed farms to environmental stresses	Journal of Hazardous Materials	Yan Li, Abdelaziz Ed‐Dra, Biao Tang, Xiamei Kang, Anja Müller, Corinna Kehrenberg, Chenghao Jia, Hang Pan, Hua Yang, Min Yue
10.1161/jaha.122.025857	2022	Histone Deacetylase 6 Inhibitor JS28 Prevents Pathological Gene Expression in Cardiac Myocytes	Journal of the American Heart Association	Vivien Ngo, Bernd K. Fleischmann, Manfred Jung, Lutz Hein, Achim Lother
10.1016/j.stem.2022.04.011	2022	Human branching cholangiocyte organoids recapitulate functional bile duct formation	Cell stem cell	Floris J.M. Roos, Gilles S. van Tienderen, Haoyu Wu, Ignacio Bordeu, Dina Vinke, Laura Muñoz Albarinos, Kathryn Monfils, Sabrah Niesten, Ron Smits, Jorke Willemse, Oskar Rosmark, Gunilla Westergren‐Thorsson, Daniel J. Kunz, Maurice de Wit, Pim J. French, Ludovic Vallier, Jan N.M. IJzermans, Richárd 
10.1159/000524560	2022	IL-1 Mediates Tissue-Specific Inflammation and Severe Respiratory Failure in COVID-19	Journal of Innate Immunity	Georgios Renieris, Eleni Karakike, Theologia Gkavogianni, Dionysia-Eirini Droggiti, Emmanouil Stylianakis, Theano Andriopoulou, Victoria M. Spanou, Dionyssios Kafousopoulos, Mihai Gheorghe Netea, Jesper Eugen‐Olsen, John J. L. Simard, Evangelos J. Giamarellos‐Bourboulis
10.1186/s43008-022-00104-3	2022	IMA genome‑F17	IMA Fungus	Brenda Diana Wingfield, Dave Kenneth Berger, Martin P. A. Coetzee, Tuan A. Duong, Anke Martin, Nam Q. Pham, Noëlani van den Berg, P. Markus Wilken, Kiruba Shankari Arun-Chinnappa, Irene Barnes, Sikelela Buthelezi, Buddhika A. Dahanayaka, Álvaro Durán, Juanita Engelbrecht, Alice Feurtey, Arista Fouri
10.21203/rs.3.rs-2329992/v1	2022	Identification of a putative novel cholivirus in the transcriptome of Gymnema sylvestre R. Br	Research Square	V. Kavi Sidharthan, Gayatri Vanamala, Velayutham Rajeswari, V. K. Baranwal
10.1242/dev.200436	2022	Ikaros family proteins redundantly regulate temporal patterning in the developing mouse retina	Development	Awais Javed, Pedro L. Santos-França, Pierre A. Mattar, Allie Cui, Fatima Kassem, Michel Cayouette
10.1101/2022.03.09.481186	2022	Immediate perturbations of DNA methylation and transcriptome upon acute prenatal alcohol exposure in the mouse developing brain cortex	bioRxiv (Cold Spring Harbor Laboratory)	Agathe Duchateau, Carole Chaput, Lea Livramento, Névé Auperin, Federico Miozzo, Olivier Kirsh, Anne Le Mouël, Myriame Mohamed, Sascha Ott, Délara Sabéran‐Djoneidi, Valérie Mezger
10.1016/bs.apcsb.2021.11.008	2022	In silico tools and databases for designing cancer immunotherapy	Advances in protein chemistry and structural biology	Anjali Dhall, Shipra Jain, Neelam Sharma, Leimarembi Devi Naorem, Dilraj Kaur, Sumeet Patiyal, Gajendra P. S. Raghava
10.3390/ijms231911644	2022	Inhibition of the Glycogen Synthase Kinase 3 Family by the Bikinin Alleviates the Long-Term Effects of Salinity in Barley	International Journal of Molecular Sciences	Jolanta Groszyk, Mateusz Przyborowski
10.1101/2022.11.22.517350	2022	Integrated Multi-omics Analyses of NFKB1 patients B cells points towards an up regulation of NF-κB network inhibitors	bioRxiv (Cold Spring Harbor Laboratory)	Nadezhda Camacho-Ordóñez, Neftali Jose Ramirez, Sara Posadas‐Cantera, Andrés Caballero-Oteyza, Manfred Fliegauf, Fangwen Zhao, Maria Guarini, Victoria Gernedl, Mateo Pecoroaro, Klaus Warnatz, Christoph Bock, Esteban Ballestar, Roger Geiger, Michele Proietti, Bodo Grimbacher
10.1038/s41598-022-14589-w	2022	Integrated multi-omics analyses reveals molecules governing sperm metabolism potentially influence bull fertility	Scientific Reports	Thirumala Rao Talluri, A. Kumaresan, Manish Kumar Sinha, Nilendu Paul, John Peter Ebenezer Samuel King, Tirtha Kumar Datta
10.1016/j.chemosphere.2022.134655	2022	Integrated network analysis reveals that exogenous cadmium-tolerant endophytic bacteria inhibit cadmium uptake in rice	Chemosphere	Zhongyi Zheng, Peng Li, Ziqin Xiong, Tingting Ma, Krishnamurthy Mathivanan, Loganathan Praburaman, Delong Meng, Zhenxie Yi, Hejun Ao, Qiming Wang, Zhongwen Rang, Juan Li
10.1002/glia.24314	2022	Integrating transcriptomic datasets across neurological disease identifies unique myeloid subpopulations driving disease‐specific signatures	Glia	Claire Leana Wishart, Alanna Gabrielle Spiteri, Giuseppe Locatelli, Nicholas J. C. King
10.3390/biom12040586	2022	Integrative Gene Expression and Metabolic Analysis Tool IgemRNA	Biomolecules	Kristina Grausa, Ivars Mozga, Kārlis Pleiko, Agris Pentjuss
10.1590/1678-4685-gmb-2021-0287	2022	Interpopulation variation of transposable elements of the hAT superfamily in Drosophila willistoni (Diptera: Drosophilidae): in-situ approach	Genetics and Molecular Biology	Natasha Ávila Bertocchi, Thays Duarte de Oliveira, Maríndia Deprá, Beatriz Goñi, Vera Lúcia S. Valente
10.1038/s41559-022-01705-2	2022	Intra- and interpopulation transposition of mobile genetic elements driven by antibiotic selection	Nature Ecology & Evolution	Yi Yao, Rohan Maddamsetti, Andrea Weiss, Yuanchi Ha, Teng Wang, Shangying Wang, Lingchong You
10.21203/rs.3.rs-1641739/v1	2022	JIPipe: Visual batch processing for ImageJ	Research Square	Marc Thilo Figge, Ruman Gerst, Zoltán Cseresnyés
10.1371/journal.ppat.1010869	2022	Karyotype variation, spontaneous genome rearrangements affecting chemical insensitivity, and expression level polymorphisms in the plant pathogen Phytophthora infestans revealed using its first chromosome-scale assembly	PLoS Pathogens	Michael E. H. Matson, Qihua Liang, Stefano Lonardi, Howard S. Judelson
10.1101/2022.12.18.519879	2022	Laboratory evolution of Mycobacterium smegmatis in the presence of a fluoroquinolone leads to extreme drug resistance phenotype through the over-expression of Msmeg_5659-61 efflux pump.	bioRxiv (Cold Spring Harbor Laboratory)	Deepika Rai, Priyanka Padwal, Priyanka Purkayastha, Sarika Mehra
10.21203/rs.3.rs-1299690/v1	2022	Large-scale identification of recurrent RNA edits in human embryos suggests their role in enhancing maternal mRNA clearance	Research Square	Yang Ding, Yang Zheng, Junting Wang, Hao Li, Chenghui Zhao, Huan Tao, Yaru Li, Kang Xu, Xin Yi Huang, Ge Gao, Xiaochen Bo, Hebing Chen
10.1038/s41598-022-11814-4	2022	LncMIR181A1HG is a novel chromatin-bound epigenetic suppressor of early stage osteogenic lineage commitment	Scientific Reports	Coralee E. Tye, Prachi N. Ghule, Jonathan A. R. Gordon, Fleur S. Kabala, Natalie A. Page, Michelle M. Falcone, Kirsten M. Tracy, André J. van Wijnen, Janet L. Stein, Jane B. Lian, Gary Stephen Stein
10.1101/2022.02.22.481437	2022	Long-term ketogenic diet increases expression of SOX2-dependent oligodendrocyte- and myelination-associated genes in the aged mouse brain	bioRxiv (Cold Spring Harbor Laboratory)	Matthew S. Stratton, Jose Alberto Lopez-Dominguez, Alessandro Canella, Jon Jay Ramsey, Gino A. Cortopassi
10.3390/v14030554	2022	Low Pathogenicity H7N3 Avian Influenza Viruses Have Higher Within-Host Genetic Diversity Than a Closely Related High Pathogenicity H7N3 Virus in Infected Turkeys and Chickens	Viruses	Christina M. Leyson, Miriã Ferreira Criado, Sungsu Youk, Mary J. Pantin‐Jackwood
10.1101/2022.10.08.511390	2022	MRPS36 provides a missing link in the eukaryotic 2-oxoglutarate dehydrogenase complex for recruitment of E3 to the E2 core	bioRxiv (Cold Spring Harbor Laboratory)	Johannes F. Hevler, Pascal Albanese, Alfredo Cabrera‐Orefice, Alisa Potter, Andris Jankevics, Jelena Misic, Richard A. Scheltema, Ulrich Brandt, Susanne Arnold, Albert J. R. Heck
10.1038/s41467-022-28144-8	2022	Manipulation of RNA polymerase III by Herpes Simplex Virus-1	Nature Communications	Sarah E. Dremel, Frances L. Sivrich, Jessica M. Tucker, Britt A. Glaunsinger, Neal A. DeLuca
10.1038/s42255-022-00565-1	2022	Mesaconate is synthesized from itaconate and exerts immunomodulatory effects in macrophages	Nature Metabolism	Wei He, Antonia Henne, Mario A. R. Lauterbach, Eike Geißmar, Fabian Nikolka, Celia Kho, Alexander Heinz, Catherine Dostert, Melanie Grusdat, Thekla Cordes, Janika Härm, Oliver Goldmann, Anouk Ewen, Charlène Verschueren, Julia Blay‐Cadanet, Robert Geffers, Hendrikus Garritsen, Manfred Kneiling, Chris
10.1038/s41596-022-00747-x	2022	Metagenome-assembled genome extraction and analysis from microbiomes using KBase	Nature Protocols	Dylan C. Chivian, Sean P. Jungbluth, Paramvir Dehal, Elisha M. Wood‐Charlson, Richard Shane Canon, Benjamin H. Allen, Mikayla M. Clark, Tianhao Gu, Miriam Land, Gavin A Price, William J. Riehl, Michael W. Sneddon, Roman A. Sutormin, Qizhi Zhang, Robert W. Cottingham, Chris Henry, Adam P. Arkin
10.1038/s42003-022-03119-z	2022	Methylation of recombinant mononucleosomes by DNMT3A demonstrates efficient linker DNA methylation and a role of H3K36me3	Communications Biology	Alexander Bröhm, Tabea Schoch, Michael Dukatz, Nora Graf, Franziska Dorscht, Evelin Mantai, Sabrina Adam, Pavel Bashtrykov, Albert Jeltsch
10.1371/journal.pone.0272354	2022	MiCloud: A unified web platform for comprehensive microbiome data analysis	PLoS ONE	Won Gu, Jeongsup Moon, Crispen Chisina, Byungkon Kang, Taesung Park, Hyunwook Koh
10.3390/plants11050685	2022	Micro-RNA-Regulated SQUAMOSA-PROMOTER BINDING PROTEIN-LIKE (SPL) Gene Expression and Cytokinin Accumulation Distinguish Early-Developing Male and Female Inflorescences in Oil Palm (Elaeis guineensis)	Plants	James W. Tregear, Frédérique Richaud, Myriam Collin, Jennifer Esbelin, Hugues Parrinello, Bénoît Cochard, Léifi Nodichao, Fabienne Morcillo, Hélène Adam, Stéfan Jouannic
10.1016/j.jid.2022.06.028	2022	MicroRNA-148a Controls Epidermal and Hair Follicle Stem/Progenitor Cells by Modulating the Activities of ROCK1 and ELF5	Journal of Investigative Dermatology	Maximilian E. Pickup, Anhua Hu, Hetal J. Patel, Mohammed I. Ahmed
10.1016/j.envint.2022.107531	2022	Microcystin-LR aerosol induces inflammatory responses in healthy human primary airway epithelium	Environment International	Joshua D. Breidenbach, Benjamin W. French, Tamiya T. Gordon, Andrew L. Kleinhenz, Fatimah K. Khalaf, James C. Willey, Jeffrey R. Hammersley, Ronald Mark Wooten, Erin L. Crawford, Nikolaï N. Modyanov, Deepak K Malhotra, Justin Teeguarden, Steven T. Haller, David J. Kennedy
10.3389/fenvs.2022.989267	2022	Microplastics in soil induce a new microbial habitat, with consequences for bulk soil microbiomes	Frontiers in Environmental Science	Susanne Kublik, Silvia Gschwendtner, Tobias Magritsch, Viviane Radl, Matthias C. Rillig, Michael Schloter
10.21203/rs.3.rs-1728412/v1	2022	Modelling clinical DNA fragmentation in the development of universal PCR-based assays for bisulfite, FFPE and cfDNA sample analysis	Research Square	Andrew D. Johnston, Darren J. Korbie, Jennifer Lu, Matt Trau
10.1101/2022.12.15.22283506	2022	Molecular identification of SARS-CoV-2 variants of concern at urban wastewater treatment plants across South Africa	medRxiv	Mukhlid Yousif, Said Rachida, Setshaba Taukobong, Nkosenhle Lindo Ndlovu, Chinwe Juliana Iwu, Wayne Howard, Shelina Moonsamy, Nompilo Mhlambi, Sipho Gwala, Joshua I. Levy, Kristian G. Andersen, Cathrine Scheepers, Anne von Gottberg, Nicole Wolter, Arshad Ismail, Melinda Shelley Suchard, Kerrigan McC
10.1038/s41396-022-01327-3	2022	Mortality by ribosomal sequencing (MoRS) provides a window into taxon-specific cell lysis	The ISME Journal	Kevin Xu Zhong, Jennifer Wirth, Amy M. Chan, Curtis A. Suttle
10.1021/acsabm.1c01198	2022	Mucoid Coating Provides a Growth Advantage to Pseudomonas aeruginosa at Oil–Water Interfaces	ACS Applied Bio Materials	Sricharani Rao Balmuri, Vienvilay Phandanouvong-Lozano, Stephen D. House, Judith C. Yang, Tagbo H. R. Niepa
10.3389/fimmu.2022.938240	2022	Multi-omics analysis of naïve B cells of patients harboring the C104R mutation in TACI	Frontiers in Immunology	Neftali Jose Ramirez, Sara Posadas‐Cantera, Niko Langer, Andrés Caballero-Oteyza, Michele Proietti, Baerbel Keller, Fangwen Zhao, Victoria Gernedl, Matteo Pecoraro, Hermann Eibel, Klaus Warnatz, Esteban Ballestar, Roger Geiger, Claudia Bossen, Bodo Grimbacher
10.1126/sciadv.abh2868	2022	Mutations inBCOR, a co-repressor ofCRX/OTX2, are associated with early-onset retinal degeneration	Science Advances	Maéva Langouët, Christine Jolicoeur, Awais Javed, Pierre A. Mattar, Micah D. Gearhart, Stephen P. Daiger, Mette Lykke Norgaard Bertelsen, Lisbeth Tranebjærg, Nanna Dahl Rendtorff, Karen Grønskov, Catherine Jespersgaard, Rui Chen, Zixi Sun, Hui Li, Najmeh Alirezaie, Jacek Majewski, Vivian J. Bardwell
10.3390/cells11081259	2022	NUP133 Controls Nuclear Pore Assembly, Transcriptome Composition, and Cytoskeleton Regulation in Podocytes	Cells	Manuel Rogg, Jasmin I. Maier, Markus Ehle, Alena Sammarco, Oliver Schilling, Martin Werner, Christoph Schell
10.1101/2022.02.15.480582	2022	Neocentromere formation through Robertsonian fusion and centromere repositioning during the evolution of zebras	bioRxiv (Cold Spring Harbor Laboratory)	Eleonora Cappelletti, Francesca M. Piras, Lorenzo Sola, Marco Santagostino, Wasma A. Abdelgadir, Elena Raimondi, Solomon G. Nergadze, Elena Giulotto
10.1099/ijsem.0.005428	2022	Neokomagataea anthophila sp. nov., an osmotolerant acetic acid bacterium isolated in Thailand and emended description of the genus Neokomagataea	INTERNATIONAL JOURNAL OF SYSTEMATIC AND EVOLUTIONARY MICROBIOLOGY	Piyanat Charoenyingcharoen, Pattaraporn Yukphan, Sukunphat Malimas, Somsak Likhitrattanapisal, Somboon Tanasupawat, Yuzo Yamada
10.1177/10406387221102430	2022	Non-target RNA depletion strategy to improve sensitivity of next-generation sequencing for the detection of RNA viruses in poultry	Journal of Veterinary Diagnostic Investigation	Darren J. Parris, Henry M. Kariithi, David L. Suarez
10.3389/fcimb.2022.951049	2022	Novel insights related to the rise of KPC-producing Enterobacter cloacae complex strains within the nosocomial niche	Frontiers in Cellular and Infection Microbiology	Camila A. Knecht, Natalia Allende, Verónica Elizabeth Álvarez, Bárbara Prack McCormick, Mariana G. Massó, María Piekar, Josefina Campos, Barbara J. Fox, Gabriela Camicia, Anahí S. Gambino, Ana Carolina del Valle Leguina, Nicolás Donis, Liliana Fernández Canigia, María Paula Quiroga, Daniela Centrón
10.1016/j.celrep.2022.111590	2022	Nucleoporins facilitate ORC loading onto chromatin	Cell Reports	Logan Richards, Christopher L. Lord, Mary Lauren Benton, John A. Capra, Jared T. Nordman
10.1101/2022.04.05.487200	2022	Nucleoporins facilitate ORC loading onto chromatin	bioRxiv (Cold Spring Harbor Laboratory)	Logan Richards, Christopher L. Lord, Mary Lauren Benton, John A. Capra, Jared T. Nordman
10.1016/j.matbio.2022.08.006	2022	Obesity impairs skeletal muscle repair through NID-1 mediated extracellular matrix remodeling by mesenchymal progenitors	Matrix Biology	Sergio Pérez‐Díaz, Zeynab Koumaiha, Matthew J. Borok, Frédéric Aurade, Maria Silvia Pini, Baptiste Periou, Christine Rouault, Yasmine Baba‐Amer, Karine Clément, Geneviève Dérumeaux, François‐Jérôme Authier, Peggy Lafuste, Frédéric Relaix
10.3389/fped.2022.856520	2022	Optimisation and Application of a Novel Method to Identify Bacteriophages in Maternal Milk and Infant Stool Identifies Host-Phage Communities Within Preterm Infant Gut	Frontiers in Pediatrics	Gregory R. Young, Wen Chyin Yew, Andrew J. Nelson, Simon H. Bridge, Janet Elizabeth Berrington, Nicholas David Embleton, Darren Smith
10.1016/j.cbi.2022.109804	2022	Oxidative stress induces inflammation of lens cells and triggers immune surveillance of ocular tissues	Chemico-Biological Interactions	Brian S. Thompson, Emily A. Davidson, Ying Chen, David J. Orlicky, David C. Thompson, Vasilis Vasiliou
10.3389/fpls.2022.874590	2022	Peduncle Necking in Rosa hybrida Induces Stress-Related Transcription Factors, Upregulates Galactose Metabolism, and Downregulates Phenylpropanoid Biosynthesis Genes	Frontiers in Plant Science	Bianca Lear, Matthew Casey, Anthony D. Stead, Hilary Joan Rogers
10.7287/peerj.13952v0.2/reviews/2	2022	Peer Review #2 of "Mitochondrial cytochrome c oxidase subunit I (COI) metabarcoding of Foraminifera communities using taxon-specific primers (v0.2)"		
10.3390/antibiotics11020196	2022	Persistence and Dissemination Capacities of a blaNDM-5-Harboring IncX-3 Plasmid in Escherichia coli Isolated from an Urban River in Montpellier, France	Antibiotics	Florence Hammer-Dedet, Fabien Aujoulat, Estelle Jumas‐Bilak, Patricia Licznar‐Fajardo
10.1101/2022.05.31.494147	2022	Plasmacytoid dendritic cells regulate megakaryocyte and platelet homeostasis	bioRxiv (Cold Spring Harbor Laboratory)	Florian Christoph Gaertner, Hellen Cristina Ishikawa-Ankerhold, Susanne Stutte, Wenwen Fu, Chenglong Guo, Jutta Weitz, Anne Dueck, Zhe Zhang, Dominic van den Heuvel, Valeria Fumagalli, Michael C. Lorenz, Louisa von Baumgarten, Konstantin Stark, Tobias Straub, Saskia Freifrau von Stillfried, Peter Bo
10.1038/s41467-022-28434-1	2022	Pluripotency factors determine gene expression repertoire at zygotic genome activation	Nature Communications	Meijiang Gao, Marina Veil, Marcus Rosenblatt, Aileen Julia Riesle, Anna Gebhard, Helge Hass, Lenka Buryanova, Lev Y. Yampolsky, Björn Andreas Grüning, Sergey V. Ulianov, Jens Timmer, Daria Onichtchouk
10.1016/j.engfailanal.2022.106733	2022	Prediction of long-term localized corrosion rates in a carbon steel cooling water system is enhanced by metagenome analysis	Engineering Failure Analysis	Péter Gősi, Sándor Rátkai, Prateek Shetty, Roland Wirth, Gergely Maróti, Ferenc Oszvald, Judit Knisz
10.1016/j.jmb.2022.167482	2022	Preferential Self-interaction of DNA Methyltransferase DNMT3A Subunits Containing the R882H Cancer Mutation Leads to Dominant Changes of Flanking Sequence Preferences	Journal of Molecular Biology	Alexandra Mack, Max Emperle, Philipp Schnee, Sabrina Adam, Jürgen Pleiss, Pavel Bashtrykov, Albert Jeltsch
10.1002/wcms.1622	2022	Pre‐exascale HPC approaches for molecular dynamics simulations. Covid‐19 research: A use case	Wiley Interdisciplinary Reviews Computational Molecular Science	Miłosz Wieczór, Vito Genna, Juan Aranda, Rosa M. Badia, Josep Lluis Gelpí, Vytautas Gapsys, Bert L. de Groot, Erik R. Lindahl, Martí Municoy, Modesto Orozco
10.1101/2022.05.22.493013	2022	RAREFAN: A webservice to identify REPINs and RAYTs in bacterial genomes	bioRxiv (Cold Spring Harbor Laboratory)	Carsten Fortmann-Grote, Julia von Irmer, Frederic Bertels
10.1186/s12859-022-04648-4	2022	RGMQL: scalable and interoperable computing of heterogeneous omics big data and metadata in R/Bioconductor	BMC Bioinformatics	Simone Pallotta, Silvia Cascianelli, Marco Masseroli
10.21203/rs.3.rs-1849733/v1	2022	RNA Sequencing Analysis of Peripheral Blood Mononuclear Cells Reveals a Novel Pathway Associated with COVID-19 Deterioration	Research Square	Mami Ikemachi, Rina Ogura, Kazuya Miyagawa
10.1038/s41419-022-05197-7	2022	ROBO3s: a novel ROBO3 short isoform promoting breast cancer aggressiveness	Cell Death and Disease	Marcel Werner, Anna Dyas, Iwan Parfentev, G. Schmídt, Iga K. Mieczkowska, Lukas C. Müller-Kirschbaum, Claudia Müller, Stefan Kalkhof, Oliver Reinhardt, Henning Urlaub, Frauke Alves, Julia K. S. Gallwas, Evangelos Prokakis, Florian Wegwitz
10.1371/journal.ppat.1010110	2022	Recruitment of the CoREST transcription repressor complexes by Nerve Growth factor IB-like receptor (Nurr1/NR4A2) mediates silencing of HIV in microglial cells	PLoS Pathogens	Fengchun Ye, David Alvarez-Carbonell, Kien Nguyen, Konstantin Leskov, Yoelvis García‐Mesa, Sheetal Sreeram, Saba Valadkhan, Jonathan Karn
10.7554/elife.74391	2022	Reducing lipid bilayer stress by monounsaturated fatty acids protects renal proximal tubules in diabetes	eLife	Albert Pérez‐Martí, Suresh Krishna Ramakrishnan, Jiayi Li, Aurélien J. F. Dugourd, Martijn R. Molenaar, Luigi Regenburgh De La Motte, Kelli Grand, Anis Mansouri, Mélanie Parisot, Soeren S. Lienkamp, Julio Sáez-Rodríguez, Matias Simons
10.21203/rs.3.rs-2396540/v1	2022	Reprogramming of transcriptome after hormetic heat stress by the endoribonuclease ENDU‑2 improves lifespan and stress resistance in C. elegans	Research Square	Fan Xu, Erika Donner von Gromoff, Friedel Drepper, Bettina Liebowitz Knapp, Bettina Warscheid, Ralf Baumeister, Wenjing Qi
10.1002/agj2.21239	2022	Response of rice growth to soil microorganisms and soil properties in different soil types	Agronomy Journal	Peng Li, Yan Yue, Chao Li, Wenguang Tang, Ziqin Xiong, Yunhe Tian, Kun Zhou, Zhenxie Yi, Zhongyi Zheng, Zhongwen Rang, Juan Li
10.1007/s12519-022-00554-0	2022	Retrospective study of HIV drug resistance in Mexican children with vertically transmitted infection	World Journal of Pediatrics	Cristina de Jesús Herrera-Castillo, Angélica Maldonado-Rodríguez, Othón Rojas-Montes, Ana Marı́a Cevallos, José Guillermo Vázquez-Rosales, Rosalía Lira
10.1017/qpb.2023.10.pr2	2022	Review: Building a pipeline to identify and engineer constitutive and repressible promoters — R0/PR2		Eric J.Y. Yang, Jennifer L. Nemhauser
10.1017/qpb.2023.10.pr3	2022	Review: Building a pipeline to identify and engineer constitutive and repressible promoters — R0/PR3		Eric J.Y. Yang, Jennifer L. Nemhauser
10.1093/bfgp/elac002	2022	Revisiting hematopoiesis: applications of the bulk and single-cell transcriptomics dissecting transcriptional heterogeneity in hematopoietic stem cells	Briefings in Functional Genomics	Isha Monga, Karambir Kaur, Sandeep Kumar Dhanda
10.1093/molbev/msac162	2022	Robertsonian Fusion and Centromere Repositioning Contributed to the Formation of Satellite-free Centromeres During the Evolution of Zebras	Molecular Biology and Evolution	Eleonora Cappelletti, Francesca M. Piras, Lorenzo Sola, Marco Santagostino, Wasma A. Abdelgadir, Elena Raimondi, Francesco Lescai, Solomon G. Nergadze, Elena Giulotto
10.1101/2022.02.03.479044	2022	SKN-1 is a metabolic surveillance factor that monitors amino acid catabolism to control stress resistance	bioRxiv (Cold Spring Harbor Laboratory)	Phillip Andrew Frankino, Talha F Siddiqi, Theodore Bolas, Raz Bar‐Ziv, Holly K. Gildea, Hanlin Zhang, Ryo Higuchi‐Sanabria, Andrew Dillin
10.1016/j.isci.2022.104571	2022	SKN-1 regulates stress resistance downstream of amino catabolism pathways	iScience	Phillip Andrew Frankino, Talha F Siddiqi, Theodore Bolas, Raz Bar‐Ziv, Holly K. Gildea, Hanlin Zhang, Ryo Higuchi‐Sanabria, Andrew Dillin
10.1093/nar/gkac200	2022	SWAN pathway-network identification of common aneuploidy-based oncogenic drivers	Nucleic Acids Research	Robert R. Bowers, Christian M. Jones, Edwin A. Paz, John K. Barrows, Kent E. Armeson, David T. Long, Joe Ryan Delaney
10.1111/hel.12870	2022	Saccharomyces boulardii CNCM I‐745 supplementation modifies the fecal resistome during Helicobacter pylori eradication therapy	Helicobacter	Sara G. Cifuentes, María Belén Prado, Marco Fornasini, Henry Cohen, Manuel Eduardo Baldeon, Paúl Cárdenas
10.1007/978-1-0716-2376-3_20	2022	Sequences to Differences in Gene Expression: Analysis of RNA-Seq Data	Methods in molecular biology	Polina V. Pavlovich, Pierre Cauchy
10.1101/2022.08.29.505673	2022	Sequential And Directional Insulation By Conserved CTCF Sites Underlies The Hox Timer In Pseudo-Embryos	bioRxiv (Cold Spring Harbor Laboratory)	Hocine Rekaik, Lucille Lopez‐Delisle, Aurélie Hintermann, Bénédicte Mascrez, Célia Bochaton, Denis Duboule
10.1038/s42003-022-04264-1	2022	Single-cell multiomics reveals the complexity of TGFβ signalling to chromatin in iPSC-derived kidney organoids	Communications Biology	Jessica L. Davis, Ciarán Kennedy, Shane Clerkin, Niall J. Treacy, Thomas Dodd, Catherine Moss, Alison Murphy, Derek P. Brazil, Gerard Cagney, Dermot F. Brougham, Rabi Murad, Darren 'Ben' Finlay, Kristiina Vuori, John K. G. Crean
10.1038/s41598-022-25978-6	2022	Stage-specific and cell type-specific requirements of ikzf1 during haematopoietic differentiation in zebrafish	Scientific Reports	Isabell Hess, Sagar, Connor O´Meara, Dominic Grün, Michael Schorpp, Thomas L. J. Boehm
10.1007/s10815-022-02594-x	2022	Suppression of trinucleotide repeat expansion in spermatogenic cells in Huntington’s disease	Journal of Assisted Reproduction and Genetics	In Ki Cho, Charles A. Easley, Anthony W.S. Chan
10.1073/pnas.2117988119	2022	TGFB2-AS1 inhibits triple-negative breast cancer progression via interaction with SMARCA4 and regulating its targets TGFB2 and SOX2	Proceedings of the National Academy of Sciences	Ci-Xiang Zhou, Difei Wang, Jingchi Li, Qiuyu Wang, Lulu Wo, Xin Zhang, Zhexuan Hu, Zheng Wang, Mengna Zhan, Ming He, Guohong Hu, Xiaosong Chen, Kunwei Shen, Guoqiang Chen, Qian Zhao
10.3390/cancers14143451	2022	TP53-Status-Dependent Oncogenic EZH2 Activity in Pancreatic Cancer	Cancers	Lennart Versemann, Shilpa Patil, Benjamin Steuber, Zhe Zhang, Waltraut Kopp, Hannah Elisa Krawczyk, Silke Kaulfuß, Bernd Wollnik, Philipp Ströbel, Albrecht Neeße, Shiv K. Singh, Volker Ellenrieder, Elisabeth Heßmann
10.53846/goediss-9359	2022	TP53-status dependent oncogenic EZH2 Activity in Pancreatic Cancer		Lennart Versemann
10.21203/rs.3.rs-1357296/v1	2022	TRIM24 controls induction of latent HIV-1 by stimulating transcriptional elongation	Research Square	Riley M. Horvath, Matthew S. Dahabieh, Tom Malcolm, Ivan Sadowski
10.7554/elife.74207	2022	Temporal analysis of enhancers during mouse cerebellar development reveals dynamic and novel regulatory functions	eLife	Miguel Ramirez, Yuliya Badayeva, Joanna Yeung, Joshua Po Han Wu, Ayasha Abdalla-Wyse, Xiaodan Yang, Brett Trost, Stephen W. Scherer, Dan Goldowitz
10.1371/journal.pcbi.1009823	2022	Ten simple rules for making a software tool workflow-ready	PLoS Computational Biology	Paul Brack, Peter Crowther, Stian Soiland‐Reyes, Stuart Owen, Douglas Lowe, Alan R Williams, Quentin Groom, Mathias Dillen, Frederik Coppens, Björn Andreas Grüning, Ignacio Eguinoa, Philip Ewels, Carole Goble
10.1109/escience55777.2022.00049	2022	The BioExcel methodology for developing dynamic, scalable, reliable and portable computational biomolecular workflows		Jorge Ejarque, Pau Andrio, Adam Hospital, Javier Conejero, Daniele Lezzi, Josep LL. Gelpi, Rosa M. Badia
10.1101/2022.09.18.507959	2022	The ClpX protease is essential for removing the CI master repressor and completing prophage induction in Staphylococcus aureus	bioRxiv (Cold Spring Harbor Laboratory)	Mohammed A. Thabet, José R. Penadés, Andreas F. Haag
10.1101/2022.06.14.496079	2022	The G-protein-coupled estrogen receptor, a gene co-expressed with ERα in breast tumors, is regulated by estrogen-ERα signalling in ERα positive breast cancer cells	bioRxiv (Cold Spring Harbor Laboratory)	Uttariya Pal, Mohan C. Manjegowda, Neha Singh, Snigdha Saikia, Betty S. Philip, Deep Jyoti Kalita, Avdhesh Kumar, Anupam Sarma, Vandana Raphael, Deepak N. Modi, Amal Chandra Kataki, Anil Mukund Limaye
10.3390/agronomy12061318	2022	The Potassium-Dependent Transcriptome Analysis of Maize Provides Novel Insights into the Rescue Role of Auxin in Responses to Potassium Deficiency	Agronomy	Dong‐Ying Zhou, Kai Wang, He Zhang, Qizhen Du, Yingyan Liu, Jing Wang, Xiaoguang Wang, Haiqiu Yu, Xinhua Zhao
10.1182/bloodadvances.2021006348	2022	The TΑp63/BCL2 axis represents a novel mechanism of clinical aggressiveness in chronic lymphocytic leukemia	Blood Advances	Stamatia Laidou, Dionysios Grigoriadis, Sofia Papanikolaou, Spyros Foutadakis, Stavroula Ntoufa, Maria Tsagiopoulou, Giannis Vatsellas, Αchilles Anagnostopoulos, Anastasia Kouvatsi, Niki Stavroyianni, Fotis E Psomopoulos, Antonios M. Makris, Marios Agelopoulos, Dimitris Thanos, Anastasia Chatzidimit
10.1101/2022.08.23.504659	2022	The Vibrio Type III Secretion System 2 is not restricted to the Vibrionaceae and encodes differentially distributed repertoires of effector proteins	bioRxiv (Cold Spring Harbor Laboratory)	SA Jerez, Nicolás Plaza, Verónica Bravo, IM Urrutia, Carlos J. Blondel
10.1101/2022.09.05.506635	2022	The amyloid precursor protein regulates synaptic transmission at medial perforant path synapses	bioRxiv (Cold Spring Harbor Laboratory)	Maximilian O. Lenz, Amelie Eichler, Pia Kruse, Christos Galanis, Dimitrios Kleidonas, Peter Jedlička, Ulrike Müller, Thomas Deller, Andreas Vlachos
10.1371/journal.pbio.3001528	2022	The noncoding RNA CcnA modulates the master cell cycle regulators CtrA and GcrA in Caulobacter crescentus	PLoS Biology	Wanassa Beroual, Karine Prévost, David Lalaouna, Nadia Ben Zaina, Odile Valette, Yann Denis, Meriem Djendli, Gaël Brasseur, Matteo Brilli, Marta Robledo Garrido, José Ignacio Jiménez-Zurdo, Éric Massé, Emanuele G. Biondi
10.1099/mgen.0.000876	2022	The rate and role of pseudogenes of the Mycobacterium tuberculosis complex	Microbial Genomics	Naila Cristina Soler-Camargo, Taiana Tainá Silva‐Pereira, Cristina Kraemer Zimpel, Maurício Frota Camacho, André Zelanis, Alexandre Hild Aono, José Salvatore Leister Patané, Andrea Pires dos Santos, Ana M. S. Guimarães
10.1371/journal.pone.0274397	2022	The regulon of Brucella abortus two-component system BvrR/BvrS reveals the coordination of metabolic pathways required for intracellular life	PLoS ONE	Olga Rivas-Solano, Mathilde Van der Henst, Amanda Castillo-Zeledón, Marcela Suárez‐Esquivel, Lohendy Muñoz-Vargas, Zeuz Capitan‐Barrios, Nicholas Robert Thomson, Esteban Chaves‐Olarte, Edgardo Moreno, Xavier De Bolle, Caterina Guzmán‐Verri
10.1371/journal.pbio.3001581	2022	The transcription factor HLH-26 controls probiotic-mediated protection against intestinal infection through up-regulation of the Wnt/BAR-1 pathway	PLoS Biology	Yu Sang, Jie Ren, Alejandro Aballay
10.1093/genetics/iyac039	2022	The zinc-finger transcription factor LSL-1 is a major regulator of the germline transcriptional program in Caenorhabditis elegans	Genetics	David Rodríguez-Crespo, Magali Nanchen, Shweta Rajopadhye, Chantal Wicky
10.1101/2022.04.07.487462	2022	Tissue-Specific Transcriptome Responses to Fusarium Head Blight and Fusarium Root Rot	bioRxiv (Cold Spring Harbor Laboratory)	J F. Haidoulis, Paul W. Nicholson
10.3389/fpls.2022.1025161	2022	Tissue-specific transcriptome responses to Fusarium head blight and Fusarium root rot	Frontiers in Plant Science	J F. Haidoulis, Paul W. Nicholson
10.1038/s41597-022-01720-9	2022	Toward practical transparent verifiable and long-term reproducible research using Guix	Scientific Data	Nicolas Vallet, David Michonneau, Simon Tournier
10.5463/thesis.44	2022	Toxicogenomic Fingerprint Identification in Springtails to Assess Pesticide-Contaminated Soils		Ruben Bakker
10.24072/pcjournal.208	2022	Transcriptome responses of the aphid vector Myzus persicae are shaped by identities of the host plant and the virus	Peer Community Journal	Quentin Chesnais, Victor Golyaev, Amandine Velt, Camille Rustenholz, Maxime Verdier, Véronique Brault, Mikhail M. Pooggin, Martin Drucker
10.1101/2022.07.18.500449	2022	Transcriptome responses of the aphid vector Myzus persicae are shaped by identities of the host plant and the virus	bioRxiv (Cold Spring Harbor Laboratory)	Quentin Chesnais, Victor Golyaev, Amandine Velt, Camille Rustenholz, Maxime Verdier, Véronique Brault, Mikhail M. Pooggin, Martin Drucker
10.3389/fmars.2022.801458	2022	Transcriptomic Responses of Adult Versus Juvenile Atlantids to Ocean Acidification	Frontiers in Marine Science	Paula Ramos‐Silva, Mari-Lee Odendaal, Deborah Wall-Palmer, Lisette Mekkes, Katja T. C. A. Peijnenburg
10.1186/s12864-022-08873-2	2022	Transcriptomic profiles of muscular dystrophy with myositis (mdm) in extensor digitorum longus, psoas, and soleus muscles from mice	BMC Genomics	Pabodha Hettige, Uzma Tahir, Kiisa C. Nishikawa, Matthew J. Gage
10.1101/2022.05.27.493793	2022	Transmembrane protein 184B (TMEM184B) promotes expression of synaptic gene networks in the mouse hippocampus	bioRxiv (Cold Spring Harbor Laboratory)	Elizabeth B. Wright, Erik G. Larsen, Cecilia M. Coloma-Roessle, Hannah R. Hart, Martha R. C. Bhattacharya
10.1093/gbe/evac164	2022	Transposable Elements Continuously Remodel the Regulatory Landscape, Transcriptome, and Function of Decidual Stromal Cells	Genome Biology and Evolution	Katelyn M. Mika, Vincent J. Lynch
10.1093/nar/gkac759	2022	Trypanosoma brucei histones are heavily modified with combinatorial post-translational modifications and mark Pol II transcription start regions with hyperacetylated H2A	Nucleic Acids Research	Johannes Petrus Maree, Andrey Tvardovskiy, Tina Ravnsborg, Ole Nørregaard Jensen, Gloria Rudenko, Hugh‐G. Patterton
10.1186/s40246-021-00374-9	2022	Update of the keratin gene family: evolution, tissue-specific expression patterns, and relevance to clinical disorders	Human Genomics	Minh Ho, Brian S. Thompson, Jeffrey Nicholas Fisk, Daniel W. Nebert, Elspeth A. Bruford, Vasilis Vasiliou, Christopher G. Bunick
10.21203/rs.3.rs-1724216/v1	2022	Using Google Colab for Easily-Implemented User-Customizable Bioinformatics Web Tools: A Case Study Through OKtool for Overlapping K-mer Retrieval	Research Square	Andrew Gao, Sarah J. Gao
10.1007/s11357-022-00637-w	2022	Vitamin D3 promotes longevity in Caenorhabditis elegans	GeroScience	Billy Joe Huggins, Mindy Farris
10.1128/mra.00042-22	2022	Whole-Genome Sequencing of Pasteurella multocida Strain Pm1, Isolated from a Calf	Microbiology Resource Announcements	Satoshi Gondaira, Jumpei Fujiki, Yuki Hirano, Ryo Murata, Ikuo Uchida, Masaru Usui, Tomohito Iwasaki, Tamaki Okabayashi, Hidetomo Iwano, Hidetoshi Higuchi
10.3390/microorganisms10091775	2022	Year-Long Microbial Succession on Microplastics in Wastewater: Chaotic Dynamics Outweigh Preferential Growth	Microorganisms	Alexander S. Tagg, Theodor Sperlea, Matthias Labrenz, Jesse P. Harrison, Jesús J. Ojeda, Melanie Sapp
10.1016/j.bbagrm.2022.194905	2022	Zinc controls operator affinity of human transcription factor YY1 by mediating dimerization via its N-terminal region	Biochimica et Biophysica Acta (BBA) - Gene Regulatory Mechanisms	Małgorzata Figiel, Filip Szubert, Enrico Luchinat, Piotr Bonarek, Anna Baranowska, Katarzyna Wajda-Nikiel, Mateusz Wilamowski, Piotr Miłek, Marta Dziedzicka‐Wasylewska, Lucia Banci, Andrzej Z. Górecki
10.1186/s12859-022-04809-5	2022	getSequenceInfo: a suite of tools allowing to get genome sequence information from public repositories	BMC Bioinformatics	Vincent Moco, Damien Cazenave, Maëlle Garnier, Matthieu Pot, Isabel Marcelino, Antoine Talarmin, Stéphanie Guyomard-Rabenirina, Sébastien Breurec, Séverine Ferdinand, Alexis Dereeper, Yann Reynaud, David Couvin
10.1681/asn.2021101319	2022	α-Parvin Defines a Specific Integrin Adhesome to Maintain the Glomerular Filtration Barrier	Journal of the American Society of Nephrology	Manuel Rogg, Jasmin I. Maier, Clara Van Wymersch, Martin Helmstädter, Alena Sammarco, Maja Lindenmeyer, Paulina Zareba, Eloi Montanez, Gerd Walz, Martin Werner, Nicole Endlich, Thomas Benzing, Tobias B. Huber, Christoph Schell
10.1038/s41564-022-01281-y	2023	A MOPEVAC multivalent vaccine induces sterile protection against New World arenaviruses in non-human primates	Nature Microbiology	Stéphanie Reynard, Xavier Carnec, Caroline Picard, Virginie Borges-Cardoso, Alexandra Journeaux, Mathieu Mateo, Clara Germain, Jimmy Hortion, Laure Albrecht, Émeline Perthame, Natalia Pietrosemoli, Audrey Vallvé, Stéphane Barron, Aurélie Duthey, Orianne Lacroix, Ophélie Jourjon, Marie Moroso, Lyne F
10.2139/ssrn.4626201	2023	A Multifaceted Kinase Axis Regulates Plant Organ Abscission Through Conserved Signaling Mechanisms	SSRN Electronic Journal	Sergio Galindo‐Trigo, Julian Adams, Alexa‐Maria Wangler, Martin J. Bayer, Jan Willem Borst, Elwira Smakowska‐Luzan, Melinka A. Butenko
10.1093/jambio/lxad299	2023	A ToxIN homolog from Salmonella enterica serotype Enteritidis impairs bacteriophage infection	Journal of Applied Microbiology	John A. McFarlane, Eleanore G. Hansen, Estephany C Ortega, Irem Iskender, Vincent Noireaux, Steven D. Bowden
10.1101/2023.01.06.523008	2023	A bioinformatics screen reveals Hox and chromatin remodeling factors at the Drosophila histone locus	bioRxiv (Cold Spring Harbor Laboratory)	Lauren J. Hodkinson, Connor Smith, Heather Skye Comstra, Eric H. Albanese, Bukola A. Ajani, Kawsar Arsalan, Alvaro Perez Daisson, Katherine B. Forrest, Elijah H. Fox, Matthew R. Guerette, Samia Khan, Madeleine P. Koenig, Shivani Lam, Ava S. Lewandowski, Lauren J. Mahoney, Nasserallah Manai, JonCarlo
10.1186/s12863-023-01147-0	2023	A bioinformatics screen reveals hox and chromatin remodeling factors at the Drosophila histone locus	BMC Genomic Data	Lauren J. Hodkinson, Connor Smith, Heather Skye Comstra, Bukola A. Ajani, Eric H. Albanese, Kawsar Arsalan, Alvaro Perez Daisson, Katherine B. Forrest, Elijah H. Fox, Matthew R. Guerette, Samia Khan, Madeleine P. Koenig, Shivani Lam, Ava S. Lewandowski, Lauren J. Mahoney, Nasserallah Manai, JonCarlo
10.1038/s41593-023-01432-2	2023	A genome-wide in vivo CRISPR screen identifies essential regulators of T cell migration to the CNS in a multiple sclerosis model	Nature Neuroscience	Arek Kendirli, Clara de la Rosa, Katrin F. Lämmle, Klara Eglseer, Isabel Bauer, Vladyslav Kavaka, Stephan Winklmeier, La Zhuo, Christian Werner Wichmann, Lisa Ann Gerdes, Tania Kümpfel, Klaus Dornmair, Eduardo Beltrán, Martin Kerschensteiner, Naoto Kawakami
10.1172/jci.insight.169362	2023	A molecular signature for IL-10–producing Th1 cells in protozoan parasitic diseases	JCI Insight	Chelsea L. Edwards, Jessica A. Engel, Fabian de Labastida Rivera, Susanna S. Ng, Dillon Corvino, Marcela Montes de, Teija C. M. Frame, Shashi Bhushan Chauhan, Siddharth Sankar Singh, Awnish Kumar, Yulin Wang, Jinrui Na, P. Mukhopadhyay, Jason S. Lee, Susanne Nylén, Shyam Sundar, Rajiv Kumar, Christi
10.1016/j.bbagrm.2023.194957	2023	A novel endoplasmic reticulum adaptation is critical for the long-lived Caenorhabditis elegans rpn-10 proteasomal mutant	Biochimica et Biophysica Acta (BBA) - Gene Regulatory Mechanisms	Meghna N. Chinchankar, William B. Taylor, Su Hyuk Ko, Ellen C. Apple, Karl A. Rodriguez, Lizhen Chen, Alfred L. Fisher
10.1038/s41596-023-00857-0	2023	A systems-level mass spectrometry-based technique for accurate and sensitive quantification of the RNA cap epitranscriptome	Nature Protocols	Jin Wang, Bing Liang Alvin Chew, Yong Lai, Hongping Dong, Luang Xu, Yu Liu, Xin‐Yuan Fu, Zhenguo Lin, Pei‐Yong Shi, Timothy K. Lu, Dahai Luo, Samie R. Jaffrey, Peter C. Dedon
10.1038/s41467-023-41507-z	2023	Activator-blocker model of transcriptional regulation by pioneer-like factors	Nature Communications	Aileen Julia Riesle, Meijiang Gao, Marcus Rosenblatt, Jacques Hermes, Helge Hass, Anna Gebhard, Marina Veil, Björn Andreas Grüning, Jens Timmer, Daria Onichtchouk
10.1101/2023.01.11.523615	2023	Activator-blocker model of transcriptional regulation by pioneer-like factors	bioRxiv (Cold Spring Harbor Laboratory)	Aileen Julia Riesle, Meijiang Gao, Marcus Rosenblatt, Jacques Hermes, Helge Hass, Anna Gebhard, Marina Veil, Björn Andreas Grüning, Jens Timmer, Daria Onichtchouk
10.21203/rs.3.rs-2485402/v1	2023	Activator-blocker model of transcriptional regulation by pioneer-like factors	Research Square	Daria Onichtchouk, Aileen Julia Riesle, Meijiang Gao, Marcus Rosenblatt, Jacques Hermes, Helge Hass, Anna Gebhard, Marina Veil, Bjoern Gruening, Jens Timmer
10.1038/s41396-023-01374-4	2023	Adaptations of Pseudoxylaria towards a comb-associated lifestyle in fungus-farming termite colonies	The ISME Journal	Janis Fricke, Felix Schalk, Nina B. Kreuzenbeck, Elena Seibel, Judith Hoffmann, Georg Dittmann, Benjamin H. Conlon, Huijuan Guo, Z. Wilhelm de Beer, Daniel Giddings Vassão, Gerd Gleixner, Michael Poulsen, Christine Beemelmanns
10.1101/2023.07.21.548450	2023	Addressing persistent challenges in digital image analysis of cancerous tissues	bioRxiv (Cold Spring Harbor Laboratory)	Sandhya Prabhakaran, Clarence Yapp, Gregory J. Baker, Johanna Beyer, Young Hwan Chang, Allison Creason, Robert Krueger, Jeremy L. Muhlich, Nathan Heath Patterson, Kevin Sidak, Damir Sudar, Adam J. Taylor, Luke Ternes, Jakob Troidl, Yubin Xie, Artem Sokolov, Darren R. Tyson, the Cell Imaging Hackatho
10.1556/030.2023.01920	2023	Analysis of biofilm formation in nosocomial Stenotrophomonas maltophilia isolates collected in Bulgaria: An 11-year study (2011–2022)	Acta Microbiologica et Immunologica Hungarica	Tanya Strateva, Angelina Trifonova, Ivo Nikolaev Sirakov, Dayana Borisova, Mikaela Stancheva, Emma E. Keuleyan, Lena Setchanova, Slavil Peykov
10.1093/molbev/msad009	2023	Antifungal Drug Concentration Impacts the Spectrum of Adaptive Mutations in Candida albicans	Molecular Biology and Evolution	Robert T. Todd, Natthapon Soisangwan, Samuel T. Peters, Bailey R. Kemp, Taylor A. Crooks, Aleeza C. Gerstein, Anna M. Selmecki
10.1111/tpj.16597	2023	Arabidopsis BBX14 is involved in high light acclimation and seedling development	The Plant Journal	Vasil N. Atanasov, Julia Schumacher, José M. Muiño, Catharina Larasati, Liangsheng Wang, Kerstin Kaufmann, Dario Leister, Tatjana Kleine
10.1101/2023.03.03.530939	2023	Arabidopsis thaliana BBX14 is a target of GLK1 and involved in high-light acclimation, photomorphogenesis and GUN-type retrograde signaling	bioRxiv (Cold Spring Harbor Laboratory)	Vasil N. Atanasov, Julia Schumacher, José M. Muiño, Catharina Larasati, Liangsheng Wang, Kerstin Kaufmann, Dario Leister, Tatjana Kleine
10.3390/su151410957	2023	Assessment of Antifungal/Anti-Oomycete Activity of Frass Derived from Black Soldier Fly Larvae to Control Plant Pathogens in Horticulture: Involvement of Bacillus velezensis	Sustainability	Ghazaleh Arabzadeh, Maxime Delisle‐Houde, Grant W. Vandenberg, Nicolas Derôme, Marie‐Hélène Deschamps, Martine Dorais, Antony T. Vincent, Russell J. Tweddell
10.1155/2023/9551163	2023	Association of IFNAR2 rs2236757 and OAS3 rs10735079 Polymorphisms with Susceptibility to COVID-19 Infection and Severity in Palestine	Interdisciplinary Perspectives on Infectious Diseases	Mohammad Abdelhafez, Abedelmajeed Nasereddin, Omar Abu Shamma, Rajaa Abed, Raghida Sinnokrot, Omar Marof, Tariq Heif, Zaid Erekat, Amer Al‐Jawabreh, Suheir Ereqat
10.1159/000535302	2023	Association of Vitamin D with Severity and Outcome of COVID-19: Clinical and Experimental Evidence	Journal of Innate Immunity	Georgios Renieris, Spyros Foutadakis, Theano Andriopoulou, Victoria M. Spanou, Dionyssia-Eirini Droggiti, Dionysios Kafousopoulos, Theologia Gkavogianni, Georgia Damoraki, Giannis Vatsellas, Evangelos J. Giamarellos‐Bourboulis
10.1017/qpb.2023.10.pr7	2023	Author comment: Building a pipeline to identify and engineer constitutive and repressible promoters — R1/PR7		Jennifer L. Nemhauser
10.1017/qpb.2023.10.pr12	2023	Author comment: Building a pipeline to identify and engineer constitutive and repressible promoters — R2/PR12		Jennifer L. Nemhauser
10.1038/s41586-023-06231-0	2023	B-cell-specific checkpoint molecules that regulate anti-tumour immunity	Nature	Lloyd Bod, Yoon-Chul Kye, Jingwen Shi, Elena Torlai Triglia, Alexandra Schnell, Johannes Fessler, Stephen M. Ostrowski, Max von Franque, Juhi R. Kuchroo, Rocky Barilla, Sarah Zaghouani, Elena Christian, Toni Marie Delorey, Kanishka Mohib, Sheng Xiao, Nadine Slingerland, Christopher J. Giuliano, Orr 
10.1101/2023.07.04.547655	2023	Basal MET Phosphorylation is an Indicator of Hepatocyte Dysregulation in Liver Disease	bioRxiv (Cold Spring Harbor Laboratory)	Sebastian Burbano de Lara, Svenja Kemmer, Ina Biermayer, Svenja Feiler, Artyom Vlasov, Lorenza A. D’Alessandro, Barbara Helm, Yannik Dieter, Ahmed Ghallab, Jan Georg Hengstler, Katrin Hoffmann, Marcel Schilling, Jens Timmer, Ursula Klingmüller
10.1101/2023.07.31.551259	2023	Biophysical basis for the induction of glioblastoma-like phenotype in astrocytes	bioRxiv (Cold Spring Harbor Laboratory)	Laurent Starck, Melika Sarem, Bernd Heimrich, Ritwick Sawarkar, Marie‐Françoise Ritz, Gregor Hütter, Venkatram Prasad Shastri
10.1017/qpb.2023.10	2023	Building a pipeline to identify and engineer constitutive and repressible promoters	Quantitative Plant Biology	Eric J.Y. Yang, Jennifer L. Nemhauser
10.1002/1878-0261.13493	2023	CRISPR /Cas9 screen for genome‐wide interrogation of essential MYC ‐bound E‐boxes in cancer cells	Molecular Oncology	Marta Kazimierska, Marta Podralska, Magdalena Żurawek, Tomasz Woźniak, Marta Elżbieta Kasprzyk, Weronika Sura, Wojciech Łosiewski, Iwona Ziółkowska‐Suchanek, Joost L. Kluiver, Anke van den Berg, Natalia Rozwadowska, Agnieszka Dzikiewicz‐Krawczyk
10.1016/j.devcel.2023.11.005	2023	Chromatin state transitions in the Drosophila intestinal lineage identify principles of cell-type specification	Developmental Cell	Manon Josserand, Natalia Rubanova, Marine Stefanutti, Spyridon Roumeliotis, Marion Espenel, Owen J. Marshall, Nicolas Servant, Louis Gervais, Allison J. Bardin
10.1016/j.ibiod.2023.105619	2023	Close but different: Metabarcoding analyses reveal different microbial communities in ancient Roman nymphaea	International Biodeterioration & Biodegradation	Daniele De Luca, Roberta Piredda, Giorgio Trojsi, Paola Cennamo
10.2196/preprints.33135	2023	Cloud-based Biomedical and Health Research Collaborations: A review of applications and their data sharing approaches (Preprint)		Robert Mugonza, Annabella Ejiri Habinka, Richard Ssembatya
10.1371/journal.pone.0281240	2023	Co-expression analysis of lncRNA and mRNA identifies potential adipogenesis regulatory non-coding RNAs involved in the transgenerational effects of tributyltin	PLoS ONE	Maria Fernanda da Silva Lopes, Juliana de Souza Felix, Natália Francisco Scaramele, Mariana Cordeiro Almeida, Amanda de Oliveira Furlan, Jéssica Antonini Troiano, Flávia Regina Florêncio de Athayde, Flávia Lombardi Lopes
10.1111/1750-3841.16580	2023	Combined effect of metabolites produced by a modified Lactobacillus casei and berry phenolic extract on Campylobacter and microbiome in chicken cecum contents	Journal of Food Science	Zajeba Tabashsum, Zabdiel Alvarado‐Martinez, Matthew Wall, Arpita Aditya, Debabrata Biswas
10.1016/j.scitotenv.2023.161740	2023	Combining time-resolved transcriptomics and proteomics data for Adverse Outcome Pathway refinement in ecotoxicology	The Science of The Total Environment	Ruben Bakker, Jacintha Ellers, Dick Roelofs, Riet Vooijs, Tjeerd M. H. Dijkstra, Cornelis A.M. van Gestel, Katja M. Hoedjes
10.1163/15685411-bja10232	2023	Comparative phylogenetic analysis of vitellogenin in species of cyst and root-knot nematodes	Nematology	Hannah J. Wileman, Roland N. Perry, Keith G Davies
10.1128/mra.00197-23	2023	Complete Genome Sequence of an Avian Orthoavulavirus 13 Strain Detected in Ukraine	Microbiology Resource Announcements	Iryna V. Goraichuk, Denys Muzyka, Oleksandr Gaidash, Anton Pavlovych Gerilovych, B. Т. Stegniy, Mary J. Pantin‐Jackwood, Patti J. Miller, Claudio L. Afonso, David L. Suarez
10.1007/s41208-023-00648-0	2023	Complete Mitochondrial Genome and Phylogenetic Relationships of the Red Sea Chiton Acanthopleura vaillantii Rochebrune, 1882 (Polyplacophora: Chitonida)	Thalassas An International Journal of Marine Sciences	Hassien M. Alnashiri, Liju Thomas, Siby Philip, Maqbool Thaikkottathil, Sivanpillai Sureshkumar, Kutty Ranjeet
10.1128/mra.00405-23	2023	Complete genome sequence of seven virulent Newcastle disease virus isolates of sub-genotype XIII.1.1 from Tanzania	Microbiology Resource Announcements	Iryna V. Goraichuk, Peter L. M. Msoffe, Gaspar H. Chiwanga, Kiril M. Dimitrov, Claudio L. Afonso, David L. Suarez
10.1002/ijc.34666	2023	Comprehensive interrogation of gene lists from genome‐scale cancer screens with oncoEnrichR	International Journal of Cancer	Sigve Nakken, Sveinung Gundersen, Fabian L. M. Bernal, Dimitris Polychronopoulos, Eivind J. Hovig, Jørgen Wesche
10.1186/s12866-023-03120-4	2023	Cultivar-specific dynamics: unravelling rhizosphere microbiome responses to water deficit stress in potato cultivars	BMC Microbiology	Benoit Renaud Martins, Roberto Siani, Krzysztof Treder, Dorota Michałowska, Viviane Radl, Karin Pritsch, Michael Schloter
10.1128/mra.00098-23	2023	De Novo Whole-Genome Sequencing of Two Pathogenic Pasteurella multocida Type D:6 Strains Isolated from Pigs	Microbiology Resource Announcements	Morag Livingstone, Pernille Jorgensen, Margaret McCall, Jill R. Thomson, David Longbottom
10.1038/s41598-023-40189-3	2023	Deciphering the molecular basis of abiotic stress response in cucumber (Cucumis sativus L.) using RNA-Seq meta-analysis, systems biology, and machine learning approaches	Scientific Reports	Zahra Zinati, Leyla Nazari
10.1017/qpb.2023.10.pr6	2023	Decision: Building a pipeline to identify and engineer constitutive and repressible promoters — R0/PR6		Eric J.Y. Yang, Jennifer L. Nemhauser
10.1017/qpb.2023.10.pr11	2023	Decision: Building a pipeline to identify and engineer constitutive and repressible promoters — R1/PR11		Eric J.Y. Yang, Jennifer L. Nemhauser
10.1017/qpb.2023.10.pr15	2023	Decision: Building a pipeline to identify and engineer constitutive and repressible promoters — R2/PR15		Eric J.Y. Yang, Jennifer L. Nemhauser
10.3389/fnmol.2023.1148219	2023	Denervated mouse CA1 pyramidal neurons express homeostatic synaptic plasticity following entorhinal cortex lesion	Frontiers in Molecular Neuroscience	Maximilian O. Lenz, Amelie Eichler, Pia Kruse, Phyllis Stöhr, Dimitrios Kleidonas, Christos Galanis, Han Lu, Andreas Vlachos
10.1101/2023.01.08.523169	2023	DiPRO1 dependent transcriptional and epigenetic regulation distinctly controls the fate of muscle and mesenchymal cancer cells	bioRxiv (Cold Spring Harbor Laboratory)	Jeremy N. Rich, Melanie Bennaroch, Laura Notel, Polina Patalakh, Julien Alberola, Paule Opolon, Olivia Bawa, Windy Rondof, Antonin Marchais, Philippe Dessen, Guillaume Meurice, Melanie Porlot, Karine Ser‐Le Roux, Nathalie M Droin, Hana Raslová, Birgit Geoerger, Iryna Pirozhkova
10.3389/fimmu.2023.1147953	2023	Different configurations of SARS-CoV-2 spike protein delivered by integrase-defective lentiviral vectors induce persistent functional immune responses, characterized by distinct immunogenicity profiles	Frontiers in Immunology	Martina Borghi, Alessandra Gallinaro, Maria Franca Pirillo, Andrea Canitano, Zuleika Michelini, Maria Laura De Angelis, Serena Cecchetti, Antonella Tinari, Chiara Falce, Sabrina Mariotti, Antonio Capocefalo, Maria Vincenza Chiantore, Angelo Iacobino, Antonio Di Virgilio, Marit J. van Gils, Rogier W.
10.7554/elife.90575.1	2023	Disease modeling and pharmacological rescue of autosomal dominant Retinitis Pigmentosa associated with RHO copy number variation	eLife	Sangeetha Kandoi, Cassandra Martinez, Kevin Xu Chen, Miika M. Mehine, Brian C. Mansfield, Jacque L. Duncan, Deepak A. Lamba
10.1101/2023.02.27.23286248	2023	Disease modeling and pharmacological rescue of autosomal dominant Retinitis Pigmentosa associated with RHO copy number variation	medRxiv	Sangeetha Kandoi, Cassandra Martinez, Kevin Xu Chen, L Vinod K. Reddy, Miika M. Mehine, Brian C. Mansfield, Jacque L. Duncan, Deepak A. Lamba
10.7554/elife.90575	2023	Disease modeling and pharmacological rescue of autosomal dominant retinitis pigmentosa associated with RHO copy number variation	eLife	Sangeetha Kandoi, Cassandra Martinez, Kevin Xu Chen, Miika M. Mehine, L Vinod K. Reddy, Brian C. Mansfield, Jacque L. Duncan, Deepak A. Lamba
10.1093/g3journal/jkad030	2023	Draft genome assemblies of the avian louse Brueelia nebulosa and its associates using long-read sequencing from an individual specimen	G3 Genes Genomes Genetics	Andrew D. Sweet, Daniel R. Browne, Alvaro Gonzalo Hernandez, Kevin P. Johnson, Stephen L. Cameron
10.1128/mra.00412-23	2023	Draft genome sequence of Bifidobacterium breve DSM 32583, isolated from human milk	Microbiology Resource Announcements	Magdalena Kujawska, Monika Schaubeck, Lindsay J. Hall, Klaus Neuhaus
10.1016/j.stress.2023.100189	2023	Drought priming evokes essential regulation of Hsp gene families, Hsfs and their related miRNAs and induces heat stress tolerance in chickpea	Plant Stress	Sumandeep Juneja, Rashmi Saini, Arindam Adhikary, Renu Yadav, Shahied Ahmed Khan, Harsh Nayyar, Sanjeev Kumar
10.1016/j.plaphy.2023.108007	2023	Drought priming modulates ABF, GRFs, related microRNAs and induce metabolic adjustment during heat stress in chickpea	Plant Physiology and Biochemistry	Sumandeep Juneja, Rashmi Saini, Abdul Mukit, Sanjeev Kumar
10.1101/gr.277581.122	2023	Dynamic modulation of genomic enhancer elements in the suprachiasmatic nucleus, the site of the mammalian circadian clock	Genome Research	Akanksha Bafna, Gareth T. Banks, Michael Harvey Hastings, Patrick M. Nolan
10.11606/t.41.2023.tde-08122023-152417	2023	Efeito da temperatura no siri-azul Callinectes sapidus (BRACHYURA:PORTUNIDAE): aspectos fisiológicos, moleculares e proteômicos		Daniela Dantas David
10.14418/wes01.2.416	2023	Embracing Change: A Look into the Ecological Diversification of Bacillus atrophaeus in Death Valley National Park using Whole-Genome Analysis		Kristina Yu
10.14336/ad.2023.0614	2023	Endogenous Alpha-Synuclein is Essential for the Transfer of Pathology by Exosome-Enriched Extracellular Vesicles, Following Inoculation with Preformed Fibrils in vivo	Aging and Disease	Katerina Melachroinou, Georgios Divolis, George Tsafaras, Mantia Karampetsou, Sotirios P. Fortis, Yannis Stratoulias, Gina Papadopoulou, Anastasios G. Kriebardis, Martina K. Samiotaki, Kostas Vekrellis
10.21203/rs.3.rs-2626327/v1	2023	Engineering of the temperate Burkholderia phage Milagro for use as a therapeutic	Research Square	Guichun W. Yao, Tram Le, Abby M. Korn, Hannah M. Peterson, Mei Liu, Carlos Alberto Gonzalez, Jason J. Gill
10.1093/nar/gkad535	2023	Enhanced mitochondrial G-quadruplex formation impedes replication fork progression leading to mtDNA loss in human cells	Nucleic Acids Research	Mara Doimo, Namrata Chaudhari, Sanna Abrahamsson, Valentin L’Hôte, Tran Vinh Hong Nguyen, Andreas Berner, Mama Ndi, Alva Abrahamsson, Rabindra Nath Das, Koit Aasumets, Steffi Goffart, Jaakko L. O. Pohjoismaki, Marcela Dávila López, Erik Chorell, Sjoerd Wanrooij
10.1098/rsos.230152	2023	Environmental and molecular regulation of asexual reproduction in the sea anemone Nematostella vectensis	Royal Society Open Science	Layla Al‐Shaer, Whitney B. Leach, Noor Baban, Mia Yagodich, Matthew C. Gibson, Michael J. Layden
10.1101/2023.01.27.525773	2023	Environmental and molecular regulation of asexual reproduction in the sea anemone Nematostella vectensis	bioRxiv (Cold Spring Harbor Laboratory)	Layla Al‐Shaer, Whitney B. Leach, Noor Baban, Mia Yagodich, Matthew C. Gibson, Michael J. Layden
10.1101/2023.01.27.525830	2023	Eomes restricts Brachyury functions at the onset of mammalian gastrulation	bioRxiv (Cold Spring Harbor Laboratory)	Katrin M. Schüle, Jelena Weckerle, Simone Probst, Alexandra E. Wehmeyer, Lea Zissel, Chiara M. Schröder, Mehmet Tekman, Gwang-Jin Kim, Inga-Marie Schlägl, Sagar, Sebastian J. Arnold
10.1016/j.devcel.2023.07.023	2023	Eomes restricts Brachyury functions at the onset of mouse gastrulation	Developmental Cell	Katrin M. Schüle, Jelena Weckerle, Simone Probst, Alexandra E. Wehmeyer, Lea Zissel, Chiara M. Schröder, Mehmet Tekman, Gwang-Jin Kim, Inga-Marie Schlägl, Sagar, Sebastian J. Arnold
10.1016/j.heliyon.2023.e23695	2023	Epigenetic variation mediated by lncRNAs accounts for adaptive genomic differentiation of the endemic blue mussel Mytilus chilensis	Heliyon	Marco Yévenes, Cristian Gallardo‐Escárate, Gonzalo Gajardo
10.1128/jvi.00535-23	2023	Evolutionary conservation of an ancient retroviral gagpol gene in Artiodactyla	Journal of Virology	J’Zaria Simpson, Christine A. Kozak, Guney Boso
10.1016/j.jmb.2023.168146	2023	Exploring the ‘N-terminal arm’ & ‘Convex surface’ Binding Interfaces of the T3SS Chaperone-Translocator Complexes from P. Aeruginosa	Journal of Molecular Biology	Charlotte L. Frankling, Megan F. Downes, Angray S. Kang, Ewan R.G. Main
10.1021/acs.biochem.3c00002	2023	Exploring the “N-Terminal Anchor” Binding Interface of the T3SS Chaperone–Translocator Complexes from P. aeruginosa	Biochemistry	Charlotte L. Frankling, Angray S. Kang, Ewan R.G. Main
10.1016/j.ijid.2023.08.025	2023	Falsarthrobacter nasiphocae periprosthetic joint infection	International Journal of Infectious Diseases	Sun Tee Tay, Azhar Mahmood Merican, Kartini Abdul Jabar, Rukumani Devi Velayuthan, Khairul Anwar Ayob, J. Lee, Jennifer Chong, Rina Karunakaran
10.1016/j.jhazmat.2023.131659	2023	Fluorescent tag reveals the potential mechanism of how indigenous soil bacteria affect the transfer of the wild fecal antibiotic resistance plasmid pKANJ7 in different habitat soils	Journal of Hazardous Materials	Bo Yuan, Yue Zhang, Zishuai Bill Zhang, Zhaoye Lin, Yanwen Ma, Ying Sun
10.1002/eji.202350725	2023	Foxn1 is not essential for T‐cell development in teleosts	European Journal of Immunology	Michael Schorpp, Jeremy B. Swann, Isabell Hess, Hsuan-Ching Hans Ho, Theodore W. Pietsch, Thomas L. J. Boehm
10.1080/17460441.2023.2205122	2023	Galaxy for open-source computational drug discovery solutions	Expert Opinion on Drug Discovery	Anamika Singh Gaur, Selvaraman Nagamani, Lipsa Priyadarsinee, Hridoy Jyoti Mahanta, Ramakrishnan Parthasarathi, Garikapati Narahari Sastry
10.1637/aviandiseases-d-22-00064	2023	Genome Sequencing and Characterization of an Avian Orthoavulavirus 1 VG/GA-like Isolate with a Unique Fusion Cleavage Site Motif	Avian Diseases	Henry M. Kariithi, David L. Suarez, James F. Davis, Louise Dufour-Zavala, Tim L. Olivier, Dawn Williams-Coplin, Abhijeet A. Bakre, Chang-Won Lee
10.3390/genes14020468	2023	Genome-Wide Identification, Characterization and Expression Profiling of Potato (Solanum tuberosum) Frataxin (FH) Gene	Genes	Fırat Kurt, Ertuğrul Filiz, Kübra Yildiz, M. Aydın Akbudak
10.1038/s41588-023-01410-1	2023	Genome-wide association meta-analysis of spontaneous coronary artery dissection identifies risk variants and genes related to artery integrity and tissue-mediated coagulation	Nature Genetics	David Adlam, Takiy-Eddine Berrandou, Adrien B. Georges, Christopher P. Nelson, Eleni Giannoulatou, Joséphine Henry, Lijiang Ma, Montgomery Blencowe, Tamiel N. Turley, Min‐Lee Yang, Sandesh Chopade, Chris Finan, Peter S. Braund, Inès Sadeg-Sayoud, Siiri E. Iismaa, Matthew Kosel, Xiang Zhou, Stephen E
10.1038/s42003-023-04466-1	2023	Genome-wide deposition of 6-methyladenine in human DNA reduces the viability of HEK293 cells and directly influences gene expression	Communications Biology	Julian Broche, Anja Köhler, Fiona Kühnel, Bernd Osteresch, T. Chandrasekaran, Sabrina Adam, Jens Brockmeyer, Albert Jeltsch
10.3389/fimmu.2023.1257722	2023	Genome-wide epitope mapping across multiple host species reveals significant diversity in antibody responses to Coxiella burnetii vaccination and infection	Frontiers in Immunology	Emil Bach, Stephen F. Fitzgerald, Sarah E. Williams-Macdonald, Mairi C. Mitchell, William T. Golde, David Longbottom, Alasdair J. Nisbet, Annemieke Dinkla, Eric H. Sullivan, Richard S. Pinapati, John C. Tan, Leo A. B. Joosten, Hendrik-Jan Roest, Thomas Østerbye, Ad P. Koets, Søren Buus, Tom Nathan M
10.2147/idr.s407577	2023	Genomic Determinants of Pathogenicity and Antimicrobial Resistance of Nosocomial Acinetobacter baumannii Clinical Isolates of Hospitalized Patients (2019–2021) from a Sentinel Hospital in Hangzhou, China	Infection and Drug Resistance	Chenxing Wei, Jian Chen, Tanveer Muhammad Anwar, Lingling Huang, Wenjie Yang, Xueyan Dong, Qiong Chen, Min Yue, Daojun Yu
10.1016/j.modpat.2023.100323	2023	Genomic Profiling of Primary Diffuse Large B-Cell Lymphoma of the Central Nervous System Suggests Novel Potential Therapeutic Targets	Modern Pathology	Claudio Agostinelli, Luca Morandi, Simona Righi, Luigi Carlo Cirillo, Marica Iommi, Caterina Tonon, Diego Mazzatenta, Matteo Zoli, Maura Rossi, Gianmarco Bagnato, Alessandro Broccoli, Raffaele Lodi, Pier Luigi Zinzani, Elena Sabattini, Caterina Giannini, Sofia Asioli
10.1111/1348-0421.13100	2023	Genomic characterization of New Delhi metallo‐beta‐lactamase–producing species of Morganellaceae, Yersiniaceae, and Enterobacteriaceae (other than Klebsiella) from Brazil over 2013–2022	Microbiology and Immunology	Carlos Henrique Camargo, Amanda Yaeko Yamada, Andréia Rodrigues de Souza, Cláudio Tavares Sacchi, Alex Domingos Reis, Marlon Benedito Nascimento Santos, Denise Brandão de Assis, Enéas Carvalho, Elizabeth Harummyy Takagi, Marcos Paulo Vieira Cunha, Monique Ribeiro Tiba‐Casas
10.1556/030.2023.02059	2023	Genotypic and phenotypic insights into virulence factors of nosocomial Stenotrophomonas maltophilia isolates collected in Bulgaria (2011–2022)	Acta Microbiologica et Immunologica Hungarica	Tanya Strateva, Angelina Trifonova, Alexander Stratev, Slavil Peykov
10.1038/s42003-023-04994-w	2023	Group B Streptococcus Cas9 variants provide insight into programmable gene repression and CRISPR-Cas transcriptional effects	Communications Biology	Kathyayini P. Gopalakrishna, Gideon H. Hillebrand, Venkata Hemanjani Bhavana, Jordan L. Elder, Adonis D’Mello, Hervé Tettelin, Thomas Alexander Hooven
10.1101/2023.05.24.542094	2023	Group B Streptococcus Cas9 variants provide insight into programmable gene repression and CRISPR-Cas transcriptional effects	bioRxiv (Cold Spring Harbor Laboratory)	Kathyayini P. Gopalakrishna, Gideon H. Hillebrand, Venkata Hemanjani Bhavana, Jordan L. Elder, Adonis D’Mello, Hervé Tettelin, Thomas Alexander Hooven
10.1016/j.foodres.2023.113421	2023	High-fiber diet and rope-skipping benefit cardiometabolic health and modulate gut microbiota in young adults: A randomized controlled trial	Food Research International	Zongyu Lin, Xin Zhang, Miao Wu, Yingan Ming, Xiaotong Wang, Hailin Li, Fenglian Huang, Fei Gao, Yanna Zhu
10.1093/gbe/evad068	2023	Horizontal Transposon Transfer and Their Ecological Drivers: The Case of Flower-breeding Drosophila	Genome Biology and Evolution	Tuane Letícia Carvalho, Juliana Cordeiro, Jeferson Vizentin‐Bugoni, Pedro Mesquita Fonseca, Élgion L. S. Loreto, Lizandra Jaqueline Robe
10.1172/jci153733	2023	Human IL-10–producing Th1 cells exhibit a molecular signature distinct from Tr1 cells in malaria	Journal of Clinical Investigation	Chelsea L. Edwards, Susanna S. Ng, Fabian de Labastida Rivera, Dillon Corvino, Jessica A. Engel, Marcela Montes de, Luzia Bukali, Teija C. M. Frame, Patrick T. Bunn, Shashi Bhushan Chauhan, Siddharth Sankar Singh, Yulin Wang, Jinrui Na, Fiona H. Amante, Jessica R. Loughland, Megan S. F. Soon, Nicola
10.1101/2023.08.21.554151	2023	Human Saliva Modifies Growth, Biofilm Architecture and Competitive Behaviors of Oral Streptococci	bioRxiv (Cold Spring Harbor Laboratory)	Allen B. Choi, Kevin Dong, Emily Williams, Lindsey Pia, Jordan Batagower, Paige Bending, Iris J. Shin, Daniel I. Peters, Justin R. Kaspar
10.3324/haematol.2023.283245	2023	Hypomethylating agent decitabine sensitizes diffuse large B-cell lymphoma to venetoclax	Haematologica	Fen Zhu, Jennifer Leigh Crombie, Wei Ni, Nguyet-Minh Hoang, Swati Garg, Liam R. Hackett, Stephen Jun Fei Chong, Mary C. Collins, Lixin Rui, James D. Griffin, Matthew Steven Davids
10.1007/s00203-023-03517-9	2023	Identification of a putative novel cholivirus in the transcriptome of Gymnema sylvestre R. Br	Archives of Microbiology	V. Kavi Sidharthan, Gayatri Vanamala, Velayutham Rajeswari, Virendra Kumar Baranwal
10.21203/rs.3.rs-2329992/v2	2023	Identification of a putative novel cholivirus in the transcriptome of Gymnema sylvestre R. Br	Research Square	V. Kavi Sidharthan, Gayatri Vanamala, Velayutham Rajeswari, Virendra Kumar Baranwal
10.7554/elife.84092	2023	Imprinted Dlk1 dosage as a size determinant of the mammalian pituitary gland	eLife	Valeria Scagliotti, Maria Lillina Vignola, Thea L. Willis, Mark C. Howard, Eugenia Marinelli, Carles Gaston‐Massuet, Cynthia L. Andoniadou, Marika Charalambous
10.18632/genesandcancer.233	2023	Increased expression of BRD4 isoforms long (BRD4-L) and short (BRD4-S) promotes chemotherapy resistance in high-grade serous ovarian carcinoma	Genes & Cancer	Drumond-Bock Ana Luiza, Wang Luyao, Wang Lin, Cybula Magdalena, Rostworowska Maria, K. Michael, Bieniasz Magdalena
10.1007/s10815-023-02911-y	2023	Integrating imaging-based classification and transcriptomics for quality assessment of human oocytes according to their reproductive efficiency	Journal of Assisted Reproduction and Genetics	Xavier Viñals Gonzalez, Christopher Thrasivoulou, Roy Pascal Naja, Srividya Seshadri, Paul F. Serhal, Sioban B SenGupta
10.1101/2023.11.14.567053	2023	Integrative multiomics analysis of neointima proliferation in human saphenous vein: implications for bypass graft disease	bioRxiv (Cold Spring Harbor Laboratory)	David S. Kim, Brandee M. S. S. Goo, Hong Shi, Philip Coffey, Praneet Veerapaneni, Ronnie Chouhaita, Nicole Cyriac, Ghaith Aboud, Stephen Cave, Jacob Greenway, Rohan Mundkur, Samah Ahmadieh, Ragheb Harb, Mourad Ogbi, David J. Fulton, Yuqing Huo, Wei Zhang, Xiaochun Long, Avirup Guha, Ha Won Kim, Yang
10.7554/elife.76584	2023	Intestinal GCN2 controls Drosophila systemic growth in response to Lactiplantibacillus plantarum symbiotic cues encoded by r/tRNA operons	eLife	Théodore Grenier, Jessika Consuegra, Mariana Galvão Ferrarini, Houssam Akherraz, Longwei Bai, Yves Dusabyinema, Isabelle Rahioui, Pedro Da Silva, Benjamin Gillet, Sandrine Hughes, Cathy Isaura Ramos, Renata C. Matos, François Leulier
10.1111/zph.13046	2023	Investigation of a Staphylococcus aureus sequence type 72 food poisoning outbreak associated with food‐handler contamination in Italy	Zoonoses and Public Health	Federica Savini, Angelo Romano, Federica Giacometti, Valentina Indio, Monica Pitti, Lucia Decastelli, Pietro Luigi Devalle, Ilaria Silvia Rossella Gorrasi, Sergio Miaglia, Andrea Serraino
10.1002/mbo3.1372	2023	Isolation, biochemical characterization, and genome sequencing of two high‐quality genomes of a novel chitinolytic Jeongeupia species	MicrobiologyOpen	Nathanael David Arnold, Daniel Garbe, Thomas Brück
10.1038/s41419-023-06224-x	2023	Lamin A upregulation reorganizes the genome during rod photoreceptor degeneration	Cell Death and Disease	Ivana Herrera, José Alex Lourenço Fernandes, Khatereh Shir-Mohammadi, Jasmine Levesque, Pierre A. Mattar
10.21203/rs.3.rs-2518916/v1	2023	Lamin A upregulation reorganizes the genome during rod photoreceptor degeneration	Research Square	Ivana Nad, José Alex Lourenço Fernandes, Khatereh Shir-Mohammadi, Pierre A. Mattar
10.1099/ijsem.0.005908	2023	Leeia speluncae sp. nov., isolated from Stegodon Sea Cave in Thailand	INTERNATIONAL JOURNAL OF SYSTEMATIC AND EVOLUTIONARY MICROBIOLOGY	Piyanat Charoenyingcharoen, Jisun Kim, Jung‐Sook Lee, Pattaraporn Yukphan
10.3390/microorganisms11102535	2023	Leucobacter manosquensis sp. nov.—A Novel Bacterial Species Isolated from Healthy Human Skin	Microorganisms	Manon Boxberger, Sibylle Magnien, Angéline Antezack, Clara Rolland, Marine Makoa Meng, Cheikh Ibrahima Lo, Bernard La Scola, Nadim Cassir
10.1002/eji.202350562	2023	Levamisole suppresses activation and proliferation of human T cells by the induction of a p53‐dependent DNA damage response	European Journal of Immunology	Gerarda H. Khan, Floor Veltkamp, Mirte Scheper, Ron A. Hoebe, Nike Claessen, Loes M. Butter, Antonia H. M. Bouts, Sandrine Florquin, Jeroen E. J. Guikema
10.1016/j.watres.2023.120174	2023	Linking denitrification and pesticide transformation potentials with community ecology and groundwater discharge in hyporheic sediments in a lowland stream	Water Research	Tina Bundgaard Bech, Jennifer Hellal, Nora Badawi, Rasmus Jakobsen, Jens Aamand
10.3389/fpls.2023.1171564	2023	Living yeast-based biostimulants: different genes for the same results?	Frontiers in Plant Science	Marie Chambard, Benjamin B. Albert, Mickaël Cadiou, Sarah Auby, Camille Profizi, Isabelle Boulogne
10.1101/2023.05.26.542284	2023	Low soil moisture induces recruitment of Actinobacteria in the rhizosphere of a drought-sensitive and Rhizobiales in a drought-tolerant potato cultivar	bioRxiv (Cold Spring Harbor Laboratory)	Benoit Renaud Martins, Roberto Siani, Krzysztof Treder, Dorota Michałowska, Viviane Radl, Karin Pritsch, Michael Schloter
10.1098/rsob.220363	2023	MRPS36 provides a structural link in the eukaryotic 2-oxoglutarate dehydrogenase complex	Open Biology	Johannes F. Hevler, Pascal Albanese, Alfredo Cabrera‐Orefice, Alisa Potter, Andris Jankevics, Jelena Misic, Richard A. Scheltema, Ulrich Brandt, Susanne Arnold, Albert J. R. Heck
10.1016/j.isci.2023.107128	2023	Metabolic regulation of CTCF expression and chromatin association dictates starvation response in mice and flies	iScience	Devashish Sen, Babukrishna Maniyadath, Shreyam Chowdhury, Arshdeep Kaur, Subhash Khatri, Arnab Kumar Chakraborty, Neelay Mehendale, Snigdha Nadagouda, U.S. Sandra, Siddhesh S. Kamat, Ullas Kolthur‐Seetharam
10.21203/rs.3.rs-3002014/v1	2023	Molecular Similarities Between Trypanosoma Cruzi Microtubule Associated Proteins, Mammalian Interferons, and Trim Genes	Research Square	Martin A. Winkler, Alfred A. Pan
10.1016/j.aquaculture.2023.739672	2023	Mucosal bacteriomes of rainbow trout (Oncorhynchus mykiss) intestines are modified in response to dietary phytase	Aquaculture	Süheyla Karataş, Emre Turgay, Mustafa Yıldız, Victor E. Kaiza, Remziye Eda Yardımcı, Terje Marken Steinum
10.1073/pnas.2122467120	2023	Multimodal epigenetic changes and altered NEUROD1 chromatin binding in the mouse hippocampus underlie FOXG1 syndrome	Proceedings of the National Academy of Sciences	Ipek Akol, Annalisa Izzo, Fabian Gather, Stefanie Strack, Stefanie Heidrich, Darren Ó. hAilín, Alejandro Villarreal, Christine Hacker, Tudor Rauleac, Chiara Bella, André Fischer, Thomas Manke, Tanja Vogel
10.1016/j.jcmgh.2023.01.015	2023	NFATc1 Is a Central Mediator of EGFR-Induced ARID1A Chromatin Dissociation During Acinar Cell Reprogramming	Cellular and Molecular Gastroenterology and Hepatology	Zhe Zhang, Xin Wang, Feda H. Hamdan, Anna Likhobabina, Shilpa Patil, Lena Aperdannier, Madhobi Sen, Jacobe Traub, Albrecht Neeße, André Fischer, Argyris Papantonis, Shiv K. Singh, Volker Ellenrieder, Steven A. Johnsen, Elisabeth Heßmann
10.21203/rs.3.rs-2607052/v1	2023	Neoadjuvant Chemotherapy or Combined Chemo-Radiation Therapy of Pancreatic Ductal Adenocarcinoma Differentially Shift Immune Activation, ECM Composition, Energy Metabolism, and Ribosomal Proteins of the Residual Tumor Mass	Research Square	Maren Nicole Stillger, Peter Bronsert, Eva Brombacher, Clemens Kreutz, Martin Werner, Laura H. Tang, Sylvia Timme‐Bronsert, Oliver Schilling
10.1007/s43393-023-00202-2	2023	New perspectives of omega-3 fatty acids from diatoms	Systems Microbiology and Biomanufacturing	Rashi Tyagi, Rajesh P. Rastogi, Olga Babich, Mukesh Kumar Awasthi, Archana Tiwari
10.1101/2023.03.30.535007	2023	Non-canonical RNA substrates of Drosha lack many of the conserved features found in primary microRNA stem-loops	bioRxiv (Cold Spring Harbor Laboratory)	Karen Gu, Lawrence Mok, Matthew J. Wakefield, Mark M. W. Chong
10.1186/s13072-023-00511-9	2023	Nucleophosmin 1 cooperates with the methyltransferase DOT1L to preserve peri-nucleolar heterochromatin organization by regulating H3K27me3 levels and DNA repeats expression	Epigenetics & Chromatin	Annalisa Izzo, Ipek Akol, Alejandro Villarreal, S Lebel, Marta Garcia‐Miralles, Arquimedes Cheffer, Patrick Piero Bovio, Stefanie Heidrich, Tanja Vogel
10.21203/rs.3.rs-2745386/v1	2023	Nucleophosmin 1 cooperates with the methyltransferase DOT1L to regulate H3K79me2 levels and DNA satellites expression at peri-nucleolar heterochromatin	Research Square	Annalisa Izzo, Ipek Akol, Alejandro Villarreal, Marta Garcia‐Miralles, Patrick Piero Bovio, Stefanie Heidrich, Tanja Vogel
10.1016/j.celrep.2023.113469	2023	PIM kinases regulate early human Th17 cell differentiation	Cell Reports	Tanja Buchacher, Ankitha Shetty, Saara A. Koskela, Johannes Smolander, Riina Kaukonen, António G. G. Sousa, Sini Junttila, Asta Laiho, Olof Rundquist, Tapio Lönnberg, Alexander Marson, Omid Rasool, Laura L. Elo, Riitta Lahesmaa
10.7287/peerj.15193v0.1/reviews/2	2023	Peer Review #2 of "Alterations of the gut microbiota in type 2 diabetics with or without subclinical hypothyroidism (v0.1)"		
10.1016/j.chembiol.2023.05.012	2023	Peptide-mediated inhibition of the transcriptional regulator Elongin BC induces apoptosis in cancer cells	Cell chemical biology	Sabrina Fischer, Van Tuan Trinh, Clara Simon, Lisa M. Weber, Ignasi Forné, Andrea Nist, Gert Bange, Frank Abendroth, Thorsten Stiewe, Wieland Steinchen, Robert Liefke, Olalla Vázquez
10.1007/978-1-0716-3549-0_8	2023	Phage DNA Extraction, Genome Assembly, and Genome Closure	Methods in molecular biology	Justin X. Boeckman, Mei Liu, Jolene Ramsey, Jason J. Gill
10.1016/j.ympev.2023.107733	2023	Population genomics indicate three different modes of divergence and speciation with gene flow in the green-winged teal duck complex	Molecular Phylogenetics and Evolution	Fern Spaulding, Jessica F. McLaughlin, Rebecca G. Cheek, Kevin G. McCracken, Travis C. Glenn, Kevin Winker
10.1007/978-981-19-5920-2_16	2023	Potential Industrial Application of Diatoms for a Greener Future	Plant life and environment dynamics	Kavita Bramhanwade, Vivek Narkhedkar, Shalini Dhyani
10.21203/rs.3.rs-3460801/v1	2023	Probing of plant transcriptomes unveils the hitherto hidden genetic diversity of the family Secoviridae	Research Square	V. Kavi Sidharthan, Vijayprakash Reddy, G. Kiran, Velayutham Rajeswari, V. K. Baranwal, Manjari Kiran, Sudhir Kumar
10.1101/2023.03.13.532431	2023	Prostaglandin E 2 controls the metabolic adaptation of T cells to the intestinal microenvironment	bioRxiv (Cold Spring Harbor Laboratory)	Matteo Villa, David E. Sanin, Petya Apostolova, Mauro Corrado, Agnieszka Martyna Kabat, Carmine Cristinzio, Annamaria Regina, Gustavo Ezequiel Carrizo, Nisha Rana, Michal A. Stanczak, Francesc Baixauli, Katarzyna M. Grzes, Jovana Cupovic, Francesca Solagna, Alexandra Hackl, Anna-Maria Globig, Fabian
10.1093/nar/gkad1079	2023	Quantification and modeling of turnover dynamics of de novo transcripts in Drosophila melanogaster	Nucleic Acids Research	Anna Grandchamp, Peter Czuppon, Erich Bornberg‐Bauer
10.1101/2023.02.13.528330	2023	Quantification and modeling of turnover dynamics of de novo transcripts in Drosophila melanogaster	bioRxiv (Cold Spring Harbor Laboratory)	Anna Grandchamp, Peter Czuppon, Erich Bornberg‐Bauer
10.21203/rs.3.rs-3347494/v1	2023	RETRACTED: Prostaglandin E2-EP4 signaling suppresses bioenergetics and ribosome biogenesis in immune cells infiltrating human tumor	Research Square	Shuh Narumiya, Siwakorn Punyawattananukool, Thamrong Wongchang, Nao Katsurada, Ryuma Matsuura, Masahiro Kawashima, Masakazu Toi, Koji Yamanoi, Junzo Hamanishi, Shigeo Hisamori, Kazutaka Obama, Varodom Charoensawan, Dean Thumkeo
10.1017/qpb.2023.10.pr5	2023	Recommendation: Building a pipeline to identify and engineer constitutive and repressible promoters — R0/PR5		Eric J.Y. Yang, Jennifer L. Nemhauser
10.1017/qpb.2023.10.pr10	2023	Recommendation: Building a pipeline to identify and engineer constitutive and repressible promoters — R1/PR10		Eric J.Y. Yang, Jennifer L. Nemhauser
10.1017/qpb.2023.10.pr14	2023	Recommendation: Building a pipeline to identify and engineer constitutive and repressible promoters — R2/PR14		Eric J.Y. Yang, Jennifer L. Nemhauser
10.3390/jdb11020028	2023	Regionalized Protein Localization Domains in the Zebrafish Hair Cell Kinocilium	Journal of Developmental Biology	Timothy D. Erickson, William Paul Biggers, Kevin S. Williams, Shyanne E. Butland, Alexandra Venuto
10.1101/2022.12.31.521896	2023	Regionalized protein localization domains in the zebrafish hair cell kinocilium	bioRxiv (Cold Spring Harbor Laboratory)	Timothy D. Erickson, William Paul Biggers, Kevin S. Williams, Shyanne E. Butland, Alexandra Venuto
10.1017/qpb.2023.10.pr4	2023	Review: Building a pipeline to identify and engineer constitutive and repressible promoters — R0/PR4		Eric J.Y. Yang, Jennifer L. Nemhauser
10.1017/qpb.2023.10.pr8	2023	Review: Building a pipeline to identify and engineer constitutive and repressible promoters — R1/PR8		Eric J.Y. Yang, Jennifer L. Nemhauser
10.1017/qpb.2023.10.pr9	2023	Review: Building a pipeline to identify and engineer constitutive and repressible promoters — R1/PR9		Eric J.Y. Yang, Jennifer L. Nemhauser
10.1017/qpb.2023.10.pr13	2023	Review: Building a pipeline to identify and engineer constitutive and repressible promoters — R2/PR13		Eric J.Y. Yang, Jennifer L. Nemhauser
10.1016/j.jmb.2023.168043	2023	RiboGalaxy: A Galaxy-based Web Platform for Ribosome Profiling Data Processing – 2023 Update	Journal of Molecular Biology	Alla D. Fedorova, Jack A. S. Tierney, Audrey M. Michel, Pavel V. Baranov
10.1038/s41467-023-41369-5	2023	SARS-CoV-2 genomic surveillance in wastewater as a model for monitoring evolution of endemic viruses	Nature Communications	Mukhlid Yousif, Said Rachida, Setshaba Taukobong, Nkosenhle Lindo Ndlovu, Chinwe Juliana Iwu, Wayne Howard, Shelina Moonsamy, Nompilo Mhlambi, Sipho Gwala, Joshua I. Levy, Kristian G. Andersen, Cathrine Scheepers, Anne von Gottberg, Nicole Wolter, Jinal N. Bhiman, Daniel Gyamfi Amoako, Arshad Ismail
10.3390/cells12060835	2023	SCD5 Regulation by VHL Affects Cell Proliferation and Lipid Homeostasis in ccRCC	Cells	Athina Ganner, Antonia Philipp, Simon Lagies, Laura Wingendorf, Lu Wang, Felicitas Pilz, Thomas Welte, Kelli Grand, Soeren S. Lienkamp, Marinella Klein, Bernd Kammerer, Ian J. Frew, Gerd Walz, Elke Neumann‐Haefelin
10.2174/18742858-v17-230720-2023-2	2023	Saltwater Intrusion Impacts Microbial Diversity and Function in Groundwater Ecosystems	The Open Microbiology Journal	Karen M. Houghton, Mano Fournier, Conny Tschritter
10.1038/s41588-023-01426-7	2023	Sequential and directional insulation by conserved CTCF sites underlies the Hox timer in stembryos	Nature Genetics	Hocine Rekaik, Lucille Lopez‐Delisle, Aurélie Hintermann, Bénédicte Mascrez, Célia Bochaton, Alexandre Mayran, Denis Duboule
10.1101/2023.11.01.565187	2023	Somatic structural variants driving distinct modes of oncogenesis in melanoma	bioRxiv (Cold Spring Harbor Laboratory)	Jake R. Conway, Riaz Gillani, Jett P. Crowdis, Brendan Michael Reardon, Jihye Park, Seunghun Han, Breanna M. Titchen, Mouadh Benamar, Rizwan Ul Haq, Eliezer M. Van Allen
10.1186/s13293-023-00554-3	2023	Spatial transcriptomics reveal basal sex differences in supraoptic nucleus gene expression of adult rats related to cell signaling and ribosomal pathways	Biology of Sex Differences	Dianna H. Nguyen, Vítor Duque, Nicole R. Phillips, André S. Mecawi, Joseph Thomas Cunningham
10.24326/mon.2023.9	2023	Szanse nauk o zwierzętach		Brygida Ślaska, Andrzej Junkuszew, Bożena Kiczorowska
10.1038/s41467-023-40695-y	2023	TRAIP resolves DNA replication-transcription conflicts during the S-phase of unperturbed cells	Nature Communications	Shaun Scaramuzza, Rebecca M. Jones, Martina Mustè Sadurnì, Alicja Reynolds-Winczura, Divyasree Poovathumkadavil, A. Farrell, Toyoaki Natsume, Patricia Guzmán Rojas, C. Cuesta, Masato T. Kanemaki, Marco Saponaro, Agnieszka Gambus
10.1145/3624062.3624277	2023	TaskVine: Managing In-Cluster Storage for High-Throughput Data Intensive Workflows		Barry Sly-Delgado, Thanh Son Phung, Colin R. Thomas, David Simonetti, Andrew Hennessee, Benjamín Tovar, Douglas Thain
10.1186/s13040-023-00326-0	2023	Ten simple rules for providing bioinformatics support within a hospital	BioData Mining	Davide Chicco, Giuseppe Jurman
10.1101/2023.07.07.548120	2023	Tgfbr1 controls developmental plasticity between the hindlimb and external genitalia by remodeling their regulatory landscape	bioRxiv (Cold Spring Harbor Laboratory)	Anastasiia Lozovska, Artemis G. Korovesi, André Dias, Alexandre de Oliveira Lopes, Donald A. Fowler, Gabriel Martins, Ana Nóvoa, Moisés Mallo
10.1523/jneurosci.1824-22.2023	2023	The Amyloid Precursor Protein Regulates Synaptic Transmission at Medial Perforant Path Synapses	Journal of Neuroscience	Maximilian O. Lenz, Amelie Eichler, Pia Kruse, Christos Galanis, Dimitrios Kleidonas, Geoffroy Andrieux, Melanie Boerries, Peter Jedlička, Ulrike Müller, Thomas Deller, Andreas Vlachos
10.1038/s41467-023-42413-0	2023	The ClpX protease is essential for inactivating the CI master repressor and completing prophage induction in Staphylococcus aureus	Nature Communications	Mohammed A. Thabet, José R. Penadés, Andreas F. Haag
10.1016/j.xgen.2023.100261	2023	The Foundational Data Initiative for Parkinson Disease: Enabling efficient translation from genetic maps to mechanism	Cell Genomics	Elisângela Bressan, Xylena Reed, Vikas Bansal, Elizabeth D. Hutchins, Melanie M. Cobb, Michelle G. Webb, Eric B. Alsop, Francis P. Grenn, Anastasia Illarionova, Natalia Savytska, Ivo Violich, Stefanie Broeer, Noémia Fernandes, Ramiyapriya Sivakumar, Alexandra G. Beilina, Kimberley J. Billingsley, Jo
10.1016/j.gene.2023.147548	2023	The G-protein-coupled estrogen receptor, a gene co-expressed with ERα in breast tumors, is regulated by estrogen-ERα signalling in ERα positive breast cancer cells	Gene	Uttariya Pal, Mohan C. Manjegowda, Neha Singh, Snigdha Saikia, Betty S. Philip, Deep Jyoti Kalita, Avdhesh Kumar, Anupam Sarma, Vandana Raphael, Deepak N. Modi, Amal Chandra Kataki, Anil Mukund Limaye
10.3390/jdb11040039	2023	The New Nematicide Cyclobutrifluram Targets the Mitochondrial Succinate Dehydrogenase Complex in Caenorhabditis elegans	Journal of Developmental Biology	Fariba Heydari, David Rodríguez-Crespo, Chantal Wicky
10.1093/bib/bbad375	2023	The five pillars of computational reproducibility: bioinformatics and beyond	Briefings in Bioinformatics	Mark D. Ziemann, Pierre Poulain, Anusuiya Bora
10.1038/s41598-023-36788-9	2023	The non-classical major histocompatibility complex II protein SLA-DM is crucial for African swine fever virus replication	Scientific Reports	Katrin Pannhorst, Jolene Carlson, Julia E. Hölper, Finn E. Grey, John Kenneth Baillie, Dirk W. Höper, Elisabeth Wöhnke, Kati Franzke, Axel Karger, Walter Fuchs, Thomas C. Mettenleiter
10.1152/physiolgenomics.00035.2023	2023	The uterine secretory cycle: recurring physiology of endometrial outputs that setup the uterine luminal microenvironment	Physiological Genomics	Kasey M. Schalich, Prasanthi P. Koganti, Juan Mere del Castillo, Olivia M. Reiff, Soon Hon Cheong, Vimal Selvaraj
10.26686/wgtn.22976435	2023	The volatilome of the cnidarian-dinoflagellate symbiosis		Margaret Wuerz
10.3389/fmicb.2023.1253773	2023	Thermophilic methane oxidation is widespread in Aotearoa-New Zealand geothermal fields	Frontiers in Microbiology	Karen M. Houghton, Carlo R. Carere, Matthew B. Stott, Ian R. McDonald
10.1038/s41598-023-38280-w	2023	Transcription and FACT facilitate the restoration of replication-coupled chromatin assembly defects	Scientific Reports	Marta Barrientos‐Moreno, Douglas Maya‐Miles, Marina Murillo-Pineda, Sara Fontalva, Mónica Pérez-Alegre, Eloísa Andújar, Félix Prado
10.22541/au.167407919.93344090/v1	2023	Transcriptome profiling research in urothelial cell carcinoma		Umar Ahmad, Buhari Ibrahim, M. Peer Mohammed, Ahmed Faris Aldoghachi, Usman Mahmood, Abdulbasit Haliru Yakubu, Abubakar Sadiq Tanko, Khadijat Abubakar Bobbo, ⁠Usman Adamu Garkuwa, Abdullahi Adamu Faggo, Sagir Mustapha, Mahmoud Al‐Masaeed, Syahril Abdullah, Yong Yoke Keong, Abhi Veerakumarasivam
10.1002/appl.202300002	2023	Transcriptome profiling research in urothelial cell carcinoma	Applied Research	Umar Ahmad, Buhari Ibrahim, Mustapha Mohammed, Ahmed Faris Aldoghachi, Mahmood Usman, Abdulbasit Haliru Yakubu, Abubakar Sadiq Tanko, Khadijat Abubakar Bobbo, ⁠Usman Adamu Garkuwa, Abdullahi Adamu Faggo, Sagir Mustapha, Mahmoud Al‐Masaeed, Syahril Abdullah, Yoke Keong Yong, Abhi Veerakumarasivam
10.1186/s13227-023-00213-z	2023	Transcriptomic analysis of cave, surface, and hybrid samples of the isopod Asellus aquaticus and identification of chromosomal location of candidate genes for cave phenotype evolution	EvoDevo	Haeli J. Lomheim, Lizet Reyes Rodas, Lubna Mulla, Layla R. Freeborn, Dennis A Sun, Sheri A. Sanders, Meredith E. Protas
10.1016/j.fsi.2023.108835	2023	Transcriptomic and targeted immune transcript analyses confirm localized skin immune responses in Atlantic salmon towards the salmon louse	Fish & Shellfish Immunology	Aina‐Cathrine Øvergård, Christiane Eichner, Noelia Nuñez-Ortiz, Heidi Kongshaug, Andreas Borchel, Sussie Dalvin
10.1186/s12864-023-09676-9	2023	Transmembrane protein 184B (TMEM184B) promotes expression of synaptic gene networks in the mouse hippocampus	BMC Genomics	Elizabeth B. Wright, Erik G. Larsen, Cecilia M. Coloma-Roessle, Hannah R. Hart, Martha R. C. Bhattacharya
10.1101/2023.03.17.533225	2023	Trinucleotide building blocks enable exponential ribozyme-catalysed RNA replication and open-ended growth of diverse RNA sequence pools	bioRxiv (Cold Spring Harbor Laboratory)	James Attwater, Teresa Augustin, Joseph F. Curran, Samantha Kwok, Edoardo Gianni, Philipp Holliger
10.3390/f14091907	2023	Ultra-High-Density Genetic Maps of Jatropha curcas × Jatropha integerrima and Anchoring Jatropha curcas Genome Assembly Scaffolds	Forests	Anoop Anand Malik, Pratima Sinha, Madan Singh Negi, Om P. Rajora, Shashi Bhushan Tripathi
10.1016/j.jprot.2023.104975	2023	Understanding the mechanism of pathogenicity through interactome studies between Arachis hypogaea L. and Aspergillus flavus	Journal of Proteomics	Aiswarya Jayaprakash, Abhijeet Deb Roy, Raja Rajeswary Thanmalagan, Annamalai Arunachalam, Lakshmi Palanisamy Thanga Velan
10.3389/fpls.2023.1247814	2023	Unlocking the hidden potential of Mexican teosinte seeds: revealing plant growth-promoting bacterial and fungal biocontrol agents	Frontiers in Plant Science	Esaú De-la-Vega-Camarillo, Juan Alfredo Hernández-García, Lourdes Villa‐Tanaca, César Hernández-Rodríguez
10.3390/microorganisms11030722	2023	Use of Shotgun Metagenomics to Assess the Microbial Diversity and Hydrocarbons Degrading Functions of Auto-Mechanic Workshops Soils Polluted with Gasoline and Diesel Fuel	Microorganisms	Emerance Jessica Claire D’Assise Goma-Tchimbakala, Ilaria Pietrini, Joseph Goma-Tchimbakala, Stefano Paolo Corgnati
10.1099/mgen.0.000973	2023	Vibrio type III secretion system 2 is not restricted to the Vibrionaceae and encodes differentially distributed repertoires of effector proteins	Microbial Genomics	Sebastián A. Jerez, Nicolás Plaza, Verónica Bravo, Ítalo M. Urrutia, Carlos J. Blondel
10.1007/s00438-023-02073-7	2023	Whole-genome sequence and mass spectrometry study of the snow blight fungus Phacidium infestans (Karsten) DSM 5139 growing at freezing temperatures	Molecular Genetics and Genomics	Chahira Zerouki, Koushik Chakraborty, Suvi Kuittinen, Ari Pappinen, Ossi Turunen
10.1016/j.jmb.2023.168162	2023	ZBTB2 is Recruited to a Specific Subset of HIF-1 Target Loci to Facilitate Full Gene Expression Under Hypoxia	Journal of Molecular Biology	Christalle C. T. Chow, Minoru Kobayashi, Gouki Kambe, Hiroshi Harada
10.1093/dnares/dsad029	2023	ZSCAN4-binding motif—TGCACAC is conserved and enriched in CA/TG microsatellites in both mouse and human genomes	DNA Research	Tomohiko Akiyama, Kei‐ichiro Ishiguro, Nana Chikazawa, Shigeru B. H. Ko, Masashi Yukawa, Minoru S.H. Ko
10.1101/2023.12.19.572383	2023	Zelda is dispensable for Drosophila melanogaster histone gene regulation	bioRxiv (Cold Spring Harbor Laboratory)	Tommy O’Haren, Tsutomu Aoki, Leila E. Rieder
10.7554/elife.90575.1.sa3	2023	eLife Assessment: Disease modeling and pharmacological rescue of autosomal dominant Retinitis Pigmentosa associated with RHO copy number variation		Kevin Eade
10.1101/2024.08.06.606862	2024	A Strain of Streptococcus mitis Inhibits Biofilm Formation of Caries Pathogens via Abundant Hydrogen Peroxide Production	bioRxiv (Cold Spring Harbor Laboratory)	Isabella Williams, Jacob S. Tuckerman, Daniel I. Peters, Madisen Bangs, Emily Williams, Iris J. Shin, Justin R. Kaspar
10.1186/s12866-024-03625-6	2024	A dispensable SepIVA orthologue in Streptomyces venezuelae is associated with polar growth and not cell division	BMC Microbiology	Beer Chakra Sen, Parminder Singh Mavi, Oihane Irazoki, Susmita R. Datta, Sebastian Kaiser, Felipe Cava, Klas Flärdh
10.12688/f1000research.144352.2	2024	A reference genome, mitochondrial genome and associated transcriptomes for the critically endangered swift parrot (Lathamus discolor)	F1000Research	Luke W. Silver, Dejan Stojanović, Katherine A. Farquharson, Lauren F. Alexander, Emma Peel, Katherine Belov, Carolyn J. Hogg
10.12688/f1000research.144352.1	2024	A reference genome, mitochondrial genome and associated transcriptomes for the critically endangered swift parrot (Lathamus discolor)	F1000Research	Luke W. Silver, Dejan Stojanović, Katherine A. Farquharson, Lauren F. Alexander, Emma Peel, Katherine Belov, Carolyn J. Hogg
10.1038/s41467-024-46728-4	2024	Aberrant non-canonical NF-κB signalling reprograms the epigenome landscape to drive oncogenic transcriptomes in multiple myeloma	Nature Communications	Daniel Aron Ang, Jean-Michel Carter, Kamalakshi Deka, Joel Heng Loong Tan, Jianbiao Zhou, Qingfeng Chen, Wee Joo Chng, Nathan Harmston, Yinghui Li
10.3389/fimmu.2024.1397072	2024	Activation of the aryl hydrocarbon receptor improves allergen-specific immunotherapy of murine allergic airway inflammation: a novel adjuvant option?	Frontiers in Immunology	Sonja Heine, Francesca Alessandrini, Johannes Grosch, Carina Graß, Alexander Heldner, Benjamin Schnautz, Johanna Grosch, Jeroen Buters, Benjamin O. Slusarenko, Daniel Krappmann, Francesca Fallarino, Caspar Ohnmacht, Carsten B. Schmidt‐Weber, Simon Blank
10.1101/2024.03.13.24303081	2024	Age-dependent somatic expansion of the ATXN3 CAG repeat in the blood and buccal cell DNA of individuals with spinocerebellar ataxia type 3	medRxiv	Ahmed M. Sidky, Ana Rosa Vieira Melo, Teresa Taylor Kay, Mafalda Raposo, Manuela Caroline Ferreira Lima, Darren G. Monckton
10.1007/s00439-024-02698-7	2024	Age-dependent somatic expansion of the ATXN3 CAG repeat in the blood and buccal swab DNA of individuals with spinocerebellar ataxia type 3/Machado-Joseph disease	Human Genetics	Ahmed M. Sidky, Ana Rosa Vieira Melo, Teresa Taylor Kay, Mafalda Raposo, Manuela Caroline Ferreira Lima, Darren G. Monckton
10.1101/2024.02.08.579428	2024	Arabidopsis GENOMES UNCOUPLED PROTEIN1 binds to plastid RNAs and promotes their maturation	bioRxiv (Cold Spring Harbor Laboratory)	Qian Tang, Duorong Xu, Benjamin Lenzen, Andreas Brachmann, Madhura M. Yapa, Paymon Doroodian, Christian Schmitz‐Linneweber, Tatsuru Masuda, Zhihua Hua, Dario Leister, Tatjana Kleine
10.1292/jvms.24-0051	2024	Association of toxin-producing Clostridioides difficile with piglet diarrhea and potential transmission to humans	Journal of Veterinary Medical Science	Kouki TAKEICHI, Akira Fukuda, Chika Shono, Noriyasu Ota, Chie Nakajima, Yasuhiko Suzuki, Masaru Usui
10.1038/s41598-024-74168-z	2024	Autophagy and inflammasome activation are associated with poor response to FLT3 inhibitors in patients with FLT3-ITD acute myeloid leukemia	Scientific Reports	BGS Macedo, Manuela Albuquerque de Melo, Diego A. Pereira‐Martins, João Agostinho Machado‐Neto, Fabı́ola Traina
10.21203/rs.3.rs-4505184/v1	2024	Autophagy and inflammasome molecular interplay and activation predict poor response to FLT3 inhibitors in patients with FLT3-ITD acute myeloid leukemia	Research Square	Brunno Gilberto Santos de Macedo, Manuela Albuquerque de Melo, Diego A. Pereira‐Martins, João Agostinho Machado‐Neto, Fabı́ola Traina
10.1101/2024.01.11.574638	2024	BATF controls IFN I production via DC-SCRIPT in plasmacytoid dendritic cells	bioRxiv (Cold Spring Harbor Laboratory)	Shafaqat Ali, Ritu Mann‐Nüttel, Marcel Marson, Ben Leiser, Jasmina Hoffe, Regine J. Dress, Mahamudul Hasan Bhuyan, Patrick Petzsch, Karl Köhrer, Haifeng C. Xu, Philipp Alexander Lang, Shengbo Zhang, Michaël Chopin, Stephen L. Nutt, Judith Alferink, Stefanie Scheu
10.1038/s41564-024-01661-6	2024	Bacteriophages avoid autoimmunity from cognate immune systems as an intrinsic part of their life cycles	Nature Microbiology	Jakob T. Rostøl, Nuria Quiles‐Puchalt, Pablo Iturbe-Sanz, Íñigo Lasa, José R. Penadés
10.1038/s44320-023-00007-4	2024	Basal MET phosphorylation is an indicator of hepatocyte dysregulation in liver disease	Molecular Systems Biology	Sebastian Burbano de Lara, Svenja Kemmer, Ina Biermayer, Svenja Feiler, Artyom Vlasov, Lorenza A. D’Alessandro, Barbara Helm, Christina Mölders, Yannik Dieter, Ahmed Ghallab, Jan Georg Hengstler, Christiane Körner, Madlen Matz‐Soja, Christina Götz, Georg Damm, Katrin Hoffmann, Daniel Seehofer, Thoma
10.1093/nargab/lqae092	2024	BioFlow-Insight: facilitating reuse of Nextflow workflows with structure reconstruction and visualization	NAR Genomics and Bioinformatics	George Marchment, Bryan Brancotte, Marie Schmit, Frédéric Lemoine, Sarah Cohen‐Boulakia
10.1038/s41598-024-67409-8	2024	BioPipeline Creator—a user-friendly Java-based GUI for managing and customizing biological data pipelines	Scientific Reports	Cléo Maia Cordeiro, Gislenne da Silva Moia, Mônica Silva de Oliveira, Lucas da Silva e Silva, Maria Paula Cruz Schneider, Sávio Souza Costa, Rafael Azevedo Baraúna, Diego Assis das Graças, Artur Silva, Adonney Allan de Oliveira Veras
10.3390/ijms252313200	2024	Biochip-Based Identification of Mycobacterial Species in Russia	International Journal of Molecular Sciences	Danila V. Zimenkov, Viacheslav Zhuravlev, Anastasia I. Ushtanit, Marina A. Filippova, Uliana Semenova, Natalia Solovieva, Maria Sviridenko, Anastasia Khakhalina, Svetlana Safonova, М. Н. Макарова, ELIZAVETA I. GORDEEVA, ELENA P. GUSELNIKOVA, Ya. Sh. Schwartz, Natalia Stavitskaya, Peter K. Yablonsky
10.1101/2024.03.16.585039	2024	Biomimetic fractal topography enhances podocyte maturation in vitro	bioRxiv (Cold Spring Harbor Laboratory)	Chuan Liu, Praful Aggarwal, Karl T. Wagner, Shira Landau, Teng Cui, Xin Song, Laleh Shamaei, Naimeh Rafatian, Yimu Zhao, Sonia Rodríguez‐Ramírez, Keith J. Morton, Elizabeth Virlee, Chen Yu Li, Dawn Bannerman, Simon Pascual‐Gil, Sargol Okhovatian, Anastasia Radisic, Sergi Clotet‐Freixas, Teodor Veres
10.1007/s12035-024-04422-y	2024	Brain Proteome Profiling Reveals Common and Divergent Signatures in Parkinson’s Disease, Multiple System Atrophy, and Progressive Supranuclear Palsy	Molecular Neurobiology	Fiona Dick, Gard Aasmund Skulstad Johanson, Ole‐Bjørn Tysnes, Guido Werner Alves, Christian Dölle, Charalampos Tzoulis
10.1101/2024.09.07.611778	2024	C7-substituted Quinolines as Potent Inhibitors of AdeG Efflux Pumps in Acinetobacter baumannii	bioRxiv (Cold Spring Harbor Laboratory)	Yiling Zhu, Charlotte K. Hind, Taha Al‐Adhami, Matthew E. Wand, Melanie Clifford, J. Mark Sutton, Khondaker Miraz Rahman
10.1016/j.isci.2024.109354	2024	Cell non-autonomous control of autophagy and metabolism by glial cells	iScience	Melissa G. Metcalf, Samira Monshietehadi, Arushi Sahay, Jenni Durieux, Ashley E. Frakes, Martina Velichkovska, Cesar G. Mena, Amelia Farinas, Melissa A Sanchez, Andrew Dillin
10.1080/1120009x.2024.2354107	2024	Co-occurrence of triple carbapenemase genes, bla VIM-2 , bla NDM-1 , and bla OXA-48 in Enterobacter hormaechei clinical isolates –first report from Croatia	Journal of Chemotherapy	Zrinka Bošnjak, Henrik Hasman, Frank Hansen, Anette Marie Hammerum, Louise Roer, Ivana Jurić, Ana Budimir
10.1038/s41587-023-02031-z	2024	Combined small-molecule treatment accelerates maturation of human pluripotent stem cell-derived neurons	Nature Biotechnology	Emiliano Hergenreder, Andrew P. Minotti, Yana Zorina, Polina Oberst, Zeping Zhao, Hermany Munguba, Elizabeth L. Calder, Arianna Baggiolini, Ryan M. Walsh, Conor M. Liston, Joshua Levitz, Ralph J. Garippa, Shuibing Chen, Gabriele Ciceri, Lorenz Studer
10.3390/microorganisms12020255	2024	Comparative Metagenomic Analysis of Bacteriophages and Prophages in Gnotobiotic Mouse Models	Microorganisms	Oluwaseun A. Ishola, Susanne Kublik, Abilash Chakravarthy Durai Raj, Caspar Ohnmacht, Stefanie Schulz, Bärbel U. Foesel, Michael Schloter
10.3389/fmicb.2024.1437572	2024	Comparative genomics between Trichomonas tenax and Trichomonas vaginalis: CAZymes and candidate virulence factors	Frontiers in Microbiology	Lenshina A. Mpeyako, Adam J. Hart, Nicholas P. Bailey, Jane M. Carlton, Bernard Henrissat, Steven A. Sullivan, Robert P. Hirt
10.1016/j.cbd.2024.101199	2024	Comparative transcriptome analysis of false codling moth, Thaumatotibia leucotreta in response to high and low-temperature treatments	Comparative Biochemistry and Physiology Part D Genomics and Proteomics	Nelson L. Mwando, Fathiya Mbarak Khamis, Shepard Ndlela, Rainer Meyhöfer, Fidelis L. O. Ombura, Mark Wamalwa, Sevgan Subramanian, Samira A. Mohamed
10.1016/b978-0-323-95502-7.00089-0	2024	Computational Tools for Structural Analysis of Proteins	Elsevier eBooks	Jan Brezovský, Aaftaab Sethi, Bartłomiej Surpeta
10.1101/2024.06.17.597714	2024	Computational pipeline for targeted integration and variable payload expression for bacteriophage engineering	bioRxiv (Cold Spring Harbor Laboratory)	Jonas Fernbach, Emese Hegedis, Martin J. Loessner, Samuel Kilcher
10.21203/rs.3.rs-4248419/v1	2024	Contrasting microbial communities drive iron cycling across global biomes	Research Square	Dimitar Z. Epihov, Casey C. Bryce
10.1007/978-1-0716-3722-7_8	2024	Cryptococcus neoformans Transcriptome Analysis to Identify Differentially Expressed Genes Using the STAR Pipeline in CyVerse Discovery Environment	Methods in molecular biology	R Seipelt
10.22207/jpam.18.3.49	2024	Culture-Independent Characterization of Citrus Rhizospheric Bacterial and Fungal Microbiota from Piura, Peru	Journal of Pure and Applied Microbiology	Manuel Saucedo-Bazalar, Estefanía Nouchi-Moromizato, Carlos Condemarín-Montealegre, Eric Mialhe
10.1093/nar/gkae765	2024	DORQ-seq: high-throughput quantification of femtomol tRNA pools by combination of cDNA hybridization and Deep sequencing	Nucleic Acids Research	Marco Kristen, Marc Lander, Lea-Marie Kilz, Lukas Gleue, Marko Jörg, Damien Brégeon, Djemel Hamdane, Virginie Marchand, Yuri Motorin, Kristina Friedland, Mark Helm
10.1016/j.dib.2024.110070	2024	Dataset from RNAseq analysis of differential gene expression among developmental stages of two non-marine ostracodes	Data in Brief	Miguel Vences, Sten Anslan, Joana Sabino‐Pinto, Mauricio Bonilla-Flores, Paula Gabriela Echeverría Galindo, Uwe John, Benneth Nass, Liseth Pérez, Michaela Preick, Liping Zhu, Antje Schwalb
10.1101/2024.05.09.591673	2024	De novo genome assembly for an endangered lemur using portable nanopore sequencing in rural Madagascar	bioRxiv (Cold Spring Harbor Laboratory)	Lindsey Hauff, Noa Elosmie Rasoanaivo, Andriamahery Razafindrakoto, Hajanirina Noëline Ravelonjanahary, Patricia Chapple Wright, Rindra Rakotoarivony, Christina M. Bergey
10.1523/jneurosci.0680-24.2024	2024	Defects in Exosome Biogenesis Are Associated with Sensorimotor Defects in Zebrafish vps4a Mutants	Journal of Neuroscience	Anna Shipman, Yan Gao, Desheng Liu, Shan Sun, Jingjing Zang, Peng Sun, Zoha Syed, Amol Bhagavathi, Eliot T. Smith, Timothy D. Erickson, Matthew J. Hill, Stephan C. F. Neuhauss, Sen‐Fang Sui, Teresa A. Nicolson
10.1101/2024.03.13.584854	2024	Defects in exosome biogenesis are associated with sensorimotor defects in zebrafish vps4a mutants	bioRxiv (Cold Spring Harbor Laboratory)	Anna Shipman, Yan Gao, Desheng Liu, Shan Sun, Jingjing Zang, Peng Sun, Zoha Syed, Amol Bhagavathi, Eliot T. Smith, Timothy D. Erickson, Matthew J. Hill, Stephan C. F. Neuhauss, Sen‐Fang Sui, Teresa A. Nicolson
10.2139/ssrn.4869370	2024	Desiccation Tolerance and Reduced Antibiotic Resistance: Key Drivers in St239-Iii to St22-Iv Mrsa Clonal Replacement at a Malaysian Teaching Hospital	SSRN Electronic Journal	Hui‐min Neoh, Nurul Amirah Mohamad Farook, Silvia Argimón, Muttaqillah Najihan Abdul Samat, Sharifah Azura Salleh, Sunita Sulaiman, Toh Leong Tan, Petrick Ramesh Periyasamy, Chee Lan Lau, Nor Azila Muhammad Azami, Raja Mohd Fadhil Raja Abd Rahman, Mia Yang Ang
10.1128/jvi.00626-24	2024	Detection of clade 2.3.4.4b highly pathogenic H5N1 influenza virus in New York City	Journal of Virology	Philip S. Meade, Pooja Bandawane, Kaitlyn Bushfield, Irene Hoxie, Karla R. Azcona, Daneidy Burgos, Sadia Choudhury, Adama Diaby, Mariama Diallo, Kailani Gaynor, Aaron Huang, Kadiatou Kante, Shehryar N. Khan, William Kim, Paul Kehinde Ajayi, Ericka Kirkpatrick Roubidoux, S. A. Nelson, Rita McMahon, R
10.1101/2024.04.04.588061	2024	Detection of clade 2.3.4.4b highly pathogenic H5N1 influenza virus in New York City	bioRxiv (Cold Spring Harbor Laboratory)	Philip S. Meade, Pooja Bandawane, Kaitlyn Bushfield, Irene Hoxie, Karla R. Azcona, Daneidy Burgos, Sadia Choudhury, Adama Diaby, Mariama Diallo, Kailani Gaynor, Aaron Huang, Kadiatou Kante, Shehryar N. Khan, William Kim, Paul Kehinde Ajayi, Ericka Kirkpatrick Roubidoux, S. A. Nelson, Rita McMahon, R
10.1038/s44321-024-00097-z	2024	DiPRO1 distinctly reprograms muscle and mesenchymal cancer cells	EMBO Molecular Medicine	Jeremy Rich, Melanie Bennaroch, Laura Notel, Polina Patalakh, Julien Alberola, Fayez Issa, Paule Opolon, Olivia Bawa, Windy Rondof, Antonin Marchais, Philippe Dessen, Guillaume Meurice, Morgane Le Gall, Mélanie Polrot, Karine Ser‐Le Roux, Kamel Mamchaoui, Nathalie M Droin, Hana Raslová, Pascal Maire
10.21203/rs.3.rs-4100550/v1	2024	Direct transdifferentiation of tumorigenic melanoma cells induces tumor cell reversion	Research Square	Jochen Sven Utikal, Yiman Wang, Ke Liu, Daniel Novak, Aniello Federico, Cai Xu, Sandra Horschitz, Marlene Vierthaler, Qian Sun, Nina Wang, Juliane Poelchen, Tamara Steinfass, Laura Hüser, Moritz Mall, Viktor Umansky
10.1007/978-1-0716-4152-1_7	2024	Discovering Novel Proteoforms Using Proteogenomic Workflows Within the Galaxy Bioinformatics Platform	Methods in molecular biology	Praveen Kumar Issac, James E. Johnson, Thomas F. McGowan, Matthew Chambers, Mohammad Heydarian, Subina Mehta, Caleb Easterly, Timothy J. Griffin, Pratik Jagtap
10.1186/s12870-024-05473-y	2024	Discovery of a conserved translationally repressive upstream open reading frame within the iron-deficiency response regulator IDEF2	BMC Plant Biology	Oscar Carey-Fung, Jesse T. Beasley, Ronan C. Broad, Roger P. Hellens, Alexander A. T. Johnson
10.7554/elife.90575.2	2024	Disease modeling and pharmacological rescue of autosomal dominant Retinitis Pigmentosa associated with RHO copy number variation	eLife	Sangeetha Kandoi, Cassandra Martinez, Kevin Xu Chen, L Vinod K. Reddy, Miika M. Mehine, Brian C. Mansfield, Jacque L. Duncan, Deepak A. Lamba
10.7554/elife.90575.3	2024	Disease modeling and pharmacological rescue of autosomal dominant retinitis pigmentosa associated with RHO copy number variation	eLife	Sangeetha Kandoi, Cassandra Martinez, Kevin Xu Chen, Miika M. Mehine, L Vinod K. Reddy, Brian C. Mansfield, Jacque L. Duncan, Deepak A. Lamba
10.1111/pce.15227	2024	Division Zone Activity Determines the Potential of Drought‐Stressed Maize Leaves to Resume Growth after Rehydration	Plant Cell & Environment	Tom Van Hautegem, Hironori Takasaki, Christian Damian Lorenzo, Kirin Demuynck, Hannes Claeys, Timothy Villers, Heike Sprenger, Kévin Debray, Dries Schaumont, Lennart Verbraeken, Julie Pevernagie, Julie Merchie, Bernard Cannoot, Stijn Aesaert, Griet Coussens, Kazuko Yamaguchi‐Shinozaki, Michael L. Nu
10.1016/j.cbpb.2024.110952	2024	Dramatic genome-wide reprogramming of mRNA in hypometabolic muscle	Comparative Biochemistry and Physiology Part B Biochemistry and Molecular Biology	Nicholas James Hudson, Rebecca L. Cramp, Craig E. Franklin
10.21203/rs.3.rs-4032669/v1	2024	Dynamic evolution of nitrogen cycle and pH homeostasis genes enabled the diversification of Pampinifervens gen. nov. (Aquificaceae)	Research Square	Marike Palmer, Nancy O. Nou, Lara A Turello, Carolyn E. Power, John C. Ong, Dengxun Lai, Anna‐Louise Reysenbach, Yan-Ling Qi, Jeremy A. Dodsworth, Jian‐Yu Jiao, Lan Liu, Zheng‐Han Lian, Mengmeng Li, Yitai Liu, Brandon R. Briggs, Hongyan Zuo, Stephen R. Quake, Emiley A. Eloe‐Fadrosh, Tanja Woyke, Hai
10.1002/cne.25648	2024	Emergence of the ZNF675 Gene During Primate Evolution–Influenced Human Neurodevelopment Through Changing HES1 Autoregulation	The Journal of Comparative Neurology	Gerrald A. Lodewijk, Matthijs de Geus, Rita L. F. P. Guimarães, Frank M. J. Jacobs
10.1038/s41598-024-53864-w	2024	Engineered ice-binding protein (FfIBP) shows increased stability and resistance to thermal and chemical denaturation compared to the wildtype	Scientific Reports	Yewon Nam, Dieu Linh Nguyen, Trang Hoang, Bogeun Kim, Jun Hyuck Lee, Hackwon Do
10.1073/pnas.2319436121	2024	Enhanced weathering in the US Corn Belt delivers carbon removal with agronomic benefits	Proceedings of the National Academy of Sciences	David J. Beerling, Dimitar Z. Epihov, I. B. Kantola, Michael D. Masters, Tom Reershemius, Noah J. Planavsky, Christopher T. Reinhard, Jacob S. Jordan, Sarah J. Thorne, James M. Weber, Maria Val Martin, Robert P. Freckleton, Sue E. Hartley, Rachael H. James, Christopher R. Pearce, Evan H. DeLucia, St
10.7554/elife.95185.2	2024	Evaluation of Gremlin-1 as a therapeutic target in metabolic dysfunction-associated steatohepatitis	eLife	Paul M. Horn, Jenny Egecioglu Norlin, Kasper Almholt, Birgitte Martine Viuff, Elisabeth Douglas Galsgaard, Andreas Hald, Franziska Zosel, Helle Demuth, Svend Poulsen, Peder Lisby Nørby, Morten Grønbech Rasch, Mogens Vyberg, Jan Fleckner, Mikkel Parsberg Werge, Lise Lotte Gluud, Marco R Rink, Emma L.
10.7554/elife.95185	2024	Evaluation of Gremlin-1 as a therapeutic target in metabolic dysfunction-associated steatohepatitis	eLife	Paul M. Horn, Jenny Egecioglu Norlin, Kasper Almholt, Birgitte Martine Viuff, Elisabeth Douglas Galsgaard, Andreas Hald, Franziska Zosel, Helle Demuth, Svend Poulsen, Peder Lisby Nørby, Morten Grønbech Rasch, Mogens Vyberg, Jan Fleckner, Mikkel Parsberg Werge, Lise Lotte Gluud, Marco R Rink, Emma L.
10.1101/2024.01.03.574043	2024	Evaluation of Gremlin-1 as a therapeutic target in metabolic dysfunction-associated steatohepatitis	bioRxiv (Cold Spring Harbor Laboratory)	Paul M. Horn, Jenny Egecioglu Norlin, Kasper Almholt, Birgitte Martine Viuff, Elisabeth Douglas Galsgaard, Andreas Hald, Franziska Zosel, Helle Demuth, Svend Poulsen, Peder Lisby Nørby, Morten Grønbech Rasch, Mogens Vyberg, Mikkel Parsberg Werge, Lise Lotte Gluud, Marco R Rink, Emma L. Shepherd, Ell
10.7554/elife.95185.1	2024	Evaluation of Gremlin-1 as a therapeutic target in metabolic dysfunction-associated steatohepatitis	eLife	Paul M. Horn, Jenny Egecioglu Norlin, Kasper Almholt, Birgitte Martine Viuff, Elisabeth Douglas Galsgaard, Andreas Hald, Franziska Zosel, Helle Demuth, Svend Poulsen, Peder Lisby Nørby, Morten Grønbech Rasch, Mogens Vyberg, Mikkel Parsberg Werge, Lise Lotte Gluud, Marco R Rink, Emma L. Shepherd, Ell
10.1128/mbio.01059-24	2024	Evidence for phosphate-dependent control of symbiont cell division in the model anemone Exaiptasia diaphana	mBio	Nathan G. Faulstich, Alexis R. Deloach, Ykok B. Ksor, Gabriel H. Mesa, Daiven S. Sharma, Sebastian L. Sisk, Geoffrey C. Mitchell
10.1111/mec.17548	2024	Evolution and Plasticity of Gene Expression Under Progressive Warming in Drosophila subobscura	Molecular Ecology	Marta A. Antunes, Marta A. Santos, Ana S. Quina, Mauro Santos, Margarida Matos, Pedro Simões
10.22541/au.170670608.85965223/v1	2024	Evolutionary analysis of THAP9 transposase: conserved regions, novel motifs		Richa Rashmi, Chandan Nandi, Sharmistha Majumdar
10.1093/bioinformatics/btae464	2024	FAIRsoft—a practical implementation of FAIR principles for research software	Bioinformatics	Eva Martín del Pico, Josep Lluis Gelpí, Salvador Capella-Gutiérrez
10.1556/030.2024.02201	2024	First detection of a cefiderocol-resistant and extensively drug-resistant Acinetobacter baumannii clinical isolate in Bulgaria	Acta Microbiologica et Immunologica Hungarica	Tanya Strateva, Slavil Peykov
10.1016/j.xplc.2024.101069	2024	GENOMES UNCOUPLED PROTEIN1 binds to plastid RNAs and promotes their maturation	Plant Communications	Qian Tang, Duorong Xu, Benjamin Lenzen, Andreas Brachmann, Madhura M. Yapa, Paymon Doroodian, Christian Schmitz‐Linneweber, Tatsuru Masuda, Zhihua Hua, Dario Leister, Tatjana Kleine
10.1016/b978-0-323-95502-7.00138-x	2024	Genome Alignment	Elsevier eBooks	Tetsushi Yada
10.1128/mra.00883-24	2024	Genome assembly and annotation of microalga Nannochloropsis oceanica C018	Microbiology Resource Announcements	Adrián A. Estrada-Graf, Hari Koneru, Jason W. Arnold, Sara Calhoun, Igor V. Grigoriev, Zackary I. Johnson
10.1016/j.ygeno.2024.110868	2024	Genome-wide sequence divergence of satellite DNA could underlie meiotic failure in male hybrids of bighead catfish and North African catfish (Clarias, Clariidae)	Genomics	Artem Lisachov, Thitipong Panthum, Dmitrij Dedukh, Worapong Singchat, Syed Farhan Ahmad, Pish Wattanadilokcahtkun, Thanyapat Thong, Phanitada Srikampa, Kantika Noito, Ryan Rasoarahona, Ekaphan Kraichak, Narongrit Muangmai, Satid Chatchaiphan, Kednapat Sriphairoj, Sittichai Hatachote, Aingorn Chaiyes
10.3390/pathogens13100908	2024	Genomic Analysis of Aeromonas salmonicida ssp. salmonicida Isolates Collected During Multiple Clinical Outbreaks Supports Association with a Single Epidemiological Unit	Pathogens	Konrad Wojnarowski, Paulina Cholewińska, Peter Steinbauer, Tobias Lautwein, Wanvisa Hussein, Lisa-Marie Streb, Dušan Palić
10.1007/s42770-024-01324-y	2024	Genomic and physiological characterization of Kitasatospora sp. nov., an actinobacterium with potential for biotechnological application isolated from Cerrado soil	Brazilian Journal of Microbiology	I. C. Cunha-Ferreira, Carla Simone Vizzotto, Morgana Andrade Freitas, Julianna Peixoto, Lucas Silva Carvalho, Marcos Rogério Tótola, Fabiano Lopes Thompson, Ricardo Henrique Krüger
10.1007/s42770-024-01566-w	2024	Genomic and taxonomic characterization of the Comamonas sp. nov., a bacterium isolated from Brazilian Cerrado soil	Brazilian Journal of Microbiology	Tayná Diniz Frederico, I. C. Cunha-Ferreira, Carla Simone Vizzotto, Jéssica Fernandes de Sousa, M. M. Portugal, Marcos Rogério Tótola, Ricardo Henrique Krüger, Julianna Peixoto
10.12688/f1000research.145788.1	2024	Genomic and transcriptomic resources for the brown thornbill (Acanthiza pusilla) to support the conservation of a critically endangered subspecies	F1000Research	Luke W. Silver, Ross Crates, Dejan Stojanović, Catherine Young, Katherine Belov, Katherine A. Farquharson, Robert Heinsohn, Carolyn J. Hogg
10.1556/030.2024.02331	2024	Genomic characterization of an uncommon Delftia acidovorans isolate obtained from a Bulgarian immunocompetent outpatient diagnosed with bronchitis	Acta Microbiologica et Immunologica Hungarica	Slavil Peykov, Raina Tzvetanova Gergova, Svetlana Atanasova, Svetoslav Dimov, Tanya Strateva
10.1556/030.2024.02309	2024	Genomic insights into NDM-1-producing Pseudomonas aeruginosa: Current status in a Bulgarian tertiary hospital and on the Balkans	Acta Microbiologica et Immunologica Hungarica	Tanya Strateva, Emma E. Keuleyan, Slavil Peykov
10.1002/ece3.10931	2024	Geomicrobiological characterization of the evaporitic ecosystem in the hypersaline lake Laguna Verde (Andean Puna, Northwestern Argentina)	Ecology and Evolution	Luis Alberto Saona, Patricio Guillermo Villafañe, Daniel G. Carrizo, C. Cónsole Gonella, Roberto F. Nespolo, Marı́a Eugenia Farı́as
10.1007/s12041-024-01481-x	2024	Germline genetic variants in a case of familial cancer: RAD51D and four other co-segregated variants	Journal of Genetics	Shristi Biswas, Swati C. Manekar, Shehnaz Kantharia, Sonal Rajiv Bakshi
10.1101/2024.02.16.580519	2024	H-NS is a bacterial transposon capture protein	bioRxiv (Cold Spring Harbor Laboratory)	Charles Cooper, Simon Legood, Rachel L. Wheat, David Forrest, Prateek Sharma, James R. J. Haycocks, David C. Grainger
10.1094/phyto-05-24-0154-r	2024	High Genetic Diversity and Limited Regional Population Differentiation in Populations of Calonectria pseudoreteaudii from Eucalyptus Plantations	Phytopathology	Wenwen Li, FeiFei Liu, ShuaiFei Chen, Michael J. Wingfield, Tuan A. Duong
10.1002/mbo3.70000	2024	High‐quality genome of a novel Thermosynechococcaceae species from Namibia and characterization of its protein expression patterns at elevated temperatures	MicrobiologyOpen	Nathanael David Arnold, Michael Paper, Tobias Andreas Fuchs, Nadim Ahmad, Patrick Jung, Michael Lakatos, Katia Rodewald, Bernhard Rieger, Farah Qoura, Martha Kandawa‐Schulz, Norbert Mehlmer, Thomas Brück
10.1101/2024.08.12.607623	2024	Human MeCP2 binds to promoters and inhibits transcription in an unmethylated S. cerevisiae genome	bioRxiv (Cold Spring Harbor Laboratory)	LeAnn J. Howe, Joshua A.R. Brown, Juan Ausió, Maggie Y.M. Ling
10.1002/ijc.35134	2024	Identification of epigenetic modifiers essential for growth and survival of AML1 / ETO ‐positive leukemia	International Journal of Cancer	Jesús Duque‐Afonso, Pia Veratti, Usama‐Ur Rehman, Heike Herzog, Jan Mitschke, Gabriele Greve, Julian Eble, Bettina Berberich, Johanna M. Thomas, Milena Pantić, Miguel Waterhouse, Gaia Gentile, Olaf T Heidenreich, Cornelius Miething, Michael Lübbert
10.21203/rs.3.rs-4157821/v1	2024	Impact of Bikinin on Brassinosteroid Signaling Pathway and its Influence on Barley Development	Research Square	Jolanta Groszyk, Mateusz Przyborowski
10.1016/j.engmic.2024.100163	2024	Impact of Paenibacillus elgii supernatant on screening bacterial strains with potential for biotechnological applications	Engineering Microbiology	I. C. Cunha-Ferreira, Carla Simone Vizzotto, Tayná Diniz Frederico, Julianna Peixoto, L. S Carvalho, Marcos Rogério Tótola, Ricardo Henrique Krüger
10.1038/s41388-023-02926-w	2024	Inhibition of the YAP-MMB interaction and targeting NEK2 as potential therapeutic strategies for YAP-driven cancers	Oncogene	Marco Jessen, Dörthe Gertzmann, Franziska Liss, Franziska Zenk, Laura Bähner, Victoria Schöffler, Clemens Schulte, Hans Michael Maric, Carsten Patrick Ade, Björn von Eyß, Stefan Gaubatz
10.1093/sumbio/qvae028	2024	Isolation and characterisation of novel lytic bacteriophages for therapeutic applications in biofilm-associated prosthetic joint infections	Sustainable Microbiology	Nathan Burton, Luís D. R. Melo, Michaël F D Tadesse, Bethany Pearce, Evangelos Vryonis, Antonia P. Sagona
10.1101/2024.06.17.598603	2024	Manipulation of Photosensory and Circadian Signalling Restricts Developmental Plasticity in Arabidopsis	bioRxiv (Cold Spring Harbor Laboratory)	Martin William Battle, Scott Fraser Ewing, Cathryn A. Dickson, Joseph Obaje, Kristen N. Edgeworth, Rebecca K. Bindbeutel, Rea L. Antoniou-Kourounioti, Dmitri A. Nusinow, Matthew Alan Jones
10.1016/j.molp.2024.07.007	2024	Manipulation of photosensory and circadian signaling restricts phenotypic plasticity in response to changing environmental conditions in Arabidopsis	Molecular Plant	Martin William Battle, Scott Fraser Ewing, Cathryn A. Dickson, Joseph Obaje, Kristen N. Edgeworth, Rebecca K. Bindbeutel, Rea L. Antoniou-Kourounioti, Dmitri A. Nusinow, Matthew Alan Jones
10.1101/2024.06.11.598564	2024	Mechanism of an animal toxin-antidote system	bioRxiv (Cold Spring Harbor Laboratory)	Lews Caro, Aguan Daniel Wei, Christopher Alex Thomas, Galen Posch, Ahmet Uremis, Michaela C. Franzi, Sarah J. Abell, Andrew H. Laszlo, Jens H. Gundlach, Jan‐Marino Ramirez, Michael Ailion
10.1016/b978-0-323-95502-7.00110-x	2024	Metabolome Analysis	Elsevier eBooks	Héber Dias de Oliveira, Saravanan Dayalan, Zhiqiang Pang, Jianguo Xia, Rachel Spicer, Reza M. Salek, Ute Roessner
10.1128/mra.00386-24	2024	Metagenome-assembled genomes of an acid-tolerant nitrifying bacterial community isolated from a bioreactor used in ammonium scrubbers at animal-rearing facilities	Microbiology Resource Announcements	Viola A. Manning, Phillip A. Moore, Kristin M. Trippe
10.1101/2024.03.04.583280	2024	Microbe tree metabolite interactions in the soil - phyllosphere continuum of poplar tree: when microbes rewire poplar root exudate and metabolome	bioRxiv (Cold Spring Harbor Laboratory)	F. Fracchia, Frédéric Guinet, Nancy L. Engle, Timothy James Tschaplinski, Claire Veneault‐Fourrey, Aurélie Deveau
10.1186/s40168-024-01888-9	2024	Microbial colonisation rewires the composition and content of poplar root exudates, root and shoot metabolomes	Microbiome	F. Fracchia, Frédéric Guinet, Nancy L. Engle, Timothy James Tschaplinski, Claire Veneault‐Fourrey, Aurélie Deveau
10.21203/rs.3.rs-3002014/v2	2024	Molecular Similarities Between Trypanosoma Cruzi Microtubule Associated Proteins, Mammalian Interferons, and TRIM Genes	Research Square	Alfred A. Pan, Martin A. Winkler
10.1101/2024.07.22.604496	2024	Molecular and structural innovations of the stator motor complex at the dawn of flagellar motility	bioRxiv (Cold Spring Harbor Laboratory)	Caroline Puente-Lelièvre, Pietro Ridone, Jordan Douglas, Kaustubh Amritkar, Betül Kaçar, Matthew A. B. Baker, Nicholas Joseph Matzke
10.21203/rs.3.rs-4267184/v1	2024	Molecular similarities between the genes for Trypanosoma cruzi microtubule associated proteins, mammalian interferons, and TRIMs	Research Square	Martin A. Winkler, Alfred A. Pan
10.1007/s00436-024-08329-4	2024	Molecular similarities between the genes for Trypanosoma cruzi microtubule-associated proteins, mammalian interferons, and TRIMs	Parasitology Research	Martin A. Winkler, Alfred A. Pan
10.1038/s41565-024-01668-4	2024	Nanoparticles for inducing Gaucher disease-like damage in cancer cells	Nature Nanotechnology	Chunyan Yue, Wenjing Lu, Shuxin Fan, Zhusheng Huang, Jiaying Yang, Hong Ying Dong, Xiaojun Zhang, Yuxin Shang, Wenjia Lai, Dandan Li, Tiejun Dong, Ahu Yuan, Jinhui Wu, Lifeng Kang, Yiqiao Hu
10.1101/2024.05.23.595501	2024	Navigating directed evolution efficiently: optimizing selection conditions and selection output analysis	bioRxiv (Cold Spring Harbor Laboratory)	Paola Handal-Marquez, Hoai Viet Nguyen, Vitor Bernardes Pinheiro
10.1038/s41592-023-02145-x	2024	Neurodesk: an accessible, flexible and portable data analysis environment for reproducible neuroimaging	Nature Methods	Angela Renton, Thuy Thanh Dao, Tom Johnstone, Oren Civier, Ryan P. Sullivan, David White, Paris Lyons, Benjamin Slade, David F. Abbott, Toluwani Joan Amos, Saskia Bollmann, Saskia Bollmann, Andy Botting, Megan E. J. Campbell, Jeryn Chang, Thomas Close, Monika Dörig, Korbinian Eckstein, Gary F. Egan,
10.1016/j.bbadis.2024.167309	2024	Next generation sequencing identifies WNT signalling as a significant pathway in Autosomal Recessive Polycystic Kidney Disease (ARPKD) manifestation and may be linked to disease severity	Biochimica et Biophysica Acta (BBA) - Molecular Basis of Disease	Taylor Richards, Patricia D. Wilson, Paraskevi Goggolidou
10.1038/s41598-024-57330-5	2024	Non-canonical RNA substrates of Drosha lack many of the conserved features found in primary microRNA stem-loops	Scientific Reports	Karen Gu, Lawrence Mok, Matthew J. Wakefield, Mark M. W. Chong
10.1038/s41556-024-01494-9	2024	Noncanonical inheritance of phenotypic information by protein amyloids	Nature Cell Biology	Matthew Eroglu, Tanner Zocher, Jacob McAuley, Rachel Webster, Maggie Z. X. Xiao, Bin Yu, Calvin A. Mok, W. Brent Derry
10.1038/s41586-024-07471-4	2024	Nuclear position and local acetyl-CoA production regulate chromatin state	Nature	Philipp Willnow, Aurelio A. Teleman
10.1016/j.cell.2024.11.026	2024	Perception of a pathogenic signature initiates intergenerational protection	Cell	Corinne L. Pender, Julian G. Dishart, Holly K. Gildea, Kelsie M. Nauta, Emily M Page, Talha F Siddiqi, Shannon S. Cheung, Larry K. Joe, Nicholas O. Burton, Andrew Dillin
10.1111/mec.17610	2024	Phylosymbiosis and Elevated Cancer Risk in Genetically Depauperate Channel Island Foxes	Molecular Ecology	Alexandra L. DeCandia, Jasmine Lu, Emily E. Hamblen, Lara J. Brenner, Julie L. King, Calypso N. Gagorik, Juliann Schamel, Stacy Baker, Francesca J. Ferrara, Melissa Booker, Andrew A. Bridges, C. Humberto Carrasco, Bridgett M. vonHoldt, Klaus‐Peter Koepfli, Jesús Eduardo Maldonado
10.2139/ssrn.4837256	2024	Physiological and Molecular Response to Drought in Somatic Plants from Pinus Radiata Embryonal Masses Induced at High Temperatures	SSRN Electronic Journal	Paloma Moncaleán, Mikel Hurtado, Ander Castander-Olarieta, Sonia Suárez-Álvarez, Itziar  Aurora Montalbán, Pablo Goicoetxea, Unai López de Heredia, Daniel Merino
10.1113/jp284805	2024	Piezo1 stretch‐activated channel activity differs between murine bone marrow‐derived and cardiac tissue‐resident macrophages	The Journal of Physiology	Ana Simón-Chica, Alexander Klesen, Ramona Emig, Andy Chan, Joachim Greiner, Dominic Grün, Achim Lother, Ingo Hilgendorf, Eva A. Rog‐Zielinska, Ursula Ravens, Peter Karl Kohl, Franziska Schneider‐Warme, Rémi Peyronnet
10.1038/s41586-024-07671-y	2024	Plasmacytoid dendritic cells control homeostasis of megakaryopoiesis	Nature	Florian Christoph Gaertner, Hellen Cristina Ishikawa-Ankerhold, Susanne Stutte, Wenwen Fu, Jutta Weitz, Anne Dueck, Bhavishya Nelakuditi, Valeria Fumagalli, Dominic van den Heuvel, Larissa Belz, Gulnoza Sobirova, Zhe Zhang, Anna Titova, Alejandro Martinez-Navarro, Kami Pekayvaz, Michael C. Lorenz, L
10.1093/bioinformatics/btae184	2024	Prioritization of oligogenic variant combinations in whole exomes	Bioinformatics	Barbara Gravel, Alexandre Renaux, Sofia Papadimitriou, Guillaume Smits, Ann Nowé, Tom Lenaerts
10.1038/s41467-024-44689-2	2024	Prostaglandin E2 controls the metabolic adaptation of T cells to the intestinal microenvironment	Nature Communications	Matteo Villa, David E. Sanin, Petya Apostolova, Mauro Corrado, Agnieszka Martyna Kabat, Carmine Cristinzio, Annamaria Regina, Gustavo Ezequiel Carrizo, Nisha Rana, Michal A. Stanczak, Francesc Baixauli, Katarzyna M. Grzes, Jovana Cupovic, Francesca Solagna, Alexandra Hackl, Anna-Maria Globig, Fabian
10.1038/s42255-024-01114-8	2024	Regulated and adaptive in vivo insulin secretion from islets only containing β-cells	Nature Metabolism	Marta Perez-Frances, Eva Bru-Tarí, Christian M. Cohrs, Maria Valentina Abate, Léon van Gurp, Kenichiro Furuyama, Stephan Speier, Fabrizio Thorel, Pedro Luis Herrera
10.1093/g3journal/jkae132	2024	Regulation of thiamine and pyruvate decarboxylase genes by Pdc2 in Nakaseomyces glabratus (Candida glabrata) is complex	G3 Genes Genomes Genetics	Cory A. Dottor, Christine L. Iosue, Anita M Loshnowsky, Rachael A. Hopkins, Peyton Stauffer, Julia Ugras, Jack C Spagnuola, Daniel Adam Kraut, Dennis D. Wykoff
10.1172/jci.insight.176281	2024	Right ventricular cardiomyocyte expansion accompanies cardiac regeneration in newborn mice after large left ventricular infarcts	JCI Insight	Tianyuan Hu, Mona Malek Mohammadi, Fabian Ebach, Michael Hesse, Michael I. Kotlikoff, Bernd K. Fleischmann
10.1101/2024.04.22.590554	2024	SETDB1 activity is globally directed by H3K14 acetylation via its Triple Tudor Domain	bioRxiv (Cold Spring Harbor Laboratory)	T. Chandrasekaran, Michel Choudalakis, Alexander Bröhm, Sara Weirich, Alexandra G. Kouroukli, Ole Ammerpohl, Philipp Rathert, Pavel Bashtrykov, Albert Jeltsch
10.26508/lsa.202302545	2024	SLMAP3 is essential for neurulation through mechanisms involving cytoskeletal elements, ABP, and PCP	Life Science Alliance	Taha Rehmani, Ana Paula Dias, Billi Dawn Applin, Maysoon Salih, Balwant S. Tuana
10.1016/j.micinf.2024.105429	2024	Screening and in silico characterization of prophages in Helicobacter pylori clinical strains	Microbes and Infection	Rute Ferreira, Graça Pinto, Eva Presa, Mónica Oleastro, Catarina Silva, Luís M. Vieira, Cláudia Sousa, Diana Priscila Pires, Céu Figueiredo, Luís D. R. Melo
10.1128/mra.00777-24	2024	Sequencing of historic samples provides complete coding sequences of chicken calicivirus from the United States	Microbiology Resource Announcements	Iryna V. Goraichuk, James F. Davis, Claudio L. Afonso, David L. Suarez
10.1002/ppp3.10534	2024	Shifts in plant functional trait dynamics in relation to soil microbiome in modern and wild barley	Plants People Planet	Amit Kumar, Olga Kuznetsova, Silvia Gschwendtner, Hao Chen, Inés M. Alonso‐Crespo, Mohammad Yusuf, Stefanie Schulz, Michael Bonkowski, Michael Schloter, Vicky M. Temperton
10.1038/s41597-023-02878-6	2024	Single molecule real-time sequencing data sets of Hypericum perforatum L. plantlets and cell suspension cultures	Scientific Data	Rajendran Kamalabai Selvakesavan, Maria Nuc, Vladislav Kolarčík, Paweł Krajewski, Gregory Franklin
10.1172/jci177270	2024	Somatic structural variants drive distinct modes of oncogenesis in melanoma	Journal of Clinical Investigation	Jake R. Conway, Riaz Gillani, Jett P. Crowdis, Brendan Michael Reardon, Jihye Park, Seunghun Han, Breanna M. Titchen, Mouadh Benamar, Rizwan Ul Haq, Eliezer M. Van Allen
10.1371/journal.pbio.3002555	2024	Specification of distinct cell types in a sensory-adhesive organ important for metamorphosis in tunicate larvae	PLoS Biology	Christopher Jay Johnson, Florian Razy‐Krajka, Fan Zeng, Katarzyna M. Piekarz, Shweta Biliya, Ute Rothbächer, Alberto Stolfi
10.1038/s41467-024-52319-0	2024	Stress increases sperm respiration and motility in mice and men	Nature Communications	Nickole Moon, Christopher P. Morgan, Ruth Marx-Rattner, A. Y. Jeng, Rachel L. Johnson, Ijeoma Chikezie, Carmen A. Mannella, Mary Dupuis Sammel, Cynthia Neill Epperson, Tracy L. Bale
10.1111/nph.20072	2024	Strigolactone signalling inhibits trehalose 6‐phosphate signalling independently of BRC1 to suppress shoot branching	New Phytologist	Franziska Fichtner, Jazmine L. Humphreys, François F. Barbier, Regina Feil, Philipp Westhoff, Anna Moseler, John Edward Lunn, Steven M. Smith, Christine Anne Beveridge
10.1101/2024.11.05.622145	2024	Structure-informed mutagenesis identifies a conserved region critical for mouse insulin receptor 5’UTR IRES function	bioRxiv (Cold Spring Harbor Laboratory)	William B. Dahl, Tammy C. T. Lan, Silvi Rouskin, Michael T. Marr
10.1101/2024.02.05.578926	2024	TAF2 condensation in nuclear speckles links basal transcription factor TFIID to RNA splicing	bioRxiv (Cold Spring Harbor Laboratory)	Tanja Bhuiyan, Paulina Karen Mendoza Sanchez, Niccolò Arecco, Juhyeong Kim, Sheikh Nizamuddin, Andrea Prunotto, Mehmet Tekman, Martin Lothar Biniossek, Stefanie Koidl, Thorsten Hugel, Sebastian J. Arnold
10.1101/2024.10.31.621362	2024	TET1 Functions as a Tumor Suppressor in Lung Adenocarcinoma Through Epigenetic Remodeling and Immune Modulation	bioRxiv (Cold Spring Harbor Laboratory)	Abdur Rahim, Brian L. Ruis, Andrew T. Rajczewski, Monica Kruk, Natalia Y. Tretyakova
10.1038/s41467-024-46870-z	2024	Tgfbr1 controls developmental plasticity between the hindlimb and external genitalia by remodeling their regulatory landscape	Nature Communications	Anastasiia Lozovska, Artemis G. Korovesi, André Dias, Alexandre de Oliveira Lopes, Donald A. Fowler, Gabriel G. Martins, Ana Nóvoa, Moisés Mallo
10.1101/2024.02.12.579820	2024	The ChAHP chromatin remodelling complex regulates neurodevelopmental disorder risk genes to scale the production of neocortical layers	bioRxiv (Cold Spring Harbor Laboratory)	Samuel Clémot-Dupont, José Alex Lourenço Fernandes, Sarah Larrigan, Xiaoqi Sun, Suma Medisetti, Rory Stanley, Ziyad El Hankouri, Shrilaxmi V. Joshi, David J. Picketts, Karthik Shekhar, Pierre A. Mattar
10.3390/nu16070942	2024	The Human Gut and Dietary Salt: The Bacteroides/Prevotella Ratio as a Potential Marker of Sodium Intake and Beyond	Nutrients	Omololu Fagunwa, Kirsty Davies, Jane Bradbury
10.3390/ijms251910434	2024	The Intriguing Pattern of Nontuberculous Mycobacteria in Bulgaria and Description of Mycobacterium bulgaricum sp. nov.	International Journal of Molecular Sciences	Danila V. Zimenkov, Yuliana Atanasova, Anastasia I. Ushtanit, Stanislava Yordanova, Ana Baykova, Marina A. Filippova, Uliana Semenova, Igor V. Mokrousov, Elizabeta Bachiyska
10.1111/pce.15179	2024	The Negative Impact of Prolonged Desiccation on the Recovery of Selaginella bryopteris: Insights Into Autophagy and Cellular Protection Strategies	Plant Cell & Environment	Jismon Jose, Lakhani Amiben, Bala Prabhakar Girish, Kakali Sen, T. N. V. K. V. Prasad, Sujit Roy, Swarup Roy Choudhury
10.1038/s41598-024-67242-z	2024	The Ty1 retrotransposon harbors a DNA region that performs dual functions as both a gene silencing and chromatin insulator	Scientific Reports	Hiroshi Masumoto, Hideki Muto, Koichi Yano, Yohei Kurosaki, Hironori Niki
10.2139/ssrn.4891037	2024	The Unique Specialization of Olfaction in the Senegalese Sole (Solea Senegalensis). Smelling in Co2 Acidified Water Triggers Nostril Specific Immune Processes	SSRN Electronic Journal	Rita Alves Costa, Peter Colin Hubbard, Manuel Manchado, Deborah Mary Power, Zélia Velez
10.3389/fnmol.2024.1341808	2024	The altered TBI fecal microbiome is stable and functionally distinct	Frontiers in Molecular Neuroscience	Richard B. Pyles, Aaron L. Miller, Randall J. Urban, Melinda Sheffield‐Moore, Traver J. Wright, Carrie Ann Maxwell, Kathleen M. Randolph, Christopher P. Danesi, Kristen A. McGovern, J. Vargas, Peyton A. Armstrong, Lisa A. Kreber, Giuliana Cumpa, Kevin J. Randall, Melissa A. Morrison, Brent E. Masel
10.1016/j.cell.2024.05.057	2024	The extracellular matrix integrates mitochondrial homeostasis	Cell	Hanlin Zhang, C. Kimberly Tsui, Gilberto Garcia, Larry K. Joe, Haolun Wu, Ayane Maruichi, Wudi Fan, Sentibel Pandovski, Peter H. Yoon, Brant Michael Webster, Jenni Durieux, Phillip Andrew Frankino, Ryo Higuchi‐Sanabria, Andrew Dillin
10.1101/2024.11.15.623813	2024	The genome assembly of the westslope cutthroat trout, Oncorhynchus lewisi , reveals interspecific chromosomal rearrangements with the rainbow trout	bioRxiv (Cold Spring Harbor Laboratory)	Anne‐Marie Flores, Kris A. Christensen, Theresa Godin, Yniv Palti, Matthew R. Campbell, Geoffrey C. Waldbieser, Sheron Simpson, Brian E. Scheffler, Seth R. Smith, Andrew R. Whiteley, Ryan P. Kovach, Gordon Luikart, Matthew Boyer, Marty D. Kardos, Scott Relyea, Craig D. Wells, Ben F. Koop, Ben F. Koo
10.1038/s41586-024-07142-4	2024	The hyphal-specific toxin candidalysin promotes fungal gut commensalism	Nature	Shen-Huan Liang, Shabnam Sircaik, Joseph P. Dainis, Pallavi Kakade, Swathi Penumutchu, Liam D. McDonough, Ying-Han Chen, Corey Frazer, Tim Bastian Schille, Stefanie Allert, Osama Elshafee, Maria Hänel, Selene Mogavero, Shipra Vaishnava, Ken Cadwell, Peter A. Belenky, J. Christian Pérez, Bernhard Hub
10.1101/2024.08.29.610239	2024	The lincRNA Pantr1 is a FOXG1 target gene conferring site-specific chromatin binding of FOXG1	bioRxiv (Cold Spring Harbor Laboratory)	Fabian Gather, Tudor Rauleac, Ipek Akol, Ganeshkumar Arumugam, Camila L. Fullio, Teresa Müller, Dimitrios Kleidonas, André Fischer, Andreas Vlachos, Rolf Backofen, Tanja Vogel
10.1093/plphys/kiae503	2024	The nuclear exosome subunit HEN2 acts independently of the core exosome to assist transcription in Arabidopsis	PLANT PHYSIOLOGY	Susheel Sagar Bhat, M. Asgari, Sarah Mermet, Priyanka Mishra, Peter Kindgren
10.1093/femsec/fiae088	2024	The rhizosphere microbiome of 51 potato cultivars with diverse plant growth characteristics	FEMS Microbiology Ecology	Benoit Renaud Martins, Viviane Radl, Krzysztof Treder, Dorota Michałowska, Karin Pritsch, Michael Schloter
10.3390/foods13132102	2024	The “Dry-Lab” Side of Food Authentication: Benchmark of Bioinformatic Pipelines for the Analysis of Metabarcoding Data	Foods	Gabriele Spatola, Alice Giusti, Andrea Armani
10.1038/s41597-024-04209-9	2024	Transcriptome-wide RNA 5-methylcytosine profiles of human iPSCs and iPSC-derived cardiomyocytes	Scientific Data	Szu-Ying Chen, Yi‐Hsien Fang, Chen‐Yu Huang, Jou-Hsien Wu, Yan‐Shen Shan, Yen-Wen Liu, Po-Hsien Huang
10.20944/preprints202401.1679.v1	2024	Two Novel Betarhabdovirids Infecting Ornamental Plants and the Peculiar Intracellular Behavior of the Cytorhabdovirus in the Liana Aristolochia gibertii	Preprints.org	Pedro Luis Ramos‐González, M. A. V. Alexandre, Matheus Potsclam-Barro, L. M. L. Duarte, Gianluca L. Michea Gonzalez, Camila Chabi‐Jesus, Alyne F. Ramos, Ricardo Harakava, Harri Lorenzi, Juliana Freitas‐Astúa, Elliot Watanabe Kitajima
10.1371/journal.pcbi.1012173	2024	Using interactive Jupyter Notebooks and BioConda for FAIR and reproducible biomolecular simulation workflows	PLoS Computational Biology	Genís Bayarri, Pau Andrio, Josep Lluis Gelpí, Modesto Orozco
10.1038/s41598-024-60142-2	2024	Vertical differences in carbon metabolic diversity and dominant flora of soil bacterial communities in farmlands	Scientific Reports	Bufan Zheng, Zhipeng Xiao, Jiaqi Liu, Yi Zhu, Kaifeng Shuai, Xiaye Chen, Yong‐Jun Liu, Ruiwen Hu, Guangjue Peng, Junlin Li, Junlin Li, Zhuna Su, Zan Su, Ming Fang, Juan Li, Juan Li
10.1091/mbc.e24-01-0028	2024	Zelda is dispensable for Drosophila melanogaster histone gene regulation	Molecular Biology of the Cell	Tommy O’Haren, Tsutomu Aoki, Leila E. Rieder
10.1101/2024.03.15.585146	2024	asteRIa enables robust interaction modeling between chromatin modifications and epigenetic readers	bioRxiv (Cold Spring Harbor Laboratory)	Mara Stadler, Saulius Lukauskas, Till Bartke, Christian L. Müller
10.1109/icse-seis66351.2025.00013	2025	A Collaborative Framework for Cross-Domain Scientific Experiments for Society 5.0		Muhammad Mainul Hossain, Banani Roy, Chanchal Kumar Roy, Kevin A. Schneider
10.1145/3733723.3733743	2025	A Virtual Laboratory for Managing Computational Experiments		Eleni S. Adamidi, Panagiotis K. Deligiannis, Nikos Foutris, Thanasis Vergoulis
10.1101/2025.03.19.644252	2025	A multi-omic approach reveals iron availability influences cell fate fidelity	bioRxiv (Cold Spring Harbor Laboratory)	Athena Jessica S. Ong, Tara A. Tigani, J. Reinecke, Andrew Graham Cox, Kristin Brown
10.1002/mnfr.70217	2025	AMPK‐Dependent Epigenetic Regulation of Metabolism Mediates the Anti‐Cancer Action of Pterostilbene in Hepatocellular Carcinoma	Molecular Nutrition & Food Research	Cayla Boycott, Megan Beetch, Katarzyna Lubecka, Benjamin S. Ramsey, Sandra E Torregrosa‐Allen, Bennett D. Elzey, Abigail D. Cox, Nadia A. Lanman, Aline de Conti, Min Li, Mário G. Ferruzzi, Igor P. Pogribny, Barbara Stefañska
10.1186/s12870-025-07259-2	2025	Alternative splicing occurs in auxin-mediated trade-off between fruit development and quality in tomato	BMC Plant Biology	John Kojo Ahiakpa, Shoaib Munir, Benjamin Karikari, Fangman Li, Xingyu Zhang, Pingfei Ge, Jinbao Tao, Hongen Xu, Guo Ai, Wen-Xian Gai, Yuyang Zhang
10.1371/journal.pbio.3003182	2025	An animal toxin-antidote system kills cells by creating a novel cation channel	PLoS Biology	Lews Caro, Aguan Daniel Wei, Christopher Alex Thomas, Galen Posch, Ahmet Uremis, Michaela C. Franzi, Sarah J. Abell, Andrew H. Laszlo, Jens H. Gundlach, Jan‐Marino Ramirez, Michael Ailion
10.1021/acsinfecdis.4c00705	2025	C7-Substituted Quinolines as Potent Inhibitors of AdeG Efflux Pumps in Acinetobacter baumannii	ACS Infectious Diseases	Yiling Zhu, Charlotte K. Hind, Taha Al‐Adhami, Matthew E. Wand, Melanie Clifford, J. Mark Sutton, Khondaker Miraz Rahman
10.34220/issn.2222-7962/2025.4/14	2025	Changes in gene expression in the drought-sensitive genotype Quercus robur under moisture stress	Forestry Engineering Journal	Anna Popova, Tatyana Grodeckaya, Elena O. Vidyagina, Vadim G. Lebedev
10.3390/genes16020137	2025	Characterization of Metabolites and Transcriptome of Pepper Accessions from Four Southern Provinces of China	Genes	Zhuo Liu, Chuangchuang Yang, Jianwen He, Lingkui Zhang, Xiaolin Xing, Kang Zhang, Hailong Yu, Zhenghai Zhang, Huamao Wu, Feng Cheng, Yacong Cao, Lihao Wang
10.1371/journal.pone.0317921	2025	Characterizing temporal and global host innate immune responses against SARS-CoV-1 and -2 infection in pathologically relevant human lung epithelial cells	PLoS ONE	Vivian Tat, Aleksandra K. Drelich, Pinghan Huang, Kamil Khanipov, Jason C. Hsu, Steven G. Widen, Chien-Te Kent Tseng, George Golovko
10.1093/zoolinnean/zlaf132	2025	Classification and biogeography of the weevil subfamily Entiminae (Coleoptera: Curculionidae) based on a comprehensive dated phylogeny	Zoological Journal of the Linnean Society	Harald O. Letsch, Alexander Riedel
10.1134/s1068162025604513	2025	Comparative Transcriptome Analysis of Two Related but Contrasting Quercus robur Genotypes under Drought Stress	Russian Journal of Bioorganic Chemistry	T. S. Tikhomirova, V. G. Lebedev, E. O. Vidyagina, A. A. Popova, P. M. Evlakov, T. A. Grodetskaya, I. M. Nartova, V. S. Ryzhkova, K. A. Shestibratov
10.1111/age.70031	2025	Comparative analysis of cattle ( Bos taurus , 2 n = 60) and river buffalo ( Bubalus bubalis , 2 n = 50) genome assemblies reveals two evolutionary conserved inversions and invalid centromere–telomere orientation of some autosomes	Animal Genetics	Ramona Pistucci, Ilaria Cascone, Alessandra Iannuzzi, Sara Albarella, Wiktoria Kowal‐Mierzwa, Michele Zannotti, L. Iannuzzi, P. Parma
10.1016/j.nbt.2025.10.004	2025	Comparative transcriptomics of CAZy enzymes in white- and brown-rot agaricomycetes: Evolutionary insights into lignocellulose degradation and the relevance of GH16 glycoside hydrolase functional divergence	New Biotechnology	Idoia Jiménez, Manuel Alfaro, Edurne Garde, Gúmer Pérez, Ana Fernández-Morales, Anna Lipzen, Kathleen Lail, Diane M. Bauer, Kerrie Barry, Igor V. Grigoriev, Lucı́a Ramı́rez, Antonio G. Pisabarro
10.1128/mra.01255-24	2025	Complete genome sequence of Shigella phage Moonfish isolated from Mid-Michigan	Microbiology Resource Announcements	Sundharraman Subramanian, Hazel McGuffin, Rachel Passage, John A. Dover, Kristin N. Parent
10.1007/s11033-025-10999-x	2025	Complete mitochondrial genome of Labeo fimbriatus (fringe-lipped carp) and insights into its evolutionary relationships within the genus Labeo	Molecular Biology Reports	Annam Pavan‐Kumar, V Subashini, Diganta Dey, Lakshman Sahoo, Samiran Nandi, Aparna Chaudhari
10.1021/acssynbio.5c00450	2025	Computational Pipeline for Targeted Integration and Variable Payload Expression in Bacteriophage Engineering	ACS Synthetic Biology	Jonas Fernbach, Emese Hegedis, Martin J. Loessner, Samuel Kilcher
10.1101/2025.05.08.652877	2025	Conserved and lineage-restricted gene regulatory programs modulate developmental cnidocyte specification in Nematostella vectensis	bioRxiv (Cold Spring Harbor Laboratory)	Benjamin Danladi, Layla Al‐Shaer, Jamie A. Havrilak, Dylan Z. Faltine-Gonzalez, Kejue Jia, Wyatt Forwood, Timothy Q. DuBuc, Jacob M. Musser, Michael J. Layden
10.1134/s2079086425600791	2025	Crosstalk between Amino Acid Catabolism and Stress Signaling in Potato (Solanum tuberosum) under Drought Stress Conditions	Biology Bulletin Reviews	Fırat Kurt
10.1002/ece3.70734	2025	De Novo Genome Assembly for an Endangered Lemur Using Portable Nanopore Sequencing in Rural Madagascar	Ecology and Evolution	Lindsey Hauff, Noa Elosmie Rasoanaivo, Andriamahery Razafindrakoto, Hajanirina Noëline Ravelonjanahary, Patricia Chapple Wright, Rindra Rakotoarivony, Christina M. Bergey
10.1007/s11033-025-11041-w	2025	De Novo transcriptome assembly of Ligula intestinalis (Linnaeus, 1758) Gmelin, 1790 (Cestoda: Diphyllobothriidae) plerocercoids and their host, the common bream Abramis Brama L. (Cypriniformes: Leuciscidae): model for studying host-parasite interactions	Molecular Biology Reports	Albina Tsekova, Polina B. Drozdova, Irina Sukhovskaya, Д. И. Лебедева, Людмила Александровна Лысенко, Надежда Павловна Канцерова
10.3390/ijms26030931	2025	Decoding Local Adaptation in the Exploited Native Marine Mussel Mytilus chilensis: Genomic Evidence from a Reciprocal Transplant Experiment	International Journal of Molecular Sciences	Marco Yévenes, Gonzalo Gajardo, Cristian Gallardo‐Escárate
10.1038/s41598-025-22312-8	2025	Dexamethasone enhances intestinal glucose absorption and TMPRSS2 expression with implications for hyperglycaemia and infection risk	Scientific Reports	Rizliya Visvanathan, Michael James Houghton, Elizabeth A. Barber, Kaitlin Day, Nicole J. Kellow, Gary Williamson
10.1371/journal.pone.0323046	2025	Differentiation of European yellow rust subraces within the ‘Warrior(-)’ genetic group	PLoS ONE	Claudia Breitkreuz, Philipp Schulz, Anne‐Kristin Schmitt, Kerstin Flath, Tiphaine Vidal, Amelia Hubbard, K. Kanyuka, Andreas Stahl, Jens Keilwagen, Dragan Perović
10.1128/aem.01346-25	2025	Discovery of MBL-AB01: a novel antibacterial xanthone antibiotic with high activity against methicillin-resistant Staphylococcus aureus	Applied and Environmental Microbiology	Kristin F. Degnes, Anna Nordborg, Giang‐Son Nguyen, Guro Kruge Nærdal, Tonje Marita Bjerkan Heggeset, Peter Patrick Molesworth, Sigrid Hakvåg, Randi Aune, Vu To Nakstad, Johan Evenäs, Klara Jonasson, Trond Erling Ellingsen, Alexander Wentzel, Geir Klinkenberg, Håvard Sletta
10.1186/s13059-025-03673-9	2025	Empowering bioinformatics communities with Nextflow and nf-core	Genome biology	Björn E. Langer, Andreia Neves do Amaral, Marie-Odile Baudement, Franziska Bonath, Mathieu Charles, Praveen Chitneedi, Emily L. Clark, Paolo Di Tommaso, Sarah Djebali, Philip Ewels, Sonia E Eynard, James A. Fellows Yates, Daniel Fischer, Evan W. Floden, Sylvain Foissac, Gisela Gabernet, Maxime Garci
10.1016/j.jafr.2025.102483	2025	Enterolactone, a mammalian enterolignan, differentially modulates CYP1A1 mRNA and protein in MCF-7 breast cancer cells	Journal of Agriculture and Food Research	Juana Hatwik, Ningthoujam Sonia, Anil Mukund Limaye
10.1038/s41467-025-60417-w	2025	Eomesodermin in conjunction with the BAF complex promotes expansion and invasion of the trophectoderm lineage	Nature Communications	Alexandra Bisia, Maria-Eleni Xypolita, Elizabeth K. Bikoff, Elizabeth J. Robertson, Ita Costello
10.1111/all.16683	2025	Epithelial Memory After Respiratory Viral Infection in Mice Results in Prolonged Enhancement of Antigen Presentation	Allergy	Piotr P. Janas, Wouter T’Jonck, Matthew O. Burgess, Maximilian Reck, Caroline Chauché, Matthieu Vermeren, Christopher D. Lucas, Calum C. Bain, Robert Scott Illingworth, Edward W. Roberts, Henry J. McSorley, Jürgen K.J. Schwarze
10.1128/mbio.03824-24	2025	Evolution and structural diversity of the MotAB stator: insights into the origins of bacterial flagellar motility	mBio	Caroline Puente-Lelièvre, Pietro Ridone, Jordan Douglas, Kaustubh Amritkar, Betül Kaçar, Matthew A. B. Baker, Nicholas Joseph Matzke
10.1016/j.scitotenv.2025.179402	2025	Exploring microbial diversity in relation to hydrological signatures and anthropic pressures in the Beauce Aquifer, France	The Science of The Total Environment	Jennifer Harris, Hugues Thouin, Catherine Joulian, Stéphanie Pinson, Mickaël Charron, Nicolas Devau
10.1093/gbe/evaf104	2025	Exploring the Satellitome of the Pest Aphid Acyrthosiphon pisum (Hemiptera, Aphididae): Insights Into Genome Organization and Intraspecies Evolution	Genome Biology and Evolution	Lucas Albuquerque, Diogo Milani, Emiliano Martí, Ana Beatriz Stein Machado Ferretti, José Manuel Rico-Porras, Pablo Mora, Pedro Lorite, Omid Saleh Ziabari, Jennifer A. Brisson, Octavio Manuel Palacios-Gimenez, Diogo Cavalcanti Cabral-de-Mello
10.1002/csc2.70036	2025	Exploring the genomic diversity and breeding applications of the Solanum sessiliflorum transcriptome via phylogenetic analysis	Crop Science	Priscila O. Silva, Lucas Silva, Débora Gonçalves Gouveia, Priscila M. Rodrigues, José Francisco de Carvalho Gonçalves, Adriano Nunes‐Nesi, Wagner L. Araújo, João Henrique F. Cavalcanti
10.21203/rs.3.rs-5643113/v1	2025	Foxf1 -mediated co-regulation of miR-495 and let-7c modulates epicardial cell migration and myocardial specification	Research Square	Juan Manuel Castillo-Casas, Ángel Dueñas, Francisco Hernández‐Torres, Rita Carmona, Ramón Muñoz‐Chápuli, Ana Dopazo, Rebeca Álvarez, Enrique Vázquez, Amelia Eva Aránega, Diego Alcivar Franco, Estefanía Lozano-Velasco
10.1007/s00018-025-05735-4	2025	Foxf1-mediated co-regulation of miR-495 and let-7c modulates epicardial cell migration and myocardial specification	Cellular and Molecular Life Sciences	Juan Manuel Castillo-Casas, Ángel Dueñas, Francisco Hernández‐Torres, Rita Carmona, Ramón Muñoz‐Chápuli, Ana Dopazo, Rebeca Álvarez, Enrique Vázquez, Amelia Eva Aránega, Diego Alcivar Franco, Estefanía Lozano-Velasco
10.1111/mec.70056	2025	Gene Flow Accompanies Divergence in Beringian Birds	Molecular Ecology	Caitlyn C. Oliver Brown, Travis C. Glenn, Kevin Winker
10.31015/2025.si.6	2025	Gene Set Enrichment Analysis Highlights ATP Hydrolysis and Membrane-Associated Pathways in Drought-Tolerant Potato Cultivars	International Journal of Agriculture Environment and Food Sciences	Fırat Kurt
10.1007/s00203-025-04326-y	2025	Genome-wide identification and expression analysis of epigenetic regulator gene families in the medicinal mushroom Ganoderma lucidum	Archives of Microbiology	Precious Bondzie‐Quaye, Frederick Leo Sossah, Mohammed Sharif Swallah, Monia Ravelonandrasana Fetisoa, Mona Alrasheed Bashir, Qing Huang
10.21203/rs.3.rs-7113624/v1	2025	Genomic Insights into the Thermotolerance Mechanisms of Bos indicus Cattle Breeds	Research Square	Periyasamy Vijayakumar, Arumugam Sakthivel Selvan, Arunasalam Singaravadivelan, Sanniyasi Bakyaraj, Annadurai Rajadurai, Kandasamy Rajamanickam, Ramalingam Suresh
10.1186/s12866-024-03713-7	2025	Genomic analysis and potential polyhydroxybutyrate (PHB) production from Bacillus strains isolated from extreme environments in Mexico	BMC Microbiology	Alvaro Ríos Sosa, L.A. Prado Barragán, Alvaro Ríos Reyes, Elva Teresa Aréchiga Carvajal
10.1016/j.ijfoodmicro.2025.111387	2025	Genomic analysis of Aeromonas species isolated from retail foods suggests an under-investigated population	International Journal of Food Microbiology	Richard Harding‐Crooks, Guerrino Macori, Vartul Sangal, Amanda L. Jones, Darren Smith, Séamus Fanning, Edward M. Fox
10.3389/fmicb.2025.1578578	2025	Genomic insights into five selected multidrug-resistant Pseudomonas aeruginosa isolated from Sodwana Bay, South Africa	Frontiers in Microbiology	Mahloro Hope Serepa‐Dlamini, Kulsum Kondiah, Pfariso Maumela, Abraham Goodness Ogofure, Ezekiel Green
10.1101/2025.09.06.674533	2025	Heterotypic directional motifs contribute to TAD boundary function in Drosophila	bioRxiv (Cold Spring Harbor Laboratory)	Martina Varisco, Gabriel R. Cavalheiro, Rebecca Rodríguez Viales, Christoph Schaub, Charles Girardot, Mattia Forneris, Aaron A. Comeault, Eileen E. M. Furlong
10.1101/2025.07.21.665844	2025	High-light adaptation in Synechocystis by accumulating NDH proteins and depleting specific phycobilisome linker proteins	bioRxiv (Cold Spring Harbor Laboratory)	Weiyang Chen, Eslam M. Abdel-Salam, Marcel Dann, Caroline Ott, Serena Schwenkert, Dario Leister
10.1101/2025.07.27.667097	2025	High-quality haplotype-resolved genome assembly and annotation of Malus baccata ‘Jackii’	bioRxiv (Cold Spring Harbor Laboratory)	Matthias Pfeifer, Ofere Francis Emeriewen, Henryk Flachowsky, Monika Höfer, Jens Keilwagen, Fang Shiang Lim, Andreas Peil, Holger Zetzsche, Thomas Wöhner
10.1101/2025.03.12.642568	2025	High-resolution transcriptional atlas of growing maize shoot organs throughout plant development under well-watered and drought conditions	bioRxiv (Cold Spring Harbor Laboratory)	Jie Zhang, Lennart Verbraeken, Heike Sprenger, Stien Mertens, Nathalie Wuyts, Bernard Cannoot, Jolien De Block, Kirin Demuynck, Annelore Natran, Katrien Maleux, Julie Merchie, Steven J. Crafts‐Brandner, Jonathan T. Vogel, Wesley Bruce, Dirk Inzé, Steven Maere, Hilde Nelissen
10.1093/genetics/iyaf043	2025	Human MeCP2 binds to promoters and inhibits transcription in an unmethylated yeast genome	Genetics	Joshua A.R. Brown, Maggie Y.M. Ling, Juan Ausió, LeAnn J. Howe
10.1007/s13337-025-00918-w	2025	Identification of a novel Gammapartitivirus associated with endophytic Fusarium oxysporum through transcriptome dataset mining	VirusDisease	Megha Das, Alangar Ishwara Bhat
10.1159/000544908	2025	In situ and in silico Localization of Major Satellite DNAs in the Genome of the Red-Eared Slider (Trachemys scripta elegans, Emydidae, Testudines)	Cytogenetic and Genome Research	Svetlana A. Romanenko, Dmitry Prokopov, Sergey A. Marchenko, Maria Kulak, Arina V. Ilina, Natalia A. Serdyukova, Svetlana Galkina, Владимир Александрович Трифонов
10.1038/s41589-025-01926-z	2025	Ipecac alkaloid biosynthesis in two evolutionarily distant plants	Nature Chemical Biology	Maite Colinas, Clara Morweiser, Olivia Dittberner, Bianca Chioca, Ryan M. Alam, Helena Leucke, Yoko Nakamura, Delia Ayled Serna Guerrero, Sarah Heinicke, Maritta Kunert, Jens Wurlitzer, Kerstin Ploss, Benke Hong, Veit Grabe, Adriana A. Lopes, Sarah Ellen O'Connor
10.1109/iccsai64074.2025.11064138	2025	LYNX-RNA: A Scalable Nextflow Workflow for RNA-Seq Analysis with Integrated Large Language Models for Comprehensive Result Interpretation		Devanshi Sharma, Asmita Das
10.3390/vaccines13060551	2025	Longitudinal Immunoprofiling of the CD8+ T-Cell Response in SARS-CoV-2 mRNA Vaccinees and COVID-19 Patients	Vaccines	Jesús Emanuel Brunetti, Beatriz Escudero-Pérez, Fátima Lasala, Gonzalo Alonso Rivas, Mikel Mancheño‐Losa, David Rial‐Crestelo, Jaime Lora‐Tamayo, Dániel Cadar, Miles W. Carroll, Rafael Bastos Delgado, César Muñoz‐Fontela, Estefanía Rodríguez
10.1101/2025.03.17.643694	2025	Manipulation of in planta ethylene levels modulates the metabolome of Populus tremula x tremuloides in a microbial-dependent manner	bioRxiv (Cold Spring Harbor Laboratory)	Félix Fracchia, Frédéric Guinet, Sandrine Warion, Maud Bednareck, Christian Chervin, Nancy L. Engle, Timothy James Tschaplinski, Claire Veneault‐Fourrey, Aurélie Deveau
10.1101/2025.06.09.657851	2025	Measles vaccine attenuation comprises innate immune cell infection and interferon responses	bioRxiv (Cold Spring Harbor Laboratory)	Felix G M Andres, Sebastian Parusel, Oliver Siering, Francisco M. Acosta, Dominic A. Skeele, Katayoun Ayasoufi, Roberto Cattaneo, Bevan Sawatsky, Christian Karl Pfaller
10.1016/j.ijpara.2025.12.007	2025	Mining natural history collections for molecular treasures: mitogenomes and nuclear ribosomal transcription units of proteocephalid tapeworms (Onchoproteocephalidea) via genome skimming	International Journal for Parasitology	Philippe V. Alves, Reinaldo José da Silva, Daniel A. Janies, William P. Taylor, April Harris, Gari New, Denis Jacob Machado
10.3390/pathogens14050476	2025	Molecular and Genetic Analysis of the Increased Number of Genes for Trypanosoma cruzi Microtubule Associated Proteins in the Class Kinetoplastida	Pathogens	Martin A. Winkler, Alfred A. Pan
10.1016/b978-0-443-26759-8.00013-8	2025	Multiplex analyses using methylation sensitive restriction enzyme coupled qPCR and NGS	Elsevier eBooks	Manuela Hofner, Julie Krainer, Stephan Pabinger, Walter Pulverer, Jasmin Huber, Michaela Hendling, Christa Nöhammer, Andreas Weinhäusel
10.1101/2025.02.21.639010	2025	Non-catalytic role for MLL2 in controlling chromatin organisation and mobility during priming of pluripotent cells for differentiation	bioRxiv (Cold Spring Harbor Laboratory)	M. Steindel, Oliver Davis, Katrin Neumann, Gökçe G. Agsu, Lingjun Mao, Andrea Kranz, Liviu Pirvan, Dwaipayan Adhya, Jörg Morf, Ziwei Zhang, Shuyue Yang, Jun Fu, Melania Barile, Annabelle Wurmser, Stanley E. Strawbridge, Nvard Chalabyan, Madapura M. Pradeepa, Brian J.P. Huntly, Berthold Göttgens, Dav
10.1186/s40793-025-00751-0	2025	Non-rhizobial endophyte recruitment and diversity in Pisum sativum are strongly shaped by phosphorus fertilizer form	Environmental Microbiome	Stefanie Katharina Thaqi, Natalia Hensel, Nora Vitow, Christel Baum, Lisa-Marie Streb, Susanne Kublik, Peter Leinweber, Kerstin Panten, Michael Schloter, Stefanie Schulz
10.1158/2767-9764.crc-25-0254	2025	Novel Afro-Caribbean Prostate Cancer Model Reveals Ancestry-Specific Drug Vulnerabilities with Therapeutic Implications for Black Patients	Cancer Research Communications	Simone Ann Marie Badal, Bor-Jang Hwang, Ashlianne Nelson, Kristoff Frank, Tanisha Maitre, Magdalene Nwokocha, Rory Thompson, Belinda F. Morrison, Rajini Haraksingh, Valerie Odero‐Marah, Camille C. Rose Ragin
10.5511/plantbiotechnology.25.0209a	2025	Novel small molecules disrupting polarized cell expansion and development in the moss, Physcomitrium patens	Plant Biotechnology	Prerna Singh, Naoya Kadofusa, Ayato Sato, Satoshi Naramoto, Tomomichi Fujita
10.1016/j.cbpa.2025.111820	2025	Olfactory specialization in the Senegalese sole (Solea senegalensis): CO2 acidified water triggers nostril-specific immune processes	Comparative Biochemistry and Physiology Part A Molecular & Integrative Physiology	Rita Alves Costa, Peter Colin Hubbard, Manuel Manchado, Deborah Mary Power, Zélia Velez
10.1038/s41598-025-89884-3	2025	PHD-2/HIF-1α axis mediates doxorubicin-induced angiogenesis in SH-SY5Y neuroblastoma microenvironment: a potential survival mechanism	Scientific Reports	Ahmed M. Abou‐Shanab, Ola A. Gaser, Noha Galal, Alaa M. Mohamed, Diaa Atta, Samaa Samir Kamar, Shireen Magdy, Mennatallah A. Khedr, Hoda A. Elkhenany, Nagwa El-Badri
10.1016/j.jlr.2025.100806	2025	PPARɑ variant V227A reduces plasma triglycerides through enhanced lipoprotein lipolysis	Journal of Lipid Research	Lauren F. Uchiyama, Gabriel Pe Manuel Ordonez, Khoi T. Pham, John Paul Kennelly, Maykel López Rodríguez, Lany Tran, Peter Tontonoz, Alexander H. Nguyen
10.1016/j.compbiolchem.2025.108779	2025	PanGeneWhale - A dockerized Kotlin-based GUI platform for reproducible and user-friendly pangenomic analysis	Computational Biology and Chemistry	Walter de Barros Gomes Netto, S. S. Sousa, Sofia Mayumi Brandao Nakamaru, Hellen Kempfer Philippsen, Denis de Castro Silva, Deriks Karlay Dias Costa, Ana Carolina Favacho Miranda de Oliveira, Rafael Azevedo Baraúna, Diego Assis das Graças, Artur Silva, Adonney Allan de Oliveira Veras
10.3389/fimmu.2025.1540979	2025	Persistent reduction of Bifidobacterium longum in the infant gut microbiome in the first year of age following intrapartum penicillin prophylaxis for maternal GBS colonization	Frontiers in Immunology	Jana Lucia Teuscher, Mariia Lupatsii, Simon Graspeuntner, Sinje Jonassen, Arne Bringewatt, Egbert Herting, Guido Stichtenoth, Verena Boßung, Jan Rupp, Christoph Härtel, Martin Demmert
10.2139/ssrn.5123855	2025	Physiological and Molecular Response to Drought in Somatic Plants from Pinus Radiata Embryonal Masses Induced at High Temperatures	SSRN Electronic Journal	Mikel Hurtado, Sonia Suárez-Álvarez, Ander Castander-Olarieta, Itziar  Aurora Montalbán, Pablo G. Goikoetxea, Unai López de Heredia, Daniel Marino, Paloma Moncaleán
10.3390/microorganisms13092189	2025	Posttranscriptional 3′-Terminal Modifications of Escherichia coli RNA Fragments Evolved for Diversity Boosting	Microorganisms	Nikita M. Kamoldinov, Valery V. Panyukov, Nikolay P. Kolzhetsov, Natalia Markelova, Konstantin S. Shavkunov, Uliana S. Shvyreva, Оlga Alikina, Olga A. Glazunova, Iuliia A. Praslova, Olga N. Ozoline
10.1101/2025.07.24.666493	2025	Quorum sensing dependent repression of the Staphylococcus aureus transcription termination factor Rho is necessary for pathogenicity	bioRxiv (Cold Spring Harbor Laboratory)	Laura Barrientos, Martin Blum, Florence Couzon, François Vandenesch, Karen Moreau, Pascale Romby, Isabelle Caldelari
10.1007/s11816-025-01021-8	2025	Recent advancements in plant metabolomics: trends, tools, and techniques	Plant Biotechnology Reports	Jare Shrikrushna Bharat, Nitish Kumar, Amit Kumar, Vikas Jaitak
10.64898/2025.12.02.691808	2025	Reciprocal interactions between EMT and BMP signalling drive collective cell invasion	bioRxiv (Cold Spring Harbor Laboratory)	Yuri Takahashi, Alexandra Neaverson, Lara C. Busby, Filip Twarowski, Carlos Camacho-Macorra, Guillermo Serrano Nájera, Benjamin John Steventon
10.1111/jnc.70130	2025	Repeated Low‐Level Inflammatory Challenge Leads to Alterations in the TNF ‐ CXCL10 Signalling Pathway in Mouse Cerebral Endothelial Cells In Vitro	Journal of Neurochemistry	Megan Ritson, Dong Xia, Caroline P.D. Wheeler-Jones, Helen B. Stolp
10.1101/2025.06.04.657942	2025	Reproducibility and Accuracy of Nanopore-Based Methylome Profiling of Streptococcus dysgalactiae subspecies equisimilis Strains from Cancer Patients	bioRxiv (Cold Spring Harbor Laboratory)	Taylor Schababerle, Omar Hayat, Jaeone Jung, Minh Thong Le, Isabella Polic, Hanan Wees, Micah M. Bhatti, Samuel A. Shelburne, Xiaojun Liu, Awdhesh Kalia
10.1099/mgen.0.001564	2025	Reproducibility and accuracy of bacterial methylome profiling using Oxford Nanopore Technologies nanopore sequencing platform	Microbial Genomics	Taylor Schababerle, Omar Hayat, Jaeone Jung, Minh Thong Le, Isabella Polic, Hanan Wees, Micah M. Bhatti, Samuel A. Shelburne, Xiaojun Liu, Awdhesh Kalia
10.1038/s41598-025-87271-6	2025	Retrospective detection and whole genome sequencing identify the first local case of Pigeon Rotavirus A infection in Taiwan from 2018	Scientific Reports	Benji Brayan Ilagan Silva, Michael Louie R. Urzo, Andrew D. Montecillo, Jaymee R. Encabo, Jen‐Pin Chuang, Kuo‐Pin Chuang
10.1101/2025.03.21.644589	2025	Revealing the impact of Pseudomonas aeruginosa quorum sensing molecule 2’-aminoacetophenone on human bronchial-airway epithelium and pulmonary endothelium using a human airway-on-a-chip	bioRxiv (Cold Spring Harbor Laboratory)	Shifu Aggarwal, Arijit Chakraborty, Vijay Kumar Singh, Stephen Lory, Katia Karalis, Laurence G. Rahme
10.3389/fimmu.2025.1592597	2025	Revealing the impact of Pseudomonas aeruginosa quorum sensing molecule 2’-aminoacetophenone on the human bronchial-airway epithelium and pulmonary endothelium using a human airway-on-a-chip	Frontiers in Immunology	Shifu Aggarwal, Arijit Chakraborty, Vijay Kumar Singh, Stephen Lory, Katia Karalis, Laurence G. Rahme
10.3892/ije.2025.26	2025	Role of lncRNAs related to NRs in the regulation of gene expression	International Journal of Epigenetics	Katerina Pierouli, Louis Papageorgiou, George Panagiotis Chrousos, Elias Eliopoulos, Dimitriοs Vlachakis
10.1101/2025.02.06.635770	2025	Sensory neurons shape macrophage identity via TGF-β signalling	bioRxiv (Cold Spring Harbor Laboratory)	Julia Kolter, Clarissa-Laura Doering, Sebastian Baasch, Reem Alsumati, Zohreh Mansoori Moghadam, Vitka Gres, Florens Lohrmann, Gabriel Victor Lucena da Silva, Conceição Elidianne Aníbal Silva, Theresa Buchegger, Layal Doumard, Benjamin Voisin, Nico Lachmann, Katrin Kierdorf, Vincent Flacher, Philipp
10.1101/2025.03.28.646004	2025	Serine Recombinase PinR Inverts Cryptic Prophage DNA to Block Adsorption of Phages	bioRxiv (Cold Spring Harbor Laboratory)	Joy Kirigo, David Méndez, Michael J. Benedik, Rodolfo García‐Contreras, Thomas Keith Wood
10.1101/2025.04.21.649879	2025	Single-Cell RNA Sequencing Defines Developmental Progression and Reproductive Transitions of Pneumocystis carinii	bioRxiv (Cold Spring Harbor Laboratory)	Aaron W. Albee, Steven G. Sayson, Alan Ashbaugh, Aleksey Porollo, George Smulian, Melanie T. Cushion
10.1128/spectrum.01277-25	2025	Single-cell RNA sequencing defines developmental progression and reproductive transitions of Pneumocystis carinii	Microbiology Spectrum	Aaron W. Albee, Steven G. Sayson, Alan Ashbaugh, Nicholas J. Wolf, Aleksey Porollo, George Smulian, Melanie T. Cushion
10.1101/2025.03.19.644101	2025	Skin but not gut microbial communities in Antarctic fur seals vary with social density	bioRxiv (Cold Spring Harbor Laboratory)	Petroula Botsidou, Michael Schloter, Öncü Maracı, Silvia Gschwendtner, Rebecca Nagel, Jaume Forcada, Joseph Ivan Hoffman
10.3389/fmicb.2025.1603500	2025	Skin, but not gut, microbial communities vary with social density in Antarctic fur seals	Frontiers in Microbiology	Petroula Botsidou, Michael Schloter, Öncü Maracı, Silvia Gschwendtner, Rebecca Nagel, Jaume Forcada, Joseph Ivan Hoffman
10.1007/s00248-025-02575-4	2025	Small Things that Make a Big Difference: Single-Cell Transcriptomic of Nanociliates Reveals Genes Potentially Involved in Mixotrophy	Microbial Ecology	Filomena Romano, Uwe John, Michèle Laval‐Peuto, Paraskevi Pitta
10.1016/j.bse.2025.104971	2025	Sponge taxonomy in the -omics era: resolving Haplosclerida polytomies with phylogenetics and metabolomics	Biochemical Systematics and Ecology	Camille Victoria Leal, André Bispo, Mirelle Takaki, Vítor F. Freire, Maggie M. Reddy, Fabiano Lopes Thompson, Eduardo Hajdu, Olivier P. Thomas, Roberto G. S. Berlinck
10.1172/jci.insight.178146	2025	Sustained inhibition of CSF1R signaling augments antitumor immunity through inhibiting tumor-associated macrophages	JCI Insight	Takahiko Sato, Daisuke Sugiyama, Jun Koseki, Yasuhiro Kojima, Satomi Hattori, Kazuki Sone, Hitomi Nishinakamura, Tomohiro Ishikawa, Yuichi Ishikawa, Takuma Kato, Hitoshi Kiyoi, Hiroyoshi Nishikawa
10.1101/2025.08.13.670070	2025	SwarmGenomics: A Unified Pipeline for Individual-Based Whole-Genome Analyses	bioRxiv (Cold Spring Harbor Laboratory)	Aure Kylmänen, Yu‐Chi Chen, Sahar Javaheri Tehrani, Nikolas Vellnow, Justin J. S. Wilcox, Toni Ingolf Gossmann
10.1016/j.celrep.2025.115616	2025	TAF2 condensation in nuclear speckles links basal transcription factor TFIID to RNA splicing factors	Cell Reports	Tanja Bhuiyan, Niccolò Arecco, Paulina Karen Mendoza Sanchez, Juhyeong Kim, Carsten Schwan, Sophie Weyrauch, Sheikh Nizamuddin, Andrea Prunotto, Mehmet Tekman, Martin Lothar Biniossek, Bettina Liebowitz Knapp, Stefanie Koidl, Friedel Drepper, Pitter F. Huesgen, Robert Grosse, Thorsten Hugel, Sebasti
10.1261/rna.080790.125	2025	TERRA transcripts and promoters from telomeric and interstitial sites	RNA	Marco Santagostino, Lorenzo Sola, Eleonora Cappelletti, Francesca M. Piras, Nicolò Gennari, Marialaura Biundo, Solomon G. Nergadze, Elena Giulotto
10.1101/2025.05.15.654290	2025	TERRA transcripts and promoters from telomeric and interstitial sites	bioRxiv (Cold Spring Harbor Laboratory)	Marco Santagostino, Lorenzo Sola, Eleonora Cappelletti, Francesca M. Piras, Nicolò Gennari, Marialaura Biundo, Solomon G. Nergadze, Elena Giulotto
10.1038/s41593-025-01999-y	2025	Temporal control of progenitor competence shapes maturation in GABAergic neuron development in mice	Nature Neuroscience	Ann Rose Bright, Yana Kotlyarenko, Florian Neuhaus, Diana Rodrigues, Chao Feng, Christian Peters, Ilaria Vitali, Elif Dönmez, Michael H. Myoga, Elena Dvoretskova, Christian Mayer
10.1080/23802359.2025.2555459	2025	The complete mitochondrial genome of Leptomastidea bifasciata (Hymenoptera: Chalcidoidea: Encyrtidae) and phylogenetic analysis	Mitochondrial DNA Part B	Zhi-Peng Chen, Wen-Jian Li, Hong‐Xia Hou, Guo‐Hao Zu
10.1016/j.jprot.2025.105382	2025	The effect of thermal stress on the X-organ/sinus gland proteome of the estuarine blue crab Callinectes sapidus during the intermolt and premolt stages	Journal of Proteomics	José Thalles Lacerda, Daniela Dantas David, Ana Maria de Lauro Castrucci
10.1093/g3journal/jkaf064	2025	The genome assembly of the westslope cutthroat trout, Oncorhynchus lewisi, reveals interspecific chromosomal rearrangements with the rainbow trout, Oncorhynchus mykiss	G3 Genes Genomes Genetics	Anne‐Marie Flores, Kris A. Christensen, Theresa Godin, Yniv Palti, Matthew R. Campbell, Geoffrey C. Waldbieser, Sheron Simpson, Brian E. Scheffler, Seth R. Smith, Andrew R. Whiteley, Ryan P. Kovach, Gordon Luikart, Matthew Boyer, Marty D. Kardos, Scott Relyea, Craig D. Wells, Ben F. Koop
10.21203/rs.3.rs-6222076/v1	2025	The hsa-miR-1246 is overexpressed in Spheroids-derived cancer stem cells from tumor cell lines	Research Square	Ângela Maggio da Fonseca, Yeimy Gonzalez Giraldo, Natalia Vargas Rondón, Andrés Felipe Aristizábal-Pachón
10.1093/nar/gkaf539	2025	The lincRNA Pantr1 is a FOXG1 target gene conferring site-specific chromatin binding of FOXG1	Nucleic Acids Research	Fabian Gather, Tudor Rauleac, Ipek Akol, Ganeshkumar Arumugam, Camila L. Fullio, Teresa Müller, Dimitrios Kleidonas, Ruth Geiss‐Friedlander, André Fischer, Andreas Vlachos, Rolf Backofen, Tanja Vogel
10.7717/peerj.20241	2025	Thermal-bias PCR: generation of amplicon libraries without degenerate primer interference	PeerJ	Sean D. Moore
10.1080/15592294.2025.2506625	2025	Transcriptional signature of cardiac myocyte recovery in mice and human reveals persistent upregulation of epigenetic factors	Epigenetics	Rebekka Roth, Margareta Häckh, Tilman Schnick, Carolin Rommel, Christoph Koentges, Heiko Bugger, Claudia Domisch, Michael R. Bristow, Amrut V. Ambardekar, Timothy A. McKinsey, Ralf Gilsbach, Lutz Hein, Sebastian Preißl
10.3389/fpls.2025.1532943	2025	Transcriptome profiling and RNA-Seq SNP analysis of reniform nematode (Rotylenchulus reniformis) resistant cotton (Gossypium hirsutum) identifies activated defense pathways and candidate resistance genes	Frontiers in Plant Science	Martin John Evers Wubben, Sameer Khanal, Amanda G. Gaudin, Franklin E. Callahan, Jack C. McCarty, Johnie Norton Jenkins, Robert Loring Nichols, Peng Wah Chee
10.2139/ssrn.5387393	2025	Transcriptomic Analysis of Crandell-Rees Feline Kidney Infections with Field and Vaccine Feline Calicivirus Strains	SSRN Electronic Journal	Emily Kwan, Alistair R. Legione, Carol A. Hartley, Joanne Maree Devlin
10.1186/s12263-025-00783-8	2025	Transcriptomic analysis in peripheral blood mononuclear cells from hyper and hypo weight-loss responders	Genes & Nutrition	Diana A. Vela‐Vásquez, Iván Delgado‐Enciso, Ana María Sifuentes‐Rincón
10.1016/j.virusres.2025.199681	2025	Transcriptomic analysis of Crandell-Rees feline kidney cell infections with field and vaccine feline calicivirus strains	Virus Research	Emily Kwan, Alistair R. Legione, Carol A. Hartley, Joanne M. Devlin
10.21203/rs.3.rs-5965961/v1	2025	Transcriptomic profiles of Crandell-Rees feline kidney cells infected with Varicellovirus felidalpha-1 (FHV-1) field and vaccine strains	Research Square	Emily Kwan, Alistair R. Legione, Carol A. Hartley, Joanne Maree Devlin
10.1186/s12985-025-02722-w	2025	Transcriptomic profiles of Crandell-Rees feline kidney cells infected with Varicellovirus felidalpha-1 (FHV-1) field and vaccine strains	Virology Journal	Emily Kwan, Alistair R. Legione, Carol A. Hartley, Joanne Maree Devlin
10.1080/01490451.2025.2609094	2025	Unveiling the Unique Microbial Diversity of Dhala Impact Crater: Comparative Insights with Crater and Non-crater Soil	Geomicrobiology Journal	Margi Patel, Md Shaikhul Islam, Madhvi Joshi, Sachin Baid, Bhakti Patel, Jigna G. Tank, Dipak Kumar Sahoo, Ashish Patel
10.3389/fpls.2025.1608577	2025	Whole genome sequencing of Neolamarckia macrophylla (Roxb.) Bosser and Neolamarckia cadamba (Roxb.) Bosser from Indonesia: a vital resource for completing chloroplast genomes and mining microsatellite markers	Frontiers in Plant Science	Fifi Gus Dwiyanti, Irsyad Kamal, Rahadian Pratama, Dhika Syaputra, Evayusvita Rustam, Ratna Uli Damayanti, Iskandar Zulkarnain Siregar, Dede Jajat Sudrajat
10.1016/j.bbi.2026.106913	2026	A longitudinal examination of gut microbiota dysbiosis and neuro-behavioral phenotypes of poly(I:C)-maternal immune activation in a preclinical model of autism and schizophrenia	Brain Behavior and Immunity	Diego Alexander González-Franco, Karina Corona-Cervantes, Paola C. Bello-Medina, Marcel Pérez-Morales, Jaime García-Mena, Sofía Y. Díaz-Miranda, Gustavo Pacheco-López
10.1038/s44324-026-00102-8	2026	A multi-omic approach reveals iron availability influences cell fate fidelity	npj Metabolic Health and Disease	Athena Jessica S. Ong, Tara A. Tigani, Adele J. Gomes, J. Reinecke, Andrew Graham Cox, Kristin Brown
10.64898/2026.02.03.703576	2026	A regulatory role of novel long non-coding RNA, BAZ1A-AS1 , in vascular smooth muscle cell functions during neointima proliferation in human saphenous veins	bioRxiv (Cold Spring Harbor Laboratory)	David S. Kim, Brandee M. S. S. Goo, Praneet Veerapaneni, Ronnie Chouhaita, Medha Guduru, Nicole Cyriac, Mourad Ogbi, David J. Fulton, Wei Zhang, Xiaochun Long, Avirup Guha, Philip Coffey, Robert D. Rice, Dominic R. Gallo, VIJAY S. PATEL, Richard Lee, Ha Won Kim, Hong Shi, Neal L Weintraub
10.1093/plcell/koag103	2026	A simple cell-cycle control system in Marchantia polymorpha provides a framework for understanding plant cell proliferation	The Plant Cell	Facundo Romani, Ignacy Bonter, Marius Rebmann, Go Takahashi, Fernando Guzman-Chavez, Francesco De Batté, Yuki Hirakawa, Jim Haseloff
10.1016/b978-0-443-40334-7.00104-0	2026	Application of Bioinformatics Tools in Food Microbiome Studies	Elsevier eBooks	Madan Lal Verma, Meenu Thakur, BS Dhanya, Naresh Kumar, Rekha Kushwaha
10.1039/d5ra05395a	2026	Are we there yet with XNA aptamers?	RSC Advances	Santiago Chaillou, Saphyra Thonon, Sten Reynders, Eveline Lescrinier, Vitor Bernardes Pinheiro
10.1093/gbe/evag081	2026	Big Spider, Big Genome: Chromosome-Level Genome of a North American Tarantula ( Aphonopelma marxi ) and Comparative Genomics Across 300 Million Years of Spider Evolution	Genome Biology and Evolution	Ethan Briggs, Andrea Noble‐Stuen, Chris A. Hamilton
10.1016/j.genrep.2026.102646	2026	Characterization and phylogenetic analysis of the complete mitochondrial genome of Aprostocetus nigroplaque (Hymenoptera: Chalcidoidea: Eulophidae)	Gene Reports	Yang-Yi Jia, Zhipeng Chen, Lu-Jie An, Hong‐Xia Hou, Guo‐Hao Zu, Wen-Jian Li
10.1371/journal.pone.0351675	2026	Characterization of Antibiofilm Molecules from Bovine Coagulase-Negative Staphylococci	PLoS ONE	Coralie Goetz, Ibtissem Doghri, Sneha Das, Audrey Corbeil, Pauline Bouveret, Francis Beaudry, David Lalaouna, Éric Massé, Mario Jacques, François Malouin
10.3897/zookeys.1285.183757	2026	Characterization of mitochondrial genomes in six newly sequenced species and analysis of gene rearrangements across Encyrtidae (Hymenoptera, Chalcidoidea)	ZooKeys	Zhi-Peng Chen, Lu-Jie An, Yang-Yi Jia, Hong‐Xia Hou, Guo‐Hao Zu
10.1080/21505594.2026.2670805	2026	Clinical and genomic profiling of Klebsiella pneumoniae in liver abscesses	Virulence	Felix Aurnhammer, Maxim M. Baltzer, Jamil Butt, Lisa S. Marr, Anca Rath, Baerbel Kieninger, Wulf Schneider‐Brachert, Christian Utpatel, Stefan Niemann, Eike Steinmann, Alexander Dechêne, Joerg Steinmann, Bernd Neumann
10.1016/j.insi.2026.100181	2026	Comparative transcriptomics and virtual screening reveal druggable targets and phytochemicals for atopic dermatitis, psoriasis, and vitiligo	In Silico Research in Biomedicine	Purvi Malhotra, Aaryan Jaitly, Hargunjeet Kaur, Fernando Berton Zanchi, Mujtaba Husaini, Jessica Dhillon, Ravi Sabharwal, Rishika Gautam, Sandeep Saini, Chander Jyoti Thakur
10.3389/fevo.2026.1751419	2026	Complete chloroplast genome assembly of Rubroshorea leprosula wood from Indonesia for phylogenetic and conservation studies	Frontiers in Ecology and Evolution	Ainun Fadilah, Agus Hikmat, LINA KARLINASARI, Fifi Gus Dwiyanti, Rahadian Pratama, Faizal Maulana, Irsyad Kamal, Dhika Syaputra, Iskandar Zulkarnaen Siregar
10.1152/ajpheart.00653.2025	2026	Comprehensive transcriptomics and proteomics analysis of neointima formation in human saphenous vein: implications for bypass graft disease	American Journal of Physiology-Heart and Circulatory Physiology	David S. Kim, Brandee M. S. S. Goo, Hong Shi, Shuilin Dong, Daniel S. Weintraub, Philip Coffey, Praneet Veerapaneni, Ronnie Chouhaita, Medha Guduru, Nicole Cyriac, Ghaith Aboud, Vy Ong, Stephen Cave, Jacob Greenway, Rohan Mundkur, Samah Ahmadieh, Ragheb Harb, Mourad Ogbi, D.B. Fulton, Yuqing Huo, We
10.1016/j.isci.2026.115935	2026	Concurrent jamming and mesenchymal-to-epithelial transitions during airway basal stem cell differentiation	iScience	Jennifer A. Mitchel, Jacob Notbohm, Reverie R. Brown, Mikoto A. Nakamura, Siddhant Kalra, Joseph D. Coolon, Chimwemwe Mwase, Michael J. O’Sullivan, Jin-Ah Park
10.1016/j.brainres.2026.150322	2026	DJ-1 deficiency in SH-SY5Y cells reveals dysregulated networks of genes and pathways involved in neuronal function and disease	Brain Research	Nathan Gock, Grace Kim, Tessa Morin, Markus A. Young, Amar Mahal, Ján Kostka, Timothy V. Beischlag, Frank J.S. Lee
10.3390/v18030393	2026	Disentangling SARS-CoV-2 Sustained Viremia Cases: Evolution, Persistence and Reinfection	Viruses	Brunna M. Alves, Filipe R. R. Moreira, Marianne Monteiro Garrido, Pedro S. de Carvalho, Élida Mendes de Oliveira, Caroline Carvalho de Sá, James A. Arthos, Claudia Cicala, João P. B. Viola, Livia Ramos Goes, Juliana Domett Siqueira, Marcelo Alves Soares
10.1007/s10577-026-09794-6	2026	Divergence and conservation of satellite DNA in the loggerhead sea turtle (Caretta caretta): a comparative cytogenomic analysis	Chromosome Research	Katerina V. Tishakova, Anastasia A. Proskuryakova, Dmitry Prokopov, Sergey A. Marchenko, Alessio Iannucci, Claúdio Ciofi, Livia Tolve, Paolo Casale, Pasquale Salvemini, Natalia A. Serdyukova, Guzel I. Davletshina, Владимир Александрович Трифонов, Svetlana A. Romanenko
10.1007/s00705-026-06522-7	2026	Dysbiosis of the enteric DNA virome correlates with the development of cachexia in a murine Lewis lung carcinoma (LLC) model	Archives of Virology	David Aciole Barbosa, Yara N.L.F. de Maria, Fabiano Bezerra Menegídio, Regina Costa de Oliveira, Daniela Leite Jabes, Luiz R. Nunes
10.1016/j.mucimm.2026.04.003	2026	Eomes fate-labeling reveals a subset of Eomeslo NK cells that exhibits an ILC1-like phenotype	Mucosal Immunology	Vladislava Stokic-Trtica, Johannes Steffen, Xuemei Gao, Henning Peter Düsedau, Sotiria Boulekou, Sebastian J. Arnold, Antigoni Triantafyllopoulou, Chiara Romagnani, Andreas Diefenbach, Yakup Tanriver, Ildikò Rita Dunay, Christoph S.N. Klose
10.1016/j.mtbio.2026.103236	2026	Epicardial extracellular vesicles modulate gene expression following ischemia-reperfusion injury in heart-on-a-chip	Materials Today Bio	Karl T. Wagner, Dawn Bannerman, Qinghua Wu, Simon Pascual‐Gil, Ian M. Fernandes, Luis Felipe Jiménez Vargas, Shuo Yan, Ramak Khosravi, Sargol Okhovatian, Dhana Abdo, Milica Radisic
10.3389/fimmu.2026.1725909	2026	Epigenetic signatures of local adaptation: differential expression of long non-coding RNAs in reciprocally transplanted Mytilus chilensis	Frontiers in Immunology	Marco Yévenes, Gajardo Gonzalo, Cristian Gallardo‐Escárate
10.1038/s41597-025-06504-5	2026	High-quality haplotype-resolved genome assembly and annotation of Malus baccata ‘Jackii’	Scientific Data	Matthias Pfeifer, Ofere Francis Emeriewen, Henryk Flachowsky, Monika Höfer, Jens Keilwagen, Fang Shiang Lim, Andreas Peil, Holger Zetzsche, Thomas Wöhner
10.1016/j.addicn.2026.100269	2026	Microglial CHOP expression contributes to the consequences of ethanol withdrawal	Addiction Neuroscience	Rapheal G. Williams, Brett D. Dufour, Kevin R. Coffey, Atom J. Lesiak, William B. Nickelson, Aliyah J. Dawkins, Gwenn A. Garden, John F. Neumaier
10.1016/j.cbpc.2026.110493	2026	Multifactorial neural disruption in the brain of the Senegalese sole (Solea senegalensis) under ocean acidification	Comparative Biochemistry and Physiology Part C Toxicology & Pharmacology	Rita Alves Costa, Aurora Olvera, Sergiy Sylantyev, Peter Colin Hubbard, Manuel Manchado, Deborah Mary Power, Zélia Velez
10.64898/2026.02.09.704724	2026	NRF2 co-opts the SWI/SNF complex to drive liver cell plasticity	bioRxiv (Cold Spring Harbor Laboratory)	Athena Jessica S. Ong, Chapman CH Wong, Anthony P. Karamalakis, Kimberley Jane Evason, Kristin Brown, Andrew Graham Cox
10.1186/s41936-026-00643-w	2026	Natural selection drives the evolution of chiton mitochondrial genomes: evidence from a resolved phylogenomic framework	The Journal of Basic and Applied Zoology	Liju Thomas, Sandra Saseendran, Ranjeet Kutty, Siby Philip
10.1186/s12987-025-00754-6	2026	Notch signaling activation reduces vesicular endocytosis in human pluripotent stem cell-derived CNS-like endothelial cells	Fluids and Barriers of the CNS	Sarah Boutom, Luke Walsh, Maxwell Herman, Yunfeng Ding, Fatemeh Yaghoobi Hashjin, Benjamin K. August, Eric V. Shusta, Sean P. Palecek
10.1016/j.isci.2026.115517	2026	PHF2 regulates grip strength via demethylation at the promoter region of the Mef2c	iScience	Taku Fukushima, Taiju Fujioka, Yuuki Imai, Satoru Masubuchi, Iori Sakakibara
10.1038/s41467-026-71375-2	2026	Ponatinib inhibits LCK and PI3K signaling and promotes CD8+ T stem cell memory cell development	Nature Communications	Yuki Okuhiro, Sachiko Ito, Keisuke Watanabe, Yue Yan, Kazuhiro Kumagai, Takahiko Sato, Yasuhiro Kojima, Yuki Fujioka, Naoto Takahashi, Hitoshi Kiyoi, Yuka Maeda, Takuma Kato, Hiroyoshi Nishikawa
10.1111/mmi.70110	2026	Regulation by the Transcriptional Regulator YdcI in E. coli and (p) ppGpp ‐Dependent Activation of ydcI Expression	Molecular Microbiology	Ria Basu Roy, Karin Schnetz
10.1016/j.indcrop.2026.122734	2026	Rhizophagus irregularis inoculation reshapes root exudates, metabolomes and rhizosphere microbiomes to enhance perennial ryegrass adaptation under heat and cold stress	Industrial Crops and Products	Hongjian Wei, Yu Zhang, Xinjie Mao, Wenyuan He, Songkai Liao, Tingying Xu, Ming Tang, Hui Chen
10.1038/s41467-026-75729-8	2026	Statin-induced lipid carrier stress reveals a conserved vulnerability in β-lactam-resistant Gram-positive bacteria	Nature Communications	Gabriel Torrens, Sean W. Bisset, María López‐Bravo, Anders F. Johansson, Daniel López, Felipe Cava
10.1111/1755-0998.70119	2026	SwarmGenomics : A Unified Pipeline for Individual‐Based Whole‐Genome Analyses	Molecular Ecology Resources	Aure Kylmänen, Yu‐Chi Chen, Sahar Javaheri Tehrani, Nikolas Vellnow, Justin J. S. Wilcox, Toni Ingolf Gossmann
10.1080/23802359.2026.2670064	2026	The analysis of mitochondrial genome and new distribution of the invasive pest, Leptoglossus occidentalis (Heidemann, 1910)	Mitochondrial DNA Part B	Wei-Qiong Li, Yue-Shuo Liu, Zhi-Peng Chen, Li J, Hong‐Xia Hou, Guo‐Hao Zu
10.1099/jmm.0.002186	2026	The metabolic trap: Candida parapsilosis inhibits Staphylococcus aureus biofilm maturation by disrupting pH homeostasis and inducing premature exodus	Journal of Medical Microbiology	Ciara Furlong, Salini Mohapatra, Denise H. Harold, Emma Finlay, Linda Holland
10.3390/metabo16020137	2026	Untargeted Metabolomics of Human Airway Epithelium Reveals Neuroactive Signatures Linked to Pulmonary Neuroendocrine Cell Enrichment and Allergen Exposure	Metabolites	Ritu Mann‐Nüttel, Ayshna Diya, Paul Forsythe
10.64898/2026.02.01.702698	2026	YAP disrupts bile acid homeostasis to drive cancer-associated cachexia	bioRxiv (Cold Spring Harbor Laboratory)	Madeline Webb, Mikaela Wong, Anthony P. Karamalakis, Yuchen Liu, Kimberley Jane Evason, Kira Sun, Kristin Brown, Jay R. Black, Yingzi Yang, Andrew Graham Cox
10.1093/jisesa/ieag062	2026	eDNA analysis of yard waste samples reveals taxonomical diversity, sequence database limitations, and consistencies across sequencing platforms	Journal of Insect Science	William B. Walker, Lisa G. Neven
10.1177/11769351251414086	2026	hsa-miR-1246 is Consistently Overexpressed in Spheroid-Derived Cancer Stem Cells From Multiple Tumor Types	Cancer Informatics	Ángela Y. García Fonseca, Yeimy González‐Giraldo, Natalia Vargas Rondón, Andrés Felipe Aristizábal-Pachón
