citing_doi	year	title	venue	authors
10.14201/gredos.132790	2016	Analysis of autophagy in lung cancer		Ruslan Al‐Ali
10.25148/etd.fidc001216	2016	Biogeographical Patterns of Soil Microbial Communities: Ecological, Structural, and Functional Diversity and their Application to Soil Provenance		Natalie Damaso
10.20868/upm.thesis.44220	2016	FAIR approaches applied to unraveling Plant-Pathogen Interactions Data and RNA Processing Evolution		Alejandro Rodriguez Iglesias
10.1371/journal.ppat.1006225	2017	A high-throughput genetic screen identifies previously uncharacterized Borrelia burgdorferi genes important for resistance against reactive oxygen and nitrogen species	PLoS Pathogens	Meghan E. Ramsey, Jenny A. Hyde, Diana N. Medina-Perez, Tao Lin, Lihui Gao, Maureen E. Lundt, Xin Li, Steven J. Norris, Jon T. Skare, Linden T. Hu
10.3324/haematol.2017.171454	2017	Antigen receptor sequencing of paired bone marrow samples shows homogeneous distribution of acute lymphoblastic leukemia subclones	Haematologica	Prisca M. J. Theunissen, David van Zessen, Andrew Stubbs, Malek Faham, Christian Michel Zwaan, Jacques J. M. van Dongen, Vincent H. J. van der Velden
10.53846/goediss-6244	2017	Development of algorithms and next-generation sequencing data workflows for the analysis of gene regulatory networks		Orr Shomroni
10.32469/10355/62312	2017	Discovering disease causing variants in dogs through whole genome sequencing		Ana Kolicheski
10.1371/journal.pone.0181690	2017	Effects of oral florfenicol and azithromycin on gut microbiota and adipogenesis in mice	PLoS ONE	Rui Li, Hexing Wang, Qingfeng Shi, Na Wang, Zhijie Zhang, Chenglong Xiong, Jian‐Xiang Liu, Yue Chen, Lufang Jiang, Qingwu Jiang
10.3410/f.732114936.793539391	2017	Faculty Opinions recommendation of The multiple antibiotic resistance operon of enteric bacteria controls DNA repair and outer membrane integrity.	Faculty Opinions – Post-Publication Peer Review of the Biomedical Literature	Michael G. Kurilla, Ann E. Eakin
10.3791/56442	2017	High-throughput Parallel Sequencing to Measure Fitness of Leptospira interrogans Transposon Insertion Mutants During Golden Syrian Hamster Infection	Journal of Visualized Experiments	Kristel Lourdault, James Matsunaga, Karen V. Evangelista, David A. Haake
10.24251/hicss.2017.754	2017	Maintaining a Science Gateway - Lessons Learned from MoSGrid	Proceedings of the ... Annual Hawaii International Conference on System Sciences/Proceedings of the Annual Hawaii International Conference on System Sciences	Lukas Zimmermann, Richard Grunzke, Jens Krüger
10.48550/arxiv.1707.03659	2017	OMICtools: a community-driven search engine for biological data analysis	arXiv (Cornell University)	H Lawrence Perrin, Marion Denorme, Julien Grosjean, Omictools Community, Emeric Dynomant, Vincent Henry, Fabien Pichon, Stéfan Jacques Darmoni, Arnaud Desfeux, Bruno José Gonzalez
10.2147/opth.s147684	2017	Prescreening whole exome sequencing results from patients with retinal degeneration for variants in genes associated with retinal degeneration	Clinical ophthalmology	Laura Bryant, Olga Lozynska, Albert M. Maguire, Tomás S. Alemán, Jean Bennett
10.58837/chula.the.2017.1205	2017	รปแบบลำดบสารพนธกรรมของ exon บนยน SCN5A ในกลมการเสยชวตชนดใหลตายในประชากรไทย		รัชติพรรณ ปิติวรารมย์
10.1101/357384	2018	Bulked-Segregant Analysis Coupled to Whole Genome Sequencing (BSA-Seq) for Rapid Gene Cloning in Maize	bioRxiv (Cold Spring Harbor Laboratory)	Harry Klein, Yuguo Xiao, Phillip A. Conklin, Rajanikanth Govindarajulu, Jacob A Kelly, Mike Scanlon, Clinton Whipple, Madelaine Bartlett
10.18174/444432	2018	Cross-feeding interactions of gut symbionts driven by human milk oligosaccharidesand mucins		Loo Wee Chia
10.25148/etd.fidc007034	2018	Decipher Mechanisms by which Nuclear Respiratory Factor One (NRF1) Coordinates Changes in the Transcriptional and Chromatin Landscape Affecting Development and Progression of Invasive Breast Cancer		Jairo D. Ramos
10.1128/mra.01057-18	2018	Draft Genome Sequences of Two Carbapenemase-Producing Klebsiella pneumoniae Strains Isolated from Blood Cultures	Microbiology Resource Announcements	Rémi Le Guern, Teddy Grandjean, Karine Faure, Marvin Bauduin, Éric Kipnis, Rodrigue Dessein
10.1575/1912/10215	2018	Evolutionary conservation and characterization of the metazoan amino acid response		Maja Edenius
10.3410/f.734083634.793554037	2018	Faculty Opinions recommendation of Compressive force induces reversible chromatin condensation and cell geometry dependent transcriptional response.	Faculty Opinions – Post-Publication Peer Review of the Biomedical Literature	Martin Alexander Schwartz
10.3410/f.733677800.793553928	2018	Faculty Opinions recommendation of Escherichia coli translation strategies differ across carbon, nitrogen and phosphorus limitation conditions.	Faculty Opinions – Post-Publication Peer Review of the Biomedical Literature	Ray A. Dixon
10.3410/f.733562817.793549184	2018	Faculty Opinions recommendation of Four key steps control glycolytic flux in mammalian cells.	Faculty Opinions – Post-Publication Peer Review of the Biomedical Literature	Shinya Kuroda, Satoshi Ohno
10.1101/499558	2018	G-OnRamp: A Galaxy-based platform for creating genome browsers for collaborative genome annotation	bioRxiv (Cold Spring Harbor Laboratory)	Yating Liu, Luke Sargent, Wilson Leung, Sarah C. R. Elgin, Jeremy Goecks
10.58837/chula.the.2018.10	2018	Identification and functional characterization of genes and microRNAs from Penaeus vannamei in response to pathogens and heat stress		Pakpoom Boonchuen
10.33915/etd.6142	2018	Involvement of Two Novel GRF-Type Zinc Finger Nodulins during Rhizobial Symbiotic Establishment in Medicago truncatula Nodules		Lucas Gontijo Silva Maia
10.18174/463307	2018	Next generation DNA sequencing based strategies; towards a new era for the traceability of endangered species and genetically modified organisms		Alfred J. Arulandhu
10.31390/gradschool_dissertations.4523	2018	R1 Retrotransposons in Drosophila melanogaster are Transcribed by RNA Polymerase I Upon Heat Shock		Himanshu S. Raje
10.11606/t.11.2018.tde-14082018-094015	2018	Sugarcane thi1 homologues: a molecular and functional study		Andréia Prata Vieira
10.1101/492074	2018	VAPPER: High-throughput Variant Antigen Profiling in African trypanosomes	bioRxiv (Cold Spring Harbor Laboratory)	Sara Silva Pereira, John T. Heap, Andrew R. Jones, Andrew P. Jackson
10.36877/pddbs.a0000035	2019	An automated workflow by using KNIME Analytical Platform: a case study for modelling and predicting HIV-1 protease inhibitors	Progress in Drug Discovery & Biomedical Science	Ramtin Ranji, Chanat Thanavanich, Sri Devi Sukumaran, Sila Kittiwachana, Sharifuddin M. Zain, Chee Sun Liew, Vannajan Sanghiran Lee
10.47749/t/unicamp.2019.1162221	2019	Analyses of the immunopathological and molecular mechanisms involved in cytoadherence of Plasmodium vivax		Catarina Bourgard
10.21203/rs.2.19708/v1	2019	BioTracs: A transversal framework for computational workflow standardization and traceability		Josephine Abi‐Ghanem, Djomangan Adama Ouattara
10.21203/rs.2.11228/v1	2019	Comparative functional genomics analysis of cytochrome P450 gene superfamily in wheat and maize	Research Square	Kaifa Wei, YiXuan Li
10.1016/j.actatropica.2019.105101	2019	Development of a next generation DNA sequencing-based multi detection assay for detecting and identifying Leishmania parasites, blood sources, plant meals and intestinal microbiome in phlebotomine sand flies	Acta Tropica	Ibrahim Abbasi, Abedelmajeed Nasereddin, Alon Warburg
10.18174/499304	2019	Ecological and biotechnological aspects of Aplysina-associated microorganisms		Johanna Gutleben
10.31235/osf.io/vncwe	2019	Enhancing and accelerating social science via automation: Challenges and opportunities		Tal Yarkoni, Dean Eckles, James A. J. Heathers, Margaret C. Levenstein, Paul E. Smaldino, Julia Ingrid Lane
10.21203/rs.2.12907/v2	2019	Evaluation of small ncRNAs as a possible epigenetic mechanism mediating the transition from biotrophy to necrotrophy in the life cycle of Phytophthora infestans	Research Square	Juliana González‐Tobón, Alejandra Rodríguez-Jaramillo, Laura Milena Forero, Laura Natalia González-García, Giovanna Danies, Silvia Restrepo
10.21203/rs.2.12907/v1	2019	Evaluation of small ncRNAs as a possible epigenetic mechanism mediating the transition from biotrophy to necrotrophy in the life cycle of Phytophthora infestans	Research Square	Juliana González‐Tobón, Alejandra Rodríguez-Jaramillo, Laura Milena Forero, Laura Natalia González-García, Giovanna Danies, Silvia Restrepo
10.3791/58447	2019	Exploring the Effects of Spaceflight on Mouse Physiology using the Open Access NASA GeneLab Platform	Journal of Visualized Experiments	Afshin Beheshti, Yasaman Shirazi‐Fard, Sungshin Y. Choi, Daniel C. Berrios, Samrawit Gebre, Jonathan Matthew Galazka, Sylvain V. Costes
10.3791/58447-v	2019	Exploring the Effects of Spaceflight on Mouse Physiology using the Open Access NASA GeneLab Platform	Journal of Visualized Experiments	Afshin Beheshti, Yasaman Shirazi‐Fard, Sungshin Y. Choi, Daniel C. Berrios, Samrawit Gebre, Jonathan Matthew Galazka, Sylvain V. Costes
10.21203/rs.2.1788/v1	2019	Factors other than hTau overexpression that contribute to tauopathy-like phenotype in rTg4510 mice	Research Square	Julia Gamache, Kellie A. Benzow, Colleen L. Forster, Lisa J. Kemper, Chris J.W. Hlynialuk, Eva Furrow, Karen H. Ashe, Michael D. Koob
10.3410/f.735758802.793561640	2019	Faculty Opinions recommendation of The RNA workbench 2.0: next generation RNA data analysis.	Faculty Opinions – Post-Publication Peer Review of the Biomedical Literature	Hans-Rudolf Hotz
10.3791/59589	2019	Mass Spectrometry-Based Proteomics Analyses Using the OpenProt Database to Unveil Novel Proteins Translated from Non-Canonical Open Reading Frames	Journal of Visualized Experiments	Marie A. Brunet, Xavier Roucou
10.3791/59589-v	2019	Mass Spectrometry-Based Proteomics Analyses Using the OpenProt Database to Unveil Novel Proteins Translated from Non-Canonical Open Reading Frames	Journal of Visualized Experiments	Marie A. Brunet, Xavier Roucou
10.53846/goediss-7778	2019	Nuclear NFATc1/Smad3 complexes in Smad4-deficient pancreatic cancer		Marie C. Hasselluhn
10.7287/peerj.8111v0.1/reviews/1	2019	Peer Review #1 of "From command-line bioinformatics to bioGUI (v0.1)"		
10.7287/peerj.8111v0.2/reviews/1	2019	Peer Review #1 of "From command-line bioinformatics to bioGUI (v0.2)"		
10.7287/peerj.8111v0.3/reviews/1	2019	Peer Review #1 of "From command-line bioinformatics to bioGUI (v0.3)"		
10.7287/peerj.7558v0.1/reviews/1	2019	Peer Review #1 of "The sugarcane mitochondrial genome: assembly, phylogenetics and transcriptomics (v0.1)"		
10.7287/peerj.7558v0.2/reviews/1	2019	Peer Review #1 of "The sugarcane mitochondrial genome: assembly, phylogenetics and transcriptomics (v0.2)"		
10.7287/peerj.8111v0.1/reviews/2	2019	Peer Review #2 of "From command-line bioinformatics to bioGUI (v0.1)"		
10.7287/peerj.8111v0.2/reviews/2	2019	Peer Review #2 of "From command-line bioinformatics to bioGUI (v0.2)"		
10.7287/peerj.7558v0.1/reviews/2	2019	Peer Review #2 of "The sugarcane mitochondrial genome: assembly, phylogenetics and transcriptomics (v0.1)"		
10.7287/peerj.8111v0.1/reviews/3	2019	Peer Review #3 of "From command-line bioinformatics to bioGUI (v0.1)"		
10.30707/etd2020.fornero.c	2019	Regulation Of The Microtubule Cytoskeleton And Cell Wall Development In Arabidopsis Thaliana		Christy Fornero
10.53846/goediss-7233	2019	Role of Distal Regulatory Elements in Cancer Progression and Therapy		Feda H. Hamdan
10.58837/chula.cmj.63.2.7	2019	SCN5A gene exome sequencing profile in sudden unexplained nocturnal death syndrome in Thai population	Chulalongkorn Medical Journal	Rachtipan Pitiwararom
10.1172/jci.insight.126688	2019	Sleeve gastrectomy rapidly enhances islet function independently of body weight	JCI Insight	Jonathan D. Douros, Jingjing Niu, Sophia M. Sdao, Trillian Gregg, Kelsey H. Fisher‐Wellman, Manish S. Bharadwaj, Anthony J. A. Molina, Ramamani Arumugam, Mackenzie D. Martin, Enrico G. Petretto, Matthew J. Merrins, Mark A. Herman, Jenny Tong, Jonathan E. Campbell, David A. D’Alessio
10.11606/d.59.2019.tde-08122018-112207	2019	Suporte à acessibilidade, reprodutibilidade e transparência em uma plataforma integrada de análise de dados de expressão gênica		Wilson Daniel da Silva
10.1017/s0007114519001909	2019	The association between gut microbiota composition and BMI in Chinese male college students, as analysed by next-generation sequencing	British Journal Of Nutrition	Yanrong Lv, Xiangxiang Qin, Huaijie Jia, Sirui Chen, Weiwei Sun, Xiaoxia Wang
10.53846/goediss-7646	2019	Untersuchungen zur Chemotherapieresistenz von H8N8-Tumorzellen nach Cyclophosphamid-, Doxorubicin- und 5-Fluouraciltherapie im syngenen WAP-T-Mammakarzinom-Mausmodell		O. Reinhardt
10.1109/icdcs.2019.00171	2019	Workflow Environments for Advanced Cyberinfrastructure Platforms		Rosa M. Badia, Jorge Ejarque, Francesc Lordan, Daniele Lezzi, Javier Conejero, J. Álvarez Cid-Fuentes, Yolanda Becerra, Anna Queralt
10.18261/9788215041193-2020-03	2020	3. Reproducible Data Management and AnalysisUsing R	Universitetsforlaget eBooks	Bjørn Fjukstad, Nikita Shvetsov, Therese Haugdahl Nøst, Hege Marie Bøvelstad, Till Halbach, Einar Holsbø, Knut Hansen, Lars Ailo Bongo
10.1016/j.future.2020.07.007	2020	A programming model for Hybrid Workflows: Combining task-based workflows and dataflows all-in-one	Future Generation Computer Systems	Cristian Ramon-Cortes, Francesc Lordan, Jorge Ejarque, Rosa M. Badia
10.20944/preprints202001.0378.v1	2020	Approaches for Containerized Scientific Workflows in Cloud Environments with Applications in Life Science	Preprints.org	Ola Spjuth, Marco Capuccini, Matteo Carone, Anders Larsson, Wesley Schaal, Jon Ander Novella, Oliver Stein, Morgan Ekmefjord, Paolo Di Tommaso, Evan W. Floden, Cédric Notredame, Pablo A Moreno, Payam Emami Khoonsari, Stephanie Herman, Kim Kultima, Samuel Lampa
10.31080/asms.2020.04.0767	2020	BactClass: Simplifying the Use of Machine Learning in Biology and Medicines	Acta Scientific Medical Sciences	Tian Tong Liu, Maurice HT Ling
10.1101/2020.04.15.043596	2020	Bio-Node – Bioinformatics in the Cloud	bioRxiv (Cold Spring Harbor Laboratory)	Yannick Spreen, Max J. Miller
10.1101/2020.02.16.951624	2020	BioTracs: A transversal framework for computational workflow standardization and traceability	bioRxiv (Cold Spring Harbor Laboratory)	Josephine Abi‐Ghanem, Djomangan Adama Ouattara
10.20944/preprints201910.0146.v2	2020	CSI NGS Portal: An Online Platform for Automated NGS Data Analysis and Sharing	Preprints.org	Ömer An, Kar‐Tong Tan, Ying Li, Jia Li, Chan-Shuo Wu, Bin Zhang, Leilei Chen, Henry He Yang
10.21203/rs.3.rs-17940/v2	2020	Calculating the Most Likely Intron Splicing Orders in S. pombe, Fruit Fly, Arabidopsis thaliana, and Humans	Research Square	Meng Li
10.21203/rs.3.rs-128918/v1	2020	Chloroplast Genome of Rambutan and Comparative Analyses in Sapindaceae	Research Square	Fei Dong, Zhicong Lin, Jing Fung Lin, Ray Ming, Wenping Zhang
10.31219/osf.io/2s8he	2020	Considerations for mosquito microbiome research from the Mosquito Microbiome Consortium		Nsa Dada, Natapong Jupatanakul, Guillaume Minard, Sarah M. Short, Jewelna E. B. Akorli, Luis Eduardo Martínez Villegas
10.21203/rs.3.rs-17459/v1	2020	Cooperation between Caenorhabditis elegans COMPASS and condensin in germline chromatin organization		Marion Herbette, Valérie J. P. Robert, Aymeric Bailly, Loïc Gely, Robert Feil, David Llères, Francesca Palladino
10.21203/rs.3.rs-59423/v1	2020	Development and characterization of thirteen novel microsatellite markers for use in Greenland sharks (Somniosus microcephalus), with cross-amplification in Pacific sleeper sharks (Somniosus pacificus)	Research Square	Meaghan A Swintek, Ryan P. Walter
10.21203/rs.3.rs-59423/v2	2020	Development and characterization of thirteen novel microsatellite markers for use in Greenland sharks (Somniosus microcephalus), with cross-amplification in Pacific sleeper sharks (Somniosus pacificus)	Research Square	Meaghan A Swintek, Ryan P. Walter
10.1101/2020.12.14.422622	2020	Development of additional microsatellite primers for the mangrove tree species Avicennia germinans	bioRxiv (Cold Spring Harbor Laboratory)	Hayley Craig, Ilka C. Feller, Jennifer K. Rowntree
10.18297/etd/3393	2020	Development of rationally designed live attenuated vaccines for Lassa fever and Venezuelan equine encephalitis.		Dylan M. Johnson
10.1055/s-0040-1712968	2020	Exchange of Clinical and Omics Data According to FAIR Principles: A Review of Open Source Solutions	Methods of Information in Medicine	Philipp Pugliese, Christian Knell, Jan Christoph
10.21037/tcr-20-3168	2020	Factors to be considered in designing frameworks for automated bioinformatics pipelines—a perspective based on application setting	Translational Cancer Research	Yuan-Mao Hung, Liang‐Chuan Lai
10.3410/f.733562817.793575560	2020	Faculty Opinions recommendation of Four key steps control glycolytic flux in mammalian cells.	Faculty Opinions – Post-Publication Peer Review of the Biomedical Literature	Ann Louise Olson
10.21203/rs.3.rs-25381/v2	2020	GWAS unveils features between early- and late-flowering pearl millets	Research Square	Oumar Diack, Ghislain Kanfany, Mame Codou Guèye, Ousmane Sy, Amadou Fofana, Hamidou Tall, Desalegn D. Serba, Leila Zekraoui, Cécile Berthouly‐Salazar, Yves Vigouroux, Diaga Diouf, Ndjido Ardo Kane
10.21203/rs.3.rs-25381/v1	2020	GWAS unveils features between early- and late-flowering pearl millets	Research Square	Oumar Diack, Ghislain Kanfany, Mame Codou Guèye, Ousmane Sy, Amadou Fofana, Hamidou Tall, Desalegn D. Serba, Leila Zekraoui, Cécile Berthouly‐Salazar, Yves Vigouroux, Diaga Diouf, Ndjido Ardo Kane
10.21203/rs.3.rs-25381/v3	2020	GWAS unveils features between early- and late-flowering pearl millets	Research Square	Oumar Diack, Ghislain Kanfany, Mame Codou Guèye, Ousmane Sy, Amadou Fofana, Hamidou Tall, Desalegn D. Serba, Leila Zekraoui, Cécile Berthouly‐Salazar, Yves Vigouroux, Diaga Diouf, Ndjido Ardo Kane
10.21203/rs.3.rs-25381/v4	2020	GWAS unveils features between early- and late-flowering pearl millets	Research Square	Oumar Diack, Ghislain Kanfany, Mame Codou Guèye, Ousmane Sy, Amadou Fofana, Hamidou Tall, Desalegn D. Serba, Leila Zekraoui, Cécile Berthouly‐Salazar, Yves Vigouroux, Diaga Diouf, Ndjido Ardo Kane
10.31274/etd-20210114-64	2020	Hepatic peroxisome and its implications on cardiac function, inflammation and aging		Kerui Huang
10.21203/rs.3.rs-47952/v1	2020	Improving CLIP-Seq Data Analysis by Incorporating Transcript Information	Research Square	Michaël Uhl, Dinh Van Tran, Rolf Backofen
10.21203/rs.3.rs-47952/v2	2020	Improving CLIP-seq data analysis by incorporating transcript information	Research Square	Michaël Uhl, Van Dinh Tran, Rolf Backofen
10.20944/preprints202004.0253.v1	2020	Optimizing Open Data to Support One Health: Best Practices to Ensure Interoperability of Genomic Data from Microbial Pathogens	Preprints.org	Ruth Timme, William J. Wolfgang, Maria Balkey, Sai Laxmi Gubbala Venkata, Robyn Randolph, Marc William Allard, Errol A. Strain
10.47749/t/unicamp.2020.1162273	2020	Padrão de expressão e mecanismos de regulação dos genes das hemoglobinas na próstata		Isabella Barbutti Gonçalves
10.7287/peerj.8705v0.1/reviews/1	2020	Peer Review #1 of "Alternative dietary protein and water temperature influence the skin and gut microbial communities of yellowtail kingfish (Seriola lalandi) (v0.1)"		
10.7287/peerj.8705v0.2/reviews/1	2020	Peer Review #1 of "Alternative dietary protein and water temperature influence the skin and gut microbial communities of yellowtail kingfish (Seriola lalandi) (v0.2)"		
10.7287/peerj.9939v0.1/reviews/1	2020	Peer Review #1 of "An empirical examination of sample size effects on population demographic estimates in birds using single nucleotide polymorphism (SNP) data (v0.1)"		
10.7287/peerj.9939v0.2/reviews/1	2020	Peer Review #1 of "An empirical examination of sample size effects on population demographic estimates in birds using single nucleotide polymorphism (SNP) data (v0.2)"		
10.7287/peerj.9618v0.1/reviews/1	2020	Peer Review #1 of "There is no magic bullet: the importance of testing reference gene stability in RT-qPCR experiments across multiple closely related species (v0.1)"		
10.7287/peerj.9618v0.2/reviews/1	2020	Peer Review #1 of "There is no magic bullet: the importance of testing reference gene stability in RT-qPCR experiments across multiple closely related species (v0.2)"		
10.7287/peerj.8705v0.1/reviews/2	2020	Peer Review #2 of "Alternative dietary protein and water temperature influence the skin and gut microbial communities of yellowtail kingfish (Seriola lalandi) (v0.1)"		
10.7287/peerj.8705v0.2/reviews/2	2020	Peer Review #2 of "Alternative dietary protein and water temperature influence the skin and gut microbial communities of yellowtail kingfish (Seriola lalandi) (v0.2)"		
10.7287/peerj.9939v0.1/reviews/2	2020	Peer Review #2 of "An empirical examination of sample size effects on population demographic estimates in birds using single nucleotide polymorphism (SNP) data (v0.1)"		
10.7287/peerj.9939v0.2/reviews/2	2020	Peer Review #2 of "An empirical examination of sample size effects on population demographic estimates in birds using single nucleotide polymorphism (SNP) data (v0.2)"		
10.7287/peerj.9618v0.1/reviews/2	2020	Peer Review #2 of "There is no magic bullet: the importance of testing reference gene stability in RT-qPCR experiments across multiple closely related species (v0.1)"		
10.7287/peerj.9618v0.2/reviews/2	2020	Peer Review #2 of "There is no magic bullet: the importance of testing reference gene stability in RT-qPCR experiments across multiple closely related species (v0.2)"		
10.7287/peerj.8705v0.1/reviews/3	2020	Peer Review #3 of "Alternative dietary protein and water temperature influence the skin and gut microbial communities of yellowtail kingfish (Seriola lalandi) (v0.1)"		
10.7287/peerj.8705v0.1/reviews/4	2020	Peer Review #4 of "Alternative dietary protein and water temperature influence the skin and gut microbial communities of yellowtail kingfish (Seriola lalandi) (v0.1)"		
10.25148/etd.fidc008966	2020	Phylogenetic and Transcriptomic Analyses of Vision in Two Cave Adapted Crustaceans, Asellus aquaticus (Isopoda: Asellidae) and Niphargus hrabei (Amphipoda: Niphargidae).		Jorge L Perez Moreno
10.21203/rs.3.rs-39202/v1	2020	Sex Differences in Dietary Copper-Fructose Interaction-Induced Alterations of Gut Microbial Activity are Not Correlated to Hepatic Steatosis	Research Square	Ming Song, Fang Yuan, Xiaohong Li, Xipeng Ma, Xinmin Yin, Eric Christian Rouchka, Xiang Zhang, Zhongbin Deng, Russell A. Prough, Craig James McClain
10.21203/rs.3.rs-120052/v1	2020	Starvation causes changes in the intestinal transcriptome and microbiome that are reversed upon refeeding	Research Square	Jayanth Jawahar, Alexander W. McCumber, Colin R. Lickwar, Caroline R. Amoroso, Sol Gómez de la Torre Canny, Sandi Wong, Brendan J. M. Bohannan, Karen J. Guillemin, John Franklin Rawls
10.21203/rs.3.rs-18225/v1	2020	The importance of incorporating transcript information in CLIP-seq data analysis		Michaël Uhl, Tran Van Dinh, Rolf Backofen
10.21203/rs.3.rs-88679/v1	2020	Transcriptional network involving ERG and AR orchestrates Distal-Less Homeobox 1 mediated prostate cancer progression	Research Square	Sakshi Goel, Vipul Bhatia, Shannon Carskadon, Nilesh S. Gupta, Mohammad Asim, Nallasivam Palanisamy, Bushra Ateeq
10.29007/rh7n	2020	Visualizing Omics Data from Spaceflight Samples using the NASA GeneLab Platform	EPiC series in computing	Daniel C. Berrios, Eric M. Weitz, Kirill A. Grigorev, Sylvain V. Costes, Samrawit Gebre, Afshin Beheshti
10.18260/1-2--35545	2020	WIP: Improving Student Engagement in Undergraduate Bioinformatics Through Research Contributions	2020 ASEE Virtual Annual Conference Content Access Proceedings	Jessica D. Kaufman
10.37247/pacr.1.2020.5	2020	Whole Exome Sequencing Data Analysis Algorithms in Cancer Diagnostics	Vide Leaf, Hyderabad eBooks	Áron Bartha, Balázs Győrffy
10.21769/bioprotoc.3912	2021	A Pipeline for Non-model Organisms for de novo Transcriptome Assembly, Annotation, and Gene Ontology Analysis Using Open Tools: Case Study with Scots Pine	BIO-PROTOCOL	Gustavo Turqueto Duarte, Polina Yu., Stanislav Geras’kin
10.18174/546586	2021	A first glimpse of the molecular mechanism behind Ty-1, an atypical dominant resistance gene		Corien M. Voorburg
10.53846/goediss-8844	2021	Analysis of the JA-Ile-independent function of COI1 in Arabidopsis thaliana upon infection with Verticillium longisporum		Louisa Ulrich
10.20944/preprints202104.0363.v1	2021	Changes on Bacterial and Fungal Soil Communities in Long-Term Organic Cropping Systems	Preprints.org	Jessica Cuartero, Onurcan Özbolat, Virginia Sánchez‐Navarro, Marcos Egea‐Cortines, Raúl Zornoza, Loredana Canfora, Luigi Orrù, José Antonio Pascual, Juana-María Vivo, Margarita Ros
10.21203/rs.3.rs-380784/v1	2021	Characterization of the Virome Associated With Haemagogus Mosquitoes in Trinidad, West Indies	Research Square	Renee L. M. N. Ali, J. Jayaraj, Azad Mohammed, C. Chinnaraja, Christine V. F. Carrington, David W. Severson, Adesh Ramsubhag
10.21203/rs.3.rs-493200/v1	2021	Cooperative interaction between ERα and the EMT-inducer ZEB1 reprograms breast cancer cells for metastasis	Research Square	Nastaran Mohammadi Ghahhari, Magdalena K. Sznurkowska, Nicolas Hulo, Lilia Bernasconi, Nicola Aceto, Didier Picard
10.1111/acps.13388/v1/decision1	2021	Decision letter for "A Generalizable Speech Emotion Recognition Model Reveals Depression and Remission"		
10.1111/acps.13388/v2/decision1	2021	Decision letter for "A Generalizable Speech Emotion Recognition Model Reveals Depression and Remission"		
10.1111/acps.13388/v3/decision1	2021	Decision letter for "A Generalizable Speech Emotion Recognition Model Reveals Depression and Remission"		
10.21203/rs.3.rs-59423/v3	2021	Development and characterization of thirteen novel microsatellite markers for use in Greenland sharks (Somniosus microcephalus), with cross-amplification in Pacific sleeper sharks (Somniosus pacificus)	Research Square	Meaghan A Swintek, Ryan P. Walter
10.58837/chula.the.2021.28	2021	Epiphytic microbiota of kai Cladophora sp. from Nan River, Nan Province, Thailand		Karnjana Ruen-Pham, Anchittha Satjarak
10.3410/f.738112360.793581587	2021	Faculty Opinions recommendation of Epigenetic competition reveals density-dependent regulation and target site plasticity of phosphorothioate epigenetics in bacteria.	Faculty Opinions – Post-Publication Peer Review of the Biomedical Literature	Pinghua Liu
10.3410/f.727609300.793581674	2021	Faculty Opinions recommendation of RNA polymerase III subunit POLR3G regulates specific subsets of polya+ and smallrna transcriptomes and splicing in human pluripotent stem cells.	Faculty Opinions – Post-Publication Peer Review of the Biomedical Literature	Benoit Coulombe
10.21203/rs.3.rs-434221/v1	2021	Fibromyalgia-Associated Hyperalgesia and Psychopathological Alterations are Unrelated to Gut Microbiome Diversity	Research Square	Thomas C. Weber, Eva Tatzl, Karl Kashofer, Magdalena Holter, Slave Trajanoski, Andrea Berghold, Ákos Heinemann, Peter D. Holzer, Michael Karl Herbert
10.1371/journal.pcbi.1009014	2021	Galaxy-ML: An accessible, reproducible, and scalable machine learning toolkit for biomedicine	PLoS Computational Biology	Qiang Gu, Anup Kumar, Simon A. Bray, Allison Creason, Alireza Khanteymoori, Vahid Jalili, Björn Andreas Grüning, Jeremy Goecks
10.58837/chula.the.2021.412	2021	Genetic characterizations, virulence, antimicrobial resistances and resistome analysis of vibrio spp. Isolated from farmed Asian sea bass (Lates Calcarifer) in Thailand		Hartanto Mulyo Raharjo
10.21203/rs.3.rs-1131116/v1	2021	Genome-wide Investigation of Genetic Diversity in the Poultry Red Mite, Dermanyssus Gallinae, From European Farms Utilising a NGS-Multiplex Platform	Research Square	Eleanor Karp‐Tatham, Dong Xia, Alasdair J. Nisbet, Teresa Letra Mateus, Fiona M. Tomley, Damer P. Blake
10.21203/rs.3.rs-796525/v1	2021	Gut mucus layer degradation is associated with aggressive cervical cancer phenotype	Research Square	Lauren Elizabeth Colbert
10.21203/rs.3.rs-674720/v1	2021	Histone Deacetylase 3 Associates With Key Regulators of NFκB Signaling in Lung Epithelial Cells Under Stimulation With LPS.	Research Square	Brent A. Stanfield, Erik J. Soderblom, Scott M. Palmer, Bruce A. Sullenger, J. Todd Purves, Karen E. Welty‐Wolf, Suresh Agarwal, George Kasotakis
10.21776/ub.jfmr.2021.005.01.11	2021	IDENTIFIKASI KOMUNITAS DIATOM YANG BERASOSIASI PADA MAKROALGA PADINA SP. DI PERAIRAN PULAU PRAMUKA DAN SEMAK DAUN MELALUI PENDEKATAN METAGENOMIK	JFMR-Journal of Fisheries and Marine Research	Ardian Cahyo Pambudi
10.21203/rs.3.rs-1189424/v1	2021	Identification of associated molecular events in Helicobacter pylori infection and gastric cancer through integrated computational analysis of Microarray and RNA-Seq datasets	Research Square	Sabaoon Zeb, Rehan Zafar Paracha, Maryum Nisar, Rimsha Khalid, Zartasha Mustansar, Samawia Rizwan, Saddia Bano
10.47749/t/unicamp.2021.1248146	2021	Identificação de variantes no gene CFTR e nos genes ANO1, CLCN2, SCNN1A e SCNN1B e sua relação moduladora na fibrose cística		Stéphanie Villa-Nova Pereira
10.21203/rs.3.rs-144182/v1	2021	Increased whiB7 Expression and Antibiotic Resistance in Mycobacterium Chelonae Carrying Two Prophages	Research Square	Jaycee Cushman, Emma Freeman, Sarah McCallister, Anna Schumann, Keith W. Hutchison, Sally D. Molloy
10.24251/hicss.2021.836	2021	Insight from a Containerized Kubernetes Workload Introspection	Proceedings of the ... Annual Hawaii International Conference on System Sciences/Proceedings of the Annual Hawaii International Conference on System Sciences	Thomas Watts, Ryan Benton, Jordan Shropshire, David M. Bourrie
10.21203/rs.3.rs-1194570/v1	2021	LINE-1 and Alu methylation Signatures in Autism Spectrum Disorder and Their Function in The Regulation of Autism-Related Genes	Research Square	Thanit Saeliw, Tiravut Permpoon, Nutta Iadsee, Tewin Tencomnao, Tewarit Sarachana, Daniel Green, Chanachai Sae‐Lee
10.46471/gigabyte.36	2021	Long-read assemblies reveal structural diversity in genomes of organelles – an example with Acacia pycnantha	Gigabyte	Anna Syme, Todd G. B. McLay, Frank Udovicic, David J. Cantrill, Daniel J. Murphy
10.3791/61731	2021	MS2-Affinity Purification Coupled with RNA Sequencing in Gram-Positive Bacteria	Journal of Visualized Experiments	Noémie Mercier, Karine Prévost, Éric Massé, Pascale Romby, Isabelle Caldelari, David Lalaouna
10.21203/rs.3.rs-936630/v1	2021	Metavirome Survey of Eight Ray-Finned Fishes Revealed Domination of Giant Viral Members of Pandoravirus and Megaviricetes	Research Square	Fatemeh Sana Askari, Alireza Mohebbi
10.15514/ispras-2021-33(1)-11	2021	Mitigating Uncertainty in Developing Scientific Applications in Integrated Environment	Proceedings of the Institute for System Programming of RAS	Andrei Nikolaevitch Tchernykh, Igor Vyacheslavovich Bychkov, Alexander Gennadevich Feoktistov, Sergei Alexeevich Gorsky, Ivan Sidorov, Roman Olegovich Kostromin, А. Еделев, V. I. Zorkaltsev, Arutyun Ishkhanovich Avetisyan
10.53846/goediss-8451	2021	Molecular mechanisms of TBX5-related conduction disorders		Franziska S Rathjens
10.53846/goediss-8819	2021	Molecular mechanisms underlying cortical (mal)formation: case studies of ESCO2 and EXOSC10		Pauline Antonie Ulmke
10.18174/538330	2021	Multi-omics approaches for biosynthetic pathway prediction in plants		Hernando G. Suárez Duran
10.53846/goediss-8691	2021	NFATc1 driven ER-stress responses in the progression of non-alcoholic fatty liver disease		Muhammad Umair Latif
10.18174/532060	2021	Natural variation in viral susceptibility of Caenorhabditis elegans		Lisa van Sluijs
10.5114/ada.2021.106028	2021	Novel Demodex detection method involving non-invasive sebum collection and next-generation sequencing	Advances in Dermatology and Allergology	Michał Jacek Kowalczyk, Natalia Derebecka, Ryszard Wiesław Żaba, Joanna Wesoły, Piotr Pawlak, Anna K. Szkaradkiewicz, Amie Maher, Kevin A. Kavanagh
10.31219/osf.io/uxrg5	2021	Overcoming Data Bottlenecks In Genomic Pathogen Surveillance		Ayorinde O. Afolayan, Johan Fabian Bernal, June M Gayeta, Melissa Masim, Varun Shamanna, Monica I. Abrudan, Khalil Abudahab, Silvia Argimón, Celia Carlos, Sonia B. Sia, K. Ravikumar, Iruka N. Okeke, Pilar Donado-Godoy, David M. Aanensen, Anthony P. Underwood
10.7287/peerj.12576v0.1/reviews/1	2021	Peer Review #1 of "Functional analysis of a Phytophthora host-translocated effector using the yeast model system (v0.1)"		
10.7287/peerj.12576v0.1/reviews/2	2021	Peer Review #2 of "Functional analysis of a Phytophthora host-translocated effector using the yeast model system (v0.1)"		
10.7287/peerj.12576v0.2/reviews/3	2021	Peer Review #3 of "Functional analysis of a Phytophthora host-translocated effector using the yeast model system (v0.2)"		
10.21203/rs.3.rs-544257/v2	2021	Pharmacologically Induced Weight Loss Is Associated With Distinct Gut Microbiome Changes In Obese Rats	Research Square	Silvia Raineri, Julia A. Sherriff, Kevin S. J. Thompson, Huw Dylan Jones, Paul Thomas Pfluger, Nicholas Edward Ilott, Jane Mellor
10.21203/rs.3.rs-544257/v1	2021	Pharmacologically induced weight loss is associated with distinct gut microbiome changes in obese rats	Research Square	Silvia Raineri, Julia A. Sherriff, Kevin S. J. Thompson, Huw Dylan Jones, Paul Thomas Pfluger, Nicholas Edward Ilott, Jane Mellor
10.1111/acps.13388/v2/review2	2021	Review for "A Generalizable Speech Emotion Recognition Model Reveals Depression and Remission"		
10.1111/acps.13388/v2/review1	2021	Review for "A Generalizable Speech Emotion Recognition Model Reveals Depression and Remission"		
10.1111/acps.13388/v1/review2	2021	Review for "A Generalizable Speech Emotion Recognition Model Reveals Depression and Remission"		
10.1111/acps.13388/v1/review1	2021	Review for "A Generalizable Speech Emotion Recognition Model Reveals Depression and Remission"		
10.14418/wes01.1.2421	2021	Shifting Transcriptomes In Changing Waters		Rebecca Nicole Lopez-Anido
10.21037/tlcr-20-740	2021	Simultaneous analysis of ALK, RET, and ROS1 gene fusions by NanoString in Brazilian lung adenocarcinoma patients	Translational Lung Cancer Research	Lázaro Antônio Campanha Novaes, Luciane Sussuchi da Silva, Pedro De Marchi, Rodrigo de Oliveira Cavagna, Flávia Escremim de Paula, Maicon Fernando Zanon, Adriane Feijó Evangelista, Eduardo Caetano Albino da Silva, Vinícius Duval da Silva, Letícia Ferro Leal, Rui Manuel Reis
10.21203/rs.3.rs-1005475/v1	2021	The Influence of Maternal Unhealthy Diet On Maturation of Offspring Gut Microbiota in Rat	Research Square	Kyoko Hasebe, Michael D. Kendig, Nadeem O. Kaakoush, Aynaz Tajaddini, Reginald Frederick Westbrook, Margaret J. Morris
10.5070/rj515355191	2021	Virus discovery in winter-growing perennial plants of southern California sage scrub habitat	UC Riverside Undergraduate Research Journal Submit	Amani Helo, Tessa M. Shates, Kerry Elizabeth Mauck
10.22541/au.163845474.49811073/v1	2021	easyfm: An easy software suite for file manipulation of Next Generation Sequencing data on desktops		Hyungtaek Jung, Brendan Jeon, Daniel Ortíz-Barrientos
10.2139/ssrn.4116077	2022	A Transcriptome Meta-Analysis of Ethanol Embryonic Exposure: Implications in Neurodevelopment and Neuroinflammatory Genes	SSRN Electronic Journal	Vinícius Oliveira Lord, Giovanna Câmara Giudicelli, Mariana Recamonde‐Mendoza, Fernanda Sales Luiz Vianna, Thayne Woycinck Kowalski
10.1101/2022.12.17.520857	2022	A subclass of the IS 1202 family of bacterial insertion sequences targets XerCD recombination sites	bioRxiv (Cold Spring Harbor Laboratory)	Patricia Siguier, Philippe Rousseau, François Cornet, Michaël Chandler
10.33540/1179	2022	Adaptations of hospital-acquired Enterococcus faecium		Vincent de Maat
10.1093/gigascience/giad028	2022	An accessible infrastructure for artificial intelligence using a Docker-based JupyterLab in Galaxy	GigaScience	Anup Kumar, Gianmauro Cuccuru, Björn Andreas Grüning, Rolf Backofen
10.21203/rs.3.rs-1714251/v1	2022	An integrated analysis of whole transcriptome and epigenome data reveals ENSR00000272060, an enhancer RNA, as a potential diagnostic biomarker in gastric cancer	Research Square	Basireh Bahrami, Markus Wolfien, Parvaneh Nikpour
10.3390/v14102205	2022	Catching the Wave: Detecting Strain-Specific SARS-CoV-2 Peptides in Clinical Samples Collected during Infection Waves from Diverse Geographical Locations	Viruses	Subina Mehta, Valdemir Melechco Carvalho, Andrew T. Rajczewski, Olivier Pible, Björn Andreas Grüning, James E. Johnson, Reid Wagner, Jean Armengaud, Timothy J. Griffin, Pratik Jagtap
10.3390/books978-3-0365-4027-6	2022	Coronaviruses Research in BRICS Countries		Burtram Clinton Fielding, Georgia Schäfer
10.3897/rio.8.e93937	2022	Creating lightweight FAIR Digital Objects with RO-Crate	Research Ideas and Outcomes	Stian Soiland‐Reyes, Peter Sefton, Leyla Jael Castro, Frederik Coppens, Daniel Garijo, Simone Leo, Marc Portier, Paul Thomas Groth
10.1101/2022.11.10.514243	2022	Customized genomes for human and mouse ribosomal DNA mapping	bioRxiv (Cold Spring Harbor Laboratory)	Subin S. George, Maxim Pimkin, Vikram R. Paralkar
10.2139/ssrn.4009678	2022	Degradation of Mcpa, Metolachlor and Propiconazole in the Hyporheic Zone of an Agriculturally Impacted River	SSRN Electronic Journal	Tina Bundgaard Bech, Thomas Stherer, Rasmus Jakobsen, Nora Badawi, Morten Dencker Schostag, Klaus Hinsby, Jens Aamand, Jennifer Hellal
10.12932/ap-251022-1489	2022	Did variants in inborn errors of immunity genes contribute to the extinction of Neanderthals?	Asian Pacific Journal of Allergy and Immunology	Zijun Zhou, Sigrid M. A. Swagemakers, Mirthe S. Lourens, Narissara Suratannon, Peter J. van der Spek, Virgil A. S. H. Dalm, Willem A. Dik, Hanna IJspeert, Petrus Martin van Hagen
10.1101/2022.10.09.511471	2022	Differences in activity and stability drive transposable element variation in tropical and temperate maize	bioRxiv (Cold Spring Harbor Laboratory)	Shujun Ou, Tyler C. Collins, Yinjie Qiu, Arun Somwarpet Seetharam, Claire C. Menard, Nancy Manchanda, Jonathan Isaiah Gent, Michael C. Schatz, Sarah N. Anderson, Matthew B. Hufford, Candice N. Hirsch
10.11606/d.42.2022.tde-14102022-121941	2022	Diversidade e distribuição de procariotos na zona mesopelágica da Bacia de Santos - Brasil		Rebeca Graciela Matheus Lizarraga
10.21203/rs.3.rs-763068/v1	2022	Dynamics of Nuclear Matrix Attachment Regions During 5th Instar Posterior Silk Gland Development in Bombyx Mori	Research Square	Alekhya Rani Chunduri, Resma Rajan, Anugata Lima, Senthilkumar Ramamoorthy, Anitha Mamillapalli
10.3389/fcimb.2022.1031814	2022	Effects of Hst3p inhibition in Candida albicans: a genome-wide H3K56 acetylation analysis	Frontiers in Cellular and Infection Microbiology	Marisa Conte, Daniela Eletto, Martina Pannetta, Anna M. Petrone, Maria Cristina Monti, Chiara Cassiano, Giorgio Giurato, Francesca Maria Rizzo, Peter Tessarz, Antonello Petrella, Alessandra Tosco, Amalia Porta
10.1016/j.future.2022.04.014	2022	Enabling dynamic and intelligent workflows for HPC, data analytics, and AI convergence	Future Generation Computer Systems	Jorge Ejarque, Rosa M. Badia, Loïc Albertin, Giovanni Aloisio, Enrico Baglione, Yolanda Becerra, Stefan Boschert, Julian R. Berlin, Alessandro D’Anca, Donatello Elia, François Exertier, Sandro Fiore, José Flich, Arnau Folch, Steven J. Gibbons, Nikolay Koldunov, Francesc Lordan, Stefano Lorito, Finn 
10.1093/plphys/kiac471	2022	Epigenetic nature of Arabidopsis thaliana telomeres	PLANT PHYSIOLOGY	María I. Vaquero-Sedas, Miguel A. Vega-Palas
10.1093/bioinformatics/btac763	2022	Evaluating homophily in networks via HONTO (HOmophily Network TOol): a case study of chromosomal interactions in human PPI networks	Bioinformatics	Nicola Apollonio, Daniel Blankenberg, Fabio Cumbo, Paolo Giulio Franciosa, Daniele Santoni
10.1016/j.drup.2022.100911	2022	Evolution of RND efflux pumps in the development of a successful pathogen	Drug Resistance Updates	Varsha Naidu, Amelia Bartczak, Anthony J. Brzoska, Peter John Lewis, Bart A. Eijkelkamp, Ian T. Paulsen, Liam D. H. Elbourne, Karl A. Hassan
10.21203/rs.3.rs-1748115/v1	2022	Exosomal circRNA-miRNA Expression profile from plasma in Alzheimer’s Disease Patients by Bioinformatics and Integrative Analysis	Research Square	Nail Beşli, Bahar Sarikamis, Rabia Kalkan Cakmak, Ulkan Kilic
10.1098/rsta.2021.0300	2022	FAIR data pipeline: provenance-driven data management for traceable scientific workflows	Philosophical Transactions of the Royal Society A Mathematical Physical and Engineering Sciences	Sonia Mitchell, Andrew Lahiff, Nathan Cummings, J. Hollocombe, Bram Boskamp, Ryan Field, Dennis Reddyhoff, Kristian Zarebski, Antony Wilson, B. Viola, Martin P. Burke, Blair Archibald, Paul Richard Bessell, Richard Blackwell, Lisa Boden, Alys Brett, Sam Brett, Ruth Dundas, Jessica A. Enright, Alejan
10.1093/bioadv/vbac088	2022	GPU-accelerated and pipelined methylation calling	Bioinformatics Advances	Yilin Feng, Gulsum Gudukbay Akbulut, Xulong Tang, Jashwant Raj Gunasekaran, Amatur Rahman, Paul Medvedev, Mahmut Kandemir
10.21203/rs.3.rs-1939694/v1	2022	Gene Expression Analysis of RNA-Seq Data from Human Osteoarthritis Knee	Research Square	R Nandhakumar, Elakkiya Elumalai, Krishna Kant Gupta
10.2139/ssrn.4135722	2022	Genomic Analyses of Iron Age Cattle Specimens from Althiburos, Tunisia, Support an Independent and Local Origin of African Taurine Cattle in the Maghreb	SSRN Electronic Journal	Catarina Ginja, Silvía Guimarães, Rute R. da Fonseca, Rita Rasteiro, Ricardo Varela, Luciana G. Simões, MARIA DEL CARMEN BELARTE FRANCO, Nabil Kallala, Joan Ramón Torres, Joan Sanmartí Grego, Ana Margarida Arruda, Cleia Detry, Simon Davis, José Matos, Anders Götherström, Ana Elisabete Pires, Sílvia 
10.3390/antibiotics11101395	2022	Genomic Diversity of NDM-Producing Klebsiella Species from Brazil, 2013–2022	Antibiotics	Carlos Henrique Camargo, Amanda Yaeko Yamada, Andréia Rodrigues de Souza, Alex Domingos Reis, Marlon Benedito Nascimento Santos, Denise Brandão de Assis, Enéas Carvalho, Elizabeth Harummyy Takagi, Marcos Paulo Vieira Cunha, Monique Ribeiro Tiba‐Casas
10.32657/10356/162155	2022	Genomic epidemiology and resistome of Acinetobacter calcoaceticus-baumannii complex in the host and non-hospital environment		Soon Keong Wee
10.21203/rs.3.rs-1386537/v1	2022	Hydrogenotrophic bacteria of Arctic hydrothermal vent plumes belong to a novel cosmopolitan branch of aerobic deep-sea Sulfurimonas	Research Square	Massimiliano Molari, Christiane Hassenrueck, Rafael Laso-Pérez, Gunter Wegener, Pierre Offre, Stefano Scilipoti, Antje Boëtius
10.1186/s43008-022-00104-3	2022	IMA genome‑F17	IMA Fungus	Brenda Diana Wingfield, Dave Kenneth Berger, Martin P. A. Coetzee, Tuan A. Duong, Anke Martin, Nam Q. Pham, Noëlani van den Berg, P. Markus Wilken, Kiruba Shankari Arun-Chinnappa, Irene Barnes, Sikelela Buthelezi, Buddhika A. Dahanayaka, Álvaro Durán, Juanita Engelbrecht, Alice Feurtey, Arista Fouri
10.1101/2022.04.11.487822	2022	Influence of RNA circularity on Target RNA-Directed MicroRNA Degradation	bioRxiv (Cold Spring Harbor Laboratory)	Federico Fuchs Wightman, Jerónimo Lukin, Sebastián A. Giusti, Michael Soutschek, Laureano Bragado, Berta Pozzi, Paula González, Juan Pablo Fededa, Gerhard M. Schratt, Rina Fujiwara, Jeremy E. Wilusz, Damián Refojo, Manuel de la Mata
10.3390/tropicalmed7110384	2022	Investigating the Leishmania donovani sacp Gene and Its Role in Macrophage Infection and Survival in Mice	Tropical Medicine and Infectious Disease	Kayla Paulini, Patrick Lypaczewski, Wen‐Wei Zhang, Dilhan J. Perera, Momar Ndao, Greg Matlashewski
10.21203/rs.3.rs-1641739/v1	2022	JIPipe: Visual batch processing for ImageJ	Research Square	Marc Thilo Figge, Ruman Gerst, Zoltán Cseresnyés
10.1371/journal.ppat.1010869	2022	Karyotype variation, spontaneous genome rearrangements affecting chemical insensitivity, and expression level polymorphisms in the plant pathogen Phytophthora infestans revealed using its first chromosome-scale assembly	PLoS Pathogens	Michael E. H. Matson, Qihua Liang, Stefano Lonardi, Howard S. Judelson
10.20944/preprints202205.0364.v1	2022	LRF Promotes Indirectly Advantageous Chromatin Conformation via BGLT3-lncRNA Expression and Switch from Fetal to Adult Hemoglobin	Preprints.org	Vasiliki Chondrou, Athanasios‐Nasir Shaukat, Georgios Psarias, Katerina Athanasopoulou, Evanthia Iliopoulou, Ariadne Damanaki, Constantinos Stathopoulos, Argyro Sgourou
10.21203/rs.3.rs-1299690/v1	2022	Large-scale identification of recurrent RNA edits in human embryos suggests their role in enhancing maternal mRNA clearance	Research Square	Yang Ding, Yang Zheng, Junting Wang, Hao Li, Chenghui Zhao, Huan Tao, Yaru Li, Kang Xu, Xin Yi Huang, Ge Gao, Xiaochen Bo, Hebing Chen
10.2139/ssrn.4191907	2022	Long Term Immune and Epigenetic Dysregulation Following COVID-19: The Impact of Anti-IL-1 Treatment in the Post-Acute COVID Syndrome	SSRN Electronic Journal	Chrysanthi Sidiropoulou, Evangelos J. Giamarellos‐Bourboulis, Garyphallia Poulakou, Maria Tsilika, Spyros Foutadakis, Vassiliki Evangelopoulou, George Adamis, Aggeliki Rapti, Efthymia Giannitsioti, Styliani Symbardi, Nikoletta Charalampaki, Paraskevi Chra, Konstantinos Tsiakos, Giannis Vatsellas, Me
10.18174/575174	2022	Microbiome.config : Deciphering microbial lifestyles for rational design of plant growth promoting communities		Wasin Poncheewin
10.1016/j.envint.2022.107531	2022	Microcystin-LR aerosol induces inflammatory responses in healthy human primary airway epithelium	Environment International	Joshua D. Breidenbach, Benjamin W. French, Tamiya T. Gordon, Andrew L. Kleinhenz, Fatimah K. Khalaf, James C. Willey, Jeffrey R. Hammersley, Ronald Mark Wooten, Erin L. Crawford, Nikolaï N. Modyanov, Deepak K Malhotra, Justin Teeguarden, Steven T. Haller, David J. Kennedy
10.21203/rs.3.rs-1728412/v1	2022	Modelling clinical DNA fragmentation in the development of universal PCR-based assays for bisulfite, FFPE and cfDNA sample analysis	Research Square	Andrew D. Johnston, Darren J. Korbie, Jennifer Lu, Matt Trau
10.1101/2022.10.27.513990	2022	Modification of Seurat v4 for the development of a phase assignment tool able to distinguish between G2 and Mitotic cells	bioRxiv (Cold Spring Harbor Laboratory)	Steven James Watson, Harry Porter, Ian M. Sudbery, Ruth H. Thompson
10.7287/peerj.13952v0.1/reviews/1	2022	Peer Review #1 of "Mitochondrial cytochrome c oxidase subunit I (COI) metabarcoding of Foraminifera communities using taxon-specific primers (v0.1)"		
10.7287/peerj.13952v0.1/reviews/2	2022	Peer Review #2 of "Mitochondrial cytochrome c oxidase subunit I (COI) metabarcoding of Foraminifera communities using taxon-specific primers (v0.1)"		
10.7287/peerj.13952v0.2/reviews/2	2022	Peer Review #2 of "Mitochondrial cytochrome c oxidase subunit I (COI) metabarcoding of Foraminifera communities using taxon-specific primers (v0.2)"		
10.7287/peerj.13952v0.1/reviews/3	2022	Peer Review #3 of "Mitochondrial cytochrome c oxidase subunit I (COI) metabarcoding of Foraminifera communities using taxon-specific primers (v0.1)"		
10.7287/peerj.13952v0.2/reviews/3	2022	Peer Review #3 of "Mitochondrial cytochrome c oxidase subunit I (COI) metabarcoding of Foraminifera communities using taxon-specific primers (v0.2)"		
10.5220/0011012400003123	2022	Privacy-preserving Copy Number Variation Analysis with Homomorphic Encryption	Proceedings of the 15th International Joint Conference on Biomedical Engineering Systems and Technologies	Hüseyin Demirci, Gabriele Lenzini
10.21203/rs.3.rs-1849733/v1	2022	RNA Sequencing Analysis of Peripheral Blood Mononuclear Cells Reveals a Novel Pathway Associated with COVID-19 Deterioration	Research Square	Mami Ikemachi, Rina Ogura, Kazuya Miyagawa
10.21203/rs.3.rs-2396540/v1	2022	Reprogramming of transcriptome after hormetic heat stress by the endoribonuclease ENDU‑2 improves lifespan and stress resistance in C. elegans	Research Square	Fan Xu, Erika Donner von Gromoff, Friedel Drepper, Bettina Liebowitz Knapp, Bettina Warscheid, Ralf Baumeister, Wenjing Qi
10.47749/t/unicamp.2022.1250262	2022	Resposta de espécies de eucalipto à disponibilidade de fósforo no solo		Rafaela Gageti Bulgarelli
10.1016/j.virol.2022.10.006	2022	Revisiting the amalgaviral landscapes in plant transcriptomes expands the host range of plant amalgaviruses	Virology	V. Kavi Sidharthan, Velayutham Rajeswari, Gayatri Vanamala, V. K. Baranwal
10.21203/rs.3.rs-2012542/v1	2022	Revisiting the amalgaviral landscapes in plant transcriptomes expands the host range of plant amalgaviruses	Research Square	V. Kavi Sidharthan, Velayutham Rajeswari, Gayatri Vanamala, V. K. Baranwal
10.22541/au.166903225.57215763/v1	2022	Species composition of shoreline wolf spider communities vary with salinity but their diets vary with wrack inflow		Peter A. Hambäck, Alyssa R. Cirtwill, Magdalena Grudzinska‐Sterno, Alexander Hoffmann, Marie Langbak, David Åhlén
10.21203/rs.3.rs-1357296/v1	2022	TRIM24 controls induction of latent HIV-1 by stimulating transcriptional elongation	Research Square	Riley M. Horvath, Matthew S. Dahabieh, Tom Malcolm, Ivan Sadowski
10.1371/journal.pcbi.1010669	2022	Ten quick tips for sequence-based prediction of protein properties using machine learning	PLoS Computational Biology	Qingzhen Hou, Katharina Waury, Dea Gogishvili, K. Anton Feenstra
10.1093/nar/gkac899	2022	The new uORFdb: integrating literature, sequence, and variation data in a central hub for uORF research	Nucleic Acids Research	Felix Manske, Lynn Ogoniak, Lara Jürgens, Norbert Grundmann, Wojciech Makałowski, Klaus Wethmar
10.3390/ijms232314507	2022	Transcriptional Profiling Provides New Insights into Organ Culture-Induced Changes in Human Donor Corneas	International Journal of Molecular Sciences	Julian Wolf, Paola Kammrath Betancor, Philip Christian Maier, Sonja Heinzelmann, Jana Jiang, Clemens Lange, Thomas Reinhard, Günther Schlunck, Thabo Lapp
10.1101/2022.12.16.520746	2022	Transformer-based tool recommendation system in Galaxy	bioRxiv (Cold Spring Harbor Laboratory)	Anup Kumar, Björn Andreas Grüning, Rolf Backofen
10.21203/rs.3.rs-1724216/v1	2022	Using Google Colab for Easily-Implemented User-Customizable Bioinformatics Web Tools: A Case Study Through OKtool for Overlapping K-mer Retrieval	Research Square	Andrew Gao, Sarah J. Gao
10.1007/978-1-0716-2756-3_16	2022	Using “Galaxy-rCASC”: A Public Galaxy Instance for Single-Cell RNA-Seq Data Analysis	Methods in molecular biology	Pietro Mandreoli, Luca Alessandrì, Raffaele Calogero, Marco Antonio Tangaro, Federico Zambelli
10.1016/j.celrep.2022.111805	2022	ΔNp63 drives dysplastic alveolar remodeling and restricts epithelial plasticity upon severe lung injury	Cell Reports	Aaron I. Weiner, Gan Zhao, Hanna M. Zayas, Nicolas P. Holcomb, Stephanie Adams‐Tzivelekidis, Joanna Wong, Maria Elena Gentile, Dyuthi Reddy, Joey Wei, Gargi Palashikar, Kwaku K. Quansah, Andrew E. Vaughan
10.3390/cimb45120608	2023	A Bioinformatics Toolkit for Next-Generation Sequencing in Clinical Oncology	Current Issues in Molecular Biology	Simon Cabello‐Aguilar, Julie A. Vendrell, Jérôme Solassol
10.1080/14789450.2023.2265062	2023	A Galaxy of informatics resources for MS-based proteomics	Expert Review of Proteomics	Subina Mehta, Matthias Bernt, Matthew Chambers, Matthias Fahrner, Melanie Christine Föll, Bjoern Gruening, Carlos Horro, James E. Johnson, Valentin Loux, Andrew T. Rajczewski, Oliver Schilling, Yves Vandenbrouck, Ove Gustafsson, Wai Cheng Thang, Cameron J. Hyde, Gareth R. Price, Pratik Jagtap, Timot
10.2139/ssrn.4626201	2023	A Multifaceted Kinase Axis Regulates Plant Organ Abscission Through Conserved Signaling Mechanisms	SSRN Electronic Journal	Sergio Galindo‐Trigo, Julian Adams, Alexa‐Maria Wangler, Martin J. Bayer, Jan Willem Borst, Elwira Smakowska‐Luzan, Melinka A. Butenko
10.1128/mbio.00107-23	2023	A New Phenotype in Candida -Epithelial Cell Interaction Distinguishes Colonization- versus Vulvovaginal Candidiasis-Associated Strains	mBio	Arianna Sala, Andrea Ardizzoni, Luca Spaggiari, Nikhil Vaidya, Jane van der Schaaf, Cosmeri Rizzato, Claudio Cermelli, Selene Mogavero, Thomas Krüger, Maximilian Himmel, Olaf Kniemeyer, Axel A. Brakhage, Benjamin L. King, Antonella Lupetti, Manola Comar, Francesco De Seta, Arianna Tavanti, Elisabett
10.2144/btn-2023-0023	2023	A Practical Approach to Genome Assembly and Annotation of Basidiomycota Using the Example of Armillaria	BioTechniques	Deborah L. Narh Mensah, Brenda Diana Wingfield, Martin P. A. Coetzee
10.3390/v15020311	2023	A Spontaneously Occurring African Swine Fever Virus with 11 Gene Deletions Partially Protects Pigs Challenged with the Parental Strain	Viruses	Tomoya Kitamura, Kentaro Masujin, Reiko Yamazoe, Ken‐ichiro Kameyama, Mizuki Watanabe, Mitsutaka Ikezawa, Manabu Yamada, Takehiro Kokuho
10.1101/2023.01.06.523008	2023	A bioinformatics screen reveals Hox and chromatin remodeling factors at the Drosophila histone locus	bioRxiv (Cold Spring Harbor Laboratory)	Lauren J. Hodkinson, Connor Smith, Heather Skye Comstra, Eric H. Albanese, Bukola A. Ajani, Kawsar Arsalan, Alvaro Perez Daisson, Katherine B. Forrest, Elijah H. Fox, Matthew R. Guerette, Samia Khan, Madeleine P. Koenig, Shivani Lam, Ava S. Lewandowski, Lauren J. Mahoney, Nasserallah Manai, JonCarlo
10.1186/s12863-023-01147-0	2023	A bioinformatics screen reveals hox and chromatin remodeling factors at the Drosophila histone locus	BMC Genomic Data	Lauren J. Hodkinson, Connor Smith, Heather Skye Comstra, Bukola A. Ajani, Eric H. Albanese, Kawsar Arsalan, Alvaro Perez Daisson, Katherine B. Forrest, Elijah H. Fox, Matthew R. Guerette, Samia Khan, Madeleine P. Koenig, Shivani Lam, Ava S. Lewandowski, Lauren J. Mahoney, Nasserallah Manai, JonCarlo
10.1371/journal.pbio.3002167	2023	A biologist’s guide to planning and performing quantitative bioimaging experiments	PLoS Biology	Rebecca A. Senft, Barbara B. Diaz-Rohrer, Pina Colarusso, Lucy H. Swift, Nasim Jamali, Helena Klara Jambor, Thomas Pengo, Craig Brideau, Paula Montero Llopis, Virginie Uhlmann, Jason M Kirk, Kevin Andrew Uy Gonzales, Peter Bankhead, Edward L. Evans, Kevin W. Eliceiri, Beth A. Cimini
10.1093/nar/gkad1175	2023	A bromodomain-independent mechanism of gene regulation by the BET inhibitor JQ1: direct activation of nuclear receptor PXR	Nucleic Acids Research	Andrew D. Huber, Shyaron Poudel, Jing Wu, Darcie J. Miller, Wenwei Lin, Lei Yang, Monicah N Bwayi, Mary Ashley Rimmer, Rebecca R. Florke Gee, J. Seetharaman, Sergio C. Chai, Taosheng Chen
10.1101/2023.05.16.540913	2023	A common gene signature of the right ventricle in failing rat and human hearts	bioRxiv (Cold Spring Harbor Laboratory)	Liane Jurida, Sebastian Werner, Fabienne Knapp, Bernd Niemann, Ling Li, Dimitri Grün, Stefanie Wirth, Axel Weber, Knut Beuerlein, Christoph Liebetrau, Christoph B. Wiedenroth, Stefan Guth, Baktybek K. Kojonazarov, Leili Jafari, Norbert Weißmann, Stefan Günther, Thomas W Braun, Susanne Rohrbach, Mich
10.1101/2023.10.24.563255	2023	A female heterogametic ZW sex-determination system in Acariformes	bioRxiv (Cold Spring Harbor Laboratory)	Svenja Wulsch, Hüsna Öztoprak, Nadège Guiglielmoni, Daniel L. Jeffries, Jens Bast
10.1007/s00338-023-02419-y	2023	A first genomic portrait of the deep-water azooxanthellate reef-building coral Madracis myriaster: genome size, repetitive elements, nuclear RNA gene operon, mitochondrial genome, and phylogenetic placement in the family Pocilloporidae	Coral Reefs	Joshua Tucker, Lina M. Barrios, Richard F. Preziosi, Juan Antonio Baeza
10.1038/s41591-023-02266-y	2023	A pan-African pathogen genomics data sharing platform to support disease outbreaks	Nature Medicine	Alan Gilbert Christoffels, Gerald Mboowa, Peter Van Heusden, Sello Makhubela, George Githinji, Sarah Wambui Mwangi, Harris Onywera, Ndodo Nnaemeka, Daniel Gyamfi Amoako, Idowu Bolade Olawoye, Amadou Bailo Diallo, Placide Mbala Kingebeni, Samuel O. Oyola, Bright Adu, Christopher Mvelase, Pascale Ondo
10.1111/1755-0998.13847	2023	A pile of pipelines: An overview of the bioinformatics software for metabarcoding data analyses	Molecular Ecology Resources	Ali Hakimzadeh, Alejandro Abdala Asbun, Davide Albanese, Maria Bernard, Dominik Buchner, Benjamin J. Callahan, J. Gregory Caporaso, Emily Curd, Christophe Djemiel, Mikael Brandström Durling, Vasco Elbrecht, Zachary J. Gold, Hyun S. Gweon, Mehrdad Hajibabaei, Falk Hildebrand, Vladimir S. Mikryukov, É
10.1128/mra.00621-23	2023	A rabies-related lyssavirus from a Nycticeinops schlieffeni bat with neurological signs, South Africa	Microbiology Resource Announcements	Natalie Viljoen, Arshad Ismail, Jacqueline Weyer, Wanda Markotter
10.21203/rs.3.rs-3175064/v1	2023	A role for vocal rhythm in avian speciation	Research Square	Matteo Sebastianelli, Sifiso M. Lukhele, Simona Secomandi, Stacey G de Souza, Bettina Haase, Michaella Moysi, Christos Nikiforou, Alexander Hutfluss, Jacquelyn Mountcastle, Jennifer Balacco, Sarah E. Pelan, William Chiro Chow, Olivier D. Fedrigo, Colleen Thelma Downs, Ara Monadjem, Niels Jeroen Ding
10.1016/j.plasmid.2023.102696	2023	A subclass of the IS1202 family of bacterial insertion sequences targets XerCD recombination sites	Plasmid	Patricia Siguier, Philippe Rousseau, François Cornet, Michaël Chandler
10.1111/nph.19262	2023	A terpene synthase supergene locus determines chemotype in Melaleuca alternifolia (tea tree)	New Phytologist	Julia Voelker, Ramil Mauleon, Mervyn Shepherd
10.1038/s41467-023-40948-w	2023	A transcriptional network required for bradyzoite development in Toxoplasma gondii is dispensable for recrudescent disease	Nature Communications	Sarah L. Sokol-Borrelli, Sarah M. Reilly, Michael J. Holmes, Stephanie B. Orchanian, Mackenzie D. Massmann, Katherine G. Sharp, Leah F. Cabo, Hisham S. Alrubaye, Bruno Martorelli Di Genova, Melissa B. Lodoen, William J. Sullivan, Jon P. Boyle
10.1101/2023.10.28.564337	2023	ALDH1A3-acetaldehyde metabolism potentiates transcriptional heterogeneity in melanoma	bioRxiv (Cold Spring Harbor Laboratory)	Yuting Lu, Jana Trávníčková, Mihaly Badonyi, Florian Rambow, Andrea Coates, Zaid Khan, Jair Gonzalez Marques Júnior, Laura C. Murphy, Pablo Luis García-Martínez, Richard Marais, Pakavarin Louphrasitthiphol, Alex H. Y. Chan, Christopher John Schofield, Alex von Kriegsheim, Joseph A. Marsh, Valeria Pa
10.1126/sciadv.adg3257	2023	Aclarubicin stimulates RNA polymerase II elongation at closely spaced divergent promoters	Science Advances	Matthew Wooten, Brittany N. Takushi, Kami Ahmad, Steven Henikoff
10.1101/2023.01.09.523323	2023	Aclarubicin stimulates RNA polymerase II elongation at closely spaced divergent promoters	bioRxiv (Cold Spring Harbor Laboratory)	Matthew Wooten, Brittany N. Takushi, Kami Ahmad, Steven Henikoff
10.48550/arxiv.2301.08409	2023	Adaptive Resource Allocation for Workflow Containerization on Kubernetes	arXiv (Cornell University)	Chenggang Shan, Chu‐ge Wu, Yuanqing Xia, Zehua Guo, Danyang Liu, Jinhui Zhang
10.21203/rs.3.rs-3327674/v1	2023	Adaptive shifts of the skin and gut microbiomes during metamorphosis of anuran amphibians	Research Square	Xiaobing Li, Hai Wang, Yiliang Li, Rujian Chen, Ping Zhang, Xiao Wang, Zanjian Zou, Xuejuan Shen, Ayan Roy, Wen Luo, David M. Irwin, Chunfeng Wang, Yongyi Shen
10.1016/j.cossms.2023.101090	2023	Advances and opportunities in high-throughput small-scale mechanical testing	Current Opinion in Solid State and Materials Science	Daniel S. Gianola, Nicolò Maria della Ventura, Glenn H. Balbus, Patrick Ziemke, McLean P. Echlin, Matthew R. Begley
10.7717/peerj.15171	2023	Aircraft surveys for air eDNA: probing biodiversity in the sky	PeerJ	Kimberly L. Kanapeckas Métris, Jérémy Métris
10.37044/osf.io/79kje	2023	An evaluation of EDAM coverage in the Tools Ecosystem and prototype integration of Galaxy and WorkflowHub systems		Lucie Lamothe, Jennifer Rugaard Bregndahl Jensen, Hans Ienasescu, Ove Gustafsson, Alban Gaignard, Dmitry Repchevsky, Radka Svobodová Vařeková, Tomáš Raček, Matej Antol, Magnus Palmblad, Matúš Kalaš, Hervé Ménager
10.3168/jds.2023-24180	2023	An in-depth investigation of the microbiota and its virulence factors associated with severe udder cleft dermatitis lesions	Journal of Dairy Science	Anne-Sofie Vermeersch, Muhammad Ali, Yannick Gansemans, Filip Van Nieuwerburgh, Richard Ducatelle, Peter Geldhof, Dieter L. D. Deforce, Jozefien Callens, GEERT OPSOMER
10.1080/13102818.2023.2283133	2023	Analysis of blood microbiome dysbiosis in pulmonary sarcoidosis by decision tree model	Biotechnology & Biotechnological Equipment	Yordan Hodzhev
10.1101/2023.09.30.560289	2023	Antiepileptic medication strengthens excitatory neurotransmission in pyramidal neurons of the adult human neocortex	bioRxiv (Cold Spring Harbor Laboratory)	Maximilian O. Lenz, Pia Kruse, Amelie Eichler, Jakob Straehle, Hanna Hemeling, Phyllis Stöhr, Jürgen Beck, Andreas Vlachos
10.3390/antiox12040847	2023	Antimicrobial Photodynamic Inactivation: An Alternative for Group B Streptococcus Vaginal Colonization in a Murine Experimental Model	Antioxidants	Michał Karol Pierański, Jan G. Kosiński, Klaudia Szymczak, Piotr Sadowski, Mariusz Grinholc
10.47328/ufvbbt.2024.353	2023	Análise funcional das proteínas salivares de Amblyomma sculptum: mecanismos anti-hemostáticos e implicações na inibição de coagulação e agregação plaquetária		Maria José de Jesus Silva
10.2139/ssrn.4350080	2023	Assessing Antimicrobial and Metal Resistance Genes in Escherichia Coli from Domestic Groundwater Supplies in Rural Ireland	SSRN Electronic Journal	Luisa Andrade, Michael P. Ryan, Liam P. Burke, Paul Dylan Hynds, John J. Weatherill, Jean O’Dwyer
10.1016/j.gecco.2023.e02548	2023	Assessing spatial mating patterns in translocated populations of Campanula glomerata	Global Ecology and Conservation	Fabienne Van Rossum, Sarah Le Pajolec, Cécile Godé
10.7554/elife.90051.2.sa3	2023	Author Response: Neuronal NPR-15 modulates molecular and behavioral immune responses via the amphid sensory neuron-intestinal axis in C. elegans		Benson Otarigho, Anna Frances Butts, Alejandro Aballay
10.1016/j.nbt.2023.06.001	2023	BIBBOX, a FAIR toolbox and App Store for life science research	New Biotechnology	Heimo Müller, Catarina Lopes-Dias, Petr Holub, Markus Plass, Emilian Jungwirth, Robert Reihs, Paul R. Torke, Apostolos Malatras, Anouk Berger, Heather Coombs, Joakim Dillner, Roxana Merino-Martinez
10.1101/2023.10.13.562252	2023	BTR: A Bioinformatics Tool Recommendation System	bioRxiv (Cold Spring Harbor Laboratory)	Ryan Green, Xufeng Qu, Jinze Liu, Tingting Yu
10.3389/fcimb.2023.1172298	2023	Bacillus amyloliquefaciens alleviates the pathological injuries in mice infected with Schistosoma japonicum by modulating intestinal microbiome	Frontiers in Cellular and Infection Microbiology	Hao Chen, Ruizheng Sun, Jingyan Wang, Siqi Yao, Syeda Sundas Batool, Yu Zheng, Shuaiqin Huang, Jing Huang
10.1038/s41586-023-06743-9	2023	Bacterial cGAS senses a viral RNA to initiate immunity	Nature	Dalton V. Banh, Cameron G. Roberts, Adrián Morales-Amador, Brandon A. Berryhill, Waqas Nasir Chaudhry, Bruce R. Levin, Sean F. Brady, Luciano A. Marraffini
10.1101/2023.03.07.531596	2023	Bacterial cGAS senses a viral RNA to initiate immunity	bioRxiv (Cold Spring Harbor Laboratory)	Dalton V. Banh, Cameron G. Roberts, Adrian Morales Amador, Sean F. Brady, Luciano A. Marraffini
10.1080/24701394.2024.2343477	2023	Big jaw, small genome: first description of the mitochondrial genome of Odontomachus (Formicidae, Ponerinae): evolutionary implications for Ponerinae ants	Mitochondrial DNA Part A	Maria Paula Villas-Bôas Tourinho Vidal, Igor Henrique Rodrigues‐Oliveira, Iuri Batista da Silva, Renan Rodrigues Rocha, Rubens Pasa, Karine Frehner Kavalco, Fabiano Bezerra Menegídio, Caroline Garcia
10.1093/nargab/lqad074	2023	BioConvert: a comprehensive format converter for life sciences	NAR Genomics and Bioinformatics	Hugo Caro, Sulyvan Dollin, Anne Biton, Bryan Brancotte, Dimitri Desvillechabrol, Yoann Dufresne, Blaise Li, Étienne Kornobis, Frédéric Lemoine, Nicolas Maillet, Amandine Perrin, Nicolas Traut, Bertrand Néron, Thomas Cokelaer
10.1101/2023.03.13.532455	2023	BioConvert: a comprehensive format converter for life sciences	bioRxiv (Cold Spring Harbor Laboratory)	Hugo Caro, Sulyvan Dollin, Anne Biton, Bryan Brancotte, Dimitri Desvillechabrol, Yoann Dufresne, Blaise Li, Étienne Kornobis, Frédéric Lemoine, Nicolas Maillet, Amandine Perrin, Nicolas Traut, Bertrand Néron, Thomas Cokelaer
10.35429/h.2023.7.1.103.124	2023	Bioinformatic practical applications in biotechnology, medicine, environmental and agricultural sciences	ECORFAN eBooks	Instituto de Investigaciones Agropecuarias y Forestales, Luciana RAGGI
10.21203/rs.3.rs-2727198/v1	2023	Bioinformatics for Wet-lab Scientists: Practical Application in Sequencing Analysis	Research Square	Vera Laub, Kavi Devraj, Lena Elias, Dorothea Schulte
10.1186/s12864-023-09454-7	2023	Bioinformatics for wet-lab scientists: practical application in sequencing analysis	BMC Genomics	Vera Laub, Kavi Devraj, Lena Elias, Dorothea Schulte
10.1002/mbo3.1386	2023	Biosynthetic gene cluster synteny: Orthologous polyketide synthases in Hypogymnia physodes, Hypogymnia tubulosa, and Parmelia sulcata	MicrobiologyOpen	Nadim Ahmad, Manfred Ritz, Anjuli Calchera, Jürgen Otte, Imke Schmitt, Thomas Brueck, Norbert Mehlmer
10.1016/j.virol.2023.03.018	2023	Broadening the host range and genetic diversity of waikaviruses	Virology	V. Kavi Sidharthan, Velayutham Rajeswari, Virendra Kumar Baranwal
10.32942/x20w3q	2023	Building a Portuguese Coalition for Biodiversity Genomics		João Pedro Marques, Paulo C. Alves, Isabel Rosário Amorim, Ricardo Jorge Lopes, Mónica Moura, G.D. Meyers, Manuela Sim‐Sim, Carla Sousa Santos, Maria Judite Alves, Paulo A. V. Borges, Tom Brown, Miguel Carneiro, Carlos Carrapato, Luis M. P. Ceríaco, Claúdio Ciofi, Luís P. da Silva, Genevieve Diederi
10.1101/2023.09.08.556810	2023	CCG-1423-derived compounds reduce global RNA synthesis and inhibit transcriptional responses	bioRxiv (Cold Spring Harbor Laboratory)	Bina Prajapati, Maria Sokolova, Ekaterina Sidorenko, Mikael Kyriacou, Salla Kyheröinen, Anniina Vihervaara, Maria Kristina Vartiainen
10.2139/ssrn.4514474	2023	CDC7 Inhibition Drives an Inflammatory Response and a p53-Dependent Senescent-Like State in Breast Epithelial Cells	SSRN Electronic Journal	Chiara Cazzaniga, Anja Göder, Aisling Quinlan, Michael David Rainey, Simone Coughlan, Stefanus Bernard, Corrado Santocanale
10.7717/peerj.15912	2023	CESCProg: a compact prognostic model and nomogram for cervical cancer based on miRNA biomarkers	PeerJ	Sangeetha Muthamilselvan, Ashok Palaniappan
10.35429/h.2023.7.1.1.139	2023	CIERMMI Women in Science Biological, Humanities and Social Sciences	ECORFAN eBooks	Colegio de Ingenieros en Energías Renovables de Querétaro, Ángel MARROQUÍN-DE JESÚS, Luz Carmen Castillo Martínez, Juan Manuel OLIVARES-RAMÍREZ, Norma OLGUÍN-LÓPEZ
10.1101/2023.05.12.540496	2023	CRGEM: Cellular Reprogramming using mechanism-driven Gene Expression Modulation	bioRxiv (Cold Spring Harbor Laboratory)	Avani Mahadik, Nitin Nitin, Justin Jose, Vivek Singh
10.3389/fgeed.2023.1218328	2023	CRISPR library screening to develop HEK293-derived cell lines with improved lentiviral vector titers	Frontiers in Genome Editing	Brian J. Iaffaldano, Michael P. Marino, Jakob Reiser
10.1101/2023.11.22.568291	2023	Cadherins modulate the self-organizing potential of gastruloids	bioRxiv (Cold Spring Harbor Laboratory)	Alexandre Mayran, Dominique Kolly, Lucille Lopez‐Delisle, Yuliia Romaniuk, Maxine Leonardi, Anne-Catherine Cossy, Theo Lacroix, Ana Rita Amândio, Pierre Osteil, Denis Duboule
10.1016/j.ijfoodmicro.2023.110524	2023	Campylobacter species and genotype distribution in Finnish beef liver – Retail liver juice ideal for isolation and quantification	International Journal of Food Microbiology	Jenna Luoto, Riikka Keto‐Timonen, Rauni I. Kivistö
10.11606/t.17.2023.tde-10102023-155258	2023	Caracterização de novos mecanismos regulatórios e de resistência ao ferro em Chromobacterium violaceum		Bianca B. Batista
10.1101/2023.02.20.529280	2023	Cardinal v3 - a versatile open source software for mass spectrometry imaging analysis	bioRxiv (Cold Spring Harbor Laboratory)	Kylie Ariel Bemis, Melanie Christine Föll, Dan Guo, Sai Srikanth Lakkimsetty, Olga Vitek
10.1038/s41467-023-40203-2	2023	Cardiomyocyte proliferation is suppressed by ARID1A-mediated YAP inhibition during cardiac maturation	Nature Communications	Cornelis J.J. Boogerd, Ilaria Perini, Eirini Kyriakopoulou, Su Ji Han, Phit La, Britt van der Swaan, Jari B. Berkhout, Daniëlle Versteeg, Jantine Monshouwer‐Kloots, Eva van Rooij
10.1101/2023.02.13.528258	2023	Cell-type deconvolution of bulk RNA-Seq from kidney using opensource bioinformatic tools	bioRxiv (Cold Spring Harbor Laboratory)	Angelica M. Riojas, Kimberly D. Spradling‐Reeves, Clinton L. Christensen, Shannan Hall-Ursone, Laura A. Cox
10.1002/1878-0261.13394	2023	Cell‐free chromatin immunoprecipitation can determine tumor gene expression in lung cancer patients	Molecular Oncology	Christoffer Trier Maansson, Peter Meldgaard, Magnus Stougaard, Anders Lade Nielsen, Boe Sandahl Sørensen
10.1016/j.biomaterials.2023.122063	2023	Cerium oxide nanozymes confer a cytoprotective and bio-friendly surface micro-environment to methacrylate based oro-facial prostheses	Biomaterials	Jie Jin, Utkarsh Mangal, Ji‐Young Seo, Ji‐Yeong Kim, Jeong‐Hyun Ryu, Young‐Hee Lee, Cerjay Lugtu, Geelsu Hwang, Jung‐Yul Cha, Kee‐Joon Lee, Hyung‐Seog Yu, Kwang‐Mahn Kim, Sungil Jang, Jae‐Sung Kwon, Sung‐Hwan Choi
10.1038/s41598-023-41223-0	2023	Characterization and comparative analysis of the Escherichia marmotae M-12 isolate from bank vole (Myodes glareolus)	Scientific Reports	Pavel A. Zhurilov, Pavel A. Andriyanov, Anastasia I. Tutrina, Irina V. Razheva, Elena A. Liskova, Nadezda A. Gladkova, Daria D. Kashina, Ivan V. Yashin, A. A. Blokhin
10.1371/journal.pone.0288481	2023	Characterization and expression analysis of SnRK2, PYL, and ABF/ AREB/ ABI5 gene families in sweet potato	PLoS ONE	Sarah R. Mathura, Fedora Sutton, Valerie Bowrin
10.4315/fpt-22-038	2023	Characterization of Escherichia coli Isolates from Agricultural Water on Kansas and Missouri Fresh Produce Farms by Whole-Genome Sequencing	Food Protection Trends	Valentina Trinetta
10.20944/preprints202302.0363.v1	2023	Characterization of Spatial Heterogeneity in Metastasized Colorectal Cancer by MALDI Imaging	Preprints.org	Lennart Moritz, Maren Nicole Stillger, Ferenc Takács, Hannah Füllgraf, Martin Werner, Stefan Fichtner‐Feigl, Andreas Jud, Oliver Schilling, Melanie Christine Föll
10.1152/ajplung.00104.2023	2023	Cigarette smoke-induced injury induces distinct sex-specific transcriptional signatures in mice tracheal epithelial cells	American Journal of Physiology-Lung Cellular and Molecular Physiology	Baishakhi Ghosh, Pratulya Pragadaraju Chengala, Sonya Shah, Daniel Chen, Vaishnavi Karnam, Kai Wilmsen, Bonnie H. Yeung-Luk, Venkataramana K. Sidhaye
10.3390/genes14020267	2023	Client Applications and Server-Side Docker for Management of RNASeq and/or VariantSeq Workflows and Pipelines of the GPRO Suite	Genes	Ahmed Ibrahem Hafez, Beatriz Soriano, Aya Allah Elsayed, Ricardo Futami, Raquel Ceprián, Ricardo Ramos, Genís Martínez, Francisco J. Roig, Miguel Angel Torres-Font, Fernando Naya-Català, Josep À. Calduch-Giner, Lucía Trilla‐Fuertes, Angelo Gámez‐Pozo, Vicente Arnau, José M. Sempere, Jaume Pérez‐Sánc
10.1109/ipdpsw59300.2023.00018	2023	Cloud Services Enable Efficient AI-Guided Simulation Workflows across Heterogeneous Resources		Logan T. Ward, J. Gregory Pauloski, Valérie Hayot‐Sasson, Ryan Chard, Yadu Babuji, Ganesh Sivaraman, Sutanay Choudhury, Kyle Chard, Rajeev Thakur, Ian T Foster
10.48550/arxiv.2303.08803	2023	Cloud Services Enable Efficient AI-Guided Simulation Workflows across Heterogeneous Resources	arXiv (Cornell University)	Logan T. Ward, J. Gregory Pauloski, Valérie Hayot‐Sasson, Ryan Chard, Yadu Babuji, Ganesh Sivaraman, Sutanay Choudhury, Kyle Chard, Rajeev Thakur, Ian T Foster
10.1101/2023.12.14.571671	2023	Clouds, oases for airborne microbes – Differential metagenomics/ metatranscriptomics analyses of cloudy and clear atmospheric situations	bioRxiv (Cold Spring Harbor Laboratory)	Raphaëlle Péguilhan, Florent Rossi, Muriel Joly, Engy Nasr, Bérénice Batut, François Enault, Barbara Ervens, Pierre Amato
10.1128/mra.00355-23	2023	Coding-complete genome of human alphaherpesvirus 1 isolated from a case of fulminant hepatitis	Microbiology Resource Announcements	Natalie Viljoen, Felicity Jane Burt, Jacqueline Weyer
10.1101/2023.11.16.566979	2023	Combining CRISPR/Cas mediated terminal resolution with a novel genetic workflow to achieve high diversity adenoviral libraries	bioRxiv (Cold Spring Harbor Laboratory)	Julian Fischer, Ariana Fedotova, Lena Jaki, Erwan Sallard, Anja Erhardt, Jonas Fuchs, Zsolt Ruzsics
10.1128/mra.00026-23	2023	Complete Genome Sequence of Deinococcus aquaticus Type Strain PB314, a Non-Extremophile Representative of the Genus Deinococcus	Microbiology Resource Announcements	Chad M. Albert, Jonathan Hill, Leilani S. Boren, Stacy E. Scholz-Ng, Nahid Fatema, Ryan A. Grosso, Erica Soboslay, James M. Tuohy
10.52825/cordi.v1i.417	2023	Conda, Container and Bots	Proceedings of the Conference on Research Data Infrastructure	Paul F. Zierep, Sanjay Kumar Srikakulam, Sebastian Schaaf, Björn Andreas Grüning
10.1016/j.jbc.2023.104766	2023	Construction and validation of customized genomes for human and mouse ribosomal DNA mapping	Journal of Biological Chemistry	Subin S. George, Maxim Pimkin, Vikram R. Paralkar
10.1093/genetics/iyad096	2023	Context-dependent role of Pho binding sites in Polycomb complex recruitment in Drosophila	Genetics	J. Lesley Brown, Joshua D Price, Maksim Erokhin, Judith A. Kassis
10.1101/2023.09.26.559466	2023	Cross-regulation and cross-talk of conserved and accessory two-component regulatory systems orchestrate Pseudomonas copper resistance	bioRxiv (Cold Spring Harbor Laboratory)	Sylvie Elsen, Victor Simon, Ina Attrée
10.1093/plphys/kiad505	2023	Cuscuta campestrisfine-tunes gene expression during haustoriogenesis as an adaptation to different hosts	PLANT PHYSIOLOGY	Thomas Bawin, Alena Didriksen, Corine Faehn, Stian Olsen, Iben Sørensen, Jocelyn K. C. Rose, Kirsten Krause
10.5748/19contecsi/pse/dsc/7125	2023	DESIGN CONSIDERATIONS FOR GENOMICS TOOLS BASED ON CIRCULAR VISUALIZATION OF BIOLOGICAL DATA		Joao Lucas Dantas Silva, Vinícius Augusto Carvalho de Abreu, Marcelle Pereira Mota
10.1101/2023.01.24.525363	2023	DOT1L deletion impairs the development of cortical Parvalbumin-expressing interneurons	bioRxiv (Cold Spring Harbor Laboratory)	Arquimedes Cheffer, Marta Garcia‐Miralles, Esther Maier, Ipek Akol, Henriette Franz, Vandana Shree Vedartham Srinivasan, Tanja Vogel
10.1093/cercor/bhad281	2023	DOT1L deletion impairs the development of cortical parvalbumin-expressing interneurons	Cerebral Cortex	Arquimedes Cheffer, Marta Garcia‐Miralles, Esther Maier, Ipek Akol, Henriette Franz, Vandana Shree Vedartham Srinivasan, Tanja Vogel
10.1158/0008-5472.c.6512490.v1	2023	Data from Decitabine Induces Gene Derepression on Monosomic Chromosomes: In Vitro and In Vivo Effects in Adverse-Risk Cytogenetics AML		Gabriele Greve, Julia B. Schüler, Björn Andreas Grüning, Bettina Berberich, Julia Stomper, Dennis Zimmer, Lea Gutenkunst, Ulrike Bönisch, Ruth Meier, Nadja Blagitko‐Dorfs, Olga A. Grishina, Dietmar Pfeifer, Dieter Weichenhan, Christoph Plass, Michael Lübbert
10.1158/0008-5472.c.6514230.v1	2023	Data from Loss of NF1 in Melanoma Confers Sensitivity to SYK Kinase Inhibition		Cara Abecunas, Christopher E. Whitehead, Elizabeth K. Ziemke, Douglas G. Baumann, Christy L. Frankowski-McGregor, Judith S. Sebolt–Leopold, Mohammad Fallahi‐Sichani
10.1158/2159-8290.c.6549403	2023	Data from Tumor Microenvironment–Derived R-spondins Enhance Antitumor Immunity to Suppress Tumor Growth and Sensitize for Immune Checkpoint Blockade Therapy		Yuting Tang, Qian Xu, Liang Hu, Xiaomei Yan, Xiaomin Feng, Asumi Yokota, Weinan Wang, Di Zhan, Durga Krishnamurthy, David E. Ochayon, Lijun Wen, Li Huo, Huimin Zeng, Yingwan Luo, L. Frank Huang, Mark Wunderlich, Jiwang Zhang, Eric D. Vivier, Jianfeng Zhou, Stephen N. Waggoner, Gang Huang
10.1016/j.matpr.2023.08.081	2023	Data provenance - from experimental data to trustworthy simulation models and standards	Materials Today Proceedings	Jörg F. Unger, Annika Robens‐Radermacher, Erik Tamsen
10.1016/j.fm.2023.104398	2023	Dellaglioa spp. an underestimated genus isolated from high-oxygen modified-atmosphere packaged meat	Food Microbiology	Victoria Werum, Matthias A. Ehrmann
10.3389/fgene.2022.1045450	2023	Democratizing clinical-genomic data: How federated platforms can promote benefits sharing in genomics	Frontiers in Genetics	Maria L. Alvarellos, Hadley E. Sheppard, Ingrid M. Knarston, Craig R. Davison, Nathaniel Raine, Thorben Seeger, Pablo Prieto Barja, Maria Chatzou Dunford
10.3389/fnmol.2023.1148219	2023	Denervated mouse CA1 pyramidal neurons express homeostatic synaptic plasticity following entorhinal cortex lesion	Frontiers in Molecular Neuroscience	Maximilian O. Lenz, Amelie Eichler, Pia Kruse, Phyllis Stöhr, Dimitrios Kleidonas, Christos Galanis, Han Lu, Andreas Vlachos
10.5808/gi.23059	2023	Description of eight new mitochondrial genomes for the genus Neoarius and phylogenetic considerations for the family Ariidae (Siluriformes)	Genomics & Informatics	Luiza Neme Pimentel, Iuri Batista da Silva, Igor Henrique Rodrigues‐Oliveira, Rubens Pasa, Fabiano Bezerra Menegídio, Karine Frehner Kavalco
10.1016/j.csbj.2023.03.003	2023	Developing and reusing bioinformatics data analysis pipelines using scientific workflow systems	Computational and Structural Biotechnology Journal	Marine Djaffardjy, George Marchment, Clémence Sebe, Raphaël Blanchet, Khalid Belhajjame, Alban Gaignard, Frédéric Lemoine, Sarah Cohen‐Boulakia
10.1111/jfd.13823	2023	Discovery of two novel tilapia lake virus‐like virus isolates in the transcriptomic data of guppy fish (Poecilia reticulata)	Journal of Fish Diseases	Meng‐Syun Li
10.1007/s13205-023-03793-8	2023	Diversity of arbuscular mycorrhizal fungi in seleniferous soils and their role in plant growth promotion	3 Biotech	Tanveer Kaur, S. M. Reddy
10.1158/1078-0432.ccr-23-0415	2023	Dual Targeting of Apoptotic and Signaling Pathways in T-Lineage Acute Lymphoblastic Leukemia	Clinical Cancer Research	Caner Saygin, Giorgia Giordano, Kathryn Kimi Shimamoto, Bart J. Eisfelder, Anika T. Thomas-Toth, Girish Venkataraman, Vijayalakshmi Ananthanarayanan, Tiffaney L. Vincent, Adam S. DuVall, Anand Ashwin Patel, Yi Chen, Fenlai Tan, Stephen Patrick Anthony, Yu Chen, Yue Shen, Olatoyosi M. Odenike, David 
10.3390/pharmaceutics15071857	2023	Dysregulation of Amino Acid Transporters in a Rat Model of TLR7-Mediated Maternal Immune Activation	Pharmaceutics	Eliza R. McColl, Jeffrey Theodore Henderson, Micheline Piquette‐Miller
10.31222/osf.io/m9yqz	2023	ENCORE. A practical implementation to improve reproducibility and transparency of computational research.		Antoine H. C. van Kampen, Utkarsh Mahamune, Aldo Jongejan, Barbera D. C. van Schaik, Dasha Balashova, Danial Lashgari, Mia L. Pras‐Raves, ERIC F.D. WEVER, Adrie D. Dane, Rodrigo García-Valiente, Perry D. Moerland
10.1101/2023.07.20.549835	2023	ERK signalling orchestrates metachronous transition from naïve to formative pluripotency	bioRxiv (Cold Spring Harbor Laboratory)	Carla Mulas, Melanie Stammers, Siiri I. Salomaa, Constanze Heinzen, David M. Suter, Austin G Smith, Kevin J. Chalut
10.3390/microorganisms11051185	2023	Effect of Anthropogenic Disturbances on the Microbial Relationship during Bioremediation of Heavy Metal-Contaminated Sediment	Microorganisms	Quanliu Yang, Shiqi Jie, Pan Lei, Min Gan, Peng He, Jianyu Zhu, Qingming Zhou
10.37044/osf.io/94e6h	2023	Empowering the community with notebooks for bespoke microbiome analyses		Alexander B. Rogers, Bérénice Batut, Virginie Grosboillot, Martín Beracochea
10.14336/ad.2023.0614	2023	Endogenous Alpha-Synuclein is Essential for the Transfer of Pathology by Exosome-Enriched Extracellular Vesicles, Following Inoculation with Preformed Fibrils in vivo	Aging and Disease	Katerina Melachroinou, Georgios Divolis, George Tsafaras, Mantia Karampetsou, Sotirios P. Fortis, Yannis Stratoulias, Gina Papadopoulou, Anastasios G. Kriebardis, Martina K. Samiotaki, Kostas Vekrellis
10.21203/rs.3.rs-2626327/v1	2023	Engineering of the temperate Burkholderia phage Milagro for use as a therapeutic	Research Square	Guichun W. Yao, Tram Le, Abby M. Korn, Hannah M. Peterson, Mei Liu, Carlos Alberto Gonzalez, Jason J. Gill
10.21203/rs.3.rs-3335236/v1	2023	Escherichia coli Microcin B17 as a chassis for the development of novel antimicrobial peptides	Research Square	Vitor Bernardes Pinheiro, Joleen Masschelein, Shamal Withanage
10.21203/rs.3.rs-3707782/v1	2023	Establishing associations of thrombospondin linked to tumor growth, with thrombosis	Research Square	M Vidhya
10.3389/fonc.2023.1089681	2023	Establishment, characterization, and drug screening of low-passage patient individual non-small cell lung cancer in vitro models including the rare pleomorphic subentity	Frontiers in Oncology	Ingo Andus, Friedrich Prall, Michael Linnebacher, Christina Susanne Linnebacher
	2023	Evaluation of software impact designed for biomedical research: Are we measuring what's meaningful?	PubMed	Awan Afiaz, Andrei A. Ivanov, John T. Chamberlin, David A. Hanauer, Candace Savonen, Mary J. Goldman, Martin T. Morgan, Michael M. Reich, Alexander Getka, Aaron Holmes, Sarthak Pati, Dan Knight, Paul Christopher Boutros, Spyridon Bakas, J. Gregory Caporaso, Guilherme Del Fiol, Harry Hochheiser, Bria
10.1128/jvi.00535-23	2023	Evolutionary conservation of an ancient retroviral gagpol gene in Artiodactyla	Journal of Virology	J’Zaria Simpson, Christine A. Kozak, Guney Boso
10.1093/nar/gkad1021	2023	Expression Atlas update: insights from sequencing data at both bulk and single cell level	Nucleic Acids Research	Nancy George, Silvie Fexová, Alfonso Muñoz-Pomer Fuentes, Pedro Madrigal, Yalan Bi, Haider Iqbal, Upendra Kumbham, Nadja Nolte, Lingyun Zhao, Anil S. Thanki, Iris Yu, Jose C Marugan Calles, Karoly Erdos, Liora Vilmovsky, Sandeep R Kurri, Anna Vathrakokoili Pournara, David Osumi-Sutherland, Ananth Pr
10.48130/fmr-0023-0037	2023	Expression and in vitro glycosylation of recombinant edible bird nest (EBN) mucin	Food Materials Research	Cheng Ge, Yun-Sheng Lyu, Ran Ran, Li Liu, Josef Voglmeir
10.3897/rio.9.e108765	2023	FAIR Research Objects for realising Open Science with the EOSC project RELIANCE	Research Ideas and Outcomes	Anne Fouilloux, Elisa Trasatti, Federica Foglini, Alejandro Coca-Castro, Jean Iaquinta
10.3897/arphapreprints.e108817	2023	FAIR Research Objects for realizing Open Science with RELIANCE EOSC project		Anne Fouilloux, Elisa Trasatti, Federica Foglini, Alejandro Coca-Castro, Jean Iaquinta
10.1101/2023.03.23.534043	2023	Fast centromeric repeat turnover provides a glimpse into satellite DNA evolution in Nothobranchius annual killifishes	bioRxiv (Cold Spring Harbor Laboratory)	Anna Chung Voleníková, Karolína Lukšíková, Pablo Mora, Tomáš Pavlica, Marie Altmanová, Jana Štundlová, Šárka Pelikánová, Sergey A. Simanovsky, Marek Jankásek, Martin Reichard, Petr Nguyen, Alexandr Sember
10.1007/s10577-023-09742-8	2023	Fast satellite DNA evolution in Nothobranchius annual killifishes	Chromosome Research	Anna Chung Voleníková, Karolína Lukšíková, Pablo Mora, Tomáš Pavlica, Marie Altmanová, Jana Štundlová, Šárka Pelikánová, Sergey A. Simanovsky, Marek Jankásek, Martin Reichard, Petr Nguyen, Alexandr Sember
10.1101/2023.08.14.553225	2023	Field application of de novo transcriptomic analysis to evaluate the effects of sublethal freshwater salinization on Gasterosteus aculeatus in urban streams	bioRxiv (Cold Spring Harbor Laboratory)	Camilo Escobar-Sierra, Kathrin P. Lampert
10.1094/pdis-04-23-0664-pdn	2023	First Report of Cucumber Mosaic Virus Infecting Azorina vidalii in Azores Islands	Plant Disease	Sara Luna, M. S. Lopes, Eduardo Antunes Dias, David Eduardo Pereira, P. Monjardino, Artur da Câmara Machado, D. Mendonça
10.3390/pathogens12091139	2023	First Report of Food Poisoning Due to Staphylococcal Enterotoxin Type B in Döner Kebab (Italy)	Pathogens	Angelo Romano, Simona Carrella, Sara Rezza, Yacine Nia, Jacques Antoine Hennekinne, Daniela Manila Bianchi, Francesca Martucci, Fabio Zuccon, Margherita Gulino, C. Di Mari, Teresa Zaccaria, Lucia Decastelli
10.1101/2023.09.17.558123	2023	Flatworm transcriptomes reveal widespread parasitism by histophagous ciliates	bioRxiv (Cold Spring Harbor Laboratory)	M. Ryan Woodcock, Kaleigh Powers, Kirsten Snead, Jason Pellettieri
10.1101/2023.07.13.548784	2023	Four-dimensional omics data reveals ribosome heterogeneity, regulation of translation efficacy, and nonsense-mediated decay in the differentiation of spermatocyte to round spermatid	bioRxiv (Cold Spring Harbor Laboratory)	Szu-Shuo Lee, Ying‐Chih Kung, Yuh‐Shan Jou
10.3389/fcvm.2023.1250340	2023	From multi-omics approaches to personalized medicine in myocardial infarction	Frontiers in Cardiovascular Medicine	Chaoying Zhan, Tong Tang, Erman Wu, Yuxin Zhang, Mengqiao He, Rongrong Wu, Cheng Bi, Jiao Wang, Yingbo Zhang, Bairong Shen
10.21203/rs.3.rs-2658142/v1	2023	Gain-of-function p53 R175H blocks apoptosis in a precursor model of ovarian high-grade serous carcinoma	Research Square	Jacob Haagsma, Bart Kolendowski, Adrian V. Buensuceso, Yudith Ramos Valdés, Gabriel E. DiMattia, Trevor G. Shepherd
10.1038/s41598-023-38609-5	2023	Gain-of-function p53R175H blocks apoptosis in a precursor model of ovarian high-grade serous carcinoma	Scientific Reports	Jacob Haagsma, Bart Kolendowski, Adrian V. Buensuceso, Yudith Ramos Valdés, Gabriel E. DiMattia, Trevor G. Shepherd
10.3389/fmicb.2022.1041847	2023	Galaxy ASIST: A web-based platform for mapping and assessment of global standards of antimicrobial susceptibility: A case study in Acinetobacter baumannii genomes	Frontiers in Microbiology	Tina Sharma, Rakesh Kumar, Jasmeer Singh Kalra, Shreya Singh, Gurpreet Singh Bhalla, Anshu Bhardwaj
10.1007/s11248-023-00369-3	2023	Generation and validation of a myoglobin knockout zebrafish model	Transgenic Research	Rasmus Hejlesen, Kasper Kjær-Sørensen, Angela Fago, Claus Oxvig
10.3390/cancers15245821	2023	Generation of a Zebrafish Knock-In Model Recapitulating Childhood ETV6::RUNX1-Positive B-Cell Precursor Acute Lymphoblastic Leukemia	Cancers	Veronika Zapilko, Sanni Moisio, Mataleena Parikka, Merja Heinäniemi, Olli Lohi
10.1093/jxb/erad347	2023	Genetic and physiological responses to light quality in a deep ocean ecotype of Ostreococcus, an ecologically important photosynthetic picoeukaryote	Journal of Experimental Botany	Elizabeth Sands, Sian E. W. Davies, Richard John Puxty, Valérie Vergé, François‐Yves Bouget, David John Scanlan, Isabelle A. Carré
10.3389/fmicb.2023.1245510	2023	Genetic and technological diversity of Streptococcus thermophilus isolated from the Saint-Nectaire PDO cheese-producing area	Frontiers in Microbiology	Anna Grizon, Sébastien Theil, Cécile Callon, Pauline Gerber, Sandra Hélinck, Éric Dugat‐Bony, Pascal Bonnarme, Christophe Chassard
10.1038/s41597-023-02395-6	2023	Genome-wide identification of accessible chromatin regions by ATAC-seq upon induction of the transcription factor bZIP11 in Arabidopsis	Scientific Data	Alicia M. Hellens, Jazmine L. Humphreys, Franziska Fichtner, Miloš Tanurdžić, Christine Anne Beveridge, François F. Barbier
10.3390/antibiotics12071126	2023	Genomic Analysis of Mycobacterium tuberculosis Strains Resistant to Second-Line Anti-Tuberculosis Drugs in Lusaka, Zambia	Antibiotics	Joseph Yamweka Chizimu, Eddie Samuneti Solo, Precious Bwalya, Thoko Flav Kapalamula, Kaemba Kunkuta Mwale, David Squarre, Misheck Shawa, Patrick Lungu, David Atomanyi Barnes, Kaunda Yamba, Tiza Mufune, Herman M. Chambaro, Harvey Kamboyi, Musso Munyeme, Bernard  Mudenda Hang’ombe, Nathan Kapata, Vict
10.1007/978-1-0716-2996-3_16	2023	Genomic Epidemiological Analysis of Antimicrobial-Resistant Bacteria with Nanopore Sequencing	Methods in molecular biology	Masato Suzuki, Yusuke Hashimoto, Aki Hirabayashi, Koji Yahara, Mitsunori Yoshida, Hanako Fukano, Yoshihiko Hoshino, Keigo Shibayama, Haruyoshi Tomita
10.1093/infdis/jiad257	2023	Genomic Heterogeneity of Cryptosporidium parvum Isolates From Children in Bangladesh: Implications for Parasite Biology and Human Infection	The Journal of Infectious Diseases	Maureen A. Carey, Tuhinur Arju, James Anthony Cotton, Masud Alam, Mamun Kabir, Abu Syed Golam Faruque, Rashidul Haque, William A. Petri, Carol A. Gilchrist
10.1038/s41598-023-41903-x	2023	Genomic analysis and antimicrobial activity of β-lactam/β-lactamase inhibitors and other agents against KPC-producing Klebsiella pneumoniae clinical isolates from Brazilian hospitals	Scientific Reports	Carlos Henrique Camargo, Amanda Yaeko Yamada, Andréia Rodrigues de Souza, Marcos Paulo Vieira Cunha, Pedro Smith Pereira Ferraro, Cláudio Tavares Sacchi, Marlon Benedito dos Santos, Karoline Rodrigues Campos, Monique Ribeiro Tiba‐Casas, Maristela Pinheiro Freire, Pasqual Barretti
10.1111/1348-0421.13100	2023	Genomic characterization of New Delhi metallo‐beta‐lactamase–producing species of Morganellaceae, Yersiniaceae, and Enterobacteriaceae (other than Klebsiella) from Brazil over 2013–2022	Microbiology and Immunology	Carlos Henrique Camargo, Amanda Yaeko Yamada, Andréia Rodrigues de Souza, Cláudio Tavares Sacchi, Alex Domingos Reis, Marlon Benedito Nascimento Santos, Denise Brandão de Assis, Enéas Carvalho, Elizabeth Harummyy Takagi, Marcos Paulo Vieira Cunha, Monique Ribeiro Tiba‐Casas
10.22541/au.169471129.99174363/v2	2023	Genomic insights into a critically endangered island endemic songbird provide a roadmap for preventing extinction		Ross Crates, Brenton von Takach, Catherine Young, Dejan Stojanović, Linda E. Neaves, Liam Murphy, Daniel Gautschi, Carolyn J. Hogg, Robert Heinsohn, Phil Bell, Katherine A. Farquharson
10.22541/au.169471129.99174363/v1	2023	Genomic insights into a critically endangered island endemic songbird provide a roadmap for preventing extinction		Ross Crates, Brenton von Takach, Catherine M Young, Dejan Stojanovic, Linda Neaves, Liam Murphy, Daniel Gautschi, Carolyn J Hogg, Robert Heinsohn, Phil Bell, Katherine A Farquharson
10.3390/pathogens12070918	2023	Genomics and Antimicrobial Susceptibility of Clinical Pseudomonas aeruginosa Isolates from Hospitals in Brazil	Pathogens	Carlos Henrique Camargo, Amanda Yaeko Yamada, Andréia Rodrigues de Souza, Marisa de Jesus de Castro Lima, Marcos Paulo Vieira Cunha, Pedro Smith Pereira Ferraro, Cláudio Tavares Sacchi, Marlon Benedito Nascimento Santos, Karoline Rodrigues Campos, Monique Ribeiro Tiba‐Casas, Maristela Pinheiro Freir
10.1038/s42003-023-04994-w	2023	Group B Streptococcus Cas9 variants provide insight into programmable gene repression and CRISPR-Cas transcriptional effects	Communications Biology	Kathyayini P. Gopalakrishna, Gideon H. Hillebrand, Venkata Hemanjani Bhavana, Jordan L. Elder, Adonis D’Mello, Hervé Tettelin, Thomas Alexander Hooven
10.1016/j.xpro.2023.102618	2023	Harvesting mouse suprachiasmatic nucleus by vibrating microtome for diurnal transcriptome analysis	STAR Protocols	Akanksha Bafna, Petrina Lau, Gareth T. Banks, Patrick M. Nolan
10.1016/j.funeco.2023.101304	2023	Hidden diversity within Beauveria and Metarhizium – Comparing morphology, barcoding, multilocus phylogenies and whole-genome sequences	Fungal ecology	Leela Maya Rizal, James Hereward, Dean R. Brookes, Michael J. Furlong, Gimme H. Walter
10.1007/s11030-023-10763-y	2023	High-throughput virtual screening of potential inhibitors of GPR52 using docking and biased sampling method for Huntington’s disease therapy	Molecular Diversity	Himanshi Gupta, Shakti Sahi
10.3389/fmicb.2023.1154620	2023	Highly sensitive quantitative phase microscopy and deep learning aided with whole genome sequencing for rapid detection of infection and antimicrobial resistance	Frontiers in Microbiology	Azeem Ahmad, Ramith Hettiarachchi, Abdolrahman Khezri, Balpreet Singh Ahluwalia, Dushan N. Wadduwage, Rafi Ahmad
10.1080/21645515.2023.2282693	2023	Human transcriptional signature of protection after Plasmodium falciparum immunization and infectious challenge via mosquito bites	Human Vaccines & Immunotherapeutics	Marie Mura, Burook Misganaw, Aarti Gautam, Tanisha M. Robinson, Sidhartha Chaudhury, Neha Bansal, Andrew J. Martins, John S. Tsang, Rasha Hammamieh, Elke S. Bergmann‐Leitner
10.3324/haematol.2023.283245	2023	Hypomethylating agent decitabine sensitizes diffuse large B-cell lymphoma to venetoclax	Haematologica	Fen Zhu, Jennifer Leigh Crombie, Wei Ni, Nguyet-Minh Hoang, Swati Garg, Liam R. Hackett, Stephen Jun Fei Chong, Mary C. Collins, Lixin Rui, James D. Griffin, Matthew Steven Davids
10.7554/elife.89173	2023	Hypoxia-inducible factor induces cysteine dioxygenase and promotes cysteine homeostasis in Caenorhabditis elegans	eLife	Kurt Warnhoff, Sushila Bhattacharya, Jennifer Snoozy, Peter C. Breen, Gary Ruvkun
10.1101/2023.05.04.538701	2023	Hypoxia-inducible factor induces cysteine dioxygenase and promotes cysteine homeostasis in Caenorhabditis elegans	bioRxiv (Cold Spring Harbor Laboratory)	Kurt Warnhoff, Sushila Bhattacharya, Jennifer Snoozy, Peter C. Breen, Gary Ruvkun
10.7554/elife.89173.1	2023	Hypoxia-inducible factor promotes cysteine homeostasis in Caenorhabditis elegans	eLife	Kurt Warnhoff, Jennifer Snoozy, Peter C. Breen, Gary Ruvkun
10.1016/j.molcel.2023.11.022	2023	IDR-targeting compounds suppress HPV genome replication via disruption of phospho-BRD4 association with DNA damage response factors	Molecular Cell	Shwu-Yuan Wu, Hsien‐Tsung Lai, Nilam Sanjib Banerjee, Zonghui Ma, Juan F. Santana, Shuguang Wei, Xisheng Liu, Meirong Zhang, Jian Hui Zhan, Haiying Chen, Bruce A. Posner, Yadong Chen, David H.R. Price, Louise T. Chow, Jia Zhou, Cheng‐Ming Chiang
10.1101/2023.06.09.544165	2023	IRF2BP2 counteracts the ATF7/JDP2 AP-1 heterodimer to prevent inflammatory overactivation in acute myeloid leukemia (AML) cells	bioRxiv (Cold Spring Harbor Laboratory)	Sabrina Fischer, Lisa Marie Weber, Bastian Stielow, Miriam Frech, Clara Simon, Julie Könnecke, Ignasi Forné, Andrea Nist, Uta‐Maria Bauer, Thorsten Stiewe, Andreas Neubauer, Robert Liefke
10.1101/2023.08.20.553861	2023	Identification and functional characterisation of a locus for target site integration in Fusarium graminearum	bioRxiv (Cold Spring Harbor Laboratory)	Martín Alejandro Darino, Martin Urban, Navneet Kaur, Ana Machado-Wood, Michael Grimwade-Mann, Daniel P. Smith, Andrew M Beacham, Kim Hammond-Kosack
10.3389/fpls.2023.1186183	2023	Identification and validation of a major quantitative trait locus for spike length and compactness in the wheat (Triticum aestivum L.) line Chuanyu12D7	Frontiers in Plant Science	Mingxiu Wang, Jing Lü, Rong Liu, Yunfang Li, Dong‐Hui Ao, Yu Wu, Lei Zhang
10.1590/s1984-29612023075	2023	Identification of Eimeria spp. in domestic chickens raised in alternative poultry production systems in the State of São Paulo, Brazil	Revista Brasileira de Parasitologia Veterinária/Brazilian Journal of Veterinary Parasitology	José Carlos Soares, Bruno Ferraz Itoyama, Bruna Matarucco Sampaio Beretta, Camila Michele de Souza Hossotani, Maria Santa Cardoso Silva, Giane Serafim da Silva, Alex Akira Nakamura, Flávia Lombardi Lopes, Marcelo Vasconcelos Meireles
10.21203/rs.3.rs-3614228/v1	2023	Identification of Novel Hub Genes and Key Pathways Associated with Breast Cancer Through Various Classification Models	Research Square	Alishbah Saddiqa, Mahrukh Zakir, Mawara Sheikh, Zahid Muneer, Arsalan Hassan, Iqra Fatima Munawar Ali, Ihtisham Ul Haq, Azmat Ali Khan, Amer M. Alanazi, Abdul Rauf Siddiqi
10.1128/aem.01458-23	2023	Identification of an operon and its regulator required for autoaggregation in Tetragenococcus halophilus	Applied and Environmental Microbiology	Ryuhei Endo, Shiori Hotta, Takura Wakinaka, Yoshinobu Mogi, Jun Watanabe
10.1007/s00203-023-03681-y	2023	Identification of two putative novel deltapartitiviruses and an enamovirus in coriander transcriptomes	Archives of Microbiology	V. Kavi Sidharthan, Damini Diksha, Ravindra Pal Singh, Sharda Choudhary, Mahantesha B.N. Naika, Virendra Kumar Baranwal
10.21203/rs.3.rs-2636518/v1	2023	Identification of two putative novel deltapartitiviruses and an enamovirus in coriander transcriptomes	Research Square	V. Kavi Sidharthan, Damini Diksha, Ravindra Pal Singh, Sharda Choudhary, Mahantesha B.N. Naika, Virendra Kumar Baranwal
10.3389/fpls.2023.1239010	2023	Improved chilling tolerance in glasshouse-grown potted sweet basil by end-of-production, short-duration supplementary far red light	Frontiers in Plant Science	Firdous Begum, George Skinner, Sandra Paulina Smieszek, Simon P. Budge, Anthony D. Stead, Paul F. Devlin
10.3390/toxics11100856	2023	In Vivo Investigation of the Effect of Dietary Acrylamide and Evaluation of Its Clinical Relevance in Colon Cancer	Toxics	Christiana Michael Neophytou, Andromachi Katsonouri, Maria Christodoulou, Panagiotis Papageorgis
10.1101/2023.02.12.528195	2023	Insight into the central and nodal cells transcriptome of the streptophyte green alga Chara braunii S276	bioRxiv (Cold Spring Harbor Laboratory)	Daniel Heß, Anja Holzhausen, Wolfgang R. Hess
10.1111/ppl.14025	2023	Insight into the nodal cells transcriptome of the streptophyte green alga Chara braunii S276	Physiologia Plantarum	Daniel Heß, Anja Holzhausen, Wolfgang R. Hess
10.1016/j.gene.2023.147939	2023	Insights into the nuclear and mitochondrial genome of the Lemon shark Negaprion brevirostris using low-coverage sequencing: Genome size, repetitive elements, mitochondrial genome, and phylogenetic placement	Gene	Juan Antonio Baeza, Natalie C. Stephens, Alyssa M. Baker, Andrew Lyons, Bryan Robert Franks, S Pirro, Kevin Andrew Feldheim
10.1021/acssynbio.3c00363	2023	Integration of Yeast Episomal/Integrative Plasmid Causes Genotypic and Phenotypic Diversity and Improved Sesquiterpene Production in Metabolically Engineered Saccharomyces cerevisiae	ACS Synthetic Biology	Bingyin Peng, Sarah J. Weintraub, Zeyu Mike Lu, Samuel G. Evans, Qianyi Shen, Liam McDonnell, Manuel R. Plan, Thomas Collier, Li Chen Cheah, Lei Ji, Christopher B. Howard, Will Anderson, Matt Trau, Geoff J. Dumsday, Erin Bredeweg, Eric M. Young, Robert E. Speight, Claudia E. Vickers
10.1101/2023.11.22.568210	2023	Integration of transcription regulation and functional genomic data reveals lncRNA SNHG6’s role in hematopoietic differentiation and leukemia	bioRxiv (Cold Spring Harbor Laboratory)	Joshua M. Hazan, Raziel Amador, Tamar Lahav, Yehuda G. Assaraf, Roderic Guigó, Assaf C. Bester
10.1093/bioadv/vbad154	2023	JSONWP: a static website generator for protein bioinformatics research	Bioinformatics Advances	Mesih Kilinc, Kejue Jia, Robert L. Jernigan
10.1038/s41590-023-01605-y	2023	Kunitz-type protease inhibitor TFPI2 remodels stemness and immunosuppressive tumor microenvironment in glioblastoma	Nature Immunology	Lizhi Pang, Madeline Dunterman, Songlin Guo, Fatima Khan, Yang Liu, Erfan Taefi, Atousa Bahrami, Changiz Geula, Wen-Hao Hsu, Craig Horbinski, Charles David James, Peiwen Chen
10.21203/rs.3.rs-2518916/v1	2023	Lamin A upregulation reorganizes the genome during rod photoreceptor degeneration	Research Square	Ivana Nad, José Alex Lourenço Fernandes, Khatereh Shir-Mohammadi, Pierre A. Mattar
10.1007/978-3-662-68100-8_1	2023	Life Science Workflow Services (LifeSWS): Motivations and Architecture	Lecture notes in computer science	Reza Akbarinia, Christophe Botella, Alexis Joly, Florent Masséglia, Marta Mattoso, Eduardo Ogasawara, Daniel de Oliveira, Esther Pacitti, Fabio Andre Machado Porto, Christophe Pradal, Dennis E. Shasha, Patrick Valduriez
10.1101/2023.10.10.23296804	2023	Maintenance of Heterochromatin links Chromatin Modifiers and Neurodevelopment in Autism Spectrum Disorder	medRxiv	Michael R. Garvin, David Kainer
10.1016/j.xpro.2023.102397	2023	Measuring the transcriptome-wide effects of aging on murine adipocytes using RNAseq	STAR Protocols	Aurore de Cauwer, Angélique Pichot, Anne Marie Molitor, Tristan Stemmelen, Raphaël Carapito, Seiamak Bahram, Philippe T Georgel
10.1021/acs.jproteome.3c00040	2023	Metaproteomic Analysis of Nasopharyngeal Swab Samples to Identify Microbial Peptides in COVID-19 Patients	Journal of Proteome Research	Surbhi Bihani, Aryan Gupta, Subina Mehta, Andrew T. Rajczewski, James E. Johnson, Dhanush Borishetty, Timothy J. Griffin, Sanjeeva Srivastava, Pratik Jagtap
10.1101/2023.01.31.525328	2023	Metaproteomic analysis of nasopharyngeal swab samples to identify microbial peptides and potential co-infection status in COVID-19 patients	bioRxiv (Cold Spring Harbor Laboratory)	Surbhi Bihani, Aryan Gupta, Subina Mehta, Andrew T. Rajczewski, James E. Johnson, Dhanush Borishetty, Timothy J. Griffin, Sanjeeva Srivastava, Pratik Jagtap
10.1099/jmm.0.001719	2023	Metatranscriptome analysis of blood in healthy individuals and irritable bowel syndrome patients	Journal of Medical Microbiology	Lauma Jagare, Maija Rozenberga, Ivars Silamiķelis, Laura Ansone, Ilze Elbere, Monta Brīvība, Kaspars Megnis, Ilze Konrāde, Ilze Birka, Zane Straume, Jānis Kloviņš
10.3389/fphys.2023.1207620	2023	Mitochondrial polymorphism m.3017C>T of SHLP6 relates to heterothermy	Frontiers in Physiology	Sarah Viola Emser, Clemens P. Spielvogel, Eva Millesi, Ralf Steinborn
10.1101/2023.04.19.537514	2023	Mobilisation and analyses of publicly available SARS-CoV-2 data for pandemic responses	bioRxiv (Cold Spring Harbor Laboratory)	Nadim Rahman, Colman O’Cathail, Ahmad Zyoud, Alexey Sokolov, Bas B. Oude Munnink, Björn Andreas Grüning, Carla A. Cummins, Clara Amid, David F. Nieuwenhuijse, Dávid Visontai, David Yu Yuan, Dipayan Gupta, Divyae K. Prasad, Gábor Máté Gulyás, Gabriele Rinck, Jasmine McKinnon, Jeena Rajan, Jeff Knaggs
10.1093/g3journal/jkad184	2023	Model Organism Modifier (MOM): a user-friendly Galaxy workflow to detect modifiers from genome sequencing data using Caenorhabditis elegans	G3 Genes Genomes Genetics	Tatiana Maroilley, K. M. Tahsin Hassan Rahit, Afiya Razia Chida, Filip Cotra, Victoria Rodrigues Alves Barbosa, Maja Tarailo‐Graovac
10.1007/s11030-023-10752-1	2023	Molecular Property Diagnostic Suite Compound Library (MPDS-CL): a structure-based classification of the chemical space	Molecular Diversity	Lijo John, Selvaraman Nagamani, Hridoy Jyoti Mahanta, S. Vaikundamani, Nandan Kumar, Asheesh Kumar, Esther Jamir, Lipsa Priyadarsinee, Garikapati Narahari Sastry
10.1101/2023.08.29.555437	2023	Molecular Property Diagnostic Suite for COVID-19 (MPDS COVID-19 ): An open access disease specific drug discovery portal	bioRxiv (Cold Spring Harbor Laboratory)	Lipsa Priyadarsinee, Esther Jamir, Selvaraman Nagamani, Hridoy Jyoti Mahanta, Nandan Kumar, Lijo John, Himakshi Sarma, Asheesh Kumar, Anamika Singh Gaur, Rosaleen Sahoo, S. Vaikundamani, N. Arul Murugan, U. Deva Priyakumar, Gajendra P. S. Raghava, Prasad V. Bharatam, Ramakrishnan Parthasarathi, Venk
10.3389/fviro.2023.1124848	2023	Molecular characterization of dengue virus serotype 1 infections in French travelers from Africa between 2013 and 2019	Frontiers in Virology	Toscane Fourié, Guillaume André Durand, Franck Touret, Geraldine K. Piorkowski, Audrey Dubot‐Pérès, Xavier Nicolas de Lamballerie, Isabelle Leparc-Goffart, Gilda Grard
10.3389/fbinf.2023.1233748	2023	Moving beyond the desktop: prospects for practical bioimage analysis via the web	Frontiers in Bioinformatics	Wei Ouyang, Kevin W. Eliceiri, Beth A. Cimini
10.3390/plants12122318	2023	Multi-Omics Analysis of Vicia cracca Responses to Chronic Radiation Exposure in the Chernobyl Exclusion Zone	Plants	Viktoria Voronezhskaya, Polina Volkova, Sofia V. Bitarishvili, Ekaterina Shesterikova, Mikhail Podlutskii, Gilles Clément, Christian Meyer, Gustavo Turqueto Duarte, Maksim Kudin, Dmitrii Garbaruk, Larisa Turchin, Elizaveta Kazakova
10.3389/fpls.2023.1139574	2023	Multi-locus genome-wide association study of chickpea reference set identifies genetic determinants of Pratylenchus thornei resistance	Frontiers in Plant Science	Sonal Channale, John Patrick Thompson, Rajeev Kumar Varshney, Mahendar Thudi, Rebecca S. Zwart
10.1016/j.canlet.2023.216384	2023	Multi-omic analysis reveals metabolic pathways that characterize right-sided colon cancer liver metastasis	Cancer Letters	Montana T. Morris, Abhishek Jain, Boshi Sun, Vadim Kurbatov, Engjel Muca, Zhaoshi Zeng, Ying Jin, Jatin Roper, Jun Lü, Philip B. Paty, Caroline Helen Johnson, Sajid Ali Khan
10.1016/j.envexpbot.2023.105600	2023	Multi-omics responses of barley seedlings to low and high linear energy transfer irradiation	Environmental and Experimental Botany	Polina Volkova, Alexander A. Prazyan, Mikhail Podlutskii, Vyacheslav O. Saburov, Elizaveta Kazakova, Sofia V. Bitarishvili, Gustavo Turqueto Duarte, Ekaterina Shesterikova, Е. С. Макаренко, Maria A. Lychenkova, Cécile Ben, Laurent Gentzbittel, Evgenii Kazakov, Aleksandr Moiseev, Sergei Diuzhenko, Ma
10.1161/circgen.122.003936	2023	National Human Genome Research Institute Genomic Data Science Analysis, Visualization, and Informatics Lab-Space: Reaching out to Clinicians	Circulation Genomic and Precision Medicine	Jennifer L. Hall, Sally Honeycutt, Nicole Gonzalez, Anne O’Donnell‐Luria, Casey Overby Taylor, Laura M. Stevens, Anthony Philippakis, Michael C. Schatz
10.21203/rs.3.rs-2649734/v1	2023	Neurodesk: An accessible, flexible, and portable data analysis environment for reproducible neuroimaging	Research Square	Steffen Bollmann, Angela Renton, Thuy Thanh Dao, Tom Johnstone, Oren Civier, Ryan P. Sullivan, David White, Paris Lyons, Benjamin Slade, David F. Abbott, Toluwani Joan Amos, Saskia Bollmann, Andy Botting, Megan E. J. Campbell, Jeryn Chang, Thomas Close, Korbinian Eckstein, Gary F. Egan, Stefanie Eva
10.1016/j.celrep.2023.113016	2023	Neuroendocrine lineage commitment of small cell lung cancers can be leveraged into p53-independent non-cytotoxic therapy	Cell Reports	Sudipta Biswas, Kai Kang, Kwok Peng Ng, Tomas Radivoyevitch, Kurt Alex Schalper, Zhang Hua, Daniel J. Lindner, Anish Thomas, David P MacPherson, Brian Gastman, David S. Schrump, Kwok‐Kin Wong, Vamsidhar Velcheti, Yogen Saunthararajah
10.1101/2023.12.19.572393	2023	Neutral evolution of snoRNA Host Gene long non-coding RNA affects cell fate control	bioRxiv (Cold Spring Harbor Laboratory)	Matteo Vietri Rudan, Kalle H. Sipilä, Christina Philippeos, Clarisse Gânier, Victor Augusti Negri, Fiona M. Watt
10.1089/phage.2022.0039	2023	New Bacteriophages Members of the Ackermannviridae Family Specific for Klebsiella pneumoniae ST258	PHAGE	Estefanía Tisalema-Guanopatín, Fausto Sebastián Cabezas-Mera, Karla Nolivos-Rodríguez, Isabel Fierro, Lourdes Pazmiño, Daniel Garzón-Chávez, Alexis Debut, Karla Sofía Vizuete, Jorge Reyes
10.3390/plants12051077	2023	New Low Morphine Opium Poppy Genotype Obtained by TILLING Approach	Plants	Jiří Červeň, Viktor Vrbovský, Jiri Horacek, Martin Bartas, Lenka Endlová, Petr Pečínka, Vladislav Čurn
10.1094/pbiomes-05-23-0033-r	2023	Non-Native Plant Viruses Prevalent in Remnant Natural Plant Communities Harm Native Perennial Hosts	Phytobiomes Journal	Tessa M. Shates, Marco Gebiola, Penglin Sun, Oaksoe Aung, Amani Helo, Jaimie R. Kenney, Carolyn M. Malmström, Kerry Elizabeth Mauck
10.1042/bcj20230011	2023	Novel insights into the recognition of acetylated histone H4 tail by the TRIM24 PHD-Bromo module	Biochemical Journal	Ishita Bardhan, Soumen Barman, Anirban Roy, Babu Sudhamalla
10.1101/2023.04.12.536658	2023	Novel lytic and lysogenic cyanophages predicted to infect Microcoleus associated with anatoxin-producing benthic mats	bioRxiv (Cold Spring Harbor Laboratory)	Cecilio Valadez‐Cano, Adrián Reyes‐Prieto, Janice E. Lawrence
10.1111/1462-2920.16527	2023	Novel virulent and temperate cyanophages predicted to infect Microcoleus associated with anatoxin‐producing benthic mats	Environmental Microbiology	Cecilio Valadez‐Cano, Adrián Reyes‐Prieto, Janice E. Lawrence
10.1007/s00418-023-02209-1	2023	OME-Zarr: a cloud-optimized bioimaging file format with international community support	Histochemistry and Cell Biology	Josh Moore, Daniela Basurto-Lozada, Sébastien Besson, John Bogovic, Jordão Bragantini, Eva Maxfield Brown, Jean‐Marie Burel, Xavier Casas Moreno, Gustavo de Medeiros, Erin E. Diel, David Gault, Satrajit Ghosh, Ilan Gold, Yaroslav O. Halchenko, Matthew Hartley, Dave Horsfall, Mark S. Keller, Mark Kit
10.1101/2023.02.17.528834	2023	OME-Zarr: a cloud-optimized bioimaging file format with international community support	bioRxiv (Cold Spring Harbor Laboratory)	Josh Moore, Daniela Basurto-Lozada, Sébastien Besson, John Bogovic, Jordão Bragantini, Eva Maxfield Brown, Jean‐Marie Burel, Xavier Casas Moreno, Gustavo de Medeiros, Erin E. Diel, David Gault, Satrajit Ghosh, Ilan Gold, Yaroslav O. Halchenko, Matthew Hartley, Dave Horsfall, Mark S. Keller, Mark Kit
10.21203/rs.3.rs-3286368/v1	2023	OpenMS 3 expands the frontiers of open-source computational mass spectrometry	Research Square	Timo T. Sachsenberg, Julianus Pfeuffer, Chris Bielow, Samuel P. Wein, Kyowon Jeong, Eugen Netz, Axel Walter, Oliver Alka, Lars Nilse, Pasquale Colaianni, Douglas McCloskey, Jihyung Kim, George Rosenberger, Leon Bichmann, Mathias Walzer, Johannes A. Veit, Bertrand Boudaud, Matthias Bernt, Nikolaos Pa
10.1111/tpj.16474	2023	PLANTdataHUB : a collaborative platform for continuous FAIR data sharing in plant research	The Plant Journal	Heinrich Lukas Weil, Kevin Schneider, Marcel Tschöpe, Jonathan Bauer, Oliver Maus, Kevin L. Frey, Dominik Brilhaus, Cristina Martins Rodrigues, Gajendra Doniparthi, Florian Wetzels, Jonas Lukasczyk, Angela Kranz, Björn Andreas Grüning, David M. Zimmer, Stefan Deßloch, Dirk von Suchodoletz, Björn Usa
10.3390/v15112273	2023	Pathogenicity in Chickens and Turkeys of a 2021 United States H5N1 Highly Pathogenic Avian Influenza Clade 2.3.4.4b Wild Bird Virus Compared to Two Previous H5N8 Clade 2.3.4.4 Viruses	Viruses	Mary J. Pantin‐Jackwood, Erica Spackman, Christina M. Leyson, Sungsu Youk, Scott A. Lee, Linda M. Moon, Mia Kim Torchetti, Mary Lea Killian, Julianna B. Lenoch, Darrell R. Kapczynski, David E. Swayne, David L. Suarez
10.7287/peerj.15171v0.1/reviews/2	2023	Peer Review #2 of "Aircraft surveys for air eDNA: probing biodiversity in the sky (v0.1)"		
10.1016/j.chembiol.2023.05.012	2023	Peptide-mediated inhibition of the transcriptional regulator Elongin BC induces apoptosis in cancer cells	Cell chemical biology	Sabrina Fischer, Van Tuan Trinh, Clara Simon, Lisa M. Weber, Ignasi Forné, Andrea Nist, Gert Bange, Frank Abendroth, Thorsten Stiewe, Wieland Steinchen, Robert Liefke, Olalla Vázquez
10.1007/978-1-0716-3549-0_8	2023	Phage DNA Extraction, Genome Assembly, and Genome Closure	Methods in molecular biology	Justin X. Boeckman, Mei Liu, Jolene Ramsey, Jason J. Gill
10.1128/jvi.00850-23	2023	Phage Milagro: a platform for engineering a broad host range virulent phage for Burkholderia	Journal of Virology	Guichun W. Yao, Tram Le, Abby M. Korn, Hannah N. Peterson, Mei Liu, Carlos F. Gonzalez, Jason J. Gill
10.1007/s42770-023-01086-z	2023	Phenotypic and molecular characterization and complete genome sequence of a Corynebacterium diphtheriae strain isolated from cutaneous infection in an immunized individual	Brazilian Journal of Microbiology	Max Roberto Batista Araújo, Juliana Nunes Ramos, Lincoln de Oliveira Sant’Anna, Sérgio Bokermann, Marlon Benedito Nascimento Santos, Ana Luíza Mattos‐Guaraldi, Vasco Azevedo, Fernanda Diniz Prates, Diego Lucas Neres Rodrigues, Flávia Figueira Aburjaile, Cláudio Tavares Sacchi, Karoline Rodrigues Cam
10.1101/2023.04.12.536597	2023	Plant recognition by Trichoderma harzianum elicits upregulation of a novel secondary metabolite cluster required for colonization	bioRxiv (Cold Spring Harbor Laboratory)	Miriam Schalamun, Guofen Li, Wolfgang Hinterdobler, Dominik K. Großkinsky, Stéphane Compant, Assia Dreux-Zigha, Jennifer Gerke, Russell John Cox, Monika Schmoll
10.3389/fpls.2022.1011199	2023	PlantTribes2: Tools for comparative gene family analysis in plant genomics	Frontiers in Plant Science	Eric K. Wafula, Huiting Zhang, Gregory Von Kuster, James H. Leebens-Mack, Loren A. Honaas, Claude W. dePamphilis
10.1007/s10126-023-10209-4	2023	Post-feeding Molecular Responses of Cobia (Rachycentron canadum): RNA-Sequencing as a Tool to Evaluate Postprandial Effects in Hepatic Lipid Metabolism	Marine Biotechnology	Bruno C. Araújo, David Aciole Barbosa, Renato Massaaki Honji, Giovana Souza Branco, Fabiano Bezerra Menegídio, Victor Hugo Marques, Renata Guimarães Moreira, Marcelo Visentini Kitahara, Artur Rombenso, Paulo H. de Mello, Alexandre Wagner Silva Hilsdorf
10.1242/dev.202236	2023	Postnatal persistence of hippocampal Cajal-Retzius cells has a crucial role in the establishment of the hippocampal circuit	Development	Ingvild Lynneberg Glærum, Keagan Dunville, Kristian Moan, Maike Krause, Nicola Pietro Montaldo, Hinako Kirikae, Maximiliano José Nigro, Pål Sætrom, Barbara van Loon, Giulia Quattrocolo
10.1016/j.expneurol.2023.114493	2023	Potential role of lncRNA in impairing cellular properties of human neural progenitor cells following exposure to Zika virus E protein	Experimental Neurology	Himali Arora, Bharat Prajapati, Pankaj Seth
10.1021/acssynbio.3c00110	2023	Precision Genome Engineering in Streptococcus suis Based on a Broad-Host-Range Vector and CRISPR-Cas9 Technology	ACS Synthetic Biology	Alex Gussak, Maria Laura Ferrando, Mels Schrama, Peter van Baarlen, Jerry Mark Wells
10.1101/2023.05.10.540119	2023	Predicting Blomia tropicalis allergens using a multiomics approach	bioRxiv (Cold Spring Harbor Laboratory)	Jan Hubert, Susanne Vrtala, Bruno Sopko, Scot E. Dowd, Qixin He, Pavel Borisovich Klimov, Karel Harant, Pavel Talacko, Tomáš Erban
10.21203/rs.3.rs-3460801/v1	2023	Probing of plant transcriptomes unveils the hitherto hidden genetic diversity of the family Secoviridae	Research Square	V. Kavi Sidharthan, Vijayprakash Reddy, G. Kiran, Velayutham Rajeswari, V. K. Baranwal, Manjari Kiran, Sudhir Kumar
10.21203/rs.3.rs-2497628/v1	2023	Probing the plant transcriptomes for novel waikaviral sequences broadens the host range and genetic diversity of waikaviruses	Research Square	V. Kavi Sidharthan, Velayutham Rajeswari, Virendra Kumar Baranwal
10.1007/s00018-023-04754-3	2023	Proteome alterations in human autopsy tissues in relation to time after death	Cellular and Molecular Life Sciences	Éva Kocsmár, Marlene Schmid, Miguel Cosenza‐Contreras, Ildikó Kocsmár, Melanie Christine Föll, Leah Krey, Bálint András Barta, Gergely Attila Rácz, András Kiss, Martin Werner, Oliver Schilling, Gábor Lotz, Peter Bronsert
10.1016/j.csbj.2023.08.034	2023	Protons taken hostage: Dynamic H-bond networks of the pH-sensing GPR68	Computational and Structural Biotechnology Journal	B.M. Kapur, Filippo Baldessari, Michalis Lazaratos, Herbert Nar, Gisela Schnapp, Alejandro Giorgetti, Ana‐Nicoleta Bondar
10.21203/rs.3.rs-3347494/v1	2023	RETRACTED: Prostaglandin E2-EP4 signaling suppresses bioenergetics and ribosome biogenesis in immune cells infiltrating human tumor	Research Square	Shuh Narumiya, Siwakorn Punyawattananukool, Thamrong Wongchang, Nao Katsurada, Ryuma Matsuura, Masahiro Kawashima, Masakazu Toi, Koji Yamanoi, Junzo Hamanishi, Shigeo Hisamori, Kazutaka Obama, Varodom Charoensawan, Dean Thumkeo
10.1101/2023.07.18.549543	2023	RIF1 integrates DNA repair and transcriptional requirements during the establishment of humoral immune responses	bioRxiv (Cold Spring Harbor Laboratory)	Ali Rahjouei, Eleni Kabrani, Maria Berruezo-Llacuna, Robert Altwasser, Verónica Delgado-Benito, Rushad Pavri, Michela Di Virgilio
10.1016/j.jmb.2023.168017	2023	RNASequest: An End-to-End Reproducible RNAseq Data Analysis and Publishing Framework	Journal of Molecular Biology	Jing Zhu, Yu Huining Sun, Zhengyu Ouyang, Kejie Li, Soumya Negi, Sarbottam Piya, Wenxing Hu, Maria I. Zavodszky, Hima Bindu Yalamanchili, Yirui Chen, Xinmin Zhang, Fergal Casey, Baohong Zhang
10.1016/j.ygeno.2023.110672	2023	RNAseq analysis of mutants in coding and non-coding transcription of phosphate genes in the yeast Saccharomyces cerevisiae	Genomics	Gerard Paul H. van Heusden
10.3389/fpls.2023.1272966	2023	Reference genome of the nutrition-rich orphan crop chia (Salvia hispanica) and its implications for future breeding	Frontiers in Plant Science	Parul Gupta, Matthew J. Geniza, Justin L. Elser, Noor Al-Bader, Rachel Baschieri, Jeremy Phillips, Ebaad Haq, Justin Preece, Sushma Naithani, Pankaj Jaiswal
10.1002/pro.4760	2023	Refined read‐out: The hUHRF1 Tandem‐Tudor domain prefers binding to histone H3 tails containing K4me1 in the context of H3K9me2/3	Protein Science	Michel Choudalakis, Goran Kungulovski, Rebekka Mauser, Pavel Bashtrykov, Albert Jeltsch
10.1093/bioinformatics/btad227	2023	Reprohackathons: promoting reproducibility in bioinformatics through training	Bioinformatics	Thomas Cokelaer, Sarah Cohen‐Boulakia, Frédéric Lemoine
10.1109/apsec60848.2023.00039	2023	Reusability Challenges of Scientific Workflows: A Case Study for Galaxy		Khairul Alam, Banani Roy, Alexander Serebrenik
10.1089/omi.2023.0197	2023	Revolutionizing Biological Science: The Synergy of Genomics in Health, Bioinformatics, Agriculture, and Artificial Intelligence	OMICS A Journal of Integrative Biology	Aakanksha Biswas, Aakanksha Biswas, Aditi Kumari, Aditi Kumari, Dipak S. Gaikwad, Dhananjay Kumar Pandey, Dhananjay Kumar Pandey
10.1016/j.jmb.2023.168043	2023	RiboGalaxy: A Galaxy-based Web Platform for Ribosome Profiling Data Processing – 2023 Update	Journal of Molecular Biology	Alla D. Fedorova, Jack A. S. Tierney, Audrey M. Michel, Pavel V. Baranov
10.1101/2023.05.23.541964	2023	S 1 basic leucine zipper transcription factors shape plant architecture by controlling C/N partitioning to apical and lateral organs	bioRxiv (Cold Spring Harbor Laboratory)	Philipp Kreisz, Alicia M. Hellens, Christian Fröschel, Markus Krischke, Daniel Maag, Regina Feil, Theresa Wildenhain, Jan Draken, Gabriel Braune, Leon Erdelitsch, Laura Cecchino, Tobias Wagner, Martin Johannes Mueller, Dirk Becker, John Edward Lunn, Johannes Hanson, Christine Anne Beveridge, Franzis
10.1101/2023.08.14.553183	2023	SAMD1 suppresses epithelial-mesenchymal transition (EMT) pathways in pancreatic ductal adenocarcinoma	bioRxiv (Cold Spring Harbor Laboratory)	Clara Simon, Inka D. Brunke, Bastian Stielow, Ignasi Forné, Anna Mary Steitz, Merle Geller, Iris Rohner, Lisa M. Weber, Sabrina Fischer, Lea Marie Jeude, Andrea Nist, Thorsten Stiewe, Magdalena Huber, Malte Buchholz, Robert Liefke
10.1101/2023.05.23.541941	2023	SEPALLATA-driven MADS transcription factor tetramerization is required for inner whorl floral organ development	bioRxiv (Cold Spring Harbor Laboratory)	Véronique Hugouvieux, Romain Blanc‐Mathieu, Michel Paul, Aline Janeau, Xiaocai Xu, Jérémy Lucas, Xuelei Lai, Antonin Galien, Wenhao Yan, Max Nanao, Kerstin Kaufmann, François Parcy, Chloé Zubieta
10.3389/fvets.2023.1186554	2023	Salmonella enterica induces biogeography-specific changes in the gut microbiome of pigs	Frontiers in Veterinary Science	João Carlos Gomes‐Neto, Natasha Pavlovikj, Nate Korth, Samantha A. Naberhaus, Bailey L. Arruda, Andrew K. Benson, Amanda Jo Kreuder
10.3389/fvets.2023.1191497	2023	Salmonella gallinarum strains from outbreaks of fowl typhoid fever in Southern Africa closely related to SG9R vaccines	Frontiers in Veterinary Science	Amanda Beylefeld, Célia Abolnik
10.1101/2023.06.28.546576	2023	Scalable, accessible, and reproducible reference genome assembly and evaluation in Galaxy	bioRxiv (Cold Spring Harbor Laboratory)	Delphine Larivière, Linelle Ann L. Abueg, Nadolina Brajuka, Cristóbal Gallardo Alba, Björn Andreas Grüning, Byung June Ko, Alexander Ostrovsky, Marc Palmada‐Flores, Brandon D. Pickett, K Siddique-e Rabbani, Jennifer Balacco, Mark Chaisson, Haoyu Cheng, Joanna Collins, Alexandra A. Denisova, Olivier 
10.1016/j.lwt.2023.115082	2023	Selection of proteolytic LAB starter cultures for acidification of soy based dairy alternatives	LWT	Blandine M. L. Genet, Hang Xiao, Lise Friis Christensen, Ida Nynne Laforce, Mohammad Amin Mohammadifar, Claus Heiner Bang‐Berthelsen, Egon Bech Hansen
10.1093/bioinformatics/btad209	2023	SemiBin2: self-supervised contrastive learning leads to better MAGs for short- and long-read sequencing	Bioinformatics	Shaojun Pan, Xing‐Ming Zhao, Luis Pedro Coelho
10.1101/2023.01.09.523201	2023	SemiBin2: self-supervised contrastive learning leads to better MAGs for short- and long-read sequencing	bioRxiv (Cold Spring Harbor Laboratory)	Shaojun Pan, Xing‐Ming Zhao, Luis Pedro Coelho
10.1101/2023.03.27.534389	2023	Sensing the rainbow: genetic and physiological responses to light quality in Ostreococcus, an ecologically important photosynthetic picoeukaryote	bioRxiv (Cold Spring Harbor Laboratory)	Elizabeth Sands, Sian E. W. Davies, Richard John Puxty, François‐Yves Bouget, David John Scanlan, Isabelle A. Carré
10.7717/peerj.16380	2023	Seq2science: an end-to-end workflow for functional genomics analysis	PeerJ	Maarten van der Sande, Siebren Frölich, Tilman Schäfers, Jos G.A. Smits, Rebecca R. Snabel, Sybren Rinzema, Simon J. van Heeringen
10.1101/2023.12.07.570650	2023	Sequence reliance of a Drosophila context-dependent transcription factor	bioRxiv (Cold Spring Harbor Laboratory)	Lauren J. Hodkinson, Julia L. Gross, Casey A. Schmidt, Pamela P. Diaz-Saldana, Tsutomo Aoki, Leila E. Rieder
10.1016/j.bbadis.2023.166970	2023	Single nuclei transcriptomics in diabetic mice reveals altered brain hippocampal endothelial cell function, permeability, and behavior	Biochimica et Biophysica Acta (BBA) - Molecular Basis of Disease	Saivageethi Nuthikattu, Dragan Milenković, Jennifer Norman, Amparo C. Villablanca
10.1101/2023.08.18.552093	2023	Soft extracellular matrix drives an endoplasmic reticulum stress-dependent S quiescence underlying molecular traits of pulmonary basal cells	bioRxiv (Cold Spring Harbor Laboratory)	Pierre‐Alexandre Laval, Marie Piecyk, Paul Le Guen, Mirela Ilie, Joëlle Fauvre, Isabelle Coste, Toufic Renno, Nicolas Aznar, Céline Hadji, Camille Migdal, Cédric Duret, Philippe Bertolino, Carole Ferraro‐Peyret, Alice Nicolas, Cédric Chaveroux
10.1186/s13293-023-00554-3	2023	Spatial transcriptomics reveal basal sex differences in supraoptic nucleus gene expression of adult rats related to cell signaling and ribosomal pathways	Biology of Sex Differences	Dianna H. Nguyen, Vítor Duque, Nicole R. Phillips, André S. Mecawi, Joseph Thomas Cunningham
10.1101/2023.06.16.545305	2023	Specification and survival of post-metamorphic branchiomeric neurons in the hindbrain of a non-vertebrate chordate	bioRxiv (Cold Spring Harbor Laboratory)	Eduardo D. Gigante, Katarzyna M. Piekarz, Alexandra Gurgis, Leslie E. Cohen, Florian Razy‐Krajka, Sydney Popsuj, Hussan S. Ali, Shruthi Mohana Sundaram, Alberto Stolfi
10.1007/s00414-023-03100-3	2023	Spitting in the wind?—The challenges of RNA sequencing for biomarker discovery from saliva	International Journal of Legal Medicine	Annica Gosch, Regine Banemann, Guro Dørum, Cordula Haas, Thorsten Hadrys, Nadescha Haenggi, Galina Kulstein, Jacqueline Neubauer, Cornelius Courts
10.3390/v15122455	2023	StM171, a Stenotrophomonas maltophilia Bacteriophage That Affects Sensitivity to Antibiotics in Host Bacteria and Their Biofilm Formation	Viruses	Ghadeer Jdeed, Vera V. Morozova, Yuliya Kozlova, Artem Y. Tikunov, Tatyana A. Ushakova, Alevtina V. Bardasheva, Andrey Dmitrievich Manakhov, Maria Mitina, Elena V. Zhirakovskaya, Nina V. Tikunova
10.1016/j.xplc.2023.100645	2023	Systemic analysis of metabolome reconfiguration in Arabidopsis after abiotic stressors uncovers metabolites that modulate defense against pathogens	Plant Communications	Antoni Garcia‐Molina, Victoria Pastor
10.24326/mon.2023.9	2023	Szanse nauk o zwierzętach		Brygida Ślaska, Andrzej Junkuszew, Bożena Kiczorowska
10.1101/2023.03.20.533491	2023	THE RHODOEXPLORER PLATFORM FOR RED ALGAL GENOMICS AND WHOLE GENOME ASSEMBLIES FOR SEVERAL GRACILARIA SPECIES	bioRxiv (Cold Spring Harbor Laboratory)	Agnieszka P. Lipinska, Stacy A. Krueger‐Hadfield, Olivier Godfroy, Simon M. Dittami, Lígia Ayres-Ostrock, Guido Bonthond, Loraine Brillet-Guéguen, Susana M. Coelho, Erwan Corre, Guillaume G. Cossard, Christophe Destombe, Paul Epperlein, Sylvain Faugeron, Elizabeth Ficko‐Blean, Jessica Beltrán, Emma 
10.1099/mgen.0.001008	2023	Taking hospital pathogen surveillance to the next level	Microbial Genomics	Guido Werner, Natacha Couto, Edward J. Feil, Ângela Novais, Kristin Hegstad, Benjamin P. Howden, Alexander W. Friedrich, Sandra Reuter
10.1101/2023.09.28.559926	2023	Targeting lignocellulolytic gene clusters in novel Trichoderma atroviride and Trichoderma harzianum strains through Bac-guided analysis	bioRxiv (Cold Spring Harbor Laboratory)	Paulo Henrique Campiteli, Maria Augusta Crivelente Horta, Rafaela Rossi Rosolen, Juliano Sales Mendes, Carla Cristina da Silva, Danilo Augusto Sforça, Anete Pereira de Souza
10.1101/2023.02.15.528675	2023	Temporal Notch signaling and Hes-mediated competitive de-repression regulate mucociliary cell fates in Xenopus	bioRxiv (Cold Spring Harbor Laboratory)	Magdalena Maria Brislinger-Engelhardt, Mona Hansen, Tim Litwin, Maximilian Haas, Aisha Andricek, Fabian Lorenz, Africa Temporal-Plo, Sarah Bowden, Sandra Hägele, Damian Weber, Alexia Tasca, Stefan Haug, Clemens Kreutz, Peter Walentek
10.1523/jneurosci.1824-22.2023	2023	The Amyloid Precursor Protein Regulates Synaptic Transmission at Medial Perforant Path Synapses	Journal of Neuroscience	Maximilian O. Lenz, Amelie Eichler, Pia Kruse, Christos Galanis, Dimitrios Kleidonas, Geoffroy Andrieux, Melanie Boerries, Peter Jedlička, Ulrike Müller, Thomas Deller, Andreas Vlachos
10.1101/2023.09.19.558503	2023	The Arabidopsis U1 snRNP regulates mRNA 3’-end processing	bioRxiv (Cold Spring Harbor Laboratory)	Anchilie G. Francisco‐Mangilet, Joachim Weber, Sandra Schüler, Irina Droste-Borel, S L Streicher, Thomas Schmutzer, Gregor Rot, Boris Maček, Sascha Laubinger
10.20944/preprints202308.1572.v1	2023	The Archaeome's Role in Colorectal Cancer: Unveiling the DPANN Group and Investigating Archaeal Functional Signatures	Preprints.org	Nour El Houda Mathlouthi, Imen Belguith, Mariem Yengui, Hamadou Oumarou Hama, Jean‐Christophe Lagier, Leila Keskes, Ghiles Grine, Radhouane Gdoura
10.3390/insects14100807	2023	The Characterization of Melanaphis sacchari Microbiota and Antibiotic Treatment Effect on Insects	Insects	Beatriz Xoconostle‐Cázares, José Abrahán Ramírez-Pool, Leandro Alberto Núñez-Muñoz, Berenice Calderón-Pérez, Brenda Yazmín Vargas-Hernández, Rafael Bujanos-Muñiz, Roberto Ruíz‐Medrano
10.22215/etd/2023-15802	2023	The Impact of Microplastics on Tissue-specific Gene Expression in the Tropical House Cricket, G. sigillatus		Alexandra Cheslock
10.1007/978-3-031-25380-5_14	2023	The Laniakea Dashboard and Storage Encryption Components: A Foundation for Developing On-Demand Cloud Services for Life Science	Communications in computer and information science	Marco Antonio Tangaro, Marica Antonacci, Pietro Mandreoli, Daniele Colombo, Nadina Foggetti, Giacinto Donvito, Graziano Pesole, Federico Zambelli
10.1093/gbe/evad124	2023	The Rhodoexplorer Platform for Red Algal Genomics and Whole-Genome Assemblies for Several Gracilaria Species	Genome Biology and Evolution	Agnieszka P. Lipinska, Stacy A. Krueger‐Hadfield, Olivier Godfroy, Simon M. Dittami, Lígia Ayres-Ostrock, Guido Bonthond, Loraine Brillet-Guéguen, Susana M. Coelho, Erwan Corre, Guillaume G. Cossard, Christophe Destombe, Paul Epperlein, Sylvain Faugeron, Elizabeth Ficko‐Blean, Jessica Beltrán, Emma 
10.3389/fmicb.2023.1134755	2023	The challenges of the genome-based identification of antifungal resistance in the clinical routine	Frontiers in Microbiology	Ana Alastruey‐Izquierdo, Antonio J. Martín-Galiano
10.24272/j.issn.2095-8137.2022.528	2023	The first cavefish in the Dinaric Karst? Cave colonization made possible by phenotypic plasticity in Telestes karsticus	动物学研究	Mateo Čupić, Zoran Marčić, Marko Lukić, Romana Gračan, Helena Bilandžija, Croatian Biospeleological Society, Zagreb 10000, Croatia, Croatian Biospeleological Society, Zagreb 10000, Croatia
10.1093/bib/bbad375	2023	The five pillars of computational reproducibility: bioinformatics and beyond	Briefings in Bioinformatics	Mark D. Ziemann, Pierre Poulain, Anusuiya Bora
10.12688/f1000research.138571.1	2023	The genome sequence of the critically endangered Kroombit tinkerfrog (Taudactylus pleione)	F1000Research	Katherine A. Farquharson, Elspeth A. McLennan, Katherine Belov, Carolyn J. Hogg
10.12688/f1000research.138571.2	2023	The genome sequence of the critically endangered Kroombit tinkerfrog (Taudactylus pleione)	F1000Research	Katherine A. Farquharson, Elspeth A. McLennan, Katherine Belov, Carolyn J. Hogg
10.1101/2023.08.21.554217	2023	The germline coordinates mitokine signaling	bioRxiv (Cold Spring Harbor Laboratory)	Koning Shen, Jenni Durieux, Cesar G. Mena, Brant Michael Webster, C. Kimberly Tsui, Hanlin Zhang, Lawrence Joe, Kristen M. Berendzen, Andrew Dillin
10.1111/ppl.14123	2023	The impact of salt stress on the physiology and the transcriptome of the model streptophyte green alga Chara braunii	Physiologia Plantarum	Daniel Heß, Carolin Heise, Hendrik Schubert, Wolfgang R. Hess, Martin Hagemann
10.1101/2023.06.28.546876	2023	The long non-coding RNA LINDA restrains cellular collapse following DNA damage in Arabidopsis thaliana	bioRxiv (Cold Spring Harbor Laboratory)	Josephine Herbst, Solveig Henriette Nagy, Ilse Vercauteren, Lieven De Veylder, Reinhard Kunze
10.1111/tpj.16431	2023	The long non‐coding RNA LINDA restrains cellular collapse following DNA damage in Arabidopsis thaliana	The Plant Journal	Josephine Herbst, Solveig Henriette Nagy, Ilse Vercauteren, Lieven De Veylder, Reinhard Kunze
10.1007/s00606-023-01847-1	2023	The terpene synthase genes of Melaleuca alternifolia (tea tree) and comparative gene family analysis among Myrtaceae essential oil crops	Plant Systematics and Evolution	Julia Voelker, Ramil Mauleon, Mervyn Shepherd
10.3389/fimmu.2023.1168635	2023	The transcriptional control of the VEGFA-VEGFR1 (FLT1) axis in alternatively polarized murine and human macrophages	Frontiers in Immunology	Apolka Domokos, Zsofia Varga, Karoly Jambrovics, Noemí Caballero, Enikő Vasziné Szabó, Gergely Gyorgy Nagy, Beáta Scholtz, László Halász, Eszter Váradi, Krisztián Bene, Anett Mázló, Attila Bácsi, Viktória Jeney, Gábor J. Szebeni, Laszlo Tibor Nagy, Zsolt Czimmerer
10.26686/wgtn.22976435	2023	The volatilome of the cnidarian-dinoflagellate symbiosis		Margaret Wuerz
10.1093/nar/gkad253	2023	TheEscherichia coliFur pan-regulon has few conserved but many unique regulatory targets	Nucleic Acids Research	Ye Gao, Ina Bang, Yara Seif, Donghyuk Kim, Bernhard Ørn Palsson
10.1038/s41467-023-42578-8	2023	Themis2 regulates natural killer cell memory function and formation	Nature Communications	Tsukasa Nabekura, Elfira Amalia Deborah, Saeko Tahara, Yuya Tahara-Arai, Paul E. Love, Koichiro Kako, Akiyoshi Fukamizu, Masafumi Muratani, Akira Shibuya
10.3389/fmicb.2023.1242856	2023	Topiramate alters the gut microbiome to aid in its anti-seizure effect	Frontiers in Microbiology	K'Ehleyr Thai, Michael W. Taylor, Tatiane Fernandes, Eunice A. Akinade, Susan L. Campbell
10.1016/j.ifacol.2023.10.862	2023	Towards End-to-End Automated Microscopy Control using Holotomography: Workflow Design and Data Management	IFAC-PapersOnLine	Henning Zwirnmann, Dennis Knobbe, Sami Haddadin
10.1101/2023.01.21.525033	2023	Tracking coreceptor switch of the transmitted/founder HIV-1 identifies co-evolution of HIV-1 antigenicity, coreceptor usage and CD4 subset targeting	bioRxiv (Cold Spring Harbor Laboratory)	Manukumar Honnayakanahalli Marichannegowda, Michelle Zemil, Lindsay Wieczorek, Eric Sanders‐Buell, Meera Bose, Anne Marie O’Sullivan, David B. King, Leilani V. Francisco, Felisa Diaz‐Mendez, Saini Setua, Nicolas Chomont, Nittaya Phanuphak, Jintanat Ananworanich, Denise C. Hsu, Sandhya Vasan, Nelson 
10.1167/iovs.64.15.46	2023	Transcriptional Comparison of Human and Murine Retinal Neovascularization	Investigative Ophthalmology & Visual Science	Laurenz Johannes Bernhard Pauleikhoff, Stefaniya Boneva, Myriam Boeck, Anja Schlecht, Günther Schlunck, Hansjürgen T. Agostini, Clemens Lange, Julian Wolf
10.3390/biom13010115	2023	Transcriptional Profiling Identifies Prognostic Gene Signatures for Conjunctival Extranodal Marginal Zone Lymphoma	Biomolecules	Julian Wolf, Thomas Reinhard, Rozina Ida Hajdú, Günther Schlunck, Claudia Auw‐Haedrich, Clemens Lange
10.1101/2023.10.06.561260	2023	Transcriptional signatures associated with waterlogging stress responses and aerenchyma formation in barley root tissue	bioRxiv (Cold Spring Harbor Laboratory)	Orla L. Sherwood, Rory Burke, Jennifer O’Rourke, Conor Whelan, Frances Downey, Louise Ryan, Eoin F. McCabe, Zixia Huang, Carl K.‐Y. Ng, Paul Francis McCabe, Joanna Kacprzyk
10.1101/2023.09.21.558767	2023	Transcriptome-wide analysis of primary human endothelial cell responses to 1 hour of protein translation inhibition identify nonsense mediated decay targets and a non-coding SLC11A2 exon as an acute biomarker	bioRxiv (Cold Spring Harbor Laboratory)	Adrianna M. Bielowka, Fatima S Govani, Dilip Patel, María E Bernabeu-Herrero, Dongyang Li, Micheala A. Aldred, Inês G. Mollet, Claire L. Shovlin
10.1186/s12859-023-05573-w	2023	Transformer-based tool recommendation system in Galaxy	BMC Bioinformatics	Anup Kumar, Björn Andreas Grüning, Rolf Backofen
10.26508/lsa.202302237	2023	Transgenerational epigenetic effects imposed by neonicotinoid thiacloprid exposure	Life Science Alliance	Ouzna Dali, Shereen Cynthia D’Cruz, Louis Legoff, Mariam Diba Lahmidi, Celine Heitz, Pierre-Etienne Merret, Pierre-Yves Kernanec, Farzad Pakdel, Fatima O. Smagulova
10.1101/2023.07.10.548350	2023	Translation of zinc finger domains induces ribosome collision and Znf598-dependent mRNA decay in vertebrates	bioRxiv (Cold Spring Harbor Laboratory)	Kota Ishibashi, Yuichi Shichino, Peixun Han, Kimi Wakabayashi, Toshifumi Inada, Seisuke Kimura, Shintaro Iwasaki, Yuichiro Mishima
10.1371/journal.ppat.1011438	2023	Two cold shock domain containing proteins trigger the development of infectious Trypanosoma brucei	PLoS Pathogens	Justin Y. Toh, Agathe Nkouawa, Gang Dong, Nikolay G. Kolev, Christian Tschudi
10.1016/j.jbc.2023.105551	2023	Uncovering the non-histone interactome of the BRPF1 bromodomain using site-specific azide-acetyllysine photochemistry	Journal of Biological Chemistry	Soumen Barman, Jyotirmayee Padhan, Babu Sudhamalla
10.1016/j.gene.2023.147718	2023	Unraveling the transcriptional network regulated by miRNAs in blast-resistant and blast-susceptible rice genotypes during Magnaporthe oryzae interaction	Gene	Mohammed Javed, Bhaskar Reddy, Neelam Sheoran, Ganesan Prakash, Aundy Kumar
10.1101/2023.11.20.567554	2023	Unravelling the molecular mechanisms of fish salinity adaptation in the face of multiple stressors: A comparative multi-tissue transcriptomic study in the Llobregat River, Barcelona, Spain	bioRxiv (Cold Spring Harbor Laboratory)	Camilo Escobar-Sierra, Miguel Cañedo‐Argüelles, Dolors Vinyoles, Kathrin P. Lampert
10.1101/2023.05.19.541466	2023	Uracil-DNA Glycosylase of Murine Gammaherpesvirus 68 Binds Cognate Viral Replication Factors Independently of its Catalytic Residues	bioRxiv (Cold Spring Harbor Laboratory)	Kyle R. Smith, Somnath Paul, Qiwen Dong, Orchi Anannya, Darby G. Oldenburg, J. Craig Forrest, Kevin M. McBride, Laurie T. Krug
10.1128/msphere.00278-23	2023	Uracil-DNA glycosylase of murine gammaherpesvirus 68 binds cognate viral replication factors independently of its catalytic residues	mSphere	Kyle R. Smith, Somnath Paul, Qiwen Dong, Orchi Anannya, Darby G. Oldenburg, J. Craig Forrest, Kevin M. McBride, Laurie T. Krug
10.1109/ibitec59006.2023.10390944	2023	Using Random Forest and a Hybrid model to Predict Drug Response in Skin Cutaneous Melanoma		Wafa Alsahly, Krzysztof Poterlowicz, Huda Abdulaziz Al Doghaither
10.1093/nar/gkad1003	2023	VEuPathDB: the eukaryotic pathogen, vector and host bioinformatics resource center in 2023	Nucleic Acids Research	Jorge Álvarez-Jarreta, B Kirtley Amos, Cristina Aurrecoechea, Saikou Y. Bah, Matthieu Barba, Ana Barreto, Evelina Y. Basenko, Robert Belnap, Ann S. Blevins, Ulrike Böhme, John E. Brestelli, Stuart M. Brown, Danielle Callan, Lahcen I. Campbell, George K. Christophides, Kathryn Crouch, Helen Davison, 
10.1038/s41598-023-38873-5	2023	Viruses participate in the organomineralization of travertines	Scientific Reports	Mirosław Słowakiewicz, Edoardo Perri, Ezher Taglıasacchı, Paweł Działak, Andrzej Szymon Borkowski, Michał Gradziński, Sándor Kele, Maurice Edwin Tucker
10.1128/spectrum.01510-23	2023	Volatile Organic Compounds Emitted by the Biocontrol Agent Pythium oligandrum Contribute to Ginger Plant Growth and Disease Resistance	Microbiology Spectrum	Taha Majid Mahmood Sheikh, Dongmei Zhou, Haider Ali, Sarfraz Hussain, Nan Wang, Siqiao Chen, Yishen Zhao, Xian Wen, Xiaoyu Wang, Jinfeng Zhang, Lunji Wang, Sheng Deng, Hui Feng, Waseem Raza, Pengxiao Fu, Hao Peng, Lihui Wei, Paul Daly
10.1101/2023.08.29.555279	2023	WITHDRAWN: Escherichia coli Microcin B17 as a chassis for the development of novel antimicrobial peptides	bioRxiv (Cold Spring Harbor Laboratory)	Shamal Withanage, Joleen Masschelein, Vitor Bernardes Pinheiro
10.3390/biomedicines11072082	2023	When Size Really Matters: The Eccentricities of Dystrophin Transcription and the Hazards of Quantifying mRNA from Very Long Genes	Biomedicines	John C. W. Hildyard, Richard J. Piercy
10.20944/preprints202306.2167.v1	2023	When Size Really Matters: The Eccentricities of Dystrophin Transcription and the Hazards of Quantifying mRNA from Very Long Genes	Preprints.org	John C. W. Hildyard, Richard J. Piercy
10.1101/2023.09.14.557696	2023	When paleontology meets genomics: complete mitochondrial genomes of two saber-toothed cats’ species (Felidae: Machairodontinae)	bioRxiv (Cold Spring Harbor Laboratory)	Igor Henrique Rodrigues‐Oliveira, Iuri Batista da Silva, Renan Rodrigues Rocha, Rafael Augusto Silva Soares, Fabiano Bezerra Menegídio, Caroline Garcia, Rubens Pasa, Karine Frehner Kavalco
10.1101/2023.02.27.530375	2023	Whole Genome Sequencing based Identification of Human Tuberculosis caused by Animal-lineage Mycobacterium orygis	bioRxiv (Cold Spring Harbor Laboratory)	Md. Rashedul Islam, Meenu Kaushal Sharma, Rupinder Kaur KhunKhun, Cary Shandro, Inna Sekirov, Gregory J. Tyrrell, Hafid Soualhine
10.3389/fmicb.2023.1254692	2023	Whole genome sequencing in the palm of your hand: how to implement a MinION Galaxy-based workflow in a food safety laboratory for rapid Salmonella spp. serotyping, virulence, and antimicrobial resistance gene identification	Frontiers in Microbiology	Alexandre Lamas, Alejandro Garrido‐Maestu, Alberto Prieto, Alberto Cepeda, Carlos Manuel Franco
10.1128/jcm.00260-23	2023	Whole genome sequencing-based identification of human tuberculosis caused by animal-lineage Mycobacterium orygis	Journal of Clinical Microbiology	Md. Rashedul Islam, Meenu Kaushal Sharma, Rupinder Kaur KhunKhun, Cary Shandro, Inna Sekirov, Gregory J. Tyrrell, Hafid Soualhine
10.1101/2023.07.27.550821	2023	einprot: flexible, easy-to-use, reproducible workflows for statistical analysis of quantitative proteomics data	bioRxiv (Cold Spring Harbor Laboratory)	Charlotte Soneson, Vytautas Iešmantavičius, Daniel Heß, Michael Beda Stadler, Jan Seebacher
10.1093/nar/gkad347	2023	g:Profiler—interoperable web service for functional enrichment analysis and gene identifier mapping (2023 update)	Nucleic Acids Research	Liis Kolberg, Uku Raudvere, Ivan Kuzmin, Priit Adler, Jaak Vilo, Hedi Peterson
10.1371/journal.pone.0286330	2023	hGSuite HyperBrowser: A web-based toolkit for hierarchical metadata-informed analysis of genomic tracks	PLoS ONE	Sumana Kalyanasundaram, Yohan Lefol, Sveinung Gundersen, Torbjørn Rognes, Lene Alsøe, Hilde Loge Nilsen, Eivind J. Hovig, Geir Kjetil Sandve, Diana Domańska
10.1021/acs.jproteome.2c00613	2023	nf-encyclopedia: A Cloud-Ready Pipeline for Chromatogram Library Data-Independent Acquisition Proteomics Workflows	Journal of Proteome Research	Carolyn I. Allen, Rico Meinl, Sebastian Juan Paez, Brian C. Searle, Seth Just, Lindsay K. Pino, William E. Fondrie
10.21203/rs.3.rs-4388537/v1	2024	2.5-fold expansion of the genetic diversity of blunerviruses through plant (meta)transcriptome data-mining	Research Square	T. Sudharshan Reddy, V. Kavi Sidharthan
10.3390/microorganisms12020338	2024	A 2000-Year-Old Bacillus stercoris Strain Sheds Light on the Evolution of Cyclic Antimicrobial Lipopeptide Synthesis	Microorganisms	Bessem Chouaia, Jessica Dittmer
10.1159/000538469	2024	A Bioinformatically Initiated Approach to Evaluate GATA1 Regulatory Regions in Samples with Weak D, Del, or D– Phenotypes Despite Normal RHD Exons	Transfusion Medicine and Hemotherapy	Eunike C. McGowan, Ping Chun Wu, Åsa Hellberg, Genghis H. Lopez, Catherine A. Hyland, Martin L. Olsson
10.3390/ani14121722	2024	A Case of Food-Borne Salmonellosis in a Corn Snake (Pantherophis guttatus) after a Feeder Mouse Meal	Animals	Arianna Meletiadis, Angelo Romano, Barbara Moroni, Matteo Riccardo Di Nicola, Vittoria Montemurro, Monica Pitti, Marzia Pezzolato, Elena Maria Bozzetta, Simona Sciuto, Pier Luigi Acutis
10.1101/2024.01.25.577194	2024	A Comprehensive Resource for Exploring Antiphage Defense: DefenseFinder Webservice, Wiki and Databases.	bioRxiv (Cold Spring Harbor Laboratory)	Florian Tesson, Rémi Planel, Artyom A. Egorov, Héloïse Georjon, Hugo Vaysset, Bryan Brancotte, Bertrand Néron, Ernest Mordret, Gemma Catherine Atkinson, Aude G. Bernheim, Jean Cury
10.24072/pcjournal.470	2024	A Comprehensive Resource for Exploring Antiphage Defense: DefenseFinder Webservice,Wiki and Databases	Peer Community Journal	Florian Tesson, Rémi Planel, Artyom A. Egorov, Héloïse Georjon, Hugo Vaysset, Bryan Brancotte, Bertrand Néron, Ernest Mordret, Gemma Catherine Atkinson, Aude G. Bernheim, Jean Cury
10.3390/biomedinformatics4030100	2024	A Computational Approach to Demonstrate the Control of Gene Expression via Chromosomal Access in Colorectal Cancer	BioMedInformatics	Caleb J. Pecka, Ishwor Thapa, Amar B. Singh, Dhundy K Bastola
10.1021/acs.jctc.4c00067	2024	A Perspective on Protein Structure Prediction Using Quantum Computers	Journal of Chemical Theory and Computation	Hakan Doğa, Bryan A. Raubenolt, Fabio Cumbo, Jayadev Joshi, Frank P. DiFilippo, Jun Qin, Daniel Blankenberg, Omar Shehab
10.1016/j.molcel.2024.08.026	2024	A TBK1-independent primordial function of STING in lysosomal biogenesis	Molecular Cell	Bo Lv, William A. Dion, Haoxiang Yang, Jinrui Xun, Do‐Hyung Kim, Bokai Zhu, Jay Xiaojun Tan
10.1038/s44161-024-00485-1	2024	A common gene signature of the right ventricle in failing rat and human hearts	Nature Cardiovascular Research	Liane Jurida, Sebastian Werner, Fabienne Knapp, Bernd Niemann, Ling Li, Dimitri Grün, Stefanie Wirth, Axel Weber, Knut Beuerlein, Christoph Liebetrau, Christoph B. Wiedenroth, Stefan Guth, Baktybek K. Kojonazarov, Leili Jafari, Norbert Weißmann, Stefan Günther, Thomas W Braun, Marek Bartkuhn, RALPH 
10.1016/j.ydbio.2024.03.004	2024	A function of spalt major as a sequence-specific DNA binding transcription factor mediates repression of knirps in the Drosophila wing imaginal disc	Developmental Biology	Cristina M. Ostalé, Alicia del Prado, Mercedes Martín, Nuria Esteban, Ana López‐Varea, José Félix de Celis
10.1093/g3journal/jkae222	2024	A haplotype-resolved, chromosome-scale genome for Malus domestica Borkh. ‘WA 38’	G3 Genes Genomes Genetics	Huiting Zhang, Itsuhiro Ko, Abigail Eaker, Sabrina Haney, Ninh Khuu, Kara Ryan, Aaron B Appleby, Brendan Hoffmann, Henry Landis, Kenneth A Pierro, Noah Willsea, Heidi L. Hargarten, Alan E. Yocca, Alex Harkess, Loren A. Honaas, Stephen Patrick Ficklin
10.1080/07391102.2024.2321510	2024	A multi-faceted approach to unravel coding and non-coding gene fusions and target chimeric proteins in ataxia	Journal of Biomolecular Structure and Dynamics	Ömer Güllülü, Emrah Özçelik, Merve Tuzlakoğlu Öztürk, Mustafa Safa Karagöz, Uygar Halis Tazebay
10.1016/j.cub.2024.05.057	2024	A multifaceted kinase axis regulates plant organ abscission through conserved signaling mechanisms	Current Biology	Sergio Galindo‐Trigo, Virendrasinh S Khandare, Mark Roosjen, Julian Adams, Alexa‐Maria Wangler, Martin J. Bayer, Jan Willem Borst, Elwira Smakowska‐Luzan, Melinka A. Butenko
10.1128/msphere.00793-23	2024	A novel clinical metaproteomics workflow enables bioinformatic analysis of host-microbe dynamics in disease	mSphere	Katherine Do, Subina Mehta, Reid Wagner, Dechen Bhuming, Andrew T. Rajczewski, Amy P.N. Skubitz, James E. Johnson, Timothy J. Griffin, Pratik Jagtap
10.1126/sciadv.adj6823	2024	A nuclear genome assembly of an extinct flightless bird, the little bush moa	Science Advances	Scott V. Edwards, Alison Cloutier, Glenn Cockburn, Robert J. Driver, Phil Grayson, Kazutaka Katoh, Maude W. Baldwin, Timothy B. Sackton, Allan J. Baker
10.1016/j.mam.2024.101269	2024	A pipeline for the development and analysis of extracellular vesicle-based transcriptomic biomarkers in molecular diagnostics	Molecular Aspects of Medicine	Christian Grätz, Martina Schuster, Florian Brandes, Agnes S. Meidert, Benedikt Kirchner, Marlene Reithmair, Gustav Schelling, Michael Walter Pfaffl
10.1111/jmi.13317	2024	A practical guide to bioimaging research data management in core facilities	Journal of Microscopy	Christian Schmidt, Tom Boissonnet, Julia Dohle, K.G. Bernhardt, Elisa Ferrando‐May, Tobias Wernet, Roland Nitschke, Susanne Kunis, Stefanie Weidtkamp‐Peters
10.3389/fmicb.2024.1304325	2024	A single point mutation in the Listeria monocytogenes ribosomal gene rpsU enables SigB activation independently of the stressosome and the anti-sigma factor antagonist RsbV	Frontiers in Microbiology	Xuchuan Ma, Marcel H. Tempelaars, Marcel H. Zwietering, Sjef A. Boeren, Conor P O'Byrne, Heidy M.W. den Besten, Tjakko Abee
10.1093/jxb/erae266	2024	A strategy for studying epigenetic diversity in natural populations: proof of concept in poplar and oak	Journal of Experimental Botany	Isabelle Lesur, Odile Rogier, Mamadou Dia Sow, Christophe Boury, Alexandre Duplan, Abel Garnier, Abdeljalil Senhaji Rachik, Peter Civáň, Josquin Daron, Alain Delaunay, Ludovic Duvaux, Vanina Benoit, Erwan Guichoux, Grégoire Le Provost, Edmond Sanou, Christophe Ambroise, Christophe Plomion, Jérôme Sa
10.1016/j.celrep.2024.114406	2024	ALDH1A3-acetaldehyde metabolism potentiates transcriptional heterogeneity in melanoma	Cell Reports	Yuting Lu, Jana Trávníčková, Mihaly Badonyi, Florian Rambow, Andrea Coates, Zaid Khan, Jair Gonzalez Marques Júnior, Laura C. Murphy, Pablo Luis García-Martínez, Richard Marais, Pakavarin Louphrasitthiphol, Alex H. Y. Chan, Christopher John Schofield, Alex von Kriegsheim, Joseph A. Marsh, Valeria Pa
10.3389/fendo.2024.1325286	2024	ATF4-dependent and independent mitokine secretion from OPA1 deficient skeletal muscle in mice is sexually dimorphic	Frontiers in Endocrinology	Jennifer Streeter, Luis Persaud, Jason H. Gao, Deeraj Manika, Will Fairman, Luis Miguel García-Peña, Alex Marti, Chethan Manika, Shreya Gaddi, Brandon Schickling, Renata Oliveira Pereira, E. Dale Abel
10.1016/j.isci.2024.110035	2024	AVERON notebook to discover actionable cancer vulnerabilities enabled by neomorph protein-protein interactions	iScience	Hongyue Chen, Brian Revennaugh, Haian Fu, Andrey A. Ivanov
10.21203/rs.3.rs-3996978/v1	2024	Acetylation-dependent control of SIAH2 links JAK2V617F to mitochondrial respiration and ROS-associated apoptosis	Research Square	Oliver Holger Krämer, Al‐Hassan M. Mustafa, Giuseppe Petrosino, Marten Fischer, Luisa Ricciardi, Désirée Gül, Markus Christmann, Helen Morrison, Matthias Wirth
10.21203/rs.3.rs-3996978/v2	2024	Acetylation-dependent control of SIAH2 links JAK2V617F to mitochondrial respiration and ROS-associated apoptosis	Research Square	Oliver Holger Krämer, Al‐Hassan M. Mustafa, Giuseppe Petrosino, Marten Fischer, Luisa Ricciardi, Désirée Gül, Markus Christmann, Helen Morrison, Matthias Wirth
10.1186/s13213-024-01766-7	2024	Actinobacteria diversity associated with marine sediments and a wetland system, Agulhas-South Africa	Annals of Microbiology	Alaric Prins, Siphosethu S. Dyani, Jo-Marie Vreulink, Luis Angel Maldonado, Marilize Le Roes‐Hill
10.1016/j.foodres.2024.114554	2024	Activation of a silent lactose utilization pathway in an evolved Listeria monocytogenes F2365 outbreak isolate	Food Research International	Xuchuan Ma, Natalia Crespo Tapia, Jeroen Koomen, Oscar van Mastrigt, Marcel H. Zwietering, Heidy M.W. den Besten, Tjakko Abee
10.20944/preprints202410.1061.v1	2024	Ad hoc Data Foraging in a Life Sciences Community Ecosystem Using SoDa	Preprints.org	Hasan M. Jamil
10.1016/j.talanta.2024.126709	2024	Advances in novel biosensors in biomedical applications	Talanta	Axin Liang, Weidong Zhao, Tianjian Lv, Ziyu Zhu, Ruilin Haotian, Jiangjiang Zhang, Bingteng Xie, Yue Yi, Zikai Hao, Liquan Sun, Aiqin Luo
10.1002/pmic.202300001	2024	Advancing rare cancer research by MALDI mass spectrometry imaging: Applications, challenges, and future perspectives in sarcoma	PROTEOMICS	Maren Nicole Stillger, Mujia Jenny Li, Pia Hönscheid, Cläre von Neubeck, Melanie Christine Föll
10.1007/978-1-0716-4051-7_21	2024	Amplicon-Based Bisulfite Conversion-NGS DNA Methylation Analysis Protocol	Methods in molecular biology	Claudia Albrecht, Pavel Bashtrykov, Albert Jeltsch
10.1101/2024.06.20.599823	2024	An AINTEGUMENTA phospho-switch controls bilateral stem cell activity during secondary growth	bioRxiv (Cold Spring Harbor Laboratory)	Wei Xiao, Ling Yang, Hengqi Ji, David Molina, Houming Chen, Shan Ping Yu, Yingjing Miao, Dagmar Ripper, Shulin Deng, Martin J. Bayer, Bert De Rybel, Laura Ragni
10.3390/ijms252313128	2024	An Unbiased Approach to Identifying Cellular Reprogramming-Inducible Enhancers	International Journal of Molecular Sciences	Eleftheria Klagkou, Dimitrios Valakos, Spyros Foutadakis, Alexander Polyzos, Angeliki Papadopoulou, Giannis Vatsellas, Dimitris Thanos
10.1007/s00203-024-04088-z	2024	An investigation of soil and groundwater metagenomes for genes encoding soluble and particulate methane monooxygenase, toluene-4-monoxygenase, propane monooxygenase and phenol hydroxylase	Archives of Microbiology	Alison M. Cupples, Hongyu Dang, Katy Foss, Anat Bernstein, Jean-Rene Thelusmond
10.1039/d4ay01905a	2024	Analysis of alkyl-anthraquinone derivatives from hydrogen peroxide industrial process, using LC × LC-HRMS with shifting gradients	Analytical Methods	Clémence Giffard, Florent Rouvière, Olivier Falletti, Béatrice Allard‐Breton, Laurent Wendlinger, Jean-Michel Bossoutrot, Karine Faure
10.1016/j.phymed.2024.155845	2024	Antibacterial activity of t-cinnamaldehyde: An approach to its mechanistic principle towards enterohemorrhagic Escherichia coli (EHEC)	Phytomedicine	Monika Karczewska, Ai Yan Wang, Magdalena Narajczyk, Bartosz Słomiński, Agnieszka Szalewska-Pałasz, Dariusz Nowicki
10.1016/j.isci.2024.109231	2024	ApoE maintains neuronal integrity via microRNA and H3K27me3-mediated repression	iScience	Jiazi Tan, Yow-Yong Tan, Zhen‐Kai Ngian, Suet Yen Chong, Vinay Kumar Rao, Jiong‐Wei Wang, Xianmin Zeng, Chin‐Tong Ong
10.21203/rs.3.rs-5354652/v1	2024	Arbuscular mycorrhizal fungi strongly influence the endorhizosphere of grapevine rootstocks with soil type as a key factor	Research Square	Kateřina Štůsková, Aleš Vavřiník, Eliška Hakalová, Šárka Franková, Jana Čechová, David Gramaje, Aleš Eichmeier
10.1038/s41592-024-02404-5	2024	Arkitekt: streaming analysis and real-time workflows for microscopy	Nature Methods	Johannes Roos, Stéphane Bancelin, Tom Delaire, Alexander Wilhelmi, Florian Levet, Maren Engelhardt, Virgile Viasnoff, Rémi Galland, U. Valentin Nägerl, Jean‐Baptiste Sibarita
10.1101/2024.07.12.603212	2024	Assembling a true ‘Olympic Gel’ from >16,000 combinatorial DNA rings	bioRxiv (Cold Spring Harbor Laboratory)	Sarah K. Speed, Yu‐Hsuan Peng, Azra Atabay, Krishna Gupta, Toni Müller, Carolin Fischer, Ilka M. Hermes, Jens‐Uwe Sommer, Michael Lang, Elisha Krieg
10.1111/1755-0998.14034	2024	Assembly of Mitochondrial Genomes Using Nanopore Long‐Read Technology in Three Sea Chubs (Teleostei: Kyphosidae)	Molecular Ecology Resources	Juan Antonio Baeza, Jeremiah J. Minish, Todd P. Michael
10.1126/sciadv.adj5101	2024	Atlas of cardiac endothelial cell enhancer elements linking the mineralocorticoid receptor to pathological gene expression	Science Advances	L. Deng, Luisa Pollmeier, Rebecca Bednarz, Can Cao, Patrick Laurette, Luisa Wirth, Argen Mamazhakypov, Christine Bode, Lutz Hein, Ralf Gilsbach, Achim Lother
10.7554/elife.95185.1.sa0	2024	Author response: Evaluation of Gremlin-1 as a therapeutic target in metabolic dysfunction-associated steatohepatitis		Paul M. Horn, Jenny Egecioglu Norlin, Kasper Almholt, Birgitte Martine Viuff, Elisabeth Douglas Galsgaard, Andreas Hald, Franziska Zosel, Helle Demuth, Svend Poulsen, Peder Lisby Nørby, Morten Grønbech Rasch, Mogens Vyberg, Mikkel Parsberg Werge, Lise Lotte Gluud, Marco R Rink, Emma L. Shepherd, Ell
10.7554/elife.92345.2.sa0	2024	Author response: Polysaccharides induce deep-sea Lentisphaerae strains to release chronic bacteriophages		Chong Wang, Rikuan Zheng, Tianhang Zhang, Chaomin Sun
10.1101/2024.01.11.574638	2024	BATF controls IFN I production via DC-SCRIPT in plasmacytoid dendritic cells	bioRxiv (Cold Spring Harbor Laboratory)	Shafaqat Ali, Ritu Mann‐Nüttel, Marcel Marson, Ben Leiser, Jasmina Hoffe, Regine J. Dress, Mahamudul Hasan Bhuyan, Patrick Petzsch, Karl Köhrer, Haifeng C. Xu, Philipp Alexander Lang, Shengbo Zhang, Michaël Chopin, Stephen L. Nutt, Judith Alferink, Stefanie Scheu
10.1101/2024.07.15.603507	2024	BMAP: a comprehensive and reproducible biomedical data analysis platform	bioRxiv (Cold Spring Harbor Laboratory)	Yongyong Ren, Zhiwei Cheng, Leijie Li, Yuening Zhang, Fang Dai, Luojia Deng, Yijie Wu, Jianlei Gu, Qingmin Lin, Xiaolei Wang, Yan Kong, Hui Dong Lu
10.1093/bioinformatics/btae275	2024	BTR: a bioinformatics tool recommendation system	Bioinformatics	Ryan Green, Xufeng Qu, Jinze Liu, Tingting Yu
10.1101/2024.06.17.599317	2024	Bacterial membrane vesicles of Pseudomonas aeruginosa activate AMPK signaling through inhibition of mitochondrial complex III	bioRxiv (Cold Spring Harbor Laboratory)	Julia Müller, Marcel Kretschmer, Elise Opitsch, Svea Holland, José Manuel Borrero‐de Acuña, Dieter Jahn, Meina Neumann‐Schaal, André Wegner
10.1007/s00299-024-03177-z	2024	Barley AGO4 proteins show overlapping functionality with distinct small RNA-binding properties in heterologous complementation	Plant Cell Reports	Fabio Miloro, András Kis, Zoltán Havelda, Ágnes Dalmadi
10.1093/bioinformatics/btae469	2024	Best practices to evaluate the impact of biomedical research software—metric collection beyond citations	Bioinformatics	Awan Afiaz, Andrei A. Ivanov, John T. Chamberlin, David A. Hanauer, Candace Savonen, M Goldman, Martin T. Morgan, Michael R. Reich, Alexander Getka, Aaron Holmes, Sarthak Pati, Dan Knight, Paul Christopher Boutros, Spyridon Bakas, J. Gregory Caporaso, Guilherme Del Fiol, Harry Hochheiser, Brian J. H
10.1007/978-3-031-55639-5_12	2024	Big Data Analytics in Bioinformatics	Big Data Analytics	Ümit Demirbaga, Gagangeet Singh Aujla, Anish Jindal, Oğuzhan Kalyon
10.37044/osf.io/7f94w	2024	BioHackEU23: FAIR Workflow Execution with WfExS and Workflow Run Crate		José M. Fernández, Paula Iborra, Sébastien Moretti, Arun Isaac, Paul De Geest, Stian Soiland‐Reyes
10.1101/2024.05.22.595240	2024	BioInformatics Agent (BIA): Unleashing the Power of Large Language Models to Reshape Bioinformatics Workflow	bioRxiv (Cold Spring Harbor Laboratory)	Xin Qi, Quyu Kong, Hongyi Ji, Yue Shen, Yuqi Liu, Yan Feng Sun, Zhilin Zhang, Zhaorong Li, Xunlong Xia, Bing Deng, Yinqi Bai
10.1101/2024.05.07.593036	2024	Biochemical characterization of Bacillus anthracis sortase B: Use in sortase-mediated ligation and substrate recognition dependent on residues beyond the canonical pentapeptide binding motif for sortase enzymes	bioRxiv (Cold Spring Harbor Laboratory)	Sophie N. Jackson, Jadon M. Blount, Kayla A. Croney, Darren E. Lee, Justin W. Ibershof, Kyle M. Whitham, James McCarty, John M. Antos, John M. Antos, Jeanine F. Amacher
10.1021/acssynbio.4c00199	2024	Bioinformatic Prediction and High Throughput In Vivo Screening to Identify Cis-Regulatory Elements for the Development of Algal Synthetic Promoters	ACS Synthetic Biology	Yasin Torres-Tiji, Harish Sethuram, Abhishek Gupta, Joshua McCauley, J.-V. Dutra-Molino, Ranjana Pathania, Lawrence V. Saxton, Kalisa Kang, Nathan J. Hillson, Stephen Patrick Mayfield
10.1101/2024.03.20.585996	2024	Bioinformatic prediction and high throughput in vivo screening to identify cis-regulatory elements for the development of algal synthetic promoters	bioRxiv (Cold Spring Harbor Laboratory)	Yasin Torres-Tiji, Harish Sethuram, Abhishek Gupta, Joshua McCauley, João Vitor Dutra Molino, Ruchi Pathania, Lawrence V. Saxton, Kalisa Kang, Nathan J. Hillson, Stephen Patrick Mayfield
10.1016/j.tox.2024.154041	2024	Bisphenol A exposure during gestation and lactation in mice: Sex-specific consequences on oligodendrocytes and myelination	Toxicology	Vanessa Naffaa, Juliette Van Steenwinckel, Romain Magny, Anne Regazzetti, Céline Keime, Pierre Gressèns, Olivier Laprévôte, Nicolas Auzeil, Anne‐Laure Schang
10.1007/s00284-024-03717-6	2024	Bosea rubneri sp. nov. Isolated from Organically Grown Allium cepa	Current Microbiology	Dominic Stoll, Christina Grimmler, Birgit Hetzer, Alexandra Masoura, Sabine Emma Kulling, Melanie Huch
10.3389/fimmu.2024.1352306	2024	Brucella abortus triggers the differential expression of immunomodulatory lncRNAs in infected murine macrophages	Frontiers in Immunology	Manuel Flores-Concha, Leonardo A. Gómez, Rodrigo Soto-Shara, Raúl E. Molina, Roberto F. Coloma-Rivero, David A. Montero, Ítalo Ferrari, Angel Alejandro Oñate
10.1038/s44185-024-00061-7	2024	Building a Portuguese coalition for biodiversity genomics	npj Biodiversity	João Pedro Marques, Paulo C. Alves, Isabel Rosário Amorim, Ricardo Jorge Lopes, Mónica Moura, Eugene Wimberly Myers, Manuela Sim‐Sim, Carla Sousa Santos, Maria Judite Alves, Paulo A. V. Borges, Tom Brown, Miguel Carneiro, Carlos Carrapato, Luis M. P. Ceríaco, Claúdio Ciofi, Luís P. da Silva, Genevie
10.1128/msphere.00523-24	2024	CRISPR-Cas9-based approaches for genetic analysis and epistatic interaction studies in Coxiella burnetii	mSphere	Samuel Steiner, Craig R. Roy
10.1016/j.fsi.2024.109992	2024	Cell death induced by Lepeophtheirus salmonis labial gland protein 3 in salmonid fish leukocytes: A mechanism for disabling host immune responses	Fish & Shellfish Immunology	Helena Marie Doherty Midtbø, Andreas Borchel, H. Craig Morton, Richard K. Paley, Sean J. Monaghan, Gyri Teien Haugland, Aina‐Cathrine Øvergård
10.1007/978-3-031-58468-8_5	2024	Challenges of Big Radio Data Processing	Astrophysics and space science library	Andre R. Offringa, Cameron L. Van Eck, Danielle M. Fenech, Andreas J. Wicenec, Michaël Janssen
10.3390/ijms25052460	2024	Changes in the Expression of Proteins Associated with Neurodegeneration in the Brains of Mice after Infection with Influenza A Virus with Wild Type and Truncated NS1	International Journal of Molecular Sciences	Karin Donátová, Miriam Mladá, Katarína Lopušná, Filip Baran, Tatiana Betáková
10.1080/23802359.2024.2338546	2024	Characterization of the complete chloroplast genome sequence of Agave durangensis (Asparagales: Asparagaceae: Agavoideae)	Mitochondrial DNA Part B	Ana Carolina González-Trillo, Miguel Ángel Reyes‐López, Norma Almaráz-Abarca, Yolanda Herrera Arrieta, Marcela Verónica Gutiérrez-Velázquez, M Salas, Hugo Manuel Monreal-García, Rene Torres Ricario
10.1101/2024.04.22.590508	2024	Chromosome level genome reference of the Caucasian dwarf goby Knipowitschia cf. caucasica , a new alien Gobiidae invading the River Rhine	bioRxiv (Cold Spring Harbor Laboratory)	Alexandra Schoenle, Nadège Guiglielmoni, Tobias Mainz, Carola Greve, Alexander Ben Hamadou, Lisa Heermann, Jost Borcherding, Ann‐Marie Waldvogel
10.24072/pcjournal.490	2024	Chromosome-level genome reference of the Caucasian dwarf goby Knipowitschia cf. caucasica, a new alien Gobiidae invading the River Rhine	Peer Community Journal	Alexandra Schoenle, Nadège Guiglielmoni, Tobias Mainz, Carola Greve, Alexander Ben Hamadou, Lisa Heermann, Jost Borcherding, Ann‐Marie Waldvogel
10.1101/2024.06.24.600460	2024	Cis element length variability does not confer differential transcription factor occupancy at the D. melanogaster histone locus	bioRxiv (Cold Spring Harbor Laboratory)	Lauren J. Hodkinson, Leila E. Rieder
10.1101/2024.04.09.24305506	2024	Clemastine fumarate accelerates accumulation of disability in progressive multiple sclerosis by enhancing pyroptosis	medRxiv	Joanna Kocot, Peter F. Kosa, Shinji Ashida, Nicolette A. Pirjanian, Raphaela Goldbach‐Mansky, Karin E. Peterson, Valentina Fossati, Steven M. Holland, Bibiana Bielekova
10.1016/j.tcam.2024.100930	2024	Clinicopathological biomarker patterns, venom detection and venom proteomics in canine Vipera berus envenomation	Topics in companion animal medicine	Tove V. Nicolaysen, Hannah J. Harjen, Heidi Sjetne Lund, Bente Kristin Sævik, Runa Rørtveit, Karin Elisabeth Zimmer
10.1101/2024.02.09.24302441	2024	Clostridium tetani bacteraemia in the plague area in France: two cases	medRxiv	Mahmoud Abdelwadoud Boualam, A. Bouri, Michel Signoli, Michel Drancourt, Aurélia Caputo, E. Terrerzz, Gérard Aboudharam
10.3390/genes15091213	2024	Co-Occurrence of Two Plasmids Encoding Transferable blaNDM-1 and tet(Y) Genes in Carbapenem-Resistant Acinetobacter bereziniae	Genes	Andrés Opazo-Capurro, Kyriaki Xanthopoulou, Rocío Arazo del Pino, Paulina González-Muñoz, Maximiliano Matus-Köhler, Luis Amsteins-Romero, Christian Jerez‐Olate, Juan Carlos Hormazábal, Rodrigo Vera, Felipe Aguilera, Sebastián Fuller, Paul G. Higgins, Gerardo González‐Rocha
10.1016/j.devcel.2024.11.016	2024	Collective oscillatory signaling in Dictyostelium discoideum acts as a developmental timer initiated by weak coupling of a noisy pulsatile signal	Developmental Cell	Christopher A. Brimson, Robert Baines, Elisabeth Sams-Dodd, I. C. Stefanescu, B.A. Evans, Satoshi Kuwana, Hidenori Hashimura, Satoshi Sawai, Christopher R. L. Thompson
10.3390/antibiotics13050448	2024	Colonization by Extended-Spectrum β-Lactamase-Producing Enterobacterales and Bacteremia in Hematopoietic Stem Cell Transplant Recipients	Antibiotics	Luiza Arcas Gonçalves, Beatriz Barbosa dos Anjos, Bruno de Melo Tavares, Ana Paula Marchi, Marina Farrel Côrtes, Hermes Ryoiti Higashino, Bruna Del Guerra de Carvalho Moraes, José Victor Bortolotto Bampi, Liliane Dantas Pinheiro, Fernanda de Souza Spadao, Vanderson Geraldo Rocha, Thaís Guimarães, Sí
10.1016/j.omtm.2024.101241	2024	Combining CRISPR-Cas-mediated terminal resolution with a novel genetic workflow to achieve high-diversity adenoviral libraries	Molecular Therapy — Methods & Clinical Development	Julian Fischer, Ariana Fedotova, Lena Jaki, Erwan Sallard, Anja Erhardt, Jonas Fuchs, Zsolt Ruzsics
10.1101/2024.05.20.595059	2024	Compaction of Active Chromatin Domains and Promoters by H3S10 Phosphorylation during Mitosis Preserves Interphase-Specific Chromatin Structure and Function	bioRxiv (Cold Spring Harbor Laboratory)	Sweety Meel, Sachin Mishra, Rajat Mann, Arif Hussain Najar, Anurag Kumar Singh, Dimple Notani
10.2139/ssrn.4939657	2024	Comparative Genomics of Clinical Hybrid Escherichia Coli Strains in Norway	SSRN Electronic Journal	Bjørn-Arne Lindstedt, Misti D. Finton, Roger Meisal, Davide Porcellato, Lin T. Brandal
10.1007/978-1-0716-3838-5_12	2024	Comparative RNA Genomics	Methods in molecular biology	Rolf Backofen, Jan Gorodkin, Ivo L. Hofacker, Peter Florian Stadler
10.3390/md22080353	2024	Comparative RNA-Seq of Ten Phaeodactylum tricornutum Accessions: Unravelling Criteria for Robust Strain Selection from a Bioproduction Point of View	Marine Drugs	Charlotte Toustou, Isabelle Boulogne, Anne‐Alicia Gonzalez, Muriel Bardor
10.1128/spectrum.04157-23	2024	Comparative genomic analysis of an emerging Pseudomonadaceae member, Thiopseudomonas alkaliphila	Microbiology Spectrum	Zachary M. Burcham
10.1016/j.cbd.2024.101199	2024	Comparative transcriptome analysis of false codling moth, Thaumatotibia leucotreta in response to high and low-temperature treatments	Comparative Biochemistry and Physiology Part D Genomics and Proteomics	Nelson L. Mwando, Fathiya Mbarak Khamis, Shepard Ndlela, Rainer Meyhöfer, Fidelis L. O. Ombura, Mark Wamalwa, Sevgan Subramanian, Samira A. Mohamed
10.1007/s00395-024-01051-3	2024	Comparison of the stage-dependent mitochondrial changes in response to pressure overload between the diseased right and left ventricle in the rat	Basic Research in Cardiology	Ling Li, Bernd Niemann, Fabienne Knapp, Sebastian Werner, Christian Mühlfeld, Jan Philipp Schneider, Liane Jurida, Nicole Molenda, Michael Lienhard Schmitz, Xiaoke Yin, Manuel Mayr, Rainer Schulz, Michael Kracht, Susanne Rohrbach
10.21203/rs.3.rs-4561770/v1	2024	Complete Mitochondrial Genome Sequence Analysis Revealed Double Matrilineal Components in Indian Ghungroo Pigs	Research Square	Pranab Jyoti Das, Satish Kumar, Manasee Choudhury, Seema Rani Pegu, K. Meera, Rajib Deb, Sunil Kumar, Santanu Banik, Vivek Gupta
10.1080/26895293.2024.2402861	2024	Complete chloroplast genome of Sagina maxima A. Gray (Caryophyllaceae) from Ulleung-do Island, Korea	All Life	Asif Shabodin Tamboli, Suhas Kishor Kadam, Jin-Suk Youn, J.-H. Yang, Young Seok Sim, Jae‐Hong Pak, Yeon‐Sik Choo
10.15517/rev.biol.trop..v72i1.56423	2024	Complete chloroplast genome of the Jewel Orchid, Anoectochilus formosanus (Orchidaceae) and its relatives	Revista de Biología Tropical	Viet The Ho
10.1016/j.japb.2024.03.001	2024	Complete chloroplast genome of two Arabis L. species from Korea and assessment of their phylogenetic relationship in plastome based phylogeny	Journal of Asia-Pacific Biodiversity	Asif Shabodin Tamboli, Suhas Kishor Kadam, Jin-Suk Youn, Jiyoung K. Yang, Jae‐Hong Pak, Sang‐Hun Oh, Yeon‐Sik Choo
10.1128/mra.00732-24	2024	Complete genome sequence of Deinococcus sonorensis type strain KR-87: a rare biofilm-producing representative of the genus Deinococcus	Microbiology Resource Announcements	Leilani S. Boren, Ryan A. Grosso, Alex N. Hugenberg-Cox, Jonathan Hill, Chad M. Albert, James M. Tuohy
10.1128/mra.01216-23	2024	Complete genome sequence of Escherichia coli MP1	Microbiology Resource Announcements	Kat Pick, Paul Stothard, Tracy L. Raivio
10.1128/mra.00302-24	2024	Complete genome sequence of the Microbacterium enclense bacteriophage phiMiGM15	Microbiology Resource Announcements	Erika Camacho-Beltrán, Juan José Morales-Aguilar, Melina López‐Meyer, Gabriel Rincón‐Enríquez, Evangelina Esmeralda Quiñones-Aguilar
10.1128/mra.00319-24	2024	Complete genome sequence of “ Candidatus Dehalogenimonas loeffleri” strain W, a highly salt-tolerant chlorinated alkane-dechlorinating bacterium isolated from estuarine sediments	Microbiology Resource Announcements	Hongyan Wang, Xin Wang, Siqi Huang, Shujing Yang, Hengyi Liao, Xuhao Wang, Huijuan Jin, Jingjing Wang, Xiuying Li, Jun Yan, Yi Yang
10.21203/rs.3.rs-4544670/v1	2024	Computational modeling of insect odorant receptors: A comparative analysis of Template-based and Alphafold modeling	Research Square	Amara Jabeen, John Graham Oakeshott, Siu Fai Lee, Shoba Ranganathan, Phillip Warren Taylor
10.21203/rs.3.rs-4248419/v1	2024	Contrasting microbial communities drive iron cycling across global biomes	Research Square	Dimitar Z. Epihov, Casey C. Bryce
10.3324/haematol.2023.284672	2024	Core regions in immunoglobulin heavy chain enhancers essential for survival of non-Hodgkin lymphoma cells are identified by a CRISPR interference screen	Haematologica	Marta Elżbieta Kasprzyk, Weronika Sura, Marta Podralska, Marta Kazimierska, Annika Seitz, Wojciech Łosiewski, Tomasz Woźniak, Jeroen E. J. Guikema, Arjan Diepstra, Joost L. Kluiver, Anke van den Berg, Natalia Rozwadowska, Agnieszka Dzikiewicz‐Krawczyk
10.2139/ssrn.4877924	2024	Correlation between DNA Methylation and Transcriptomic Changes in Golden Barramundi (Lates Calcarifer): An Integrated Approach	SSRN Electronic Journal	Roberta Marcoli, David B. Jones, Cécile Massault, Paul J. H. Harrison, Holly S. Cate, Dean Robert Jerry
10.12688/f1000research.140624.3	2024	Creating cloud platforms for supporting FAIR data management in biomedical research projects.	F1000Research	Marcel Jentsch, Valentin Schneider-Lunitz, Ulrike Taron, Martin Braun, Naveed Ishaque, Harald Wagener, Christian Conrad, Sven Olaf Twardziok
10.12688/f1000research.140624.1	2024	Creating cloud platforms for supporting FAIR data management in biomedical research projects.	F1000Research	Marcel Jentsch, Valentin Schneider-Lunitz, Ulrike Taron, Martin Braun, Naveed Ishaque, Harald Wagener, Christian Conrad, Sven Olaf Twardziok
10.12688/f1000research.140624.2	2024	Creating cloud platforms for supporting FAIR data management in biomedical research projects.	F1000Research	Marcel Jentsch, Valentin Schneider-Lunitz, Ulrike Taron, Martin Braun, Naveed Ishaque, Harald Wagener, Christian Conrad, Sven Olaf Twardziok
10.1101/2024.10.12.617979	2024	Critical role for the TGF-β1/mTORC1 signalling axis in defining the transcriptional identity of CTHRC1 + pathologic fibroblasts	bioRxiv (Cold Spring Harbor Laboratory)	Jo-Anne A M Wilson, Rachel Walters, Delphine Guillotin, Naftali Kaminski, Silvia Parolo, Manuela Platé, Rachel Clare Chambers
10.1371/journal.pgen.1011325	2024	Cross-regulation and cross-talk of conserved and accessory two-component regulatory systems orchestrate Pseudomonas copper resistance	PLoS Genetics	Sylvie Elsen, Victor Simon, Ina Attrée
10.1186/s12859-024-05761-2	2024	Curare and GenExVis: a versatile toolkit for analyzing and visualizing RNA-Seq data	BMC Bioinformatics	Patrick Blumenkamp, Max Pfister, Sonja Diedrich, Karina Brinkrolf, Sebastian Jaenicke, Alexander Goesmann
10.1101/2024.02.26.582060	2024	Cyclase-associated protein 1 (CAP1) represses MRTF-SRF-dependent gene expression in the mouse cerebral cortex	bioRxiv (Cold Spring Harbor Laboratory)	Sharof Khudayberdiev, Kerstin Weiß, Anika Heinze, Dalila Colombaretti, Nathan Trausch, Uwe Linne, Marco B. Rust
10.1038/s41598-024-80836-x	2024	Cyclic electron flow compensates loss of PGDH3 and concomitant stromal NADH reduction	Scientific Reports	Moritz Krämer, Nicolás E. Blanco, Jan‐Ferdinand Penzler, Geoffry A. Davis, Benjamin M. Brandt, Dario Leister, Hans‐Henning Kunz
10.1111/cas.16289	2024	Cytochrome P450 2J2 is required for the natural compound austocystin D to elicit cancer cell toxicity	Cancer Science	Yukiko Kojima, Saki Fujieda, Liya Zhou, Masahiro Takikawa, Kouji Kuramochi, Toshiki Furuya, Ayaka Mizumoto, Noritaka Kagaya, Teppei Kawahara, Kazuo Shin‐ya, Shingo Dan, Akihiro Tomida, Fuyuki Ishikawa, Mahito Sadaie
10.1093/cvr/cvae244	2024	C–C Motif chemokine receptor-2 blockade ameliorates pulmonary hypertension in rats and synergizes with a pulmonary vasodilator	Cardiovascular Research	Naoki Tsuboya, Hirofumi Sawada, Yoshihide Mitani, Hironori Oshita, Kazunobu Ohya, Mami Takeoka, Jane Chanda Kabwe, Yoshiki Miyasaka, Hiromasa Ito, Noriko Yodoya, Hiroyuki Ohashi, Junko Maruyama, Ryuji Okamoto, Tomoji Mashimo, Kaoru Dohi, Yuhei Nishimura, Kazuo Maruyama, Masahiro Hirayama
10.1038/s41467-024-51035-z	2024	DEAD-box ATPase Dbp2 is the key enzyme in an mRNP assembly checkpoint at the 3’-end of genes and involved in the recycling of cleavage factors	Nature Communications	Ebru Aydin, Silke Schreiner, Jacqueline Böhme, Birte Keil, Jan Weber, Bojan Žunar, Timo Glatter, Cornelia Kilchert
10.1101/2024.02.17.580811	2024	DEAD-box ATPase Dbp2 mediates mRNA release after 3'-end formation	bioRxiv (Cold Spring Harbor Laboratory)	Ebru Aydin, Jacqueline Boehme, Birte Keil, Silke Schreiner, Bojan Žunar, Timo Glatter, Cornelia Kilchert
10.1007/978-1-0716-3581-0_19	2024	DNA Barcode-Based Species Diagnosis with MolD	Methods in molecular biology	Alexander E. Fedosov, Nicolas Puillandre, Frank Fischell, Stefanos Patmanidis, Aurélien Miralles, Miguel Vences
10.1186/s13072-024-00546-6	2024	DNA methylation correlates of chronological age in diverse human tissue types	Epigenetics & Chromatin	Niyati Jain, James Li, Tong Lin, Farzana Jasmine, Muhammad Ghulam Kibriya, Kathryn Demanelis, Meritxell Oliva, Lin Chen, Brandon L. Pierce
10.1038/s41597-024-03393-y	2024	De novo transcriptomes of cave and surface isopod crustaceans: insights from 11 species across three suborders	Scientific Data	Lada Jovović, Jana Bedek, Florian Malard, Helena Bilandžija
10.3390/jof10040267	2024	Deciphering the Genomic Landscape and Virulence Mechanisms of the Wheat Powdery Mildew Pathogen Blumeria graminis f. sp. tritici Wtn1: Insights from Integrated Genome Assembly and Conidial Transcriptomics	Journal of Fungi	Perumal Nallathambi, Chandrasekaran Umamaheswari, Bhaskar Reddy, Balakrishnan Aarthy, Mohammed Javed, Priya Ravikumar, Santosh G. Watpade, Prem Lal Kashyap, Govindaraju Boopalakrishnan, Sudheer Kumar, Anju Bala Sharma, Aundy Kumar
10.1016/j.nexres.2024.100021	2024	Deciphering the PI3K-Akt pathway in lung cancer	Next research.	M Vidhya
10.1016/j.biombioe.2024.107212	2024	Deciphering the lignocellulolytic metabolism and bioethanol production pathway of Klebsiella sp. SWET4 by whole genome and gene expression analyses	Biomass and Bioenergy	Debapriya Sarkar, Debapriya Sarkar, Kasturi Poddar, Angana Sarkar
10.3390/antiox13080887	2024	Delta-9-Tetrahydrocannabinol Blocks Bone Marrow-Derived Macrophage Differentiation through Elimination of Reactive Oxygen Species	Antioxidants	Taylor H Carter, Chloe E. Weyer-Nichols, Jeffrey I. Garcia-Sanchez, Kiesha Maria Wilson, Prakash S. Nagarkatti, Mitzi Nagarkatti
10.1101/2024.01.20.576409	2024	Deregulation of multiple mechanisms shapes the onset of LAMA2 -congenital muscular dystrophy	bioRxiv (Cold Spring Harbor Laboratory)	Susana G. Martins, Vanessa Ribeiro, Catarina Drumonde Melo, Cláudia Paulino-Cavaco, Dario Antonini, Sharadha Dayalan Naidu, Fernanda Murtinheira, Inês T.E. Fonseca, Bérénice Saget, Mafalda Pita, Diogo R. Fernandes, Pedro Gameiro dos Santos, Gabriela Rodrigues, Rita Zilhão, Federico Herrera, Albena T
10.1016/j.ijmm.2024.151638	2024	Desiccation tolerance and reduced antibiotic resistance: Key drivers in ST239-III to ST22-IV MRSA clonal replacement at a Malaysian teaching hospital	International Journal of Medical Microbiology	Nurul Amirah Mohamad Farook, Silvia Argimón, Muttaqillah Najihan Abdul Samat, Sharifah Azura Salleh, Sunita Sulaiman, Toh Leong Tan, Petrick Ramesh Periyasamy, Chee Lan Lau, Nor Azila Muhammad Azami, Raja Mohd Fadhil Raja Abd Rahman, Mia Yang Ang, Hui‐min Neoh
10.1093/genetics/iyae167	2024	Detecting gene expression in Caenorhabditis elegans	Genetics	John A. Calarco, Seth R. Taylor, David M. Miller
10.3390/ani14040562	2024	Detection and Characterization of Zoonotic Pathogens in Game Meat Hunted in Northwestern Italy	Animals	Irene Floris, Andrea Vannuccini, Carmela Ligotti, Noemi Musolino, Angelo Romano, Annalisa Viani, Daniela Manila Bianchi, Serena Robetto, Lucia Decastelli
10.3390/ijms25179597	2024	Determining Gene Order Patterns in the Suillus and Boletales through Comparative Analysis of Their Mitogenomes	International Journal of Molecular Sciences	Jiawei Tao, Xianyi Wang, Yaohang Long, Zexin Gao, Gongyou Zhang, Zhongyao Guo, Guoyu Wang, Guang‐Yin Xu, Yaping Wang, Hongmei Liu
10.3390/plants13233276	2024	Development and Validation of One-Step Reverse Transcription-Droplet Digital PCR for Plum Pox Virus Detection and Quantification from Plant Purified RNA and Crude Extract	Plants	Giorgia Bertinelli, Lorenza Tizzani, Marta Luigi, Simona Monticelli, Vincenza Ilardi
10.1128/mbio.01101-24	2024	Development of tools for the genetic manipulation of Campylobacter and their application to the N- glycosylation system of Campylobacter hepaticus, an emerging pathogen of poultry	mBio	Jamieson B. McDonald, Ben Wade, Daniel Mark Andrews, Thi Thu Hao Van, Robert J. Moore
10.1101/gr.278131.123	2024	Differences in activity and stability drive transposable element variation in tropical and temperate maize	Genome Research	Shujun Ou, Armin Scheben, Tyler C. Collins, Yinjie Qiu, Arun Somwarpet Seetharam, Claire C. Menard, Nancy Manchanda, Jonathan Isaiah Gent, Michael C. Schatz, Sarah N. Anderson, Matthew B. Hufford, Candice N. Hirsch
10.1101/2024.01.16.575828	2024	Digital Microbe: A Genome-Informed Data Integration Framework for Collaborative Research on Emerging Model Organisms	bioRxiv (Cold Spring Harbor Laboratory)	Iva Veseli, Michelle A. DeMers, Zachary S. Cooper, Matthew S. Schechter, Samuel E. Miller, Laura Weber, Christa B. Smith, Lidimarie Trujillo Rodríguez, William F. Schroer, Matthew R. McIlvin, Paloma Lopez, Makoto Saito, Sonya T. Dyhrman, A. Murat Eren, Mary Ann Moran, Rogier Braakman
10.1038/s41597-024-03778-z	2024	Digital Microbe: a genome-informed data integration framework for team science on emerging model organisms	Scientific Data	Iva Veseli, Michelle A. DeMers, Zachary S. Cooper, Matthew S. Schechter, Samuel E. Miller, Laura Weber, Christa B. Smith, Lidimarie Trujillo Rodríguez, William F. Schroer, Matthew R. McIlvin, Paloma Lopez, Makoto Saito, Sonya T. Dyhrman, A. Murat Eren, Mary Ann Moran, Rogier Braakman
10.21203/rs.3.rs-4100550/v1	2024	Direct transdifferentiation of tumorigenic melanoma cells induces tumor cell reversion	Research Square	Jochen Sven Utikal, Yiman Wang, Ke Liu, Daniel Novak, Aniello Federico, Cai Xu, Sandra Horschitz, Marlene Vierthaler, Qian Sun, Nina Wang, Juliane Poelchen, Tamara Steinfass, Laura Hüser, Moritz Mall, Viktor Umansky
10.1016/j.virol.2024.110148	2024	Discovery and characterisation of new phage targeting uropathogenic Escherichia coli	Virology	Shahla Asgharzadeh Kangachar, Dominic Y. Logel, Ellina Trofimova, Hannah X. Zhu, Julian Zaugg, Mark A. Schembri, Karen D. Weynberg, Paul R. Jaschke
10.1101/2024.01.12.575291	2024	Discovery and characterisation of new phage targeting uropathogenic Escherichia coli	bioRxiv (Cold Spring Harbor Laboratory)	Shahla Asgharzadeh Kangachar, Dominic Y. Logel, Ellina Trofimova, Hannah X. Zhu, Julian Zaugg, Mark A. Schembri, Karen D. Weynberg, Paul R. Jaschke
10.1016/j.biochi.2024.01.008	2024	Discovery and characterization of the α-amylases cDNAs from Enchytraeus albidus shed light on the evolution of “Enchytraeus-Eisenia type” Amy homologs in Annelida	Biochimie	Łukasz Gajda, Agata Daszkowska‐Golec, Piotr Świątek
10.1101/2024.07.24.603752	2024	Discovery and evaluation of novel biomarkers reveal dasatinib as a potential treatment for a specific subtype of Triple-Negative Breast Cancer	bioRxiv (Cold Spring Harbor Laboratory)	Daniel Ortega-Álvarez, David Tébar-García, Marta Casado-Peláez, Elena Castillo-Agea, Joan Balibrea-Rull, David Olivares-Osuna, David Pérez-Parra, Cristina Guardia, Eva Musulén, Elena Vinuesa-Pitarch, Elsa Sánchez‐López, Fátima Postigo-Corrales, Ester Ballana, Anna Martínez‐Cardús, M Margelí, Manel E
10.1016/j.cmet.2024.10.017	2024	Disrupted methionine cycle triggers muscle atrophy in cancer cachexia through epigenetic regulation of REDD1	Cell Metabolism	Kai Lin, Lulu Wei, Ranran Wang, Li Li, Shiyu Song, Fei Wang, Minghui He, Wenyuan Pu, Jinglin Wang, Junaid Wazir, Wangsen Cao, Xiaozhong Yang, Eckardt Treuter, Rongrong Fan, Yongxiang Wang, Zhiqiang Huang, Hongwei Wang
10.1101/2024.09.23.613922	2024	Diverse toxin repertoire but limited metabolic capacities inferred from the draft genome assemblies of three Spiroplasma (Citri clade) strains associated with Drosophila	bioRxiv (Cold Spring Harbor Laboratory)	Paulino Ramirez, Humberto Martínez-Montoya, Rodolfo Aramayo, Mariana Mateos
10.1038/s42003-024-06288-1	2024	Downregulation of HNF4A enables transcriptomic reprogramming during the hepatic acute-phase response	Communications Biology	Charlotte Ehle, Aishwarya Iyer, Yunchen Wu, Shaojun Xing, Michael Kiehntopf, Alexander S. Mosig, Maren Godmann, Thorsten Heinzel
10.20935/acadonco7321	2024	Downregulation of UGT2B15 and UGT2B17 contributes to acquired androgen antagonist resistance in prostate cancer cells	Academia oncology.	D. Alwyn Dart
10.1128/mra.00410-24	2024	Draft annotated genome of the entomopathogenic fungus Metarhizium pingshaense isolated from Spodoptera species	Microbiology Resource Announcements	Nonthakorn Apirajkamol, Andreas Bachler, Wee Tek Tay, Bishwo Prasad Mainali, Phillip Warren Taylor, Tom Walsh
10.1128/mra.00115-24	2024	Draft genome of Kazachstania heterogenica var. weizmannii , a commensal fungus of the mouse digestive tract	Microbiology Resource Announcements	Jarmila Sekeresova Kralova, Lena Fidel, Catalina Donic, Shifra Ben‐Dor, Steffen Jung
10.1128/mra.00622-24	2024	Draft genome sequences of clinical Mycobacterium canettii strains in Canada	Microbiology Resource Announcements	Md. Rashedul Islam, Heather J. Adam, Pierre‐Marie Akochy, Meenu Kaushal Sharma, Alisa McGurran, Hafid Soualhine
10.1093/bioinformatics/btae450	2024	Drawing mitochondrial genomes with circularMT	Bioinformatics	Simon J. Goodman, Ian Carr
10.21203/rs.3.rs-4032669/v1	2024	Dynamic evolution of nitrogen cycle and pH homeostasis genes enabled the diversification of Pampinifervens gen. nov. (Aquificaceae)	Research Square	Marike Palmer, Nancy O. Nou, Lara A Turello, Carolyn E. Power, John C. Ong, Dengxun Lai, Anna‐Louise Reysenbach, Yan-Ling Qi, Jeremy A. Dodsworth, Jian‐Yu Jiao, Lan Liu, Zheng‐Han Lian, Mengmeng Li, Yitai Liu, Brandon R. Briggs, Hongyan Zuo, Stephen R. Quake, Emiley A. Eloe‐Fadrosh, Tanja Woyke, Hai
10.1038/s41467-024-52446-8	2024	ENCORE: a practical implementation to improve reproducibility and transparency of computational research	Nature Communications	Antoine H. C. van Kampen, Utkarsh Mahamune, Aldo Jongejan, Barbera D. C. van Schaik, Daria Balashova, Danial Lashgari, Mia L. Pras‐Raves, Eric J. M. Wever, Adriaan D. Dane, Rodrigo García-Valiente, Perry D. Moerland
10.1242/dev.203106	2024	ERK signalling eliminates Nanog and maintains Oct4 to drive the formative pluripotency transition	Development	Carla Mulas, Melanie Stammers, Siiri I. Salomaa, Constanze Heinzen, David M. Suter, Austin G Smith, Kevin J. Chalut
10.1186/s12866-024-03206-7	2024	Early transcriptional changes of heavy metal resistance and multiple efflux genes in Xanthomonas campestris pv. campestris under copper and heavy metal ion stress	BMC Microbiology	Stephen D. B. Jr. Ramnarine, Omar Ali, Jayaraj Jayaraman, Adesh Ramsubhag
10.1016/j.jgar.2024.08.012	2024	Easy analysis of bacterial whole-genome sequencing data for clinical microbiologists using open-source Galaxy platform: Characterization of ESBL-producing Enterobacterales from bloodstream infections	Journal of Global Antimicrobial Resistance	Aimé Berwa, Yvan Caspar
10.1016/j.apsoil.2024.105579	2024	Effects of soil biotic and abiotic characteristics on tree growth and aboveground herbivory during early afforestation	Applied Soil Ecology	Konstantinos Georgopoulos, Т. Martijn Bezemer, Lisette Neeft, Ana Martin Camargo, Sten Anslan, Leho Tedersoo, Sofia I. F. Gomes
10.1186/s12870-024-05033-4	2024	Elucidating the callus-to-shoot-forming mechanism in Capsicum annuum ‘Dempsey’ through comparative transcriptome analyses	BMC Plant Biology	Sang-Yun Han, So‐Young Park, Kang‐Hee Won, Sung-il Park, Jae‐Hyeong Park, Donghwan Shim, Inhwan Hwang, Dong‐Hoon Jeong, Hye‐Ran Kim
10.1101/2024.05.10.592912	2024	Empowering bioinformatics communities with Nextflow and nf-core	bioRxiv (Cold Spring Harbor Laboratory)	Björn E. Langer, Andreia J. Amaral, Marie-Odile Baudement, Franziska Bonath, Mathieu Charles, Praveen Chitneedi, Emily L. Clark, Paolo Di Tommaso, Sarah Djebali, Philip Ewels, Sonia E Eynard, James A. Fellows Yates, Daniel Fischer, Evan W. Floden, Sylvain Foissac, Gisela Gabernet, Maxime Ulysse Garc
10.1088/1758-5090/ad76d9	2024	Endothelial extracellular vesicles enhance vascular self-assembly in engineered human cardiac tissues	Biofabrication	Karl T. Wagner, Rick Xing Ze Lu, Shira Landau, Sarah A. Shawky, Yimu Zhao, David Frederick Bodenstein, Luis Felipe Jiménez Vargas, Richard Jiang, Sargol Okhovatian, Ying Wang, Chuan Liu, Daniel Vosoughi, Dakota Gustafson, Jason E. Fish, Carolyn L. Cummins, Milica Radisic
10.1111/tpj.17184	2024	Enhanced sensitivity of TAPscan v4 enables comprehensive analysis of streptophyte transcription factor evolution	The Plant Journal	Romy Petroll, Deepti Varshney, Saskia Hiltemann, Hermann Finke, Mona Schreiber, Jan de Vries, Stefan Andreas Rensing
10.1101/2024.07.13.602682	2024	Enhanced sensitivity of TAPscan v4 enables comprehensive analysis of streptophyte transcription factor evolution	bioRxiv (Cold Spring Harbor Laboratory)	Romy Petroll, Deepti Varshney, Saskia Hiltemann, Hermann Finke, Mona Schreiber, Jan de Vries, Stefan Andreas Rensing
10.1073/pnas.2319436121	2024	Enhanced weathering in the US Corn Belt delivers carbon removal with agronomic benefits	Proceedings of the National Academy of Sciences	David J. Beerling, Dimitar Z. Epihov, I. B. Kantola, Michael D. Masters, Tom Reershemius, Noah J. Planavsky, Christopher T. Reinhard, Jacob S. Jordan, Sarah J. Thorne, James M. Weber, Maria Val Martin, Robert P. Freckleton, Sue E. Hartley, Rachael H. James, Christopher R. Pearce, Evan H. DeLucia, St
10.17488/rmib.45.2.4	2024	Enhancing Multiple Sequence Alignment with Genetic Algorithms: A Bioinformatics Approach in Biomedical Engineering	Revista Mexicana de Ingeniería Biomédica	Universidad Autónoma de Coahuila, Ernesto Ríos-Willars, Jennifer Velez-Segura, Universidad Nacional de Colombia, María Magdalena Delabra-Salinas, Universidad Autónoma de Coahuila
10.37044/osf.io/w8dsz	2024	Enhancing the image analysis community in Galaxy		Leonid Kostrykin, Tatiana Woller, Matúš Kalaš, Buğra Özdemir, Rafael Andrade Buono, Yi Sun, Anup Kumar, Nadia Goué, Björn Andreas Grüning, Beatriz Serrano‐Solano, Anne Fouilloux
10.1101/2024.12.24.630232	2024	Entamoeba histolytica extracellular vesicles drive pro-inflammatory monocyte signaling	bioRxiv (Cold Spring Harbor Laboratory)	Barbara Honecker, Valentin A. Bärreiter, Katharina Höhn, Balázs Horváth, Karel Harant, Nahla Galal Metwally, Claudia Marggraff, Juliett Anders, Stephanie Leyk, Maria del Pilar Martínez-Tauler, Annika Bea, Charlotte Sophie Hansen, Helena Fehling, Melanie Lütkemeyer, Stephan Lorenzen, Sören Franzenbur
10.3390/ijms25105136	2024	Enterobacteriaceae as a Key Indicator of Huanglongbing Infection in Diaphorina citri	International Journal of Molecular Sciences	Xing‐Zhi Duan, Guo-Sen Guo, Ling-Fei Zhou, Le Li, Zemin Liu, Cheng Chen, Binhua Wang, Lan Wu
10.1101/2024.07.10.602838	2024	Environmental differences impact Acinetobacter baumannii phage isolation and infectivity	bioRxiv (Cold Spring Harbor Laboratory)	Ellinor Alseth, Carli Roush, Iris Irby, Mykhailo Kopylov, Daija Bobe, Kristy Doan Nguyen, Huaijin Xu, Anton V. Bryksin, Philip N. Rather
10.1111/1758-2229.13233	2024	Environmental microbiome in the home and daycare settings during the COVID‐19 pandemic, and potential risk of non‐communicable disease in children	Environmental Microbiology Reports	Jill A. McKay, Matthew R. Crown, Matthew Bashton, David A. Pearce, Jane  A. Entwistle, Vartul Sangal
10.1016/j.fsi.2024.109700	2024	Environmentally responsive changes in mucus indicators and microbiota of Chinese sturgeon Acipenser sinensis	Fish & Shellfish Immunology	Jin Shen, Jiehao Liu, Yueping Zheng, Jianan Xu, Houyong Fan, Muhammad Faisal Khalil, Youji Wang, Menghong Hu
10.1371/journal.ppat.1011968	2024	Epitranscriptional m6A modification of rRNA negatively impacts translation and host colonization in Staphylococcus aureus	PLoS Pathogens	Kathryn E. Shields, David Ranava, Yongjun Tan, Dapeng Zhang, Mee-Ngan Frances Yap
10.1021/acs.jnatprod.4c00675	2024	Ether–Diol Ambiguity: An Inconspicuous Issue in the Structure Elucidation of Oxygenated Natural Products	Journal of Natural Products	Brodie W. Bulcock, Rachel Chen, Ernest Lacey, Yit‐Heng Chooi, Gavin R. Flematti
10.3390/medicina60060850	2024	Evaluation of Antimicrobial Resistance in Clinical Isolates of Enterococcus spp. Obtained from Hospital Patients in Latvia	Medicina	Linda Labecka, Juris Ķibilds, Aivars Cīrulis, Evelīna Čeirāne, Indra Zeltiņa, Aigars Reinis, Barba Vilima, Dace Rudzīte, Renārs Erts, Inga Mauliņa, Dace Bandere, Angelika Krūmiņa
10.3390/ijms25116245	2024	Evaluation of Whole Genome Sequencing-Based Predictions of Antimicrobial Resistance to TB First Line Agents: A Lesson from 5 Years of Data	International Journal of Molecular Sciences	Meenu Kaushal Sharma, Michael J. Stobart, Pierre‐Marie Akochy, Heather J. Adam, Debra Janella, Melissa Rabb, Mohey Alawa, Inna Sekirov, Gregory J. Tyrrell, Hafid Soualhine
10.22541/au.170670608.85965223/v1	2024	Evolutionary analysis of THAP9 transposase: conserved regions, novel motifs		Richa Rashmi, Chandan Nandi, Sharmistha Majumdar
10.3390/v16050658	2024	Expanding the Scope of Adenoviral Vectors by Utilizing Novel Tools for Recombination and Vector Rescue	Viruses	Julian Fischer, Ariana Fedotova, Clara Bühler, Laura Darriba, Sabrina Schreiner, Zsolt Ruzsics
10.1021/acs.jproteome.3c00538	2024	Exploring Andean High-Altitude Lake Extremophiles through Advanced Proteotyping	Journal of Proteome Research	Katharina Runzheimer, Clément Lozano, Diana Boy, Jens Boy, Roberto Godoy, Francisco Javier Matus, Denise Engel, Bruno Pavletić, Stefan Leuko, Jean Armengaud, Ralf Moeller
10.1038/s41597-024-03571-y	2024	Exploring and retrieving sequence and metadata for species across the tree of life with NCBI Datasets	Scientific Data	Nuala A. O’Leary, Eric D. Cox, J. Bradley Holmes, WF Anderson, Robert Falk, Vichet Hem, Mirian T. N. Tsuchiya, Gregory D. Schuler, Xuan Zhang, John Torcivia, Anne Ketter, Laurie Breen, Jonathan Cothran, Hena Bajwa, Jovany Tinne, Peter A. Meric, Wratko Hlavina, Valerie A. Schneider
10.1007/s00284-024-03908-1	2024	Exploring the Genome-wide Expression Level of the Bacterial Strain Belonging to Bacillus safensis (MM19) Against Phomopsis viticola	Current Microbiology	Ragıp Soner Silme, Ömür Baysal, Ahmet Can, Yiğit Kürüm, Ahmet Korkut, Kevser Kübra Kırboğa, Agit Çetinkaya
10.3389/fbioe.2024.1426208	2024	Exploring the biotechnological potential of novel soil-derived Klebsiella sp. and Chryseobacterium sp. strains using phytate as sole carbon source	Frontiers in Bioengineering and Biotechnology	Julieth Maldonado-Pava, Valentina Tapia-Perdomo, Liliana Estupinan-Cardenas, Edinson Puentes-Cala, Genis Castillo‐Villamizar
10.1101/2024.05.03.592302	2024	Exploring the genome-wide expression level of the bacterial strain belonging to Bacillus safensis (MM19) against Phomopsis viticola	bioRxiv (Cold Spring Harbor Laboratory)	Ragıp Soner Silme, Ömür Baysal, Ahmet Can, Yiğit Kürüm, Ahmet Korkut, Kevser Kübra Kırboğa, Agit Çetinkaya
10.3389/fpls.2024.1384496	2024	Exploring the potential role of four Rhizophagus irregularis nuclear effectors: opportunities and technical limitations	Frontiers in Plant Science	María Victoria Aparicio Chacón, Sofía Hernández Luelmo, Viktor Devlieghere, Louis Robichez, Toon Leroy, Naomi Stuer, Annick De Keyser, Evi Ceulemans, Alain Goossens, Sofie Goormachtig, Judith Van Dingenen
10.1093/bioinformatics/btae681	2024	Facilitating phenotyping from clinical texts: the medkit library	Bioinformatics	Antoine Neuraz, Ghislain Vaillant, Camila Arias, Olivier Birot, Kim-Tam Huynh, Thibaut Fabacher, Alice Rogier, Nicolas Garcelon, Ivan Lerner, Bastien Rance, Adrien Coulet
10.1007/s10482-024-02037-w	2024	Facivitalis istanbulensis gen. nov., sp. nov., a novel member of the family Sphingomonadaceae with the potential for aromatic-degradation isolated from Jet A1 fuel	Antonie van Leeuwenhoek	Simge Arkan-Ozdemir, Miray Üstüntürk‐Onan, Esra Ilhan‐Sungur
10.7554/elife.81875	2024	Fetal growth delay caused by loss of non-canonical imprinting is resolved late in pregnancy and culminates in offspring overgrowth	eLife	Ruby Oberin, Sigrid Petautschnig, Ellen G. Jarred, Zhipeng Qu, Te‐Sha Tsai, Neil A. Youngson, Gabrielle Pulsoni, Thi T. Truong, Dilini Fernando, Heidi Bildsoe, Rheannon O Blücher, Maarten van den Buuse, David K. Gardner, Natalie A. Sims, David L. Adelson, Patrick S. Western
10.1371/journal.pone.0298213	2024	Field application of de novo transcriptomic analysis to evaluate the effects of sublethal freshwater salinization on Gasterosteus aculeatus in urban streams	PLoS ONE	Camilo Escobar-Sierra, Kathrin P. Lampert
10.1186/s13104-024-06825-5	2024	First Indonesian report of WGS-based MTBC L3 discovery	BMC Research Notes	Yuni Rukminiati, Felix Mesak, Dina Bisara Lolong, Pratiwi Pudjilestari Sudarmono
10.1186/s12863-024-01255-5	2024	First complete genome sequence of a Bacterial Panicle Blight causing pathogen, Burkholderia glumae, isolated from symptomatic rice grains from Bangladesh	BMC Genomic Data	Ismam Ahmed Protic, Md. Nasir Uddin, Abu Sina Md. Tushar, Shah Tasdika Auyon, David Alvarez‐Ponce, Md. Rashidul Islam
10.1016/j.jhazmat.2024.134473	2024	First time whole genome sequencing of Mycobacterium bovis from the environment supports transmission at the animal-environment interface	Journal of Hazardous Materials	André C. Pereira, Daniela Pinto, Mónica V. Cunha
10.1093/gbe/evae007	2024	Flatworm Transcriptomes Reveal Widespread Parasitism by Histophagous Ciliates	Genome Biology and Evolution	M. Ryan Woodcock, Kaleigh Powers, Kirsten Snead, Jason Pellettieri
10.1038/s41467-024-47697-4	2024	Flexible TAM requirement of TnpB enables efficient single-nucleotide editing with expanded targeting scope	Nature Communications	Xu Feng, Ruyi Xu, Jianglan Liao, Jingyu Zhao, Baochang Zhang, Xiaoxiao Xu, Pengpeng Zhao, Xiao‐Ning Wang, Jianyun Yao, Pengxia Wang, Xiaoxue Wang, Wenyuan Han, Qunxin She
10.1016/j.heliyon.2024.e26370	2024	Fog caused distinct diversity of airborne bacterial communities enriched with pathogens over central Indo-Gangetic plain in India	Heliyon	Shahina Raushan Saikh, M. Mushtaque, Antara Pramanick, Jashvant Kumar Prasad, Dibakar Roy, Sudipto Saha, Sanat Kumar Das
10.1186/s40793-024-00599-w	2024	From soil to sequence: filling the critical gap in genome-resolved metagenomics is essential to the future of soil microbial ecology	Environmental Microbiome	Winston Anthony, Steven Allison, Caitlin M. Broderick, Luciana Chávez Rodríguez, Alicia Clum, Hugh Cross, Emiley A. Eloe‐Fadrosh, Sarah Evans, Dawson Fairbanks, Rachel E. Gallery, Júlia Brandão Gontijo, Jennifer E. Jones, Jason McDermott, Jennifer Pett‐Ridge, Sydne Record, Jorge L. Mazza Rodrigues, 
10.12688/f1000research.153895.1	2024	From the establishment of a national bioinformatics society to the development of a national bioinformatics infrastructure	F1000Research	Bogdan Andrei Mirauta, Cătălina Zenoaga-Barbăroşie, Monica I. Abrudan, Marius Mihăşan, Mădălina Giurgiu, Daria Mihalachi, Michalis-Daniel Lazăr, RSBI Members, Horia L. Banciu
10.1101/2024.05.12.593148	2024	Full-length tRNAs lacking a functional CCA tail are selectively sorted into the lumen of extracellular vesicles	bioRxiv (Cold Spring Harbor Laboratory)	Chantal Scheepbouwer, Ernesto Aparicio‐Puerta, Cristina Gómez‐Martín, Monique A.J. van Eijndhoven, Esther E.E. Drees, Leontien Bosch, Daphne de Jong, Thomas Würdinger, Josée M. Zijlstra, Michael Hackenberg, Alan Gerber, Alan Gerber, Dirk Michiel Pegtel
10.1101/2024.10.18.618891	2024	Functional and pangenomic exploration of Roc two-component regulatory systems identifies novel players across Pseudomonas species	bioRxiv (Cold Spring Harbor Laboratory)	Victor Simon, Julian Trouillon, Ina Attrée, Sylvie Elsen
10.3390/ijms25073826	2024	Functionalization of Ceramic Scaffolds with Exosomes from Bone Marrow Mesenchymal Stromal Cells for Bone Tissue Engineering	International Journal of Molecular Sciences	Ekaterina N. Maevskaia, Julien Guerrero, Chafik Ghayor, Indranil Bhattacharya, Franz E. Weber
10.1101/2024.03.21.585382	2024	G-quadruplex forming regions in GCK and TM6SF2 are targets for differential DNA methylation in metabolic disease and hepatocellular carcinoma patients	bioRxiv (Cold Spring Harbor Laboratory)	Angelika Lahnsteiner, Victoria Ellmer, Anna Oberlercher, Zita Liutkevičiūtė, Esther Schoenauer, Bernhard Paulweber, Elmar Stephan Aigner, Angela Risch
10.3390/ani14162303	2024	Gene Expression Analysis before and after the Pelvic Flexure in the Epithelium of the Equine Hindgut	Animals	Cameron D. Moss, Amber L. Wilson, Kailee J. Reed, Kaysie Jennings, Isabelle G. Z. Kunz, Gabriele A. Landolt, Jessica L. Metcalf, T. E. Engle, Stephen J. Coleman
10.1096/fba.2024-00055	2024	Gene expression analysis identifies hub genes and pathways distinguishing fatal from survivor outcomes of Ebola virus disease	FASEB BioAdvances	Melvin Mensah‐Bonsu, Christopher Doss, Clay Gloster, Perpetua M. Muganda
10.1093/gigascience/giae026	2024	Generalized open-source workflows for atomistic molecular dynamics simulations of viral helicases	GigaScience	Bryan A. Raubenolt, Daniel Blankenberg
10.1101/2024.05.06.592701	2024	Generic workflow for a rapid and easy design of strain-specific PCR and qPCR primers, applied to the assessment of bacterial strains survival in soil	bioRxiv (Cold Spring Harbor Laboratory)	Amélie Polrot, Jérèmie Beguet, Marion Devers‐Lamrani, Fabrice Martin‐Laurent, Aymé Spor
10.1002/ece3.10953	2024	Genetic diversity assessment of Helichrysum arenarium (Asteraceae) for the genetic restoration of declining populations	Ecology and Evolution	Fabienne Van Rossum, Cécile Godé, Alenka Baruca Arbeiter, Olivier Raspé, Melike Simsek, Benjamin Barigand, Olivier J. Hardy, Dunja Bandelj
10.1093/jcbiol/ruae001	2024	Genetic variability of New Caledonian Boeckella De Guerne & Richard, 1889 (Copepoda: Calanoida), with the description of a new species	Journal of Crustacean Biology	Coline Royaux, Nicolas Charpin, Nicolas Rabet
10.3390/v16121903	2024	Genome Analysis of Anti-Phage Defense Systems and Defense Islands in Stenotrophomonas maltophilia: Preservation and Variability	Viruses	Ghadeer Jdeed, Vera V. Morozova, Nina V. Tikunova
10.1093/gigascience/giae036	2024	Genome evolution and transcriptome plasticity is associated with adaptation to monocot and dicot plants in Colletotrichum fungi	GigaScience	Riccardo Baroncelli, José Francisco Cobo-Díaz, Tiziano Benocci, Mao Peng, Evy Battaglia, Sajeet Haridas, William Andreopoulos, Kurt M. LaButti, Jasmyn L. Pangilinan, Anna Lipzen, Maxim Koriabine, Diane M. Bauer, Gaëtan Le Floch, Miia Mäkelä, Élodie Drula, Bernard Henrissat, Igor V. Grigoriev, Jo Ann
10.1128/mra.01012-23	2024	Genome sequence and annotation of Pyramidobacter sp. strain YE332, isolated from a cattle rumen fermentation of Leucaena leaf	Microbiology Resource Announcements	Rosalind Ann Gilbert, Carl K. Davis, Jenny Gravel, D. Ouwerkerk
10.3389/fpls.2024.1437132	2024	Genome sequence of a European Diplocarpon coronariae strain and in silico structure of the mating-type locus	Frontiers in Plant Science	Sophie Richter, Sabine Kind, Thomas Oberhänsli, Michael Oliver Schneider, Natalia M. Nenasheva, Katharina J. Hoff, Jens Keilwagen, Il-Kweon Yeon, Vincent Philion, Shigeki Moriya, Henryk Flachowsky, Andrea Patocchi, Thomas Wöhner
10.2139/ssrn.4773679	2024	Genome-Wide Sequence Divergence of Satellite DNA Could Underlie Meiotic Failure in Male Hybrids of Bighead Catfish and North African Catfish (Clarias, Clariidae)	SSRN Electronic Journal	Anton Lunev, Thitipong Panthum, Dmitrij Dedukh, Worapong Singchat, Syed Farhan Ahmad, Pish Wattanadilokchatkun, Thanyapat Thong, Phanitada Srikampa, Kantika Noito, Ryan Rasoarahona, Ekaphan Kraichak, Narongrit Muangmai, Satid Chatchaiphan, Kednapat Sriphairoj, Sittichai Hatachote, Aingorn Chaiyes, C
10.1186/s12864-024-10893-z	2024	Genome-wide identification of CAMTA genes and their expression dependence on light and calcium signaling during seedling growth and development in mung bean	BMC Genomics	Adhityo Wicaksono, Teerapong Buaboocha
10.3390/microorganisms12030512	2024	Genomic Characterization of Wild Lactobacillus delbrueckii Strains Reveals Low Diversity but Strong Typicity	Microorganisms	Anna Grizon, Sébastien Theil, Sandra Hélinck, Pauline Gerber, Pascal Bonnarme, Christophe Chassard
10.3390/microorganisms12071408	2024	Genomic Characterization of a Clinical NDM-1-Producing Klebsiella michiganensis from Brazil	Microorganisms	Amanda Yaeko Yamada, Andréia Rodrigues de Souza, Amanda Maria de Jesus Bertani, Karoline Rodrigues Campos, Cláudio Tavares Sacchi, Denise Brandão de Assis, Enéas Carvalho, Elizabeth Harummyy Takagi, Marcos Paulo Vieira Cunha, Monique Ribeiro Tiba‐Casas, Carlos Henrique Camargo
10.3390/pathogens13090719	2024	Genomic Insights into Vietnamese Extended-Spectrum β-Lactamase-9-Producing Extensively Drug-Resistant Pseudomonas aeruginosa Isolates Belonging to the High-Risk Clone ST357 Obtained from Bulgarian Intensive Care Unit Patients	Pathogens	Tanya Strateva, Alexander Stratev, Slavil Peykov
10.3389/fmicb.2023.1321122	2024	Genomic analysis of multidrug-resistant Delftia tsuruhatensis isolated from raw bovine milk	Frontiers in Microbiology	Pavel A. Andriyanov, Daria D. Kashina, Alena N. Menshikova
10.12688/f1000research.145788.1	2024	Genomic and transcriptomic resources for the brown thornbill (Acanthiza pusilla) to support the conservation of a critically endangered subspecies	F1000Research	Luke W. Silver, Ross Crates, Dejan Stojanović, Catherine Young, Katherine Belov, Katherine A. Farquharson, Robert Heinsohn, Carolyn J. Hogg
10.1111/1751-7915.70007	2024	Genomic characterization and identification of candidate genes for putative podophyllotoxin biosynthesis pathway in Penicillium herquei HGN12 . 1C	Microbial Biotechnology	Duong Huy Nguyen, Quang Ho Tran, Lam Tung Le, Ha Hong Thi Nguyen, Hoa T. K. Tran, Thuy Phuong Do, Anh Ngoc Ho, Quang Hong Tran, Hien Thi Nguyen Thu, Van Ngoc Bui, Chu Hoàng Hà, Ngoc Bich Pham
10.1093/jhered/esae029	2024	Genomic insights into the critically endangered King Island scrubtit	Journal of Heredity	Ross Crates, Brenton von Takach, Catherine Young, Dejan Stojanović, Linda E. Neaves, Liam Murphy, Daniel Gautschi, Carolyn J. Hogg, Robert Heinsohn, Phil Bell, Katherine A. Farquharson
10.3390/v16081242	2024	Genomics for Arbovirus Surveillance: Considerations for Routine Use in Public Health Laboratories	Viruses	Leandro Patiño, Andrea Denisse Benítez, Andrés Carrazco-Montalvo, Mary Regato-Arrata
10.1186/s40693-024-00132-w	2024	Genomics resources for the Rapa Nui (Eastern Island) spiny lobster Panulirus pascuensis (Crustacea: Decapoda: Achelata)	Revista chilena de historia natural	Juan Antonio Baeza, S Pirro
10.1128/aem.00681-24	2024	Genus-wide analysis of Trichoderma antagonism toward Pythium and Globisporangium plant pathogens and the contribution of cellulases to the antagonism	Applied and Environmental Microbiology	Siqiao Chen, Paul Daly, Wilfred Mabeche Anjago, Rong Wang, Yishen Zhao, Xian Wen, Dongmei Zhou, Sheng Deng, Xisha Lin, Josef Voglmeir, Feng Cai, Qirong Shen, Irina S. Druzhinina, Lihui Wei
10.1016/j.algal.2024.103564	2024	Growth and biomass composition of the cyanobacterium Geitlerinema sp. isolated from hypersaline ponds under different operating conditions	Algal Research	Stefania Patsialou, Christina Ν. Economou, Savvas Genitsaris, George N. Hotos, Dimitris V. Vayenas, Athanasia G. Tekerlekopoulou
10.32942/x2g033	2024	Guidance framework to apply good practices in ecological data analysis: Lessons learned from building Galaxy-Ecology		Coline Royaux, Jean‐Baptiste Mihoub, Marie Jossé, Dominique Pelletier, Olivier Norvez, Yves Reecht, Anne Fouilloux, Helena Rasche, Saskia Hiltemann, Bérénice Batut, Marc Eléaume, Pauline Seguineau, Guillaume Massé, Alan Amossé, Claire Bissery, Romain Lorrillière, Alexis Martin, Yves Bas, Thimothée V
10.1093/pnasnexus/pgae070	2024	Gut–liver microphysiological systems revealed potential crosstalk mechanism modulating drug metabolism	PNAS Nexus	Dhimas Agung Kurniawan, Sylvia Leo, Mutsumi Inamatsu, Sohei Funaoka, Taichi Aihara, M Cirone Aiko, Inoue Rei, Takeshi Sakura, Hiroshi Arakawa, Yukio Kato, Tomoaki Matsugi, Katsuhiro Esashika, Nobuaki Shiraki, Shoen Kume, Kenta Shinha, Hiroshi Kimura, Masaki Nishikawa, Yasuyuki Sakai
10.1101/2024.02.16.580519	2024	H-NS is a bacterial transposon capture protein	bioRxiv (Cold Spring Harbor Laboratory)	Charles Cooper, Simon Legood, Rachel L. Wheat, David Forrest, Prateek Sharma, James R. J. Haycocks, David C. Grainger
10.1371/journal.ppat.1012454	2024	HPV induced R-loop formation represses innate immune gene expression while activating DNA damage repair pathways	PLoS Pathogens	Conor W. Templeton, Laimonis A. Laimins
10.1016/j.syapm.2024.126500	2024	Halomontanus rarus gen. nov., sp. nov., a novel halophilic archaeon of the family Natrialbaceae from salt lakes on the Qinghai-Xizang Plateau	Systematic and Applied Microbiology	Ya‐Ling Mao, Beibei Wang, Xue-Meng Yin, Jing Hou, Heng‐Lin Cui
10.3389/fhort.2024.1388028	2024	High-throughput sequencing for plant virology diagnostics and its potential in plant health certification	Frontiers in Horticulture	Solomon Maina, Nerida Jane Donovan, Krista L. Plett, Daniel Ross Bogema, Brendan Rodoni
10.37044/osf.io/s7tru	2024	How to improve the annotation of Galaxy resources? Outcomes of an online hackathon for improving the annotation of Galaxy resources for microbial data resources		Bérénice Batut, Matthias Bernt, Md Muaviya Ansari -, Matúš Kalaš, Paul Klemm, Romane Libouban, Engy Nasr, Claire Rioualen, Wai Cheng Thang, Rand Zoabi, Paul F. Zierep
10.37044/osf.io/qjbxc	2024	How to increase the findability, visibility, and impact of Galaxy tools for your scientific community		Paul F. Zierep, Bérénice Batut, Matúš Kalaš, Tunc Kayikcioglu, Engy Nasr, Nicola Soranzo, Wai Cheng Thang, Joseph Wang, Ove Gustafsson
10.3390/ijms25020998	2024	HvGSK1.1 Controls Salt Tolerance and Yield through the Brassinosteroid Signaling Pathway in Barley	International Journal of Molecular Sciences	Yuliya Kloc, Marta Dmochowska-Boguta, Paulina Żebrowska, Łukasz Łaczmański, Anna Nadolska‐Orczyk, Wacław Orczyk
10.7554/elife.89173.2	2024	Hypoxia-inducible factor induces cysteine dioxygenase and promotes cysteine homeostasis in Caenorhabditis elegans	eLife	Kurt Warnhoff, Sushila Bhattacharya, Jennifer Snoozy, Peter C. Breen, Gary Ruvkun
10.1038/s44319-024-00144-3	2024	IL-6 promotes tumor growth through immune evasion but is dispensable for cachexia	EMBO Reports	Young‐Yon Kwon, Sheng Tony Hui
10.1093/nar/gkae437	2024	IRF2BP2 counteracts the ATF7/JDP2 AP-1 heterodimer to prevent inflammatory overactivation in acute myeloid leukemia (AML) cells	Nucleic Acids Research	Sabrina Fischer, Lisa Marie Weber, Bastian Stielow, Miriam Frech, Clara Simon, Merle Geller, Julie Könnecke, Florian Finkernagel, Ignasi Forné, Andrea Nist, Uta‐Maria Bauer, Thorsten Stiewe, Andreas Neubauer, Robert Liefke
10.3390/v16030437	2024	Identification and Characterisation of a Myxoma Virus Detected in the Italian Hare (Lepus corsicanus)	Viruses	Elisa Rossini, Moira Bazzucchi, Valter Trocchi, Francesca Merzoni, Cristina Bertasio, Sascha Knauf, Antonio Lavazza, Patrizia Cavadini
10.1186/s40694-024-00171-8	2024	Identification and functional characterisation of a locus for target site integration in Fusarium graminearum	Fungal Biology and Biotechnology	Martín Alejandro Darino, Martin Urban, Navneet Kaur, A. Wood, Mike Grimwade-Mann, Daniel P. Smith, Andrew M Beacham, Kim Hammond-Kosack
10.1590/1806-9061-2024-1936	2024	Identification of Eimeria Spp. on Commercial Broiler Chicken Farms in the Western Region of the State of Santa Catarina, Brazil, Using Next-Generation Sequencing	Brazilian Journal of Poultry Science	BMS Beretta, BF Itoyama, Camila Michele de Souza Hossotani, Débora Regina Romualdo da Silva, Manoel Garcia Neto, Flávia Lombardi Lopes, GZ Dumalakas, Marcelo Vasconcelos Meireles
10.1101/2024.08.13.607054	2024	Identification of In Vivo Internalizing Cardiac-Specific RNA Aptamers	bioRxiv (Cold Spring Harbor Laboratory)	Chandan Narayan, Li‐Hsien Lin, Maya N. Barros, Trent C. Gilbert, Caroline R. Brown, Dominic Reddin, Barry London, Yani Chen, Mary Edythe Wilson, Jennifer Streeter, William H. Thiel
10.1093/g3journal/jkae060	2024	Identification of chemosensory genes in the stingless bee Tetragonisca fiebrigi	G3 Genes Genomes Genetics	María Sol Balbuena, José Manuel Latorre-Estivalis, Walter M. Farina
10.1007/s13337-024-00898-3	2024	Identification of nine putative novel members of plant-infecting alphaflexiviruses in public domain plant transcriptomes	VirusDisease	B. Sravani, V. Kavi Sidharthan, Vijayprakash Reddy
10.21203/rs.3.rs-4157821/v1	2024	Impact of Bikinin on Brassinosteroid Signaling Pathway and its Influence on Barley Development	Research Square	Jolanta Groszyk, Mateusz Przyborowski
10.1186/s12985-024-02419-6	2024	Impact of subtype C-specific amino acid variants on HIV-1 Tat-TAR interaction: insights from molecular modelling and dynamics	Virology Journal	Piwai Terry Gotora, K. N. Brown, Darius Riziki Martin, Rencia van der Sluis, Ruben E.A. Cloete, Monray Edward Williams
10.1007/s12042-024-09382-0	2024	In Silico Genome-wide Identification and Expression Analysis of the Pin-2 Serine Protease Inhibitor Gene Family in Eggplant (Solanum melongena L.)	Tropical Plant Biology	Angelo John G. Layos, Ian Bien M. Oloc-oloc, Eureka Teresa M. Ocampo, Desiree M. Hautea
10.1016/j.ydbio.2024.04.006	2024	Influence of DNA-methylation at multiple stages of limb chondrogenesis	Developmental Biology	Mario Alberto Pérez-Maldonado, Ximena Alexandra González-González, Jesús Chimal‐Monroy, Jessica Cristina Marín‐Llera
10.1093/nar/gkae094	2024	Influence of RNA circularity on Target RNA-Directed MicroRNA Degradation	Nucleic Acids Research	Federico Fuchs Wightman, Jerónimo Lukin, Sebastián A. Giusti, Michael Soutschek, Laureano Bragado, Berta Pozzi, María L Pierelli, Paula González, Juan Pablo Fededa, Gerhard M. Schratt, Rina Fujiwara, Jeremy E. Wilusz, Damián Refojo, Manuel de la Mata
10.1080/1828051x.2024.2375394	2024	Influence of dietary mulberry ( Morus alba L.) leaf supplementation on production performance, blood metabolites, rumen fermentation characteristics and ruminal bacteria community in lactating dairy cows	Italian Journal of Animal Science	Patipan Hnokaew, Korawan Sringarm, Phongsakorn Chuammitri, Chaiwat Arjin, Chompunut Lumsangkul, Supamit Mekchay, Apinya Satsook, Yulei Wang, Paramintra Vinitchaikul
10.3389/fvets.2024.1482225	2024	Influenza A virus shedding and reinfection during the post-weaning period in swine: longitudinal study of two nurseries	Frontiers in Veterinary Science	Suzanna M. Storms, Antonio Leonardi-Cattolica, Tara Prezioso, Csaba Varga, Leyi Wang, James  F. Lowe
10.1016/j.envint.2024.108585	2024	Innovative analytical methodologies for characterizing chemical exposure with a view to next-generation risk assessment	Environment International	Žiga Tkalec, Jean‐Philippe Antignac, Nicole Bandow, Frederic M. Béen, Lidia Belova, Jos G.M. Bessems, Bruno Le Bizec, Werner Brack, Germán Cano-Sancho, Jade Chaker, Adrian Covaci, Nicolas Creusot, Arthur David, Laurent Debrauwer, Gaud Dervilly, Radu Corneliu Duca, Valérie Fessard, Joan O. Grimalt, T
10.1093/toxsci/kfae090	2024	Insights into brominated flame retardant neurotoxicity: mechanisms of hippocampal neural cell death and brain region-specific transcriptomic shifts in mice	Toxicological Sciences	Naomi E. Kramer, Courtney E Fillmore, Elizabeth G. Slane, Lillie Marie A. Barnett, John J. Wagner, Brian S. Cummings
10.1186/s12864-023-09953-7	2024	Insights into the genome of the ‘Loco’ Concholepas concholepas (Gastropoda: Muricidae) from low-coverage short-read sequencing: genome size, ploidy, transposable elements, nuclear RNA gene operon, mitochondrial genome, and phylogenetic placement in the family Muricidae	BMC Genomics	Juan Antonio Baeza, María Teresa González, Julia D. Sigwart, Carola Greve, S Pirro
10.26508/lsa.202302358	2024	Integrated analysis of RNA-seq datasets reveals novel targets and regulators of COVID-19 severity	Life Science Alliance	Thais Teixeira Oliveira, Júlia Firme Freitas, Viviane Priscila Barros de Medeiros, Thiago Jesus da Silva Xavier, Lucymara Fassarella Agnez‐Lima
10.1093/nar/gkae864	2024	Integrated multi-omics analysis of PBX1 in mouse adult neural stem- and progenitor cells identifies a transcriptional module that functionally links PBX1 to TCF3/4	Nucleic Acids Research	Vera Laub, Elisabeth Nan, Lena Elias, Ian J. Donaldson, Mette Bentsen, Leona A Rusling, Jonathan Schupp, Jennifer H. Lun, Karl Heinz Plate, Mario Looso, Julian D. Langer, Stefan Günther, Nicoletta Bobola, Dorothea Schulte
10.3762/bjnano.15.119	2024	Integrating high-performance computing, machine learning, data management workflows, and infrastructures for multiscale simulations and nanomaterials technologies	Beilstein Journal of Nanotechnology	Fabio Le Piane, Mario Vozza, Matteo Baldoni, Francesco Mercuri
10.1101/2024.07.22.604619	2024	Integrating in silico predictions with an engineered tissue assay identifies Perlecan as an age-perturbed re-quiescence cue for muscle stem cells	bioRxiv (Cold Spring Harbor Laboratory)	Erik Jacques, Pauline Amayrami Meza García, Orane Mercier, Yechen Hu, Cyril Dégletagne, Jade Ravent, S Fall, Maira P. Almeida, Aaron R. Wheeler, Stéphane Angers, Penney M. Gilbert, Fabien Le Grand
10.1080/07391102.2024.2441426	2024	Integrating structure-guided and fragment-based inhibitor design to combat bedaquiline resistant Mycobacterium tuberculosis : a molecular dynamics study	Journal of Biomolecular Structure and Dynamics	Alankar Roy, Prantik Banerjee, Ishani Paul, Ritam Ghosh, Sujay Ray
10.1186/s12929-024-01015-8	2024	Integration of transcription regulation and functional genomic data reveals lncRNA SNHG6’s role in hematopoietic differentiation and leukemia	Journal of Biomedical Science	Joshua M. Hazan, Raziel Amador, Tahleel Ali-Nasser, Tamar Lahav, Stav Roni Shotan, Miryam Steinberg, Ziv Cohen, Dvir Aran, David Meiri, Yehuda G. Assaraf, Roderic Guigó, Assaf C. Bester
10.3390/pathogens13111002	2024	Intestinal Carriage of Two Distinct stx2f-Carrying Escherichia coli Strains by a Child with Uncomplicated Diarrhea	Pathogens	Florence Crombé, Angela H. A. M. van Hoek, Heleen Nailis, Frédéric Auvray, Toon Janssen, Denis Piérard
10.1016/j.scitotenv.2024.175968	2024	Into the deep: Exploring the molecular mechanisms of hyperactive behaviour induced by three rare earth elements in early life-stages of the deep-sea scavenging amphipod Tmetonyx cicada (Lysianassidae)	The Science of The Total Environment	Juliane Annemieke Riedel, Irina Smolina, Coline Donat, Linn H. Svendheim, Julia Farkas, Bjørn Henrik Hansen, Pål A. Olsvik
10.1093/nar/gkae871	2024	Intra-host genomic diversity and integration landscape of human tissue-resident DNA virome	Nucleic Acids Research	Lari Pyöriä, Diogo Pratas, Mari Toppinen, Peter Simmonds, Klaus Hedman, Antti Sajantila, Maria F. Perdomo
10.1101/2024.06.04.597420	2024	Intracellular growth of Chlamydia trachomatis leads to global histone hypermethylation by impairing demethylation	bioRxiv (Cold Spring Harbor Laboratory)	Chloé I. Charendoff, Félix V. Louchez, Yongzheng Wu, Lee Dolat, Guillaume Velasco, Stéphanie Perrinet, Adrián Gabriel Torres, Laure Blanchet, Magalie Duchateau, Quentin Giai Gianetto, Mariette Matondo, Laurence Del Maestro, Slimane Ait‐Si‐Ali, Frédéric Bonhomme, Gaël A. Millot, Vannary Meas-Yedid, L
10.1007/978-3-031-71162-6_12	2024	Introducing SWIRL: An Intermediate Representation Language for Scientific Workflows	Lecture notes in computer science	Iacopo Colonnelli, Doriana Medić, Alberto Mulone, Viviana Bono, Luca Padovani, Marco Aldinucci
10.26686/wgtn.25908655	2024	Investigation of the CtrA cell cycle master regulator in Bartonella quintana		K. Watanabe
10.3389/fmolb.2024.1352032	2024	Iron-induced kidney cell damage: insights into molecular mechanisms and potential diagnostic significance of urinary FTL	Frontiers in Molecular Biosciences	Soraya Punchai, Nachayada Chaiyagot, Nadthanicha Artkaew, Apinya Jusakul, Ubon Cha’on, Raynoo Thanan, Kulthida Vaeteewoottacharn, Worachart Lert-itthiporn
10.3389/fmicb.2024.1448958	2024	Isolation and characterization of bacteriophages specific to Streptococcus equi subspecies zooepidemicus and evaluation of efficacy ex vivo	Frontiers in Microbiology	Martin Köhne, Ronja Hüsch, Anna Tönißen, Matthias Schmidt, Mathias Müsken, Denny Böttcher, Juliane Hirnet, Madeleine Plötz, Sophie Kittler, Harald Sieme
10.1109/mcse.2024.3402389	2024	Jetstream2: Research Clouds as a Convergence Accelerator	Computing in Science & Engineering	David Y. Hancock, Jeremy Fischer, John Michael Lowe, Scott Michael, Le Mai Weakley
10.1371/journal.pone.0296785	2024	Kuura—An automated workflow for analyzing WES and WGS data	PLoS ONE	Dhanaprakash Jambulingam, Venkat Subramaniam Rathinakannan, Samuel Heron, Johanna Schleutker, Vidal Fey
10.26508/lsa.202402829	2024	Laminin-α2 chain deficiency in skeletal muscle causes dysregulation of multiple cellular mechanisms	Life Science Alliance	Susana G. Martins, Vanessa Ribeiro, Catarina Drumonde Melo, Cláudia Paulino-Cavaco, Dario Antonini, Sharadha Dayalan Naidu, Fernanda Murtinheira, Inês T.E. Fonseca, Bérénice Saget, Mafalda Pita, Diogo R. Fernandes, Pedro Gameiro dos Santos, Gabriela Rodrigues, Rita Zilhão, Federico Herrera, Albena T
10.1101/2024.02.28.582465	2024	Leveraging Natural Language Processing models to decode the dark proteome across the Animal Tree of Life	bioRxiv (Cold Spring Harbor Laboratory)	Gemma I. Martinez Redondo, Francisco M. Perez-Canales, José M. Fernández, Israel Barrios-Núñez, Marçal Vázquez-Valls, Ildefonso Cases, Ana Maria Rojas, Rosa Fernández
10.20944/preprints202403.1775.v1	2024	Ligand-based pharmacophore modeling, virtual screening, and 2D quantitative structure-activity relationship performance on anti-Hepatitis B virus flavonols	Preprints.org	Alireza Mohebbi, Fatemeh Sana Askari, Parnia Askari, Seyed Jalal Kiani
10.3390/genes15010080	2024	Locus-Specific and Stable DNA Demethylation at the H19/IGF2 ICR1 by Epigenome Editing Using a dCas9-SunTag System and the Catalytic Domain of TET1	Genes	Claudia Albrecht, Nivethika Rajaram, Julian Broche, Pavel Bashtrykov, Albert Jeltsch
10.20944/preprints202401.0987.v1	2024	Long-Read Sequencing and De Novo Genome Assembly Pipeline of Two Plasmodium falciparum Clones (Pf3D7, PfW2) Using Only the PromethION Sequencer from Oxford Nanopore Technologies without Whole Genome Amplification	Preprints.org	Océane Delandre, Ombeline Lamer, Jean-Marie Loreau, Nasserdine Papa Mze, Isabelle Fonta, Joël Mosnier, Nicolas Gomez, Émilie Javelle, Bruno Pradines
10.3390/biology13020089	2024	Long-Read Sequencing and De Novo Genome Assembly Pipeline of Two Plasmodium falciparum Clones (Pf3D7, PfW2) Using Only the PromethION Sequencer from Oxford Nanopore Technologies without Whole-Genome Amplification	Biology	Océane Delandre, Ombeline Lamer, Jean-Marie Loreau, Nasserdine Papa Mze, Isabelle Fonta, Joël Mosnier, Nicolas Gomez, Émilie Javelle, Bruno Pradines
10.1007/s10115-024-02134-2	2024	MAESTRO: a lightweight ontology-based framework for composing and analyzing script-based scientific experiments	Knowledge and Information Systems	Luiz Gustavo Dias, Bruno Lopes, Daniel de Oliveira
10.1101/2024.03.22.586135	2024	MOSAIC: a highly efficient, one-step recombineering approach to plasmid editing and diversification	bioRxiv (Cold Spring Harbor Laboratory)	Marijn van den Brink, Timotheus Y. Althuis, Christophe Danelon, Nico J. Claassens
10.1093/bioinformatics/btae624	2024	MSIreg: an R package for unsupervised coregistration of mass spectrometry and H&E images	Bioinformatics	Sai Srikanth Lakkimsetty, Andreas T. Weber, Kylie Ariel Bemis, Verena Stehl, Peter Bronsert, Melanie Christine Föll, Olga Vitek
10.1016/j.isci.2024.109910	2024	Male-specific behavioral and transcriptomic changes in aging C. elegans neurons	iScience	Yifei Weng, Coleen  Tara Murphy
10.1002/etc.5834	2024	Marine Microbiota Responses to Shipping Scrubber Effluent Assessed at Community Structure and Function Endpoints	Environmental Toxicology and Chemistry	Savvas Genitsaris, Natassa Stefanidou, Dimitris G. Hatzinikolaou, Polyxeni Kourkoutmani, Εvangelia Μichaloudi, Dimitra Voutsa, Meritxell Gros, Elisa García-Gómez, Mira Petrović, Leonidas D. Ntziachristos, Maria T. Moustaka-Gouni
10.1016/j.antiviral.2024.105838	2024	Mechanism of action of phthalazinone derivatives against rabies virus	Antiviral Research	Victoire Perraud, Bart Vanderhoydonck, Guillaume Bouvier, Guilherme Dias de Melo, Amuri Kilonda, Mohamed Koukni, Dirk Jochmans, Sophie Rogée, Youcef Ben Khalifa, Lauriane Kergoat, Julien Lannoy, Tina Van Buyten, Nadia Izadi‐Pruneyre, Patrick Chaltin, Johan H. Neyts, Arnaud Marchand, Florence Larrous
10.1371/journal.pone.0304183	2024	Mechanistic insights into steroid hormone-mediated regulation of the androgen receptor gene	PLoS ONE	Andrew D. Gillen, Irene Hunter, Ekkehard Ullner, Iain J. McEwan
10.1007/s10815-024-03160-3	2024	Meiotic maturation failure in primary ovarian insufficiency: insights from a bovine model	Journal of Assisted Reproduction and Genetics	Sara Pietroforte, Pritha Dey, Elena Ibáñez, Alberto Maria Luciano, Valentina Lodde, Federica Franciosi, Mina Popovic, Rita Vassena, Filippo Zambelli
10.26508/lsa.202402866	2024	Membrane transporters modulating the toxicity of arsenic, cadmium, and mercury in human cells	Life Science Alliance	Andrè Ferdigg, Ann-Katrin Hopp, Gernot Wolf, Giulio Superti‐Furga
10.3390/ijms25158266	2024	Metabolic Insights into Neuropsychiatric Illnesses and Ketogenic Therapies: A Transcriptomic View	International Journal of Molecular Sciences	Smita Sahay, Priyanka Pulvender, Madhu Vishnu Sankar Reddy Rami Reddy, Robert Erne McCullumsmith, Sinead Marie O'Donovan
10.20944/preprints202406.0172.v1	2024	Metabolic Insights into Neuropsychiatric Illnesses and Ketogenic Therapies: A Transcriptomic View	Preprints.org	Smita Sahay, Priyanka Pulvender, Madhu Vishnu Sankar Reddy Rami Reddy, Robert Erne McCullumsmith, Sinead Marie O'Donovan
10.3389/fcimb.2024.1381170	2024	Metabolic pathways from the gut metatranscriptome are associated with COPD and respiratory function in lung cancer patients	Frontiers in Cellular and Infection Microbiology	David Dora, Péter Revisnyei, Anna Mihucz, Petèr Király, György Szklenárik, Edit Dulka, Gabriella Gálffy, Zoltán Lohinai
10.1128/mra.00786-23	2024	Metagenome-assembled genome of Zalaria obscura strain JY119	Microbiology Resource Announcements	Lakshmanan Vighnesh, Uppada Jagadeeshwari, Ch. Sasikala, Ch. V. Ramana
10.9734/jamb/2024/v24i4817	2024	Metagenomic Study of Bacteria Diversity and Functional Profile in Bulk and Rhizosphere Soils of Fusarium-Wilt Infected Plantain (Musa paradisiaca)	Journal of Advances in Microbiology	Christiana Chika Nwankwo, BA Ezeonuegbu, E.C. Oranusi
10.1111/1758-2229.13272	2024	Metagenomic analysis of microbial consortia native to the Amazon, Highlands, and Galapagos regions of Ecuador with potential for wastewater remediation	Environmental Microbiology Reports	Juan José Guadalupe, Miguel Pazmiño‐Vela, Gabriela Pozo, Wendy Vernaza, Valeria Ochoa‐Herrera, María de Lourdes Torres, Andrés Francisco Torres
10.1128/spectrum.03735-23	2024	Metagenomic analysis of the intestinal microbiome reveals the potential mechanism involved in Bacillus amyloliquefaciens in treating schistosomiasis japonica in mice	Microbiology Spectrum	Hao Chen, Shuaiqin Huang, Yiming Zhao, Ruizheng Sun, Jingyan Wang, Siqi Yao, Jing Huang, Zheng Yu
10.1101/2024.09.04.611267	2024	Metapipeline-DNA: A Comprehensive Germline & Somatic Genomics Nextflow Pipeline	bioRxiv (Cold Spring Harbor Laboratory)	Yash Patel, Chenghao Zhu, Takafumi N. Yamaguchi, Nicholas K. Wang, Nicholas Wiltsie, Nicole Zeltser, Alfredo E. Gonzalez, Helena K. Winata, Yu Pan, Mohammed Faizal Eeman Mootor, Timothy Sanders, Sorel T. Fitz‐Gibbon, Cyriac Kandoth, Julie M. Livingstone, Lydia Liu, Benjamin Carlin, Aaron Holmes, Jie
10.1007/s00425-024-04420-3	2024	Mfind: a tool for DNA barcode analysis in angiosperms and its relationship with microsatellites using a sliding window algorithm	Planta	Ernesto Ríos-Willars, Michelle C. Chirinos-Arias
10.1093/nar/gkae364	2024	Mibianto: ultra-efficient online microbiome analysis through k-mer based metagenomics	Nucleic Acids Research	Pascal Hirsch, Leidy-Alejandra G Molano, Annika Engel, Jens Zentgraf, Sven Rahmann, Matthias Hannig, Rolf Müller, Fabian Kern, Andreas Keller, Georges Pierre Schmartz
10.1016/j.ijpara.2024.08.001	2024	Micro RNA profiles of host extracellular vesicles are modulated by Ascaris suum infection but parasite extracellular vesicle miRNAs are systemically undetectable using in-depth miRNA sequencing	International Journal for Parasitology	Bradley Joseph Whitehead, Litten Sørensen Rossen, Mads Zippor, Anders T. Boysen, Vineesh Indira Chandran, Per Skallerup, Stig Milan Thamsborg, Peter Lindberg Nejsum
10.1016/j.chemosphere.2024.143905	2024	Microbial function matters: Microbiome-aware nano-ecotoxicology needs functional endpoints besides compositional data	Chemosphere	Jesse Ouwehand, Willie J.G.M. Peijnenburg, Martina G. Vijver
10.1101/2024.10.31.619006	2024	Microbial succession, community assembly and adaptation over five years in a newly discovered deep-sea cold seep	bioRxiv (Cold Spring Harbor Laboratory)	Qianyong Liang, Xinyue Liu, Jieni Wang, Tengkai Chen, Yingchun Han, Lu Zhang, Shuzhen Li, Jing Zhao, Yifei Dong, Binbin Guo, Xi Xiao, Xiyang Dong
10.20944/preprints202401.0789.v1	2024	Microbiome Modeling: A Beginner’s Guide	Preprints.org	Emanuel Lange, Lena Kranert, Jacob Krüger, Dirk Benndorf, Robert Heyer
10.3390/life14121597	2024	Mitochondrial Genomes of Mammals from the Brazilian Cerrado and Phylogenetic Considerations for the Orders Artiodactyla, Carnivora, and Chiroptera (Chordata: Mammalia)	Life	Luiz Guilherme Pereira Pimentel, Rafael Augusto Silva Soares, Priscila Martins de Assis, Iuri Batista da Silva, Igor Henrique Rodrigues‐Oliveira, Renan Rodrigues Rocha, Vinícius Gonçalves de Miranda, Laiena Luz Bassam, Karine Frehner Kavalco, Fabiano Bezerra Menegídio, Caroline Garcia, Rubens Pasa
10.1038/s41598-024-83368-6	2024	Mitochondrial epigenetics brings new perspectives on doubly uniparental inheritance in bivalves	Scientific Reports	E.F. LeRoux, Hajar Hosseini Khorami, Annie Angers, Bernard Angers, Sophie Breton
10.1007/s13592-024-01096-2	2024	Mitochondrial genome heteroplasmy and phylogenomics of the stingless bee Tetragonula laeviceps (Apidae, Apinae, Meliponini)	Apidologie	Hoi-Sen Yong, Sze‐Looi Song, Kah-Ooi Chua, Yvonne Jing Mei Liew, Kok‐Gan Chan, Phaik‐Eem Lim, Praphathip Eamsobhana
10.1099/mgen.0.001188	2024	Mobilisation and analyses of publicly available SARS-CoV-2 data for pandemic responses	Microbial Genomics	Nadim Rahman, Colman O’Cathail, Ahmad Zyoud, Alexey Sokolov, Bas B. Oude Munnink, Björn Andreas Grüning, Carla A. Cummins, Clara Amid, David F. Nieuwenhuijse, Dávid Visontai, David Yu Yuan, Dipayan Gupta, Divyae K. Prasad, Gábor Máté Gulyás, Gabriele Rinck, Jasmine McKinnon, Jeena Rajan, Jeff Knaggs
10.3390/ijms25094589	2024	Modification of Seurat v4 for the Development of a Phase Assignment Tool Able to Distinguish between G2 and Mitotic Cells	International Journal of Molecular Sciences	Steven James Watson, Harry Porter, Ian M. Sudbery, Ruth H. Thompson
10.3389/fcell.2024.1354606	2024	Modulation of the pre-metastatic bone niche: molecular changes mediated by bone-homing prostate cancer extracellular vesicles	Frontiers in Cell and Developmental Biology	Thomas J. Brown, Catrin Sian Rutland, Katie K. Choi, Feng Tse, Mandy Jayne Peffers, Nigel Patrick Mongan, Kenton P. Arkill, Alison Ritchie, Philip Alan Clarke, Hari L. Ratan, Cinzia Allegrucci, Anna M. Grabowska, Victoria H. James
10.46471/gigabyte.114	2024	Molecular Property Diagnostic Suite for COVID-19 (MPDSCOVID-19): an open-source disease-specific drug discovery portal	Gigabyte	Lipsa Priyadarsinee, Esther Jamir, Selvaraman Nagamani, Hridoy Jyoti Mahanta, Nandan Kumar, Lijo John, Himakshi Sarma, Asheesh Kumar, Anamika Singh Gaur, Rosaleen Sahoo, S. Vaikundamani, N. Arul Murugan, U. Deva Priyakumar, Gajendra P. S. Raghava, Prasad V. Bharatam, Ramakrishnan Parthasarathi, V. S
10.1128/spectrum.00061-24	2024	Molecular detection using hybridization capture and next-generation sequencing reveals cross-species transmission of feline coronavirus type-1 between a domestic cat and a captive wild felid	Microbiology Spectrum	Ximena A. Olarte‐Castillo, Laura B. Goodman, Gary R. Whittaker
10.1101/2024.01.02.573944	2024	Molecular detection using hybridization capture and next-generation sequencing reveals cross-species transmission of feline coronavirus type-1 between a domestic cat and a captive wild felid	bioRxiv (Cold Spring Harbor Laboratory)	Ximena A. Olarte‐Castillo, Laura B. Goodman, Gary R. Whittaker
10.1016/j.compbiomed.2024.109096	2024	Molecular hybridization assisted multi-technique approach for designing USP21 inhibitors to halt catalytic triad-mediated nucleophilic attack and suppress pancreatic ductal adenocarcinoma progression: A molecular dynamics study	Computers in Biology and Medicine	Alankar Roy, Sayan Sharma, Ishani Paul, Sujay Ray
10.5483/bmbrep.2023-0155	2024	Multi-omics analysis sandbox toolkit for swift derivations of clinically relevant genesets and biomarkers	BMB Reports	Jin-Young Lee, Won Park, Hyun‐Joong Kim, Hong Seok Lee, Tae-Wook Kang, Dong-Hun Shin, Kyung Su Kim, Yoon Kyeong Lee, Seon-Young Kim, Ji Hwan Park, Young-Joon Kim
10.1038/s41467-024-50554-z	2024	Multiomic profiling of medulloblastoma reveals subtype-specific targetable alterations at the proteome and N-glycan level	Nature Communications	Shweta Godbole, Hannah Voß, Antonia Gocke, Simon Schlumbohm, Yannis Schumann, Bojia Peng, Martin Mynarek, Stefan Rutkowski, Matthias Dottermusch, Mario M. Dorostkar, Andrey Korshunov, Thomas Mair, Stefan M. Pfister, Marcel Kwiatkowski, Madlen Hotze, Philipp Alexander Neumann, Christian Johannes Hart
10.1101/2024.05.13.593965	2024	Mycolic acid and cholesterol induced transcriptomic adaptations in wild type and Mce complex ATPase subunit deleted strain of M. tuberculosis H37Rv	bioRxiv (Cold Spring Harbor Laboratory)	Mohammad Asadur Rahman, Valerio Izzi, Lee Woodland Riley, Rajaram Venkatesan
10.3390/ijms25158145	2024	N-Myc and STAT Interactor is an Endometriosis Suppressor	International Journal of Molecular Sciences	Yuri Park, Xiaoming Guan, Sang Jun Han
10.1101/2024.05.08.593227	2024	N-Myc and STAT Interactor is an endometriosis suppressor	bioRxiv (Cold Spring Harbor Laboratory)	Yuri Park, Xiaoming Guan, Sang Jun Han
10.1093/bioinformatics/btae081	2024	NFTest: automated testing of Nextflow pipelines	Bioinformatics	Yash Patel, Chenghao Zhu, Takafumi N. Yamaguchi, Yuan Zhe Bugh, Mao Tian, Aaron Holmes, Sorel T. Fitz‐Gibbon, Paul Christopher Boutros
10.1101/2024.02.01.578450	2024	Nanopore Long-Read Sequencing Unveils Genomic Disruptions in Alzheimer’s Disease	bioRxiv (Cold Spring Harbor Laboratory)	Paulino Ramirez, Wenyan Sun, Shiva Kazempour Dehkordi, Habil Zare, Giovanni Pascarella, Piero Carninci, Bernard Fongang, Kevin F. Bieniek, Bess E Frost
10.1016/j.syapm.2024.126577	2024	Natronorarus salvus gen. nov., sp. nov., Halalkalicoccus ordinarius sp. nov., and Halalkalicoccus salilacus sp. nov., halophilic archaea from a soda lake and two saline lakes, and proposal to classify the genera Halalkalicoccus and Natronorarus into Halalkalicoccaceae fam. nov. in the order Halobacteriales within the class Halobacteria	Systematic and Applied Microbiology	Ya‐Ling Mao, Xin‐Yue Dong, Cong-Qi Tao, Zhang-Ping Wu, Xiao-Wei Shi, Jing Hou, Heng‐Lin Cui
10.3389/fmolb.2024.1439259	2024	Navigating directed evolution efficiently: optimizing selection conditions and selection output analysis	Frontiers in Molecular Biosciences	Paola Handal-Marquez, Hoai Viet Nguyen, Vitor Bernardes Pinheiro
10.1101/2024.05.23.595501	2024	Navigating directed evolution efficiently: optimizing selection conditions and selection output analysis	bioRxiv (Cold Spring Harbor Laboratory)	Paola Handal-Marquez, Hoai Viet Nguyen, Vitor Bernardes Pinheiro
10.1101/2024.08.19.608252	2024	Navigating the Urban River: Transcriptomic Responses of Freshwater Fish to Multiple Anthropogenic Stressors	bioRxiv (Cold Spring Harbor Laboratory)	Camilo Escobar-Sierra, Kathrin P. Lampert
10.1038/s44318-024-00172-8	2024	Neutral evolution of snoRNA Host Gene long non-coding RNA affects cell fate control	The EMBO Journal	Matteo Vietri Rudan, Kalle H. Sipilä, Christina Philippeos, Clarisse Gânier, Priyanka G. Bhosale, Victor Augusti Negri, Fiona M. Watt
10.1094/phyto-08-24-0267-sc	2024	New, Complete Circularized Genomes of Xanthomonas citri pv. mangiferaeindicae Produced from Short- and Long-Read Co-Assembly Shed Light on Strains that Emerged a Decade Ago on Mango and Cashew in Burkina Faso	Phytopathology	Claudine Boyer, Pierre Lefeuvre, Cyrille Tinlé Zombré, Adrien Rieux, Issa Wonni, Lionel Gagnevin, Olivier Pruvost
10.1093/bioadv/vbaf252	2024	Nextpie: a web-based reporting tool and database for reproducible nextflow pipelines	Bioinformatics Advances	Bishwa R. Ghimire, Nicholas Booth, Tapio Lönnberg, Tero A. Aittokallio
10.1101/2024.02.29.582797	2024	Novel Nuclear Roles for Testis-Specific ACTL7A and ACTL7B Supported by In Vivo Characterizations and AI Facilitated In Silico Mechanistic Modeling with Implications for Epigenetic Regulation in Spermiogenesis	bioRxiv (Cold Spring Harbor Laboratory)	Pierre Ferrer, Srijana Upadhyay, James J. Cai, Tracy M. Clement
10.7554/elife.95378	2024	Novel Nuclear Roles for Testis-Specific ACTL7A and ACTL7B Supported by In Vivo Characterizations and AI Facilitated In Silico Mechanistic Modeling with Implications for Epigenetic Regulation in Spermiogenesis	eLife	Pierre Ferrer, Srijana Upadhyay, James J. Cai, Tracy M. Clement
10.7554/elife.95378.1	2024	Novel Nuclear Roles for Testis-Specific ACTL7A and ACTL7B Supported by In Vivo Characterizations and AI Facilitated In Silico Mechanistic Modeling with Implications for Epigenetic Regulation in Spermiogenesis	eLife	Pierre Ferrer, Srijana Upadhyay, James J. Cai, Tracy M. Clement
10.3389/fvets.2024.1486635	2024	Novel coronaviruses and mammarenaviruses of hedgehogs from Russia including the comparison of viral communities of hibernating and active specimens	Frontiers in Veterinary Science	Aleksandra V. Lukina-Gronskaya, Ivan K. Chudinov, Elena V. Korneenko, S. D. Mashkova, Tatiana A. Semashko, M. A. Sinkova, L. N. Penkin, Elena M. Litvinova, Natalia Yu. Feoktistova, Anna S. Speranskaya
10.1099/jgv.0.001990	2024	Novel phages of Pseudomonas syringae unveil numerous potential auxiliary metabolic genes	Journal of General Virology	Chloé Feltin, Julian R. Garneau, Cindy E. Morris, Annette Bérard, Clara Torres‐Barceló
10.1101/2024.05.07.591244	2024	Novel phages of Pseudomonas syringae unveil numerous potential auxiliary metabolic genes	bioRxiv (Cold Spring Harbor Laboratory)	Chloé Feltin, Julian R. Garneau, Cindy E. Morris, Annette Bérard, Clara Torres‐Barceló
10.1093/nar/gkae022	2024	Nucleolar detention of NONO shields DNA double-strand breaks from aberrant transcripts	Nucleic Acids Research	Barbara Trifault, Victoria Mamontova, Giacomo Cossa, Sabina Ganskih, Yuanjie Wei, Julia Hofstetter, Pranjali Bhandare, Apoorva Baluapuri, Blanca Nieto, Daniel Solvie, Carsten Patrick Ade, Peter Gallant, Elmar Wolf, Dorthe Helena Larsen, Mathias Munschauer, Kaspar Burger
10.5772/intechopen.1001983	2024	Omics and Network-based Approaches in Understanding HD Pathogenesis	IntechOpen eBooks	Christiana C. Christodoulou, Eleni Zamba Papanicolaou
10.3389/fevo.2024.1333726	2024	Over the hills and far away: phylogeography and demographic migration history of a dispersal-restricted primrose (Primula vulgaris)	Frontiers in Ecology and Evolution	Ludwig Triest, Fabienne Van Rossum, Gábor Sramkó, Tim Sierens, Polina A. Volkova
10.1101/2024.03.15.585069	2024	Overlapping roles of Arabidopsis INCURVATA11 and CUPULIFORMIS2 as Polycomb Repressive Complex 2 accessory proteins	bioRxiv (Cold Spring Harbor Laboratory)	Riad Nadi, Lucía Juan-Vicente, Samuel Daniel Lup, Yolanda M. Fernandez, Vicente Rubio, José Luis Micol
10.1186/s40659-024-00555-5	2024	Oviduct epithelial spheroids during in vitro culture of bovine embryos mitigate oxidative stress, improve blastocyst quality and change the embryonic transcriptome	Biological Research	Thanya Pranomphon, Álvaro López-Valiñas, C. Almiñana, Coline Mahé, Viviane Lopes Brair, Rangsun Parnpai, Pascal Mermillod, Stefan Bauersachs, Marie Saint‐Dizier
10.1093/bioinformatics/btae175	2024	POCP-nf: an automatic Nextflow pipeline for calculating the percentage of conserved proteins in bacterial taxonomy	Bioinformatics	Martin Hölzer
10.21203/rs.3.rs-3982260/v1	2024	Pan-Genome Analysis with Virulence Factors: Charting the Genomic Landscape of Uropathogenic Escherichia coli (UPEC)	Research Square	Lavanya Shankar Salian, Anusree Sajeevan, Krishna Prasath S K, Suma Mohan S, Adline Princy Solomon
10.1128/jvi.00530-24	2024	Participation of shrimp pva-miR-166 in hemocyte homeostasis by modulating apoptosis-related gene PvProsaposin during white spot syndrome virus infection	Journal of Virology	Chantaka Wongdontri, Waruntorn Luangtrakul, Pakpoom Boonchuen, Peter Sarnow, Kulwadee Somboonviwat, Phattarunda Jaree, Kunlaya Somboonwiwat
10.1101/2024.06.26.600753	2024	PathoGFAIR: a collection of FAIR and adaptable (meta)genomics workflows for (foodborne) pathogens detection and tracking	bioRxiv (Cold Spring Harbor Laboratory)	Engy Nasr, Anna Henger, Björn Andreas Grüning, Paul F. Zierep, Bérénice Batut
10.3389/fmicb.2024.1364026	2024	Pathogenomes and virulence profiles of representative big six non-O157 serogroup Shiga toxin-producing Escherichia coli	Frontiers in Microbiology	Anwar A. Kalalah, Sara S. K. Koenig, James L. Bono, Joseph M. Bosilevac, Mark Eppinger
10.3390/microorganisms12040699	2024	Pathogenomes of Shiga Toxin Positive and Negative Escherichia coli O157:H7 Strains TT12A and TT12B: Comprehensive Phylogenomic Analysis Using Closed Genomes	Microorganisms	Anwar A. Kalalah, Sara S. K. Koenig, Peter Feng, Joseph M. Bosilevac, James L. Bono, Mark Eppinger
10.3390/v16071047	2024	Phage-Mediated Digestive Decolonization in a Gut-On-A-Chip Model: A Tale of Gut-Specific Bacterial Prosperity	Viruses	Brieuc Van Nieuwenhuyse, Maya Merabishvili, Nathalie Goeders, Kevin Vanneste, Bert Bogaerts, Mathieu de Jode, Joachim Ravau, Jeroen Wagemans, Leïla Belkhir, Dimitri Van der Linden
10.1038/s41598-024-56373-y	2024	Planctoellipticum variicoloris gen. nov., sp. nov., a novel member of the family Planctomycetaceae isolated from wastewater of the aeration lagoon of a sugar processing plant in Northern Germany	Scientific Reports	Carmen E. Wurzbacher, Tom Haufschild, Jonathan B. Hammer, Muriel C. F. van Teeseling, Nicolai Kallscheuer, Christian Jogler
10.3390/ijms25063084	2024	Platelet-Activating Factor Receptor (PAFR) Regulates Retinal Progenitor/Stem Cells Profile in Ciliary Epithelium Cells	International Journal of Molecular Sciences	Bárbara Dalmaso, Ildefonso Silva, Sônia Jancar, Carolina Beltrame Del Debbio
10.1101/2024.06.08.598037	2024	Playbook Workflow Builder: Interactive Construction of Bioinformatics Workflows from a Network of Microservices	bioRxiv (Cold Spring Harbor Laboratory)	Daniel J. B. Clarke, John Erol Evangelista, Zhuorui Xie, Giacomo B. Marino, Mano Ram Maurya, Sumana Srinivasan, Keyang Yu, Varduhi Petrosyan, Matthew E. Roth, Miroslav Milinkov, Charles Hadley S. King, Jeet Kiran Vora, Jonathon Keeney, Christopher M. Nemarich, William Khan, Alexander Lachmann, Nashe
10.1038/s41588-024-01661-6	2024	Polycomb repression of Hox genes involves spatial feedback but not domain compaction or phase transition	Nature Genetics	Sedona E. Murphy, Alistair Nicol Boettiger
10.1186/s13072-024-00539-5	2024	Prenatal nicotine exposure leads to epigenetic alterations in peripheral nervous system signaling genes in the testis of the rat	Epigenetics & Chromatin	Ouzna Dali, Jose Antonio Muriel-Muriel, Ana Vargas-Baco, Sergei G. Tevosian, Jasenka Zubcevic, Fatima O. Smagulova, Linda F. Hayward
10.1007/s00705-024-06076-6	2024	Probing of plant transcriptomes reveals the hidden genetic diversity of the family Secoviridae	Archives of Virology	V. Kavi Sidharthan, Vijayprakash Reddy, G. Kiran, Velayutham Rajeswari, V. K. Baranwal, Mukesh Kumar, K. Sudheer Kumar
10.1007/s00284-024-03829-z	2024	Propane Monooxygenases in Soil Associated Metagenomes Align Most Closely to those in the Genera Kribbella, Amycolatopsis, Bradyrhizobium, Paraburkholderia and Burkholderia	Current Microbiology	Alison M. Cupples
10.1016/j.ccell.2024.04.004	2024	Putting the STING back into BH3-mimetic drugs for TP53-mutant blood cancers	Cancer Cell	Sarah T. Diepstraten, Yin Yuan, John E. La Marca, Savannah Young, Catherine W.T. Chang, Lauren Whelan, Aisling M. Ross, Karla C. Fischer, Giovanna Pomilio, Rhiannon Morris, Angela Georgiou, Véronique Litalien, Fiona C. Brown, Andrew Warwick Roberts, Andreas Strasser, Andrew H. Wei, Gemma L. Kelly
10.1101/2024.10.11.617892	2024	Quiescent cell re-entry is limited by macroautophagy-induced lysosomal damage	bioRxiv (Cold Spring Harbor Laboratory)	Andrew Murley, Ann Catherine Popovici, Xiaozhou Hu, Anina Lund, Kevin Wickham, Jenni Durieux, Larry K. Joe, Etai Koronyo, Andrew Dillin
10.1016/j.heliyon.2024.e30755	2024	RNA-Seq data analysis reveals novel nonsense mutations in the NPR3 gene leading to the progression of intellectual disability disorder	Heliyon	Prekshi Garg, Farrukh Jamal, Prachi Srivastava
10.1002/jcb.30570	2024	RUNX1 regulates promoter activity in the absence of cognate DNA binding motifs	Journal of Cellular Biochemistry	Alexandra M. Woodworth, Kristine Hardy, Phillippa C. Taberlay, Joanne L. Dickinson, Adele F. Holloway
10.1101/2024.05.13.593900	2024	Rab7 deficiency induces lysosome formation from recycling endosomes leading to an increased degradation of cell surface proteins	bioRxiv (Cold Spring Harbor Laboratory)	Guan M. Wang, Peng Xu, Kaikai Yu, Shiny Shengzhen Guo, Reinhard Faessler
10.1101/2024.10.14.618274	2024	Rapid promoter evolution of male accessory gland genes is accompanied by divergent expression in closely related Drosophila species	bioRxiv (Cold Spring Harbor Laboratory)	David W. J. McQuarrie, Frannie H. S. Stephens, Alexander D. Ferguson, Roland R. Arnold, Alberto Civetta, Matthias Soller
10.1080/15476286.2024.2413820	2024	Rbm3 deficiency leads to transcriptome-wide splicing alterations	RNA Biology	Steffen Erkelenz, Marta Grzonka, Antonios Papadakis, Heiner Schaal, Jan H.J. Hoeijmakers, Ákos Gyenis
10.3390/v16030430	2024	Recommendations for Uniform Variant Calling of SARS-CoV-2 Genome Sequence across Bioinformatic Workflows	Viruses	Ryan P. Connor, Migun Shakya, David A. Yarmosh, Wolfgang Maier, Ross Martin, Rebecca Bradford, James Rodney Brister, Patrick Chain, Courtney A. Copeland, Julia di Iulio, Bin Hu, Philip J. Ebert, Jonathan Gunti, Yumi Jin, Kenneth Katz, Andrey Vasilyevich Kochergin, Tré LaRosa, Jiani Li, Po‐E Li, Chie
10.1371/journal.pone.0309210	2024	Recording provenance of workflow runs with RO-Crate	PLoS ONE	Simone Leo, Michael Robin Crusoe, Laura Rodríguez‐Navas, Raül Sirvent, Alexander Kanitz, Paul De Geest, Rudolf Wittner, Luca Pireddu, Daniel Garijo, José M. Fernández, Iacopo Colonnelli, Matej Gallo, Tazro Ohta, Hirotaka Suetake, Salvador Capella-Gutiérrez, Renske de Wit, Bruno P. Kinoshita, Stian S
10.1101/2024.12.04.626876	2024	Regulation of B cell migration to the Bursa of Fabricius by CCR7 and cell adhesion molecules in chicken embryonic development	bioRxiv (Cold Spring Harbor Laboratory)	Milena Brunner, Catarina L. C. T. Cavaleiro, T.V.L. Berghof, Christine Wurmser, Daniel Elleder, Theresa von Heyl, Benjamin Schusser
10.1186/s13100-024-00315-y	2024	RepEnTools: an automated repeat enrichment analysis package for ChIP-seq data reveals hUHRF1 Tandem-Tudor domain enrichment in young repeats	Mobile DNA	Michel Choudalakis, Pavel Bashtrykov, Albert Jeltsch
10.20944/preprints202403.1211.v1	2024	Reproducible Exploration of Disease Maps with Galaxy Workflows and the MINERVA Platform	Preprints.org	Helena Rasche, Matti Hoch, Julia Scheel, Saskia Hiltemann, Martina Kutmon, Chris T. Evelo, Iacopo Cristoferi, Myrthe van Baardwijk, Andrew Stubbs, Marek Ostaszewski
10.1038/s41594-024-01384-6	2024	Resistance of estrogen receptor function to BET bromodomain inhibition is mediated by transcriptional coactivator cooperativity	Nature Structural & Molecular Biology	Sicong Zhang, Robert G. Roeder
10.1101/2024.07.25.605008	2024	Resistance of estrogen receptor function to BET bromodomain inhibition is mediated by transcriptional coactivator cooperativity	bioRxiv (Cold Spring Harbor Laboratory)	Sicong Zhang, Robert G. Roeder
10.1016/j.isci.2024.111147	2024	Resolving transitions between distinct phases of memory consolidation at high resolution in Caenorhabditis elegans	iScience	Netanel Cohen, Ithai Rabinowitch
10.1016/j.aquaculture.2024.740820	2024	Revealing the genetic and molecular drivers behind golden and platinum coloration in barramundi (Lates calcarifer)	Aquaculture	Roberta Marcoli, David B. Jones, Cécile Massault, Michael D. Moran, Paul J. Harrison, Holly S. Cate, Dean Robert Jerry
10.7554/elife.95185.1.sa2	2024	Reviewer #1 (Public Review): Evaluation of Gremlin-1 as a therapeutic target in metabolic dysfunction-associated steatohepatitis		Paul Horn, Jenny Norlin, Kasper Almholt, Birgitte M Viuff, Elisabeth D Galsgaard, Andreas Hald, Franziska Zosel, Helle Demuth, Svend Poulsen, Peder L Norby, Morten G Rasch, Mogens Vyberg, Mikkel Parsberg Werge, Lise Lotte Gluud, Marco R Rink, Emma Shepherd, Ellie Northall, Patricia F Lalor, Chris J 
10.7554/elife.92345.2.sa2	2024	Reviewer #1 (Public Review): Polysaccharides induce deep-sea Lentisphaerae strains to release chronic bacteriophages		Chong Wang, Rikuan Zheng, Tianhang Zhang, Chaomin Sun
10.7554/elife.95185.1.sa1	2024	Reviewer #2 (Public Review): Evaluation of Gremlin-1 as a therapeutic target in metabolic dysfunction-associated steatohepatitis		Paul Horn, Jenny Norlin, Kasper Almholt, Birgitte M Viuff, Elisabeth D Galsgaard, Andreas Hald, Franziska Zosel, Helle Demuth, Svend Poulsen, Peder L Norby, Morten G Rasch, Mogens Vyberg, Mikkel Parsberg Werge, Lise Lotte Gluud, Marco R Rink, Emma Shepherd, Ellie Northall, Patricia F Lalor, Chris J 
10.7554/elife.92345.2.sa1	2024	Reviewer #2 (Public Review): Polysaccharides induce deep-sea Lentisphaerae strains to release chronic bacteriophages		Chong Wang, Rikuan Zheng, Tianhang Zhang, Chaomin Sun
10.1007/s00253-024-13181-8	2024	Rhizosphere competent inoculants modulate the apple root–associated microbiome and plant phytoalexins	Applied Microbiology and Biotechnology	Kristin Hauschild, Nils Orth, Benye Liu, Adriana Giongo, Silvia Gschwendtner, Ludger Beerhues, Michael Schloter, Doris Vetterlein, Traud Winkelmann, Kornelia Smalla
10.1172/jci.insight.176281	2024	Right ventricular cardiomyocyte expansion accompanies cardiac regeneration in newborn mice after large left ventricular infarcts	JCI Insight	Tianyuan Hu, Mona Malek Mohammadi, Fabian Ebach, Michael Hesse, Michael I. Kotlikoff, Bernd K. Fleischmann
10.1371/journal.pbio.3002739	2024	SAMD1 suppresses epithelial–mesenchymal transition pathways in pancreatic ductal adenocarcinoma	PLoS Biology	Clara Simon, Inka D. Brunke, Bastian Stielow, Ignasi Forné, Anna Mary Steitz, Merle Geller, Iris Rohner, Lisa Marie Weber, Sabrina Fischer, Lea Marie Jeude, Theresa Huber, Andrea Nist, Thorsten Stiewe, Magdalena Huber, Malte Buchholz, Robert Liefke
10.1093/plcell/koae151	2024	SEPALLATA-driven MADS transcription factor tetramerization is required for inner whorl floral organ development	The Plant Cell	Véronique Hugouvieux, Romain Blanc‐Mathieu, Aline Janeau, Michel Paul, Jérémy Lucas, Xiaocai Xu, H.O. Ye, Xuelei Lai, Sarah Le Hir, Audrey Guillotin, Antonin Galien, Wenhao Yan, Max Nanao, Kerstin Kaufmann, François Parcy, Chloé Zubieta
10.1101/2024.06.16.599181	2024	SETD1A-dependent EME1 transcription drives PARPi sensitivity in HR deficient tumour cells	bioRxiv (Cold Spring Harbor Laboratory)	Ellie Sweatman, Rachel Bayley, Richad Selemane, Martin R. Higgs
10.1093/nar/gkae1053	2024	SETDB1 activity is globally directed by H3K14 acetylation via its Triple Tudor Domain	Nucleic Acids Research	T. Chandrasekaran, Michel Choudalakis, Alexander Bröhm, Sara Weirich, Alexandra G. Kouroukli, Ole Ammerpohl, Philipp Rathert, Pavel Bashtrykov, Albert Jeltsch
10.1101/2024.02.11.579862	2024	SLC-25A46 Regulates Mitochondrial Fusion through FZO-1/Mitofusin and is Essential for Maintaining Neuronal Morphology	bioRxiv (Cold Spring Harbor Laboratory)	Hiroyuki Obinata, H. Takahashi, Satoshi Shimo, Toshiyuki Oda, Asako Sugimoto, Shinsuke Niwa
10.1038/s41587-023-02100-3	2024	Scalable, accessible and reproducible reference genome assembly and evaluation in Galaxy	Nature Biotechnology	Delphine Larivière, Linelle Ann L. Abueg, Nadolina Brajuka, Cristóbal Gallardo Alba, Björn Andreas Grüning, Byung June Ko, Alexander Ostrovsky, Marc Palmada‐Flores, Brandon D. Pickett, K Siddique-e Rabbani, Agostinho Antunes, Jennifer Balacco, Mark Chaisson, Haoyu Cheng, Joanna Collins, Mélanie Cout
10.1101/2024.03.06.583751	2024	Seasonal Patterns of Viromes in Urban Aquatic Environments of Manitoba	bioRxiv (Cold Spring Harbor Laboratory)	Jhannelle D. Francis, Miguel Uyaguari
10.3390/microorganisms12050908	2024	Selective Pressure and Evolution of SARS-CoV-2 Lineages BF.7 and BQ.1.1 Circulating in Italy from July to December 2022	Microorganisms	Alessandra Lo Presti, Luigina Ambrosio, Angela Di Martino, Arnold Knijn, Luca De Sabato, Gabriele Vaccari, Ilaria Di Bartolo, Stefano Morabito, Anna Teresa Palamara, Paola Stefanelli
10.1099/acmi.0.000808.v3	2024	Sequence and origin of the Streptomyces intergenetic-conjugation helper plasmid pUZ8002	Access Microbiology	Daniel E. Larcombe, Robyn E Braes, James T Croxford, James W. Wilson, David H. Figurski, Paul A. Hoskisson
10.1093/genetics/iyae060	2024	Sequence reliance of the Drosophila context-dependent transcription factor CLAMP	Genetics	Lauren J. Hodkinson, Julia L. Gross, Casey A. Schmidt, Pamela P. Diaz-Saldana, Tsutomo Aoki, Leila E. Rieder
10.1038/s41598-024-73668-2	2024	Sequence-based analysis of the rice CAMTA family: haplotype and network analyses	Scientific Reports	Nattana Thongsima, Prasit Khunsanit, Sarunkorn Navapiphat, Isabelle Marie Henry, Luca Comai, Teerapong Buaboocha
10.1021/acssynbio.4c00539	2024	Sequencing Strategy to Ensure Accurate Plasmid Assembly	ACS Synthetic Biology	Sarah I. Hernandez, Casey-Tyler Berezin, Katie M. Miller, Samuel Peccoud, Jean Peccoud
10.1101/2024.03.25.586694	2024	Sequencing Strategy to Ensure Accurate Plasmid Assembly	bioRxiv (Cold Spring Harbor Laboratory)	Sarah I. Hernandez, Casey-Tyler Berezin, Katie M. Miller, Samuel Peccoud, Jean Peccoud
10.1128/msystems.00445-24	2024	Serial fermentation in milk generates functionally diverse community lineages with different degrees of structure stabilization	mSystems	Chloé Gapp, Alexis Dijamentiuk, Cécile Mangavel, Cécile Callon, Sébastien Theil, Anne‐Marie Revol‐Junelles, Christophe Chassard, Frédéric Borges
10.1101/2024.04.01.587544	2024	Serial fermentation in milk generates functionally diverse community lineages with different degrees of structure stabilization	bioRxiv (Cold Spring Harbor Laboratory)	Chloé Gapp, Alexis Dijamentiuk, Cécile Mangavel, Cécile Callon, Sébastien Theil, Anne‐Marie Revol‐Junelles, Christophe Chassard, Frédéric Borges
10.1093/braincomms/fcae062	2024	Serum myostatin as a candidate disease severity and progression biomarker of spinal muscular atrophy	Brain Communications	Ana Letícia Amorim de Albuquerque, Júlia Kersting Chadanowicz, Giovanna Câmara Giudicelli, Ana Lúcia Portella Staub, Arthur Carpeggiani Weber, Jordana Miranda de Souza Silva, Michele Michelin Becker, Thayne Woycinck Kowalski, Marina Siebert, Jonas Alex Morales Saute
10.1038/s44324-024-00033-2	2024	Sex-specific regulation of the cardiac transcriptome by the protein phosphatase 2A regulatory subunit B55α	npj Metabolic Health and Disease	Nicola M. Sergienko, Adam J. Trewin, Helen Kiriazis, Antonia J. A. Raaijmakers, Daniel G. Donner, Victoria C. Garside, K. A. Smith, James R. Bell, Kimberley M. Mellor, Lea M.D. Delbridge, Julie R. McMullen, Kate L. Weeks
10.1101/2024.05.05.592558	2024	Sex-specific regulation of the cardiac transcriptome by the protein phosphatase 2A regulatory subunit B55α	bioRxiv (Cold Spring Harbor Laboratory)	Nicola M. Sergienko, Adam J. Trewin, Helen Kiriazis, Antonia J. A. Raaijmakers, Daniel G. Donner, Victoria C. Garside, K. A. Smith, James R. Bell, Kimberley M. Mellor, Lea M.D. Delbridge, Julie R. McMullen, Kate L. Weeks
10.1016/j.ebiom.2024.105163	2024	Sialic acid blockade inhibits the metastatic spread of prostate cancer to bone	EBioMedicine	Kirsty Hodgson, Margarita Orozco‐Moreno, Emily Archer Goode, Matthew L. Fisher, Rebecca Garnham, Richard Beatson, Helen Turner, Karen E. Livermore, Yuhan Zhou, Laura Wilson, Eline A. Visser, Johan F. A. Pijnenborg, Nienke Eerden, Sam J. Moons, Emiel Rossing, Gerald Hysenaj, Rashi Krishna, Ziqian Pen
10.3390/ijms252011169	2024	Single Nuclei Transcriptomics Reveals Obesity-Induced Endothelial and Neurovascular Dysfunction: Implications for Cognitive Decline	International Journal of Molecular Sciences	Dragan Milenković, Saivageethi Nuthikattu, Jennifer Norman, Amparo C. Villablanca
10.21203/rs.3.rs-4623838/v1	2024	Single specimen genome assembly of Culicoides stellifer shows evidence of a non-retroviral endogenous viral element	Research Square	Jessica Castellanos‐Labarcena, Yoamel Milián‐García, Tyler A. Elliott, Dirk Steinke, Robert Hanner, Sarah J. Adamowicz
10.1111/pbi.14340	2024	Site‐directed genotype screening for elimination of antinutritional saponins in quinoa seeds identifies TSARL1 as a master controller of saponin biosynthesis selectively in seeds	Plant Biotechnology Journal	Mai Duy Luu Trinh, Davide Visintainer, Jan Günther, Jeppe Thulin Østerberg, Rute R. da Fonseca, Sara Fondevilla, Max William Moog, Guangbin Luo, Anton Frisgaard Nørrevang, Christoph Crocoll, Philip V. Nielsen, Sven‐Erik Jacobsen, Toni Wendt, Søren Bak, Rosa L. López‐Marqués, Michael Broberg Palmgren
10.1145/3663742.3663971	2024	Smart Science Needs Linked Open Data with a Dash of Large Language Models and Extended Relations		Hasan M. Jamil
10.1016/j.actbio.2024.05.033	2024	Soft extracellular matrix drives endoplasmic reticulum stress-dependent S quiescence underlying molecular traits of pulmonary basal cells	Acta Biomaterialia	Pierre‐Alexandre Laval, Marie Piecyk, Paul Le Guen, Mirela Diana Ilie, Aubepart Marion, Joëlle Fauvre, Isabelle Coste, Toufic Renno, Nicolas Aznar, Céline Hadji, Camille Migdal, Cédric Duret, Philippe Bertolino, Carole Ferraro‐Peyret, Alice Nicolas, Cédric Chaveroux
10.1101/2024.05.30.596434	2024	Solu – a Cloud Platform for Real-Time Genomic Pathogen Surveillance	bioRxiv (Cold Spring Harbor Laboratory)	Timo J Moilanen, Kerkko Visuri, Jonatan Lehtinen, Irene Ortega-Sanz, Jacob Lucas Steenwyk, Samuel Sihvonen
10.1038/s41416-024-02882-6	2024	Spatial analysis by current multiplexed imaging technologies for the molecular characterisation of cancer tissues	British Journal of Cancer	Takashi Semba, Takatsugu Ishimoto
10.1007/978-1-0716-3581-0_20	2024	Species Delimitation and Exploration of Species Partitions with ASAP and LIMES	Methods in molecular biology	Nicolas Puillandre, Aurélien Miralles, Sophie Brouillet, Alexander E. Fedosov, Frank Fischell, Stefanos Patmanidis, Miguel Vences
10.1242/dev.202719	2024	Specification and survival of post-metamorphic branchiomeric neurons in a non-vertebrate chordate	Development	Eduardo D. Gigante, Katarzyna M. Piekarz, Alexandra Gurgis, Leslie E. Cohen, Florian Razy‐Krajka, Sydney Popsuj, Christopher Jay Johnson, Hussan S. Ali, Shruthi Mohana Sundaram, Alberto Stolfi
10.1371/journal.pbio.3002555	2024	Specification of distinct cell types in a sensory-adhesive organ important for metamorphosis in tunicate larvae	PLoS Biology	Christopher Jay Johnson, Florian Razy‐Krajka, Fan Zeng, Katarzyna M. Piekarz, Shweta Biliya, Ute Rothbächer, Alberto Stolfi
10.1145/3652892.3700750	2024	SpotVerse: Optimizing Bioinformatics Workflows with Multi-Region Spot Instances in Galaxy and Beyond		Myungjun Son, Gulsum Gudukbay Akbulut, Mahmut Kandemir
10.1101/2024.07.29.605485	2024	Stromal KITL/SCF promotes pancreas tissue homeostasis and restrains tumor progression	bioRxiv (Cold Spring Harbor Laboratory)	Maria Kathrina Oñate, Chet Huan Oon, Sohinee Bhattacharyya, Vivien Low, Canping Chen, Xiao‐Fan Zhao, Ziqiao Yan, Yan Hang, Seung K. Kim, Zheng Xia, Mara H. Sherman
10.1126/science.adl5816	2024	Structural insights into the human NuA4/TIP60 acetyltransferase and chromatin remodeling complex	Science	Zhenlin Yang, Amel Mameri, Claudia Cattoglio, Catherine Lachance, Alfredo Jose Florez Ariza, Jie Luo, Jonathan Humbert, Deepthi Sudarshan, Arul Banerjea, Maxime Galloy, Amélie Fradet‐Turcotte, Jean‐Philippe Lambert, Jeffrey A. Ranish, Jacques Côté, Eva Nogales
10.1089/apb.2023.0035	2024	Substitution Attacks: A Catalyst to Reframe the DNA Manufacturing Cyberbiosecurity Landscape in the Age of Benchtop Synthesizers	Applied Biosafety	Laura Adam, George H. McArthur
10.3390/cells13020114	2024	Synaptopodin Regulates Denervation-Induced Plasticity at Hippocampal Mossy Fiber Synapses	Cells	Pia Kruse, Gudrun Brandes, Hanna Hemeling, Zhong Huang, Christoph Wrede, Jan Hegermann, Andreas Vlachos, Maximilian O. Lenz
10.1101/2024.03.22.586311	2024	Synthetic genome modules designed for programmable silencing of functions and chromosomes	bioRxiv (Cold Spring Harbor Laboratory)	Xinyu Lu, William M Shaw, Anima Sutradhar, Giovanni Stracquadanio, Tom Ellis
10.1161/circresaha.123.324202	2024	TRIM35 Monoubiquitinates H2B in Cardiac Cells, Implications for Heart Failure	Circulation Research	Maria Areli Lorenzana Carrillo, Saymon Tejay, Joseph Nanoa, Guocheng Huang, Yongsheng Liu, Alois Haromy, Yuan Zhao, Michelle Mendiola Pla, Dawn E. Bowles, Adam S. Kinnaird, Evangelos D. Michelakis, Gopinath Sutendra
10.1093/nar/gkae520	2024	TRMT10A dysfunction perturbs codon translation of initiator methionine and glutamine and impairs brain functions in mice	Nucleic Acids Research	Roland Tresky, Yuta Miyamoto, Yu Nagayoshi, Yasushi Yabuki, Kimi Araki, Yukie Takahashi, Yoshihiro Komohara, Huicong Ge, Kayo Nishiguchi, Takaichi Fukuda, Hitomi Kaneko, Nobuko Maeda, Jin Matsuura, Shintaro Iwasaki, Kourin Sakakida, Norifumi Shioda, Fan‐Yan Wei, Kazuhito Tomizawa, Takeshi Chujo
10.1101/2024.11.17.623984	2024	Targeted DNA ADP-ribosylation triggers templated repair in bacteria and base mutagenesis in eukaryotes	bioRxiv (Cold Spring Harbor Laboratory)	Constantinos Patinios, Constantinos Patinios, Darshana Gupta, Darshana Gupta, Harris V. Bassett, Harris V. Bassett, Scott P. Collins, Charlotte Kamm, Anuja Kibe, Yanyan Wang, Chengsong Zhao, Katie Vollen, Christophe Toussaint, Kathryn M. Polkoff, Thuan L. Nguyen, Irene Calvin, Angela Migur, Ibrahim 
10.1007/s00018-024-05239-7	2024	Telomerase is essential for cardiac differentiation and sustained metabolism of human cardiomyocytes	Cellular and Molecular Life Sciences	Shambhabi Chatterjee, Megan Leach-Mehrwald, Cheng-Kai Huang, Ke Xiao, Maximilian M. Fuchs, Mandy Otto, Dongchao Lu, Dang Vinh Do, Thomas  H. Winkler, Cynthia E. Dunbar, Thomas Thum, Christian Bär
10.1021/acs.analchem.4c02835	2024	The Addition of Transcriptomics to the Bead-Enabled Accelerated Monophasic Multi-Omics Method: A Step toward Universal Sample Preparation	Analytical Chemistry	Joshua D. Breidenbach, Emilio S. Rivera, Tara Harvey, Abigale S. Mikolitis, Chi Yen Tseng, Claire K. Sanders, Emilia A. Solomon, Cheryl D. Gleasner, M. Grace Thornhill, Kes A Luchini, Ethan M. McBride, Brett R. Blackwell, Erick S. LeBrun, Phillip M. Mach, Trevor Glaros
10.1021/acs.jafc.3c07935	2024	The Anti-inflammatory Potential of a Strain of Probiotic Bifidobacterium pseudocatenulatum G7: In Vitro and In Vivo Evidence	Journal of Agricultural and Food Chemistry	Yukun Sun, Jiazhi Zhou, Hengjun Du, Z. C. Zhou, Yanhui Han, Minna Luo, Xiaojing Guo, Min Jung Gu, Huqing Yang, Hang Xiao
10.21203/rs.3.rs-3848978/v1	2024	The Cardinium wins on Wolbachia in double-infected mite cultures	Research Square	Eliska Tresnakova, Eliza Głowska, Jan Hubert
10.3390/ijms25031814	2024	The Development and Characterisation of ssDNA Aptamers via a Modified Cell-SELEX Methodology for the Detection of Human Red Blood Cells	International Journal of Molecular Sciences	Hayley Costanzo, James Gooch, Sireethorn Tungsirisurp, Nunzianda Frascione
10.1371/journal.pone.0304842	2024	The Entamoeba histolytica Vps26 (EhVps26) retromeric protein is involved in phagocytosis: Bioinformatic and experimental approaches	PLoS ONE	Diana Martínez-Valencia, Cecilia Bañuelos, Guillermina García‐Rivera, Daniel Talamás‐Lara, Esther Orozco
10.3390/pathogens13111001	2024	The Evolution of Wisteria Vein Mosaic Virus: A Case Study Approach to Track the Emergence of New Potyvirus Threats	Pathogens	Massimiliano Morelli, Giusy D’Attoma, Pasquale Saldarelli, A. Minafra
10.1093/nar/gkae410	2024	The Galaxy platform for accessible, reproducible, and collaborative data analyses: 2024 update	Nucleic Acids Research	The Galaxy Community, Linelle Ann L Abueg, Enis Afgan, Olivier Allart, Ahmed Awan, Wendi Bacon, Dannon Baker, Madeline E. Bassetti, Bérénice Batut, Matthias Bernt, Daniel Blankenberg, Aureliano Bombarely, Anthony Bretaudeau, Catherine J. Bromhead, Melissa L. Burke, Patrick K. Capon, Martin Čech, Mar
10.3390/nu16070942	2024	The Human Gut and Dietary Salt: The Bacteroides/Prevotella Ratio as a Potential Marker of Sodium Intake and Beyond	Nutrients	Omololu Fagunwa, Kirsty Davies, Jane Bradbury
10.1101/2024.06.13.598836	2024	The L,D-transpeptidation pathway is inhibited by antibiotics of the β-lactam class in Clostridioides difficile	bioRxiv (Cold Spring Harbor Laboratory)	Ana M. Oliveira Paiva, Pascal Courtin, Glenn Charpentier, Olga A. Soutourina, Marie‐Pierre Chapot‐Chartier, Johann Peltier
10.1167/iovs.65.6.33	2024	The LCHADD Mouse Model Recapitulates Early-Stage Chorioretinopathy in LCHADD Patients	Investigative Ophthalmology & Visual Science	Shannon J. Babcock, Allison G. Curtis, Garen D. Gaston, Gabriela Elizondo, Melanie B. Gillingham, Renee C. Ryals
10.1007/s11540-024-09772-7	2024	The Sprout Inhibitor 1,4-Dimethylnaphthalene Results in Common Gene Expression Changes in Potato Cultivars with Varying Dormancy Profiles	Potato Research	Emily P. Dobry, Michael Campbell
10.3390/v16111773	2024	The Transcriptional Program of Staphylococcus aureus Phage K Is Affected by a Host rpoC Mutation That Confers Phage K Resistance	Viruses	Rohit R. Kongari, Melissa D. Ray, Susan M. Lehman, Roger D. Plaut, Deborah M. Hinton, Scott Stibitz
10.1128/mra.00579-24	2024	The Trypanosoma brucei tRNA methylome	Microbiology Resource Announcements	Kevin T. Militello
10.4995/thesis/10251/205692	2024	The Two Genomes of Gilthead Sea Bream (Sparus aurata): a Multi-Omics and Holobiont Approach		Fernando Naya Català
10.1038/s44319-024-00300-9	2024	The USP12/46 deubiquitinases protect integrins from ESCRT-mediated lysosomal degradation	EMBO Reports	Kaikai Yu, Guan M. Wang, Shiny Shengzhen Guo, Florian C. Bassermann, Reinhard Faessler
10.1101/2024.05.14.594138	2024	The USP12/46 deubiquitinases protect integrins from ESCRT-mediated lysosomal degradation	bioRxiv (Cold Spring Harbor Laboratory)	Kaikai Yu, Shiny S. Guo, Florian C. Bassermann, Reinhard Fässler, Guan M. Wang
10.1093/toxsci/kfae094	2024	The brominated flame retardant hexabromocyclododecane causes systemic changes in polyunsaturated fatty acid incorporation in mouse lipids	Toxicological Sciences	Naomi E. Kramer, Jacob Siracusa, Hannah Xu, Lillie Marie A. Barnett, Morgan C. Finnerty, Tai Liang Guo, John J. Wagner, Franklin E. Leach, Brian S. Cummings
10.7717/peerj.18255	2024	The complete mitochondrial DNA of the carnivorous sponge Lycopodina hypogea is putatively complemented by microDNAs	PeerJ	Thiago Silva de Paula, Dora de Moura Barbosa Leite, Gisele Lôbo‐Hajdu, Jean Vacelet, Fabiano Lopes Thompson, Eduardo Hajdu
10.1016/j.genrep.2024.102081	2024	The complete mitochondrial genome of Dama dama, and their phylogenetic relationships to other Cervidae	Gene Reports	Rebecca Barnard, Judith A. Smith
10.1080/23802359.2024.2399926	2024	The complete mitochondrial genome of Triplophysa grahami Regan 1906 (Cypriniformes: Nemacheilidae) and phylogenetic analysis	Mitochondrial DNA Part B	Mei Xu, Jian Zhang, Jianyu Song, Zifang Zhang, Junjie Wu
10.1093/nar/gkae658	2024	The cullin Rtt101 promotes ubiquitin-dependent DNA−protein crosslink repair across the cell cycle	Nucleic Acids Research	Audrey Noireterre, Julien Soudet, Ivona Bagdiul, Françoise Stutz
10.1101/2024.12.04.626843	2024	The evolution of pectate lyase-like genes across land plants, and their roles in haustorium formation in parasitic plant, Triphysaria versicolor (Orobanchaceae)	bioRxiv (Cold Spring Harbor Laboratory)	Huiting Zhang, Eric K. Wafula, Elizabeth A. Kelly, Itsuhiro Ko, Alan E. Yocca, P. C. G. Bandaranayake, Zhenzhen Yang, Daniel B. Steele, John I. Yoder, Loren A. Honaas, Claude W. dePamphilis
10.1016/j.cell.2024.05.057	2024	The extracellular matrix integrates mitochondrial homeostasis	Cell	Hanlin Zhang, C. Kimberly Tsui, Gilberto Garcia, Larry K. Joe, Haolun Wu, Ayane Maruichi, Wudi Fan, Sentibel Pandovski, Peter H. Yoon, Brant Michael Webster, Jenni Durieux, Phillip Andrew Frankino, Ryo Higuchi‐Sanabria, Andrew Dillin
10.1016/j.envint.2024.108974	2024	The fate of antibiotics and antibiotic resistance genes in Large-Scale chicken farm Environments: Preliminary view of the performance of National veterinary Antimicrobial use reduction Action in Guangdong, China	Environment International	Yu Pan, Jiaxiong Zeng, Lingxuan Zhang, Jianxin Hu, Haihong Hao, Zhenling Zeng, Yafei Li
10.1007/s10493-024-00943-2	2024	The first complete mitochondrial genome of the genus Laelaps with novel gene arrangement reveals extensive rearrangement and phylogenetics in the superfamily Dermanyssoidea	Experimental and Applied Acarology	Bili Yuan, Gangxian He, Wenge Dong
10.1016/j.cell.2024.07.017	2024	The fork protection complex promotes parental histone recycling and epigenetic memory	Cell	Sebastian Jespersen Charlton, Valentin Flury, Yutaka Kanoh, Aitana Victoria Genzor, Leonie Kollenstart, Wantong Ao, Peter Brøgger, Melanie Bianca Weisser, Marek Adamus, Nicolás Alcaraz, Charlotte M. Delvaux de Fenffe, Francesca Mattiroli, Guillermo Montoya, Hisao Masai, Anja Groth, Geneviève Thon
10.1111/acv.12971	2024	The future is here: an easy‐to‐use toolkit for integrating genetics into conservation management	Animal Conservation	Carolyn J. Hogg, Katherine A. Farquharson, Parice A. Brandies, Luke W. Silver, Kym M. Ottewell, Elspeth A. McLennan, Scott Richmond, Katherine Belov
10.1016/j.cell.2024.06.010	2024	The germline coordinates mitokine signaling	Cell	Koning Shen, Jenni Durieux, Cesar G. Mena, Brant Michael Webster, C. Kimberly Tsui, Hanlin Zhang, Larry Joe, Kristen M Berendzen, Andrew Dillin
10.3324/haematol.2023.283471	2024	The glutamate/aspartate transporter EAAT1 is crucial for T-cell acute lymphoblastic leukemia proliferation and survival	Haematologica	Vesna S. Stanulović, Shorog Al Omair, Michelle A.C. Reed, Jennie Roberts, Sandeep Potluri, Taylor Fulton-Ward, Nancy H. Gudgeon, Emma L. Bishop, Juliette Roels, Tracey Perry, Sovan Sarkar, Guy Pratt, Tom Taghon, Sarah Dimeloe, Ulrich L. Günther, Christian U. Ludwig, Maarten Hoogenkamp
10.1093/treephys/tpae008	2024	The impact of insect egg deposition on Pinus sylvestris transcriptomic and phytohormonal responses to larval herbivory	Tree Physiology	Janik Hundacker, Tom Linda, Monika Hilker, Vivien Lortzing, Norbert Bittner
10.1101/2024.01.30.578080	2024	The integration of tandem gene repeats via a bacterial type-II toxin-antitoxin-mediated gene amplification (ToxAmp) system and stability visualisation in Saccharomyces cerevisiae	bioRxiv (Cold Spring Harbor Laboratory)	Sam Weiss Evans, Zeyu Mike Lu, Liam McDonnell, Will Anderson, Francisco Tomas Peralta, Tyson Watkins, Hafna Ahmed, Carlos H. Luna‐Flores, Thomas D. Loan, Laura Navone, Matt Trau, Colin Stephen Scott, Robert E. Speight, Claudia E. Vickers, Bingyin Peng
10.1016/j.jgg.2024.12.014	2024	The lawc gene emerged de novo from conserved genomic elements and acquired a broad expression pattern in Drosophila	Journal of genetics and genomics/Journal of Genetics and Genomics	Roman O. Cherezov, Yu. E. Vorontsova, Elena E. Kuvaeva, Angelina A. Akishina, Ekaterina L. Zavoloka, Olga B. Simonova
10.1101/2024.08.29.610239	2024	The lincRNA Pantr1 is a FOXG1 target gene conferring site-specific chromatin binding of FOXG1	bioRxiv (Cold Spring Harbor Laboratory)	Fabian Gather, Tudor Rauleac, Ipek Akol, Ganeshkumar Arumugam, Camila L. Fullio, Teresa Müller, Dimitrios Kleidonas, André Fischer, Andreas Vlachos, Rolf Backofen, Tanja Vogel
10.1186/s12964-024-01899-x	2024	The multifaceted role of mitochondria in cardiac function: insights and approaches	Cell Communication and Signaling	Sriram Ravindran, Christoph Daniel Rau
10.1038/s41586-024-07822-1	2024	The periosteum provides a stromal defence against cancer invasion into the bone	Nature	Kazutaka Nakamura, Masayuki Tsukasaki, Takaaki Tsunematsu, Minglu Yan, Yutaro Ando, Nam Cong‐Nhat Huynh, Kyoko Hashimoto, Qiao Gou, Ryunosuke Muro, Ayumi Itabashi, Takahiro Iguchi, Kazuo Okamoto, Takashi Nakamura, Kenta Nakano, Tadashi Okamura, Tomoya Ueno, Kosei Ito, Naozumi Ishimaru, Kazuto Hoshi,
10.1101/2024.05.30.596672	2024	The pioneer transcription factor Zelda facilitates the exit from regeneration and restoration of patterning in Drosophila	bioRxiv (Cold Spring Harbor Laboratory)	Anish Bose, Keaton Schuster, Chandril Kodali, Surabhi Sonam, Rachel K. Smith-Bolton
10.21203/rs.3.rs-3888247/v1	2024	The prenatal nicotine exposure leads to epigenetic alterations in nervous system signaling genes in the rat	Research Square	Jose Antonio Muriel Muriel, Ouzna Dali, Ana Vargas Baco, Sergei G. Tevosian, Linda F. Hayward, Jasenka Zubcevic, Fatima O. Smagulova
10.1080/23802359.2024.2377170	2024	The published complete mitochondrial genome of Blue-fronted Redstart ( Phoenicurus frontalis ) is a chimera and includes DNA from Pink-rumped Rosefinch Carpodacus waltoni eos (Aves: Passeriformes)	Mitochondrial DNA Part B	George Sangster, Jolanda A. Luksenburg
10.1038/s41467-024-53980-1	2024	The role of the essential GTPase ObgE in regulating lipopolysaccharide synthesis in Escherichia coli	Nature Communications	Liselot Dewachter, Babette Deckers, Israel Mares‐Mejía, Elen Louwagie, Silke Vercauteren, Paul Matthay, Simon Brückner, Anna‐Maria Möller, Franz Narberhaus, Sibylle Chantal Vonesch, Wim Versées, J.-F. Michiels
10.1002/1873-3468.14850	2024	The scorpion toxin BeKm‐1 blocks hERG cardiac potassium channels using an indispensable arginine residue	FEBS Letters	Iana I. Zavarzina, Alexey I. Kuzmenkov, Nikita A. Dobrokhotov, Ekaterina E. Maleeva, Yuliya V. Korolkova, Steve Peigneur, Jan Tytgat, Nikolay A. Krylov, Alexander A. Vassilevski, Anton O. Chugunov
10.1007/s15010-024-02229-6	2024	The yeast genus Tardiomyces gen. nov. with one new species and two new combinations	Infection	Bram Spruijtenburg, Bruna Jacomel Favoreto de Souza Lima, Sonia T. Granadillo Tosar, Andrew M. Borman, Cecilie Torp Andersen, Summiya Nizamuddin, Suhail Ahmad, João Nóbrega de Almeida, Vânia Aparecida Vicente, Joshua Daniel Nosanchuk, Jochem B. Buil, Sybren de Hoog, Eelco F. J. Meijer, Jacques F. G.
10.1016/j.virol.2024.110210	2024	Three-fold expansion of the genetic diversity of blunerviruses through plant (meta)transcriptome data-mining	Virology	T. Sudharshan Reddy, V. Kavi Sidharthan
10.1038/s41577-024-01073-x	2024	Towards a unifying model for B-cell receptor triggering	Nature reviews. Immunology	Søren Egedal Degn, Pavel Tolar
10.21203/rs.3.rs-4607744/v1	2024	Trained Immunity Generated by the Recombinant Zoster Vaccine	Research Square	Adriana Weinberg, Michael Joseph Johnson, Megan Crotteau, Debashis Ghosh, Thao Vu, Myron J. Levin
10.2139/ssrn.4885550	2024	Transcriptional Responses Induced in Erwinia Amylovora by Zinc Oxide Nanostructures (Nezno) and Impact Assessment of Nezno on Soil Bacterial Diversity in Apple Orchards	SSRN Electronic Journal	Aurora Araiza‐Campos, Dayana Elizabeth Salas-Leiva, Alejandro Romo‐Chacón, Antonia Luna‐Velasco, Dariel Tovar‐Ramírez, Guillermo  Manuel Herrera-Pérez, Francisco Paraguay‐Delgado, Erasmo Orrantia‐Borunda, Joan S. Salas‐Leiva
10.3389/fcimb.2023.1285676	2024	Transcriptional profiling specifies the pathogen-specific human host response to infectious keratitis	Frontiers in Cellular and Infection Microbiology	Thabo Lapp, Paola Kammrath Betancor, Günther Schlunck, Claudia Auw-Hädrich, Philip Christian Maier, Clemens Lange, Thomas Reinhard, Julian Wolf
10.1101/2024.12.20.629602	2024	Transcriptional responses to in vitro macrocyclic lactone exposure in Toxocara canis larvae using RNA-seq	bioRxiv (Cold Spring Harbor Laboratory)	Theresa A. Quintana, Matthew T. Brewer, Jeba R. J. Jesudoss Chelladurai
10.1101/2024.05.28.594130	2024	Transcriptome Analysis Identified SPP1+ Monocytes as a Key in Extracellular Matrix Formation in Thrombi	bioRxiv (Cold Spring Harbor Laboratory)	Takaya Kitano, Tsutomu Sasaki, Takahiro Matsui, Masaharu Kohara, Kotaro Ogawa, Todo Kenichi, Hajime Nakamura, Yuri Sugiura, Yuki Shimada, Shuhei Okazaki, Junichi Iida, Kohki Shimazu, Eiichi Morii, Manabu Sakaguchi, Masami Nishio, Masaru Yokoe, Haruhiko Kishima, Hideki Mochizuki
10.1007/s11030-024-11041-1	2024	Transcriptome and interactome-based analyses to unravel crucial proteins and pathways involved in Acinetobacter baumannii pathogenesis	Molecular Diversity	Aishwarya Swain, Smruti Sikha Senapati, Archana Pan
10.21248/gups.86267	2024	Transcriptome-wide functions of the RNA-binding protein PURA in health and disease		Melina Klostermann
10.1007/978-1-0716-3778-4_15	2024	Transcriptomic Data Analysis Using the Galaxy Platform: Coffee (Coffea arabica L.) Flowers as Example	Methods in molecular biology	Thiely Patricia Fabian Dos Santos, Elodia Sánchez-Barrantes, Luiz Filipe Protásio Pereira, Andrés Gatica-Arias
10.1002/ece3.70365	2024	Transcriptomic Signature of Spatial Navigation in Brains of Desert Ants	Ecology and Evolution	Luisa Maria Jaimes‐Nino, Adi Bar, Aziz Subach, Marah Stoldt, Romain Libbrecht, Inon Scharf, Susanne Foitzik
10.31742/isgpb.84.1.11	2024	Transcriptomic analysis of almond (Prunus dulcis) cultivars with differential flowering time	Indian Journal of Genetics and Plant Breeding (The)	Javed Iqbal Mir, Susheel Kumar Raina, Om  Chand Sharma, Sunil Neelam, Sajad- Un-Nabi, Salwee Yasmeen, Sheikh M. Sultan
10.1186/s13041-024-01153-y	2024	Transcriptomic and de novo proteomic analyses of organotypic entorhino-hippocampal tissue cultures reveal changes in metabolic and signaling regulators in TTX-induced synaptic plasticity	Molecular Brain	Maximilian O. Lenz, Paul Turko, Pia Kruse, Amelie Eichler, Zhuo Angel Chen, Juri Rappsilber, Imre Vida, Andreas Vlachos
10.1016/j.nbd.2024.106441	2024	Transcriptomic evaluation of tau and TDP-43 synergism shows tauopathy predominance and reveals potential modulating targets	Neurobiology of Disease	Vaishnavi Jadhav, Jade G. Stair, Randall J. Eck, Samuel N. Smukowski, Heather N. Currey, Laura Garcia Toscano, Joshua C. Hincks, Caitlin S. Latimer, Paul N. Valdmanis, Brian C. Kraemer, Nicole F. Liachko
10.3389/fgene.2024.1375481	2024	Translation of genome-wide association study: from genomic signals to biological insights	Frontiers in Genetics	Winter S. Bruner, Struan F.A. Grant
10.1371/journal.pbio.3002887	2024	Translation of zinc finger domains induces ribosome collision and Znf598-dependent mRNA decay in zebrafish	PLoS Biology	Kota Ishibashi, Yuichi Shichino, Peixun Han, Kimi Wakabayashi, Mari Mito, Toshifumi Inada, Seisuke Kimura, Shintaro Iwasaki, Yuichiro Mishima
10.3390/ijms25094685	2024	Trophic Position of the White Worm (Enchytraeus albidus) in the Context of Digestive Enzyme Genes Revealed by Transcriptomics Analysis	International Journal of Molecular Sciences	Łukasz Gajda, Agata Daszkowska‐Golec, Piotr Świątek
10.1016/j.marenvres.2024.106627	2024	Trophic plasticity of a tropical seabird revealed through DNA metabarcoding and stable isotope analyses	Marine Environmental Research	Vladislav Marcuk, Alberto Piña‐Ortiz, José Alfredo Castillo‐Guerrero, Juan F. Masello, Paco Bustamante, Sven Griep, Petra Quillfeldt
10.20944/preprints202401.1679.v1	2024	Two Novel Betarhabdovirids Infecting Ornamental Plants and the Peculiar Intracellular Behavior of the Cytorhabdovirus in the Liana Aristolochia gibertii	Preprints.org	Pedro Luis Ramos‐González, M. A. V. Alexandre, Matheus Potsclam-Barro, L. M. L. Duarte, Gianluca L. Michea Gonzalez, Camila Chabi‐Jesus, Alyne F. Ramos, Ricardo Harakava, Harri Lorenzi, Juliana Freitas‐Astúa, Elliot Watanabe Kitajima
10.3390/v16030322	2024	Two Novel Betarhabdovirins Infecting Ornamental Plants and the Peculiar Intracellular Behavior of the Cytorhabdovirus in the Liana Aristolochia gibertii	Viruses	Pedro Luis Ramos‐González, M. A. V. Alexandre, Matheus Potsclam-Barro, L. M. L. Duarte, Gianluca L. Michea Gonzalez, Camila Chabi‐Jesus, Alyne F. Ramos, Ricardo Harakava, Harri Lorenzi, Juliana Freitas‐Astúa, Elliot Watanabe Kitajima
10.1038/s44320-024-00039-4	2024	Uncovering the dynamics and consequences of RNA isoform changes during neuronal differentiation	Molecular Systems Biology	Jelena Ulićević, Zhihao Shao, Olga Jasnovidova, Annkatrin Bressin, Martyna Gajos, Alex H. M. Ng, Siddharth Annaldasula, David Meierhofer, George M. Church, Volker Busskamp, Andreas Mayer
10.1007/s12602-024-10409-x	2024	Unlocking Probiotic Potential: Genomic Insights into Weissella paramesenteroides UFTM 2.6.1	Probiotics and Antimicrobial Proteins	Beatriz Macedo de Oliveira Rocha, Yasmin Neves Vieira Sabino, Thaı́s Costa de Almeida, Fabio Bignoto Palacio, Isabela Sguilla Rotta, Vanessa Cordeiro Dias, Vânia Lúcia da Silva, Cláudio Galuppo Diniz, Vasco Azevedo, Bertram Brenig, Siomar de Castro Soares, Aline Dias Paiva, Julliane Dutra Medeiros, 
10.1016/j.gene.2024.148669	2024	Unlocking the growth-promoting and antagonistic power: A comprehensive whole genome study on Bacillus velezensis strains	Gene	Tairine Graziella Ercole, Vanessa Merlo Kava, Desirrê Alexia Lourenço Petters‐Vandresen, Maria Eduarda Nassif Gomes, Rodrigo Aluízio, Renan Augusto Ribeiro, Mariangela Hungría, Lygia Vitoria Galli
10.1016/j.envpol.2024.124400	2024	Unraveling the molecular mechanisms of fish physiological response to freshwater salinization: A comparative multi-tissue transcriptomic study in a river polluted by potash mining	Environmental Pollution	Camilo Escobar-Sierra, Miguel Cañedo‐Argüelles, Dolors Vinyoles, Kathrin P. Lampert
10.3390/ijms26010067	2024	Unusual Genomic and Biochemical Features of Paenarthrobacter lasiusi sp. nov—A Novel Bacterial Species Isolated from Lasius niger Anthill Soil	International Journal of Molecular Sciences	Alexandra A. Dymova, Maxim A. Kovalev, Artemiy Silantyev, Anna A. Borzykh, Pamila J. Osipova, Svetlana V. Poddubko, Vladimir A. Mitkevich, Dmitry S. Karpov, Н. В. Костина
10.1007/s00284-024-03784-9	2024	Unveiling Agricultural Biotechnological Prospects: The Draft Genome Sequence of Stenotrophomonas geniculata LGMB417	Current Microbiology	Tairine Graziella Ercole, Vanessa Merlo Kava, Desirrê Alexia Lourenço Petters‐Vandresen, Renan Augusto Ribeiro, Mariangela Hungría, Lygia Vitoria Galli
10.3389/fevo.2024.1372284	2024	Unveiling soil bacterial ecosystems in andean citrus orchards of Santander, Colombia	Frontiers in Ecology and Evolution	Genis Castillo‐Villamizar, Valentina Tapia-Perdomo, Julieth Maldonado-Pava, Pedro Santamaría-Gálvis, Lizbeth Sayavedra, Jorge Hernández‐Torres, Edinson Puentes-Cala
10.1101/2024.11.01.24316521	2024	Using Genetics, Genomics, and Transcriptomics to Identify Therapeutic Targets in Juvenile Idiopathic Arthritis	medRxiv	Evan Tarbell, James N. Jarvis
10.1093/gigascience/giae065	2024	V-pipe 3.0: a sustainable pipeline for within-sample viral genetic diversity estimation	GigaScience	Lara Fuhrmann, Kim Philipp Jablonski, Ivan Topolsky, Aashil A. Batavia, Nico Borgsmüller, Pelin Icer Baykal, Matteo Carrara, Chaoran Chen, Arthur Dondi, Monica Dragan, David Dreifuss, Anika John, Benjamin Langer, Michal J. Okoniewski, Louis du Plessis, Uwe Schmitt, Franziska Singer, Tanja Stadler, N
10.1007/978-1-0716-3838-5_19	2024	VEuPathDB Resources: A Platform for Free Online Data Exploration, Integration, and Analysis	Methods in molecular biology	Omar S. Harb, Mary Ann McDowell, David S. Roos
10.1101/2024.05.31.596161	2024	Versatile roles of Annexin A4 in ccRCC: impact on membrane repair, transcriptional signatures, and composition of the tumor microenvironment	bioRxiv (Cold Spring Harbor Laboratory)	Maximilian Wess, Manuel Rogg, Constance Gueib-Picard, Annika Merz, Anna L. Koessinger, Tobias Feilen, Grigor Andreev, Martin Werner, Ian J. Frew, Markus Tobias Grabbert, Oliver Schilling, Christoph Schell
10.1016/j.chom.2024.07.006	2024	Viral hijacking of hnRNPH1 unveils a G-quadruplex-driven mechanism of stress control	Cell Host & Microbe	Philipp Schult, Beate Mareike Kümmerer, Markus Hafner, Katrin Paeschke
10.7717/peerj.18321	2024	Viral metagenomic investigation of two Caribbean echinoderms, Diadema antillarum (Echinoidea) and Holothuria floridana (Holothuria)	PeerJ	Ian Hewson, Marilyn E. Brandt, Kayla A. Budd, Mya Breitbart, Christopher M. DeRito, Samuel Gittens, Michael W. Henson, Alwin Hylkema, Moriah Sevier, Matthew Souza, Brayan Vilanova-Cuevas, Sarah D. Von Hoene
10.1093/bioinformatics/btae018	2024	ViralWasm: a client-side user-friendly web application suite for viral genomics	Bioinformatics	Daniel Ji, Robert Aboukhalil, Niema Moshiri
10.1094/pbiomes-03-24-0030-fi	2024	Virome Scanning of Pear Germplasm Collections Identifies a New Velarivirus and Extends the Geographical Spread of Three Other Pear Viruses	Phytobiomes Journal	Núria Fontdevila Pareta, Carole Gailly, Arnaud G. Blouin, Beatrix Buchmann, Markus Buenter, Thierry Candresse, Nathalie Dubuis, Denis Kutnjak, Marc Lateur, Anja Pecman, Stéphan Steyer, Sébastien Massart
10.1093/gigascience/giae054	2024	Web of venom: exploration of big data resources in animal toxin research	GigaScience	Giulia Zancolli, Björn M. von Reumont, Gregor Anderluh, Figen Çalışkan, Maria Luisa Chiusano, J. Frohlich, Evroula Hapeshi, Benjamin-Florian Hempel, Maria P. Ikonomopoulou, Florence Jungo, P. Marchot, Tarcisio Mendes de Farias, Maria Vittoria Modica, Yehu Moran, Ayşe Nalbantsoy, Jan Procházka, Andre
10.1093/genetics/iyae035	2024	What is new in FungiDB: a web-based bioinformatics platform for omics-scale data analysis for fungal and oomycete species	Genetics	Evelina Y. Basenko, Achchuthan Shanmugasundram, Ulrike Böhme, David Starns, Paul A. Wilkinson, Helen Davison, Kathryn Crouch, Gareth Ll. Maslen, Omar S. Harb, B Kirtley Amos, Mary Ann McDowell, Jessica C. Kissinger, David S. Roos, Andrew R. Jones
10.1080/24701394.2024.2439433	2024	When paleontology meets genomics: complete mitochondrial genomes of two saber-toothed cats’ species (Felidae: Machairodontinae)	Mitochondrial DNA Part A	Igor Henrique Rodrigues‐Oliveira, Iuri Batista da Silva, Renan Rodrigues Rocha, Rafael Augusto Silva Soares, Fabiano Bezerra Menegídio, Caroline Garcia, Rubens Pasa, Karine Frehner Kavalco
10.4142/jvs.24031	2024	Whole genome sequencing analysis on antibiotic-resistant Escherichia coli isolated from pig farms in Banten Province, Indonesia	Journal of Veterinary Science	Hadri Latif, Debby Fadhilah Pazra, Chaerul Basri, I Wayan Teguh Wibawan, Puji Rahayu
10.1016/j.meegid.2024.105600	2024	Whole genome sequencing of uropathogenic E. coli from Ireland reveals diverse resistance mechanisms and strong correlation with phenotypic (EUCAST) susceptibility testing	Infection Genetics and Evolution	Shane Whelan, Francesca Bottacini, Colin Buttimer, Karen Finn, Brigid Lucey
10.1016/j.dsr.2023.104220	2024	Wooden steps to shallow depths: A new bathymodiolin mussel, Vadumodiolus teredinicola, inhabits shipworm burrows in an ancient submarine forest	Deep Sea Research Part I Oceanographic Research Papers	Marvin A. Altamia, Hannah J. Appiah-Madson, Rosalia Falco-Poulin, Bruno Hüettel, Maxim Rubin‐Blum, Nicole Dubilier, Harald R. Gruber‐Vodicka, Nikolaus Leisch, Daniel L. Distel
10.1093/nar/gkae361	2024	asteRIa enables robust interaction modeling between chromatin modifications and epigenetic readers	Nucleic Acids Research	Mara Stadler, Saulius Lukauskas, Till Bartke, Christian L. Müller
10.7554/elife.95185.1.sa3	2024	eLife Assessment: Evaluation of Gremlin-1 as a therapeutic target in metabolic dysfunction-associated steatohepatitis		Timothy E.J. Behrens
10.7554/elife.92345.2.sa3	2024	eLife Assessment: Polysaccharides induce deep-sea Lentisphaerae strains to release chronic bacteriophages		Samuel L. Díaz‐Muñoz
10.1038/s41467-023-44658-1	2024	hnRNP A1 dysfunction alters RNA splicing and drives neurodegeneration in multiple sclerosis (MS)	Nature Communications	Hannah E. Salapa, Patricia A. Thibault, Cole D. Libner, Yulian Ding, Joseph-Patrick W. E. Clarke, Connor Denomy, Catherine Hutchinson, Hashim M. Abidullah, S. Austin Hammond, Landon Pastushok, Frederick S. Vizeacoumar, Michael C. Levin
10.3390/ijms25053055	2024	iBio-GATS—A Semi-Automated Workflow for Structural Modelling of Insect Odorant Receptors	International Journal of Molecular Sciences	Vaanathi Chidambara Thanu, Amara Jabeen, Shoba Ranganathan
10.1073/pnas.2321182121	2024	miR-96-5p expression is sufficient to induce and maintain the senescent cell fate in the absence of stress	Proceedings of the National Academy of Sciences	Fernando Enrique Santiago, Tanvi Adige, Shamsed Mahmud, Xiao Ping Dong, Laura J. Niedernhofer, Paul D. Robbins
10.2174/0113862073316437240426071022	2024	miRNAs Influence m6A RNA Methylation through FTO and IGF2BP2 in Pressure Overload-Induced Heart Failure	Combinatorial Chemistry & High Throughput Screening	Yuanqi Wang, Linghao Xu, Md Sakibur Rahman Tapu, Tiantian Jiao, Xueqi Lin, Wei Song, Liang Wang, Lindong Nie, Jing Cheng, Lijian Xing, Qi Zhang, Qi Zhang, Jiming Li
10.3390/ijms25031673	2024	miRNAs in Heart Development and Disease	International Journal of Molecular Sciences	Estefanía Lozano-Velasco, José Manuel Inácio, Inês Sousa, Ana Rita Guimarães, Diego Alcivar Franco, Gabriela Moura, José António Belo
10.1109/ccgrid64434.2025.00043	2025	A Greedy Consensus-Based Approach to Distributed Job Selection: Toward Fully-Decentralized Workload Management System		Komal Thareja, Krishnan Raghavan, Anirban Mandal, Paweł Żuk, Imtiaz Mahmud, Mariam Kiran, Ewa Deelman
10.1002/cpz1.70231	2025	A Novel NGS‐Based Algorithm for Precise HPV Genotyping and Co‐infection Detection in QCMD Samples and FFPE Tissues	Current Protocols	Natalia Kuriata, Katarzyna Zofia Mazur, Magnús Máni Sæmundarson, Zarko Urosevic, Freyja Valsdóttir, J. Xiao, Brynja Ármannsdóttir, Guðrún Erna Baldvinsdóttir, Arthur Löve, Asgeir Erlendur Ásgeirsson, H Chen
10.1021/acs.jpcb.5c05800	2025	A Putative Interaction between the Transmembrane Domains of Streptococcus pyogenes Sortase A and Its Endogenous Substrate M Protein Revealed by Molecular Dynamics Simulations	The Journal of Physical Chemistry B	Nathan G Avery, Elise F. Tahti, Paul Clinton Spiegel, John M. Antos, James McCarty, Jeanine F. Amacher
10.1109/icst62969.2025.10988959	2025	A Tale from the Trenches: Applying Metamorphic and Differential Testing to Bioinformatics Software		Alexis L. Marsh, Myra B. Cohen, Robert W. Cottingham
10.3390/biomedinformatics5020027	2025	A Tutorial Toolbox to Simplify Bioinformatics and Biostatistics Analyses of Microbial Omics Data in an Island Context	BioMedInformatics	Isaure Quétel, Sourakhata Tirera, Damien Cazenave, Nina Allouch, Chloé Baum, Yann Reynaud, Degrâce Batantou Mabandza, Virginie Nerrière, S. Védy, Matthieu Pot, Sébastien Breurec, Anne Lavergne, Séverine Ferdinand, Vincent Guerlais, David Couvin
10.1186/s12864-025-11794-5	2025	A first nuclear and mitochondrial genomic portrait of Robinson Crusoe’s (Juan Fernández Island) spiny lobster Jasus frontalis (Crustacea: Decapoda: Achelata)	BMC Genomics	A. Baeza, Alyssa M. Baker, Sadia Afrin Kamal, Vincent P. Richards
10.1242/dev.204258	2025	A function of Spalt proteins in heterochromatin organization and maintenance of genomic DNA integrity	Development	Cristina M. Ostalé, Natalia Azpiazu, Ana Peropadre, Mercedes Martín, Mireya Ruiz-Losada, Ana López‐Varea, Rebecca Rodríguez Viales, Charles Girardot, Eileen E. M. Furlong, José Félix de Celis
10.1016/j.ydbio.2025.03.007	2025	A gene regulatory network for specification and morphogenesis of a Mauthner Cell homolog in non-vertebrate chordates	Developmental Biology	Kwantae Kim, Katarzyna M. Piekarz, Alberto Stolfi
10.1128/mra.01221-24	2025	A genome-annotated bacterial collection of the plant food system microbiota	Microbiology Resource Announcements	Laura Pietrantonio, Marion Devers‐Lamrani, Peter Thorpe, Catherine Arnton, Senga Robertson-Albertyn, Castrense Savojardo, Alain Hartmann, Fabrice Martin‐Laurent, James Abbott, Davide Bulgarelli
10.1093/g3journal/jkaf242	2025	A long-read–based de novo assembly of Magallana bilineata for improved tropical oyster aquaculture	G3 Genes Genomes Genetics	Matthew A. Campbell, Luke W. Silver, Nirooparaj Balachandran, Erandi Pathirana, Cara Jeffrey, Monal M. Lal, Wayne A. O’Connor, Carolyn J. Hogg, Joy A. Becker
10.1101/2025.04.07.647596	2025	A modular, immunopeptidogenomic (iPepGen) analysis pipeline for discovery, verification, and prioritization of cancer peptide neoantigen candidates	bioRxiv (Cold Spring Harbor Laboratory)	Subina Mehta, Reid Wagner, Katherine Do, James E. Johnson, Fengchao Yu, Tyler A. Jubenville, Kyle A. Richards, Susan Coleman, Flavia E. Popescu, Alexey I. Nesvizhskii, David A. Largaespada, Pratik Jagtap, Timothy J. Griffin
10.1128/msphere.00879-24	2025	A novel Erwiniaceae gut symbiont modulates gene expression of the intracellular bacterium Cardinium in the stored product mite Tyrophagus putrescentiae	mSphere	Jan Hubert, Eliza Głowska, Scot E. Dowd, Pavel Borisovich Klimov
10.3389/fonc.2025.1571702	2025	A proteotranscriptomic approach to dissect the molecular landscape of human retinoblastoma	Frontiers in Oncology	Julian Wolf, Rozina Ida Hajdú, Stefaniya Boneva, Ira Godbole, Lucas Stürzbecher, Claudia Auw‐Haedrich, Wolf Alexander Lagrèze, Hansjürgen T. Agostini, Thomas Reinhard, Stefan Tholen, Oliver Schilling, Günther Schlunck, Bertram Bengsch, Clemens Lange
10.3897/zookeys.1229.119155	2025	A revision of the hitherto neglected genus Topiris Walker, 1863 (Lepidoptera, Xyloryctidae) with taxonomic notes on the genus Athrypsiastis Meyrick, 1910	ZooKeys	Mark J. Sterling, Benjamin Wills Price, David C. Lees
10.1016/j.bvth.2025.100125	2025	A transgenic mouse model for reticulated platelet detection reveals expansion after myocardial ischemia/reperfusion	Blood Vessels Thrombosis & Hemostasis	Mohammed AA Hamad, Nancy Schanze, Krystin Krauel, Achim Lother, Stefanie Perez‐Feliz, Pia Iaconianni, Mark Zurek, Lama Almushkab, Josef Madl, Marie A. Hollenhorst, Peter Karl Kohl, Thomas G. Nührenberg, Daniel Duerschmied
10.1039/d4fo04697h	2025	A type 4 resistant potato starch alters the cecal microbiome, gene expression and resistance to colitis in mice fed a Western diet based on NHANES data	Food & Function	Elizabeth A. Pletsch, Harry D. Dawson, Lumei Cheung, Jack Ragonese, Celine T Chen, Allen D. Smith
10.1093/nar/gkaf1001	2025	A versatile platform for combinatorial antibody library cloning and NGS-based quality control with high accuracy	Nucleic Acids Research	Zhongyao Zhang, Simon D’Hondt, Rob van der Kant, G Hermans, Nick Geukens, Vitor Bernardes Pinheiro, Joost W. H. Schymkowitz, Frédéric Rousseau, Maarten Dewilde
10.1016/j.celrep.2025.115797	2025	Aberrant phase separation of two PKA RIβ neurological disorder mutants leads to mechanistically distinct signaling deficits	Cell Reports	Emily H. Pool, Alexander G P Glebov-McCloud, Ha Neul Lee, Julia C. Hardy, Valeria Pane, Friedrich W. Herberg, Susan Serota Taylor, Sohum Mehta, Stefan Strack, Jin Zhang
10.1016/j.mad.2025.112061	2025	Actinomyces viscosus promotes neuroprotection in C. elegans models of Parkinson’s disease	Mechanisms of Ageing and Development	G Sophie Ngana, Mercedes A. Di Bernardo, Michael Gordon Surette, Lesley T. MacNeil
10.1242/dev.204770	2025	Activity of the SWI/SNF complex is indispensable for syncytiotrophoblast formation	Development	Henrieta Papúchová, Andreas Lackner, Terezia Vcelkova, Petra Tolp, Sandra Haider, Vasileios Gerakopoulos, Paulina A. Latos
10.1038/s41467-025-60876-1	2025	Adhesin Als4112 promotes Candida auris skin colonization through interactions with keratinocytes and extracellular matrix proteins	Nature Communications	Guolei Zhao, Jingwen Lyu, Natalia A. Veniaminova, Robert Żarnowski, Eliciane Cevolani Mattos, Chad J Johnson, Derek Quintanilla, Haley Hautau, LeeAnn A. Hold, Bin Xu, Juliet A. E. Anku, Kaustav Das Gupta, Joseph J. Hale, Steph S. Steltzer, Darian J. Santana, Ashraf S. Ibrahim, Evan S. Snitkin, David
10.1073/pnas.2510538122	2025	An AINTEGUMENTA phosphoswitch controls bilateral stem cell activity during secondary growth	Proceedings of the National Academy of Sciences	Wei Xiao, Ling Yang, Hengqi Ji, David Molina, Houming Chen, Shan Yu, Yingjing Miao, Dagmar Ripper, Shulin Deng, Martin J. Bayer, Bert De Rybel, Laura Ragni
10.1007/s10664-025-10705-2	2025	An Empirical Investigation on the Challenges in Scientific Workflow Systems Development	Empirical Software Engineering	Khairul Alam, Banani Roy, Chanchal Kumar Roy, K. C. Mittal
10.1101/2025.08.19.671115	2025	An interaction between the transmembrane domains of Streptococcus pyogenes sortase A and its endogenous substrate M protein revealed by molecular dynamics simulations	bioRxiv (Cold Spring Harbor Laboratory)	Nathan G Avery, Elise F. Tahti, Paul Clinton Spiegel, John M. Antos, James McCarty, Jeanine F. Amacher
10.1002/9781683674597.ch21	2025	Analysis of Metagenomic Next‐Generation Sequencing Data Obtained from Clinical Samples		Brian D. O’Donovan, Steve A. Miller, Katrina Kalantar
10.1083/jcb.202405182	2025	Anillin mediates unilateral furrowing during cytokinesis by limiting RhoA binding to its effectors	The Journal of Cell Biology	Mikhail O. Lebedev, Fung‐Yi Chan, Elisabeth Rackles, Jennifer Bellessem, Tamara Mikeladze‐Dvali, Ana Xavier Carvalho, Esther Zanin
10.1007/s00572-025-01194-8	2025	Arbuscular mycorrhizal fungi strongly influence the endorhizosphere of grapevine rootstock with soil type as a key factor	Mycorrhiza	Kateřina Štůsková, Aleš Vavřiník, Eliška Hakalová, Jana Čechová, David Gramaje, Aleš Eichmeier
10.1126/sciadv.ady1623	2025	Arp2/3-dependent regulation of ciliogenesis governs adaptive distal tubular epithelial cell states in kidney disease	Science Advances	Manuel Rogg, Lisa Weißer, Jasmin I. Maier, August Sigle, Martin Helmstädter, Marlene Stigler, Alena Sammarco, Katja Gräwe, Grigor Andreev, Charlotte Kark, Suresh Krishna Ramakrishnan, Cem Özel, Linus Butt, Frederic Arnold, Wibke Bechtel‐Walz, Oliver Schilling, Yakup Tanriver, Paul Thomas Brinkkoette
10.1016/j.aquatox.2024.107217	2025	Assessment of the effects of cadmium, samarium and gadolinium on the blue mussel (Mytilus edulis): A biochemical, transcriptomic and metabolomic approach	Aquatic Toxicology	Binbin Cai, Laura Gandon, Clément Baratange, Oluwabunmi Eleyele, Romaric Moncrieffe, Grégory Montiel, Abderrahmane Kamari, Samuel Bertrand, Marie‐José Durand, Laurence Poirier, Paul Deleris, Aurore Zalouk‐Vergnoux
10.1039/d4dd00314d	2025	Automated computational workflows for muon spin spectroscopy	Digital Discovery	Ifeanyi John Onuorah, Miki Bonacci, Muhammad Maikudi Isah, Marcello Mazzani, R. De Renzi, Giovanni Pizzi, Pietro Bonfà
10.1101/2025.05.01.651609	2025	BRG1 targeting overcomes ABCC-based multidrug resistance induced by paclitaxel	bioRxiv (Cold Spring Harbor Laboratory)	Karolina Gronkowska, Sylwia Michlewska, Tomasz Płoszaj, Magdalena Strachowska, Adrianna Stępień, Maciej Borowiec, Andrzej Kazimierz Bednarek, Agnieszka Robaszkiewicz
10.1002/cam4.71137	2025	Barcoded Orthotopic Patient‐Derived Head & Neck Squamous Cell Carcinoma Model Demonstrating Clonal Stability and Maintenance of Cancer Driver Mutational Landscape	Cancer Medicine	Peiran Zhou, Claire B. Mills, Zhao Ming Dong, Brittany R. Barber, Slobodan Beronja
10.4018/ijbdia.387389	2025	Big Data Integration in Genomic Analysis	International Journal of Big Data Intelligence and Applications	Richard S. Segall, Prasanna Rajbhandari
10.1186/s44477-025-00009-6	2025	C3 lowering in adult APP KI mice rescues synapses and spares cognitive decline	Molecular Neurodegeneration Advances	Brijendra Bahadur Singh, André F. Batista, Emma T. Spooner, Brianna R. Colletti, Takaomi C. Saido, Michael C. Carroll, Cynthia Ann Lemere
10.1016/j.celrep.2025.116567	2025	Cadherins modulate the self-organizing potential of pseudo-embryos	Cell Reports	Alexandre Mayran, Dominique Kolly, Lucille Lopez‐Delisle, Yuliia Romaniuk, Maxine Leonardi, Anne-Catherine Cossy, Theo Lacroix, Hocine Rekaik, Ana Rita Amândio, Pierre Osteil, Denis Duboule
10.1101/2025.02.13.637978	2025	Candida auris skin colonization is mediated by Als4112 and interactions with host extracellular matrix proteins	bioRxiv (Cold Spring Harbor Laboratory)	Guolei Zhao, Jingwen Lyu, Natalia A. Veniaminova, Robert Żarnowski, Eliciane Cevolani Mattos, Chad J Johnson, Derek Quintanilla, Haley Hautau, LeeAnn A. Hold, Bin Xu, Juliet A. E. Anku, Steph S. Steltzer, Kaustav Das Gupta, Darian J. Santana, Ashraf S. Ibrahim, David R. Andes, Jeniel E. Nett, Shakti
10.1128/msystems.01769-24	2025	Cardinium disrupts Wolbachia –host dynamics in the domestic mite Tyrophagus putrescentiae : evidence from manipulative experiments	mSystems	Jan Hubert, Eliza Głowska, Scot E. Dowd, Pavel Borisovich Klimov
10.3201/eid3104.240060	2025	Case–Control Study of Factors Associated with Hemolytic Uremic Syndrome among Shiga Toxin–Producing Escherichia coli Patients, Ireland, 2017–2020	Emerging infectious diseases	Diana Espadinha, Melissa Brady, Carina Brehony, Douglas R. Hamilton, Lois O’Connor, Robert Cunney, Suzanne M. Cotter, Anne M. Carroll, Patricia Garvey, Eleanor McNamara
10.1186/s12866-025-03903-x	2025	Characterization and therapeutic potential of phage vB_Eco_ZCEC08 against multidrug-resistant uropathogenic Escherichia coli	BMC Microbiology	Assmaa H. Hussein, Salsabil Makky, Raghda Hager, Ian F. Connerton, Ayman El‐Shibiny
10.1002/mbo3.70183	2025	Characterization of Pilin A and Thioredoxin A Mutant Strains of Acinetobacter baumannii , From a Transposon Insertion Library, for Pili Production and Virulence‐Associated Properties	MicrobiologyOpen	Jadelynn Aki, Sara B. Papp, Bayley Polk, Sean Alec Jeffreys, Megan P. Tompkins, Anwar A. Kalalah, Mark Eppinger, Guoquan Zhang, M. Neal Guentzel, James P. Chambers, Bernard P. Arulanandam, Jieh‐Juen Yu
10.1016/j.ymthe.2025.01.028	2025	Characterization of the ocular inflammatory response to AAV reveals divergence by sex and age	Molecular Therapy	Alison J. Clare, P. H. Langer, Amy Sample Ward, Ying Chan, Andrew D. Dick, David A. Copland
10.1007/s10528-025-11082-7	2025	Chloroplast Genome of Arisaema takesimense: Comparative Genomics and Phylogenetic Insights into the Arisaema	Biochemical Genetics	Asif Shabodin Tamboli, Jin-Suk Youn, Suhas Kishor Kadam, Jae‐Hong Pak, Yeon‐Sik Choo
10.1172/jci183941	2025	Clemastine fumarate accelerates accumulation of disability in progressive multiple sclerosis by enhancing pyroptosis	Journal of Clinical Investigation	Joanna Kocot, Peter F. Kosa, Shinji Ashida, Nicolette A. Pirjanian, Raphaela Goldbach‐Mansky, Karin E. Peterson, Valentina Fossati, Steven M. Holland, Bibiana Bielekova
10.1016/j.crmicr.2025.100339	2025	Clostridium tetani bacteraemia in the plague area in France: Two cases	Current Research in Microbial Sciences	Mahmoud Abdelwadoud Boualam, A. Bouri, Michel Signoli, Michel Drancourt, Aurélia Caputo, Elodie Terrer, Gérard Aboudharam
10.1101/2025.08.27.672549	2025	CoCoBin: Graph-Based Metagenomic Binning via Composition–Coverage Separation	bioRxiv (Cold Spring Harbor Laboratory)	Khuanwara - Potiwara, Duangdao Wichadakul
10.1007/s10933-025-00369-9	2025	Comparative analyses of 18S rDNA regions for assessing the eukaryotic community in ancient lake sediment samples	Journal of Paleolimnology	Marisol Felip, Elena Fagín, Jordi Catalán
10.3897/imafungus.16.154192	2025	Comparative and phylogenetic analyses using mitogenomes revealed gene re-arrangement of Boletaceae (Boletales)	IMA Fungus	Xianyi Wang, Jiawei Tao, Zhongyao Guo, Guoyu Wang, Guang‐Yin Xu, Yaping Wang, Yaohang Long, H. Liu
10.1139/cjm-2024-0191	2025	Comparative metagenomics reveals limited differences in antimicrobial resistance gene abundance across conventional and natural livestock production systems	Canadian Journal of Microbiology	Catrione Lee, Rahat Zaheer, Krysty D. Thomas, Dominic Poulin‐Laprade, Guylaine Talbot, Moussa S. Diarra, Gary Van Domselaar, Athanasios Zovoilis, Tim Angus McAllister
10.1016/j.genrep.2025.102248	2025	Comparative mitochondrial and phylomitogenomic analyses support the existence of a cryptic species complex in Gonodactylaceus falcatus (Stomatopoda: Gonodactyloidea)	Gene Reports	Helen Kiser, Hee-seung Hwang, Jongwoo Jung, Juan Antonio Baeza
10.1128/mra.01255-24	2025	Complete genome sequence of Shigella phage Moonfish isolated from Mid-Michigan	Microbiology Resource Announcements	Sundharraman Subramanian, Hazel McGuffin, Rachel Passage, John A. Dover, Kristin N. Parent
10.1080/23802359.2025.2509807	2025	Complete mitochondrial genome data and phylogenetic analysis of the Plain Banded Awl, Hasora vitta (Lepidoptera: Hesperiidae: Coeliadinae) from Malaysia	Mitochondrial DNA Part B	Marylin Miga, Aqilah Awg Abdul Rahman, Sivachandran Parimannan, Heera Rajandas, Frankie Thomas Sitam, Lili Tokiman, Jai Kemalok, Mohd Shahir Shamsir, Faezah Mohd Salleh
10.1038/s41598-024-81205-4	2025	Complete mitochondrial genome sequence analysis revealed double matrilineal components in Indian Ghoongroo pigs	Scientific Reports	Pranab Jyoti Das, Satish Kumar, Manasee Choudhury, Seema Rani Pegu, K. Meera, Rajib Deb, Sunil Kumar, Santanu Banik, Vivek Kumar Gupta
10.1186/s12864-025-12064-0	2025	Comprehensive profiling of ribo-seq detected small sequences in yeast reveals robust conservation patterns and their potential mechanisms of origin	BMC Genomics	Cristopher Reyes Loaiciga, Weiyi Li, Xin‐Qing Zhao, Jing Li
10.1016/b978-0-443-27416-9.00002-2	2025	Computational tools in genomics and proteomics	Elsevier eBooks	Sharav A. Desai, Vipul Pralhadbhai Patel, Kunal Bhosle, Siddhi P. Sapkal, Madhulika J. More
10.1007/s40203-025-00314-8	2025	Computer-aided drug repurposing & discovery for Hepatitis B capsid protein	In Silico Pharmacology	Alireza Mohebbi, Seyed Pooria Tadayon Nabavi, Malihe Naderi, Kimia Sharifian, Farzane Behnezhad, Maryam Mohebbi, Amytis Gholami, Fatemeh Sana Askari, Azam Mirarab, Seyed Hamidreza Monavari
10.1093/nar/gkaf599	2025	Coupling tRNAGly gene redundancy with staphylococcal cell wall integrity, antibiotic susceptibility, and virulence potential	Nucleic Acids Research	Adamantia Kouvela, José R. Jaramillo Ponce, Nikoleta Giarimoglou, Johana Chicher, Stefano Marzi, Constantinos Stathopoulos, Vassiliki Stamatopoulou
10.1002/lno.70048	2025	Co‐occurrence and successional patterns among diatoms, dinoflagellates, and potential parasites in a coastal upwelling experiment	Limnology and Oceanography	Joseph H. Vineis, Jessica Mary Burger, Sarah E. Fawcett, Bess B. Ward
10.1128/msphere.00550-25	2025	Cultured bacteria isolated from primary sclerosing cholangitis patient bile induce inflammation and cell death	mSphere	Chelsea E. Powell, Megan D. McCurry, Silvia Fernanda Quevedo, Lindsay Ventura, Kumar Krishnan, Malav Dave, Shaikh Danish Mahmood, Katherine Specht, Raghav Bordia, Molly R. Sargen, Daniel Stephan Pratt, Joshua R. Korzenik, A. Sloan Devlin
10.1016/j.isci.2025.113119	2025	DAXX-dependent H3.3 deposition maintains myoblast cell identity independently of other histone chaperone complexes	iScience	Virginia Zoglio, Sarah Chebouti, Fayez Issa, Frédéric Relaix, Joana Esteves de Lima
10.1038/s41598-025-87486-7	2025	De novo transcriptome assembly and analysis during agarwood induction in Gyrinops versteegii Gilg. seedling	Scientific Reports	Dina Hermawaty, Titis Setyobudi, Husna Nugrahapraja, Maman Turjaman, Ahmad Faizal
10.1111/jpy.70067	2025	De novo transcriptome of the red alga Gracilariopsis tenuifrons (Gracilariales, Rhodophyta) in response to prolonged temperature stress	Journal of Phycology	André V. F. Faria, Olivier Godfroy, Jeremy Mark Cock, Estela M. Plastino
10.3390/ijms26062652	2025	Deciphering of SOX9 Functions in Pancreatic Cancer Cells	International Journal of Molecular Sciences	К. Н. Кашкин, Liya G. Kondratyeva, E. P. Kopantzev, Ivan S. Abramov, Lyudmila Zhukova, И. П. Чернов
10.1007/978-1-0716-4750-9_7	2025	Detection of Complex Genomic Rearrangements Using Short-Read Whole Genome Sequencing in C. elegans	Methods in molecular biology	Tatiana Maroilley, Maja Tarailo‐Graovac
10.1016/j.vetmic.2025.110705	2025	Detection of Neorickettsia risticii in antemortem fecal and postmortem fetal samples, with genomic insights from complete genome sequencing of a strain recovered from an aborted equine fetus	Veterinary Microbiology	Tirth Uprety, Jacob Durazo, Litty Paul, Kemal Metiner, Rebecca E. Ruby, Alan Thomas Loynachan, Jennifer G. Janes, Laura Kenndy, Lynne Cassone, Evely Molly, Maria Quick, Jocelynn Morgan, Sinem Beyhan, Erdal Erol
10.1093/lambio/ovaf118	2025	Detection of multiple clones and extended-spectrum β-lactamase production among Klebsiella pneumoniae complex isolates from the milk of cows with different severity scores of clinical mastitis	Letters in Applied Microbiology	Rafaela Mastrangelo Rissetti, Carolina Lechinski de Paula, Amanda Yaeko Yamada, Amanda Maria de Jesus Bertani, Ana Beatriz Nascimento Costa, Cláudio Tavares Sacchi, Karoline Rodrigues Campos, Simony Trevizan Guerra, F. F. Guimarães, Sâmea Fernandes Joaquim, Hélio Langoni, Vera Lúcia Mores Rall, Aman
10.1016/j.ymthe.2025.11.021	2025	Development of a high-affinity anti-ROR1 variable region for broad anti-cancer immunotherapy	Molecular Therapy	Joshua Wong, Pui Yeng Lam, Elaina Coleborn, Jiya Jose, Louisa Alim, Cui Tu, Magdalena Antczak, Bettina Dietmair, Arghavan Golbaz Hagh, Lúcia de Noronha, Seth W. Cheetham, John N. A. Hooper, Paul A. Beavis, Delphine Mérino, Jean Berthelet, Lauren G. Aoude, Amy E. McCart Reed, Sunil R. Lakhani, Peter 
10.1371/journal.ppat.1013493	2025	Differential tissue tropism and transmission efficiency of two dominant influenza D clades with overlapping but distinct receptor binding fine specificities in ferrets	PLoS Pathogens	Tirth Uprety, Chithra C. Sreenivasan, Jieshi Yu, Miaoyun Zhao, Runxia Liu, Hai Yu, Ahsan Naveed, Lianne G. Eertink, Shalini Soni, Rebecca E. Ruby, Xi Chen, Radhey S. Kaushik, Zizhang Sheng, Qingsheng Li, Dan Wang, Feng Li
10.1038/s41419-025-07863-y	2025	Direct transdifferentiation of tumorigenic melanoma cells induces tumor cell reversion	Cell Death and Disease	Yiman Wang, Ke Liu, Yuxin Zhang, Daniel Novak, Aniello Federico, Cai Xu, Sandra Horschitz, Marlene Vierthaler, Qian Sun, Nina Wang, Juliane Poelchen, Tamara Steinfass, Laura Hüser, Moritz Mall, Viktor Umansky, Jochen Sven Utikal
10.1186/s12859-025-06196-z	2025	DiscMycoVir: a user-friendly platform for discovering mycoviruses in fungal transcriptomes	BMC Bioinformatics	Agorakis Bompotas, Nikitas-Rigas Kalogeropoulos, Maria Giachali, Ioly Kotta‐Loizou, Christos H. Makris
10.3389/fmicb.2025.1437936	2025	Discovery of a phylogenetically novel tropical marine Gammaproteobacteria elucidated from assembled genomes and the proposed transfer of the genus Umboniibacter from the family Cellvibrionaceae to Umboniibacteraceae fam. nov.	Frontiers in Microbiology	Jia Yee Ho, Xiu Qi Koh, Deborah Yebon Kang, Adrian Low, Dalong Hu, Mindia Haryono, Rohan B. H. Williams, Rebecca Josephine Case, Yan Boucher
10.1109/bigdata66926.2025.11401604	2025	Domain-Specific Data Compression for Nextflow with COMET-FLOW		Ninon De Mecquenem, Simon Bosse, Vasilis Bountris, Fabian Lehmann, Somayeh Mohammadi, Pauline Karega, Knut Reinert, Ulf Leser
10.1007/s00395-025-01139-4	2025	Downregulation of TCF19 and ATAD2 causes endothelial cell cycle arrest at the transition from cardiac hypertrophy to heart failure	Basic Research in Cardiology	Elias Erny, Christoph Koentges, Debanjan Mukherjee, Luisa Wirth, Christos Kamaras, Franziska Zell, Madelon Hoßfeld, Olaf Groß, Achim Lother
10.1128/mra.00234-25	2025	Draft genome sequences of Mycobacterium caprae strains linked to human tuberculosis in Canada	Microbiology Resource Announcements	Md. Rashedul Islam, Pierre‐Marie Akochy, Gregory J. Tyrrell, Debra Janella, Meenu Kaushal Sharma, Hafid Soualhine
10.1038/s41467-025-61797-9	2025	DynaTag for efficient mapping of transcription factors in low-input samples and at single-cell resolution	Nature Communications	Pascal Hunold, Giulia Pizzolato, Nadia Heramvand, Laura Kaiser, Giulia Barbiera, Olivia van Ray, Roman Kurt Thomas, Julie George, Martin Peifer, Robert Hänsel‐Hertsch
10.1007/s00204-024-03944-7	2025	Dynamics in zebrafish development define transcriptomic specificity after angiogenesis inhibitor exposure	Archives of Toxicology	Julia Nöth, Paul Michaelis, Lennart Schüler, Stefan Scholz, Janet Krüger, Volker Haake, Wibke Busch
10.3389/fnmol.2025.1553575	2025	Dysregulation of heterochromatin caused by genomic structural variants may be central to autism spectrum disorder	Frontiers in Molecular Neuroscience	Michael R. Garvin, David Kainer
10.1016/j.ijfoodmicro.2025.111286	2025	Effect of incubation temperature, time, and freezing on diversity of Campylobacter spp. recovered from naturally contaminated retail beef livers	International Journal of Food Microbiology	Rauni I. Kivistö, Jenna Tuononen
10.1016/j.envpol.2025.126286	2025	Effects of sunlight exposure on tire tread particle leachates: Chemical composition and toxicity in aquatic systems	Environmental Pollution	Jenielle G Domaoal, Margaret Stack, Kelly Hollman, Saleha Khanum, Christine Cho, Alysia Daines, Natalie Mladenov, Eunha Hoh, Karilyn E. Sant
10.1088/2516-1075/adcb7c	2025	Electronic structure calculations for muon spectroscopy*	Electronic Structure	Stephen J. Blundell, Miki Bonacci, Pietro Bonfà, R. De Renzi, B. M. Huddart, Tom Lancaster, Leandro Liborio, Ifeanyi John Onuorah, Giovanni Pizzi, Francis Laurence Pratt, J. M. Wilkinson
10.1186/s13059-025-03673-9	2025	Empowering bioinformatics communities with Nextflow and nf-core	Genome biology	Björn E. Langer, Andreia Neves do Amaral, Marie-Odile Baudement, Franziska Bonath, Mathieu Charles, Praveen Chitneedi, Emily L. Clark, Paolo Di Tommaso, Sarah Djebali, Philip Ewels, Sonia E Eynard, James A. Fellows Yates, Daniel Fischer, Evan W. Floden, Sylvain Foissac, Gisela Gabernet, Maxime Garci
10.1371/journal.pntd.0012997	2025	Entamoeba histolytica extracellular vesicles drive pro-inflammatory monocyte signaling	PLoS neglected tropical diseases	Barbara Honecker, Valentin A. Bärreiter, Katharina Höhn, Balázs Horváth, Karel Harant, Nahla Galal Metwally, Claudia Marggraff, Juliett Anders, Stephanie Leyk, Maria del Pilar Martínez-Tauler, Annika Bea, Charlotte Sophie Hansen, Helena Fehling, Melanie Lütkemeyer, Stephan Lorenzen, Sören Franzenbur
10.21203/rs.3.rs-7966078/v1	2025	Epigenetic markers of tumor progression in estrogen receptor–positive breast cancer patients with high nodal involvement	Research Square	Sandra Iñiguez‐Muñoz, Andrés F. Bedoya-López, Miquel Ensenyat-Méndez, Pere Llinàs‐Arias, Sookyung Ahn, Rachel E. Factor, Diego M. Marzese, Maggie Lee DiNome
10.1093/ismejo/wrae258	2025	Escherichia coli phage-inducible chromosomal island aids helper phage replication and represses the locus of enterocyte effacement pathogenicity island	The ISME Journal	Kat Pick, Lauren Stadel, Tracy L. Raivio
10.1128/spectrum.02229-25	2025	Establishment and characterization of a replication-restricted modified African swine fever virus	Microbiology Spectrum	Tomoya Kitamura, Kentaro Masujin, Mitsutaka Ikezawa, Takehiro Kokuho
10.3390/ijms26030923	2025	Establishment of a Panel of Human Cell Lines to Identify Cellular Receptors Used by Enteroviruses to Infect Cells	International Journal of Molecular Sciences	Anastasiia O. Sosnovtseva, Ting Le, Dmitry S. Karpov, Pavel O. Vorobyev, Yana D. Gumennaya, Olga N. Alekseeva, Peter M. Chumakov, Anastasiya V. Lipatova
10.1016/j.bbrep.2025.102223	2025	Evaluating the effect of the mitochondrial alternative peptide MTALTND4 on gene expression	Biochemistry and Biophysics Reports	Ludovic Nadeau-Lachance, Thierry Choquette, Hajar Hosseini Khorami, Annie Angers, Sophie Breton
10.1111/nph.70283	2025	Evidence for a CO 2 ‐concentrating mechanism in the model streptophyte green alga Chara braunii	New Phytologist	Carolin Heise, David L. Hess, Peter Walke, Maren Voß, Hendrik Schubert, Wolfgang R. Hess, Martin Hagemann
10.7717/peerj-cs.3186	2025	EvoNEST, a modular application for comprehensive species-based sampling and data management in comparative biology	PeerJ Computer Science	Daniele Liprandi, Tom Illing, Jonas O. Wolff
10.1093/evolut/qpaf212	2025	Evolution of female ornamentation in dance flies: valuable gifts are worth dressing up for	Evolution	Varpu Pärssinen, Luc F. Bussière, R. Axel W. Wiberg, Emma Wahlberg, Natasha R. LeBas, Martin Irestedt, Charlotta Kvarnemo
10.1038/s41598-025-24011-w	2025	Evolution of the egg glue protein in great ape lice inferred from its sequence comparisons across five louse types	Scientific Reports	Chae Won Park, Ju-Yeong Yun, Si Hyeock Lee, Ju Hyeon Kim, SangYoun Park
10.1186/s12985-025-02800-z	2025	Exploring the genetic diversity of the 3′ untranslated region (UTR) of Dengue virus	Virology Journal	Alessandra Lo Presti, Arnold Knijn, Enrico Palermo, Alessandra D’Auria, Miriana Quaranta, Stefano Pascarella, Federica Frasca, Carolina Scagnolari
10.1002/csc2.70036	2025	Exploring the genomic diversity and breeding applications of the Solanum sessiliflorum transcriptome via phylogenetic analysis	Crop Science	Priscila O. Silva, Lucas Silva, Débora Gonçalves Gouveia, Priscila M. Rodrigues, José Francisco de Carvalho Gonçalves, Adriano Nunes‐Nesi, Wagner L. Araújo, João Henrique F. Cavalcanti
10.1101/2025.10.04.680466	2025	Exposure of male mice to nicotine leads to metabolic dysfunction in their male and female offspring	bioRxiv (Cold Spring Harbor Laboratory)	Sara Peres de Aguiar¹, Therese Aileen L. Natividad, Daniel Davis, Carlos Díaz-Castillo, Raquel Chamorro-García
10.1016/j.toxlet.2025.111773	2025	Exposure to the trichloroethylene metabolite S-(1,2-dichlorovinyl)-L-cysteine under hypoxic conditions (%O2 =2 %) alters differential gene expression and mitigates decreased invasion capacity, compared to normoxic conditions (%O2 ≥ 21 %) in HTR-8/SVneo cells	Toxicology Letters	Franny H. Stein, Ngoc Tram Anh Le, Elana R. Elkin
10.1101/2025.04.14.648360	2025	Expression levels of the Band-7 protein FLOTILLIN modulate salt tolerance, growth and development in the moss Physcomitrium patens	bioRxiv (Cold Spring Harbor Laboratory)	Erika Csicsely, Norina Noor, Susanne Mühlbauer, Hans‐Henning Kunz, Serena Schwenkert, Martin Lehmann, Andreas Klingl, Oguz Top, Wolfgang Frank
10.1084/jem.20242474	2025	FCRL3 is an immunoregulatory receptor that restrains the activation of human memory T lymphocytes	The Journal of Experimental Medicine	Niccolò Bianchi, Elena Foli, Mehrpouya Mostanfar, Roberta Marzi, Mara Cetty Spinella, Sara Polletti, Matteo Pecoraro, Antonino Cassotta, Roshan Singh Thakur, David Jarrossay, Federica Sallusto, Gioacchino Natoli, Silvia Monticelli
10.1002/cam4.70959	2025	FUT8 Is a Critical Driver of Prostate Tumour Growth and Can Be Targeted Using Fucosylation Inhibitors	Cancer Medicine	Kayla Bastian, Margarita Orozco‐Moreno, Huw D. Thomas, Kirsty Hodgson, Eline A. Visser, Emiel Rossing, Johan F. A. Pijnenborg, Nienke Eerden, Laura Wilson, Hasvini Saravannan, Oliver Hanley, Grace Grimsley, Fiona M. Frame, Ziqian Peng, Bridget Knight, Paul J. McCullagh, John Samuel McGrath, Malcolm 
10.3390/microorganisms13010195	2025	First Detection and Genomic Characterization of Linezolid-Resistant Enterococcus faecalis Clinical Isolates in Bulgaria	Microorganisms	Tanya Strateva, Preslava Mihaylova Hristova, Temenuga Stoeva, Hristina Yotova Hitkova, Slavil Peykov
10.3390/d17080583	2025	First Microbial Survey of a Submerged Petrified Forest in the Black Sea: Culture-Based and Metagenomic Insights	Diversity	Mihail Iliev, Ralitsa Ilieva, Slavil Peykov, Viktoria Terziyska, Anton Pelkin, Lyubomir Kenderov
10.1093/molbev/msaf215	2025	From Binding to Catalysis: Emergence of a Rudimentary Enzyme Conferring Intrinsic Antibiotic Resistance	Molecular Biology and Evolution	Claudèle Lemay-St-Denis, Stella Cellier-Goetghebeur, Maxime St-Aubin, Keigo Ide, Janine N. Copp, Soichiro Tsuda, Nir Ben‐Tal, Rachel Kolodny, Joelle N. Pelletier
10.1111/mmi.15357	2025	Functional and Pangenomic Exploration of Roc Two‐Component Regulatory Systems Identifies Novel Players Across Pseudomonas Species	Molecular Microbiology	Victor Simon, Julian Trouillon, Ina Attrée, Sylvie Elsen
10.1101/2025.07.18.665581	2025	GATA2 Induces a Stem Cell-Like Transcriptional Program in Macrophages that Promotes Atherogenesis	bioRxiv (Cold Spring Harbor Laboratory)	Amena Aktar, Angela M. Vrieze, Kiera Telesnicki, Paisley Cox‐Duvall, Matthew Arbolino, Rodney P. DeKoter, Atul Dave Nagpal, Bryan Heit
10.1093/jleuko/qiaf136	2025	GATA2 induces a stem cell–like transcriptional program in macrophages that promotes an atherogenic phenotype	Journal of Leukocyte Biology	Amena Aktar, Angela M. Vrieze, Kiera Telesnicki, Paisley Cox‐Duvall, Matthew Arbolino, Rodney P. DeKoter, Atul Dave Nagpal, Bryan Heit
10.1038/s41598-025-98321-4	2025	Gene expression analyses on Dickeya solani strains of diverse virulence levels unveil important pathogenicity factors for this species	Scientific Reports	Weronika Babińska-Wensierska, Agata Motyka‐Pomagruk, Alessio Mengoni, George Colin diCenzo, Ewa Łojkowska
10.1128/spectrum.00596-25	2025	Genetic variability of Shiga toxin-producing Escherichia coli strains isolated from Paraguayan cattle	Microbiology Spectrum	Claudia de los Ángeles Salinas, Fátima Rodríguez, Adrián Muñoz‐Barrera, Jose Miguel Lorenzo-Salazar, Rafaela González‐Montelongo, Carlos Flores, Rosa Guillén
10.1101/2025.02.12.637946	2025	Genome Mining of Streptomyces sp. PB17 from Cuatro Ciénegas Basin Reveals Biosynthetic Potential for Novel Neurotherapeutics	bioRxiv (Cold Spring Harbor Laboratory)	Martínez-Olivas Martha Adriana, Melchor-Rangel Silverio Alejandro, Miguel Angel Mendoza-Cibrian, Benavides-García Paola, Susana De la Torre-Zavala
10.3390/d17040226	2025	Genome Skimming of Thysanoptera (Arthropoda, Insecta) and Its Taxonomic and Systematic Applications	Diversity	Emma Wahlberg
10.1101/2025.10.14.682352	2025	Genome-wide DNA bridging by H-NS reshapes the stationary phase nucleoid and transcriptional landscape	bioRxiv (Cold Spring Harbor Laboratory)	Lindsey E. Way, Xiaofeng Dai, Emma E. Wiesler, Lauren A. McCarthy, Zhongqing Ren, Gail G. Hardy, David E.H. Fuller, Labeeb Hossain, Anne S. Meyer, Elio A. Abbondanzieri, Julie Suzanne Biteen, Xindan Wang
10.21203/rs.3.rs-6931497/v1	2025	Genome-wide Profiling of SOX2 Binding Sites in Small Cell Lung Cancer Reveals Therapeutic Regulatory Networks	Research Square	Sameer Chaudhary, Sapana Sameer Chaudhary, Sakshi Rawat, Nandhini S S
10.1093/femsec/fiaf072	2025	Genomic Survey Reveals no Detectable Bacteriophage Activity in Mycobacterium bovis Across a Large Population	FEMS Microbiology Ecology	Daniela Pinto, Inês Mendes, Mónica V. Cunha
10.3389/fmicb.2025.1578578	2025	Genomic insights into five selected multidrug-resistant Pseudomonas aeruginosa isolated from Sodwana Bay, South Africa	Frontiers in Microbiology	Mahloro Hope Serepa‐Dlamini, Kulsum Kondiah, Pfariso Maumela, Abraham Goodness Ogofure, Ezekiel Green
10.1016/j.aca.2025.344201	2025	Gold nanoparticle-assisted, label-free SELEX coupled with high-throughput NGS for generating highly sensitive and specific DNA aptamers targeting Aflatoxin B1	Analytica Chimica Acta	Shazia Shareef, P. Hariprasad
10.1158/1535-7163.mct-25-0150	2025	HDAC Inhibition Triggers Release of RNA Polymerase II from Promoter-Proximal Pausing in Healthy Blood Progenitors and Primary Acute Myeloid Leukemia Myeloblasts	Molecular Cancer Therapeutics	Yanzi Xing, Alexander Pfab, George Hunt, Kajsa Ax, Sören Lehmann, Johanna S. Ungerstedt, Mattias Mannervik
10.1016/j.omton.2025.201049	2025	HIF1A, BRG1, and p300 interaction confers paclitaxel-induced drug resistance by enabling the overexpression of ABCC genes	Molecular Therapy Oncology	Karolina Gronkowska, Kinga Kołacz-Milewska, Sylwia Michlewska, Tomasz Płoszaj, Maciej Borowiec, Agnieszka Robaszkiewicz
10.1016/j.ctrv.2025.103062	2025	Harnessing epigenetics: Genome-wide DNA methylation assay for colorectal cancer therapy	Cancer Treatment Reviews	Chikashi Ishioka
10.1007/s12672-025-04232-1	2025	Harnessing plasma transcriptomics for non-invasive cancer biomarker identification: a comprehensive review	Discover Oncology	Nur Mazidah Haji Noor Mohamed, Nurulisa Zulkifle, Siti Razila Abdul Razak
10.3389/fpls.2024.1494339	2025	Harnessing the diversity of a lettuce wild relative to identify anthocyanin-related genes transcriptionally responsive to drought stress	Frontiers in Plant Science	Inés Medina‐Lozano, Jérôme Grimplet, Aurora Díaz
10.1101/2025.10.23.684137	2025	Hoisted by Their Own Petard: Defeating Immunity Protein–Mediated Bacteriocin Resistance	bioRxiv (Cold Spring Harbor Laboratory)	Tim Moritz Weber, Raquel Guadarrama-Gonzalez, Colin R. MacKenzie, Jörg Pietruszka
10.1109/mcg.2024.3495932	2025	How FAIR is VIS?	IEEE Computer Graphics and Applications	Daniel Wiegreffe, Christoph Garth, Guido Reina, Christina Gillmann
10.1111/tpj.17236	2025	Identification and characterization of DICER‐LIKE genes and their roles in Marchantia polymorpha development and salt stress response	The Plant Journal	Erika Csicsely, Anja Oberender, Anastasia‐Styliani Georgiadou, Johanna Alz, Sebastian Kiel, Nora Gutsche, Sabine Zachgo, Jennifer Grünert, Andreas Klingl, Oguz Top, Wolfgang Frank
10.3390/biomedicines13081922	2025	Identification of Candidate Genes for Endometriosis in a Three-Generation Family with Multiple Affected Members Using Whole-Exome Sequencing	Biomedicines	Carla Lintas, Alessia Azzarà, Vincenzo Panasiti, Fiorella Gurrieri
10.1007/s42161-025-01842-0	2025	Identification of a chordovirus hosted by Angelica lignescens	Journal of Plant Pathology	Sara Luna, M. S. Lopes, Eduardo Antunes Dias, Danilo Marcelo Santos Pereira, Artur da Câmara Machado, D. Mendonça
10.1007/s00335-025-10134-y	2025	Identification of novel gene expression patterns and pathways involved in PARP-1 inhibitor resistance	Mammalian Genome	Zulfa Khan, Anish Gomatam, Upadhyayula Suryanarayana Murty, Vaibhav A. Dixit
10.3390/ijms26010328	2025	Identification of the EBF1/ETS2/KLF2-miR-126-Gene Feed-Forward Loop in Breast Carcinogenesis and Stemness	International Journal of Molecular Sciences	Alessandra Gambacurta, Valentina Tullio, Isabella Savini, Alessandro Mauriello, Maria Valeria Catani, Valeria Gasperi
10.1101/2025.07.12.664542	2025	Identification of within-host deletions in domain 0 of the spike gene of highly pathogenic feline coronavirus type 2 from the United States	bioRxiv (Cold Spring Harbor Laboratory)	Ximena A. Olarte‐Castillo, Abigail B. Schlecht, Kelly L. Sams, Laura B. Goodman, Gary R. Whittaker
10.1038/s41392-025-02515-1	2025	Inhibition of RNA-binding proteins enhances immunotherapy in ovarian cancer	Signal Transduction and Targeted Therapy	Nadine Bley, Alexander Rausch, Simon Müller, Theresa Simon, Markus Glaß, Danny Misiak, Laura Schian, Lara Meret Peters, Mohammad Dipto, Ali Hmedat, Bianca Busch, Annekatrin Schott, Marcell Lederer, Alice Wedler, Robin Benedikt Rolnik, Hend Elrewany, Ehab Ghazy, Wolfgang Sippl, Martina Vetter, Markus
10.1002/ece3.71619	2025	Insight Into the Nuclear and Mitochondrial Genome of the Caribbean King Crab Maguimithrax spinosissimus (Crustacea: Brachyura: Mithracidae) to Support Fisheries Management and Conservation Initiatives	Ecology and Evolution	Juan Antonio Baeza
10.1016/j.fbio.2025.106410	2025	Insights into Leuconostoc-clade as starters in Chinese paocai: Shaping microbial communities for rapid, safe, and flavor-preserving fermentation	Food Bioscience	Xinyu Hu, Mengke Cheng, Meng Zhang, Biyue Yang, Rong Wang, Juan Bai, Jiayan Zhang, Wei Wei, Lin Dan Zhu, Xiang Xiao
10.1016/j.mechmat.2025.105480	2025	Integrated experiment and simulation co-design: A key infrastructure for predictive mesoscale materials modeling	Mechanics of Materials	Shailendra P. Joshi, Ashley Bucsek, Darren C. Pagan, Samantha Hayes Daly, Suraj Ravindran, Jaime Marian, Miguel Aníbal Bessa, Surya R. Kalidindi, Nikhil Chandra Admal, Celia Reina, Somnath Ghosh, James A. Warren, Jorge Viñals, Ellad B. Tadmor
10.1038/s42003-025-07790-w	2025	Integrated transcriptomic profiling reveals a STING-mediated Type II Interferon signature in SOD1-mutant amyotrophic lateral sclerosis models	Communications Biology	Jen Young Hiew, Young-Bock Lim, Huitao Liu, Chen Seng Ng
10.1021/acsomega.5c04680	2025	Integrating Magnetic Bead-Based SELEX with In Silico Binding Analyses for the Identification of High-Affinity DNA Aptamers Targeting TAGLN2	ACS Omega	Darius Riziki Martin, Ayman Y. Waddad, Mohammed Ali Gafar, Thirumala Govender, Ruben E.A. Cloete, Abram Madimabe Madiehe, Mervin Meyer
10.1007/978-3-031-86240-3_5	2025	Integration of Nordugrid ARC with Galaxy and EGI IM	Communications in computer and information science	Maiken Pedersen, Balázs Kónya, Sebastián Luna-Valero, Björn Andreas Grüning
10.1038/s41564-025-01927-7	2025	Integrons are anti-phage defence libraries in Vibrio parahaemolyticus	Nature Microbiology	Landon J. Getz, Sam R Fairburn, Y. Vivian Liu, Amy L. Qian, Karen L. Maxwell
10.1007/s13346-025-01798-9	2025	Intralesional injection of CpG ODNs complexed with glatiramer acetate mitigates systemic cytokine toxicities and synergistically advances checkpoint blockade efficacy	Drug Delivery and Translational Research	Huan Gong, J. Daniel Griffin, Chad E. Groer, Xiaoqing Wu, Mengyue Li, Moustafa M. Abdelaziz, Liang Xu, Marcus Laird Forrest, Cory J. Berkland
10.1093/infdis/jiaf215	2025	Investigating Nosocomial BK Polyomavirus Infections in Pediatric Hematopoietic Stem Cell Transplantation Recipients: Challenges and Prospects	The Journal of Infectious Diseases	Aurélien Aubry, Marie‐Laure Nere, Sarah Timsit, Charlotte Calvo, Jean‐Hugues Dalle, Julien Gras, Clotilde Chaix, Maud Gits‐Muselli, Constance Delaugerre, Jérôme LeGoff, Maud Salmona
10.1016/b978-0-443-22123-1.00007-7	2025	Investigating mpox (monkeypox): linking web tools and genomic analysis	Elsevier eBooks	José Luis Zambrano, Zoila Moros, Carmen Luisa Loureiro, Rossana Celeste Jaspe, Yoneira Fabiola Sulbarán, David S. Coll, Flor Helene Pujol
10.1093/jambio/lxaf128	2025	Klebsiella pneumoniae complex isolated from diseased companion animals reveals genomic diversity, multidrug resistance, and extended-spectrum β-lactamase-encoding genes	Journal of Applied Microbiology	Carolina Lechinski de Paula, Rafaela Mastrangelo Rissetti, Amanda Yaeko Yamada, Amanda Maria de Jesus Bertani, Cláudio Tavares Sacchi, Karoline Rodrigues Campos, Fábio Vinícius Ramos Portilho, Patrik Júnior de Lima Paz, Thaís Spessotto Bello, Marcelo Fagali Árabe Filho, Letícia Colin Panegossi, Alec
10.1101/2025.07.06.663394	2025	Large-scale classification of metagenomic samples: a comparative analysis of classical machine learning techniques vs a novel brain-inspired hyperdimensional computing approach	bioRxiv (Cold Spring Harbor Laboratory)	Jayadev Joshi, Fabio Cumbo, Daniel Blankenberg
10.1371/journal.pcbi.1012925	2025	Learning and teaching biological data science in the Bioconductor community	PLoS Computational Biology	Jenny M. Drnevich, Frederick J. Tan, Fabricio Almeida‐Silva, Robert Castelo, Aedín C. Culhane, Sean R. Davis, Maria Doyle, Ludwig Geistlinger, Andrew R. Ghazi, Susan Holmes, Leo Lahti, Alexandru Mahmoud, Kozo Nishida, Marcel Ramos, Kévin Rue-Albrecht, David J. H. Shih, Laurent Gatto, Charlotte Sones
10.1101/2025.01.21.634074	2025	Lipogenic Mothers Alter Offspring Gut Microbiome Development via Breastmilk-Mediated Microbial Transfer	bioRxiv (Cold Spring Harbor Laboratory)	Jianhong Cao, Abdulrahim Umar, Zheng Yu
10.1016/j.scitotenv.2025.180981	2025	Long-range transported bacteria perturbing airborne bacterial diversity and pathogenicity over Eastern Himalayas, India	The Science of The Total Environment	Antara Pramanick, Shahina Raushan Saikh, M. Mushtaque, Damodararao Karri, Naveen Gandhi, Sanat Kumar Das
10.1002/alz.70852	2025	Long‐read sequencing reveals genomic and epigenomic variation in the dark genome of human Alzheimer's disease	Alzheimer s & Dementia	Paulino Ramirez, Wenyan Sun, Shiva Kazempour Dehkordi, Habil Zare, Giovanni Pascarella, Piero Carninci, Bernard Fongang, Kevin F. Bieniek, Bess E Frost
10.1021/acssynbio.4c00657	2025	MOSAIC: A Highly Efficient, One-Step Recombineering Approach to Plasmid Editing and Diversification	ACS Synthetic Biology	Marijn van den Brink, Timotheus Y. Althuis, Christophe Danelon, Nico J. Claassens
10.1007/978-1-0716-4670-0_14	2025	Machine Learning Approaches for Predicting RNA–RNA/DNA Interactions	Methods in molecular biology	Tsukasa Fukunaga
10.1016/j.syapm.2025.126620	2025	Macrococcus capreoli sp. nov., a new fosfomycin resistant species isolated from feces and nasal swabs of deer	Systematic and Applied Microbiology	Carolin J. Schiffer, Matthias A. Ehrmann
10.1038/s41467-025-56991-8	2025	Maternal PRDM10 activates essential genes for oocyte-to-embryo transition	Nature Communications	Michelle K. Y. Seah, Yuyuan Han, Yan Huang, Louise J. H. Rasmussen, A Staübli, Judith Bello-Rodríguez, Andrew C. Chan, Maxime Gasnier, Heike Wollmann, Ernesto Guccione, Daniel M. Messerschmidt
10.1111/jcmm.70816	2025	Mechanisms of Resistance to PARPi in Pancreatic Ductal Adenocarcinoma	Journal of Cellular and Molecular Medicine	Jojanneke Stoof, Charlotte Andrieu, Fiona O’Connell, Jacintha N O'Sullivan, Maeve Aine Lowery, Naomi Walsh
10.3389/frmbi.2024.1474497	2025	Metagenomic analysis of goat feces from Ogliastra (Sardinia, Italy)	Frontiers in Microbiomes	Monica Rosaria Molotzu, Piera Angela Cabras, Lisa Di Marcantonio, Rossano Atzeni, N.P.P. Macciotta, Antonella Canu
10.1002/bmb.21888	2025	Metagenomics education in a modular CURE format positively affects students' scientific discovery perception and data analytical skills	Biochemistry and Molecular Biology Education	Maarten C. Morsink, E. N. van Schaik, Koen Bossers, Deniz Antonie Duijker, Arjen G. C. L. Speksnijder
10.1093/biolre/ioaf072	2025	Metformin alters liver metabolism to sustain egg production in the reproductively aging broiler breeder hen	Biology of Reproduction	Evelyn A. Weaver, N. Connolly, Tae Hyun Kim, Ramachandran Ramesh
10.1101/2025.05.10.653294	2025	Methyl-CpG Binding Protein 2 Reads Histone Methylation via an Aromatic Cage to Regulate Gene Expression and Chromatin Association	bioRxiv (Cold Spring Harbor Laboratory)	Jyotirmayee Padhan, Babu Sudhamalla
10.1016/j.jbc.2025.111115	2025	Methyl-CpG-binding protein 2 reads histone methylation via an aromatic cage to regulate gene expression and chromatin association	Journal of Biological Chemistry	Jyotirmayee Padhan, Babu Sudhamalla
10.1101/2025.10.23.684277	2025	Methylation mimic mutations of progesterone receptor AF1 impair gene-specific regulation through stabilized chromatin interactions	bioRxiv (Cold Spring Harbor Laboratory)	Pheck Khee Lau, Bernett Lee Teck Kwong, Shi Hao Lee, Chew Leng Lim, Qian Yee Woo, Amanda Rui En Woo, Jace Koh, Valerie C. L. Lin
10.1038/s41558-025-02271-8	2025	Microbial photosynthesis mitigates carbon loss from northern peatlands under warming	Nature Climate Change	Samuel Hamard, Sophie Planchenault, Romain Walcker, Anna Sytiuk, Marie Le Geay, Martin Küttim, Ellen Dorrepaal, Mariusz Lamentowicz, Owen L. Petchey, Bjorn J. M. Robroek, Eeva‐Stiina Tuittila, Maialen Barret, Régis Céréghino, Frédéric Delarue, Jessica Ferriol, Tristan Lafont Rapnouil, Joséphine Lefl
10.3389/fmars.2025.1565908	2025	Migration history of Avicennia marina populations: a legacy of mangrove expansion on the Sunda Shelf	Frontiers in Marine Science	Ludwig Triest, Thi Thuy Hang Phan, Quang Doc Luong, Anne Bousquet‐Mélou, Bich Thi Ngoc, Tim Sierens, Farid Dahdouh‐Guebas, Nico E. Koedam, Tom Van der Stocken
10.1007/s12526-025-01501-8	2025	Mitochondrial genome of Amphiglena cf. mediterranea IV, a small and cryptic polychaete (Annelida: Sabellidae)	Marine Biodiversity	Matteo Putignano, Tilic Ekin
10.3390/ijms26125494	2025	Multi-Cohort Exploration of Repetitive Element Transcription and DNA Methylation in Human Steatotic Liver Disease	International Journal of Molecular Sciences	Neil A. Youngson, Aikaterini Tourna, Timothy J. Chalmers, Kelly Valério Prates, Josepmaria Argemí, Ramon A. Bataller, Koroush Shahsavar Haghighi, Lindsay E. Wu, Shilpa Chokshi, Peter Stärkel, Patrick S. Western, Margaret J. Morris, Stephen M. Riordan
10.1016/j.yjmcc.2025.10.001	2025	Multi-level expression profiling of cardiac and musculoskeletal Schwann cells in young and old mice	Journal of Molecular and Cellular Cardiology	Severin Haider, Dragana Stefanovska, Eliza Sassu, Claudia Domisch, Madelon Hoßfeld, Pia Iaconianni, Stefanie Perez‐Feliz, Franziska Schneider‐Warme, Peter Karl Kohl, Sebastian Preißl, Luis Hortells
10.1093/jisesa/ieaf009	2025	Multi-sample long-read nanopore sequencing of Agabus bipustulatus (Coleoptera: Dytiscidae: Agabinae) mitogenome produces effectively reliable data for downstream analyses	Journal of Insect Science	Оlena Bielikova, Ondrej Vargovčík, Zuzana Čiamporová‐Zaťovičová, FEDOR JR ČIAMPOR
10.1155/ijm/6374935	2025	Multiple Plant Growth–Promoting Activities Exhibited by Root‐Associated Bacteria Isolated From Bamboo and Corn	International Journal of Microbiology	Camille Andrea R Flores, Maria Auxilia T. Siringan, Mary Ann Cielo V. Relucio-San Diego
10.1098/rsob.240235	2025	Multiple factors contribute to female dominance in migratory bioflows	Open Biology	Toby D. Doyle, Oliver M. Poole, Jaimie Christopher Barnes, Will L. S. Hawkes, Eva Jiménez-Guri, Karl R. Wotton
10.1111/nyas.70056	2025	Multi‐Omic Data Analysis Supporting the Plausibility of Human Aging Sperm–Mediated Epigenetic Inheritance	Annals of the New York Academy of Sciences	Abhay Sharma
10.1016/j.compbiolchem.2025.108793	2025	Mutational landscapes and functional insights in oral cancer and diabetes: A comparative perspective	Computational Biology and Chemistry	Kavya Janardan, Rosy Mondal
10.1371/journal.ppat.1012986	2025	Mystique, a broad host range Acinetobacter phage, reveals the impact of culturing conditions on phage isolation and infectivity	PLoS Pathogens	Ellinor Alseth, Carli Roush, Iris Irby, Mykhailo Kopylov, Daija Bobe, Monneh W Diggs, Kristy Doan Nguyen, Huaijin Xu, Ingeborg Schmidt‐Krey, Anton V. Bryksin, Philip N. Rather
10.1007/s00395-025-01137-6	2025	NLRP3 mediates lipid-driven macrophage proliferation in established atherosclerosis	Basic Research in Cardiology	Carmen Härdtner, Felix Remmersmann, Carolin A. Ehlert, Christina Zehender, Tamara Antonela Vico, Bianca Dufner, Alexander von Ehr, Julia Hinterdobler, Xiaowei Li, Guido Pisani, Filip K. Świrski, Constantin von zur Mühlen, Dennis Wolf, Martin Czerny, Olaf Groß, Hendrik B. Sager, Dirk Westermann, Ingo
10.1038/s41598-025-31274-w	2025	Native CFTR codon bias controls translation rate to balance off-pathway aggregation and channel function by conformational imprinting	Scientific Reports	Jae Seok Yoon, Hongyu Li, Yonjung Kim, Hideki Shishido, David N. Sheppard, Min Goo Lee, William R. Skach
10.1038/s41589-025-01866-8	2025	Native top-down proteomics enables discovery in endocrine-resistant breast cancer	Nature Chemical Biology	Fábio Pereira Gomes, Kenneth R. Durbin, Kevin L. Schauer, Jerome C. Nwachukwu, Robin R Kobylski, Jacqline W Njeri, Ciaran P. Seath, Anthony J. Saviola, Daniel B. McClatchy, Jolene K. Diedrich, Patrick T. Garrett, Alexandra Papa, Ianis Ciolacu, Neil L. Kelleher, K.W. Nettles, John R. Yates
10.1016/j.syapm.2025.126680	2025	Natronorubrum marinum sp. nov., Natronorubrum amylolyticum sp. nov., Natronorubrum halobium sp. nov., and Natronorubrum salinum sp. nov., halophilic archaea from a coastal saline-alkali land and two saline lakes	Systematic and Applied Microbiology	Ya‐Ling Mao, Yao Hu, Zhang-Ping Wu, Yaping Sun, Jing Hou, Heng‐Lin Cui
10.1186/s12917-025-04989-1	2025	Newly isolated bacteriophages show efficacy and phage-antibiotic synergy in vitro against the equine genital pathogens Klebsiella pneumoniae and Pseudomonas aeruginosa	BMC Veterinary Research	Martin Köhne, Ronja Hüsch, Elisa Peh, Juliane Hirnet, Anna Tönißen, Mathias Müsken, Madeleine Plötz, Sophie Kittler, Harald Sieme
10.1007/s00253-025-13462-w	2025	Novel tools for genomic modification and heterologous gene expression in the phylum Planctomycetota	Applied Microbiology and Biotechnology	Tom Haufschild, Jonathan B. Hammer, Nico Rabold, Veronika Plut, Christian Jogler, Nicolai Kallscheuer
10.1093/nar/gkaf224	2025	Nucleotide-level characterization and improvement of l -arabinose- and l -rhamnose-inducible systems in E. coli using a high-throughput approach	Nucleic Acids Research	Nancy M. Kim, Danqia Peng, Nicholas R. Sandoval
10.1016/j.celrep.2025.116045	2025	Opsin 5 mediates violet light-accelerated wound healing in mammalian corneas	Cell Reports	Nicolás M. Díaz, Xizhang Sun, Russell N. Van Gelder, Richard A. Lang, Ethan D. Buhr
10.1101/2025.04.27.650851	2025	PLAMseq enables the proteo-genomic characterization of chromatin-associated proteins and protein interactions in a single experimental workflow	bioRxiv (Cold Spring Harbor Laboratory)	Lourdes González-Vinceiro, Carmen Espejo-Serrano, María Eugenia Soler-Oliva, María Luisa Mateos‐Martín, Daniel Pérez Rico, Cristina González‐Aguilera, Román González‐Prieto
10.1126/sciadv.ady4151	2025	PLAMseq enables the proteo-genomic characterization of chromatin-associated proteins and protein interactions in a single workflow	Science Advances	Lourdes González-Vinceiro, Carmen Espejo-Serrano, María Eugenia Soler-Oliva, Emily Soto-Hidalgo, María Luisa Mateos‐Martín, Daniel Pérez Rico, Cristina González‐Aguilera, Román González‐Prieto
10.1071/is24103	2025	Paedomorphic adaptations in a new Heterostigma species: a novel strategy for ascidians to live in soft-bottom habitats	Invertebrate Systematics	Riccardo Virgili, Valentina Tanduo, Salvatore D’Aniello, Angelo Fontana, Xavier Turón, Fabio Crocetta
10.1109/icscss64956.2025.11500870	2025	Parallelizing Genome Sequencing Algorithms for Faster DNA Analysis		Jiya Thakur, Mahee Jain, Harshita Batta, Anju Susan George
10.1007/s10766-025-00786-3	2025	Parallelizing RNA-Seq Analysis with BioSkel: A FastFlow Based Prototype	International Journal of Parallel Programming	Valentin Beauvais, Nicolò Tonci, Sophie Robert, Sébastien Limet
10.1093/gigascience/giaf017	2025	PathoGFAIR: a collection of FAIR and adaptable (meta)genomics workflows for (foodborne) pathogens detection and tracking	GigaScience	Engy Nasr, Anna Henger, Björn Andreas Grüning, Paul F. Zierep, Bérénice Batut
10.1016/j.celrep.2025.116776	2025	Phage induction of Staphylococcus aureus pathogenicity islands promotes the CRISPR-Cas adaptive immune response	Cell Reports	Dalton V. Banh, Gregory W. Goldberg, Luciano A. Marraffini
10.1038/s42003-025-08114-8	2025	Phage-encoded enzymes found in Acinetobacter baumannii convert pseudaminic acid to 8-epipseudaminic acid	Communications Biology	Nowshin Shyara Sharar, Andrea Iovine, Cristina De Castro, Ruth M. Hall, Johanna J. Kenyon
10.1371/journal.pone.0316765	2025	Pharmacophore modeling and QSAR analysis of anti-HBV flavonols	PLoS ONE	Basireh Baei, Parnia Askari, Fatemeh Sana Askari, Seyed Jalal Kiani, Alireza Mohebbi
10.1016/j.jhazmat.2025.139683	2025	Phototrophic periphyton tolerance reflects in situ exposure to pharmaceuticals overtime – A translocation study using a pollution-induced community approach (PICT)	Journal of Hazardous Materials	Hélène Rogue, Émilie Lyautey, Chloé Bonnineau, Cécile Chardon, Frédéric Rimet, Cécile Miège, Stéphane Pesce
10.1101/2025.04.29.651274	2025	Phylogenomic framework and virulence gene boundaries of emerging Shiga toxin-producing Escherichia coli O118 informed by the comprehensive profiling of 359 O118 genomes	bioRxiv (Cold Spring Harbor Laboratory)	Irvin Rivera, S. König, Armando L Rodriguez, Joseph M. Bosilevac, Mark Eppinger
10.1016/j.plaphy.2025.109886	2025	Physiological and molecular response to drought in somatic plants from Pinus radiata embryonal masses induced at high temperatures	Plant Physiology and Biochemistry	Mikel Hurtado, Sonia Suárez-Álvarez, Ander Castander-Olarieta, Itziar  Aurora Montalbán, P. G. Goicoechea, Unai López de Heredia, Daniel Marino, Paloma Moncaleán
10.21203/rs.3.rs-7560636/v1	2025	Plant (meta)transcriptome data mining identified twenty-two putative novel taxa in the family Closteroviridae	Research Square	V. Kavi Sidharthan
10.64898/2025.12.02.691819	2025	Plant parasitic cyst nematodes respond to viral infection through RNA interference	bioRxiv (Cold Spring Harbor Laboratory)	Hein A. Overmars, Matthijs Mobach, Stefan J.S. van de Ruitenbeek, Jaap‐Jan Willig, Joris J.M. van Steenbrugge, Aska Goverse, Mark G. Sterken, Lisa van Sluijs, André Gustavo Machado Bertran
10.21203/rs.3.rs-8098172/v1	2025	Plant recognition by Trichoderma harzianum elicits upregulation of a novel secondary metabolite cluster required for colonization	Research Square	Miriam Schalamun, Guofen Li, Wolfgang Hinterdobler, Dominik K. Großkinsky, Stéphane Compant, Assia Dreux-Zigha, Jennifer Gerke, Russell John Cox, Monika Schmoll
10.1371/journal.pcbi.1012901	2025	Playbook workflow builder: Interactive construction of bioinformatics workflows	PLoS Computational Biology	Daniel J. B. Clarke, John Erol Evangelista, Zhuorui Xie, Giacomo B. Marino, Anna I. Byrd, Mano R Maurya, Sumana Srinivasan, Keyang Yu, Varduhi Petrosyan, Matthew E. Roth, Miroslav Milinkov, Charles Hadley S. King, Jeet Kiran Vora, Jonathon Keeney, Christopher M. Nemarich, William Khan, Alexander Lac
10.1016/j.aeaoa.2025.100351	2025	Population dependent alteration in urban airborne bacterial communities enriched with pathogens: A study over Delhi, India	Atmospheric Environment X	Shahina Raushan Saikh, Antara Pramanick, Natsuko Yasutomi, Akash Biswal, Sachin Dinkar Ghude, Aka Sharma, Ashok Priyadarshan Dimri, Kayo Ueda, Prabir K. Patra, Sanat Kumar Das
10.46471/gigabyte.151	2025	Portable-CELLxGENE: standalone executables of CELLxGENE for easy installation	Gigabyte	George T. Hall
10.1016/j.scitotenv.2025.180150	2025	Post-exploitation fate of alluvial goldmines in the Amazon: soil erosion, metal(loid) remobilisation and evolution of ecological functions during restoration	The Science of The Total Environment	Naomi Nitschke, Jennifer Harris, David Amouroux, Emmanuel Tessier, Cédric Legoût, Sylvain Campillo, S Taravella, Stéphane Guédron
10.1186/s12864-025-11960-9	2025	Prenatal nicotine exposure induces epigenetic alterations in the Notch signaling genes in the proximal colon in rats	BMC Genomics	Ouzna Dali, Céline Heitz‐Marchaland, Pierre-Yves Kernanec, Javier Carrion-Padilla, Baptiste Godin, Sergei G. Tevosian, Jasenka Zubcevic, Linda F. Hayward, Fatima O. Smagulova
10.1002/vms3.70439	2025	Prevalence of Salmonella, Cryptosporidium and Leptospira in Invasive Pond Slider ( Trachemys scripta ) in North‐Western Italy	Veterinary Medicine and Science	Barbara Moroni, Arianna Meletiadis, Matteo Riccardo Di Nicola, Aitor Garcia‐Vozmediano, Monica Pitti, Gloria Dipietromaria, Simona Zoppi, Stefania Bergagna, Vanessa Pinnelli, Cecilia Guasco, Pier Luigi Acutis, Paolo Pastorino, Marino Prearo, Giuseppe Esposito
10.1111/1755-0998.70040	2025	Quaternary Habitat Fluctuations and Demographic Dynamics in Turtles Inferred From Environmental Niche Modelling and Whole Genome Data	Molecular Ecology Resources	Marcella Sozzoni, Jennifer Balacco, Massimo Bellavita, Anna Brüniche–Olsen, Giulio Formenti, Nivesh Jain, Bonhwang Koo, Jacquelyn Mountcastle, Marc Palmada‐Flores, Владимир Александрович Трифонов, Guido Chelazzi, Sara Fratini, Erich D. Jarvis, Chiara Natali, Davide Nespoli, Claúdio Ciofi, Alessio Ia
10.3389/fimmu.2025.1607664	2025	RAG recombinase expression discriminates the development of natural killer cells.	PubMed	Jasmin Sprissler, Ulrich Pannicke, Eva-Maria Rump, Hubert Schrezenmeier, Nicolas Casadei, Michaela Pogoda, Laurence Kuhlburger, Morgana Barroso Oquendo, Stefan Czemmel, Klaus‐Michael Debatin, Miriam Erlacher, Klaus Schwarz, Kerstin Felgentreff
10.1038/s41467-025-56166-5	2025	RIF1 integrates DNA repair and transcriptional requirements during the establishment of humoral immune responses	Nature Communications	Eleni Kabrani, Ali Rahjouei, Maria Berruezo-Llacuna, S B Ebeling, Tannishtha Saha, Robert Altwasser, Verónica Delgado-Benito, Rushad Pavri, Michela Di Virgilio
10.1093/genetics/iyaf226	2025	Rapid promoter evolution of male accessory gland genes is accompanied by divergent expression in closely related Drosophila species	Genetics	David W. J. McQuarrie, Frannie H. S. Stephens, Alexander D Ferguson, Roland R. Arnold, Alberto Civetta, Matthias Soller
10.1016/j.neuron.2025.09.023	2025	Regionally mapped astrocytic responses to cortical and white matter stroke show differential roles in astrocyte-induced vascular remodeling	Neuron	Amy J. Gleichman, Riki Kawaguchi, Elle M. Rathbun, Michael V. Sofroniew, Stanley Thomas Carmichael
10.1093/biolinnean/blaf054	2025	Remarkable genetic and specific diversification in Boeckella (Copepoda: Calanoida) from New Caledonia suggests strong micro-endemism	Biological Journal of the Linnean Society	Coline Royaux, Nicolas Charpin, Nathalie Mary, F. Busson, Céline Bonillo, Nicolas Rabet
10.1038/s41467-025-56561-y	2025	Replication-IDentifier links epigenetic and metabolic pathways to the replication stress response	Nature Communications	Sophie C. van der Horst, Leonie Kollenstart, Amandine Batté, S.A. Keizer, Kees Vreeken, Praveen Pandey, Andrei Chabes, Haico van Attikum
10.1007/978-1-0716-5009-7_9	2025	Reproducible and Scalable Bioinformatics	Springer protocols handbooks/Springer protocols	Samuel J. Haynes, Alise  Jany Ponsero, Viet Q. Le, Andrea Telatin
10.1038/s41593-025-02006-0	2025	Response of spatially defined microglia states with distinct chromatin accessibility in a mouse model of Alzheimer’s disease	Nature Neuroscience	Alberto Ardura-Fabregat, Lance Fredrick Pahutan Bosch, Emile Wogram, Omar Mossad, Roman Sankowski, Philipp Aktories, Lina Kieger, James R Cook, Dilara Hasavci, Hatice Ulupinar, Daniel C. Brock, Fang Wang, Nicola Iovino, Samuel Wald, Sebastian Preißl, Bahtiyar Yılmaz, Daniel Schnepf, Andrew J. Macphe
10.1016/b978-0-443-15580-2.00028-x	2025	Retinal/optic nerve gene expression data analysis for nonbioinformaticians	Elsevier eBooks	Emily Victoria Adis, Sara Rodríguez, James Jarad Dollar, Stefan Kurtenbach
10.1016/j.xgen.2025.100874	2025	Ribonuclease activity undermines immune sensing of naked extracellular RNA	Cell Genomics	Mauricio Castellano, Valentina Blanco, Marco Li Calzi, Bruno Costa, Kenneth Whitaker Witwer, Marcelo Hill, Alfonso Cayota, Mercedes Segovia, Juan Pablo Tosar
10.1128/aem.02187-25	2025	Role of wind in alteration of hilltop airborne bacterial communities enriched with pathogens over the Eastern Himalayas in India	Applied and Environmental Microbiology	Shahina Raushan Saikh, Antara Pramanick, M. Mushtaque, Sanat Kumar Das
10.1111/ppl.70223	2025	Root restriction accelerates genomic target identification in quinoa under controlled conditions	Physiologia Plantarum	Davide Visintainer, Nanna Fjord Sørensen, Mengming Chen, Mai Duy Luu Trinh, Rute R. da Fonseca, Sara Fondevilla, Rosa L. López‐Marqués
10.1038/s41416-025-02963-0	2025	SETD1A-dependent EME1 transcription drives PARPi sensitivity in HR deficient tumour cells	British Journal of Cancer	Ellie Sweatman, Rachel Bayley, Richad Selemane, Martin R. Higgs
10.1242/jcs.263571	2025	SLC-25A46 regulates mitochondrial fusion through the mitofusin protein FZO-1 and is essential for maintaining neuronal morphology	Journal of Cell Science	Hiroyuki Obinata, Taisei Watanabe, H. Takahashi, Satoshi Shimo, Toshiyuki Oda, Asako Sugimoto, Shinsuke Niwa
10.1038/s42003-025-08547-1	2025	STRaM: A genetic framework for improved cell product provenance for research and clinical translations	Communications Biology	Binglin Li, Chi Hieu Le, Wen Tai Lei, Yingqi Zhou, Ying Zhang, Yanwen Wang, Yanyan Wang, Xian Li, Weiyan Zheng, Jie Sun, Yuanbiao Tu, Wangren Yang, Kuncheng Zhou, Stephene S. Meena, Yufei Li, Keying Zhu, Shuqin Zhou, Liyan Liu, Hao Chen, Qing Peng, Wenbin Qian, Ray P. S. Han, Wei Guo
10.1177/10943420251339317	2025	SWARM: Reimagining scientific workflow management systems in a distributed world	The International Journal of High Performance Computing Applications	Prasanna Balaprakash, Krishnan Raghavan, Franck Cappello, Ewa Deelman, Anirban Mandal, Hongwei Jin, Imtiaz Mahmud, Komal Thareja, Shixun Wu, Paweł Żuk, Mariam Kiran, Zizhong Chen, Sheng Di, Kesheng John Wu
10.1007/978-1-0716-4398-3_5	2025	Scalable Approach to Evaluate Plant microRNA Trimming and Tailing from Small RNA-Seq Data	Methods in molecular biology	Ileana Tossolini, Pablo A. Manavella, Agustín Lucas Arce
10.1016/j.immuni.2025.08.004	2025	Sensory neurons shape local macrophage identity via TGF-β signaling	Immunity	Julia Kolter, Clarissa-Laura Döring, Samah Sarout, Sebastian Baasch, Lloyd Steele, Reem Alsumati, Gabriel Victor Lucena da Silva, Conceição Elidianne Aníbal Silva, Isadora Marques Paiva, Zohreh Mansoori Moghadam, Vitka Gres, Florens Lohrmann, Philipp Aktories, Theresa Buchegger, Mitchell Bijnen, Lay
10.1523/jneurosci.2298-24.2025	2025	Sequence Diversity and Encoded Enzymatic Differences of Monocistronic L1 ORF2 mRNA Variants in the Aged Normal and Alzheimer's Disease Brain	Journal of Neuroscience	Juliet Nicodemus, Christine S. Liu, Linnea Ransom, Valerie Tan, William J. Romanow, Natalia E. Jiménez, Jerold J. M. Chun
10.1152/ajpheart.00193.2025	2025	Sex differences in the single-nuclei hippocampal neurovascular unit transcriptomic response to type 2 diabetes	American Journal of Physiology-Heart and Circulatory Physiology	Saivageethi Nuthikattu, Jennifer Norman, Dragan Milenković, Amparo C. Villablanca
10.1101/2025.06.12.656959	2025	Shaping a Collaborative, Sustainable, Accessible, and Reproducible Future for Computational Modeling	bioRxiv (Cold Spring Harbor Laboratory)	Manuel Guidon, Dustin Kaiser, Elisabetta Iavarone, Sylvain Anderegg, Mads Bisgaard, Cédric Bujard, Antonino Mario Cassara, Pedro Crespo-Valero, Matúš Drobuliak, Alessandro Fasse, Yury Hrytsuk, Fariba Karimi, Odei Maiz, Andrei Neagu, Taylor Newton, Javier Ordoñez, Tobias Oetiker, Ignacio Pascual, Jul
10.1186/s12864-025-11449-5	2025	Single specimen genome assembly of Culicoides stellifer shows evidence of a non-retroviral endogenous viral element	BMC Genomics	Jessica Castellanos‐Labarcena, Yoamel Milián‐García, Tyler A. Elliott, Dirk Steinke, Robert Hanner, Sarah J. Adamowicz
10.1096/fj.202500157r	2025	Skeletal Muscle Mitochondria Contain Nuclear‐Encoded RNA Species Prior to and Following Adaptation to Exercise Training in Rats	The FASEB Journal	Jessica L. Silver, Séverine Lamon, Stella Loke, Gisella Mazzarino, Larry Croft, Mark D. Ziemann, Megan Soria, Glenn David Wadley, Adam J. Trewin
10.1101/2025.01.12.631800	2025	Skeletal muscle mitochondria contain nuclear-encoded RNA species prior to and following adaptation to exercise training in rats	bioRxiv (Cold Spring Harbor Laboratory)	Jessica L. Silver, Séverine Lamon, Stella Loke, Gisella Mazzarino, Larry Croft, Mark D. Ziemann, Glenn David Wadley, Adam J. Trewin
10.1261/rna.080644.125	2025	Specific targeting of transcriptional T-box riboswitches leads to effective inhibition of S. aureus	RNA	Nikoleta Giarimoglou, Adamantia Kouvela, Athanasios Papakyriakou, Jinwei Zhang, Vassiliki Stamatopoulou, Constantinos Stathopoulos
10.1038/s41586-025-09069-w	2025	Stepwise ATP translocation into the endoplasmic reticulum by human SLC35B1	Nature	Ashutosh Gulati, Do-Hwan Ahn, Albert Suades, Yurie Hult, Gernot Wolf, So Iwata, Giulio Superti‐Furga, Norimichi Nomura, David A. Drew
10.1158/2159-8290.cd-24-1079	2025	Stromal KITL/SCF Maintains Pancreas Tissue Homeostasis and Restrains Tumor Progression	Cancer Discovery	Maria Kathrina Oñate, Chet Huan Oon, Sohinee Bhattacharyya, Vivien Low, Canping Chen, Xiaofan Zhao, Frank Arnold, Ziqiao Yan, Sneha Pramod, Yan Hang, Yu-Jui Ho, Scott W. Lowe, Seung K. Kim, Zheng Xia, Mara H. Sherman
10.1101/2025.08.12.25333156	2025	SuReCAN: a suite of user-friendly Galaxy machine learning workflows to predict survival and treatment response of cancer patients	medRxiv	Jie Ju, Daria Koppes, Andrew Stubbs, Yunlei Li
10.1016/j.jbc.2025.108382	2025	Substrate recognition in Bacillus anthracis sortase B beyond its canonical pentapeptide binding motif and use in sortase-mediated ligation	Journal of Biological Chemistry	Sophie N. Jackson, Darren E. Lee, Jadon M. Blount, Kayla A. Croney, Justin W. Ibershof, Caroline Ceravolo, Kate M. Brown, Noah J. Goodwin-Rice, Kyle M. Whitham, James McCarty, John M. Antos, Jeanine F. Amacher
10.1186/s12866-025-04442-1	2025	Sulfur starvation induces an Fe-replete response and attenuates virulence pathways in Pseudomonas aeruginosa PAO1	BMC Microbiology	Chidozie G. Ugochukwu, Tonia S. Schwartz, Tonya N. Zeczycki, Douglas C. Goodwin, Holly R. Ellis
10.1126/sciimmunol.adr0517	2025	TRAF3 is critical for initial T follicular helper cell specification via coordination of the IL-6R/IL-2R–BCL6 signaling nexus	Science Immunology	Peng Shao, Regina M. Antonetti, Tina Arkee, Emma E. Hornick, Hai‐Hui Xue, Gail Abendroth Bishop, Noah S. Butler
10.1038/s41587-025-02802-w	2025	Targeted DNA ADP-ribosylation triggers templated repair in bacteria and base mutagenesis in eukaryotes	Nature Biotechnology	Darshana Gupta, Constantinos Patinios, Harris V. Bassett, Anuja Kibe, Scott P. Collins, Charlotte Kamm, Yanyan Wang, Chengsong Zhao, Katie Vollen, Christophe Toussaint, Irene Calvin, Grégoire Cullot, Eric J. Aird, Kathryn M. Polkoff, Thuan Phu Nguyen-Vo, Angela Migur, Friso T Schut, Ibrahim S. Al’Ab
10.1038/s41586-025-09111-x	2025	Targeting GRPR for sex hormone-dependent cancer after loss of E-cadherin	Nature	Jérémy H. Raymond, Zackie Aktary, Marie Pouteaux, Valérie Petit, Flavie Luciani, Maria Wehbe, Patrick Gizzi, Claire Bourban, Didier Decaudin, Fariba Némati, Igor Martianov, Irwin Davidson, Catherine Tomasetto, Richard Mark White, Florence Mahuteau‐Betzer, Béatrice Vergier, Lionel Larue, Véronique De
10.1080/00275514.2025.2496600	2025	Targeting lignocellulolytic gene clusters in novel Trichoderma atroviride and Trichoderma harzianum strains through bacterial artificial chromosome–guided analysis	Mycologia	Paulo Henrique Campiteli, Maria Augusta Crivelente Horta, Rafaela Rossi Rosolen, Juliano Sales Mendes, Carla Cristina da Silva, Danilo Augusto Sforça, Anete Pereira de Souza
10.1016/j.jpet.2025.103772	2025	Targeting of Brahma-related gene-1 (BRG1) overcomes paclitaxel-induced multidrug resistance caused by overexpression of the subset of ATP-binding cassette (ABC) transporters	Journal of Pharmacology and Experimental Therapeutics	Karolina Gronkowska, Sylwia Michlewska, Tomasz Płoszaj, Magdalena Strachowska, Adrianna Stępień, Maciej Borowiec, Andrzej Kazimierz Bednarek, Agnieszka Robaszkiewicz
10.1007/s00705-025-06475-3	2025	Taxonomic update for the giant algal chloroviruses of the family Phycodnaviridae	Archives of Virology	Rodrigo Araújo Lima Rodrigues, João Victor R. P. Carvalho, Lethícia Ribeiro Henriques, David D. Dunigan, James L. Van Etten
10.1111/mec.17746	2025	Temporal Loss of Genome‐Wide and Immunogenetic Diversity in a Near‐Extinct Parrot	Molecular Ecology	Luke W. Silver, Katherine A. Farquharson, Emma Peel, M. Thomas P. Gilbert, Katherine Belov, Hernán E. Morales, Carolyn J. Hogg
10.1016/j.cub.2025.11.015	2025	The B-class auxin response factor MpARF2 is essential for meristem organization in free-living plant gametophytes	Current Biology	Eduardo Flores‐Sandoval, Hidemasa Suzuki, Jessica A Lazner, Liam N. Briginshaw, Tom J. Fisher, Facundo Romani, Jonathan Levins, Emi Hainiwa, Takeshi Kinami, Yusei Imai, Emi Yumoto, Masashi Asahina, Takayuki Kohchi, Ryuichi Nishihama, John L. Bowman
10.1101/2025.10.09.681428	2025	The Spirogyra genome: signatures of shared and divergent division and differentiation	bioRxiv (Cold Spring Harbor Laboratory)	Elisa S. Goldbecker, Deepti Varshney, Anja Holzhausen, Tatyana Darienko, Hong Zhou, Armin Dadras, Lukáš Pfeifer, Thomas Proeschold, Elvira López‐Gómez, Elke Woelken, Charlotte Permann, Tassilo Erik Wollenweber, Kerstin Becker, Stefanie König, Franz Hadaček, Fay‐Wei Li, Ivo Feußner, Noé Fernández‐Poz
10.12688/f1000research.172914.1	2025	The complete genome sequence of the ghost bat, Macroderma gigas	F1000Research	Luke W. Silver, Nicola Hanrahan, Sam C. Banks, Kyle N. Armstrong, Carolyn J. Hogg, Kym M. Ottewell
10.1080/23802359.2025.2594297	2025	The complete mitochondrial genome of Erigone atra Blackwall, 1833 (Araneae, Linyphiidae)	Mitochondrial DNA Part B	L. Brian Patrick, Scott R. Santos
10.1080/24701394.2025.2504422	2025	The complete mitochondrial genome of the ‘maze’ coral Meandrina meandrites (Scleractinia: Vacatina: Meandrinidae)	Mitochondrial DNA Part A	Juan Antonio Baeza, Stephanie Rosales
10.1101/2025.04.24.650367	2025	The cytokinesis associated proteins CITK and ASPM-1 regulate neuronal microtubule dynamics and polarity in C. elegans	bioRxiv (Cold Spring Harbor Laboratory)	Sunanda Sharma, Keerthana Ponniah, Anindya Ghosh‐Roy
10.1016/j.envpol.2025.126475	2025	The impact of microplastics on tissue-specific gene expression in the tropical house cricket, Gryllodes sigillatus	Environmental Pollution	Alexandra Cheslock, Jennifer  Francoise Provencher, Winston Campeau, Heath Andrew MacMillan
10.1016/j.isci.2025.112227	2025	The l,d-transpeptidation pathway is inhibited by antibiotics of the β-lactam class in Clostridioides difficile	iScience	Ana M. Oliveira Paiva, Pascal Courtin, Glenn Charpentier, Imane Oueled-Chama, Olga A. Soutourina, Marie‐Pierre Chapot‐Chartier, Johann Peltier
10.1093/nar/gkaf539	2025	The lincRNA Pantr1 is a FOXG1 target gene conferring site-specific chromatin binding of FOXG1	Nucleic Acids Research	Fabian Gather, Tudor Rauleac, Ipek Akol, Ganeshkumar Arumugam, Camila L. Fullio, Teresa Müller, Dimitrios Kleidonas, Ruth Geiss‐Friedlander, André Fischer, Andreas Vlachos, Rolf Backofen, Tanja Vogel
10.1126/sciadv.adt7463	2025	The metabolite itaconate is a transcriptional and posttranslational modulator of plant metabolism, development, and stress response	Science Advances	Tao Zhang, Amman Klair, Ziyao Tang, Abigail Tripka, Shihong Luo, Andres V. Reyes, Jihyeon Lee, Katreena Gundran, Sarah E. Noll, Xuanzhi Wang, Richard N. Zare, Shou‐Ling Xu, Adriana Garay‐Arroyo, Chu Wang, Alexandra Jazz Dickinson
10.1080/23802359.2025.2603825	2025	The mitochondrial genome of Bothriocyrtum californicum (O. Pickard-Cambridge, 1874) (Araneae, Halonoproctidae) from ultraconserved elements (UCEs)	Mitochondrial DNA Part B	Olivia C. Kern, L. Brian Patrick
10.1080/23802359.2025.2594315	2025	The mitochondrial genome of Palpimanus capensis Simon, 1893 (Araneae, Palpimanidae) from ultraconserved elements (UCEs)	Mitochondrial DNA Part B	Charlotte Merrill, L. Brian Patrick, Hannah Marie Wood, Scott R. Santos
10.1186/s12885-025-13928-0	2025	The olfactory receptor OR51E2 regulates prostate cancer aggressiveness and modulates STAT3 in prostate cancer cells and in xenograft tumors	BMC Cancer	Mikkel Thy Thomsen, Morten Busk, Dalin Zhang, Chun-Lung Chiu, Hongjuan Zhao, Fernando Jose Garcia-Marques, Abel Cuevas Bermúdez, Sharon J. Pitteri, Michael Borre, James D. Brooks, Jens Randel Nyengaard
10.1371/journal.ppat.1013759	2025	The recombinant zoster vaccine induces trained immunity in monocytes through persistent downregulation of TGFβ	PLoS Pathogens	Michael Joseph Johnson, Megan Crotteau, Debashis Ghosh, Thao Vu, Luke Trinity, Radu Marcheş, Duygu Ucar, Myron J. Levin, Adriana Weinberg
10.1016/j.isci.2025.113123	2025	Thiamine is a vitamin for plant-pathogenic powdery mildew fungi	iScience	Björn Sabelleck, Matthias Freh, Meltem Lammertz, Jennifer Browatzki, Anna-Maria Vllaho, Mariola Piślewska‐Bednarek, Paweł Bednarek, Ralph Panstruga
10.1016/j.jia.2025.12.014	2025	Tobacco pathogen-microbiome dynamics reveal dual-functional microbial resources for disease control and growth promotion	Journal of Integrative Agriculture	Yinan Ma, Junzhou Li, Jing Liu, Sasa Zheng, Peipei Wang, Wen Zeng, Jiaqi Zhang, Kaiji Liao, Hai‐Lei Wei
10.1109/ietacs68750.2025.11385378	2025	Towards Intelligent Detection of Naegleria Fowleri: A Review of Cloud-AI Integration in Imaging, Ecology, and Genomics		Nagul Shareef Shaik, Cuddapah Anitha
10.1016/j.ijpddr.2025.100614	2025	Transcriptional responses to in vitro macrocyclic lactone exposure in Toxocara canis larvae using RNA-seq	International Journal for Parasitology Drugs and Drug Resistance	Theresa A. Quintana, Matthew T. Brewer, Jeba R. J. Jesudoss Chelladurai
10.1161/jaha.125.044299	2025	Transcriptome Analysis Identified SPP1 ‐Positive Monocytes as a Key in Extracellular Matrix Formation in Thrombi	Journal of the American Heart Association	Takaya Kitano, Tsutomu Sasaki, Takahiro Matsui, Masaharu Kohara, Kotaro Ogawa, Kenichi Todo, Hajime Nakamura, Yuri Sugiura, Yuki Shimada, Shuhei Okazaki, Junichi Iida, Kohki Shimazu, Eiichi Morii, Manabu Sakaguchi, Masami Nishio, Masaru Yokoe, Haruhiko Kishima, Hideki Mochizuki
10.1101/2025.09.05.674389	2025	Transcriptome Network Biology Reveals the Neuroprotective Potential of Rosmarinic Acid Against Frontotemporal Dementia	bioRxiv (Cold Spring Harbor Laboratory)	Afreen Muhammad Arif, Prekshi Garg, Prachi Srivastava
10.1186/s12864-025-11749-w	2025	Transcriptome analysis identifies CCR7 and cell adhesion molecules as mediators of B cell migration to the bursa of Fabricius during chicken embryonic development	BMC Genomics	Milena Brunner, Catarina L. C. T. Cavaleiro, T.V.L. Berghof, Theresa von Heyl, Mohanned Naif Alhussien, Christine Wurmser, Daniel Elleder, Benjamin Schusser
10.1371/journal.pone.0322307	2025	Transcriptome insights into newcastle disease virus-mediated eradication of cholangiocarcinoma cells	PLoS ONE	Suphannee Thanyaphoo, Chanachai Sae‐Lee, Wilasinee Thaopech, Warisa Amornrit, Mutita Junking, Pa‐thai Yenchitsomanus, Naravat Poungvarin
10.1016/j.stress.2025.100756	2025	Transcriptome-derived networks reconstruct distinct immune strategies to counteract fungal infection under different iron availability between Arabidopsis and rice	Plant Stress	Antoni Garcia‐Molina, Héctor Martín‐Cardoso, María Ribaya, Blanca San Segundo, Sílvia Busoms
10.3390/biology14081034	2025	Transcriptomic Analysis of Peripheral Blood Mononuclear Cells During Ostertagia ostertagi Infection in Cattle Highlights a Generalized Host Immune Reaction	Biology	Damarius S. Fleming, Mariam Bakshi, Peter C. Thompson, Ethiopia Beshah, Wenbin Tuo
10.1002/brb3.70444	2025	Transcriptomic Dysregulation in Animal Models of Attention‐Deficit Hyperactivity Disorder and Nicotine Dependence Suggests Shared Neural Mechanisms	Brain and Behavior	Sarah Van Horn, Heather E. Driscoll, Donna J. Toufexis
10.1007/s00360-025-01606-3	2025	Transcriptomic insights into the low-salinity tolerance of the sea louse Caligus elongatus	Journal of Comparative Physiology B	Andreas Borchel, Frank Nilsen
10.1016/j.postharvbio.2025.113594	2025	Transcriptomic response of Escherichia coli O157:H7 on Romaine lettuce from harvest to storage during the pre-processing interval	Postharvest Biology and Technology	Qiao Ding, Ganyu Gu, Yaguang Luo, Xiangwu Nou, Shirley Ann Micallef
10.1101/2025.03.07.642071	2025	Transgenerational maintenance of H3K27me3 heterochromatin is balanced by chromodomain proteins in Caenorhabditis elegans	bioRxiv (Cold Spring Harbor Laboratory)	Isa Özdemir, Anna Höfler, Kamila Delaney, Joanna M. Wenda, Chengyin Li, Arneet L. Saltzman, Andreas Boland, Florian A Steiner
10.1038/s41467-025-62172-4	2025	Tumour initiated purinergic signalling promotes cardiomyocyte RBFOX1 degradation and cardiotoxicity from DNA damaging anticancer agents	Nature Communications	Saymon Tejay, Maria Areli Lorenzana Carrillo, Guocheng Huang, Seyed Amirhossein Tabatabaei Dakhili, Yuan Zhao, Farah Eaton, Michelle Mendiola Pla, Dawn E. Bowles, Adam S. Kinnaird, D. Ian Paterson, Edith Pituskin, John Reyes Ussher, Evangelos D. Michelakis, Gopinath Sutendra
10.1007/s00705-025-06258-w	2025	Unveiling the genetic diversity of the genera Enamovirus and Polerovirus through data-driven virus discovery	Archives of Virology	V. Kavi Sidharthan, Vijay Prakash Reddy, Krishnan Nagendran, B. Parameswari
10.1016/j.xhgg.2025.100424	2025	Using genetics, genomics, and transcriptomics to identify therapeutic targets in juvenile idiopathic arthritis	Human Genetics and Genomics Advances	Evan Tarbell, James N. Jarvis
10.1016/j.isci.2025.113035	2025	Variation in phenotype, genotype, and somatic diversity among asexual Schmidtea mediterranea planarians	iScience	Simon Kershenbaum, Danielle Ireland, Ziad Sabry, Christina Rabeler, Vir Shetty, Aziz A. Aboobaker, Eva‐Maria S. Collins
10.1016/j.isci.2025.112198	2025	Versatile roles of annexin A4 in clear cell renal cell carcinoma: Impact on membrane repair, transcriptional signatures, and composition of the tumor microenvironment	iScience	Maximilian Wess, Manuel Rogg, Constance Gueib-Picard, Annika Merz, Anna Laura Kössinger, Tobias Feilen, Grigor Andreev, Martin Werner, Ian J. Frew, Markus Tobias Grabbert, Oliver Schilling, Christoph Schell
10.1093/aob/mcaf066	2025	When recreational infrastructure contributes to endangered species conservation: genetic evaluation of translocated Primula vulgaris (Primulaceae) populations in a golf course area	Annals of Botany	Ludwig Triest, Fabienne Van Rossum
10.1038/s41597-025-04921-0	2025	Whole Genome Sequence of the gut commensal protist Tritrichomonas musculus isolated from laboratory mice	Scientific Data	Eliza V.C. Alves‐Ferreira, Madeline R. Galac, Hernán Lorenzi, Margaret C.W. Ho, Erick T. Tjhin, Ana Popovic, John Parkinson, Michael E. Grigg
10.1093/molbev/msaf043	2025	Widespread and Convergent Evolution of Cone Monochromacy in Galeomorph Sharks	Molecular Biology and Evolution	Nathan S. Hart, Maria Pozo-Montoro, Olivia Seeger, Laura A. Ryan, Louise Tosetto, Charlie P.M. Huveneers, Victor M. Peddemors, Jane E. Williamson, Troy F. Gaston
10.1111/febs.70323	2025	Winter‐active spiders ( Clubiona ) have a hyperactive antifreeze protein with a unique beta‐solenoid fold	FEBS Journal	Laurie A. Graham, Stano Pekár, Ina M. Hainer, Peter L. Davies
10.1101/2025.01.24.634556	2025	XDH-1 inactivation causes xanthine stone formation in C. elegans which is inhibited by SULP-4-mediated anion exchange in the excretory cell	bioRxiv (Cold Spring Harbor Laboratory)	Jennifer Snoozy, Sushila Bhattacharya, Brandon Johnson, Robin R. Fettig, Ashley Van Asma, Chloe Brede, Sophia G. Miller, Martina Ralle, Kurt Warnhoff
10.1371/journal.pbio.3003410	2025	XDH-1 inactivation causes xanthine stone formation in Caenorhabditis elegans which is inhibited by SULP-4-mediated anion exchange in the excretory cell	PLoS Biology	Jennifer Snoozy, Sushila Bhattacharya, Brandon E. Johnson, Robin R. Fettig, Ashley Van Asma, Chloe Brede, Sophia G. Miller, Martina Ralle, Kurt Warnhoff
10.1126/science.adz9239	2025	Xanthomonas coordinates type III–type II effector synergy by activating fruit-ripening pathway	Science	Trang‐Thi‐Thu Phan, Rodrigo Silva Araujo Streit, Gerald V. Minsavage, Joachim Kilian, Paloma de los Angeles Aguilera, Nan Wang, Nicolas Brich, Robert Morbitzer, Edda von Roepenack‐Lahaye, Brice Charleux, Boris Szurek, Priscila Oliveira de Giuseppe, Concetta Licciardello, Jeffrey B. Jones, Paulo José
10.1101/2025.01.31.635905	2025	YY1 protein is essential for the promotion of Muller glia reprogramming and retina regeneration	bioRxiv (Cold Spring Harbor Laboratory)	Mansi Chaudhary, Omkar Desai, Poonam Sharma, Sharanya Premraj, Pooja Shukla, Rajesh Ramachandran
10.1128/msystems.00844-25	2026	2Pipe starts with a question: matching you with the correct pipeline for MAG reconstruction	mSystems	Jeferyd Yepes-García, Laurent Falquet
10.1002/advs.202522056	2026	A Circuit of Mechanically Regulated Transcription Factors Balances Regenerative and Fibrotic Memory of Mesenchymal Stromal Cells	Advanced Science	Fereshteh Sadat Younesi, Andrew E. Miller, D Li, Xinying Guo, Natalie Andonian, Elham Karimizadeh, Thomas Harrison Barker, Boris Hinz
10.64898/2026.03.06.710105	2026	A Data-Analysis Pipeline for High-Throughput Systematic Evolution of Ligands by Exponential Enrichment (HT-SELEX) in the Characterization of Telomeric Proteins	bioRxiv (Cold Spring Harbor Laboratory)	Jonathan Williams, Valerie M. Tesmer, Sagarika Kannoly, Hiroki Shibuya, Jayakrishnan Nandakumar
10.1139/gen-2026-0028	2026	A Drosophila teissieri I-element retrotransposon’s ORF1p shows RNA binding cis -preference in the D. melanogaster female germline	Genome	Lauren Miller, Denise V. Clark
10.21203/rs.3.rs-9902298/v1	2026	A Nine-Category Hepatic Transcriptomic Classification Framework Identifies Coordinated Cholesterol Biosynthesis Suppression and Fructose-Specific Regulatory Variants in Dietary NAFLD	Research Square	Jian Zhang
10.1371/journal.pone.0342806	2026	A course-undergraduate research experience (CURE) to explore the effect of structural variants on gene expression in C. elegans balancers	PLoS ONE	Tatiana Maroilley, Victoria Rodrigues Alves Barbosa, Rumika Mascarenhas, Suzanne Ferris, Catherine Diao, Fatemah AlAwadhi, Saood Aldakheel, Ahmad Ali, Denah Alkanderi, Meshary Alshatti, Samyah Alsuwaileh, Ryan Bui, Bentley Chai, Lara Dsouza, Parisa Etemadi Nezhad, Emily Garcia-Volk, Zainub Haq, Sade
10.64898/2026.06.08.730919	2026	ARID1A orchestrates the activity of FOXA1 and AP-2 transcription factors in lobular breast cancer cells	bioRxiv (Cold Spring Harbor Laboratory)	Naomi L Eastwood, Robert B. Clarke, Andrew D Sharrocks, Sankari Nagarajan
10.64898/2026.05.16.724131	2026	AbSolution and ENCORE: a proof-of-concept for automating computational reproducibility in interactive applications	bioRxiv (Cold Spring Harbor Laboratory)	Rodrigo Garcia-Valiente, Samuel H. Langton, Antoine H. C. van Kampen
10.1016/j.envpol.2026.128882	2026	Additives in microplastics shape biofilm composition during aging and favour antibiotic-resistant microorganisms	Environmental Pollution	Barbara Klun, Živa Cotič Zidar, Anja Klančnik, Mark Starin, Janja Novak, Ula Rozman, Nataša Čelan Korošin, Changhae Kim, Jinho Jung, Gabriela Kalčíková
10.1093/jhered/esag049	2026	An annotated, chromosome-level genome for the spotted turtle, Clemmys guttata	Journal of Heredity	Caleb J. Krueger, Robert D. Cooper, Arun Sethuraman, Howard Bradley Shaffer
10.3389/fmicb.2026.1905746	2026	Antibiotic resistance increases evolvability and maximizes opportunities across fitness landscapes	Frontiers in Microbiology	Fabrizio Spagnolo, Daniel E. Dykhuizen
10.7717/peerj.20614	2026	Autotrophic methylotrophy with no methanol dehydrogenase (MDH) in a strain of fluorescent Pseudomonas	PeerJ	Paolo De Marco
10.7554/elife.106342.3	2026	BICC1 interacts with PKD1 and PKD2 to drive cystogenesis in ADPKD	eLife	Uyen Tran, Andrew J. Streets, Devon Smith, Decker Eva, Annemarie Kirschfink, Lahoucine Izem, Jessie M Hassey, Briana Rutland, Manoj Kumar Valluru, Jan Hinrich Bräsen, Elisabeth B. Ott, Daniel Epting, Tobias Eisenberger, Albert Chee Meng Ong, Carsten Bergmann, Oliver Wessely
10.1007/s00395-026-01191-8	2026	Bicuspid aortic valve stenosis is characterized by increased angiogenesis, inflammation, and a higher valvular-to-systemic calcification ratio than tricuspid aortic valve stenosis	Basic Research in Cardiology	Alexander Brückner, Adrian T. Brandtner, Sarah Rieck, Hannah Billig, Werner Masson, Anna Weber, Farhad Bakhtiary, Wilhelm Röll, C Bourauel, Frank A. Schildberg, Baravan Al‐Kassou, Sebastian Zimmer, Daniela Wenzel, Bernd K. Fleischmann
10.3389/fmicb.2026.1913362	2026	Bioinformatic tools for microbiome analysis: from raw sequences to biological insights	Frontiers in Microbiology	Jenna Poelzer, Wishart David S.
10.1038/s44318-026-00759-3	2026	CDKAL1 dysfunction impairs lysine codon translation in podocytes and accelerates chronic kidney disease	The EMBO Journal	Hiroko Nagata, Yu Nagayoshi, Takeshi Chujo, Hitomi Kaneko, Kayo Nishiguchi, Yutaka Kakizoe, Hiroko Ijima, Korin Sakakida, Takeshi Masuda, Sumio Ohtsuki, Fan‐Yan Wei, Yukie Takahashi, Takaichi Fukuda, Hideaki Jinnouchi, Yuki Adachi, Ryosuke Yamamura, Koki Matsushita, Masataka Adachi, Hideki Yokoi, Ki
10.1038/s41598-026-52476-w	2026	Characterisation of Kothea flammea gen. nov., sp. nov., a planctomycete of the family Pirellulaceae isolated from Fjord Schlei in the Baltic Sea	Scientific Reports	Gaurav Kumar, Nicolai Kallscheuer, David Appiah, Jonathan Hammer, Tom Haufschild, Christian Jogler
10.1186/s12864-026-12602-4	2026	Characterization and geographical variation of the mitochondrial genome in the Azure-winged Magpie (Cyanopica cyanus)	BMC Genomics	Yu Zhang, Shixian Song, Wenshu Zhang, Yingbao Liu, Shaobin Li
10.21203/rs.3.rs-10863387/v1	2026	Chromosome-level genome of the white jade snail reveals conserved genomic architecture and functional divergence from wild Achatina fulica	Research Square	Hai Liu
10.1093/plphys/kiag194	2026	Citric acid alters Arabidopsis root morphology and development through ROS-dependent and ROS-independent mechanisms	PLANT PHYSIOLOGY	Tianqi Zhang, Jesus T. Peng, Jie Chu, Shihong Luo, Jihyeon Lee, Diana Belén Sánchez Rodríguez, Katreena Gundran, Xuan Xia, Adriana Garay‐Arroyo, Jocelyn A. Richardson, Alexandra Jazz Dickinson
10.1021/acssynbio.6c00166	2026	Combinatorial Optimization of Protein Systems in Synthetic Cells	ACS Synthetic Biology	Marijn van den Brink, Nico J. Claassens, Christophe Danelon
10.64898/2026.02.25.707944	2026	Combinatorial optimization of protein systems in synthetic cells	bioRxiv (Cold Spring Harbor Laboratory)	Marijn van den Brink, Nico J. Claassens, Christophe Danelon
10.3390/genes17080949	2026	Comparative Mitogenomics of Four Anomala Species and a Phylogenetic Reassessment of Scarabaeidae	Genes	Guang Zeng, Jing Yin, Jianrong Huang, Xian‐Yi Wang, Songxian Yan
10.1038/s41598-026-44555-9	2026	Comparative genomics and biocontrol potential of five Bacillus strains isolated from grapevine rhizosphere	Scientific Reports	Denise M. Lajoinie, Ramiro Rocco Welsh, Constanza Rey, Juliet F. Nilsson, Andrés Martín Toscani, Amaru Miranda Djurhuus, Diego H. Sauka, Lars Hestbjerg Hansen, Edgardo C. Jofré, Mariano Pistorio
10.1186/s12866-026-04934-8	2026	Comprehensive and comparative genomic analysis of a novel strain, Peredibacter starrii HCB2-198, to identify features of the genus	BMC Microbiology	Shuxin Tan, Temidayo Oluyomi Elufisan, Xianwu Guo, Qiaoyun Huang, Wenli Chen
10.3390/antibiotics15080804	2026	Computational Genomics for Resistome Characterization: Current Advancements and Future Challenges Under a One Health Perspective	Antibiotics	Lenin García Gutiérrez, Alfonso Méndez-Tenorio, Mario Ángel López-Luis, Sandra Alejandra Ávila-Huerta, G. León-Ávila, Santiago Castaño-Valencia, Gabriela Ibáñez-Cervantes
10.1007/978-1-0716-5080-6_6	2026	Computational Microbial and Viral Ecology Analysis	Methods in molecular biology	James C. Kosmopoulos, Karthik Anantharaman
10.1016/j.bpj.2026.03.046	2026	Conformational free energy landscape of sorting signal peptides in complex with bacterial sortases	Biophysical Journal	Kayla A. Croney, Clarissa Huisman, Raymond Brock, Kyle M. Whitham, Jeanine F. Amacher, James McCarty
10.1186/s43042-026-00897-7	2026	Context-dependent interactions between immune checkpoint and epithelial-mesenchymal transition programs shape the tumor microenvironment in esophageal squamous cell carcinoma	Egyptian Journal of Medical Human Genetics	Mehdi Montazer, Fatemeh Fardi Golyan, Majedeh Ramian Yarasmi, Fereshte Hossein, Mehran Gholamin, Reihaneh Alsadat Mahmoudian
10.1111/jfb.70325	2026	Correlation between DNA methylation and transcriptomic changes in golden Asian sea bass ( Lates calcarifer ): An integrated approach	Journal of Fish Biology	Roberta Marcoli, David B. Jones, Cécile Massault, Michael D. Moran, P. J. Harrison, H. S. Cate, D. R. Jerry
10.1126/sciadv.adx9868	2026	Critical role for the TGF-β1/mTORC1 signaling axis in defining the transcriptional identity of CTHRC1 + pathologic fibroblasts	Science Advances	Jo-Anne A M Wilson, Rachel Walters, Greg Contento, Madeleine Rossanese, Delphine Guillotin, Alexander I. Ward, Robert E. Hynds, Mariam Jamal‐Hanjani, Naftali Kaminski, Silvia Parolo, Manuela Platé, Rachel Clare Chambers
10.3389/fmicb.2026.1787083	2026	Culture, qPCR, and genome-based surveillance of blaKPC, blaNDM, and blaVIM in school wastewater from Santiago, Chile	Frontiers in Microbiology	Andrés Cortez-Astorga, Diego Lira-Velásquez, Richard Covarrubia-López, Juan Castro‐Severyn, Gabriel I. Krüger, Nicolás Pacheco, Aldo A. Gaggero, Francisco Remonsellez, Sofia Quintana, Felipe Vásquez‐Ponce, Claudia P. Saavedra, Jorge Olivares-Pacheco
10.1007/s40009-026-02073-2	2026	Decoding the Genetic Basis of Phenotype of Mutant Seri-Genetic Germplasm Resources Using Repository RNA-Seq Datasets: A Data Mining Workflow	National Academy Science Letters	Raju Mondal, Ritwika Sur Chaudhuri, Tanya Ahmed Sheik, Lokesh Gangadharaiah, Deepak Vijayan, Nishitha Naik V., Manthira Moorthy S.
10.26508/lsa.202603659	2026	Development of K-CORE: a web-based platform for integrated clinico-genomic analysis	Life Science Alliance	Juyeon Hwang, Jae Woo Ahn, Jae Wook Lee, So‐Youn Jung, Eun-Gyeong Lee, Heejung Chae, Harim Koo, Hyosoung Cha, Jae‐Joong Kim, Kwangmin Kim, Dongwoo Lee, J.H. Park, Sun-Young Kong, Kui Son Choi, Hyun-Jin Kim
10.1158/0008-5472.can-24-2758	2026	Discovery and Evaluation of Biomarkers for Triple-Negative Breast Cancer Subtypes Uncovers Patient Stratification and Targeted Therapeutic Strategies	Cancer Research	Daniel Ortega-Álvarez, David Tébar-García, Marta Casado-Peláez, David Olivares-Osuna, Elena Castillo-Agea, Joan Balibrea-Rull, Rosa Angélica Barbella-Aponte, David Pérez-Parra, E. Musulen, Cristina Guardia, Elena Vinuesa-Pitarch, Maria E. Sánchez-López, Fátima Postigo-Corrales, Ester Ballana, Anna M
10.1016/j.ymben.2026.102520	2026	Discovery, identification of tricyclic sesquiterpene avermitilol synthase, and its heterologous production in plasmid-free Corynebacterium glutamicum	Metabolic Engineering	Seong-Eun Kim, Yeo Rang Cho, Hyun Jeong Lee, Sang Yup Lee, Ki Hyun Kim, Han Min Woo
10.1038/s41598-026-61767-1	2026	Dissecting flowering time and flower color in Carum carvi utilizing a long-read draft genome and a GBS-based QTL mapping	Scientific Reports	Daniel von Maydell, Fang-Shiang Lim, Martin Junghanns, Yvonne Poeschl, Holger Budahn, Frank Marthe, Jens Keilwagen, Thomas Schmutzer
10.1016/j.ymthe.2026.02.043	2026	Elevated MANF expression in β cells protects mice from streptozotocin-induced diabetes by attenuating islet stress and immunogenicity	Molecular Therapy	Huini Li, Tatiana Danilova, Erik Palm, Emmi Pakarinen, Julia Kiva, Tõnis Org, Tapani K Koppinen, Elina T. Hakonen, Indrek Teino, Merja H. Voutilainen, Timo Otonkoski, Maria Lindahl
10.1111/1348-0421.70052	2026	Emergence and Genomic Characterization of a Hypervirulent Klebsiella pneumoniae Isolate From a New Clone in Brazil	Microbiology and Immunology	Carlos Henrique Camargo, Ana Beatriz Nascimento Costa, Amanda Yaeko Yamada, Daniel de Sena Miranda, Pedro Smith Pereira Ferraro, Andréia Rodrigues de Souza, Amanda Maria de Jesus Bertani, Karoline Rodrigues Campos, Marlon Benedito Nascimento Santos, Rafaela Mastrangelo Rissetti, Carolina Lechinski d
10.1007/s10456-026-10080-6	2026	Endothelial Epac1 facilitates YAP/TAZ controlled melanoma growth and angiogenesis	Angiogenesis	Yohanes Cakrapradipta Wibowo, Nan Ma, Yonggang Ren, Julio Cordero, Johannes Gahn, Zihao Chen, Magdalena Levay, Roxana Ola, Yuxi Feng, Gergana Dobreva, Harald Langer, Thomas Wieland, Christiane Vettel, Sepp Jansen
10.1073/pnas.2531099123	2026	Evolutionary adaptations to the hormonal regulation of vascular tissue development	Proceedings of the National Academy of Sciences	Wei Xiao, Eline Verhelst, Ling Yang, Yuji Ke, Bert De Rybel
10.1038/s42003-026-10927-0	2026	Evolutionary dynamics of plant cell wall-degrading enzymes reflects feeding ecology in weevils	Communications Biology	Na Ra Shin, Roy Kirsch, Heiko Vogel, Alexander Riedel, Martin Kaltenpoth, Yannick Pauchet
10.3390/biology15120940	2026	Exploratory Metaviromic Analysis of the Sea-Rock Pool Mosquito Aedes mariae and the Water of Its Breeding Habitat	Biology	Pamela Mancini, David Brandtner, Giulia Cordeschi, M. Iaconelli, Valentina Mastrantonio, Giuseppina La Rosa, Daniele Porretta
10.1093/nar/gkag081	2026	Exploring the regulatory potential of RNA structures in 202 cyanobacterial genomes	Nucleic Acids Research	Adrian Sven Geissler, Elena Carrasquer-Alvarez, Christian Anthon, Niels‐Ulrik Frigaard, Jan Gorodkin, Stefan E. Seemann
10.1210/jendso/bvag033	2026	Exposure of male mice to nicotine leads to metabolic dysfunction in their male and female offspring	Journal of the Endocrine Society	Stephanie Rose Aguiar, Truman Natividad, Daniel Davis, Carlos Díaz-Castillo, Raquel Chamorro-García
10.3389/fpls.2026.1873582	2026	Flavescence dorée phytoplasma infection represses the transcription of the lignin pathway in Vitis vinifera cv. Pinot noir without compromising monolignol accumulation	Frontiers in Plant Science	Christophe Debonneville, A.E. Hoste, Mathieu Mahillon, Frédéric Vuichard, Ágnès Dienes-Nagy, Isabelle Kellenberger, Jasmine Cadena i Canals, Olivier Schumpp
10.1007/s10482-026-02377-9	2026	Genetic determinants of disinfectant and antibiotic resistance, and virulence factors in Enterococcus faecalis isolated from a pasteurized crab canning environment	Antonie van Leeuwenhoek	Sabila Diana Ahmad Sauqi, Siti Nurjanah, Uswatun Hasanah, Asadatun Abdullah
10.64898/2026.04.18.719346	2026	Genetic diversity and antimicrobial susceptibility pattern of Shiga toxin-producing Escherichia coli and Campylobacter spp. isolated from healthy goats in southern Thailand	bioRxiv (Cold Spring Harbor Laboratory)	Ratchakul Wiriyaprom, Ruttayaporn Ngasaman, Domechai Kaewnoi, Sakaoporn Prachantasena
10.1186/s12860-026-00570-2	2026	Genetic suppressor of autophagy defects in huntingtin null cells identified using a mutagenesis screen in Dictyostelium discoideum	BMC Molecular and Cell Biology	Lauren T. Cuoco, Shelbi E. Gill, Luc Francois, Sarah Souders, Caroline DeMasi, Jeffrey R. Moore, Frédéric J. J. Chain
10.21203/rs.3.rs-8476110/v1	2026	Genome-Scale Analysis Reveals Strain Kdesi as a Distinct Evolutionary Lineage and Extensive Cryptic Diversity in the Genus Bdellovibrio	Research Square	Temidayo Oluyomi Elufisan, Isabel Cristina Rodríguez-Luna, Yewande Olajumoke Ajao, Ibukun John Abulude, Alejandro Sánchez-Varela, Omotayo Opemipo Oyedara, Ronald Ferrera-Cerrato, Miguel Angel Villaloboz_Lopez, Xianwu Guo
10.1007/s12042-026-09483-y	2026	Genome-Wide Investigation of Eggplant JAZ Genes in Response to Herbivory	Tropical Plant Biology	Ian Bien M. Oloc-oloc, Eureka Teresa M. Ocampo, Lourdes D. Taylo, Desiree M. Hautea
10.3389/fbrio.2025.1718207	2026	Genomic characterization of Corynebacterium diphtheriae isolates from human origin in Brazil, 1974-2024	Frontiers in Bacteriology	Sérgio Bokermann, Cláudio Tavares Sacchi, Ana Paula Silva de Lemos, Elizabeth Harummyy Takagi, Marlon Benedito Nascimento Santos, Rosemeire Capoani Almendros, Karoline Rodrigues Campos, Enéas Carvalho, Carlos Henrique Camargo
10.3389/fimmu.2026.1842240	2026	HK2 knockdown is associated with context-dependent inflammatory and angiogenesis-related transcriptional programmes in glioblastoma cells	Frontiers in Immunology	Christopher Edwards, Taylor Richards, Hafid Omar Al-Hassi, Surya Prakash Shivakumar, Benjamin Small, Kate Butcher, Prof Tracy Warr, Dr Mark Morris, Timothy Dawson, Michael D. Jenkinson, Katherine Karakoula
10.1007/s13205-026-04876-y	2026	High-throughput virome profiling reveals squash vein yellowing virus in bottle gourd and cucumber in India	3 Biotech	Nagendran Krishnan, V. Kavi Sidharthan, R. Vinoth Kumar, Sudhakar Pandey, Pradip Karmakar, Tribhuvan Chaubey, V. Balasubramanian, R. Selvarajan
10.1007/s42979-026-05076-4	2026	Hybrid Streaming Workflows for Scalable Visualization in Astronomy and Cosmology	SN Computer Science	E. Sciacca, Nicola Tuccari, Marco Edoardo Santimaria, Valentina Cesare, Fabio Vitello, Alberto Mulone, Doriana Medić, Iacopo Colonnelli
10.1155/humu/4463081	2026	Identification of a Novel Founder EYA4 Structural Variant in North America	Human Mutation	Jacquelyn K. DeVries, Miles J. Klimara, Arthur Duston Odell, Diana L. Kolbe, Nicole Meyer, Paige L. Harlan, Héla Azaiez, Richard J. Smith
10.1177/1098612x261433664	2026	Identification of within-host deletions in domain 0 of the spike gene of pathogenic feline coronavirus type 2 from the USA	Journal of Feline Medicine and Surgery	Ximena A. Olarte-Castillo, Abigail B. Schlecht, Kelly L. Sams, Laura B. Goodman, Gary WHitaker
10.1126/sciadv.aed0860	2026	Image-based phenotypic sorting of synthetic cells	Science Advances	Marijn van den Brink, Michiel van der Stam, Nico J. Claassens, Christophe Danelon
10.1002/mbo3.70273	2026	Imported Retail Beef and Chicken Meat Products Serve as Reservoirs for Emerging Antibiotic‐Resistant Pathotypes of Escherichia coli in Pristine Areas Free From Agricultural Activity	MicrobiologyOpen	Saehah Yi, K. A. Alexander, Auja Bywater, Galaletsang Dintwe, Ashton N. Sies, Thomas H. Haidl, Andrew D. S. Cameron, Monica A. Ponder
10.5772/intechopen.1015803	2026	In Silico Molecular Docking of Indonesian Medicinal Plants: Garcinia mangostana, Eurycoma longifolia, Brucea javanica and Momordica charantia as Neuraminidase Inhibitors Against H5N1	Pharmaceutical science.	Ezekiel Hariara Gintar Sembiring Meliala, Eufrasia Cicero Siswan, Evelyn Catrina Sudianto, Frederick Jason, Gracella Fidelia, Finley Jakov Jap, Freya Medelline, Fachrul Hafiziva, Arli Aditya Parikesit
10.1038/s41388-026-03851-4	2026	In vivo CRISPR knockout screen identifies Polr1a as a key driver and a potential therapeutic target for melanoma metastasis	Oncogene	Anna F. Fakhardo, Chethana P. Gowda, Emily Johnson, Ricardo Petroni, Vivek S. Tomar, Zhaoyong Liu, Mario Andres Blanco, Jacob Janssen, Irina A. Elcheva, Matthew Lanza, Serge Yu. Fuchs, Vladimir S. Spiegelman
10.1007/s11259-026-11393-z	2026	Incidence of Streptococcus spp. and whole genome sequencing of Streptococcus agalactiae isolated from cow’s milk samples in Brazil	Veterinary Research Communications	Rafaela Martins Morasi, Bruna Lourenço Crippa, Clarice Gebara, Hélio Langoni, Carlos Henrique Camargo, Luiz Gustavo de Matos, André Thaler Neto, Mônica Correia Gonçalves, Nathália Cristina Cirone-Silva
10.1007/s00203-025-04712-6	2026	Integrated genome mining and phytohormone profiling of six plant growth-promoting elite bacterial strains	Archives of Microbiology	Tairine Graziella Ercole, Rafaella Liviero, Leonardo Araújo Terra, Guilherme Julião Zocolo, Milena Serenato Klepa, Renan Augusto Ribeiro, Marco Antonio Nogueira, Mariangela Hungria
10.3390/ijms27062916	2026	Ligand-Dependent and -Independent Functions of Activation Function 1 of Progesterone Receptor in Genome-Wide Gene Regulation and in Cell Proliferation and Apoptosis of Breast Cancer Cells	International Journal of Molecular Sciences	Pheck Khee Lau, Bernett Lee Teck Kwong, Shi Hao Lee, Chew Leng Lim, Qian Yee Woo, Amanda Rui En Woo, Jace Koh, Valerie C. L. Lin
10.1242/bio.062573	2026	Maternal obesity in rats results in male-specific increases in genome-wide DNA methylation in postnatal offspring liver	Biology Open	Neil A. Youngson, Susan Corley, Kyoko Hasebe, Aynaz Tajaddini, Michael D. Kendig, Margaret J. Morris
10.1016/j.crmeth.2026.101340	2026	Metapipeline-DNA: A comprehensive germline and somatic genomics Nextflow pipeline	Cell Reports Methods	Yash Patel, Chenghao Zhu, Takafumi N. Yamaguchi, Nicholas K. Wang, Nicholas Wiltsie, Nicole Zeltser, Alfredo E. Gonzalez, Helena K. Winata, Yu Pan, Mohammed Faizal Eeman Mootor, Timothy Sanders, Sorel T. Fitz‐Gibbon, Cyriac Kandoth, Julie M. Livingstone, Lydia Liu, Benjamin Carlin, Aaron Holmes, Jie
10.1038/s41598-026-40828-5	2026	Metatranscriptomics analysis reveals the cotton virome in the southern United States	Scientific Reports	Cesar Escalante, Anyi M. Reyes, Chaoyang Zhao, Kipling Shane Balkcom, Alana L. Jacobson, Amanda L. Strayer-Scherer, Kathleen M. Martin, Jenny Koebernick, Anders S. Huseth, Edmund Kozieł, Ian Small, Jeremy K. Greene, Katarzyna Otulak-Kozieł, Michael J. Mulvaney, Paul P. Price, Ricardo I. Alcalá Brise
10.64898/2026.08.12.744166	2026	MicroRNAome of Spodoptera frugiperda in Response to SfMNPV Infection	bioRxiv (Cold Spring Harbor Laboratory)	Santiago M. Gómez Bergna, Leslie C. Amorós Morales, Abril González Abad, Josefina Vilches, Silvana E. Tongiani, Ricardo Salvador, Vı́ctor Romanowski, Matías L. Pidre, María Leticia Ferrelli
10.64898/2026.02.26.708205	2026	Microbial communities in Ornithodoros phacochoerus ticks: spatial structure and influence of African swine fever virus infectious status	bioRxiv (Cold Spring Harbor Laboratory)	Florian Taraveau, David Bru, Hélène Jourdan‐Pineau, Elsa Lameira, Carlos João Quembo, Mélanie Jeanneau, Maxime Duhayon, Antonia Andrade, Alberto Francisco, Jacinto Chapala, Thomas Pollet
10.1007/s00284-026-05050-6	2026	Moraxella tarda sp. nov., a Novel Species Isolated from Nasal Cavity of Cattle with Infectious Bovine Keratoconjunctivitis	Current Microbiology	Robert Domingues, Clarissa Vidal de Carvalho, Daniele Ribeiro de Lima Reis Faza, H. B. Comin, Newton V. Verbisck, Alessandra Figueiredo de Castro Nassar, Wanessa Araújo Carvalho, F. F. Cardoso, Alessandra Barbosa Ferreira Machado, Marta Fonseca Martins, Emanuelle Baldo Gaspar
10.1590/s1984-29612026032	2026	NGS‑based characterization of Eimeria spp. prevalence and diversity in broiler farms in northwestern São Paulo State, Brazil	Revista Brasileira de Parasitologia Veterinária/Brazilian Journal of Veterinary Parasitology	Guilherme Zaratin Dumalakas, Bruna Matarucco Sampaio Beretta, Priscila Kataoka, Bruno Ferraz Itoyama, Brayan Kurahara, Marcelo Vasconcelos Meireles
10.64898/2026.04.09.715363	2026	Paralogous guanine deaminases acquired from bacteria by horizontal gene transfer promote purine homeostasis in Caenorhabditis elegans	bioRxiv (Cold Spring Harbor Laboratory)	Sushila Bhattacharya, Lisa Fischer, Evrim Fer, Jennifer Snoozy, Grace N. Hagedorn, Marco Herde, Betül Kaçar, Claus‐Peter Witte, Kurt Warnhoff
10.1016/j.meegid.2026.106026	2026	Phylogenetic analysis reveals cocirculation genotype of all four dengue virus serotypes in Thailand	Infection Genetics and Evolution	Atchareeya A-nuegoonpipat, Piraporn Utachee, Surapee Anantapreecha, Nathamon Kosoltanapiwat, Akanitt Jittmitraphap, Wirichada Pan-ngum, Takeshi Kurosu, Vivek R. Nerurkar, Sutee Yoksan, Pornsawan Leaungwutiwong
10.1080/21505594.2026.2672206	2026	Phylogenomic framework and virulence gene boundaries of emerging Shiga toxin-producing Escherichia coli O118 informed by the comprehensive profiling of 359 O118 genomes	Virulence	Irvin Rivera, Sara S. K. Koenig, Armando L Rodriguez, Joseph M. Bosilevac, Mark Eppinger
10.1371/journal.pone.0323038	2026	Physicochemical and microbiome changes in queso Crema de Chiapas during ripening	PLoS ONE	Blanca Nayelli Ocampo Morales, Arturo Hernández Montes, Karel Estrada, Ernestina Valadez Moctezuma
10.1038/s41598-025-33935-2	2026	Plant recognition by Trichoderma Harzianum elicits upregulation of a novel secondary metabolite cluster required for colonization	Scientific Reports	Miriam Schalamun, Guofen Li, Wolfgang Hinterdobler, Dominik K. Großkinsky, Stephane Compant, Assia Dreux-Zigha, Jennifer Gerke, Russell John Cox, Monika Schmoll
10.1007/s00705-026-06537-0	2026	Plant transcriptome data mining identified twenty-two putative novel taxa in the family Closteroviridae	Archives of Virology	V. Kavi Sidharthan
10.1038/s41467-026-71449-1	2026	Proviral NUP153 binding to viral proteins and RNA regulates structural–nonstructural protein ratios in orthoflavivirus infection	Nature Communications	Marie B. A. Peters, Richard P. Lindqvist, Eszter Kassa, Wai‐Lok Yau, Pallabi Sengupta, Isabell Niedermoser, Gisa Gerold, Nasim Sabouri, Ylva Ivarsson, Richard Lundmark, Anna K. Överby
10.1556/030.2026.02794	2026	Resistome and phylogenomic analysis of trimethoprim–sulfamethoxazole-resistant Stenotrophomonas maltophilia complex isolates obtained from Bulgarian hematopoietic stem cell transplant recipients	Acta Microbiologica et Immunologica Hungarica	Tanya Strateva, Denis Niyazi, Temenuga Stoeva, Slavil Peykov
10.1161/circresaha.125.327301	2026	Reversible Fibroblast Trajectories Regulated by MR Underlie Diastolic Dysfunction	Circulation Research	David Meral, Argen Mamazhakypov, Duygu Koca, Debanjan Mukherjee, Christos Kamaras, Ramona Emig, Rémi Peyronnet, Sebastian Preißl, Achim Lother
10.1186/s12859-025-06339-2	2026	SPAC: a scalable and integrated enterprise platform for single-cell spatial analysis	BMC Bioinformatics	Fang Liu, Rui He, Thomas Sheeley, David A. Scheiblin, Stephen Lockett, Lisa A. Ridnour, David A. Wink, Mark Jensen, Janelle Cortner, George Zaki
10.1126/scitranslmed.adz7727	2026	Selective translation of ZNF281 as part of the integrated stress response system has therapeutic relevance for cardio-oncology	Science Translational Medicine	Maria Areli Lorenzana-Carrillo, Saymon Tejay, Guocheng Huang, Joseph Nanoa, Yuan-Yuan Zhao, Cory Wagg, Farah Eaton, Michelle Mendiola Pla, Dawn E. Bowles, Adam S. Kinnaird, Evangelos D. Michelakis, Seyed Amirhossein Tabatabaei Dakhili, John Reyes Ussher, Gopinath Sutendra
10.1186/s12864-026-13004-2	2026	Strategies for integrating whole-genome sequencing into antimicrobial resistance surveillance	BMC Genomics	Younggwon On, Eun-Jeong Yoon
10.1021/acsinfecdis.6c00443	2026	Strathclyde Minor Groove Binders Bearing Amidine Tail Groups are Effective against Gram-Positive Bacterial Pathogens	ACS Infectious Diseases	Charlotte K. Hind, Kaveh Eskandari, Leah M. C. McGee, Rebecca Beveridge, Louise C Young, Edward Hutchings, Matthew E. Wand, Melanie Clifford, J. Mark Sutton, Fraser J. Scott
10.64898/2026.04.14.718377	2026	Stressostat cultivation of Lactococcus lactis improves lactate stress resistance through mutations in RNA polymerase	bioRxiv (Cold Spring Harbor Laboratory)	Sylviani Hartono, Henriette Lyng Røder, Sjef A. Boeren, Daan C. Swarts, Tjakko Abee, Eddy J. Smid, Oscar van Mastrigt
10.1016/j.micres.2026.128706	2026	Stressostat cultivation of Lactococcus lactis improves lactate stress resistance through mutations in RNA polymerase	Microbiological Research	Sylviani Hartono, Henriette Lyng Røder, Sjef Boeren, Daan C. Swarts, Tjakko Abee, Eddy J. Smid, Oscar van Mastrigt
10.1371/journal.pone.0336765	2026	Structure-based pharmacophore modeling, high-throughput screening, and molecular dynamics identify a novel DrugBank-derived HIV-1 protease inhibitor	PLoS ONE	Ali Sultan Khazaal Nazal, Amjed Majid Rashid Alrashedi, Lamia Abdultef Risan Al-Iessa, Mustafa Abdulkadhim Hussein Ali Rabeea
10.3390/ijms27062884	2026	Systems-Level Analysis of HPAI H5N1 Infection in Ducks: Integrating Transcriptomic, Proteomic, and Phosphoproteomic Data	International Journal of Molecular Sciences	P. S. Vijayakumar, Anamika Mishra, Kandasamy Rajamanickam, Ashwin Ashok Raut
10.1007/978-1-0716-5194-0_16	2026	Targeting Collagens and LOX Through Plant-Derived MicroRNAs (XenomiRs)	Methods in molecular biology	Paraskevi Ioannou, Sylvia Mangani, Elias Katsoulieris, Katerina‐Marina Pilala, Konstantinos Soureas, Andreas Scorilas, Irit Sagi, Margaritis Avgeris, Nikolaos A. Afratis
10.3389/fviro.2026.1815667	2026	Tracking the phylogenetic profile of the MF-non-coding region of measles virus	Frontiers in Virology	Matteo Fracella, Arnold Knijn, Enrico Palermo, Daniele Di Carlo, Glória Colonnelli, Massimo Gentile, Luca Maddaloni, Alessandra Pierangeli, Carolina Scagnolari, Alessandra Lo Presti
10.1038/s43587-026-01175-2	2026	Trained immunity links hematopoietic stem cell aging to aging-associated inflammation	Nature Aging	Wei‐Chieh Mu, Marine Barthez, Yufan Feng, Yu Chen, Chih-Ling Wang, Jing-Yi Huang, Jie Li, Paul Lanhart, Clair Tsui, Yang Joon Kim, Eric M. Verdin, Mihai Gheorghe Netea, Danica Chen
10.3389/fvets.2026.1764747	2026	Transcriptomic and differential gene analysis investigating the differences in biological behaviour between subtypes of feline alimentary lymphoma	Frontiers in Veterinary Science	Daniel McGilp, Paola Roccabianca, Lyndal Hulse, Rachel Allavena, Chiara Palmieri
10.1590/0074-02760250198	2026	Transcriptomics of Plasmodium vivax rosetting	Memórias do Instituto Oswaldo Cruz	Catarina Bourgard, Julia Weber Ferraboli, Stefanie Costa Pinto Lopes, Marcus Vinicius Guimarães de Lacerda, Per Sunnerhagen, Letusa Albrecht, Fábio Trindade Maranhão Costa
10.1038/s42003-026-10612-2	2026	Unconventional centromere architectures in Tapirus indicus reveal hotspots for satellite-free centromere formation in Perissodactyla	Communications Biology	Marialaura Biundo, Francesca M. Piras, Edoardo Rapisarda, Oliver A. Ryder, Solomon G. Nergadze, Elena Giulotto, Eleonora Cappelletti
10.1007/s13205-026-05025-1	2026	Unraveling viruses associated with yellowing disease of cucurbitaceous crops in Tamil Nadu (India) through metatranscriptome sequencing	3 Biotech	B. S. Bharath, Nagendran Krishnan, V. Kavi Sidharthan, N. Boopathi, Gandhi KARTHIKEYAN
10.1002/imt2.70149	2026	Wekemo Bioincloud 2026: An AI‐enabled platform for standardized multi‐omics data analyses	iMeta	Yunyun Gao, Guoxing Zhang, Ce Wang, Hao Xu, Zhanhui Yu, Shunyao Jiang, Yongxin Liu
10.1109/saner67736.2026.00116	2026	What Drives Issue Resolution Speed? An Empirical Study of Scientific Workflow Systems on GitHub		Khairul Alam, Banani Roy
10.1002/nzb2.70048	2026	Whole Genome Sequencing of a White Color Strain of Pleurotus djamor (Basidiomycota, Fungi) from Sri Lanka: Unveiling the Genes Associated with Bioactive Properties	New Zealand Journal of Botany	Buddhika P. Dharmasena, Prameesha Perera, Chinthika Prabhashinie Gunasekara, Srimathi Abeykoon Udugama, Sushila Chandrani Wijeyaratne, Venura Herath, Dona Helani Hemamala Munasinghe
10.1016/j.future.2026.108776	2026	Workflow abstractions for automatic modularity: Improving workflow code reusability	Future Generation Computer Systems	George Marchment, Sarah Cohen‐Boulakia, Alain Denise, Frédéric Lemoine
10.1371/journal.pgen.1012106	2026	Worm orthologues of cytokinesis-associated proteins CIT and ASPM regulate neuronal microtubule dynamics and polarity in C. elegans	PLoS Genetics	Sunanda Sharma, Keerthana Ponniah, Ishanee Bandyopadhyay, Devyani Vadawale, Sandhya Padmanabhan Koushika, Anindya Ghosh-Roy
10.1186/s13059-026-04012-2	2026	iPepGen: a modular, immunopeptidogenomic analysis pipeline for discovery, verification, and prioritization of cancer peptide neoantigen candidates	Genome biology	Subina Mehta, Reid Wagner, Katherine Do, James E. Johnson, Fengchao Yu, Tyler A. Jubenville, Kyle A. Richards, Susan Coleman, Flavia E. Popescu, Alexey I. Nesvizhskii, D A Largaespada, Pratik Jagtap, Timothy J. Griffin
