year,date,time,day_of_week,size,category,labels,mime
2023,2023-01-12,10:53,Thu,11173,error_report,"Important"|"Inbox"|Privat|galaxy,multipart/alternative
2023,2023-02-13,15:33,Mon,13619,error_report,"Important"|"Inbox"|galaxy,multipart/alternative
2023,2023-02-13,16:01,Mon,15050,error_report,"Important"|"Inbox"|galaxy,multipart/alternative
2023,2023-02-13,21:17,Mon,12083,error_report,"Important"|"Inbox"|galaxy,multipart/alternative
2023,2023-02-14,03:52,Tue,4508,tiaas_request,"Important"|"Inbox"|galaxy,text/plain
2023,2023-02-14,05:10,Tue,14876,error_report,"Important"|"Inbox"|galaxy,multipart/alternative
2023,2023-02-14,13:46,Tue,13567,error_report,"Important"|"Inbox"|galaxy,multipart/alternative
2023,2023-02-14,15:37,Tue,15861,error_report,"Important"|"Inbox"|galaxy,multipart/alternative
2023,2023-02-14,18:52,Tue,15344,error_report,"Important"|"Inbox"|galaxy,multipart/alternative
2023,2023-02-15,08:49,Wed,20466,error_report,"Important"|"Inbox"|galaxy,multipart/alternative
2023,2023-02-15,11:54,Wed,13511,error_report,"Important"|"Inbox"|galaxy,multipart/alternative
2023,2023-02-15,16:52,Wed,14082,error_report,"Important"|"Inbox"|galaxy,multipart/alternative
2023,2023-02-15,20:26,Wed,18583,error_report,"Important"|"Inbox"|galaxy,multipart/alternative
2023,2023-02-16,05:00,Thu,15874,error_report,"Important"|"Inbox"|galaxy,multipart/alternative
2023,2023-02-16,09:07,Thu,4510,tiaas_request,"Important"|"Inbox"|galaxy,text/plain
2023,2023-02-16,13:50,Thu,128218,error_report,"Inbox"|galaxy,multipart/alternative
2023,2023-02-16,17:20,Thu,26819,error_report,"Inbox"|galaxy,multipart/alternative
2023,2023-02-17,01:33,Fri,15326,error_report,"Inbox"|galaxy,multipart/alternative
2023,2023-02-17,02:32,Fri,15071,error_report,"Inbox"|galaxy,multipart/alternative
2023,2023-02-17,06:46,Fri,14978,error_report,"Inbox"|galaxy,multipart/alternative
2023,2023-02-18,17:28,Sat,20992,error_report,"Inbox"|galaxy,multipart/alternative
2023,2023-02-18,17:28,Sat,20992,error_report,"Inbox"|galaxy,multipart/alternative
2023,2023-02-18,17:44,Sat,18697,error_report,"Inbox"|galaxy,multipart/alternative
2023,2023-02-18,18:56,Sat,14521,error_report,"Inbox"|galaxy,multipart/alternative
2023,2023-02-19,10:48,Sun,14583,error_report,"Inbox"|galaxy,multipart/alternative
2023,2023-02-19,14:31,Sun,18179,error_report,"Inbox"|galaxy,multipart/alternative
2023,2023-02-20,09:11,Mon,17628,error_report,"Inbox"|galaxy,multipart/alternative
2023,2023-02-20,12:33,Mon,12772,error_report,"Inbox"|galaxy,multipart/alternative
2023,2023-02-21,00:00,Tue,16044,error_report,"Inbox"|galaxy,multipart/alternative
2023,2023-02-21,12:14,Tue,24426,error_report,"Inbox"|galaxy,multipart/alternative
2023,2023-02-21,17:53,Tue,27710,error_report,"Inbox"|galaxy,multipart/alternative
2023,2023-02-22,05:03,Wed,103565,error_report,"Inbox"|galaxy,multipart/alternative
2023,2023-02-22,13:27,Wed,11564,error_report,"Inbox"|galaxy,multipart/alternative
2023,2023-02-22,17:40,Wed,22594,error_report,"Inbox"|galaxy,multipart/alternative
2023,2023-02-22,18:52,Wed,71093,error_report,"Inbox"|galaxy,multipart/alternative
2023,2023-02-24,09:46,Fri,21313,error_report,"Inbox"|galaxy,multipart/alternative
2023,2023-02-24,12:30,Fri,18654,error_report,"Inbox"|galaxy,multipart/alternative
2023,2023-02-24,12:39,Fri,93740,error_report,"Inbox"|galaxy,multipart/alternative
2023,2023-02-24,14:47,Fri,13889,error_report,"Inbox"|galaxy|work|work/zierep,multipart/alternative
2023,2023-02-24,14:48,Fri,13782,error_report,"Inbox"|galaxy,multipart/alternative
2023,2023-02-24,15:18,Fri,14524,error_report,"Inbox"|galaxy,multipart/alternative
2023,2023-02-25,06:58,Sat,15418,error_report,"Inbox"|galaxy,multipart/alternative
2023,2023-02-26,13:40,Sun,22520,error_report,"Inbox"|galaxy,multipart/alternative
2023,2023-02-27,04:32,Mon,77045,error_report,"Inbox"|galaxy,multipart/alternative
2023,2023-02-27,09:00,Mon,4502,tiaas_request,"Inbox"|galaxy,text/plain
2023,2023-02-27,17:01,Mon,12009,error_report,"Inbox"|galaxy,multipart/alternative
2023,2023-02-27,17:20,Mon,11695,error_report,"Inbox"|galaxy,multipart/alternative
2023,2023-02-27,18:26,Mon,4496,tiaas_request,"Inbox"|galaxy,text/plain
2023,2023-02-28,15:47,Tue,117602,error_report,"Inbox"|galaxy,multipart/alternative
2023,2023-02-28,17:06,Tue,16066,error_report,"Inbox"|galaxy,multipart/alternative
2023,2023-02-28,19:37,Tue,15378,error_report,"Inbox"|galaxy,multipart/alternative
2023,2023-03-01,01:08,Wed,62724,error_report,"Inbox"|galaxy,multipart/alternative
2023,2023-03-01,12:13,Wed,12442,error_report,"Inbox"|galaxy,multipart/alternative
2023,2023-03-01,14:55,Wed,15028,error_report,"Inbox"|galaxy,multipart/alternative
2023,2023-03-01,14:56,Wed,16759,error_report,"Inbox"|galaxy,multipart/alternative
2023,2023-03-02,03:41,Thu,14293,error_report,"Inbox"|galaxy,multipart/alternative
2023,2023-03-02,09:36,Thu,45815,error_report,"Inbox"|galaxy,multipart/alternative
2023,2023-03-02,12:08,Thu,12457,error_report,"Inbox"|galaxy,multipart/alternative
2023,2023-03-02,16:02,Thu,12992,error_report,"Inbox"|galaxy,multipart/alternative
2023,2023-03-02,15:05,Thu,4491,tiaas_request,"Inbox"|galaxy,text/plain
2023,2023-03-02,16:19,Thu,12352,error_report,"Inbox"|galaxy,multipart/alternative
2023,2023-03-03,18:37,Fri,4497,tiaas_request,"Inbox"|galaxy,text/plain
2023,2023-03-04,06:01,Sat,10907,error_report,"Inbox"|galaxy,multipart/alternative
2023,2023-03-04,06:10,Sat,101607,error_report,"Inbox"|galaxy,multipart/alternative
2023,2023-03-04,09:22,Sat,4488,tiaas_request,"Inbox"|galaxy,text/plain
2023,2023-03-05,13:12,Sun,15770,error_report,"Inbox"|galaxy,multipart/alternative
2023,2023-03-05,15:37,Sun,14461,error_report,"Inbox"|galaxy,multipart/alternative
2023,2023-03-05,15:50,Sun,13369,error_report,"Inbox"|galaxy,multipart/alternative
2023,2023-03-06,06:14,Mon,16178,error_report,"Inbox"|galaxy,multipart/alternative
2023,2023-03-06,09:50,Mon,13220,error_report,"Inbox"|galaxy|work|work/zierep,multipart/alternative
2023,2023-03-06,11:37,Mon,15221,error_report,"Inbox"|galaxy,multipart/alternative
2023,2023-03-06,14:51,Mon,12813,error_report,"Inbox"|galaxy,multipart/alternative
2023,2023-03-07,09:14,Tue,13316,error_report,"Inbox"|galaxy|work|work/zierep,multipart/alternative
2023,2023-03-07,16:07,Tue,12014,error_report,"Inbox"|galaxy,multipart/alternative
2023,2023-03-07,16:20,Tue,12725,error_report,"Inbox"|galaxy,multipart/alternative
2023,2023-03-07,16:22,Tue,14201,error_report,"Inbox"|galaxy,multipart/alternative
2023,2023-03-07,20:10,Tue,12240,error_report,"Inbox"|galaxy,multipart/alternative
2023,2023-03-07,21:59,Tue,21217,error_report,"Inbox"|galaxy,multipart/alternative
2023,2023-03-08,10:43,Wed,19194,error_report,"Inbox"|galaxy,multipart/alternative
2023,2023-03-08,11:49,Wed,11335,error_report,"Inbox"|galaxy,multipart/alternative
2023,2023-03-08,15:16,Wed,14588,error_report,"Inbox"|galaxy,multipart/alternative
2023,2023-03-08,16:58,Wed,11129,error_report,"Inbox"|galaxy,multipart/alternative
2023,2023-03-08,23:03,Wed,17515,error_report,"Inbox"|galaxy,multipart/alternative
2023,2023-03-09,10:12,Thu,4497,tiaas_request,"Inbox"|galaxy,text/plain
2023,2023-03-09,12:50,Thu,16744,error_report,"Inbox"|galaxy,multipart/alternative
2023,2023-03-09,12:45,Thu,4488,tiaas_request,"Inbox"|galaxy,text/plain
2023,2023-03-09,13:47,Thu,18778,error_report,"Inbox"|galaxy,multipart/alternative
2023,2023-03-10,03:18,Fri,13547,error_report,"Inbox"|galaxy,multipart/alternative
2023,2023-03-10,03:42,Fri,24793,error_report,"Inbox"|galaxy,multipart/alternative
2023,2023-03-10,09:17,Fri,15196,error_report,"Inbox"|galaxy,multipart/alternative
2023,2023-03-10,11:27,Fri,13928,error_report,"Inbox"|galaxy,multipart/alternative
2023,2023-03-10,21:24,Fri,14472,error_report,"Inbox"|galaxy,multipart/alternative
2023,2023-03-11,02:10,Sat,65199,error_report,"Inbox"|galaxy,multipart/alternative
2023,2023-03-11,02:13,Sat,13376,error_report,"Inbox"|galaxy,multipart/alternative
2023,2023-03-11,06:15,Sat,11404,error_report,"Inbox"|galaxy,multipart/alternative
2023,2023-03-13,08:38,Mon,15905,error_report,"Inbox"|galaxy,multipart/alternative
2023,2023-03-13,14:52,Mon,11967,error_report,"Inbox"|galaxy,multipart/alternative
2023,2023-03-13,15:04,Mon,39457,error_report,"Inbox"|galaxy,multipart/alternative
2023,2023-03-13,20:25,Mon,14896,error_report,"Inbox"|galaxy,multipart/alternative
2023,2023-03-14,13:00,Tue,17180,error_report,"Inbox"|galaxy,multipart/alternative
2023,2023-03-14,13:01,Tue,19973,error_report,"Inbox"|galaxy,multipart/alternative
2023,2023-03-14,15:32,Tue,43704,error_report,"Inbox"|galaxy,multipart/alternative
2023,2023-03-14,15:33,Tue,13635,error_report,"Inbox"|galaxy,multipart/alternative
2023,2023-03-14,16:45,Tue,15848,error_report,"Inbox"|galaxy,multipart/alternative
2023,2023-03-14,18:00,Tue,15568,error_report,"Inbox"|galaxy,multipart/alternative
2023,2023-03-14,19:58,Tue,16413,error_report,"Inbox"|galaxy,multipart/alternative
2023,2023-03-14,22:21,Tue,16637,error_report,"Inbox"|galaxy,multipart/alternative
2023,2023-03-15,02:43,Wed,102858,error_report,"Inbox"|galaxy,multipart/alternative
2023,2023-03-15,04:00,Wed,11558,error_report,"Inbox"|galaxy,multipart/alternative
2023,2023-03-15,09:20,Wed,15366,error_report,"Inbox"|galaxy,multipart/alternative
2023,2023-03-15,12:41,Wed,12935,error_report,"Inbox"|galaxy,multipart/alternative
2023,2023-03-15,12:48,Wed,12659,error_report,"Inbox"|galaxy,multipart/alternative
2023,2023-03-16,08:27,Thu,4496,tiaas_request,"Inbox"|galaxy,text/plain
2023,2023-03-16,10:38,Thu,15360,error_report,"Inbox"|galaxy,multipart/alternative
2023,2023-03-16,18:28,Thu,14963,error_report,"Inbox"|galaxy,multipart/alternative
2023,2023-03-16,19:22,Thu,14580,error_report,"Inbox"|galaxy,multipart/alternative
2023,2023-03-16,20:01,Thu,17620,error_report,"Inbox"|galaxy,multipart/alternative
2023,2023-03-17,09:11,Fri,10715,error_report,"Inbox"|galaxy,multipart/alternative
2023,2023-03-17,09:22,Fri,31685,error_report,"Inbox"|galaxy,multipart/alternative
2023,2023-03-17,18:03,Fri,19132,error_report,"Inbox"|galaxy,multipart/alternative
2023,2023-03-19,10:39,Sun,14861,error_report,"Inbox"|galaxy,multipart/alternative
2023,2023-03-20,07:49,Mon,16298,error_report,"Inbox"|galaxy,multipart/alternative
2023,2023-03-20,11:59,Mon,13004,error_report,"Inbox"|galaxy,multipart/alternative
2023,2023-03-20,12:12,Mon,12851,error_report,"Inbox"|galaxy,multipart/alternative
2023,2023-03-20,12:20,Mon,17861,error_report,"Inbox"|galaxy,multipart/alternative
2023,2023-03-20,15:01,Mon,14849,error_report,"Inbox"|galaxy,multipart/alternative
2023,2023-03-21,14:25,Tue,17191,error_report,"Inbox"|galaxy,multipart/alternative
2023,2023-03-21,17:46,Tue,11879,error_report,"Inbox"|galaxy,multipart/alternative
2023,2023-03-21,19:35,Tue,14468,error_report,"Inbox"|galaxy,multipart/alternative
2023,2023-03-22,03:11,Wed,13570,error_report,"Inbox"|galaxy,multipart/alternative
2023,2023-03-22,05:28,Wed,192194,error_report,"Inbox"|galaxy,multipart/alternative
2023,2023-03-22,07:35,Wed,15208,error_report,"Inbox"|galaxy,multipart/alternative
2023,2023-03-22,16:10,Wed,28253,error_report,"Inbox"|galaxy,multipart/alternative
2023,2023-03-23,03:19,Thu,11117,error_report,"Inbox"|galaxy,multipart/alternative
2023,2023-03-23,06:36,Thu,11672,error_report,"Inbox"|galaxy,multipart/alternative
2023,2023-03-23,09:37,Thu,13897,error_report,"Inbox"|galaxy,multipart/alternative
2023,2023-03-23,10:10,Thu,4494,tiaas_request,"Inbox"|galaxy,text/plain
2023,2023-03-23,11:37,Thu,15572,error_report,"Inbox"|galaxy,multipart/alternative
2023,2023-03-23,11:38,Thu,15587,error_report,"Inbox"|galaxy,multipart/alternative
2023,2023-03-23,12:09,Thu,14240,error_report,"Inbox"|galaxy,multipart/alternative
2023,2023-03-23,17:35,Thu,29569,error_report,"Inbox"|galaxy,multipart/alternative
2023,2023-03-24,09:19,Fri,16071,error_report,"Inbox"|galaxy,multipart/alternative
2023,2023-03-24,10:04,Fri,11521,error_report,"Inbox"|galaxy,multipart/alternative
2023,2023-03-24,13:06,Fri,11640,error_report,"Inbox"|galaxy,multipart/alternative
2023,2023-03-25,14:38,Sat,63908,error_report,"Inbox"|galaxy,multipart/alternative
2023,2023-03-25,14:39,Sat,64327,error_report,"Inbox"|galaxy,multipart/alternative
2023,2023-03-25,16:52,Sat,57861,error_report,"Inbox"|galaxy,multipart/alternative
2023,2023-03-27,07:47,Mon,17055,error_report,"Inbox"|galaxy,multipart/alternative
2023,2023-03-27,08:11,Mon,4491,tiaas_request,"Inbox"|galaxy,text/plain
2023,2023-03-27,10:35,Mon,14494,error_report,"Inbox"|galaxy,multipart/alternative
2023,2023-03-27,10:35,Mon,14498,error_report,"Inbox"|galaxy,multipart/alternative
2023,2023-03-27,10:35,Mon,14507,error_report,"Inbox"|galaxy,multipart/alternative
2023,2023-03-27,12:13,Mon,17494,error_report,"Inbox"|galaxy,multipart/alternative
2023,2023-03-27,18:23,Mon,13389,error_report,"Inbox"|galaxy,multipart/alternative
2023,2023-03-27,19:36,Mon,13819,error_report,"Inbox"|galaxy,multipart/alternative
2023,2023-03-28,10:28,Tue,112415,error_report,"Inbox"|galaxy,multipart/alternative
2023,2023-03-28,11:15,Tue,11003,error_report,"Inbox"|galaxy,multipart/alternative
2023,2023-03-28,14:47,Tue,13064,error_report,"Inbox"|galaxy,multipart/alternative
2023,2023-03-29,00:37,Wed,13909,error_report,"Inbox"|galaxy,multipart/alternative
2023,2023-03-29,08:59,Wed,16381,error_report,"Inbox"|galaxy,multipart/alternative
2023,2023-03-29,09:15,Wed,16549,error_report,"Inbox"|galaxy,multipart/alternative
2023,2023-03-29,09:34,Wed,78714,error_report,"Inbox"|galaxy,multipart/alternative
2023,2023-03-29,10:37,Wed,63797,error_report,"Inbox"|galaxy,multipart/alternative
2023,2023-03-29,13:37,Wed,16488,error_report,"Inbox"|galaxy,multipart/alternative
2023,2023-03-29,19:38,Wed,13824,error_report,"Inbox"|galaxy,multipart/alternative
2023,2023-03-29,19:38,Wed,13819,error_report,"Inbox"|galaxy,multipart/alternative
2023,2023-03-29,22:44,Wed,16708,error_report,"Inbox"|galaxy,multipart/alternative
2023,2023-03-31,10:29,Fri,4490,tiaas_request,"Inbox"|galaxy,text/plain
2023,2023-03-31,14:25,Fri,10846,error_report,"Inbox"|galaxy,multipart/alternative
2023,2023-03-31,18:50,Fri,12623,error_report,"Inbox"|galaxy,multipart/alternative
2023,2023-03-31,20:28,Fri,12484,error_report,"Inbox"|galaxy,multipart/alternative
2023,2023-03-31,20:31,Fri,10726,error_report,"Inbox"|galaxy,multipart/alternative
2023,2023-04-01,01:57,Sat,10815,error_report,"Inbox"|galaxy,multipart/alternative
2023,2023-04-01,02:06,Sat,10847,error_report,"Inbox"|galaxy,multipart/alternative
2023,2023-04-01,02:06,Sat,10834,error_report,"Inbox"|galaxy,multipart/alternative
2023,2023-04-01,10:45,Sat,13985,error_report,"Inbox"|galaxy,multipart/alternative
2023,2023-04-01,19:30,Sat,14002,error_report,"Inbox"|galaxy,multipart/alternative
2023,2023-04-01,19:35,Sat,13979,error_report,"Inbox"|galaxy,multipart/alternative
2023,2023-04-02,09:15,Sun,15000,error_report,"Inbox"|galaxy,multipart/alternative
2023,2023-04-02,09:15,Sun,15010,error_report,"Inbox"|galaxy,multipart/alternative
2023,2023-04-02,10:40,Sun,12017,error_report,"Inbox"|galaxy,multipart/alternative
2023,2023-04-02,11:47,Sun,12499,error_report,"Inbox"|galaxy,multipart/alternative
2023,2023-04-03,07:58,Mon,16496,error_report,"Inbox"|galaxy,multipart/alternative
2023,2023-04-03,14:15,Mon,13925,error_report,"Inbox"|galaxy,multipart/alternative
2023,2023-04-03,12:29,Mon,4491,tiaas_request,"Inbox"|galaxy,text/plain
2023,2023-04-03,16:00,Mon,10804,error_report,"Inbox"|galaxy,multipart/alternative
2023,2023-04-04,07:28,Tue,128525,error_report,"Inbox"|galaxy,multipart/alternative
2023,2023-04-04,09:35,Tue,18886,error_report,"Inbox"|galaxy,multipart/alternative
2023,2023-04-04,10:19,Tue,24776,error_report,"Inbox"|galaxy,multipart/alternative
2023,2023-04-04,12:25,Tue,19861,error_report,"Inbox"|galaxy,multipart/alternative
2023,2023-04-04,12:36,Tue,20785,error_report,"Inbox"|galaxy,multipart/alternative
2023,2023-04-04,17:28,Tue,14499,error_report,"Inbox"|galaxy,multipart/alternative
2023,2023-04-04,17:34,Tue,20811,error_report,"Inbox"|galaxy,multipart/alternative
2023,2023-04-04,18:04,Tue,16744,error_report,"Inbox"|galaxy,multipart/alternative
2023,2023-04-04,18:05,Tue,12132,error_report,"Inbox"|galaxy,multipart/alternative
2023,2023-04-05,15:04,Wed,12132,error_report,"Inbox"|galaxy,multipart/alternative
2023,2023-04-05,15:04,Wed,12130,error_report,"Inbox"|galaxy,multipart/alternative
2023,2023-04-05,17:42,Wed,18330,error_report,"Inbox"|galaxy,multipart/alternative
2023,2023-04-06,14:38,Thu,12298,error_report,"Inbox"|galaxy,multipart/alternative
2023,2023-04-06,22:50,Thu,13761,error_report,"Inbox"|galaxy,multipart/alternative
2023,2023-04-07,13:13,Fri,15407,error_report,"Inbox"|galaxy,multipart/alternative
2023,2023-04-07,13:28,Fri,16560,error_report,"Inbox"|galaxy,multipart/alternative
2023,2023-04-07,13:29,Fri,16544,error_report,"Inbox"|galaxy,multipart/alternative
2023,2023-04-07,16:35,Fri,13351,error_report,"Inbox"|galaxy,multipart/alternative
2023,2023-04-07,20:59,Fri,15595,error_report,"Inbox"|galaxy,multipart/alternative
2023,2023-04-08,16:17,Sat,12715,error_report,"Inbox"|galaxy,multipart/alternative
2023,2023-04-08,19:59,Sat,12402,error_report,"Inbox"|galaxy,multipart/alternative
2023,2023-04-09,19:33,Sun,34429,error_report,"Inbox"|galaxy,multipart/alternative
2023,2023-04-09,19:50,Sun,35608,error_report,"Inbox"|galaxy,multipart/alternative
2023,2023-04-09,19:50,Sun,35620,error_report,"Inbox"|galaxy,multipart/alternative
2023,2023-04-10,04:40,Mon,124518,error_report,"Inbox"|galaxy,multipart/alternative
2023,2023-04-10,04:41,Mon,124473,error_report,"Inbox"|galaxy,multipart/alternative
2023,2023-04-10,04:41,Mon,124547,error_report,"Inbox"|galaxy,multipart/alternative
2023,2023-04-10,04:42,Mon,124530,error_report,"Inbox"|galaxy,multipart/alternative
2023,2023-04-10,04:42,Mon,124572,error_report,"Inbox"|galaxy,multipart/alternative
2023,2023-04-10,04:43,Mon,124507,error_report,"Inbox"|galaxy,multipart/alternative
2023,2023-04-10,13:24,Mon,12010,error_report,"Inbox"|galaxy,multipart/alternative
2023,2023-04-11,08:50,Tue,13508,error_report,"Inbox"|galaxy,multipart/alternative
2023,2023-04-11,14:32,Tue,11676,error_report,"Inbox"|galaxy,multipart/alternative
2023,2023-04-11,14:32,Tue,11688,error_report,"Inbox"|galaxy,multipart/alternative
2023,2023-04-11,14:57,Tue,124307,error_report,"Inbox"|galaxy,multipart/alternative
2023,2023-04-11,14:58,Tue,124404,error_report,"Inbox"|galaxy,multipart/alternative
2023,2023-04-11,16:25,Tue,16638,error_report,"Inbox"|galaxy,multipart/alternative
2023,2023-04-11,16:34,Tue,32002,error_report,"Inbox"|galaxy,multipart/alternative
2023,2023-04-11,16:46,Tue,31996,error_report,"Inbox"|galaxy,multipart/alternative
2023,2023-04-12,03:17,Wed,13558,error_report,"Inbox"|galaxy,multipart/alternative
2023,2023-04-12,07:50,Wed,45302,error_report,"Inbox"|galaxy,multipart/alternative
2023,2023-04-12,10:21,Wed,124276,error_report,"Inbox"|galaxy,multipart/alternative
2023,2023-04-12,14:54,Wed,24367,error_report,"Inbox"|galaxy,multipart/alternative
2023,2023-04-12,16:34,Wed,23508,error_report,"Inbox"|galaxy,multipart/alternative
2023,2023-04-12,17:31,Wed,36675,error_report,"Inbox"|galaxy,multipart/alternative
2023,2023-04-12,17:31,Wed,36686,error_report,"Inbox"|galaxy,multipart/alternative
2023,2023-04-12,18:33,Wed,11916,error_report,"Inbox"|galaxy,multipart/alternative
2023,2023-04-12,20:41,Wed,13579,error_report,"Inbox"|galaxy,multipart/alternative
2023,2023-04-13,04:46,Thu,109221,error_report,"Inbox"|galaxy,multipart/alternative
2023,2023-04-13,07:42,Thu,104074,error_report,"Inbox"|galaxy,multipart/alternative
2023,2023-04-13,07:42,Thu,104071,error_report,"Inbox"|galaxy,multipart/alternative
2023,2023-04-13,09:38,Thu,16665,error_report,"Inbox"|galaxy,multipart/alternative
2023,2023-04-13,15:13,Thu,15327,error_report,"Inbox"|galaxy,multipart/alternative
2023,2023-04-13,22:25,Thu,16192,error_report,"Inbox"|galaxy,multipart/alternative
2023,2023-04-14,02:09,Fri,124219,error_report,"Inbox"|galaxy,multipart/alternative
2023,2023-04-14,14:05,Fri,14219,error_report,"Inbox"|galaxy,multipart/alternative
2023,2023-04-14,17:38,Fri,4490,tiaas_request,"Inbox"|galaxy,text/plain
2023,2023-04-15,10:21,Sat,39976,error_report,"Inbox"|galaxy,multipart/alternative
2023,2023-04-16,16:43,Sun,109579,error_report,"Inbox"|galaxy,multipart/alternative
2023,2023-04-17,00:35,Mon,18397,error_report,"Inbox"|galaxy,multipart/alternative
2023,2023-04-17,01:09,Mon,12334,error_report,"Inbox"|galaxy,multipart/alternative
2023,2023-04-17,04:40,Mon,114401,error_report,"Inbox"|galaxy,multipart/alternative
2023,2023-04-17,04:40,Mon,124214,error_report,"Inbox"|galaxy,multipart/alternative
2023,2023-04-17,05:09,Mon,12677,error_report,"Inbox"|galaxy,multipart/alternative
2023,2023-04-18,01:56,Tue,12796,error_report,"Inbox"|galaxy,multipart/alternative
2023,2023-04-18,02:26,Tue,18667,error_report,"Inbox"|galaxy,multipart/alternative
2023,2023-04-18,03:09,Tue,19611,error_report,"Inbox"|galaxy,multipart/alternative
2023,2023-04-18,10:52,Tue,14464,error_report,"Inbox"|galaxy,multipart/alternative
2023,2023-04-18,21:20,Tue,35967,error_report,"Inbox"|galaxy,multipart/alternative
2023,2023-04-19,00:20,Wed,15125,error_report,"Inbox"|galaxy|work|work/zierep,multipart/alternative
2023,2023-04-19,04:39,Wed,17432,error_report,"Inbox"|galaxy,multipart/alternative
2023,2023-04-19,08:26,Wed,17983,error_report,"Inbox"|galaxy,multipart/alternative
2023,2023-04-19,13:41,Wed,12444,error_report,"Inbox"|galaxy,multipart/alternative
2023,2023-04-19,20:53,Wed,12902,error_report,"Inbox"|galaxy,multipart/alternative
2023,2023-04-19,22:34,Wed,17233,error_report,"Inbox"|galaxy,multipart/alternative
2023,2023-04-20,01:30,Thu,41532,error_report,"Inbox"|galaxy,multipart/alternative
2023,2023-04-20,01:30,Thu,41532,error_report,"Inbox"|galaxy,multipart/alternative
2023,2023-04-20,06:35,Thu,14755,error_report,"Inbox"|galaxy,multipart/alternative
2023,2023-04-20,09:26,Thu,13564,error_report,"Inbox"|galaxy,multipart/alternative
2023,2023-04-20,14:12,Thu,29346,error_report,"Inbox"|galaxy,multipart/alternative
2023,2023-04-21,00:35,Fri,16172,error_report,"Inbox"|galaxy,multipart/alternative
2023,2023-04-21,00:56,Fri,14583,error_report,"Inbox"|galaxy,multipart/alternative
2023,2023-04-21,07:49,Fri,39890,error_report,"Inbox"|galaxy,multipart/alternative
2023,2023-04-21,11:09,Fri,13291,error_report,"Inbox"|galaxy,multipart/alternative
2023,2023-04-22,04:31,Sat,14475,error_report,"Inbox"|galaxy,multipart/alternative
2023,2023-04-23,09:22,Sun,12396,error_report,"Inbox"|galaxy,multipart/alternative
2023,2023-04-23,10:05,Sun,12592,error_report,"Inbox"|galaxy,multipart/alternative
2023,2023-04-23,20:12,Sun,108576,error_report,"Inbox"|galaxy,multipart/alternative
2023,2023-04-24,08:19,Mon,4499,tiaas_request,"Inbox"|galaxy,text/plain
2023,2023-04-24,08:26,Mon,4491,tiaas_request,"Inbox"|galaxy,text/plain
2023,2023-04-24,09:32,Mon,4500,tiaas_request,"Inbox"|galaxy,text/plain
2023,2023-04-24,07:13,Mon,13243,error_report,"Inbox"|galaxy|work|work/zierep,multipart/alternative
2023,2023-04-25,03:15,Tue,18257,error_report,"Inbox"|galaxy,multipart/alternative
2023,2023-04-25,06:31,Tue,12595,error_report,"Inbox"|galaxy,multipart/alternative
2023,2023-04-25,23:33,Tue,15762,error_report,"Inbox"|galaxy,multipart/alternative
2023,2023-04-25,23:48,Tue,14139,error_report,"Inbox"|galaxy,multipart/alternative
2023,2023-04-26,00:08,Wed,17290,error_report,"Inbox"|galaxy,multipart/alternative
2023,2023-04-26,00:09,Wed,17146,error_report,"Inbox"|galaxy,multipart/alternative
2023,2023-04-26,01:09,Wed,21014,error_report,"Inbox"|galaxy,multipart/alternative
2023,2023-04-26,07:17,Wed,10603,error_report,"Inbox"|galaxy,multipart/alternative
2023,2023-04-26,07:42,Wed,26386,error_report,"Inbox"|galaxy,multipart/alternative
2023,2023-04-26,08:29,Wed,23079,error_report,"Inbox"|galaxy,multipart/alternative
2023,2023-04-27,23:45,Thu,32371,error_report,"Inbox"|galaxy,multipart/alternative
2023,2023-04-28,02:52,Fri,19982,error_report,"Inbox"|galaxy,multipart/alternative
2023,2023-04-28,14:22,Fri,18215,error_report,"Inbox"|galaxy,multipart/alternative
2023,2023-04-28,18:32,Fri,19440,error_report,"Inbox"|galaxy,multipart/alternative
2023,2023-04-29,12:53,Sat,105163,error_report,"Inbox"|galaxy,multipart/alternative
2023,2023-04-29,12:53,Sat,105161,error_report,"Inbox"|galaxy,multipart/alternative
2023,2023-04-29,22:48,Sat,18021,error_report,"Inbox"|galaxy,multipart/alternative
2023,2023-04-30,01:57,Sun,17979,error_report,"Inbox"|galaxy,multipart/alternative
2023,2023-05-01,07:53,Mon,18918,error_report,"Inbox"|galaxy,multipart/alternative
2023,2023-05-01,09:19,Mon,16645,error_report,"Inbox"|galaxy,multipart/alternative
2023,2023-05-01,09:31,Mon,105159,error_report,"Inbox"|galaxy,multipart/alternative
2023,2023-05-02,00:01,Tue,14502,error_report,"Inbox"|galaxy,multipart/alternative
2023,2023-05-02,06:18,Tue,17752,error_report,"Inbox"|galaxy,multipart/alternative
2023,2023-05-02,07:45,Tue,21709,error_report,"Inbox"|galaxy,multipart/alternative
2023,2023-05-02,07:47,Tue,17564,error_report,"Inbox"|galaxy,multipart/alternative
2023,2023-05-02,11:45,Tue,20988,error_report,"Inbox"|galaxy,multipart/alternative
2023,2023-05-02,12:31,Tue,11472,error_report,"Inbox"|galaxy,multipart/alternative
2023,2023-05-02,12:54,Tue,16039,error_report,"Inbox"|galaxy,multipart/alternative
2023,2023-05-03,00:20,Wed,17157,error_report,"Inbox"|galaxy,multipart/alternative
2023,2023-05-03,00:54,Wed,196478,error_report,"Inbox"|galaxy,multipart/alternative
2023,2023-05-03,01:32,Wed,16644,error_report,"Inbox"|galaxy|work|work/zierep,multipart/alternative
2023,2023-05-03,01:33,Wed,15175,error_report,"Inbox"|galaxy|work|work/zierep,multipart/alternative
2023,2023-05-03,01:47,Wed,13025,error_report,"Inbox"|galaxy,multipart/alternative
2023,2023-05-03,04:53,Wed,20611,error_report,"Inbox"|galaxy,multipart/alternative
2023,2023-05-03,14:32,Wed,4500,tiaas_request,"Inbox"|galaxy,text/plain
2023,2023-05-03,12:10,Wed,11750,error_report,"Inbox"|galaxy,multipart/alternative
2023,2023-05-03,12:10,Wed,11755,error_report,"Inbox"|galaxy,multipart/alternative
2023,2023-05-03,13:45,Wed,12380,error_report,"Inbox"|galaxy,multipart/alternative
2023,2023-05-03,13:51,Wed,12417,error_report,"Inbox"|galaxy,multipart/alternative
2023,2023-05-04,00:26,Thu,10718,error_report,"Inbox"|galaxy,multipart/alternative
2023,2023-05-04,09:43,Thu,4490,tiaas_request,"Inbox"|galaxy,text/plain
2023,2023-05-04,02:46,Thu,17919,error_report,"Inbox"|galaxy,multipart/alternative
2023,2023-05-04,04:10,Thu,12502,error_report,"Inbox"|galaxy,multipart/alternative
2023,2023-05-04,04:11,Thu,12467,error_report,"Inbox"|galaxy,multipart/alternative
2023,2023-05-04,05:47,Thu,14249,error_report,"Inbox"|galaxy,multipart/alternative
2023,2023-05-04,08:02,Thu,15243,error_report,"Inbox"|galaxy,multipart/alternative
2023,2023-05-04,11:05,Thu,24167,error_report,"Inbox"|galaxy,multipart/alternative
2023,2023-05-05,01:35,Fri,103186,error_report,"Inbox"|galaxy,multipart/alternative
2023,2023-05-05,01:46,Fri,29146,error_report,"Inbox"|galaxy,multipart/alternative
2023,2023-05-05,03:20,Fri,15109,error_report,"Inbox"|galaxy,multipart/alternative
2023,2023-05-05,13:11,Fri,16234,error_report,"Inbox"|galaxy,multipart/alternative
2023,2023-05-05,19:42,Fri,13474,error_report,"Inbox"|galaxy,multipart/alternative
2023,2023-05-06,03:23,Sat,282301,error_report,"Inbox"|galaxy,multipart/alternative
2023,2023-05-07,03:20,Sun,29158,error_report,"Inbox"|galaxy,multipart/alternative
2023,2023-05-07,06:16,Sun,12365,error_report,"Inbox"|galaxy,multipart/alternative
2023,2023-05-07,09:10,Sun,14130,error_report,"Inbox"|galaxy,multipart/alternative
2023,2023-05-07,10:50,Sun,16305,error_report,"Inbox"|galaxy,multipart/alternative
2023,2023-05-07,18:27,Sun,4497,tiaas_request,"Inbox"|galaxy,text/plain
2023,2023-05-07,22:50,Sun,16716,error_report,"Inbox"|galaxy,multipart/alternative
2023,2023-05-07,23:19,Sun,14552,error_report,"Inbox"|galaxy,multipart/alternative
2023,2023-05-07,23:41,Sun,13758,error_report,"Inbox"|galaxy,multipart/alternative
2023,2023-05-07,23:50,Sun,12241,error_report,"Inbox"|galaxy,multipart/alternative
2023,2023-05-08,00:23,Mon,12958,error_report,"Inbox"|galaxy,multipart/alternative
2023,2023-05-08,00:23,Mon,12960,error_report,"Inbox"|galaxy,multipart/alternative
2023,2023-05-08,00:23,Mon,12960,error_report,"Inbox"|galaxy,multipart/alternative
2023,2023-05-08,00:24,Mon,12954,error_report,"Inbox"|galaxy,multipart/alternative
2023,2023-05-08,00:24,Mon,12950,error_report,"Inbox"|galaxy,multipart/alternative
2023,2023-05-08,00:24,Mon,12956,error_report,"Inbox"|galaxy,multipart/alternative
2023,2023-05-08,01:54,Mon,64076,error_report,"Inbox"|galaxy,multipart/alternative
2023,2023-05-08,02:21,Mon,15141,error_report,"Inbox"|galaxy,multipart/alternative
2023,2023-05-08,03:05,Mon,16180,error_report,"Inbox"|galaxy,multipart/alternative
2023,2023-05-08,03:57,Mon,12753,error_report,"Inbox"|galaxy,multipart/alternative
2023,2023-05-08,05:16,Mon,23445,error_report,"Inbox"|galaxy,multipart/alternative
2023,2023-05-08,09:56,Mon,21121,error_report,"Inbox"|galaxy,multipart/alternative
2023,2023-05-08,11:17,Mon,14064,error_report,"Inbox"|galaxy,multipart/alternative
2023,2023-05-08,11:50,Mon,23578,error_report,"Inbox"|galaxy,multipart/alternative
2023,2023-05-08,23:22,Mon,11971,error_report,"Inbox"|galaxy,multipart/alternative
2023,2023-05-09,01:03,Tue,131801,error_report,"Inbox"|galaxy,multipart/alternative
2023,2023-05-09,06:32,Tue,16920,error_report,"Inbox"|galaxy,multipart/alternative
2023,2023-05-09,06:40,Tue,22744,error_report,"Inbox"|galaxy,multipart/alternative
2023,2023-05-09,07:44,Tue,18605,error_report,"Inbox"|galaxy,multipart/alternative
2023,2023-05-09,07:46,Tue,16661,error_report,"Inbox"|galaxy,multipart/alternative
2023,2023-05-09,08:10,Tue,16355,error_report,"Inbox"|galaxy,multipart/alternative
2023,2023-05-09,11:04,Tue,22892,error_report,"Inbox"|galaxy,multipart/alternative
2023,2023-05-09,11:04,Tue,22893,error_report,"Inbox"|galaxy,multipart/alternative
2023,2023-05-09,11:04,Tue,22895,error_report,"Inbox"|galaxy,multipart/alternative
2023,2023-05-09,11:04,Tue,22896,error_report,"Inbox"|galaxy,multipart/alternative
2023,2023-05-09,11:04,Tue,22892,error_report,"Inbox"|galaxy,multipart/alternative
2023,2023-05-09,11:04,Tue,22892,error_report,"Inbox"|galaxy,multipart/alternative
2023,2023-05-09,20:28,Tue,20954,error_report,"Inbox"|galaxy,multipart/alternative
2023,2023-05-10,12:40,Wed,4493,tiaas_request,"Inbox"|galaxy,text/plain
2023,2023-05-10,12:45,Wed,4504,tiaas_request,"Inbox"|galaxy,text/plain
2023,2023-05-10,08:58,Wed,18478,error_report,"Inbox"|galaxy,multipart/alternative
2023,2023-05-10,15:25,Wed,11637,error_report,"Inbox"|galaxy,multipart/alternative
2023,2023-05-11,04:56,Thu,26891,error_report,"Inbox"|galaxy,multipart/alternative
2023,2023-05-11,08:09,Thu,14741,error_report,"Inbox"|galaxy,multipart/alternative
2023,2023-05-11,08:17,Thu,23982,error_report,"Inbox"|galaxy,multipart/alternative
2023,2023-05-11,10:31,Thu,14075,error_report,"Inbox"|galaxy,multipart/alternative
2023,2023-05-11,10:48,Thu,20397,error_report,"Inbox"|galaxy,multipart/alternative
2023,2023-05-11,13:33,Thu,11885,error_report,"Inbox"|galaxy,multipart/alternative
2023,2023-05-12,05:06,Fri,19237,error_report,"Inbox"|galaxy,multipart/alternative
2023,2023-05-12,07:28,Fri,19756,error_report,"Inbox"|galaxy,multipart/alternative
2023,2023-05-13,02:45,Sat,40779,error_report,"Inbox"|galaxy,multipart/alternative
2023,2023-05-13,04:52,Sat,19792,error_report,"Inbox"|galaxy,multipart/alternative
2023,2023-05-13,07:01,Sat,11708,error_report,"Inbox"|galaxy,multipart/alternative
2023,2023-05-13,09:21,Sat,106418,error_report,"Inbox"|galaxy,multipart/alternative
2023,2023-05-13,09:27,Sat,16551,error_report,"Inbox"|galaxy,multipart/alternative
2023,2023-05-14,21:07,Sun,14821,error_report,"Inbox"|galaxy,multipart/alternative
2023,2023-05-15,04:39,Mon,22412,error_report,"Inbox"|galaxy,multipart/alternative
2023,2023-05-15,08:58,Mon,16519,error_report,"Inbox"|galaxy,multipart/alternative
2023,2023-05-15,10:24,Mon,14518,error_report,"Inbox"|galaxy,multipart/alternative
2023,2023-05-16,00:20,Tue,15933,error_report,"Inbox"|galaxy,multipart/alternative
2023,2023-05-16,05:56,Tue,17424,error_report,"Inbox"|galaxy,multipart/alternative
2023,2023-05-16,07:45,Tue,38371,error_report,"Inbox"|galaxy,multipart/alternative
2023,2023-05-16,11:41,Tue,31115,error_report,"Inbox"|galaxy,multipart/alternative
2023,2023-05-16,19:54,Tue,16137,error_report,"Inbox"|galaxy,multipart/alternative
2023,2023-05-16,23:57,Tue,16396,error_report,"Inbox"|galaxy,multipart/alternative
2023,2023-05-17,02:32,Wed,14486,error_report,"Inbox"|galaxy,multipart/alternative
2023,2023-05-17,03:39,Wed,16340,error_report,"Inbox"|galaxy,multipart/alternative
2023,2023-05-17,03:46,Wed,16705,error_report,"Inbox"|galaxy,multipart/alternative
2023,2023-05-17,07:01,Wed,35534,error_report,"Inbox"|galaxy,multipart/alternative
2023,2023-05-17,09:09,Wed,14990,error_report,"Inbox"|galaxy,multipart/alternative
2023,2023-05-17,09:09,Wed,15031,error_report,"Inbox"|galaxy,multipart/alternative
2023,2023-05-17,09:48,Wed,16988,error_report,"Inbox"|galaxy,multipart/alternative
2023,2023-05-17,10:02,Wed,16754,error_report,"Inbox"|galaxy,multipart/alternative
2023,2023-05-17,11:35,Wed,12581,error_report,"Inbox"|galaxy,multipart/alternative
2023,2023-05-17,12:26,Wed,14899,error_report,"Inbox"|galaxy,multipart/alternative
2023,2023-05-18,08:01,Thu,4504,tiaas_request,"Inbox"|galaxy,text/plain
2023,2023-05-18,04:00,Thu,13003,error_report,"Inbox"|galaxy,multipart/alternative
2023,2023-05-18,14:05,Thu,23733,error_report,"Inbox"|galaxy,multipart/alternative
2023,2023-05-19,10:45,Fri,21520,error_report,"Inbox"|galaxy,multipart/alternative
2023,2023-05-19,14:51,Fri,24597,error_report,"Inbox"|galaxy,multipart/alternative
2023,2023-05-21,03:21,Sun,20857,error_report,"Inbox"|galaxy,multipart/alternative
2023,2023-05-21,21:38,Sun,16685,error_report,"Inbox"|galaxy,multipart/alternative
2023,2023-05-22,01:23,Mon,103394,error_report,"Inbox"|galaxy,multipart/alternative
2023,2023-05-22,05:02,Mon,11260,error_report,"Inbox"|galaxy,multipart/alternative
2023,2023-05-22,05:46,Mon,13671,error_report,"Inbox"|galaxy,multipart/alternative
2023,2023-05-22,05:49,Mon,36695,error_report,"Inbox"|galaxy,multipart/alternative
2023,2023-05-22,07:14,Mon,23219,error_report,"Inbox"|galaxy,multipart/alternative
2023,2023-05-22,11:26,Mon,13419,error_report,"Inbox"|galaxy,multipart/alternative
2023,2023-05-22,19:47,Mon,23216,error_report,"Inbox"|galaxy,multipart/alternative
2023,2023-05-22,20:06,Mon,17969,error_report,"Inbox"|galaxy,multipart/alternative
2023,2023-05-22,20:39,Mon,16660,error_report,"Inbox"|galaxy,multipart/alternative
2023,2023-05-22,23:00,Mon,14751,error_report,"Inbox"|galaxy,multipart/alternative
2023,2023-05-23,01:24,Tue,11228,error_report,"Inbox"|galaxy,multipart/alternative
2023,2023-05-23,02:53,Tue,14262,error_report,"Inbox"|galaxy,multipart/alternative
2023,2023-05-23,06:15,Tue,19236,error_report,"Inbox"|galaxy,multipart/alternative
2023,2023-05-23,08:32,Tue,14887,error_report,"Inbox"|galaxy,multipart/alternative
2023,2023-05-24,00:57,Wed,21900,error_report,"Inbox"|galaxy,multipart/alternative
2023,2023-05-24,02:03,Wed,22329,error_report,"Inbox"|galaxy,multipart/alternative
2023,2023-05-24,05:26,Wed,105551,error_report,"Inbox"|galaxy,multipart/alternative
2023,2023-05-24,06:43,Wed,19461,error_report,"Inbox"|galaxy,multipart/alternative
2023,2023-05-24,06:52,Wed,12550,error_report,"Inbox"|galaxy,multipart/alternative
2023,2023-05-24,13:12,Wed,13369,error_report,"Inbox"|galaxy,multipart/alternative
2023,2023-05-24,13:44,Wed,13802,error_report,"Inbox"|galaxy,multipart/alternative
2023,2023-05-24,15:32,Wed,11343,error_report,"Inbox"|galaxy,multipart/alternative
2023,2023-05-24,20:51,Wed,17466,error_report,"Inbox"|galaxy,multipart/alternative
2023,2023-05-25,04:44,Thu,14906,error_report,"Inbox"|galaxy,multipart/alternative
2023,2023-05-25,05:26,Thu,15937,error_report,"Inbox"|galaxy,multipart/alternative
2023,2023-05-25,10:07,Thu,13897,error_report,"Inbox"|galaxy,multipart/alternative
2023,2023-05-25,12:43,Thu,15551,error_report,"Inbox"|galaxy,multipart/alternative
2023,2023-05-25,15:20,Thu,11133,error_report,"Inbox"|galaxy,multipart/alternative
2023,2023-05-25,21:58,Thu,15444,error_report,"Inbox"|galaxy,multipart/alternative
2023,2023-05-26,02:24,Fri,13466,error_report,"Inbox"|galaxy,multipart/alternative
2023,2023-05-26,05:14,Fri,14048,error_report,"Inbox"|galaxy,multipart/alternative
2023,2023-05-26,05:30,Fri,14131,error_report,"Inbox"|galaxy,multipart/alternative
2023,2023-05-26,05:30,Fri,14133,error_report,"Inbox"|galaxy,multipart/alternative
2023,2023-05-26,05:34,Fri,11691,error_report,"Inbox"|galaxy,multipart/alternative
2023,2023-05-26,05:48,Fri,14157,error_report,"Inbox"|galaxy,multipart/alternative
2023,2023-05-26,09:21,Fri,16863,error_report,"Inbox"|galaxy,multipart/alternative
2023,2023-05-26,10:07,Fri,11070,error_report,"Inbox"|galaxy,multipart/alternative
2023,2023-05-26,11:43,Fri,12079,error_report,"Inbox"|galaxy,multipart/alternative
2023,2023-05-26,23:51,Fri,17279,error_report,"Inbox"|galaxy,multipart/alternative
2023,2023-05-27,02:52,Sat,12773,error_report,"Inbox"|galaxy,multipart/alternative
2023,2023-05-27,06:15,Sat,12543,error_report,"Inbox"|galaxy,multipart/alternative
2023,2023-05-27,22:26,Sat,15933,error_report,"Inbox"|galaxy,multipart/alternative
2023,2023-05-28,13:23,Sun,18384,error_report,"Inbox"|galaxy,multipart/alternative
2023,2023-05-28,13:32,Sun,11189,error_report,"Inbox"|galaxy,multipart/alternative
2023,2023-05-28,13:45,Sun,116402,error_report,"Inbox"|galaxy,multipart/alternative
2023,2023-05-28,14:41,Sun,116271,error_report,"Inbox"|galaxy,multipart/alternative
2023,2023-05-29,03:55,Mon,18137,error_report,"Inbox"|galaxy,multipart/alternative
2023,2023-05-29,08:40,Mon,11221,error_report,"Inbox"|galaxy,multipart/alternative
2023,2023-05-29,13:13,Mon,14221,error_report,"Inbox"|galaxy,multipart/alternative
2023,2023-05-29,20:18,Mon,13753,error_report,"Inbox"|galaxy,multipart/alternative
2023,2023-05-29,23:03,Mon,11569,error_report,"Inbox"|galaxy,multipart/alternative
2023,2023-05-29,23:55,Mon,14379,error_report,"Inbox"|galaxy,multipart/alternative
2023,2023-05-30,08:47,Tue,10795,error_report,"Inbox"|galaxy,multipart/alternative
2023,2023-05-30,08:49,Tue,10797,error_report,"Inbox"|galaxy,multipart/alternative
2023,2023-05-30,11:19,Tue,21738,error_report,"Inbox"|galaxy,multipart/alternative
2023,2023-05-30,14:14,Tue,16886,error_report,"Inbox"|galaxy,multipart/alternative
2023,2023-05-30,14:46,Tue,16888,error_report,"Inbox"|galaxy,multipart/alternative
2023,2023-05-30,21:23,Tue,14747,error_report,"Inbox"|galaxy,multipart/alternative
2023,2023-05-30,21:23,Tue,14770,error_report,"Inbox"|galaxy,multipart/alternative
2023,2023-05-31,05:26,Wed,10898,error_report,"Inbox"|galaxy,multipart/alternative
2023,2023-05-31,05:27,Wed,10873,error_report,"Inbox"|galaxy,multipart/alternative
2023,2023-05-31,05:33,Wed,10775,error_report,"Inbox"|galaxy,multipart/alternative
2023,2023-05-31,05:35,Wed,10889,error_report,"Inbox"|galaxy,multipart/alternative
2023,2023-05-31,06:53,Wed,97581,error_report,"Inbox"|galaxy,multipart/alternative
2023,2023-06-01,01:12,Thu,13235,error_report,"Inbox"|galaxy,multipart/alternative
2023,2023-06-01,02:13,Thu,14160,error_report,"Inbox"|galaxy,multipart/alternative
2023,2023-06-01,03:52,Thu,97597,error_report,"Inbox"|galaxy,multipart/alternative
2023,2023-06-01,03:55,Thu,13224,error_report,"Inbox"|galaxy,multipart/alternative
2023,2023-06-01,04:23,Thu,18857,error_report,"Inbox"|galaxy,multipart/alternative
2023,2023-06-01,04:24,Thu,18854,error_report,"Inbox"|galaxy,multipart/alternative
2023,2023-06-01,06:09,Thu,46712,error_report,"Inbox"|galaxy,multipart/alternative
2023,2023-06-01,08:19,Thu,16092,error_report,"Inbox"|galaxy,multipart/alternative
2023,2023-06-01,10:24,Thu,28552,error_report,"Inbox"|galaxy,multipart/alternative
2023,2023-06-02,00:38,Fri,103199,error_report,"Inbox"|galaxy,multipart/alternative
2023,2023-06-02,00:55,Fri,13566,error_report,"Inbox"|galaxy,multipart/alternative
2023,2023-06-02,09:32,Fri,4494,tiaas_request,"Inbox"|galaxy,text/plain
2023,2023-06-02,09:37,Fri,23760,error_report,"Inbox"|galaxy,multipart/alternative
2023,2023-06-02,10:41,Fri,12900,error_report,"Inbox"|galaxy,multipart/alternative
2023,2023-06-02,13:00,Fri,28439,error_report,"Inbox"|galaxy,multipart/alternative
2023,2023-06-02,13:49,Fri,13804,error_report,"Inbox"|galaxy,multipart/alternative
2023,2023-06-03,07:19,Sat,12594,error_report,"Inbox"|galaxy,multipart/alternative
2023,2023-06-04,06:13,Sun,18322,error_report,"Inbox"|galaxy,multipart/alternative
2023,2023-06-04,08:38,Sun,17607,error_report,"Inbox"|galaxy,multipart/alternative
2023,2023-06-04,11:02,Sun,16617,error_report,"Inbox"|galaxy,multipart/alternative
2023,2023-06-04,11:03,Sun,16581,error_report,"Inbox"|galaxy,multipart/alternative
2023,2023-06-04,11:03,Sun,15525,error_report,"Inbox"|galaxy,multipart/alternative
2023,2023-06-04,13:56,Sun,15279,error_report,"Inbox"|galaxy,multipart/alternative
2023,2023-06-04,18:29,Sun,11718,error_report,"Inbox"|galaxy,multipart/alternative
2023,2023-06-05,00:59,Mon,92527,error_report,"Inbox"|galaxy,multipart/alternative
2023,2023-06-05,01:51,Mon,96970,error_report,"Inbox"|galaxy,multipart/alternative
2023,2023-06-05,01:51,Mon,84578,error_report,"Inbox"|galaxy,multipart/alternative
2023,2023-06-05,01:51,Mon,87179,error_report,"Inbox"|galaxy,multipart/alternative
2023,2023-06-05,01:52,Mon,15346,error_report,"Inbox"|galaxy,multipart/alternative
2023,2023-06-05,01:55,Mon,13090,error_report,"Inbox"|galaxy,multipart/alternative
2023,2023-06-05,15:04,Mon,4498,tiaas_request,"Inbox"|galaxy,text/plain
2023,2023-06-05,09:07,Mon,14342,error_report,"Inbox"|galaxy,multipart/alternative
2023,2023-06-05,09:15,Mon,117418,error_report,"Inbox"|galaxy,multipart/alternative
2023,2023-06-06,16:09,Tue,4496,tiaas_request,"Inbox"|galaxy,text/plain
2023,2023-06-06,12:24,Tue,21047,error_report,"Inbox"|galaxy,multipart/alternative
2023,2023-06-06,12:24,Tue,21038,error_report,"Inbox"|galaxy,multipart/alternative
2023,2023-06-06,12:25,Tue,21041,error_report,"Inbox"|galaxy,multipart/alternative
2023,2023-06-06,12:25,Tue,21038,error_report,"Inbox"|galaxy,multipart/alternative
2023,2023-06-06,12:35,Tue,20767,error_report,"Inbox"|galaxy,multipart/alternative
2023,2023-06-06,12:35,Tue,20768,error_report,"Inbox"|galaxy,multipart/alternative
2023,2023-06-06,12:37,Tue,20766,error_report,"Inbox"|galaxy,multipart/alternative
2023,2023-06-06,13:38,Tue,34915,error_report,"Inbox"|galaxy,multipart/alternative
2023,2023-06-06,13:38,Tue,34902,error_report,"Inbox"|galaxy,multipart/alternative
2023,2023-06-06,13:38,Tue,34936,error_report,"Inbox"|galaxy,multipart/alternative
2023,2023-06-06,13:58,Tue,192275,error_report,"Inbox"|galaxy,multipart/alternative
2023,2023-06-07,09:28,Wed,4492,tiaas_request,"Inbox"|galaxy,text/plain
2023,2023-06-07,03:28,Wed,16890,error_report,"Inbox"|galaxy,multipart/alternative
2023,2023-06-07,08:26,Wed,15487,error_report,"Inbox"|galaxy,multipart/alternative
2023,2023-06-07,10:37,Wed,11650,error_report,"Inbox"|galaxy,multipart/alternative
2023,2023-06-07,13:40,Wed,10888,error_report,"Inbox"|galaxy,multipart/alternative
2023,2023-06-07,14:51,Wed,14903,error_report,"Inbox"|galaxy,multipart/alternative
2023,2023-06-07,14:51,Wed,14966,error_report,"Inbox"|galaxy,multipart/alternative
2023,2023-06-07,14:51,Wed,14970,error_report,"Inbox"|galaxy,multipart/alternative
2023,2023-06-07,14:52,Wed,14985,error_report,"Inbox"|galaxy,multipart/alternative
2023,2023-06-07,14:52,Wed,15045,error_report,"Inbox"|galaxy,multipart/alternative
2023,2023-06-07,14:52,Wed,15109,error_report,"Inbox"|galaxy,multipart/alternative
2023,2023-06-07,14:52,Wed,15110,error_report,"Inbox"|galaxy,multipart/alternative
2023,2023-06-07,14:52,Wed,15125,error_report,"Inbox"|galaxy,multipart/alternative
2023,2023-06-08,06:36,Thu,24498,error_report,"Inbox"|galaxy,multipart/alternative
2023,2023-06-09,01:30,Fri,18788,error_report,"Inbox"|galaxy,multipart/alternative
2023,2023-06-09,03:19,Fri,15508,error_report,"Inbox"|galaxy,multipart/alternative
2023,2023-06-09,05:35,Fri,15152,error_report,"Inbox"|galaxy,multipart/alternative
2023,2023-06-09,08:14,Fri,13212,error_report,"Inbox"|galaxy,multipart/alternative
2023,2023-06-11,00:01,Sun,12080,error_report,"Inbox"|galaxy,multipart/alternative
2023,2023-06-13,12:38,Tue,24404,error_report,"Inbox"|galaxy,multipart/alternative
2023,2023-06-13,22:42,Tue,97495,error_report,"Inbox"|galaxy,multipart/alternative
2023,2023-06-14,00:19,Wed,22471,error_report,"Inbox"|galaxy,multipart/alternative
2023,2023-06-14,03:36,Wed,11750,error_report,"Inbox"|galaxy,multipart/alternative
2023,2023-06-14,05:42,Wed,22623,error_report,"Inbox"|galaxy,multipart/alternative
2023,2023-06-14,08:40,Wed,93950,error_report,"Inbox"|galaxy,multipart/alternative
2023,2023-06-14,08:40,Wed,94008,error_report,"Inbox"|galaxy,multipart/alternative
2023,2023-06-14,08:49,Wed,21244,error_report,"Inbox"|galaxy,multipart/alternative
2023,2023-06-14,09:23,Wed,12205,error_report,"Inbox"|galaxy,multipart/alternative
2023,2023-06-14,18:04,Wed,12728,error_report,"Inbox"|galaxy,multipart/alternative
2023,2023-06-15,01:59,Thu,50675,error_report,"Inbox"|galaxy,multipart/alternative
2023,2023-06-15,04:29,Thu,21548,error_report,"Inbox"|galaxy,multipart/alternative
2023,2023-06-15,04:45,Thu,18029,error_report,"Inbox"|galaxy,multipart/alternative
2023,2023-06-15,12:21,Thu,108925,error_report,"Inbox"|galaxy,multipart/alternative
2023,2023-06-16,11:11,Fri,17399,error_report,"Inbox"|galaxy,multipart/alternative
2023,2023-06-16,12:06,Fri,50373,error_report,"Inbox"|galaxy,multipart/alternative
2023,2023-06-16,12:07,Fri,26139,error_report,"Inbox"|galaxy,multipart/alternative
2023,2023-06-16,13:01,Fri,127275,error_report,"Inbox"|galaxy,multipart/alternative
2023,2023-06-17,11:46,Sat,105139,error_report,"Inbox"|galaxy,multipart/alternative
2023,2023-06-18,08:05,Sun,17982,error_report,"Inbox"|galaxy,multipart/alternative
2023,2023-06-19,05:29,Mon,15498,error_report,"Inbox"|galaxy,multipart/alternative
2023,2023-06-19,06:13,Mon,24915,error_report,"Inbox"|galaxy,multipart/alternative
2023,2023-06-19,09:25,Mon,13777,error_report,"Inbox"|galaxy,multipart/alternative
2023,2023-06-19,16:47,Mon,4498,tiaas_request,"Inbox"|galaxy,text/plain
2023,2023-06-19,12:45,Mon,21212,error_report,"Inbox"|galaxy,multipart/alternative
2023,2023-06-20,02:54,Tue,12106,error_report,"Inbox"|galaxy,multipart/alternative
2023,2023-06-20,03:04,Tue,16749,error_report,"Inbox"|galaxy,multipart/alternative
2023,2023-06-20,04:34,Tue,16257,error_report,"Inbox"|galaxy|work|work/zierep,multipart/alternative
2023,2023-06-20,20:44,Tue,4488,tiaas_request,"Inbox"|galaxy,text/plain
2023,2023-06-20,13:50,Tue,19198,error_report,"Inbox"|galaxy,multipart/alternative
2023,2023-06-21,02:44,Wed,22799,error_report,"Inbox"|galaxy,multipart/alternative
2023,2023-06-21,02:46,Wed,22728,error_report,"Inbox"|galaxy,multipart/alternative
2023,2023-06-21,06:34,Wed,12653,error_report,"Inbox"|galaxy,multipart/alternative
2023,2023-06-21,13:49,Wed,4498,tiaas_request,"Inbox"|galaxy,text/plain
2023,2023-06-21,14:05,Wed,28054,error_report,"Inbox"|galaxy,multipart/alternative
2023,2023-06-22,00:51,Thu,15825,error_report,"Inbox"|galaxy,multipart/alternative
2023,2023-06-22,00:53,Thu,13222,error_report,"Inbox"|galaxy,multipart/alternative
2023,2023-06-22,11:14,Thu,15376,error_report,"Inbox"|galaxy,multipart/alternative
2023,2023-06-22,18:01,Thu,28417,error_report,"Inbox"|galaxy,multipart/alternative
2023,2023-06-22,19:37,Thu,14928,error_report,"Inbox"|galaxy,multipart/alternative
2023,2023-06-22,20:44,Thu,88217,error_report,"Inbox"|galaxy,multipart/alternative
2023,2023-06-23,05:54,Fri,11273,error_report,"Inbox"|galaxy,multipart/alternative
2023,2023-06-23,14:47,Fri,15596,error_report,"Inbox"|galaxy,multipart/alternative
2023,2023-06-23,18:51,Fri,12725,error_report,"Inbox"|galaxy,multipart/alternative
2023,2023-06-24,04:29,Sat,12513,error_report,"Inbox"|galaxy,multipart/alternative
2023,2023-06-24,06:25,Sat,13263,error_report,"Inbox"|galaxy,multipart/alternative
2023,2023-06-25,08:08,Sun,11350,error_report,"Inbox"|galaxy,multipart/alternative
2023,2023-06-25,23:13,Sun,24984,error_report,"Inbox"|galaxy,multipart/alternative
2023,2023-06-26,01:17,Mon,30729,error_report,"Inbox"|galaxy,multipart/alternative
2023,2023-06-26,01:30,Mon,13101,error_report,"Inbox"|galaxy,multipart/alternative
2023,2023-06-26,01:47,Mon,15594,error_report,"Inbox"|galaxy,multipart/alternative
2023,2023-06-26,10:17,Mon,4557,tiaas_request,"Inbox"|galaxy,text/plain
2023,2023-06-26,04:34,Mon,11144,error_report,"Inbox"|galaxy,multipart/alternative
2023,2023-06-26,14:11,Mon,11738,error_report,"Inbox"|galaxy,multipart/alternative
2023,2023-06-26,22:35,Mon,30781,error_report,"Inbox"|galaxy,multipart/alternative
2023,2023-06-27,05:46,Tue,10856,error_report,"Inbox"|galaxy,multipart/alternative
2023,2023-06-28,00:55,Wed,16136,error_report,"Inbox"|galaxy,multipart/alternative
2023,2023-06-28,02:08,Wed,13744,error_report,"Inbox"|galaxy,multipart/alternative
2023,2023-06-28,03:01,Wed,31155,error_report,"Inbox"|galaxy,multipart/alternative
2023,2023-06-28,04:03,Wed,14684,error_report,"Inbox"|galaxy,multipart/alternative
2023,2023-06-28,05:00,Wed,15717,error_report,"Inbox"|galaxy|work|work/zierep,multipart/alternative
2023,2023-06-28,07:52,Wed,30777,error_report,"Inbox"|galaxy,multipart/alternative
2023,2023-06-28,09:01,Wed,27233,error_report,"Inbox"|galaxy,multipart/alternative
2023,2023-06-28,09:25,Wed,42829,error_report,"Inbox"|galaxy,multipart/alternative
2023,2023-06-28,23:29,Wed,33534,error_report,"Inbox"|galaxy,multipart/alternative
2023,2023-06-29,00:36,Thu,14648,error_report,"Inbox"|galaxy,multipart/alternative
2023,2023-06-30,10:58,Fri,4550,tiaas_request,"Inbox"|galaxy,text/plain
2023,2023-06-30,06:37,Fri,11170,error_report,"Inbox"|galaxy,multipart/alternative
2023,2023-06-30,12:12,Fri,19558,error_report,"Inbox"|galaxy,multipart/alternative
2023,2023-07-01,05:23,Sat,11510,error_report,"Inbox"|galaxy,multipart/alternative
2023,2023-07-01,09:04,Sat,11288,error_report,"Inbox"|galaxy,multipart/alternative
2023,2023-07-02,01:14,Sun,17259,error_report,"Inbox"|galaxy,multipart/alternative
2023,2023-07-02,01:14,Sun,17268,error_report,"Inbox"|galaxy,multipart/alternative
2023,2023-07-02,01:15,Sun,17269,error_report,"Inbox"|galaxy,multipart/alternative
2023,2023-07-03,11:39,Mon,4555,tiaas_request,"Inbox"|galaxy,text/plain
2023,2023-07-03,11:41,Mon,4550,tiaas_request,"Inbox"|galaxy,text/plain
2023,2023-07-03,23:46,Mon,107355,error_report,"Inbox"|galaxy,multipart/alternative
2023,2023-07-04,04:54,Tue,11944,error_report,"Inbox"|galaxy,multipart/alternative
2023,2023-07-04,05:34,Tue,13885,error_report,"Inbox"|galaxy,multipart/alternative
2023,2023-07-04,06:19,Tue,14353,error_report,"Inbox"|galaxy,multipart/alternative
2023,2023-07-04,11:51,Tue,71110,error_report,"Inbox"|galaxy,multipart/alternative
2023,2023-07-04,23:46,Tue,14264,error_report,"Inbox"|galaxy,multipart/alternative
2023,2023-07-05,03:29,Wed,25041,error_report,"Inbox"|galaxy,multipart/alternative
2023,2023-07-06,14:17,Thu,13865,error_report,"Inbox"|galaxy,multipart/alternative
2023,2023-07-06,14:17,Thu,13869,error_report,"Inbox"|galaxy,multipart/alternative
2023,2023-07-06,21:38,Thu,13629,error_report,"Inbox"|galaxy,multipart/alternative
2023,2023-07-07,03:59,Fri,15914,error_report,"Inbox"|galaxy,multipart/alternative
2023,2023-07-07,08:54,Fri,12736,error_report,"Inbox"|galaxy,multipart/alternative
2023,2023-07-07,08:56,Fri,16070,error_report,"Inbox"|galaxy,multipart/alternative
2023,2023-07-07,13:09,Fri,15725,error_report,"Inbox"|galaxy,multipart/alternative
2023,2023-07-07,19:15,Fri,24314,error_report,"Inbox"|galaxy,multipart/alternative
2023,2023-07-07,20:49,Fri,20137,error_report,"Inbox"|galaxy,multipart/alternative
2023,2023-07-08,03:38,Sat,12670,error_report,"Inbox"|galaxy,multipart/alternative
2023,2023-07-09,00:19,Sun,102998,error_report,"Inbox"|galaxy,multipart/alternative
2023,2023-07-09,04:39,Sun,15642,error_report,"Inbox"|galaxy,multipart/alternative
2023,2023-07-09,06:39,Sun,23754,error_report,"Inbox"|galaxy,multipart/alternative
2023,2023-07-10,02:11,Mon,11148,error_report,"Inbox"|galaxy,multipart/alternative
2023,2023-07-10,08:16,Mon,16711,error_report,"Inbox"|galaxy,multipart/alternative
2023,2023-07-10,10:16,Mon,15591,error_report,"Inbox"|galaxy,multipart/alternative
2023,2023-07-10,13:17,Mon,12304,error_report,"Inbox"|galaxy,multipart/alternative
2023,2023-07-11,05:29,Tue,4547,tiaas_request,"Inbox"|galaxy,text/plain
2023,2023-07-11,05:34,Tue,15600,error_report,"Inbox"|galaxy,multipart/alternative
2023,2023-07-11,05:35,Tue,15593,error_report,"Inbox"|galaxy,multipart/alternative
2023,2023-07-11,06:18,Tue,10480,error_report,"Inbox"|galaxy,multipart/alternative
2023,2023-07-11,09:47,Tue,13560,error_report,"Inbox"|galaxy,multipart/alternative
2023,2023-07-11,13:31,Tue,16939,error_report,"Inbox"|galaxy,multipart/alternative
2023,2023-07-12,02:24,Wed,127825,error_report,"Inbox"|galaxy,multipart/alternative
2023,2023-07-12,03:55,Wed,15068,error_report,"Inbox"|galaxy,multipart/alternative
2023,2023-07-12,03:56,Wed,18958,error_report,"Inbox"|galaxy,multipart/alternative
2023,2023-07-12,08:41,Wed,22754,error_report,"Inbox"|galaxy,multipart/alternative
2023,2023-07-12,09:16,Wed,17453,error_report,"Inbox"|galaxy,multipart/alternative
2023,2023-07-12,09:18,Wed,15426,error_report,"Inbox"|galaxy,multipart/alternative
2023,2023-07-13,00:32,Thu,15476,error_report,"Inbox"|galaxy,multipart/alternative
2023,2023-07-13,11:21,Thu,12112,error_report,"Inbox"|galaxy,multipart/alternative
2023,2023-07-13,21:52,Thu,107360,error_report,"Inbox"|galaxy,multipart/alternative
2023,2023-07-14,01:36,Fri,12113,error_report,"Inbox"|galaxy,multipart/alternative
2023,2023-07-14,04:45,Fri,15381,error_report,"Inbox"|galaxy,multipart/alternative
2023,2023-07-14,04:47,Fri,15860,error_report,"Inbox"|galaxy,multipart/alternative
2023,2023-07-15,01:06,Sat,11784,error_report,"Inbox"|galaxy,multipart/alternative
2023,2023-07-15,02:14,Sat,18154,error_report,"Inbox"|galaxy,multipart/alternative
2023,2023-07-16,10:31,Sun,11216,error_report,"Inbox"|galaxy,multipart/alternative
2023,2023-07-16,12:16,Sun,25238,error_report,"Inbox"|galaxy,multipart/alternative
2023,2023-07-16,17:45,Sun,22670,error_report,"Inbox"|galaxy,multipart/alternative
2023,2023-07-16,17:45,Sun,22663,error_report,"Inbox"|galaxy,multipart/alternative
2023,2023-07-17,14:27,Mon,15844,error_report,"Inbox"|galaxy,multipart/alternative
2023,2023-07-18,03:44,Tue,15122,error_report,"Inbox"|galaxy,multipart/alternative
2023,2023-07-18,04:14,Tue,11384,error_report,"Inbox"|galaxy,multipart/alternative
2023,2023-07-18,06:22,Tue,14067,error_report,"Inbox"|galaxy,multipart/alternative
2023,2023-07-19,04:38,Wed,11458,error_report,"Inbox"|galaxy,multipart/alternative
2023,2023-07-19,05:02,Wed,106101,error_report,"Inbox"|galaxy,multipart/alternative
2023,2023-07-19,05:59,Wed,12118,error_report,"Inbox"|galaxy,multipart/alternative
2023,2023-07-19,05:59,Wed,12137,error_report,"Inbox"|galaxy,multipart/alternative
2023,2023-07-19,13:37,Wed,19490,error_report,"Inbox"|galaxy,multipart/alternative
2023,2023-07-20,08:08,Thu,4547,tiaas_request,"Inbox"|galaxy,text/plain
2023,2023-07-20,08:43,Thu,43104,error_report,"Inbox"|galaxy,multipart/alternative
2023,2023-07-20,21:17,Thu,13152,error_report,"Inbox"|galaxy,multipart/alternative
2023,2023-07-21,06:23,Fri,12217,error_report,"Inbox"|galaxy,multipart/alternative
2023,2023-07-21,14:28,Fri,4555,tiaas_request,"Inbox"|galaxy,text/plain
2023,2023-07-21,10:29,Fri,41334,error_report,"Inbox"|galaxy,multipart/alternative
2023,2023-07-21,11:06,Fri,41388,error_report,"Inbox"|galaxy,multipart/alternative
2023,2023-07-21,23:42,Fri,24938,error_report,"Inbox"|galaxy,multipart/alternative
2023,2023-07-22,23:55,Sat,33245,error_report,"Inbox"|galaxy,multipart/alternative
2023,2023-07-23,04:02,Sun,12875,error_report,"Inbox"|galaxy,multipart/alternative
2023,2023-07-23,04:10,Sun,11379,error_report,"Inbox"|galaxy,multipart/alternative
2023,2023-07-23,04:26,Sun,11379,error_report,"Inbox"|galaxy,multipart/alternative
2023,2023-07-23,06:55,Sun,17675,error_report,"Inbox"|galaxy,multipart/alternative
2023,2023-07-23,09:39,Sun,88980,error_report,"Inbox"|galaxy,multipart/alternative
2023,2023-07-23,22:03,Sun,16736,error_report,"Inbox"|galaxy,multipart/alternative
2023,2023-07-23,22:56,Sun,101835,error_report,"Inbox"|galaxy,multipart/alternative
2023,2023-07-24,00:20,Mon,14814,error_report,"Inbox"|galaxy,multipart/alternative
2023,2023-07-24,08:04,Mon,16256,error_report,"Inbox"|galaxy,multipart/alternative
2023,2023-07-24,10:58,Mon,15449,error_report,"Inbox"|galaxy,multipart/alternative
2023,2023-07-24,22:50,Mon,13503,error_report,"Inbox"|galaxy,multipart/alternative
2023,2023-07-25,03:27,Tue,13074,error_report,"Inbox"|galaxy,multipart/alternative
2023,2023-07-25,05:36,Tue,15412,error_report,"Inbox"|galaxy,multipart/alternative
2023,2023-07-25,23:14,Tue,14811,error_report,"Inbox"|galaxy,multipart/alternative
2023,2023-07-26,00:27,Wed,105747,error_report,"Inbox"|galaxy,multipart/alternative
2023,2023-07-26,00:27,Wed,105744,error_report,"Inbox"|galaxy,multipart/alternative
2023,2023-07-26,03:10,Wed,17395,error_report,"Inbox"|galaxy,multipart/alternative
2023,2023-07-26,07:11,Wed,15452,error_report,"Inbox"|galaxy,multipart/alternative
2023,2023-07-26,08:37,Wed,16653,error_report,"Inbox"|galaxy,multipart/alternative
2023,2023-07-26,13:13,Wed,13603,error_report,"Inbox"|galaxy,multipart/alternative
2023,2023-07-26,23:37,Wed,11247,error_report,"Inbox"|galaxy,multipart/alternative
2023,2023-07-27,01:06,Thu,45800,error_report,"Inbox"|galaxy,multipart/alternative
2023,2023-07-27,01:27,Thu,30477,error_report,"Inbox"|galaxy,multipart/alternative
2023,2023-07-27,06:08,Thu,16630,error_report,"Inbox"|galaxy,multipart/alternative
2023,2023-07-27,22:34,Thu,15683,error_report,"Inbox"|galaxy,multipart/alternative
2023,2023-07-28,02:04,Fri,15998,error_report,"Inbox"|galaxy,multipart/alternative
2023,2023-07-28,04:57,Fri,62602,error_report,"Inbox"|galaxy,multipart/alternative
2023,2023-07-28,05:00,Fri,55299,error_report,"Inbox"|galaxy,multipart/alternative
2023,2023-07-28,07:13,Fri,109305,error_report,"Inbox"|galaxy,multipart/alternative
2023,2023-07-28,23:58,Fri,11274,error_report,"Inbox"|galaxy,multipart/alternative
2023,2023-07-30,22:12,Sun,60420,error_report,"Inbox"|galaxy,multipart/alternative
2023,2023-07-31,07:48,Mon,4557,tiaas_request,"Inbox"|galaxy,text/plain
2023,2023-07-31,07:20,Mon,10974,error_report,"Inbox"|galaxy,multipart/alternative
2023,2023-07-31,09:01,Mon,12549,error_report,"Inbox"|galaxy,multipart/alternative
2023,2023-08-01,07:51,Tue,4548,tiaas_request,"Inbox"|galaxy,text/plain
2023,2023-08-01,04:58,Tue,17620,error_report,"Inbox"|galaxy,multipart/alternative
2023,2023-08-01,06:18,Tue,11648,error_report,"Inbox"|galaxy,multipart/alternative
2023,2023-08-02,01:33,Wed,15228,error_report,"Inbox"|galaxy,multipart/alternative
2023,2023-08-03,01:56,Thu,12034,error_report,"Inbox"|galaxy,multipart/alternative
2023,2023-08-03,02:36,Thu,13064,error_report,"Inbox"|galaxy,multipart/alternative
2023,2023-08-03,02:50,Thu,14658,error_report,"Inbox"|galaxy,multipart/alternative
2023,2023-08-03,03:21,Thu,15952,error_report,"Inbox"|galaxy,multipart/alternative
2023,2023-08-03,04:59,Thu,25561,error_report,"Inbox"|galaxy,multipart/alternative
2023,2023-08-03,12:52,Thu,4551,tiaas_request,"Inbox"|galaxy,text/plain
2023,2023-08-03,07:43,Thu,28883,error_report,"Inbox"|galaxy,multipart/alternative
2023,2023-08-03,23:39,Thu,12425,error_report,"Inbox"|galaxy,multipart/alternative
2023,2023-08-04,05:44,Fri,12537,error_report,"Inbox"|galaxy,multipart/alternative
2023,2023-08-04,20:50,Fri,30296,error_report,"Inbox"|galaxy,multipart/alternative
2023,2023-08-05,01:22,Sat,12712,error_report,"Inbox"|galaxy,multipart/alternative
2023,2023-08-05,12:51,Sat,22043,error_report,"Inbox"|galaxy,multipart/alternative
2023,2023-08-05,13:14,Sat,22046,error_report,"Inbox"|galaxy,multipart/alternative
2023,2023-08-05,13:39,Sat,20754,error_report,"Inbox"|galaxy,multipart/alternative
2023,2023-08-05,14:39,Sat,20702,error_report,"Inbox"|galaxy,multipart/alternative
2023,2023-08-06,09:24,Sun,12088,error_report,"Inbox"|galaxy,multipart/alternative
2023,2023-08-06,11:39,Sun,13135,error_report,"Inbox"|galaxy,multipart/alternative
2023,2023-08-06,12:17,Sun,11198,error_report,"Inbox"|galaxy,multipart/alternative
2023,2023-08-07,05:58,Mon,13077,error_report,"Inbox"|galaxy,multipart/alternative
2023,2023-08-07,07:20,Mon,11185,error_report,"Inbox"|galaxy,multipart/alternative
2023,2023-08-07,08:45,Mon,16296,error_report,"Inbox"|galaxy,multipart/alternative
2023,2023-08-08,08:15,Tue,102162,error_report,"Inbox"|galaxy,multipart/alternative
2023,2023-08-08,09:21,Tue,13269,error_report,"Inbox"|galaxy,multipart/alternative
2023,2023-08-09,03:59,Wed,12163,error_report,"Inbox"|galaxy,multipart/alternative
2023,2023-08-10,00:45,Thu,41000,error_report,"Inbox"|galaxy,multipart/alternative
2023,2023-08-10,03:09,Thu,15900,error_report,"Inbox"|galaxy,multipart/alternative
2023,2023-08-10,07:22,Thu,11671,error_report,"Inbox"|galaxy,multipart/alternative
2023,2023-08-10,13:24,Thu,21935,error_report,"Inbox"|galaxy,multipart/alternative
2023,2023-08-11,04:09,Fri,26596,error_report,"Inbox"|galaxy,multipart/alternative
2023,2023-08-11,04:14,Fri,16464,error_report,"Inbox"|galaxy,multipart/alternative
2023,2023-08-11,12:21,Fri,28777,error_report,"Inbox"|galaxy,multipart/alternative
2023,2023-08-12,02:30,Sat,19888,error_report,"Inbox"|galaxy,multipart/alternative
2023,2023-08-12,07:49,Sat,14000,error_report,"Inbox"|galaxy,multipart/alternative
2023,2023-08-13,04:38,Sun,15693,error_report,"Inbox"|galaxy,multipart/alternative
2023,2023-08-14,05:50,Mon,16972,error_report,"Inbox"|galaxy,multipart/alternative
2023,2023-08-15,03:47,Tue,106802,error_report,"Inbox"|galaxy,multipart/alternative
2023,2023-08-15,07:08,Tue,15493,error_report,"Inbox"|galaxy,multipart/alternative
2023,2023-08-15,09:29,Tue,20002,error_report,"Inbox"|galaxy,multipart/alternative
2023,2023-08-15,21:32,Tue,10822,error_report,"Inbox"|galaxy,multipart/alternative
2023,2023-08-16,00:52,Wed,13713,error_report,"Inbox"|galaxy,multipart/alternative
2023,2023-08-16,04:57,Wed,14260,error_report,"Inbox"|galaxy,multipart/alternative
2023,2023-08-16,05:08,Wed,13363,error_report,"Inbox"|galaxy,multipart/alternative
2023,2023-08-16,06:49,Wed,18066,error_report,"Inbox"|galaxy,multipart/alternative
2023,2023-08-16,20:25,Wed,106219,error_report,"Inbox"|galaxy,multipart/alternative
2023,2023-08-17,04:28,Thu,20070,error_report,"Inbox"|galaxy,multipart/alternative
2023,2023-08-17,12:48,Thu,10704,error_report,"Inbox"|galaxy,multipart/alternative
2023,2023-08-17,12:48,Thu,10704,error_report,"Inbox"|galaxy,multipart/alternative
2023,2023-08-18,14:10,Fri,12000,error_report,"Inbox"|galaxy,multipart/alternative
2023,2023-08-18,14:16,Fri,15382,error_report,"Inbox"|galaxy,multipart/alternative
2023,2023-08-19,10:35,Sat,13335,error_report,"Inbox"|galaxy,multipart/alternative
2023,2023-08-19,22:09,Sat,14845,error_report,"Inbox"|galaxy,multipart/alternative
2023,2023-08-19,23:35,Sat,14826,error_report,"Inbox"|galaxy,multipart/alternative
2023,2023-08-20,02:34,Sun,14266,error_report,"Inbox"|galaxy,multipart/alternative
2023,2023-08-20,03:29,Sun,15609,error_report,"Inbox"|galaxy,multipart/alternative
2023,2023-08-20,23:11,Sun,19188,error_report,"Inbox"|galaxy|work|work/zierep,multipart/alternative
2023,2023-08-20,23:13,Sun,19145,error_report,"Inbox"|galaxy|work|work/zierep,multipart/alternative
2023,2023-08-21,01:45,Mon,16881,error_report,"Inbox"|galaxy,multipart/alternative
2023,2023-08-21,04:35,Mon,46500,error_report,"Inbox"|galaxy,multipart/alternative
2023,2023-08-21,06:55,Mon,11094,error_report,"Inbox"|galaxy,multipart/alternative
2023,2023-08-21,06:58,Mon,11177,error_report,"Inbox"|galaxy,multipart/alternative
2023,2023-08-21,07:32,Mon,11543,error_report,"Inbox"|galaxy,multipart/alternative
2023,2023-08-21,21:26,Mon,11270,error_report,"Inbox"|galaxy,multipart/alternative
2023,2023-08-22,01:37,Tue,31258,error_report,"Inbox"|galaxy,multipart/alternative
2023,2023-08-22,07:31,Tue,11642,error_report,"Inbox"|galaxy,multipart/alternative
2023,2023-08-22,08:48,Tue,19031,error_report,"Inbox"|galaxy,multipart/alternative
2023,2023-08-22,08:49,Tue,124545,error_report,"Inbox"|galaxy,multipart/alternative
2023,2023-08-22,09:06,Tue,14654,error_report,"Inbox"|galaxy,multipart/alternative
2023,2023-08-22,13:29,Tue,12473,error_report,"Inbox"|galaxy,multipart/alternative
2023,2023-08-22,17:11,Tue,31023,error_report,"Inbox"|galaxy,multipart/alternative
2023,2023-08-23,02:05,Wed,13924,error_report,"Inbox"|galaxy,multipart/alternative
2023,2023-08-23,04:47,Wed,16198,error_report,"Inbox"|galaxy,multipart/alternative
2023,2023-08-23,05:07,Wed,21177,error_report,"Inbox"|galaxy,multipart/alternative
2023,2023-08-23,08:08,Wed,12336,error_report,"Inbox"|galaxy,multipart/alternative
2023,2023-08-23,13:23,Wed,12171,error_report,"Inbox"|galaxy,multipart/alternative
2023,2023-08-23,14:34,Wed,12942,error_report,"Inbox"|galaxy,multipart/alternative
2023,2023-08-23,22:02,Wed,4557,tiaas_request,"Inbox"|galaxy,text/plain
2023,2023-08-23,15:33,Wed,10993,error_report,"Inbox"|galaxy,multipart/alternative
2023,2023-08-23,19:59,Wed,13570,error_report,"Inbox"|galaxy,multipart/alternative
2023,2023-08-23,21:02,Wed,101835,error_report,"Inbox"|galaxy,multipart/alternative
2023,2023-08-23,22:12,Wed,21927,error_report,"Inbox"|galaxy,multipart/alternative
2023,2023-08-24,07:08,Thu,4556,tiaas_request,"Inbox"|galaxy,text/plain
2023,2023-08-24,01:53,Thu,15750,error_report,"Inbox"|galaxy|work|work/zierep,multipart/alternative
2023,2023-08-24,14:07,Thu,17812,error_report,"Inbox"|galaxy,multipart/alternative
2023,2023-08-24,16:07,Thu,16502,error_report,"Inbox"|galaxy,multipart/alternative
2023,2023-08-24,17:16,Thu,101591,error_report,"Inbox"|galaxy,multipart/alternative
2023,2023-08-24,18:28,Thu,16649,error_report,"Inbox"|galaxy,multipart/alternative
2023,2023-08-25,00:27,Fri,11589,error_report,"Inbox"|galaxy,multipart/alternative
2023,2023-08-25,10:16,Fri,102811,error_report,"Inbox"|galaxy,multipart/alternative
2023,2023-08-25,11:19,Fri,14215,error_report,"Inbox"|galaxy,multipart/alternative
2023,2023-08-25,14:25,Fri,10932,error_report,"Inbox"|galaxy,multipart/alternative
2023,2023-08-25,21:54,Fri,86344,error_report,"Inbox"|galaxy,multipart/alternative
2023,2023-08-26,02:01,Sat,21524,error_report,"Inbox"|galaxy,multipart/alternative
2023,2023-08-28,12:19,Mon,12727,error_report,"Inbox"|galaxy,multipart/alternative
2023,2023-08-29,00:18,Tue,11802,error_report,"Inbox"|galaxy,multipart/alternative
2023,2023-08-29,01:36,Tue,11570,error_report,"Inbox"|galaxy,multipart/alternative
2023,2023-08-29,06:00,Tue,12490,error_report,"Inbox"|galaxy,multipart/alternative
2023,2023-08-29,06:43,Tue,26903,error_report,"Inbox"|galaxy,multipart/alternative
2023,2023-08-29,11:45,Tue,127774,error_report,"Inbox"|galaxy,multipart/alternative
2023,2023-08-29,13:06,Tue,12751,error_report,"Inbox"|galaxy,multipart/alternative
2023,2023-08-30,07:24,Wed,11708,error_report,"Inbox"|galaxy,multipart/alternative
2023,2023-08-30,07:34,Wed,13045,error_report,"Inbox"|galaxy,multipart/alternative
2023,2023-08-30,14:51,Wed,4556,tiaas_request,"Inbox"|galaxy,text/plain
2023,2023-08-30,14:53,Wed,4560,tiaas_request,"Inbox"|galaxy,text/plain
2023,2023-08-30,14:54,Wed,4562,tiaas_request,"Inbox"|galaxy,text/plain
2023,2023-08-31,09:43,Thu,19448,error_report,"Inbox"|galaxy,multipart/alternative
2023,2023-09-03,19:46,Sun,10950,error_report,"Inbox"|galaxy,multipart/alternative
2023,2023-09-04,09:04,Mon,4556,tiaas_request,"Inbox"|galaxy,text/plain
2023,2023-09-04,02:37,Mon,12433,error_report,"Inbox"|galaxy,multipart/alternative
2023,2023-09-04,03:06,Mon,14266,error_report,"Inbox"|galaxy,multipart/alternative
2023,2023-09-04,03:18,Mon,12418,error_report,"Inbox"|galaxy,multipart/alternative
2023,2023-09-04,05:18,Mon,13944,error_report,"Inbox"|galaxy,multipart/alternative
2023,2023-09-04,05:58,Mon,11924,error_report,"Inbox"|galaxy,multipart/alternative
2023,2023-09-04,06:50,Mon,12010,error_report,"Inbox"|galaxy,multipart/alternative
2023,2023-09-04,07:04,Mon,12316,error_report,"Inbox"|galaxy,multipart/alternative
2023,2023-09-04,08:10,Mon,22635,error_report,"Inbox"|galaxy,multipart/alternative
2023,2023-09-04,14:15,Mon,16470,error_report,"Inbox"|galaxy,multipart/alternative
2023,2023-09-04,21:06,Mon,16203,error_report,"Inbox"|galaxy,multipart/alternative
2023,2023-09-05,00:06,Tue,107748,error_report,"Inbox"|galaxy,multipart/alternative
2023,2023-09-05,02:52,Tue,22096,error_report,"Inbox"|galaxy,multipart/alternative
2023,2023-09-05,06:43,Tue,12346,error_report,"Inbox"|galaxy,multipart/alternative
2023,2023-09-05,06:48,Tue,19430,error_report,"Inbox"|galaxy,multipart/alternative
2023,2023-09-05,15:32,Tue,4548,tiaas_request,"Inbox"|galaxy,text/plain
2023,2023-09-05,10:53,Tue,10729,error_report,"Inbox"|galaxy,multipart/alternative
2023,2023-09-05,11:31,Tue,52533,error_report,"Inbox"|galaxy,multipart/alternative
2023,2023-09-05,11:54,Tue,25049,error_report,"Inbox"|galaxy,multipart/alternative
2023,2023-09-05,13:52,Tue,12093,error_report,"Inbox"|galaxy,multipart/alternative
2023,2023-09-05,22:48,Tue,92927,error_report,"Inbox"|galaxy,multipart/alternative
2023,2023-09-06,09:55,Wed,27810,error_report,"Inbox"|galaxy,multipart/alternative
2023,2023-09-06,10:04,Wed,11190,error_report,"Inbox"|galaxy,multipart/alternative
2023,2023-09-07,02:34,Thu,12019,error_report,"Inbox"|galaxy,multipart/alternative
2023,2023-09-07,05:23,Thu,11707,error_report,"Inbox"|galaxy,multipart/alternative
2023,2023-09-07,06:51,Thu,12089,error_report,"Inbox"|galaxy,multipart/alternative
2023,2023-09-07,11:24,Thu,13100,error_report,"Inbox"|galaxy,multipart/alternative
2023,2023-09-07,11:33,Thu,15715,error_report,"Inbox"|galaxy,multipart/alternative
2023,2023-09-07,11:51,Thu,13052,error_report,"Inbox"|galaxy,multipart/alternative
2023,2023-09-07,18:00,Thu,18757,error_report,"Inbox"|galaxy,multipart/alternative
2023,2023-09-08,00:10,Fri,19883,error_report,"Inbox"|galaxy,multipart/alternative
2023,2023-09-08,02:51,Fri,13346,error_report,"Inbox"|galaxy,multipart/alternative
2023,2023-09-08,16:54,Fri,25354,error_report,"Inbox"|galaxy,multipart/alternative
2023,2023-09-09,15:08,Sat,18601,error_report,"Inbox"|galaxy,multipart/alternative
2023,2023-09-10,12:15,Sun,16241,error_report,"Inbox"|galaxy,multipart/alternative
2023,2023-09-10,21:09,Sun,84663,error_report,"Inbox"|galaxy,multipart/alternative
2023,2023-09-11,11:05,Mon,4557,tiaas_request,"Inbox"|galaxy,text/plain
2023,2023-09-11,08:23,Mon,21398,error_report,"Inbox"|galaxy,multipart/alternative
2023,2023-09-12,06:38,Tue,4545,tiaas_request,"Inbox"|galaxy,text/plain
2023,2023-09-12,10:51,Tue,4559,tiaas_request,"Inbox"|galaxy,text/plain
2023,2023-09-12,04:26,Tue,12652,error_report,"Inbox"|galaxy,multipart/alternative
2023,2023-09-12,11:27,Tue,4549,tiaas_request,"Inbox"|galaxy,text/plain
2023,2023-09-12,12:59,Tue,16407,error_report,"Inbox"|galaxy,multipart/alternative
2023,2023-09-12,13:11,Tue,11676,error_report,"Inbox"|galaxy,multipart/alternative
2023,2023-09-12,14:30,Tue,20670,error_report,"Inbox"|galaxy,multipart/alternative
2023,2023-09-12,22:33,Tue,16330,error_report,"Inbox"|galaxy,multipart/alternative
2023,2023-09-13,01:04,Wed,14642,error_report,"Inbox"|galaxy,multipart/alternative
2023,2023-09-13,02:17,Wed,18377,error_report,"Inbox"|galaxy,multipart/alternative
2023,2023-09-13,08:24,Wed,19857,error_report,"Inbox"|galaxy,multipart/alternative
2023,2023-09-13,17:33,Wed,18215,error_report,"Inbox"|galaxy,multipart/alternative
2023,2023-09-14,05:19,Thu,106217,error_report,"Inbox"|galaxy,multipart/alternative
2023,2023-09-14,05:22,Thu,11250,error_report,"Inbox"|galaxy,multipart/alternative
2023,2023-09-14,08:36,Thu,11567,error_report,"Inbox"|galaxy,multipart/alternative
2023,2023-09-15,12:55,Fri,23272,error_report,"Inbox"|galaxy,multipart/alternative
2023,2023-09-16,05:38,Sat,17469,error_report,"Inbox"|galaxy,multipart/alternative
2023,2023-09-17,02:39,Sun,14710,error_report,"Inbox"|galaxy,multipart/alternative
2023,2023-09-18,00:44,Mon,11238,error_report,"Inbox"|galaxy,multipart/alternative
2023,2023-09-18,03:28,Mon,18380,error_report,"Inbox"|galaxy,multipart/alternative
2023,2023-09-18,04:02,Mon,94873,error_report,"Inbox"|galaxy,multipart/alternative
2023,2023-09-18,04:20,Mon,14725,error_report,"Inbox"|galaxy,multipart/alternative
2023,2023-09-18,05:19,Mon,15537,error_report,"Inbox"|galaxy,multipart/alternative
2023,2023-09-18,19:50,Mon,4554,tiaas_request,"Inbox"|galaxy,text/plain
2023,2023-09-19,02:05,Tue,12460,error_report,"Inbox"|galaxy,multipart/alternative
2023,2023-09-19,09:32,Tue,4550,tiaas_request,"Inbox"|galaxy,text/plain
2023,2023-09-19,08:29,Tue,11672,error_report,"Inbox"|galaxy,multipart/alternative
2023,2023-09-19,09:58,Tue,11675,error_report,"Inbox"|galaxy,multipart/alternative
2023,2023-09-19,15:30,Tue,21536,error_report,"Inbox"|galaxy,multipart/alternative
2023,2023-09-19,15:49,Tue,21396,error_report,"Inbox"|galaxy,multipart/alternative
2023,2023-09-20,02:40,Wed,12677,error_report,"Inbox"|galaxy,multipart/alternative
2023,2023-09-20,06:57,Wed,15480,error_report,"Inbox"|galaxy,multipart/alternative
2023,2023-09-20,12:19,Wed,21769,error_report,"Inbox"|galaxy,multipart/alternative
2023,2023-09-21,02:04,Thu,14084,error_report,"Inbox"|galaxy,multipart/alternative
2023,2023-09-21,05:41,Thu,16379,error_report,"Inbox"|galaxy,multipart/alternative
2023,2023-09-21,05:57,Thu,23859,error_report,"Inbox"|galaxy,multipart/alternative
2023,2023-09-21,18:55,Thu,10902,error_report,"Inbox"|galaxy,multipart/alternative
2023,2023-09-21,23:47,Thu,17980,error_report,"Inbox"|galaxy,multipart/alternative
2023,2023-09-22,00:01,Fri,16599,error_report,"Inbox"|galaxy,multipart/alternative
2023,2023-09-22,01:02,Fri,14072,error_report,"Inbox"|galaxy,multipart/alternative
2023,2023-09-22,13:05,Fri,4564,tiaas_request,"Inbox"|galaxy,text/plain
2023,2023-09-24,08:39,Sun,11530,error_report,"Inbox"|galaxy,multipart/alternative
2023,2023-09-25,00:33,Mon,103866,error_report,"Inbox"|galaxy,multipart/alternative
2023,2023-09-25,01:27,Mon,16007,error_report,"Inbox"|galaxy,multipart/alternative
2023,2023-09-25,12:31,Mon,4558,tiaas_request,"Inbox"|galaxy,text/plain
2023,2023-09-25,07:16,Mon,11793,error_report,"Inbox"|galaxy,multipart/alternative
2023,2023-09-26,07:45,Tue,23053,error_report,"Inbox"|galaxy,multipart/alternative
2023,2023-09-26,23:33,Tue,18280,error_report,"Inbox"|galaxy,multipart/alternative
2023,2023-09-27,00:38,Wed,11966,error_report,"Inbox"|galaxy,multipart/alternative
2023,2023-09-27,00:43,Wed,19050,error_report,"Inbox"|galaxy,multipart/alternative
2023,2023-09-27,00:58,Wed,11347,error_report,"Inbox"|galaxy,multipart/alternative
2023,2023-09-27,01:31,Wed,12256,error_report,"Inbox"|galaxy,multipart/alternative
2023,2023-09-27,07:08,Wed,14107,error_report,"Inbox"|galaxy,multipart/alternative
2023,2023-09-27,14:14,Wed,4551,tiaas_request,"Inbox"|galaxy,text/plain
2023,2023-09-28,00:31,Thu,12510,error_report,"Inbox"|galaxy,multipart/alternative
2023,2023-09-28,16:24,Thu,22962,error_report,"Inbox"|galaxy,multipart/alternative
2023,2023-09-29,00:36,Fri,12643,error_report,"Inbox"|galaxy,multipart/alternative
2023,2023-09-29,01:47,Fri,17052,error_report,"Inbox"|galaxy,multipart/alternative
2023,2023-09-29,07:18,Fri,12202,error_report,"Inbox"|galaxy,multipart/alternative
2023,2023-09-29,14:20,Fri,4549,tiaas_request,"Inbox"|galaxy,text/plain
2023,2023-09-30,14:21,Sat,13727,error_report,"Inbox"|galaxy,multipart/alternative
2023,2023-09-30,15:03,Sat,13975,error_report,"Inbox"|galaxy,multipart/alternative
2023,2023-10-01,00:55,Sun,14910,error_report,"Inbox"|galaxy,multipart/alternative
2023,2023-10-01,02:33,Sun,14497,error_report,"Inbox"|galaxy,multipart/alternative
2023,2023-10-01,10:30,Sun,14278,error_report,"Inbox"|galaxy,multipart/alternative
2023,2023-10-01,13:20,Sun,192707,error_report,"Inbox"|galaxy,multipart/alternative
2023,2023-10-01,16:33,Sun,18673,error_report,"Inbox"|galaxy,multipart/alternative
2023,2023-10-02,02:18,Mon,14492,error_report,"Inbox"|galaxy,multipart/alternative
2023,2023-10-02,09:58,Mon,13195,error_report,"Inbox"|galaxy,multipart/alternative
2023,2023-10-03,00:28,Tue,19879,error_report,"Inbox"|galaxy,multipart/alternative
2023,2023-10-03,00:31,Tue,19885,error_report,"Inbox"|galaxy,multipart/alternative
2023,2023-10-03,09:38,Tue,4547,tiaas_request,"Inbox"|galaxy,text/plain
2023,2023-10-03,07:01,Tue,47267,error_report,"Inbox"|galaxy,multipart/alternative
2023,2023-10-03,08:13,Tue,108656,error_report,"Inbox"|galaxy,multipart/alternative
2023,2023-10-03,16:28,Tue,13857,error_report,"Inbox"|galaxy,multipart/alternative
2023,2023-10-03,16:31,Tue,13504,error_report,"Inbox"|galaxy,multipart/alternative
2023,2023-10-04,05:02,Wed,21262,error_report,"Inbox"|galaxy,multipart/alternative
2023,2023-10-04,20:46,Wed,125315,error_report,"Inbox"|galaxy,multipart/alternative
2023,2023-10-04,21:52,Wed,23831,error_report,"Inbox"|galaxy,multipart/alternative
2023,2023-10-04,22:12,Wed,11468,error_report,"Inbox"|galaxy,multipart/alternative
2023,2023-10-04,22:37,Wed,125312,error_report,"Inbox"|galaxy,multipart/alternative
2023,2023-10-05,04:42,Thu,17418,error_report,"Inbox"|galaxy,multipart/alternative
2023,2023-10-05,04:56,Thu,22911,error_report,"Inbox"|galaxy,multipart/alternative
2023,2023-10-05,05:40,Thu,14298,error_report,"Inbox"|galaxy,multipart/alternative
2023,2023-10-05,05:43,Thu,15878,error_report,"Inbox"|galaxy,multipart/alternative
2023,2023-10-06,04:24,Fri,16353,error_report,"Inbox"|galaxy,multipart/alternative
2023,2023-10-06,22:17,Fri,17482,error_report,"Inbox"|galaxy,multipart/alternative
2023,2023-10-07,03:46,Sat,13555,error_report,"Inbox"|galaxy,multipart/alternative
2023,2023-10-07,07:46,Sat,20088,error_report,"Inbox"|galaxy,multipart/alternative
2023,2023-10-08,22:58,Sun,11991,error_report,"Inbox"|galaxy,multipart/alternative
2023,2023-10-09,02:57,Mon,19239,error_report,"Inbox"|galaxy,multipart/alternative
2023,2023-10-09,03:07,Mon,20496,error_report,"Inbox"|galaxy,multipart/alternative
2023,2023-10-09,03:13,Mon,14600,error_report,"Inbox"|galaxy,multipart/alternative
2023,2023-10-09,05:01,Mon,112548,error_report,"Inbox"|galaxy,multipart/alternative
2023,2023-10-09,14:20,Mon,4553,tiaas_request,"Inbox"|galaxy,text/plain
2023,2023-10-09,09:13,Mon,31278,error_report,"Inbox"|galaxy,multipart/alternative
2023,2023-10-09,10:40,Mon,13407,error_report,"Inbox"|galaxy,multipart/alternative
2023,2023-10-09,11:40,Mon,26797,error_report,"Inbox"|galaxy,multipart/alternative
2023,2023-10-09,21:09,Mon,17218,error_report,"Inbox"|galaxy,multipart/alternative
2023,2023-10-10,01:48,Tue,11409,error_report,"Inbox"|galaxy,multipart/alternative
2023,2023-10-10,01:48,Tue,11411,error_report,"Inbox"|galaxy,multipart/alternative
2023,2023-10-10,01:49,Tue,11410,error_report,"Inbox"|galaxy,multipart/alternative
2023,2023-10-10,06:45,Tue,37791,error_report,"Inbox"|galaxy,multipart/alternative
2023,2023-10-10,08:48,Tue,125591,error_report,"Inbox"|galaxy,multipart/alternative
2023,2023-10-10,23:40,Tue,21703,error_report,"Inbox"|galaxy,multipart/alternative
2023,2023-10-11,01:12,Wed,19829,error_report,"Inbox"|galaxy,multipart/alternative
2023,2023-10-11,05:00,Wed,15889,error_report,"Inbox"|galaxy,multipart/alternative
2023,2023-10-11,05:00,Wed,15888,error_report,"Inbox"|galaxy,multipart/alternative
2023,2023-10-11,07:17,Wed,26894,error_report,"Inbox"|galaxy,multipart/alternative
2023,2023-10-11,07:17,Wed,26890,error_report,"Inbox"|galaxy,multipart/alternative
2023,2023-10-11,07:28,Wed,112533,error_report,"Inbox"|galaxy,multipart/alternative
2023,2023-10-11,07:28,Wed,112511,error_report,"Inbox"|galaxy,multipart/alternative
2023,2023-10-11,07:46,Wed,26758,error_report,"Inbox"|galaxy,multipart/alternative
2023,2023-10-12,02:28,Thu,11808,error_report,"Inbox"|galaxy,multipart/alternative
2023,2023-10-12,07:09,Thu,26917,error_report,"Inbox"|galaxy,multipart/alternative
2023,2023-10-12,07:09,Thu,26939,error_report,"Inbox"|galaxy,multipart/alternative
2023,2023-10-12,07:09,Thu,26628,error_report,"Inbox"|galaxy,multipart/alternative
2023,2023-10-12,07:31,Thu,20516,error_report,"Inbox"|galaxy,multipart/alternative
2023,2023-10-12,11:29,Thu,15192,error_report,"Inbox"|galaxy,multipart/alternative
2023,2023-10-12,13:03,Thu,22184,error_report,"Inbox"|galaxy,multipart/alternative
2023,2023-10-12,19:26,Thu,13262,error_report,"Inbox"|galaxy,multipart/alternative
2023,2023-10-13,01:20,Fri,21050,error_report,"Inbox"|galaxy,multipart/alternative
2023,2023-10-13,08:25,Fri,12275,error_report,"Inbox"|galaxy,multipart/alternative
2023,2023-10-13,22:23,Fri,16976,error_report,"Inbox"|galaxy,multipart/alternative
2023,2023-10-14,13:21,Sat,41115,error_report,"Inbox"|galaxy,multipart/alternative
2023,2023-10-14,13:22,Sat,112538,error_report,"Inbox"|galaxy,multipart/alternative
2023,2023-10-14,13:48,Sat,20125,error_report,"Inbox"|galaxy,multipart/alternative
2023,2023-10-14,16:05,Sat,26632,error_report,"Inbox"|galaxy,multipart/alternative
2023,2023-10-16,03:54,Mon,103734,error_report,"Inbox"|galaxy,multipart/alternative
2023,2023-10-16,12:33,Mon,4557,tiaas_request,"Inbox"|galaxy,text/plain
2023,2023-10-16,11:25,Mon,11654,error_report,"Inbox"|galaxy,multipart/alternative
2023,2023-10-16,11:25,Mon,11654,error_report,"Inbox"|galaxy,multipart/alternative
2023,2023-10-16,12:56,Mon,19294,error_report,"Inbox"|galaxy,multipart/alternative
2023,2023-10-16,15:51,Mon,16512,error_report,"Inbox"|galaxy,multipart/alternative
2023,2023-10-16,16:58,Mon,26625,error_report,"Inbox"|galaxy,multipart/alternative
2023,2023-10-17,00:43,Tue,103618,error_report,"Inbox"|galaxy,multipart/alternative
2023,2023-10-17,01:14,Tue,20944,error_report,"Inbox"|galaxy,multipart/alternative
2023,2023-10-17,08:31,Tue,4545,tiaas_request,"Inbox"|galaxy,text/plain
2023,2023-10-17,03:05,Tue,10813,error_report,"Inbox"|galaxy,multipart/alternative
2023,2023-10-17,08:15,Tue,17814,error_report,"Inbox"|galaxy,multipart/alternative
2023,2023-10-17,10:47,Tue,21496,error_report,"Inbox"|galaxy,multipart/alternative
2023,2023-10-17,15:28,Tue,19982,error_report,"Inbox"|galaxy,multipart/alternative
2023,2023-10-17,16:40,Tue,15350,error_report,"Inbox"|galaxy,multipart/alternative
2023,2023-10-17,22:43,Tue,19426,error_report,"Inbox"|galaxy,multipart/alternative
2023,2023-10-18,05:48,Wed,15312,error_report,"Inbox"|galaxy,multipart/alternative
2023,2023-10-18,07:16,Wed,19826,error_report,"Inbox"|galaxy,multipart/alternative
2023,2023-10-18,07:21,Wed,102029,error_report,"Inbox"|galaxy,multipart/alternative
2023,2023-10-18,10:33,Wed,112553,error_report,"Inbox"|galaxy,multipart/alternative
2023,2023-10-19,06:20,Thu,101870,error_report,"Inbox"|galaxy,multipart/alternative
2023,2023-10-19,06:39,Thu,17078,error_report,"Inbox"|galaxy,multipart/alternative
2023,2023-10-19,06:40,Thu,17184,error_report,"Inbox"|galaxy,multipart/alternative
2023,2023-10-19,08:07,Thu,20969,error_report,"Inbox"|galaxy,multipart/alternative
2023,2023-10-19,08:11,Thu,21206,error_report,"Inbox"|galaxy,multipart/alternative
2023,2023-10-19,09:40,Thu,12576,error_report,"Inbox"|galaxy,multipart/alternative
2023,2023-10-19,17:12,Thu,14626,error_report,"Inbox"|galaxy,multipart/alternative
2023,2023-10-19,17:18,Thu,26869,error_report,"Inbox"|galaxy,multipart/alternative
2023,2023-10-19,17:23,Thu,26832,error_report,"Inbox"|galaxy,multipart/alternative
2023,2023-10-19,17:26,Thu,96524,error_report,"Inbox"|galaxy,multipart/alternative
2023,2023-10-19,17:29,Thu,40754,error_report,"Inbox"|galaxy,multipart/alternative
2023,2023-10-19,17:42,Thu,40688,error_report,"Inbox"|galaxy,multipart/alternative
2023,2023-10-20,01:45,Fri,16683,error_report,"Inbox"|galaxy,multipart/alternative
2023,2023-10-20,01:54,Fri,11093,error_report,"Inbox"|galaxy,multipart/alternative
2023,2023-10-20,01:54,Fri,11037,error_report,"Inbox"|galaxy,multipart/alternative
2023,2023-10-20,09:40,Fri,20981,error_report,"Inbox"|galaxy,multipart/alternative
2023,2023-10-20,10:22,Fri,22126,error_report,"Inbox"|galaxy,multipart/alternative
2023,2023-10-20,11:50,Fri,13241,error_report,"Inbox"|galaxy,multipart/alternative
2023,2023-10-20,17:01,Fri,13150,error_report,"Inbox"|galaxy,multipart/alternative
2023,2023-10-22,04:54,Sun,11244,error_report,"Inbox"|galaxy,multipart/alternative
2023,2023-10-22,07:54,Sun,11129,error_report,"Inbox"|galaxy,multipart/alternative
2023,2023-10-22,23:44,Sun,14234,error_report,"Inbox"|galaxy,multipart/alternative
2023,2023-10-23,06:14,Mon,37454,error_report,"Inbox"|galaxy,multipart/alternative
2023,2023-10-23,11:03,Mon,15521,error_report,"Inbox"|galaxy,multipart/alternative
2023,2023-10-23,12:21,Mon,13638,error_report,"Inbox"|galaxy,multipart/alternative
2023,2023-10-23,12:44,Mon,17823,error_report,"Inbox"|galaxy,multipart/alternative
2023,2023-10-24,02:38,Tue,15216,error_report,"Inbox"|galaxy,multipart/alternative
2023,2023-10-24,03:53,Tue,12083,error_report,"Inbox"|galaxy,multipart/alternative
2023,2023-10-24,04:33,Tue,13044,error_report,"Inbox"|galaxy,multipart/alternative
2023,2023-10-24,11:52,Tue,4556,tiaas_request,"Inbox"|galaxy,text/plain
2023,2023-10-24,08:03,Tue,14720,error_report,"Inbox"|galaxy,multipart/alternative
2023,2023-10-24,08:43,Tue,14826,error_report,"Inbox"|galaxy,multipart/alternative
2023,2023-10-24,14:02,Tue,17766,error_report,"Inbox"|galaxy,multipart/alternative
2023,2023-10-24,14:06,Tue,18118,error_report,"Inbox"|galaxy,multipart/alternative
2023,2023-10-24,15:51,Tue,13379,error_report,"Inbox"|galaxy,multipart/alternative
2023,2023-10-25,00:40,Wed,13372,error_report,"Inbox"|galaxy,multipart/alternative
2023,2023-10-25,11:23,Wed,13960,error_report,"Inbox"|galaxy,multipart/alternative
2023,2023-10-25,11:33,Wed,13750,error_report,"Inbox"|galaxy,multipart/alternative
2023,2023-10-27,09:17,Fri,26648,error_report,"Inbox"|galaxy,multipart/alternative
2023,2023-10-27,11:00,Fri,11711,error_report,"Inbox"|galaxy,multipart/alternative
2023,2023-10-27,11:05,Fri,16255,error_report,"Inbox"|galaxy,multipart/alternative
2023,2023-10-27,14:51,Fri,28180,error_report,"Inbox"|galaxy,multipart/alternative
2023,2023-10-28,14:27,Sat,14530,error_report,"Inbox"|galaxy,multipart/alternative
2023,2023-10-28,18:03,Sat,12807,error_report,"Inbox"|galaxy,multipart/alternative
2023,2023-10-29,06:29,Sun,12648,error_report,"Inbox"|galaxy,multipart/alternative
2023,2023-10-30,00:01,Mon,51293,error_report,"Inbox"|galaxy,multipart/alternative
2023,2023-10-30,04:21,Mon,12890,error_report,"Inbox"|galaxy,multipart/alternative
2023,2023-10-30,07:53,Mon,40955,error_report,"Inbox"|galaxy,multipart/alternative
2023,2023-10-30,12:54,Mon,22417,error_report,"Inbox"|galaxy,multipart/alternative
2023,2023-10-30,22:44,Mon,20632,error_report,"Inbox"|galaxy,multipart/alternative
2023,2023-10-31,07:17,Tue,4554,tiaas_request,"Inbox"|galaxy,text/plain
2023,2023-10-31,10:18,Tue,4547,tiaas_request,"Inbox"|galaxy,text/plain
2023,2023-10-31,04:03,Tue,13919,error_report,"Inbox"|galaxy,multipart/alternative
2023,2023-10-31,06:50,Tue,23611,error_report,"Inbox"|galaxy,multipart/alternative
2023,2023-10-31,10:39,Tue,20222,error_report,"Inbox"|galaxy,multipart/alternative
2023,2023-11-01,01:36,Wed,126317,error_report,"Inbox"|galaxy,multipart/alternative
2023,2023-11-01,03:27,Wed,11342,error_report,"Inbox"|galaxy,multipart/alternative
2023,2023-11-01,03:55,Wed,11365,error_report,"Inbox"|galaxy,multipart/alternative
2023,2023-11-01,04:18,Wed,12477,error_report,"Inbox"|galaxy,multipart/alternative
2023,2023-11-01,05:49,Wed,145483,error_report,"Inbox"|galaxy,multipart/alternative
2023,2023-11-01,23:57,Wed,20038,error_report,"Inbox"|galaxy,multipart/alternative
2023,2023-11-02,00:06,Thu,19738,error_report,"Inbox"|galaxy,multipart/alternative
2023,2023-11-02,01:27,Thu,5951018,error_report,"Inbox"|galaxy,multipart/alternative
2023,2023-11-02,02:55,Thu,40365,error_report,"Inbox"|galaxy,multipart/alternative
2023,2023-11-02,04:00,Thu,14124,error_report,"Inbox"|galaxy,multipart/alternative
2023,2023-11-02,09:32,Thu,18119,error_report,"Inbox"|galaxy,multipart/alternative
2023,2023-11-02,10:04,Thu,20619,error_report,"Inbox"|galaxy,multipart/alternative
2023,2023-11-02,10:18,Thu,14721,error_report,"Inbox"|galaxy,multipart/alternative
2023,2023-11-03,01:04,Fri,10675,error_report,"Inbox"|galaxy,multipart/alternative
2023,2023-11-03,01:16,Fri,26631,error_report,"Inbox"|galaxy,multipart/alternative
2023,2023-11-03,04:38,Fri,17996,error_report,"Inbox"|galaxy,multipart/alternative
2023,2023-11-04,02:37,Sat,15623,error_report,"Inbox"|galaxy,multipart/alternative
2023,2023-11-04,07:56,Sat,14736,error_report,"Inbox"|galaxy,multipart/alternative
2023,2023-11-04,20:09,Sat,63547,error_report,"Inbox"|galaxy,multipart/alternative
2023,2023-11-04,20:09,Sat,63544,error_report,"Inbox"|galaxy,multipart/alternative
2023,2023-11-04,22:42,Sat,14745,error_report,"Inbox"|galaxy,multipart/alternative
2023,2023-11-05,23:57,Sun,32462,error_report,"Inbox"|galaxy,multipart/alternative
2023,2023-11-06,03:56,Mon,17648,error_report,"Inbox"|galaxy,multipart/alternative
2023,2023-11-06,07:52,Mon,14575,error_report,"Inbox"|galaxy,multipart/alternative
2023,2023-11-06,08:29,Mon,17008,error_report,"Inbox"|galaxy,multipart/alternative
2023,2023-11-07,01:11,Tue,12452,error_report,"Inbox"|galaxy,multipart/alternative
2023,2023-11-07,05:33,Tue,15151,error_report,"Inbox"|galaxy,multipart/alternative
2023,2023-11-07,11:23,Tue,22586,error_report,"Inbox"|galaxy,multipart/alternative
2023,2023-11-07,12:32,Tue,14330,error_report,"Inbox"|galaxy,multipart/alternative
2023,2023-11-07,19:56,Tue,11168,error_report,"Inbox"|galaxy,multipart/alternative
2023,2023-11-08,00:33,Wed,12265,error_report,"Inbox"|galaxy,multipart/alternative
2023,2023-11-08,09:15,Wed,4550,tiaas_request,"Inbox"|galaxy,text/plain
2023,2023-11-08,03:01,Wed,17938,error_report,"Inbox"|galaxy,multipart/alternative
2023,2023-11-08,15:01,Wed,13210,error_report,"Inbox"|galaxy,multipart/alternative
2023,2023-11-08,22:03,Wed,11522,error_report,"Inbox"|galaxy,multipart/alternative
2023,2023-11-08,22:10,Wed,98926,error_report,"Inbox"|galaxy,multipart/alternative
2023,2023-11-09,00:04,Thu,66033,error_report,"Inbox"|galaxy,multipart/alternative
2023,2023-11-09,06:09,Thu,14926,error_report,"Inbox"|galaxy,multipart/alternative
2023,2023-11-09,06:32,Thu,101931,error_report,"Inbox"|galaxy,multipart/alternative
2023,2023-11-09,23:50,Thu,14624,error_report,"Inbox"|galaxy,multipart/alternative
2023,2023-11-10,20:35,Fri,4546,tiaas_request,"Inbox"|galaxy,text/plain
2023,2023-11-11,01:31,Sat,139449,error_report,"Inbox"|galaxy,multipart/alternative
2023,2023-11-12,18:20,Sun,19249,error_report,"Inbox"|galaxy,multipart/alternative
2023,2023-11-13,12:26,Mon,4554,tiaas_request,"Inbox"|galaxy,text/plain
2023,2023-11-13,04:39,Mon,14139,error_report,"Inbox"|galaxy,multipart/alternative
2023,2023-11-13,06:28,Mon,107382,error_report,"Inbox"|galaxy,multipart/alternative
2023,2023-11-14,13:28,Tue,11769,error_report,"Inbox"|galaxy,multipart/alternative
2023,2023-11-14,13:54,Tue,27209,error_report,"Inbox"|galaxy,multipart/alternative
2023,2023-11-15,06:10,Wed,10881,error_report,"Inbox"|galaxy,multipart/alternative
2023,2023-11-15,07:15,Wed,15663,error_report,"Inbox"|galaxy,multipart/alternative
2023,2023-11-15,20:48,Wed,13336,error_report,"Inbox"|galaxy,multipart/alternative
2023,2023-11-15,23:02,Wed,20029,error_report,"Inbox"|galaxy,multipart/alternative
2023,2023-11-16,09:15,Thu,18510,error_report,"Inbox"|galaxy,multipart/alternative
2023,2023-11-16,09:24,Thu,29569,error_report,"Inbox"|galaxy,multipart/alternative
2023,2023-11-17,12:51,Fri,12755,error_report,"Inbox"|galaxy,multipart/alternative
2023,2023-11-17,23:42,Fri,27197,error_report,"Inbox"|galaxy,multipart/alternative
2023,2023-11-19,21:48,Sun,14811,error_report,"Inbox"|galaxy,multipart/alternative
2023,2023-11-19,22:47,Sun,11396,error_report,"Inbox"|galaxy,multipart/alternative
2023,2023-11-20,03:04,Mon,12686,error_report,"Inbox"|galaxy,multipart/alternative
2023,2023-11-20,03:13,Mon,12683,error_report,"Inbox"|galaxy,multipart/alternative
2023,2023-11-20,06:01,Mon,25305,error_report,"Inbox"|galaxy,multipart/alternative
2023,2023-11-20,06:54,Mon,11301,error_report,"Inbox"|galaxy,multipart/alternative
2023,2023-11-20,06:54,Mon,11301,error_report,"Inbox"|galaxy,multipart/alternative
2023,2023-11-20,17:32,Mon,21043,error_report,"Inbox"|galaxy,multipart/alternative
2023,2023-11-20,18:10,Mon,15185,error_report,"Inbox"|galaxy,multipart/alternative
2023,2023-11-21,01:53,Tue,14901,error_report,"Inbox"|galaxy,multipart/alternative
2023,2023-11-21,16:05,Tue,4546,tiaas_request,"Inbox"|galaxy,text/plain
2023,2023-11-21,12:36,Tue,11953,error_report,"Inbox"|galaxy,multipart/alternative
2023,2023-11-22,01:24,Wed,13335,error_report,"Inbox"|galaxy,multipart/alternative
2023,2023-11-22,03:03,Wed,28496,error_report,"Inbox"|galaxy,multipart/alternative
2023,2023-11-22,06:52,Wed,19715,error_report,"Inbox"|galaxy,multipart/alternative
2023,2023-11-22,17:47,Wed,15633,error_report,"Inbox"|galaxy,multipart/alternative
2023,2023-11-22,17:47,Wed,15617,error_report,"Inbox"|galaxy,multipart/alternative
2023,2023-11-23,00:51,Thu,17818,error_report,"Inbox"|galaxy,multipart/alternative
2023,2023-11-23,03:46,Thu,101958,error_report,"Inbox"|galaxy,multipart/alternative
2023,2023-11-23,13:37,Thu,4560,tiaas_request,"Inbox"|galaxy,text/plain
2023,2023-11-23,17:06,Thu,4540,tiaas_request,"Inbox"|galaxy,text/plain
2023,2023-11-23,10:13,Thu,48493,error_report,"Inbox"|galaxy,multipart/alternative
2023,2023-11-23,10:43,Thu,65476,error_report,"Inbox"|galaxy,multipart/alternative
2023,2023-11-23,10:43,Thu,65484,error_report,"Inbox"|galaxy,multipart/alternative
2023,2023-11-24,05:25,Fri,11680,error_report,"Inbox"|galaxy,multipart/alternative
2023,2023-11-24,11:06,Fri,13468,error_report,"Inbox"|galaxy,multipart/alternative
2023,2023-11-25,05:39,Sat,12096,error_report,"Inbox"|galaxy,multipart/alternative
2023,2023-11-25,12:39,Sat,11238,error_report,"Inbox"|galaxy,multipart/alternative
2023,2023-11-26,17:53,Sun,13264,error_report,"Inbox"|galaxy,multipart/alternative
2023,2023-11-27,00:29,Mon,19887,error_report,"Inbox"|galaxy,multipart/alternative
2023,2023-11-27,11:26,Mon,4548,tiaas_request,"Inbox"|galaxy,text/plain
2023,2023-11-27,04:19,Mon,13404,error_report,"Inbox"|galaxy,multipart/alternative
2023,2023-11-27,08:10,Mon,19403,error_report,"Inbox"|galaxy,multipart/alternative
2023,2023-11-28,10:34,Tue,17487,error_report,"Inbox"|galaxy,multipart/alternative
2023,2023-11-29,03:45,Wed,16362,error_report,"Inbox"|galaxy,multipart/alternative
2023,2023-11-29,03:52,Wed,13347,error_report,"Inbox"|galaxy,multipart/alternative
2023,2023-11-29,16:32,Wed,13757,error_report,"Inbox"|galaxy,multipart/alternative
2023,2023-11-29,18:29,Wed,17333,error_report,"Inbox"|galaxy,multipart/alternative
2023,2023-11-30,07:57,Thu,4547,tiaas_request,"Inbox"|galaxy,text/plain
2023,2023-11-30,00:22,Thu,11408,error_report,"Inbox"|galaxy,multipart/alternative
2023,2023-11-30,03:19,Thu,37442,error_report,"Inbox"|galaxy,multipart/alternative
2023,2023-11-30,03:58,Thu,42079,error_report,"Inbox"|galaxy,multipart/alternative
2023,2023-11-30,04:29,Thu,34463,error_report,"Inbox"|galaxy,multipart/alternative
2023,2023-11-30,05:35,Thu,15603,error_report,"Inbox"|galaxy,multipart/alternative
2023,2023-11-30,07:29,Thu,13056,error_report,"Inbox"|galaxy,multipart/alternative
2023,2023-11-30,07:35,Thu,13140,error_report,"Inbox"|galaxy,multipart/alternative
2023,2023-11-30,10:30,Thu,12773,error_report,"Inbox"|galaxy,multipart/alternative
2023,2023-11-30,19:59,Thu,13980,error_report,"Inbox"|galaxy,multipart/alternative
2023,2023-12-01,02:23,Fri,12893,error_report,"Inbox"|galaxy,multipart/alternative
2023,2023-12-01,10:14,Fri,22705,error_report,"Inbox"|galaxy,multipart/alternative
2023,2023-12-01,11:08,Fri,24151,error_report,"Inbox"|galaxy,multipart/alternative
2023,2023-12-02,01:31,Sat,10744,error_report,"Inbox"|galaxy,multipart/alternative
2023,2023-12-02,11:37,Sat,11371,error_report,"Inbox"|galaxy,multipart/alternative
2023,2023-12-03,11:14,Sun,13802,error_report,"Inbox"|galaxy,multipart/alternative
2023,2023-12-05,01:14,Tue,103184,error_report,"Inbox"|galaxy,multipart/alternative
2023,2023-12-05,08:38,Tue,28345,error_report,"Inbox"|galaxy,multipart/alternative
2023,2023-12-05,14:42,Tue,10715,error_report,"Inbox"|galaxy,multipart/alternative
2023,2023-12-06,08:56,Wed,4548,tiaas_request,"Inbox"|galaxy,text/plain
2023,2023-12-06,03:28,Wed,10853,error_report,"Inbox"|galaxy,multipart/alternative
2023,2023-12-06,05:00,Wed,13760,error_report,"Inbox"|galaxy,multipart/alternative
2023,2023-12-06,09:03,Wed,15707,error_report,"Inbox"|galaxy,multipart/alternative
2023,2023-12-06,14:16,Wed,16300,error_report,"Inbox"|galaxy,multipart/alternative
2023,2023-12-06,21:04,Wed,12769,error_report,"Inbox"|galaxy,multipart/alternative
2023,2023-12-06,21:04,Wed,12773,error_report,"Inbox"|galaxy,multipart/alternative
2023,2023-12-06,22:09,Wed,13884,error_report,"Inbox"|galaxy,multipart/alternative
2023,2023-12-06,23:57,Wed,14695,error_report,"Inbox"|galaxy,multipart/alternative
2023,2023-12-07,05:25,Thu,17470,error_report,"Inbox"|galaxy,multipart/alternative
2023,2023-12-07,09:11,Thu,15589,error_report,"Inbox"|galaxy,multipart/alternative
2023,2023-12-08,08:49,Fri,14493,error_report,"Inbox"|galaxy,multipart/alternative
2023,2023-12-10,03:04,Sun,21967,error_report,"Inbox"|galaxy,multipart/alternative
2023,2023-12-10,11:23,Sun,20094,error_report,"Inbox"|galaxy,multipart/alternative
2023,2023-12-10,15:41,Sun,17439,error_report,"Inbox"|galaxy,multipart/alternative
2023,2023-12-10,16:27,Sun,16831,error_report,"Inbox"|galaxy,multipart/alternative
2023,2023-12-11,03:50,Mon,18893,error_report,"Inbox"|galaxy,multipart/alternative
2023,2023-12-11,12:33,Mon,18758,error_report,"Inbox"|galaxy,multipart/alternative
2023,2023-12-12,01:18,Tue,15094,error_report,"Inbox"|galaxy,multipart/alternative
2023,2023-12-12,17:27,Tue,11708,error_report,"Inbox"|galaxy,multipart/alternative
2023,2023-12-12,23:17,Tue,88417,error_report,"Inbox"|galaxy,multipart/alternative
2023,2023-12-13,00:22,Wed,15826,error_report,"Inbox"|galaxy,multipart/alternative
2023,2023-12-13,08:52,Wed,14733,error_report,"Inbox"|galaxy,multipart/alternative
2023,2023-12-13,09:12,Wed,18967,error_report,"Inbox"|galaxy,multipart/alternative
2023,2023-12-14,06:19,Thu,29670,error_report,"Inbox"|galaxy|work|work/zierep,multipart/alternative
2023,2023-12-15,02:32,Fri,22665,error_report,"Inbox"|galaxy,multipart/alternative
2023,2023-12-15,04:21,Fri,16518,error_report,"Inbox"|galaxy,multipart/alternative
2023,2023-12-15,04:34,Fri,13572,error_report,"Inbox"|galaxy,multipart/alternative
2023,2023-12-16,03:28,Sat,12992,error_report,"Inbox"|galaxy,multipart/alternative
2023,2023-12-16,04:23,Sat,14868,error_report,"Inbox"|galaxy,multipart/alternative
2023,2023-12-16,04:24,Sat,14870,error_report,"Inbox"|galaxy,multipart/alternative
2023,2023-12-16,04:24,Sat,14865,error_report,"Inbox"|galaxy,multipart/alternative
2023,2023-12-16,04:24,Sat,14870,error_report,"Inbox"|galaxy,multipart/alternative
2023,2023-12-16,04:24,Sat,14869,error_report,"Inbox"|galaxy,multipart/alternative
2023,2023-12-16,04:24,Sat,14869,error_report,"Inbox"|galaxy,multipart/alternative
2023,2023-12-16,09:05,Sat,124307,error_report,"Inbox"|galaxy,multipart/alternative
2023,2023-12-18,02:07,Mon,14350,error_report,"Inbox"|galaxy,multipart/alternative
2023,2023-12-18,10:01,Mon,14942,error_report,"Inbox"|galaxy,multipart/alternative
2023,2023-12-18,18:22,Mon,12609,error_report,"Inbox"|galaxy,multipart/alternative
2023,2023-12-18,23:40,Mon,17041,error_report,"Inbox"|galaxy,multipart/alternative
2023,2023-12-19,03:18,Tue,20152,error_report,"Inbox"|galaxy,multipart/alternative
2023,2023-12-19,12:01,Tue,86109,error_report,"Inbox"|galaxy,multipart/alternative
2023,2023-12-20,03:49,Wed,58618,error_report,"Inbox"|galaxy,multipart/alternative
2023,2023-12-20,21:19,Wed,12441,error_report,"Inbox"|galaxy,multipart/alternative
2023,2023-12-20,21:19,Wed,12437,error_report,"Inbox"|galaxy,multipart/alternative
2023,2023-12-20,22:49,Wed,14306,error_report,"Inbox"|galaxy,multipart/alternative
2023,2023-12-21,07:26,Thu,15077,error_report,"Inbox"|galaxy,multipart/alternative
2023,2023-12-21,20:15,Thu,15365,error_report,"Inbox"|galaxy,multipart/alternative
2023,2023-12-21,21:52,Thu,11724,error_report,"Inbox"|galaxy,multipart/alternative
2023,2023-12-22,08:54,Fri,14906,error_report,"Inbox"|galaxy,multipart/alternative
2023,2023-12-23,08:00,Sat,11085,error_report,"Inbox"|galaxy,multipart/alternative
2023,2023-12-25,19:39,Mon,20595,error_report,"Inbox"|galaxy,multipart/alternative
2023,2023-12-30,00:02,Sat,15465,error_report,"Inbox"|galaxy,multipart/alternative
2023,2023-12-30,10:38,Sat,19271,error_report,"Inbox"|galaxy,multipart/alternative
2024,2024-01-01,01:47,Mon,14288,error_report,"Inbox"|galaxy,multipart/alternative
2024,2024-01-02,01:06,Tue,19476,error_report,"Inbox"|galaxy,multipart/alternative
2024,2024-01-02,23:09,Tue,15726,error_report,"Inbox"|galaxy,multipart/alternative
2024,2024-01-03,01:45,Wed,19373,error_report,"Inbox"|galaxy,multipart/alternative
2024,2024-01-04,10:37,Thu,15870,error_report,"Inbox"|galaxy,multipart/alternative
2024,2024-01-04,18:30,Thu,12987,error_report,"Inbox"|galaxy,multipart/alternative
2024,2024-01-05,03:10,Fri,23126,error_report,"Inbox"|galaxy,multipart/alternative
2024,2024-01-05,06:52,Fri,16457,error_report,"Inbox"|galaxy,multipart/alternative
2024,2024-01-05,09:16,Fri,14084,error_report,"Inbox"|galaxy,multipart/alternative
2024,2024-01-05,16:25,Fri,53829,error_report,"Inbox"|galaxy,multipart/alternative
2024,2024-01-06,06:10,Sat,97611,error_report,"Inbox"|galaxy,multipart/alternative
2024,2024-01-08,06:50,Mon,38165,error_report,"Inbox"|galaxy,multipart/alternative
2024,2024-01-08,08:14,Mon,13502,error_report,"Inbox"|galaxy,multipart/alternative
2024,2024-01-08,17:22,Mon,4643,tiaas_request,"Inbox"|galaxy,text/plain
2024,2024-01-08,17:28,Mon,4643,tiaas_request,"Inbox"|galaxy,text/plain
2024,2024-01-08,10:42,Mon,20660,error_report,"Inbox"|galaxy,multipart/alternative
2024,2024-01-08,12:48,Mon,102632,error_report,"Inbox"|galaxy,multipart/alternative
2024,2024-01-09,00:45,Tue,15610,error_report,"Inbox"|galaxy,multipart/alternative
2024,2024-01-09,06:40,Tue,27265,error_report,"Inbox"|galaxy,multipart/alternative
2024,2024-01-09,06:46,Tue,13664,error_report,"Inbox"|galaxy,multipart/alternative
2024,2024-01-09,09:57,Tue,13454,error_report,"Inbox"|galaxy,multipart/alternative
2024,2024-01-09,11:03,Tue,14847,error_report,"Inbox"|galaxy,multipart/alternative
2024,2024-01-10,05:51,Wed,17536,error_report,"Inbox"|galaxy,multipart/alternative
2024,2024-01-10,11:25,Wed,27889,error_report,"Inbox"|galaxy,multipart/alternative
2024,2024-01-11,07:02,Thu,294073,error_report,"Inbox"|galaxy,multipart/alternative
2024,2024-01-11,07:14,Thu,12084,error_report,"Inbox"|galaxy,multipart/alternative
2024,2024-01-11,08:59,Thu,20209,error_report,"Inbox"|galaxy,multipart/alternative
2024,2024-01-11,08:59,Thu,20213,error_report,"Inbox"|galaxy,multipart/alternative
2024,2024-01-11,08:59,Thu,20212,error_report,"Inbox"|galaxy,multipart/alternative
2024,2024-01-11,15:26,Thu,13984,error_report,"Inbox"|galaxy,multipart/alternative
2024,2024-01-12,02:32,Fri,12830,error_report,"Inbox"|galaxy,multipart/alternative
2024,2024-01-13,05:09,Sat,15123,error_report,"Inbox"|galaxy,multipart/alternative
2024,2024-01-13,09:40,Sat,38208,error_report,"Inbox"|galaxy,multipart/alternative
2024,2024-01-13,16:31,Sat,14860,error_report,"Inbox"|galaxy,multipart/alternative
2024,2024-01-13,22:21,Sat,116073,error_report,"Inbox"|galaxy,multipart/alternative
2024,2024-01-14,00:36,Sun,14232,error_report,"Inbox"|galaxy,multipart/alternative
2024,2024-01-14,23:15,Sun,14635,error_report,"Inbox"|galaxy,multipart/alternative
2024,2024-01-15,01:17,Mon,17122,error_report,"Inbox"|galaxy,multipart/alternative
2024,2024-01-15,05:40,Mon,14427,error_report,"Inbox"|galaxy|work|work/zierep,multipart/alternative
2024,2024-01-15,06:58,Mon,17106,error_report,"Inbox"|galaxy,multipart/alternative
2024,2024-01-15,15:37,Mon,12182,error_report,"Inbox"|galaxy,multipart/alternative
2024,2024-01-15,21:40,Mon,15151,error_report,"Inbox"|galaxy,multipart/alternative
2024,2024-01-16,09:36,Tue,25607,error_report,"Inbox"|galaxy,multipart/alternative
2024,2024-01-16,17:25,Tue,13488,error_report,"Inbox"|galaxy,multipart/alternative
2024,2024-01-16,18:15,Tue,17155,error_report,"Inbox"|galaxy,multipart/alternative
2024,2024-01-17,00:29,Wed,102772,error_report,"Inbox"|galaxy,multipart/alternative
2024,2024-01-17,01:43,Wed,93550,error_report,"Inbox"|galaxy,multipart/alternative
2024,2024-01-17,01:59,Wed,13909,error_report,"Inbox"|galaxy,multipart/alternative
2024,2024-01-17,04:39,Wed,23332,error_report,"Inbox"|galaxy,multipart/alternative
2024,2024-01-17,06:06,Wed,32365,error_report,"Inbox"|galaxy,multipart/alternative
2024,2024-01-18,10:08,Thu,4644,tiaas_request,"Inbox"|galaxy,text/plain
2024,2024-01-18,20:16,Thu,4639,tiaas_request,"Inbox"|galaxy,text/plain
2024,2024-01-18,21:19,Thu,13237,error_report,"Inbox"|galaxy,multipart/alternative
2024,2024-01-18,23:07,Thu,16805,error_report,"Inbox"|galaxy,multipart/alternative
2024,2024-01-18,23:07,Thu,102734,error_report,"Inbox"|galaxy,multipart/alternative
2024,2024-01-19,03:24,Fri,16369,error_report,"Inbox"|galaxy,multipart/alternative
2024,2024-01-19,09:12,Fri,13123,error_report,"Inbox"|galaxy,multipart/alternative
2024,2024-01-19,09:33,Fri,14010,error_report,"Inbox"|galaxy,multipart/alternative
2024,2024-01-19,09:34,Fri,14016,error_report,"Inbox"|galaxy,multipart/alternative
2024,2024-01-19,13:45,Fri,15576,error_report,"Inbox"|galaxy,multipart/alternative
2024,2024-01-19,16:05,Fri,20603,error_report,"Inbox"|galaxy,multipart/alternative
2024,2024-01-19,22:20,Fri,46461,error_report,"Inbox"|galaxy,multipart/alternative
2024,2024-01-21,23:14,Sun,15786,error_report,"Inbox"|galaxy,multipart/alternative
2024,2024-01-21,23:51,Sun,14539,error_report,"Inbox"|galaxy,multipart/alternative
2024,2024-01-22,02:02,Mon,15040,error_report,"Inbox"|galaxy,multipart/alternative
2024,2024-01-22,02:35,Mon,16717,error_report,"Inbox"|galaxy,multipart/alternative
2024,2024-01-22,02:37,Mon,14955,error_report,"Inbox"|galaxy,multipart/alternative
2024,2024-01-22,07:18,Mon,12537,error_report,"Inbox"|galaxy,multipart/alternative
2024,2024-01-22,16:26,Mon,15077,error_report,"Inbox"|galaxy,multipart/alternative
2024,2024-01-22,23:55,Mon,14861,error_report,"Inbox"|galaxy,multipart/alternative
2024,2024-01-23,02:22,Tue,18772,error_report,"Inbox"|galaxy,multipart/alternative
2024,2024-01-23,02:41,Tue,13645,error_report,"Inbox"|galaxy,multipart/alternative
2024,2024-01-23,04:32,Tue,16019,error_report,"Inbox"|galaxy,multipart/alternative
2024,2024-01-23,04:32,Tue,16019,error_report,"Inbox"|galaxy,multipart/alternative
2024,2024-01-23,08:24,Tue,17251,error_report,"Inbox"|galaxy,multipart/alternative
2024,2024-01-23,13:42,Tue,23202,error_report,"Inbox"|galaxy,multipart/alternative
2024,2024-01-24,00:07,Wed,13787,error_report,"Inbox"|galaxy,multipart/alternative
2024,2024-01-24,10:54,Wed,4650,tiaas_request,"Inbox"|galaxy,text/plain
2024,2024-01-24,11:15,Wed,4644,tiaas_request,"Inbox"|galaxy,text/plain
2024,2024-01-24,11:19,Wed,4645,tiaas_request,"Inbox"|galaxy,text/plain
2024,2024-01-24,14:23,Wed,13163,error_report,"Inbox"|galaxy,multipart/alternative
2024,2024-01-24,18:40,Wed,17320,error_report,"Inbox"|galaxy,multipart/alternative
2024,2024-01-25,00:24,Thu,20960,error_report,"Inbox"|galaxy,multipart/alternative
2024,2024-01-25,00:25,Thu,20426,error_report,"Inbox"|galaxy,multipart/alternative
2024,2024-01-25,00:25,Thu,20961,error_report,"Inbox"|galaxy,multipart/alternative
2024,2024-01-25,03:25,Thu,20144,error_report,"Inbox"|galaxy,multipart/alternative
2024,2024-01-25,04:14,Thu,102628,error_report,"Inbox"|galaxy,multipart/alternative
2024,2024-01-25,05:09,Thu,13697,error_report,"Inbox"|galaxy,multipart/alternative
2024,2024-01-25,08:18,Thu,57516,error_report,"Inbox"|galaxy,multipart/alternative
2024,2024-01-25,08:23,Thu,11358,error_report,"Inbox"|galaxy,multipart/alternative
2024,2024-01-26,13:08,Fri,45686,error_report,"Inbox"|galaxy,multipart/alternative
2024,2024-01-26,14:29,Fri,66756,error_report,"Inbox"|galaxy,multipart/alternative
2024,2024-01-29,04:45,Mon,14143,error_report,"Inbox"|galaxy,multipart/alternative
2024,2024-01-29,07:26,Mon,39225,error_report,"Inbox"|galaxy,multipart/alternative
2024,2024-01-29,08:38,Mon,11793,error_report,"Inbox"|galaxy,multipart/alternative
2024,2024-01-29,20:04,Mon,18499,error_report,"Inbox"|galaxy,multipart/alternative
2024,2024-01-29,22:52,Mon,18324,error_report,"Inbox"|galaxy,multipart/alternative
2024,2024-01-29,22:54,Mon,18684,error_report,"Inbox"|galaxy,multipart/alternative
2024,2024-01-30,00:31,Tue,12282,error_report,"Inbox"|galaxy,multipart/alternative
2024,2024-01-30,04:39,Tue,20175,error_report,"Inbox"|galaxy,multipart/alternative
2024,2024-01-30,05:42,Tue,13843,error_report,"Inbox"|galaxy,multipart/alternative
2024,2024-01-30,08:58,Tue,12952,error_report,"Inbox"|galaxy,multipart/alternative
2024,2024-01-30,12:00,Tue,15336,error_report,"Inbox"|galaxy,multipart/alternative
2024,2024-01-31,05:19,Wed,123986,error_report,"Inbox"|galaxy,multipart/alternative
2024,2024-01-31,12:58,Wed,14062,error_report,"Inbox"|galaxy,multipart/alternative
2024,2024-02-01,08:53,Thu,4931,tiaas_request,"Inbox"|galaxy,text/plain
2024,2024-02-01,14:10,Thu,4799,tiaas_request,"Inbox"|galaxy,text/plain
2024,2024-02-01,06:43,Thu,36756,error_report,"Inbox"|galaxy,multipart/alternative
2024,2024-02-01,18:10,Thu,44422,error_report,"Inbox"|galaxy,multipart/alternative
2024,2024-02-01,23:44,Thu,48330,error_report,"Inbox"|galaxy,multipart/alternative
2024,2024-02-02,01:51,Fri,102782,error_report,"Inbox"|galaxy,multipart/alternative
2024,2024-02-02,02:05,Fri,123473,error_report,"Inbox"|galaxy,multipart/alternative
2024,2024-02-02,02:06,Fri,123344,error_report,"Inbox"|galaxy,multipart/alternative
2024,2024-02-02,02:07,Fri,14022,error_report,"Inbox"|galaxy,multipart/alternative
2024,2024-02-02,09:11,Fri,21281,error_report,"Inbox"|galaxy,multipart/alternative
2024,2024-02-03,09:24,Sat,14207,error_report,"Inbox"|galaxy,multipart/alternative
2024,2024-02-03,22:11,Sat,108513,error_report,"Inbox"|galaxy,multipart/alternative
2024,2024-02-04,05:16,Sun,17517,error_report,"Inbox"|galaxy,multipart/alternative
2024,2024-02-05,09:39,Mon,14589,error_report,"Inbox"|galaxy,multipart/alternative
2024,2024-02-07,03:17,Wed,15721,error_report,"Inbox"|galaxy,multipart/alternative
2024,2024-02-07,08:10,Wed,101563,error_report,"Inbox"|galaxy,multipart/alternative
2024,2024-02-07,08:15,Wed,101437,error_report,"Inbox"|galaxy,multipart/alternative
2024,2024-02-07,11:10,Wed,20869,error_report,"Inbox"|galaxy,multipart/alternative
2024,2024-02-08,01:28,Thu,15955,error_report,"Inbox"|galaxy,multipart/alternative
2024,2024-02-08,01:49,Thu,13099,error_report,"Inbox"|galaxy,multipart/alternative
2024,2024-02-08,05:08,Thu,13376,error_report,"Inbox"|galaxy,multipart/alternative
2024,2024-02-08,08:31,Thu,11147,error_report,"Inbox"|galaxy,multipart/alternative
2024,2024-02-09,09:16,Fri,16146,error_report,"Inbox"|galaxy,multipart/alternative
2024,2024-02-09,14:15,Fri,16081,error_report,"Inbox"|galaxy,multipart/alternative
2024,2024-02-10,00:07,Sat,24146,error_report,"Inbox"|galaxy,multipart/alternative
2024,2024-02-10,13:56,Sat,4929,tiaas_request,"Inbox"|galaxy,text/plain
2024,2024-02-11,07:53,Sun,20959,error_report,"Inbox"|galaxy,multipart/alternative
2024,2024-02-11,20:01,Sun,14179,error_report,"Inbox"|galaxy,multipart/alternative
2024,2024-02-12,01:20,Mon,12991,error_report,"Inbox"|galaxy,multipart/alternative
2024,2024-02-12,18:58,Mon,35602,error_report,"Inbox"|galaxy,multipart/alternative
2024,2024-02-13,07:44,Tue,4931,tiaas_request,"Inbox"|galaxy,text/plain
2024,2024-02-13,00:31,Tue,13792,error_report,"Inbox"|galaxy,multipart/alternative
2024,2024-02-13,08:55,Tue,4933,tiaas_request,"Inbox"|galaxy,text/plain
2024,2024-02-13,08:56,Tue,4940,tiaas_request,"Inbox"|galaxy,text/plain
2024,2024-02-13,15:57,Tue,4933,tiaas_request,"Inbox"|galaxy,text/plain
2024,2024-02-13,10:42,Tue,13964,error_report,"Inbox"|galaxy,multipart/alternative
2024,2024-02-13,23:11,Tue,16841,error_report,"Inbox"|galaxy,multipart/alternative
2024,2024-02-14,00:11,Wed,19429,error_report,"Inbox"|galaxy,multipart/alternative
2024,2024-02-14,03:36,Wed,16039,error_report,"Inbox"|galaxy,multipart/alternative
2024,2024-02-14,10:25,Wed,16215,error_report,"Inbox"|galaxy,multipart/alternative
2024,2024-02-14,20:53,Wed,4809,tiaas_request,"Inbox"|galaxy,text/plain
2024,2024-02-15,01:02,Thu,11845,error_report,"Inbox"|galaxy,multipart/alternative
2024,2024-02-15,04:06,Thu,11471,error_report,"Inbox"|galaxy,multipart/alternative
2024,2024-02-16,03:07,Fri,102955,error_report,"Inbox"|galaxy,multipart/alternative
2024,2024-02-16,08:03,Fri,11776,error_report,"Inbox"|galaxy,multipart/alternative
2024,2024-02-16,09:18,Fri,45041,error_report,"Inbox"|galaxy,multipart/alternative
2024,2024-02-19,04:41,Mon,12901,error_report,"Inbox"|galaxy,multipart/alternative
2024,2024-02-19,09:42,Mon,28814,error_report,"Inbox"|galaxy,multipart/alternative
2024,2024-02-20,02:33,Tue,21792,error_report,"Inbox"|galaxy,multipart/alternative
2024,2024-02-20,05:07,Tue,14693,error_report,"Inbox"|galaxy,multipart/alternative
2024,2024-02-20,09:24,Tue,15762,error_report,"Inbox"|galaxy,multipart/alternative
2024,2024-02-20,12:41,Tue,11468,error_report,"Inbox"|galaxy,multipart/alternative
2024,2024-02-20,14:16,Tue,11424,error_report,"Inbox"|galaxy,multipart/alternative
2024,2024-02-21,19:03,Wed,4810,tiaas_request,"Inbox"|galaxy,text/plain
2024,2024-02-22,06:27,Thu,13940,error_report,"Inbox"|galaxy,multipart/alternative
2024,2024-02-23,06:37,Fri,13812,error_report,"Inbox"|galaxy,multipart/alternative
2024,2024-02-24,00:22,Sat,14404,error_report,"Inbox"|galaxy,multipart/alternative
2024,2024-02-24,02:39,Sat,13553,error_report,"Inbox"|galaxy,multipart/alternative
2024,2024-02-24,16:55,Sat,14739,error_report,"Inbox"|galaxy,multipart/alternative
2024,2024-02-25,17:47,Sun,59728,error_report,"Inbox"|galaxy,multipart/alternative
2024,2024-02-26,01:25,Mon,13592,error_report,"Inbox"|galaxy,multipart/alternative
2024,2024-02-26,01:29,Mon,13961,error_report,"Inbox"|galaxy,multipart/alternative
2024,2024-02-26,07:10,Mon,14808,error_report,"Inbox"|galaxy,multipart/alternative
2024,2024-02-26,14:08,Mon,16627,error_report,"Inbox"|galaxy,multipart/alternative
2024,2024-02-26,21:48,Mon,17913,error_report,"Inbox"|galaxy,multipart/alternative
2024,2024-02-27,08:16,Tue,4798,tiaas_request,"Inbox"|galaxy,text/plain
2024,2024-02-27,12:14,Tue,4804,tiaas_request,"Inbox"|galaxy,text/plain
2024,2024-02-27,05:16,Tue,54853,error_report,"Inbox"|galaxy,multipart/alternative
2024,2024-02-27,08:01,Tue,24317,error_report,"Inbox"|galaxy,multipart/alternative
2024,2024-02-28,02:56,Wed,115421,error_report,"Inbox"|galaxy,multipart/alternative
2024,2024-02-28,02:59,Wed,13283,error_report,"Inbox"|galaxy,multipart/alternative
2024,2024-02-28,07:55,Wed,16021,error_report,"Inbox"|galaxy,multipart/alternative
2024,2024-02-28,22:57,Wed,12790,error_report,"Inbox"|galaxy,multipart/alternative
2024,2024-02-28,22:57,Wed,24324,error_report,"Inbox"|galaxy,multipart/alternative
2024,2024-02-29,00:39,Thu,11719,error_report,"Inbox"|galaxy,multipart/alternative
2024,2024-02-29,05:15,Thu,19759,error_report,"Inbox"|galaxy,multipart/alternative
2024,2024-02-29,06:18,Thu,16412,error_report,"Inbox"|galaxy,multipart/alternative
2024,2024-02-29,17:02,Thu,15307,error_report,"Inbox"|galaxy,multipart/alternative
2024,2024-03-01,06:38,Fri,10725,error_report,"Inbox"|galaxy,multipart/alternative
2024,2024-03-01,18:46,Fri,4800,tiaas_request,"Inbox"|galaxy,text/plain
2024,2024-03-01,18:07,Fri,93002,error_report,"Inbox"|galaxy,multipart/alternative
2024,2024-03-01,18:07,Fri,93001,error_report,"Inbox"|galaxy,multipart/alternative
2024,2024-03-03,14:40,Sun,4793,tiaas_request,"Inbox"|galaxy,text/plain
2024,2024-03-03,17:42,Sun,12867,error_report,"Inbox"|galaxy,multipart/alternative
2024,2024-03-03,17:42,Sun,12868,error_report,"Inbox"|galaxy,multipart/alternative
2024,2024-03-03,17:57,Sun,12367,error_report,"Inbox"|galaxy,multipart/alternative
2024,2024-03-03,19:03,Sun,21058,error_report,"Inbox"|galaxy,multipart/alternative
2024,2024-03-04,07:03,Mon,14773,error_report,"Inbox"|galaxy,multipart/alternative
2024,2024-03-04,10:44,Mon,15521,error_report,"Inbox"|galaxy,multipart/alternative
2024,2024-03-04,10:46,Mon,15281,error_report,"Inbox"|galaxy,multipart/alternative
2024,2024-03-04,12:32,Mon,14251,error_report,"Inbox"|galaxy,multipart/alternative
2024,2024-03-04,17:00,Mon,12850,error_report,"Inbox"|galaxy,multipart/alternative
2024,2024-03-05,02:38,Tue,11430,error_report,"Inbox"|galaxy,multipart/alternative
2024,2024-03-05,06:35,Tue,10946,error_report,"Inbox"|galaxy,multipart/alternative
2024,2024-03-05,07:51,Tue,10976,error_report,"Inbox"|galaxy,multipart/alternative
2024,2024-03-05,07:51,Tue,10973,error_report,"Inbox"|galaxy,multipart/alternative
2024,2024-03-05,07:52,Tue,10972,error_report,"Inbox"|galaxy,multipart/alternative
2024,2024-03-05,07:53,Tue,10974,error_report,"Inbox"|galaxy,multipart/alternative
2024,2024-03-05,08:18,Tue,19816,error_report,"Inbox"|galaxy,multipart/alternative
2024,2024-03-05,08:18,Tue,19818,error_report,"Inbox"|galaxy,multipart/alternative
2024,2024-03-05,14:34,Tue,18977,error_report,"Inbox"|galaxy,multipart/alternative
2024,2024-03-05,22:25,Tue,22776,error_report,"Inbox"|galaxy,multipart/alternative
2024,2024-03-06,02:24,Wed,23793,error_report,"Inbox"|galaxy,multipart/alternative
2024,2024-03-06,11:25,Wed,18938,error_report,"Inbox"|galaxy,multipart/alternative
2024,2024-03-06,11:39,Wed,19997,error_report,"Inbox"|galaxy,multipart/alternative
2024,2024-03-06,13:32,Wed,18935,error_report,"Inbox"|galaxy,multipart/alternative
2024,2024-03-06,16:39,Wed,18919,error_report,"Inbox"|galaxy,multipart/alternative
2024,2024-03-07,03:01,Thu,17109,error_report,"Inbox"|galaxy,multipart/alternative
2024,2024-03-07,13:27,Thu,4812,tiaas_request,"Inbox"|galaxy,text/plain
2024,2024-03-07,14:28,Thu,4806,tiaas_request,"Inbox"|galaxy,text/plain
2024,2024-03-07,08:18,Thu,14603,error_report,"Inbox"|galaxy,multipart/alternative
2024,2024-03-07,23:01,Thu,14913,error_report,"Inbox"|galaxy,multipart/alternative
2024,2024-03-08,04:17,Fri,12403,error_report,"Inbox"|galaxy,multipart/alternative
2024,2024-03-08,04:18,Fri,12549,error_report,"Inbox"|galaxy,multipart/alternative
2024,2024-03-08,04:21,Fri,111403,error_report,"Inbox"|galaxy,multipart/alternative
2024,2024-03-08,04:44,Fri,110847,error_report,"Inbox"|galaxy,multipart/alternative
2024,2024-03-08,04:45,Fri,110978,error_report,"Inbox"|galaxy,multipart/alternative
2024,2024-03-09,06:56,Sat,15178,error_report,"Inbox"|galaxy,multipart/alternative
2024,2024-03-09,12:54,Sat,25051,error_report,"Inbox"|galaxy,multipart/alternative
2024,2024-03-10,08:18,Sun,4811,tiaas_request,"Inbox"|galaxy,text/plain
2024,2024-03-10,14:41,Sun,106512,error_report,"Inbox"|galaxy,multipart/alternative
2024,2024-03-12,08:35,Tue,23827,error_report,"Inbox"|galaxy,multipart/alternative
2024,2024-03-12,13:52,Tue,25118,error_report,"Inbox"|galaxy,multipart/alternative
2024,2024-03-12,14:37,Tue,17415,error_report,"Inbox"|galaxy,multipart/alternative
2024,2024-03-13,05:58,Wed,11827,error_report,"Inbox"|galaxy,multipart/alternative
2024,2024-03-13,09:42,Wed,17659,error_report,"Inbox"|galaxy,multipart/alternative
2024,2024-03-13,10:10,Wed,38373,error_report,"Inbox"|galaxy,multipart/alternative
2024,2024-03-13,14:20,Wed,20398,error_report,"Inbox"|galaxy,multipart/alternative
2024,2024-03-13,20:59,Wed,21603,error_report,"Inbox"|galaxy,multipart/alternative
2024,2024-03-14,04:44,Thu,11210,error_report,"Inbox"|galaxy,multipart/alternative
2024,2024-03-14,06:33,Thu,15383,error_report,"Inbox"|galaxy,multipart/alternative
2024,2024-03-14,17:24,Thu,4795,tiaas_request,"Inbox"|galaxy,text/plain
2024,2024-03-15,03:02,Fri,57780,error_report,"Inbox"|galaxy,multipart/alternative
2024,2024-03-15,03:03,Fri,57761,error_report,"Inbox"|galaxy,multipart/alternative
2024,2024-03-15,04:41,Fri,107153,error_report,"Inbox"|galaxy,multipart/alternative
2024,2024-03-16,04:56,Sat,51550,error_report,"Inbox"|galaxy,multipart/alternative
2024,2024-03-16,05:15,Sat,18178,error_report,"Inbox"|galaxy,multipart/alternative
2024,2024-03-16,15:43,Sat,17911,error_report,"Inbox"|galaxy,multipart/alternative
2024,2024-03-17,02:33,Sun,14508,error_report,"Inbox"|galaxy,multipart/alternative
2024,2024-03-17,06:46,Sun,20165,error_report,"Inbox"|galaxy,multipart/alternative
2024,2024-03-17,18:06,Sun,18882,error_report,"Inbox"|galaxy,multipart/alternative
2024,2024-03-18,12:17,Mon,4808,tiaas_request,"Inbox"|galaxy,text/plain
2024,2024-03-18,06:52,Mon,12362,error_report,"Inbox"|galaxy,multipart/alternative
2024,2024-03-18,07:06,Mon,111737,error_report,"Inbox"|galaxy,multipart/alternative
2024,2024-03-18,10:02,Mon,106453,error_report,"Inbox"|galaxy,multipart/alternative
2024,2024-03-18,11:46,Mon,20128,error_report,"Inbox"|galaxy,multipart/alternative
2024,2024-03-19,07:29,Tue,63594,error_report,"Inbox"|galaxy,multipart/alternative
2024,2024-03-19,09:23,Tue,14855,error_report,"Inbox"|galaxy,multipart/alternative
2024,2024-03-19,09:47,Tue,20647,error_report,"Inbox"|galaxy,multipart/alternative
2024,2024-03-19,21:56,Tue,95703,error_report,"Inbox"|galaxy,multipart/alternative
2024,2024-03-20,04:49,Wed,36631,error_report,"Inbox"|galaxy,multipart/alternative
2024,2024-03-20,04:52,Wed,12909,error_report,"Inbox"|galaxy,multipart/alternative
2024,2024-03-20,05:07,Wed,12911,error_report,"Inbox"|galaxy,multipart/alternative
2024,2024-03-20,07:44,Wed,12908,error_report,"Inbox"|galaxy,multipart/alternative
2024,2024-03-20,09:55,Wed,11300,error_report,"Inbox"|galaxy,multipart/alternative
2024,2024-03-20,21:52,Wed,11406,error_report,"Inbox"|galaxy,multipart/alternative
2024,2024-03-21,08:14,Thu,17476,error_report,"Inbox"|galaxy,multipart/alternative
2024,2024-03-21,09:50,Thu,11967,error_report,"Inbox"|galaxy,multipart/alternative
2024,2024-03-21,20:19,Thu,20690,error_report,"Inbox"|galaxy,multipart/alternative
2024,2024-03-21,22:14,Thu,12525,error_report,"Inbox"|galaxy,multipart/alternative
2024,2024-03-21,22:22,Thu,14983,error_report,"Inbox"|galaxy,multipart/alternative
2024,2024-03-22,02:17,Fri,12063,error_report,"Inbox"|galaxy,multipart/alternative
2024,2024-03-22,11:36,Fri,19903,error_report,"Inbox"|galaxy,multipart/alternative
2024,2024-03-22,11:36,Fri,21376,error_report,"Inbox"|galaxy,multipart/alternative
2024,2024-03-22,20:56,Fri,11708,error_report,"Inbox"|galaxy,multipart/alternative
2024,2024-03-23,04:42,Sat,18855,error_report,"Inbox"|galaxy,multipart/alternative
2024,2024-03-23,04:42,Sat,18856,error_report,"Inbox"|galaxy,multipart/alternative
2024,2024-03-23,07:00,Sat,17726,error_report,"Inbox"|galaxy,multipart/alternative
2024,2024-03-23,07:00,Sat,17736,error_report,"Inbox"|galaxy,multipart/alternative
2024,2024-03-23,09:07,Sat,13574,error_report,"Inbox"|galaxy,multipart/alternative
2024,2024-03-23,10:41,Sat,12711,error_report,"Inbox"|galaxy,multipart/alternative
2024,2024-03-24,08:38,Sun,20811,error_report,"Inbox"|galaxy,multipart/alternative
2024,2024-03-24,20:46,Sun,13399,error_report,"Inbox"|galaxy,multipart/alternative
2024,2024-03-25,01:48,Mon,12788,error_report,"Inbox"|galaxy,multipart/alternative
2024,2024-03-25,22:29,Mon,17594,error_report,"Inbox"|galaxy,multipart/alternative
2024,2024-03-26,10:29,Tue,4814,tiaas_request,"Inbox"|galaxy,text/plain
2024,2024-03-26,08:41,Tue,16430,error_report,"Inbox"|galaxy,multipart/alternative
2024,2024-03-26,16:42,Tue,4804,tiaas_request,"Inbox"|galaxy,text/plain
2024,2024-03-27,04:11,Wed,18383,error_report,"Inbox"|galaxy,multipart/alternative
2024,2024-03-27,19:14,Wed,15972,error_report,"Inbox"|galaxy,multipart/alternative
2024,2024-03-27,19:25,Wed,15858,error_report,"Inbox"|galaxy,multipart/alternative
2024,2024-03-31,14:36,Sun,13354,error_report,"Inbox"|galaxy,multipart/alternative
2024,2024-03-31,14:44,Sun,18146,error_report,"Inbox"|galaxy,multipart/alternative
2024,2024-04-01,02:32,Mon,23554,error_report,"Inbox"|galaxy,multipart/alternative
2024,2024-04-01,03:44,Mon,14342,error_report,"Inbox"|galaxy,multipart/alternative
2024,2024-04-01,03:44,Mon,14345,error_report,"Inbox"|galaxy,multipart/alternative
2024,2024-04-01,11:30,Mon,16430,error_report,"Inbox"|galaxy,multipart/alternative
2024,2024-04-01,11:47,Mon,11476,error_report,"Inbox"|galaxy,multipart/alternative
2024,2024-04-03,08:29,Wed,13564,error_report,"Inbox"|galaxy,multipart/alternative
2024,2024-04-04,04:53,Thu,12899,error_report,"Inbox"|galaxy,multipart/alternative
2024,2024-04-04,08:51,Thu,13163,error_report,"Inbox"|galaxy,multipart/alternative
2024,2024-04-04,09:43,Thu,27801,error_report,"Inbox"|galaxy,multipart/alternative
2024,2024-04-04,17:43,Thu,52109,error_report,"Inbox"|galaxy,multipart/alternative
2024,2024-04-05,01:16,Fri,30049,error_report,"Inbox"|galaxy,multipart/alternative
2024,2024-04-05,02:06,Fri,13297,error_report,"Inbox"|galaxy,multipart/alternative
2024,2024-04-05,02:27,Fri,104662,error_report,"Inbox"|galaxy,multipart/alternative
2024,2024-04-05,02:36,Fri,15282,error_report,"Inbox"|galaxy,multipart/alternative
2024,2024-04-05,05:00,Fri,12202,error_report,"Inbox"|galaxy,multipart/alternative
2024,2024-04-05,07:37,Fri,12353,error_report,"Inbox"|galaxy,multipart/alternative
2024,2024-04-05,08:46,Fri,27186,error_report,"Inbox"|galaxy,multipart/alternative
2024,2024-04-05,11:12,Fri,15634,error_report,"Inbox"|galaxy,multipart/alternative
2024,2024-04-05,12:34,Fri,14103,error_report,"Inbox"|galaxy,multipart/alternative
2024,2024-04-05,19:17,Fri,35295,error_report,"Inbox"|galaxy,multipart/alternative
2024,2024-04-06,08:42,Sat,12775,error_report,"Inbox"|galaxy,multipart/alternative
2024,2024-04-06,08:42,Sat,12809,error_report,"Inbox"|galaxy,multipart/alternative
2024,2024-04-07,00:34,Sun,21518,error_report,"Inbox"|galaxy,multipart/alternative
2024,2024-04-07,11:45,Sun,18418,error_report,"Inbox"|galaxy,multipart/alternative
2024,2024-04-07,23:11,Sun,11560,error_report,"Inbox"|galaxy,multipart/alternative
2024,2024-04-08,03:06,Mon,12464,error_report,"Inbox"|galaxy,multipart/alternative
2024,2024-04-08,05:47,Mon,15706,error_report,"Inbox"|galaxy,multipart/alternative
2024,2024-04-09,14:14,Tue,4805,tiaas_request,"Inbox"|galaxy,text/plain
2024,2024-04-09,14:18,Tue,4811,tiaas_request,"Inbox"|galaxy,text/plain
2024,2024-04-09,20:35,Tue,11705,error_report,"Inbox"|galaxy,multipart/alternative
2024,2024-04-10,03:16,Wed,11404,error_report,"Inbox"|galaxy,multipart/alternative
2024,2024-04-11,01:10,Thu,21680,error_report,"Inbox"|galaxy,multipart/alternative
2024,2024-04-11,03:43,Thu,12587,error_report,"Inbox"|galaxy,multipart/alternative
2024,2024-04-11,04:52,Thu,15098,error_report,"Inbox"|galaxy,multipart/alternative
2024,2024-04-11,05:49,Thu,16213,error_report,"Inbox"|galaxy,multipart/alternative
2024,2024-04-11,09:05,Thu,106929,error_report,"Inbox"|galaxy,multipart/alternative
2024,2024-04-11,12:46,Thu,14150,error_report,"Inbox"|galaxy,multipart/alternative
2024,2024-04-11,12:51,Thu,14312,error_report,"Inbox"|galaxy,multipart/alternative
2024,2024-04-11,12:58,Thu,14313,error_report,"Inbox"|galaxy,multipart/alternative
2024,2024-04-11,13:03,Thu,15746,error_report,"Inbox"|galaxy,multipart/alternative
2024,2024-04-11,13:03,Thu,13939,error_report,"Inbox"|galaxy,multipart/alternative
2024,2024-04-12,00:03,Fri,17598,error_report,"Inbox"|galaxy,multipart/alternative
2024,2024-04-12,03:35,Fri,15065,error_report,"Inbox"|galaxy,multipart/alternative
2024,2024-04-12,05:50,Fri,114584,error_report,"Inbox"|galaxy,multipart/alternative
2024,2024-04-12,15:09,Fri,15913,error_report,"Inbox"|galaxy,multipart/alternative
2024,2024-04-12,15:09,Fri,15884,error_report,"Inbox"|galaxy,multipart/alternative
2024,2024-04-12,18:10,Fri,19075,error_report,"Inbox"|galaxy,multipart/alternative
2024,2024-04-12,19:56,Fri,48428,error_report,"Inbox"|galaxy,multipart/alternative
2024,2024-04-14,06:21,Sun,23298,error_report,"Inbox"|galaxy,multipart/alternative
2024,2024-04-14,06:22,Sun,22196,error_report,"Inbox"|galaxy,multipart/alternative
2024,2024-04-14,12:40,Sun,14610,error_report,"Inbox"|galaxy,multipart/alternative
2024,2024-04-15,00:12,Mon,15747,error_report,"Inbox"|galaxy,multipart/alternative
2024,2024-04-15,04:36,Mon,13499,error_report,"Inbox"|galaxy,multipart/alternative
2024,2024-04-15,12:26,Mon,12869,error_report,"Inbox"|galaxy,multipart/alternative
2024,2024-04-15,12:27,Mon,13816,error_report,"Inbox"|galaxy,multipart/alternative
2024,2024-04-15,22:25,Mon,13174,error_report,"Inbox"|galaxy,multipart/alternative
2024,2024-04-15,23:26,Mon,15349,error_report,"Inbox"|galaxy,multipart/alternative
2024,2024-04-16,02:03,Tue,18003,error_report,"Inbox"|galaxy,multipart/alternative
2024,2024-04-16,02:15,Tue,13124,error_report,"Inbox"|galaxy,multipart/alternative
2024,2024-04-16,03:22,Tue,11626,error_report,"Inbox"|galaxy,multipart/alternative
2024,2024-04-16,04:09,Tue,14211,error_report,"Inbox"|galaxy,multipart/alternative
2024,2024-04-16,04:52,Tue,15442,error_report,"Inbox"|galaxy,multipart/alternative
2024,2024-04-16,05:36,Tue,38375,error_report,"Inbox"|galaxy,multipart/alternative
2024,2024-04-16,05:59,Tue,13134,error_report,"Inbox"|galaxy,multipart/alternative
2024,2024-04-16,08:13,Tue,43410,error_report,"Inbox"|galaxy,multipart/alternative
2024,2024-04-16,11:04,Tue,15573,error_report,"Inbox"|galaxy,multipart/alternative
2024,2024-04-17,05:24,Wed,11475,error_report,"Inbox"|galaxy,multipart/alternative
2024,2024-04-17,08:35,Wed,2877451,error_report,"Inbox"|galaxy,multipart/alternative
2024,2024-04-17,09:25,Wed,17231,error_report,"Inbox"|galaxy,multipart/alternative
2024,2024-04-17,23:40,Wed,13187,error_report,"Inbox"|galaxy,multipart/alternative
2024,2024-04-18,00:29,Thu,15628,error_report,"Inbox"|galaxy,multipart/alternative
2024,2024-04-18,00:29,Thu,15627,error_report,"Inbox"|galaxy,multipart/alternative
2024,2024-04-18,03:22,Thu,18827,error_report,"Inbox"|galaxy,multipart/alternative
2024,2024-04-18,12:21,Thu,13535,error_report,"Inbox"|galaxy,multipart/alternative
2024,2024-04-19,02:39,Fri,39081,error_report,"Inbox"|galaxy,multipart/alternative
2024,2024-04-19,11:13,Fri,19123,error_report,"Inbox"|galaxy,multipart/alternative
2024,2024-04-20,05:20,Sat,102539,error_report,"Inbox"|galaxy,multipart/alternative
2024,2024-04-20,11:15,Sat,15583,error_report,"Inbox"|galaxy,multipart/alternative
2024,2024-04-20,13:32,Sat,13067,error_report,"Inbox"|galaxy,multipart/alternative
2024,2024-04-21,03:37,Sun,12791,error_report,"Inbox"|galaxy,multipart/alternative
2024,2024-04-22,02:16,Mon,13260,error_report,"Inbox"|galaxy,multipart/alternative
2024,2024-04-22,02:16,Mon,13269,error_report,"Inbox"|galaxy,multipart/alternative
2024,2024-04-22,02:17,Mon,13552,error_report,"Inbox"|galaxy,multipart/alternative
2024,2024-04-22,02:17,Mon,13554,error_report,"Inbox"|galaxy,multipart/alternative
2024,2024-04-22,02:17,Mon,13550,error_report,"Inbox"|galaxy,multipart/alternative
2024,2024-04-22,02:17,Mon,13551,error_report,"Inbox"|galaxy,multipart/alternative
2024,2024-04-22,05:18,Mon,14010,error_report,"Inbox"|galaxy,multipart/alternative
2024,2024-04-22,10:39,Mon,14006,error_report,"Inbox"|galaxy,multipart/alternative
2024,2024-04-22,10:46,Mon,16036,error_report,"Inbox"|galaxy,multipart/alternative
2024,2024-04-22,11:18,Mon,15906,error_report,"Inbox"|galaxy,multipart/alternative
2024,2024-04-22,13:44,Mon,16495,error_report,"Inbox"|galaxy,multipart/alternative
2024,2024-04-22,19:23,Mon,15953,error_report,"Inbox"|galaxy,multipart/alternative
2024,2024-04-23,01:11,Tue,16561,error_report,"Inbox"|galaxy,multipart/alternative
2024,2024-04-23,04:22,Tue,13972,error_report,"Inbox"|galaxy,multipart/alternative
2024,2024-04-23,19:53,Tue,12642,error_report,"Inbox"|galaxy,multipart/alternative
2024,2024-04-23,22:18,Tue,13537,error_report,"Inbox"|galaxy,multipart/alternative
2024,2024-04-24,00:15,Wed,13969,error_report,"Inbox"|galaxy,multipart/alternative
2024,2024-04-24,02:30,Wed,11904,error_report,"Inbox"|galaxy,multipart/alternative
2024,2024-04-24,04:14,Wed,15671,error_report,"Inbox"|galaxy,multipart/alternative
2024,2024-04-24,04:21,Wed,18313,error_report,"Inbox"|galaxy,multipart/alternative
2024,2024-04-24,05:36,Wed,186298,error_report,"Inbox"|galaxy,multipart/alternative
2024,2024-04-24,10:00,Wed,13712,error_report,"Inbox"|galaxy,multipart/alternative
2024,2024-04-24,10:50,Wed,14902,error_report,"Inbox"|galaxy,multipart/alternative
2024,2024-04-24,12:36,Wed,15693,error_report,"Inbox"|galaxy,multipart/alternative
2024,2024-04-24,12:46,Wed,16096,error_report,"Inbox"|galaxy,multipart/alternative
2024,2024-04-24,16:57,Wed,12062,error_report,"Inbox"|galaxy,multipart/alternative
2024,2024-04-25,08:06,Thu,4801,tiaas_request,"Inbox"|galaxy,text/plain
2024,2024-04-25,08:12,Thu,4806,tiaas_request,"Inbox"|galaxy,text/plain
2024,2024-04-25,09:38,Thu,27027,error_report,"Inbox"|galaxy,multipart/alternative
2024,2024-04-26,00:27,Fri,25509,error_report,"Inbox"|galaxy,multipart/alternative
2024,2024-04-26,00:27,Fri,25509,error_report,"Inbox"|galaxy,multipart/alternative
2024,2024-04-26,08:12,Fri,12249,error_report,"Inbox"|galaxy,multipart/alternative
2024,2024-04-26,11:36,Fri,27866,error_report,"Inbox"|galaxy,multipart/alternative
2024,2024-04-26,11:48,Fri,11574,error_report,"Inbox"|galaxy,multipart/alternative
2024,2024-04-26,13:04,Fri,355490,error_report,"Inbox"|galaxy,multipart/alternative
2024,2024-04-27,02:32,Sat,15209,error_report,"Inbox"|galaxy,multipart/alternative
2024,2024-04-27,14:18,Sat,12509,error_report,"Inbox"|galaxy,multipart/alternative
2024,2024-04-28,05:05,Sun,21310,error_report,"Important"|"Inbox"|galaxy,multipart/alternative
2024,2024-04-28,09:13,Sun,106038,error_report,"Inbox"|galaxy,multipart/alternative
2024,2024-04-28,09:34,Sun,14685,error_report,"Inbox"|galaxy,multipart/alternative
2024,2024-04-28,11:22,Sun,18944,error_report,"Inbox"|galaxy,multipart/alternative
2024,2024-04-28,15:05,Sun,12517,error_report,"Inbox"|galaxy,multipart/alternative
2024,2024-04-29,01:11,Mon,19335,error_report,"Inbox"|galaxy,multipart/alternative
2024,2024-04-29,02:20,Mon,13274,error_report,"Inbox"|galaxy,multipart/alternative
2024,2024-04-29,02:21,Mon,13666,error_report,"Inbox"|galaxy,multipart/alternative
2024,2024-04-29,10:30,Mon,15093,error_report,"Inbox"|galaxy,multipart/alternative
2024,2024-04-30,03:15,Tue,23423,error_report,"Inbox"|galaxy,multipart/alternative
2024,2024-04-30,06:58,Tue,103388,error_report,"Inbox"|galaxy,multipart/alternative
2024,2024-04-30,07:32,Tue,104333,error_report,"Inbox"|galaxy,multipart/alternative
2024,2024-04-30,11:41,Tue,115307,error_report,"Inbox"|galaxy,multipart/alternative
2024,2024-05-01,01:31,Wed,24340,error_report,"Inbox"|galaxy,multipart/alternative
2024,2024-05-01,03:15,Wed,36794,error_report,"Inbox"|galaxy,multipart/alternative
2024,2024-05-02,00:17,Thu,15789,error_report,"Inbox"|galaxy,multipart/alternative
2024,2024-05-02,00:27,Thu,20294,error_report,"Inbox"|galaxy,multipart/alternative
2024,2024-05-02,04:11,Thu,102911,error_report,"Inbox"|galaxy,multipart/alternative
2024,2024-05-02,04:49,Thu,24581,error_report,"Inbox"|galaxy,multipart/alternative
2024,2024-05-02,06:01,Thu,106042,error_report,"Inbox"|galaxy,multipart/alternative
2024,2024-05-02,06:36,Thu,21288,error_report,"Inbox"|galaxy,multipart/alternative
2024,2024-05-02,10:25,Thu,14203,error_report,"Inbox"|galaxy,multipart/alternative
2024,2024-05-02,10:31,Thu,14901,error_report,"Inbox"|galaxy,multipart/alternative
2024,2024-05-02,13:59,Thu,23140,error_report,"Inbox"|galaxy,multipart/alternative
2024,2024-05-03,01:33,Fri,15317,error_report,"Inbox"|galaxy,multipart/alternative
2024,2024-05-03,03:06,Fri,14505,error_report,"Inbox"|galaxy,multipart/alternative
2024,2024-05-03,12:18,Fri,12907,error_report,"Inbox"|galaxy,multipart/alternative
2024,2024-05-03,13:04,Fri,14379,error_report,"Inbox"|galaxy,multipart/alternative
2024,2024-05-04,08:03,Sat,14865,error_report,"Inbox"|galaxy,multipart/alternative
2024,2024-05-05,05:46,Sun,14765,error_report,"Inbox"|galaxy,multipart/alternative
2024,2024-05-05,23:34,Sun,37680,error_report,"Inbox"|galaxy,multipart/alternative
2024,2024-05-06,09:05,Mon,4804,tiaas_request,"Inbox"|galaxy,text/plain
2024,2024-05-06,04:09,Mon,14511,error_report,"Inbox"|galaxy,multipart/alternative
2024,2024-05-06,04:46,Mon,15093,error_report,"Inbox"|galaxy,multipart/alternative
2024,2024-05-06,06:05,Mon,14876,error_report,"Inbox"|galaxy,multipart/alternative
2024,2024-05-06,15:16,Mon,16195,error_report,"Inbox"|galaxy,multipart/alternative
2024,2024-05-06,15:20,Mon,16194,error_report,"Inbox"|galaxy,multipart/alternative
2024,2024-05-07,02:47,Tue,106037,error_report,"Inbox"|galaxy,multipart/alternative
2024,2024-05-07,12:26,Tue,15953,error_report,"Inbox"|galaxy,multipart/alternative
2024,2024-05-07,12:27,Tue,13301,error_report,"Inbox"|galaxy,multipart/alternative
2024,2024-05-07,12:27,Tue,15989,error_report,"Inbox"|galaxy,multipart/alternative
2024,2024-05-07,19:45,Tue,18481,error_report,"Inbox"|galaxy,multipart/alternative
2024,2024-05-08,00:15,Wed,13373,error_report,"Inbox"|galaxy,multipart/alternative
2024,2024-05-08,02:58,Wed,11033,error_report,"Inbox"|galaxy,multipart/alternative
2024,2024-05-08,02:59,Wed,11036,error_report,"Inbox"|galaxy,multipart/alternative
2024,2024-05-08,03:17,Wed,11988,error_report,"Inbox"|galaxy,multipart/alternative
2024,2024-05-08,09:54,Wed,15061,error_report,"Inbox"|galaxy,multipart/alternative
2024,2024-05-08,11:45,Wed,12593,error_report,"Inbox"|galaxy,multipart/alternative
2024,2024-05-08,12:09,Wed,11516,error_report,"Inbox"|galaxy,multipart/alternative
2024,2024-05-09,00:00,Thu,65093,error_report,"Inbox"|galaxy,multipart/alternative
2024,2024-05-09,00:00,Thu,65087,error_report,"Inbox"|galaxy,multipart/alternative
2024,2024-05-09,00:00,Thu,65087,error_report,"Inbox"|galaxy,multipart/alternative
2024,2024-05-09,00:00,Thu,65087,error_report,"Inbox"|galaxy,multipart/alternative
2024,2024-05-09,00:00,Thu,65087,error_report,"Inbox"|galaxy,multipart/alternative
2024,2024-05-09,00:00,Thu,65087,error_report,"Inbox"|galaxy,multipart/alternative
2024,2024-05-09,11:08,Thu,27578,error_report,"Inbox"|galaxy,multipart/alternative
2024,2024-05-09,11:26,Thu,13031,error_report,"Inbox"|galaxy,multipart/alternative
2024,2024-05-10,02:03,Fri,192875,error_report,"Inbox"|galaxy,multipart/alternative
2024,2024-05-10,05:26,Fri,16168,error_report,"Inbox"|galaxy,multipart/alternative
2024,2024-05-10,05:49,Fri,104084,error_report,"Inbox"|galaxy,multipart/alternative
2024,2024-05-10,10:20,Fri,108649,error_report,"Inbox"|galaxy,multipart/alternative
2024,2024-05-12,13:00,Sun,4790,tiaas_request,"Inbox"|galaxy,text/plain
2024,2024-05-12,13:04,Sun,4782,tiaas_request,"Inbox"|galaxy,text/plain
2024,2024-05-13,03:51,Mon,37747,error_report,"Inbox"|galaxy,multipart/alternative
2024,2024-05-13,10:02,Mon,13685,error_report,"Inbox"|galaxy,multipart/alternative
2024,2024-05-14,00:07,Tue,13048,error_report,"Inbox"|galaxy,multipart/alternative
2024,2024-05-14,00:12,Tue,13048,error_report,"Inbox"|galaxy,multipart/alternative
2024,2024-05-14,00:16,Tue,13047,error_report,"Inbox"|galaxy,multipart/alternative
2024,2024-05-14,00:21,Tue,12756,error_report,"Inbox"|galaxy,multipart/alternative
2024,2024-05-14,00:21,Tue,12758,error_report,"Inbox"|galaxy,multipart/alternative
2024,2024-05-14,00:21,Tue,12755,error_report,"Inbox"|galaxy,multipart/alternative
2024,2024-05-14,00:57,Tue,36152,error_report,"Inbox"|galaxy,multipart/alternative
2024,2024-05-14,02:46,Tue,24600,error_report,"Inbox"|galaxy,multipart/alternative
2024,2024-05-14,03:25,Tue,14512,error_report,"Inbox"|galaxy,multipart/alternative
2024,2024-05-14,04:01,Tue,13324,error_report,"Inbox"|galaxy,multipart/alternative
2024,2024-05-14,04:28,Tue,13373,error_report,"Inbox"|galaxy,multipart/alternative
2024,2024-05-14,04:37,Tue,17638,error_report,"Inbox"|galaxy,multipart/alternative
2024,2024-05-14,14:04,Tue,4785,tiaas_request,"Inbox"|galaxy,text/plain
2024,2024-05-14,08:05,Tue,19465,error_report,"Inbox"|galaxy,multipart/alternative
2024,2024-05-14,10:51,Tue,18045,error_report,"Inbox"|galaxy,multipart/alternative
2024,2024-05-15,03:59,Wed,12814,error_report,"Inbox"|galaxy,multipart/alternative
2024,2024-05-15,04:11,Wed,22375,error_report,"Inbox"|galaxy|work|work/zierep,multipart/alternative
2024,2024-05-15,05:17,Wed,13354,error_report,"Inbox"|galaxy,multipart/alternative
2024,2024-05-15,05:40,Wed,15804,error_report,"Inbox"|galaxy,multipart/alternative
2024,2024-05-15,07:21,Wed,21815,error_report,"Inbox"|galaxy,multipart/alternative
2024,2024-05-15,13:20,Wed,14478,error_report,"Inbox"|galaxy,multipart/alternative
2024,2024-05-15,15:38,Wed,15682,error_report,"Inbox"|galaxy,multipart/alternative
2024,2024-05-15,16:40,Wed,20994,error_report,"Inbox"|galaxy,multipart/alternative
2024,2024-05-15,16:52,Wed,18976,error_report,"Inbox"|galaxy,multipart/alternative
2024,2024-05-16,09:03,Thu,4776,tiaas_request,"Inbox"|galaxy,text/plain
2024,2024-05-16,09:06,Thu,4781,tiaas_request,"Inbox"|galaxy,text/plain
2024,2024-05-16,03:07,Thu,15062,error_report,"Inbox"|galaxy,multipart/alternative
2024,2024-05-16,06:17,Thu,14573,error_report,"Inbox"|galaxy,multipart/alternative
2024,2024-05-16,08:20,Thu,18891,error_report,"Inbox"|galaxy,multipart/alternative
2024,2024-05-16,11:16,Thu,104621,error_report,"Inbox"|galaxy,multipart/alternative
2024,2024-05-16,13:24,Thu,17313,error_report,"Inbox"|galaxy,multipart/alternative
2024,2024-05-16,18:40,Thu,17877,error_report,"Inbox"|galaxy,multipart/alternative
2024,2024-05-16,23:19,Thu,21809,error_report,"Inbox"|galaxy,multipart/alternative
2024,2024-05-16,23:35,Thu,31672,error_report,"Inbox"|galaxy,multipart/alternative
2024,2024-05-17,06:12,Fri,11678,error_report,"Inbox"|galaxy,multipart/alternative
2024,2024-05-17,14:10,Fri,13676,error_report,"Inbox"|galaxy,multipart/alternative
2024,2024-05-19,13:35,Sun,11047,error_report,"Inbox"|galaxy,multipart/alternative
2024,2024-05-20,22:06,Mon,14571,error_report,"Inbox"|galaxy,multipart/alternative
2024,2024-05-20,22:06,Mon,14572,error_report,"Inbox"|galaxy,multipart/alternative
2024,2024-05-21,00:34,Tue,17211,error_report,"Inbox"|galaxy,multipart/alternative
2024,2024-05-21,00:34,Tue,17211,error_report,"Inbox"|galaxy,multipart/alternative
2024,2024-05-21,01:08,Tue,14629,error_report,"Inbox"|galaxy,multipart/alternative
2024,2024-05-21,13:30,Tue,13148,error_report,"Inbox"|galaxy,multipart/alternative
2024,2024-05-22,03:15,Wed,25529,error_report,"Inbox"|galaxy,multipart/alternative
2024,2024-05-22,08:10,Wed,25521,error_report,"Inbox"|galaxy,multipart/alternative
2024,2024-05-22,15:29,Wed,15038,error_report,"Inbox"|galaxy,multipart/alternative
2024,2024-05-22,15:29,Wed,15033,error_report,"Inbox"|galaxy,multipart/alternative
2024,2024-05-22,18:53,Wed,13670,error_report,"Inbox"|galaxy,multipart/alternative
2024,2024-05-22,18:55,Wed,21506,error_report,"Inbox"|galaxy,multipart/alternative
2024,2024-05-22,21:43,Wed,11864,error_report,"Inbox"|galaxy,multipart/alternative
2024,2024-05-23,03:07,Thu,14363,error_report,"Inbox"|galaxy,multipart/alternative
2024,2024-05-23,03:11,Thu,15209,error_report,"Inbox"|galaxy,multipart/alternative
2024,2024-05-23,03:11,Thu,15204,error_report,"Inbox"|galaxy,multipart/alternative
2024,2024-05-23,04:25,Thu,29119,error_report,"Inbox"|galaxy,multipart/alternative
2024,2024-05-23,07:07,Thu,12683,error_report,"Inbox"|galaxy,multipart/alternative
2024,2024-05-23,08:20,Thu,18787,error_report,"Inbox"|galaxy,multipart/alternative
2024,2024-05-23,11:47,Thu,108000,error_report,"Inbox"|galaxy,multipart/alternative
2024,2024-05-23,19:14,Thu,43182,error_report,"Inbox"|galaxy,multipart/alternative
2024,2024-05-23,22:54,Thu,44440,error_report,"Inbox"|galaxy,multipart/alternative
2024,2024-05-24,00:20,Fri,12728,error_report,"Inbox"|galaxy,multipart/alternative
2024,2024-05-24,03:18,Fri,14673,error_report,"Inbox"|galaxy,multipart/alternative
2024,2024-05-24,06:18,Fri,20413,error_report,"Inbox"|galaxy,multipart/alternative
2024,2024-05-24,19:12,Fri,11738,error_report,"Inbox"|galaxy,multipart/alternative
2024,2024-05-25,02:07,Sat,15858,error_report,"Inbox"|galaxy,multipart/alternative
2024,2024-05-25,02:07,Sat,15874,error_report,"Inbox"|galaxy,multipart/alternative
2024,2024-05-25,05:51,Sat,14136,error_report,"Inbox"|galaxy,multipart/alternative
2024,2024-05-26,02:02,Sun,37420,error_report,"Inbox"|galaxy,multipart/alternative
2024,2024-05-27,02:38,Mon,11517,error_report,"Inbox"|galaxy,multipart/alternative
2024,2024-05-27,04:33,Mon,14691,error_report,"Inbox"|galaxy,multipart/alternative
2024,2024-05-27,05:36,Mon,12754,error_report,"Inbox"|galaxy,multipart/alternative
2024,2024-05-27,06:19,Mon,14942,error_report,"Inbox"|galaxy,multipart/alternative
2024,2024-05-28,00:14,Tue,15321,error_report,"Inbox"|galaxy,multipart/alternative
2024,2024-05-28,02:34,Tue,17553,error_report,"Inbox"|galaxy,multipart/alternative
2024,2024-05-28,02:55,Tue,13141,error_report,"Inbox"|galaxy,multipart/alternative
2024,2024-05-28,05:06,Tue,13077,error_report,"Inbox"|galaxy,multipart/alternative
2024,2024-05-28,07:02,Tue,25237,error_report,"Inbox"|galaxy,multipart/alternative
2024,2024-05-29,18:44,Wed,13590,error_report,"Inbox"|galaxy,multipart/alternative
2024,2024-05-30,04:04,Thu,15124,error_report,"Inbox"|galaxy,multipart/alternative
2024,2024-05-30,14:20,Thu,10906,error_report,"Inbox"|galaxy,multipart/alternative
2024,2024-05-30,14:20,Thu,10963,error_report,"Inbox"|galaxy,multipart/alternative
2024,2024-05-31,01:07,Fri,13762,error_report,"Inbox"|galaxy,multipart/alternative
2024,2024-05-31,10:57,Fri,4771,tiaas_request,"Inbox"|galaxy,text/plain
2024,2024-05-31,08:03,Fri,36143,error_report,"Inbox"|galaxy,multipart/alternative
2024,2024-05-31,13:56,Fri,18973,error_report,"Inbox"|galaxy,multipart/alternative
2024,2024-06-02,04:39,Sun,18992,error_report,"Inbox"|galaxy,multipart/alternative
2024,2024-06-03,03:03,Mon,13840,error_report,"Inbox"|galaxy,multipart/alternative
2024,2024-06-03,08:04,Mon,106945,error_report,"Inbox"|galaxy,multipart/alternative
2024,2024-06-03,09:25,Mon,14639,error_report,"Inbox"|galaxy,multipart/alternative
2024,2024-06-03,10:21,Mon,17516,error_report,"Inbox"|galaxy,multipart/alternative
2024,2024-06-03,11:26,Mon,15807,error_report,"Inbox"|galaxy,multipart/alternative
2024,2024-06-03,11:49,Mon,13891,error_report,"Inbox"|galaxy,multipart/alternative
2024,2024-06-04,00:34,Tue,17691,error_report,"Inbox"|galaxy,multipart/alternative
2024,2024-06-04,01:29,Tue,15093,error_report,"Inbox"|galaxy,multipart/alternative
2024,2024-06-04,02:19,Tue,15093,error_report,"Inbox"|galaxy,multipart/alternative
2024,2024-06-04,06:05,Tue,19669,error_report,"Inbox"|galaxy,multipart/alternative
2024,2024-06-05,00:37,Wed,77713,error_report,"Inbox"|galaxy,multipart/alternative
2024,2024-06-05,02:38,Wed,26380,error_report,"Inbox"|galaxy,multipart/alternative
2024,2024-06-05,06:33,Wed,12622,error_report,"Inbox"|galaxy,multipart/alternative
2024,2024-06-05,08:13,Wed,23881,error_report,"Inbox"|galaxy,multipart/alternative
2024,2024-06-05,10:11,Wed,19282,error_report,"Inbox"|galaxy,multipart/alternative
2024,2024-06-05,11:53,Wed,377959,error_report,"Inbox"|galaxy,multipart/alternative
2024,2024-06-05,18:19,Wed,19137,error_report,"Inbox"|galaxy,multipart/alternative
2024,2024-06-05,19:26,Wed,19625,error_report,"Inbox"|galaxy,multipart/alternative
2024,2024-06-06,00:25,Thu,104727,error_report,"Inbox"|galaxy,multipart/alternative
2024,2024-06-06,14:15,Thu,273610,error_report,"Inbox"|galaxy,multipart/alternative
2024,2024-06-06,17:18,Thu,35984,error_report,"Inbox"|galaxy,multipart/alternative
2024,2024-06-07,14:04,Fri,53774,error_report,"Inbox"|galaxy,multipart/alternative
2024,2024-06-07,20:13,Fri,17017,error_report,"Inbox"|galaxy,multipart/alternative
2024,2024-06-07,20:51,Fri,18776,error_report,"Inbox"|galaxy,multipart/alternative
2024,2024-06-09,02:59,Sun,13740,error_report,"Inbox"|galaxy,multipart/alternative
2024,2024-06-09,10:10,Sun,15588,error_report,"Inbox"|galaxy,multipart/alternative
2024,2024-06-09,20:29,Sun,54006,error_report,"Inbox"|galaxy,multipart/alternative
2024,2024-06-10,02:34,Mon,13170,error_report,"Inbox"|galaxy,multipart/alternative
2024,2024-06-10,03:16,Mon,16721,error_report,"Inbox"|galaxy,multipart/alternative
2024,2024-06-10,11:01,Mon,12227,error_report,"Inbox"|galaxy,multipart/alternative
2024,2024-06-10,13:01,Mon,17911,error_report,"Inbox"|galaxy,multipart/alternative
2024,2024-06-10,14:20,Mon,14141,error_report,"Inbox"|galaxy,multipart/alternative
2024,2024-06-10,15:58,Mon,37013,error_report,"Inbox"|galaxy,multipart/alternative
2024,2024-06-10,19:37,Mon,17713,error_report,"Inbox"|galaxy,multipart/alternative
2024,2024-06-11,02:11,Tue,46039,error_report,"Inbox"|galaxy,multipart/alternative
2024,2024-06-11,19:35,Tue,137687,error_report,"Inbox"|galaxy,multipart/alternative
2024,2024-06-12,04:28,Wed,14830,error_report,"Inbox"|galaxy,multipart/alternative
2024,2024-06-12,13:37,Wed,4778,tiaas_request,"Inbox"|galaxy,text/plain
2024,2024-06-12,08:37,Wed,24744,error_report,"Inbox"|galaxy,multipart/alternative
2024,2024-06-13,07:56,Thu,14524,error_report,"Inbox"|galaxy,multipart/alternative
2024,2024-06-13,09:48,Thu,15423,error_report,"Inbox"|galaxy,multipart/alternative
2024,2024-06-13,10:57,Thu,14549,error_report,"Inbox"|galaxy,multipart/alternative
2024,2024-06-13,10:57,Thu,14164,error_report,"Inbox"|galaxy,multipart/alternative
2024,2024-06-13,10:58,Thu,14415,error_report,"Inbox"|galaxy,multipart/alternative
2024,2024-06-13,11:07,Thu,13867,error_report,"Inbox"|galaxy,multipart/alternative
2024,2024-06-13,11:12,Thu,14265,error_report,"Inbox"|galaxy,multipart/alternative
2024,2024-06-13,11:15,Thu,14202,error_report,"Inbox"|galaxy,multipart/alternative
2024,2024-06-13,11:40,Thu,14777,error_report,"Inbox"|galaxy,multipart/alternative
2024,2024-06-13,11:43,Thu,14360,error_report,"Inbox"|galaxy,multipart/alternative
2024,2024-06-13,11:58,Thu,15327,error_report,"Inbox"|galaxy,multipart/alternative
2024,2024-06-13,11:58,Thu,14135,error_report,"Inbox"|galaxy,multipart/alternative
2024,2024-06-13,11:59,Thu,14881,error_report,"Inbox"|galaxy,multipart/alternative
2024,2024-06-13,12:46,Thu,15146,error_report,"Inbox"|galaxy,multipart/alternative
2024,2024-06-13,13:49,Thu,13423,error_report,"Inbox"|galaxy,multipart/alternative
2024,2024-06-13,17:57,Thu,16303,error_report,"Inbox"|galaxy,multipart/alternative
2024,2024-06-14,00:29,Fri,14690,error_report,"Inbox"|galaxy,multipart/alternative
2024,2024-06-14,00:30,Fri,14354,error_report,"Inbox"|galaxy,multipart/alternative
2024,2024-06-14,00:50,Fri,15743,error_report,"Inbox"|galaxy,multipart/alternative
2024,2024-06-14,00:58,Fri,16270,error_report,"Inbox"|galaxy,multipart/alternative
2024,2024-06-14,01:03,Fri,28811,error_report,"Inbox"|galaxy,multipart/alternative
2024,2024-06-14,02:41,Fri,19082,error_report,"Inbox"|galaxy,multipart/alternative
2024,2024-06-14,07:04,Fri,16204,error_report,"Inbox"|galaxy,multipart/alternative
2024,2024-06-14,11:16,Fri,13849,error_report,"Inbox"|galaxy,multipart/alternative
2024,2024-06-15,04:08,Sat,12031,error_report,"Inbox"|galaxy,multipart/alternative
2024,2024-06-15,11:25,Sat,22072,error_report,"Inbox"|galaxy,multipart/alternative
2024,2024-06-16,08:27,Sun,4779,tiaas_request,"Inbox"|galaxy,text/plain
2024,2024-06-16,05:29,Sun,18298,error_report,"Inbox"|galaxy,multipart/alternative
2024,2024-06-16,08:32,Sun,11410,error_report,"Inbox"|galaxy,multipart/alternative
2024,2024-06-16,08:44,Sun,22303,error_report,"Inbox"|galaxy,multipart/alternative
2024,2024-06-16,13:43,Sun,17217,error_report,"Inbox"|galaxy,multipart/alternative
2024,2024-06-17,05:56,Mon,11496,error_report,"Inbox"|galaxy,multipart/alternative
2024,2024-06-17,09:11,Mon,17826,error_report,"Inbox"|galaxy,multipart/alternative
2024,2024-06-17,11:06,Mon,17552,error_report,"Inbox"|galaxy,multipart/alternative
2024,2024-06-17,11:31,Mon,14877,error_report,"Inbox"|galaxy,multipart/alternative
2024,2024-06-17,12:51,Mon,25736,error_report,"Inbox"|galaxy,multipart/alternative
2024,2024-06-17,16:53,Mon,18993,error_report,"Inbox"|galaxy,multipart/alternative
2024,2024-06-17,18:56,Mon,107637,error_report,"Inbox"|galaxy,multipart/alternative
2024,2024-06-18,04:39,Tue,19187,error_report,"Inbox"|galaxy,multipart/alternative
2024,2024-06-18,05:43,Tue,97541,error_report,"Inbox"|galaxy,multipart/alternative
2024,2024-06-18,06:09,Tue,11779,error_report,"Inbox"|galaxy,multipart/alternative
2024,2024-06-19,01:36,Wed,13259,error_report,"Inbox"|galaxy,multipart/alternative
2024,2024-06-19,04:02,Wed,11870,error_report,"Inbox"|galaxy,multipart/alternative
2024,2024-06-19,04:03,Wed,13955,error_report,"Inbox"|galaxy,multipart/alternative
2024,2024-06-19,04:41,Wed,107828,error_report,"Inbox"|galaxy,multipart/alternative
2024,2024-06-19,06:50,Wed,15680,error_report,"Inbox"|galaxy,multipart/alternative
2024,2024-06-19,07:16,Wed,96627,error_report,"Inbox"|galaxy,multipart/alternative
2024,2024-06-19,07:16,Wed,15037,error_report,"Inbox"|galaxy,multipart/alternative
2024,2024-06-19,09:37,Wed,21554,error_report,"Inbox"|galaxy,multipart/alternative
2024,2024-06-19,13:36,Wed,12034,error_report,"Inbox"|galaxy,multipart/alternative
2024,2024-06-19,14:00,Wed,12419,error_report,"Inbox"|galaxy,multipart/alternative
2024,2024-06-20,01:54,Thu,18101,error_report,"Inbox"|galaxy,multipart/alternative
2024,2024-06-20,02:11,Thu,32324,error_report,"Inbox"|galaxy,multipart/alternative
2024,2024-06-20,04:43,Thu,14177,error_report,"Inbox"|galaxy,multipart/alternative
2024,2024-06-20,07:14,Thu,20800,error_report,"Inbox"|galaxy,multipart/alternative
2024,2024-06-20,13:51,Thu,13567,error_report,"Inbox"|galaxy,multipart/alternative
2024,2024-06-20,23:20,Thu,22101,error_report,"Inbox"|galaxy,multipart/alternative
2024,2024-06-21,00:50,Fri,33764,error_report,"Inbox"|galaxy,multipart/alternative
2024,2024-06-21,01:19,Fri,22026,error_report,"Inbox"|galaxy,multipart/alternative
2024,2024-06-21,06:20,Fri,12920,error_report,"Inbox"|galaxy,multipart/alternative
2024,2024-06-21,09:16,Fri,29030,error_report,"Inbox"|galaxy,multipart/alternative
2024,2024-06-21,09:52,Fri,21791,error_report,"Inbox"|galaxy,multipart/alternative
2024,2024-06-21,13:07,Fri,100225,error_report,"Inbox"|galaxy,multipart/alternative
2024,2024-06-23,17:23,Sun,29663,error_report,"Inbox"|galaxy,multipart/alternative
2024,2024-06-24,05:56,Mon,12164,error_report,"Inbox"|galaxy,multipart/alternative
2024,2024-06-24,08:46,Mon,19548,error_report,"Inbox"|galaxy,multipart/alternative
2024,2024-06-24,16:23,Mon,4782,tiaas_request,"Inbox"|galaxy,text/plain
2024,2024-06-24,15:35,Mon,19360,error_report,"Inbox"|galaxy,multipart/alternative
2024,2024-06-25,06:26,Tue,11923,error_report,"Inbox"|galaxy,multipart/alternative
2024,2024-06-25,20:35,Tue,13154,error_report,"Inbox"|galaxy,multipart/alternative
2024,2024-06-26,04:53,Wed,15056,error_report,"Inbox"|galaxy,multipart/alternative
2024,2024-06-26,07:32,Wed,14109,error_report,"Inbox"|galaxy,multipart/alternative
2024,2024-06-27,08:14,Thu,12945,error_report,"Inbox"|galaxy,multipart/alternative
2024,2024-06-27,13:09,Thu,14774,error_report,"Inbox"|galaxy,multipart/alternative
2024,2024-06-28,16:26,Fri,4777,tiaas_request,"Inbox"|galaxy,text/plain
2024,2024-06-28,11:51,Fri,16716,error_report,"Inbox"|galaxy,multipart/alternative
2024,2024-06-30,06:32,Sun,4780,tiaas_request,"Inbox"|galaxy,text/plain
2024,2024-06-30,11:25,Sun,17185,error_report,"Inbox"|galaxy,multipart/alternative
2024,2024-06-30,11:31,Sun,17880,error_report,"Inbox"|galaxy,multipart/alternative
2024,2024-06-30,11:50,Sun,36731,error_report,"Inbox"|galaxy,multipart/alternative
2024,2024-06-30,15:24,Sun,15875,error_report,"Inbox"|galaxy,multipart/alternative
2024,2024-07-01,07:35,Mon,4790,tiaas_request,"Inbox"|galaxy,text/plain
2024,2024-07-01,07:38,Mon,4789,tiaas_request,"Inbox"|galaxy,text/plain
2024,2024-07-01,07:39,Mon,4776,tiaas_request,"Inbox"|galaxy,text/plain
2024,2024-07-01,03:41,Mon,14174,error_report,"Inbox"|galaxy,multipart/alternative
2024,2024-07-01,04:25,Mon,19334,error_report,"Inbox"|galaxy,multipart/alternative
2024,2024-07-01,09:15,Mon,15886,error_report,"Inbox"|galaxy,multipart/alternative
2024,2024-07-01,18:07,Mon,15118,error_report,"Inbox"|galaxy,multipart/alternative
2024,2024-07-01,18:17,Mon,16036,error_report,"Inbox"|galaxy,multipart/alternative
2024,2024-07-01,18:32,Mon,16302,error_report,"Inbox"|galaxy,multipart/alternative
2024,2024-07-01,19:22,Mon,13859,error_report,"Inbox"|galaxy,multipart/alternative
2024,2024-07-01,21:43,Mon,14441,error_report,"Inbox"|galaxy,multipart/alternative
2024,2024-07-01,22:09,Mon,13777,error_report,"Inbox"|galaxy,multipart/alternative
2024,2024-07-01,22:25,Mon,54934,error_report,"Inbox"|galaxy,multipart/alternative
2024,2024-07-02,03:45,Tue,16748,error_report,"Inbox"|galaxy,multipart/alternative
2024,2024-07-02,10:46,Tue,4772,tiaas_request,"Inbox"|galaxy,text/plain
2024,2024-07-02,04:09,Tue,37504,error_report,"Inbox"|galaxy,multipart/alternative
2024,2024-07-02,05:38,Tue,16539,error_report,"Inbox"|galaxy,multipart/alternative
2024,2024-07-02,06:24,Tue,18125,error_report,"Inbox"|galaxy,multipart/alternative
2024,2024-07-02,10:46,Tue,13289,error_report,"Inbox"|galaxy,multipart/alternative
2024,2024-07-02,10:48,Tue,13642,error_report,"Inbox"|galaxy,multipart/alternative
2024,2024-07-02,11:48,Tue,101923,error_report,"Inbox"|galaxy,multipart/alternative
2024,2024-07-02,18:08,Tue,20869,error_report,"Inbox"|galaxy,multipart/alternative
2024,2024-07-02,18:08,Tue,20869,error_report,"Inbox"|galaxy,multipart/alternative
2024,2024-07-02,18:08,Tue,20870,error_report,"Inbox"|galaxy,multipart/alternative
2024,2024-07-02,18:08,Tue,20876,error_report,"Inbox"|galaxy,multipart/alternative
2024,2024-07-03,01:45,Wed,44166,error_report,"Inbox"|galaxy,multipart/alternative
2024,2024-07-03,05:53,Wed,12280,error_report,"Inbox"|galaxy,multipart/alternative
2024,2024-07-03,12:32,Wed,12520,error_report,"Inbox"|galaxy,multipart/alternative
2024,2024-07-03,18:26,Wed,11610,error_report,"Inbox"|galaxy,multipart/alternative
2024,2024-07-03,22:30,Wed,13845,error_report,"Inbox"|galaxy,multipart/alternative
2024,2024-07-04,01:18,Thu,124380,error_report,"Inbox"|galaxy,multipart/alternative
2024,2024-07-04,04:44,Thu,15990,error_report,"Inbox"|galaxy,multipart/alternative
2024,2024-07-04,05:49,Thu,16643,error_report,"Inbox"|galaxy,multipart/alternative
2024,2024-07-04,06:22,Thu,102906,error_report,"Inbox"|galaxy,multipart/alternative
2024,2024-07-04,06:22,Thu,17337,error_report,"Inbox"|galaxy,multipart/alternative
2024,2024-07-04,06:26,Thu,102907,error_report,"Inbox"|galaxy,multipart/alternative
2024,2024-07-04,06:27,Thu,21331,error_report,"Inbox"|galaxy,multipart/alternative
2024,2024-07-04,06:39,Thu,15846,error_report,"Inbox"|galaxy,multipart/alternative
2024,2024-07-04,08:34,Thu,11507,error_report,"Inbox"|galaxy,multipart/alternative
2024,2024-07-04,17:48,Thu,11602,error_report,"Inbox"|galaxy,multipart/alternative
2024,2024-07-05,00:50,Fri,19450,error_report,"Inbox"|galaxy,multipart/alternative
2024,2024-07-05,03:52,Fri,87910,error_report,"Inbox"|galaxy,multipart/alternative
2024,2024-07-05,05:53,Fri,24524,error_report,"Inbox"|galaxy,multipart/alternative
2024,2024-07-05,06:57,Fri,37910,error_report,"Inbox"|galaxy,multipart/alternative
2024,2024-07-05,10:32,Fri,14551,error_report,"Inbox"|galaxy,multipart/alternative
2024,2024-07-05,10:48,Fri,101883,error_report,"Inbox"|galaxy,multipart/alternative
2024,2024-07-05,14:01,Fri,17218,error_report,"Inbox"|galaxy,multipart/alternative
2024,2024-07-05,17:30,Fri,20814,error_report,"Inbox"|galaxy,multipart/alternative
2024,2024-07-06,10:23,Sat,21859,error_report,"Inbox"|galaxy,multipart/alternative
2024,2024-07-06,22:17,Sat,37879,error_report,"Inbox"|galaxy,multipart/alternative
2024,2024-07-07,00:16,Sun,13870,error_report,"Inbox"|galaxy,multipart/alternative
2024,2024-07-07,02:52,Sun,16432,error_report,"Inbox"|galaxy,multipart/alternative
2024,2024-07-07,09:28,Sun,37634,error_report,"Inbox"|galaxy,multipart/alternative
2024,2024-07-07,20:54,Sun,15611,error_report,"Inbox"|galaxy,multipart/alternative
2024,2024-07-08,04:15,Mon,15868,error_report,"Inbox"|galaxy,multipart/alternative
2024,2024-07-08,05:58,Mon,19324,error_report,"Inbox"|galaxy,multipart/alternative
2024,2024-07-08,12:24,Mon,16121,error_report,"Inbox"|galaxy,multipart/alternative
2024,2024-07-08,18:22,Mon,25589,error_report,"Inbox"|galaxy,multipart/alternative
2024,2024-07-09,04:30,Tue,21841,error_report,"Inbox"|galaxy,multipart/alternative
2024,2024-07-09,07:34,Tue,23577,error_report,"Inbox"|galaxy,multipart/alternative
2024,2024-07-09,08:37,Tue,21266,error_report,"Inbox"|galaxy,multipart/alternative
2024,2024-07-09,13:54,Tue,51055,error_report,"Inbox"|galaxy,multipart/alternative
2024,2024-07-09,20:55,Tue,17754,error_report,"Inbox"|galaxy,multipart/alternative
2024,2024-07-10,00:51,Wed,125743,error_report,"Inbox"|galaxy,multipart/alternative
2024,2024-07-10,01:09,Wed,17580,error_report,"Inbox"|galaxy,multipart/alternative
2024,2024-07-10,10:41,Wed,20590,error_report,"Inbox"|galaxy,multipart/alternative
2024,2024-07-11,00:31,Thu,19561,error_report,"Inbox"|galaxy,multipart/alternative
2024,2024-07-11,01:09,Thu,14584,error_report,"Inbox"|galaxy,multipart/alternative
2024,2024-07-11,01:39,Thu,14598,error_report,"Inbox"|galaxy,multipart/alternative
2024,2024-07-12,12:36,Fri,15632,error_report,"Inbox"|galaxy,multipart/alternative
2024,2024-07-13,06:58,Sat,14473,error_report,"Inbox"|galaxy,multipart/alternative
2024,2024-07-13,07:13,Sat,14889,error_report,"Inbox"|galaxy,multipart/alternative
2024,2024-07-13,07:34,Sat,13071,error_report,"Inbox"|galaxy,multipart/alternative
2024,2024-07-14,10:57,Sun,205126,error_report,"Inbox"|galaxy,multipart/alternative
2024,2024-07-14,11:58,Sun,128403,error_report,"Inbox"|galaxy,multipart/alternative
2024,2024-07-14,22:06,Sun,24718,error_report,"Inbox"|galaxy,multipart/alternative
2024,2024-07-14,23:50,Sun,14603,error_report,"Inbox"|galaxy,multipart/alternative
2024,2024-07-15,06:24,Mon,14909,error_report,"Inbox"|galaxy,multipart/alternative
2024,2024-07-15,06:43,Mon,17546,error_report,"Inbox"|galaxy,multipart/alternative
2024,2024-07-15,10:47,Mon,10961,error_report,"Inbox"|galaxy,multipart/alternative
2024,2024-07-16,05:34,Tue,27160,error_report,"Inbox"|galaxy,multipart/alternative
2024,2024-07-16,14:09,Tue,11783,error_report,"Inbox"|galaxy,multipart/alternative
2024,2024-07-17,03:17,Wed,140872,error_report,"Inbox"|galaxy,multipart/alternative
2024,2024-07-17,10:57,Wed,11980,error_report,"Inbox"|galaxy,multipart/alternative
2024,2024-07-17,11:36,Wed,16717,error_report,"Inbox"|galaxy,multipart/alternative
2024,2024-07-17,11:36,Wed,16554,error_report,"Inbox"|galaxy,multipart/alternative
2024,2024-07-17,11:44,Wed,15841,error_report,"Inbox"|galaxy,multipart/alternative
2024,2024-07-17,11:44,Wed,16006,error_report,"Inbox"|galaxy,multipart/alternative
2024,2024-07-17,13:09,Wed,14106,error_report,"Inbox"|galaxy,multipart/alternative
2024,2024-07-18,01:42,Thu,144316,error_report,"Inbox"|galaxy,multipart/alternative
2024,2024-07-18,02:57,Thu,13485,error_report,"Inbox"|galaxy,multipart/alternative
2024,2024-07-18,08:43,Thu,13520,error_report,"Inbox"|galaxy,multipart/alternative
2024,2024-07-18,12:04,Thu,13376,error_report,"Inbox"|galaxy,multipart/alternative
2024,2024-07-18,14:39,Thu,102227,error_report,"Inbox"|galaxy,multipart/alternative
2024,2024-07-18,15:05,Thu,13647,error_report,"Inbox"|galaxy,multipart/alternative
2024,2024-07-18,15:28,Thu,11784,error_report,"Inbox"|galaxy,multipart/alternative
2024,2024-07-19,01:25,Fri,21636,error_report,"Inbox"|galaxy,multipart/alternative
2024,2024-07-19,02:55,Fri,11248,error_report,"Inbox"|galaxy,multipart/alternative
2024,2024-07-19,04:01,Fri,16231,error_report,"Inbox"|galaxy,multipart/alternative
2024,2024-07-19,04:06,Fri,15155,error_report,"Inbox"|galaxy,multipart/alternative
2024,2024-07-19,05:20,Fri,34290,error_report,"Inbox"|galaxy,multipart/alternative
2024,2024-07-19,08:00,Fri,24677,error_report,"Inbox"|galaxy,multipart/alternative
2024,2024-07-20,11:24,Sat,11713,error_report,"Inbox"|galaxy,multipart/alternative
2024,2024-07-21,12:02,Sun,13317,error_report,"Inbox"|galaxy,multipart/alternative
2024,2024-07-21,21:18,Sun,16658,error_report,"Inbox"|galaxy,multipart/alternative
2024,2024-07-22,00:29,Mon,14646,error_report,"Inbox"|galaxy,multipart/alternative
2024,2024-07-22,11:35,Mon,151575,error_report,"Inbox"|galaxy,multipart/alternative
2024,2024-07-22,13:49,Mon,16789,error_report,"Inbox"|galaxy,multipart/alternative
2024,2024-07-22,14:30,Mon,19054,error_report,"Inbox"|galaxy,multipart/alternative
2024,2024-07-22,20:43,Mon,101724,error_report,"Inbox"|galaxy,multipart/alternative
2024,2024-07-23,05:02,Tue,13400,error_report,"Inbox"|galaxy,multipart/alternative
2024,2024-07-23,06:00,Tue,29563,error_report,"Inbox"|galaxy,multipart/alternative
2024,2024-07-23,14:25,Tue,28094,error_report,"Inbox"|galaxy,multipart/alternative
2024,2024-07-23,20:39,Tue,14077,error_report,"Inbox"|galaxy,multipart/alternative
2024,2024-07-24,03:57,Wed,18096,error_report,"Inbox"|galaxy,multipart/alternative
2024,2024-07-24,08:41,Wed,16825,error_report,"Inbox"|galaxy,multipart/alternative
2024,2024-07-25,06:28,Thu,12058,error_report,"Inbox"|galaxy,multipart/alternative
2024,2024-07-25,06:38,Thu,14210,error_report,"Inbox"|galaxy,multipart/alternative
2024,2024-07-25,06:52,Thu,13074,error_report,"Inbox"|galaxy,multipart/alternative
2024,2024-07-25,06:52,Thu,13078,error_report,"Inbox"|galaxy,multipart/alternative
2024,2024-07-25,07:28,Thu,12065,error_report,"Inbox"|galaxy,multipart/alternative
2024,2024-07-25,10:31,Thu,16437,error_report,"Inbox"|galaxy,multipart/alternative
2024,2024-07-25,21:55,Thu,14815,error_report,"Inbox"|galaxy,multipart/alternative
2024,2024-07-26,07:30,Fri,12959,error_report,"Inbox"|galaxy,multipart/alternative
2024,2024-07-26,08:47,Fri,124380,error_report,"Inbox"|galaxy,multipart/alternative
2024,2024-07-26,11:31,Fri,124983,error_report,"Inbox"|galaxy,multipart/alternative
2024,2024-07-26,13:18,Fri,12502,error_report,"Inbox"|galaxy,multipart/alternative
2024,2024-07-26,13:34,Fri,12884,error_report,"Inbox"|galaxy,multipart/alternative
2024,2024-07-26,15:42,Fri,13685,error_report,"Inbox"|galaxy,multipart/alternative
2024,2024-07-26,15:50,Fri,11885,error_report,"Inbox"|galaxy,multipart/alternative
2024,2024-07-26,17:11,Fri,125165,error_report,"Inbox"|galaxy,multipart/alternative
2024,2024-07-26,22:39,Fri,12699,error_report,"Inbox"|galaxy,multipart/alternative
2024,2024-07-26,23:05,Fri,12700,error_report,"Inbox"|galaxy,multipart/alternative
2024,2024-07-27,02:54,Sat,12074,error_report,"Inbox"|galaxy,multipart/alternative
2024,2024-07-27,03:01,Sat,12444,error_report,"Inbox"|galaxy,multipart/alternative
2024,2024-07-27,03:47,Sat,18810,error_report,"Inbox"|galaxy,multipart/alternative
2024,2024-07-27,20:04,Sat,15832,error_report,"Inbox"|galaxy,multipart/alternative
2024,2024-07-28,17:29,Sun,17460,error_report,"Inbox"|galaxy,multipart/alternative
2024,2024-07-29,01:13,Mon,11074,error_report,"Inbox"|galaxy,multipart/alternative
2024,2024-07-29,13:16,Mon,14193,error_report,"Inbox"|galaxy,multipart/alternative
2024,2024-07-29,13:16,Mon,14196,error_report,"Inbox"|galaxy,multipart/alternative
2024,2024-07-29,13:17,Mon,14195,error_report,"Inbox"|galaxy,multipart/alternative
2024,2024-07-30,02:09,Tue,21993,error_report,"Inbox"|galaxy,multipart/alternative
2024,2024-07-30,15:49,Tue,13481,error_report,"Inbox"|galaxy,multipart/alternative
2024,2024-07-31,05:00,Wed,20880,error_report,"Inbox"|galaxy,multipart/alternative
2024,2024-07-31,05:18,Wed,20961,error_report,"Inbox"|galaxy,multipart/alternative
2024,2024-07-31,06:03,Wed,20969,error_report,"Inbox"|galaxy,multipart/alternative
2024,2024-07-31,09:44,Wed,13338,error_report,"Inbox"|galaxy,multipart/alternative
2024,2024-07-31,10:13,Wed,108353,error_report,"Inbox"|galaxy,multipart/alternative
2024,2024-07-31,11:22,Wed,15945,error_report,"Inbox"|galaxy,multipart/alternative
2024,2024-07-31,21:11,Wed,42380,error_report,"Inbox"|galaxy,multipart/alternative
2024,2024-08-01,01:30,Thu,12353,error_report,"Inbox"|galaxy,multipart/alternative
2024,2024-08-01,03:48,Thu,14222,error_report,"Inbox"|galaxy,multipart/alternative
2024,2024-08-01,04:10,Thu,18400,error_report,"Inbox"|galaxy,multipart/alternative
2024,2024-08-01,05:47,Thu,19978,error_report,"Inbox"|galaxy,multipart/alternative
2024,2024-08-01,10:01,Thu,47378,error_report,"Inbox"|galaxy,multipart/alternative
2024,2024-08-01,12:03,Thu,81701,error_report,"Inbox"|galaxy,multipart/alternative
2024,2024-08-01,14:56,Thu,11308,error_report,"Inbox"|galaxy,multipart/alternative
2024,2024-08-02,01:02,Fri,11991,error_report,"Inbox"|galaxy,multipart/alternative
2024,2024-08-02,09:46,Fri,4783,tiaas_request,"Inbox"|galaxy,text/plain
2024,2024-08-03,15:18,Sat,18966,error_report,"Inbox"|galaxy,multipart/alternative
2024,2024-08-04,11:43,Sun,106695,error_report,"Inbox"|galaxy,multipart/alternative
2024,2024-08-04,22:08,Sun,13387,error_report,"Inbox"|galaxy,multipart/alternative
2024,2024-08-05,02:17,Mon,15263,error_report,"Inbox"|galaxy,multipart/alternative
2024,2024-08-05,04:19,Mon,25870,error_report,"Inbox"|galaxy,multipart/alternative
2024,2024-08-05,08:23,Mon,52975,error_report,"Inbox"|galaxy,multipart/alternative
2024,2024-08-05,10:58,Mon,28999,error_report,"Inbox"|galaxy,multipart/alternative
2024,2024-08-05,11:02,Mon,37651,error_report,"Inbox"|galaxy,multipart/alternative
2024,2024-08-06,02:33,Tue,14493,error_report,"Inbox"|galaxy,multipart/alternative
2024,2024-08-06,02:35,Tue,18237,error_report,"Inbox"|galaxy,multipart/alternative
2024,2024-08-06,19:23,Tue,17010,error_report,"Inbox"|galaxy,multipart/alternative
2024,2024-08-06,19:57,Tue,13664,error_report,"Inbox"|galaxy,multipart/alternative
2024,2024-08-07,13:06,Wed,17514,error_report,"Inbox"|galaxy,multipart/alternative
2024,2024-08-07,15:15,Wed,14190,error_report,"Inbox"|galaxy,multipart/alternative
2024,2024-08-08,08:55,Thu,4778,tiaas_request,"Inbox"|galaxy,text/plain
2024,2024-08-08,07:30,Thu,13380,error_report,"Inbox"|galaxy,multipart/alternative
2024,2024-08-08,15:46,Thu,26829,error_report,"Inbox"|galaxy,multipart/alternative
2024,2024-08-08,19:13,Thu,192701,error_report,"Inbox"|galaxy,multipart/alternative
2024,2024-08-09,08:30,Fri,14552,error_report,"Inbox"|galaxy,multipart/alternative
2024,2024-08-09,09:43,Fri,18364,error_report,"Inbox"|galaxy,multipart/alternative
2024,2024-08-09,10:53,Fri,102297,error_report,"Inbox"|galaxy,multipart/alternative
2024,2024-08-10,05:37,Sat,17769,error_report,"Inbox"|galaxy,multipart/alternative
2024,2024-08-10,12:50,Sat,24104,error_report,"Inbox"|galaxy,multipart/alternative
2024,2024-08-12,06:19,Mon,15300,error_report,"Inbox"|galaxy,multipart/alternative
2024,2024-08-12,07:17,Mon,19013,error_report,"Inbox"|galaxy,multipart/alternative
2024,2024-08-12,08:16,Mon,13062,error_report,"Inbox"|galaxy,multipart/alternative
2024,2024-08-12,19:00,Mon,22204,error_report,"Inbox"|galaxy,multipart/alternative
2024,2024-08-13,00:37,Tue,16336,error_report,"Inbox"|galaxy,multipart/alternative
2024,2024-08-13,03:55,Tue,12165,error_report,"Inbox"|galaxy,multipart/alternative
2024,2024-08-13,03:56,Tue,12455,error_report,"Inbox"|galaxy,multipart/alternative
2024,2024-08-13,11:18,Tue,14494,error_report,"Inbox"|galaxy,multipart/alternative
2024,2024-08-13,19:19,Tue,12905,error_report,"Inbox"|galaxy,multipart/alternative
2024,2024-08-15,16:41,Thu,14290,error_report,"Inbox"|galaxy,multipart/alternative
2024,2024-08-16,00:45,Fri,14850,error_report,"Inbox"|galaxy,multipart/alternative
2024,2024-08-16,01:48,Fri,15368,error_report,"Inbox"|galaxy,multipart/alternative
2024,2024-08-16,10:48,Fri,4788,tiaas_request,"Inbox"|galaxy,text/plain
2024,2024-08-17,01:21,Sat,14022,error_report,"Inbox"|galaxy,multipart/alternative
2024,2024-08-18,02:41,Sun,12705,error_report,"Inbox"|galaxy,multipart/alternative
2024,2024-08-18,15:35,Sun,16681,error_report,"Inbox"|galaxy,multipart/alternative
2024,2024-08-19,06:13,Mon,13806,error_report,"Inbox"|galaxy,multipart/alternative
2024,2024-08-19,06:30,Mon,16165,error_report,"Inbox"|galaxy,multipart/alternative
2024,2024-08-19,07:34,Mon,12340,error_report,"Inbox"|galaxy,multipart/alternative
2024,2024-08-19,10:58,Mon,14141,error_report,"Inbox"|galaxy,multipart/alternative
2024,2024-08-20,01:45,Tue,15859,error_report,"Inbox"|galaxy,multipart/alternative
2024,2024-08-20,02:04,Tue,16354,error_report,"Inbox"|galaxy,multipart/alternative
2024,2024-08-20,02:35,Tue,12819,error_report,"Inbox"|galaxy,multipart/alternative
2024,2024-08-20,02:41,Tue,12817,error_report,"Inbox"|galaxy,multipart/alternative
2024,2024-08-20,04:02,Tue,37864,error_report,"Inbox"|galaxy,multipart/alternative
2024,2024-08-20,05:42,Tue,12582,error_report,"Inbox"|galaxy,multipart/alternative
2024,2024-08-20,05:59,Tue,12961,error_report,"Inbox"|galaxy,multipart/alternative
2024,2024-08-20,07:27,Tue,21956,error_report,"Inbox"|galaxy,multipart/alternative
2024,2024-08-20,21:41,Tue,126153,error_report,"Inbox"|galaxy,multipart/alternative
2024,2024-08-21,08:01,Wed,140863,error_report,"Inbox"|galaxy,multipart/alternative
2024,2024-08-22,06:20,Thu,12508,error_report,"Inbox"|galaxy,multipart/alternative
2024,2024-08-22,12:09,Thu,21339,error_report,"Inbox"|galaxy,multipart/alternative
2024,2024-08-22,21:22,Thu,37828,error_report,"Inbox"|galaxy,multipart/alternative
2024,2024-08-22,21:36,Thu,37790,error_report,"Inbox"|galaxy,multipart/alternative
2024,2024-08-23,03:43,Fri,15430,error_report,"Inbox"|galaxy,multipart/alternative
2024,2024-08-24,06:42,Sat,15350,error_report,"Inbox"|galaxy,multipart/alternative
2024,2024-08-26,12:27,Mon,4778,tiaas_request,"Inbox"|galaxy,text/plain
2024,2024-08-26,06:58,Mon,104284,error_report,"Inbox"|galaxy,multipart/alternative
2024,2024-08-26,23:50,Mon,12316,error_report,"Inbox"|galaxy,multipart/alternative
2024,2024-08-27,08:26,Tue,4787,tiaas_request,"Inbox"|galaxy,text/plain
2024,2024-08-27,05:30,Tue,14988,error_report,"Inbox"|galaxy,multipart/alternative
2024,2024-08-27,05:39,Tue,18630,error_report,"Inbox"|galaxy,multipart/alternative
2024,2024-08-27,09:39,Tue,12482,error_report,"Inbox"|galaxy,multipart/alternative
2024,2024-08-27,09:40,Tue,12501,error_report,"Inbox"|galaxy,multipart/alternative
2024,2024-08-28,08:23,Wed,25885,error_report,"Inbox"|galaxy,multipart/alternative
2024,2024-08-29,10:41,Thu,104714,error_report,"Inbox"|galaxy,multipart/alternative
2024,2024-08-30,05:27,Fri,20003,error_report,"Inbox"|galaxy,multipart/alternative
2024,2024-08-30,06:12,Fri,59101,error_report,"Inbox"|galaxy,multipart/alternative
2024,2024-08-30,06:12,Fri,59091,error_report,"Inbox"|galaxy,multipart/alternative
2024,2024-08-30,06:12,Fri,59121,error_report,"Inbox"|galaxy,multipart/alternative
2024,2024-08-30,06:12,Fri,59124,error_report,"Inbox"|galaxy,multipart/alternative
2024,2024-08-30,06:12,Fri,59121,error_report,"Inbox"|galaxy,multipart/alternative
2024,2024-08-30,06:12,Fri,59121,error_report,"Inbox"|galaxy,multipart/alternative
2024,2024-08-30,06:13,Fri,59095,error_report,"Inbox"|galaxy,multipart/alternative
2024,2024-08-30,07:36,Fri,27807,error_report,"Inbox"|galaxy,multipart/alternative
2024,2024-08-30,10:42,Fri,18075,error_report,"Inbox"|galaxy,multipart/alternative
2024,2024-08-31,23:29,Sat,61416,error_report,"Inbox"|galaxy,multipart/alternative
2024,2024-09-01,03:51,Sun,16192,error_report,"Inbox"|galaxy,multipart/alternative
2024,2024-09-01,04:04,Sun,16340,error_report,"Inbox"|galaxy,multipart/alternative
2024,2024-09-01,10:44,Sun,72604,error_report,"Inbox"|galaxy,multipart/alternative
2024,2024-09-01,10:44,Sun,72587,error_report,"Inbox"|galaxy,multipart/alternative
2024,2024-09-01,10:44,Sun,72623,error_report,"Inbox"|galaxy,multipart/alternative
2024,2024-09-01,10:45,Sun,72625,error_report,"Inbox"|galaxy,multipart/alternative
2024,2024-09-01,10:45,Sun,72623,error_report,"Inbox"|galaxy,multipart/alternative
2024,2024-09-01,10:45,Sun,72623,error_report,"Inbox"|galaxy,multipart/alternative
2024,2024-09-02,12:46,Mon,4775,tiaas_request,"Inbox"|galaxy,text/plain
2024,2024-09-02,13:22,Mon,4782,tiaas_request,"Inbox"|galaxy,text/plain
2024,2024-09-02,13:24,Mon,4773,tiaas_request,"Inbox"|galaxy,text/plain
2024,2024-09-03,07:25,Tue,4772,tiaas_request,"Inbox"|galaxy,text/plain
2024,2024-09-03,12:04,Tue,12225,error_report,"Inbox"|galaxy,multipart/alternative
2024,2024-09-03,12:42,Tue,120247,error_report,"Inbox"|galaxy,multipart/alternative
2024,2024-09-03,13:02,Tue,20247,error_report,"Inbox"|galaxy,multipart/alternative
2024,2024-09-03,13:03,Tue,102895,error_report,"Inbox"|galaxy,multipart/alternative
2024,2024-09-03,21:15,Tue,21790,error_report,"Inbox"|galaxy,multipart/alternative
2024,2024-09-03,22:26,Tue,16412,error_report,"Inbox"|galaxy,multipart/alternative
2024,2024-09-03,22:37,Tue,13618,error_report,"Inbox"|galaxy,multipart/alternative
2024,2024-09-03,22:39,Tue,11744,error_report,"Inbox"|galaxy,multipart/alternative
2024,2024-09-04,01:34,Wed,21053,error_report,"Inbox"|galaxy,multipart/alternative
2024,2024-09-04,08:56,Wed,4776,tiaas_request,"Inbox"|galaxy,text/plain
2024,2024-09-04,05:38,Wed,16142,error_report,"Inbox"|galaxy,multipart/alternative
2024,2024-09-04,08:22,Wed,12340,error_report,"Inbox"|galaxy,multipart/alternative
2024,2024-09-04,08:41,Wed,21537,error_report,"Inbox"|galaxy,multipart/alternative
2024,2024-09-04,11:47,Wed,18250,error_report,"Inbox"|galaxy,multipart/alternative
2024,2024-09-04,22:22,Wed,13363,error_report,"Inbox"|galaxy,multipart/alternative
2024,2024-09-05,00:30,Thu,103837,error_report,"Inbox"|galaxy,multipart/alternative
2024,2024-09-05,06:00,Thu,11829,error_report,"Inbox"|galaxy,multipart/alternative
2024,2024-09-05,09:22,Thu,12156,error_report,"Inbox"|galaxy,multipart/alternative
2024,2024-09-05,12:04,Thu,16138,error_report,"Inbox"|galaxy,multipart/alternative
2024,2024-09-05,17:52,Thu,19647,error_report,"Inbox"|galaxy,multipart/alternative
2024,2024-09-06,03:29,Fri,14520,error_report,"Inbox"|galaxy,multipart/alternative
2024,2024-09-07,02:13,Sat,22347,error_report,"Inbox"|galaxy,multipart/alternative
2024,2024-09-07,07:11,Sat,15864,error_report,"Inbox"|galaxy,multipart/alternative
2024,2024-09-08,06:57,Sun,11435,error_report,"Inbox"|galaxy,multipart/alternative
2024,2024-09-08,14:43,Sun,27810,error_report,"Inbox"|galaxy,multipart/alternative
2024,2024-09-08,21:36,Sun,11896,error_report,"Inbox"|galaxy,multipart/alternative
2024,2024-09-08,22:38,Sun,11520,error_report,"Inbox"|galaxy,multipart/alternative
2024,2024-09-09,02:23,Mon,33117,error_report,"Inbox"|galaxy,multipart/alternative
2024,2024-09-09,07:23,Mon,104784,error_report,"Inbox"|galaxy,multipart/alternative
2024,2024-09-09,16:49,Mon,11481,error_report,"Inbox"|galaxy,multipart/alternative
2024,2024-09-09,17:32,Mon,19188,error_report,"Inbox"|galaxy,multipart/alternative
2024,2024-09-10,11:48,Tue,17117,error_report,"Inbox"|galaxy,multipart/alternative
2024,2024-09-10,15:02,Tue,16525,error_report,"Inbox"|galaxy,multipart/alternative
2024,2024-09-10,19:47,Tue,52355,error_report,"Inbox"|galaxy,multipart/alternative
2024,2024-09-10,19:57,Tue,52865,error_report,"Inbox"|galaxy,multipart/alternative
2024,2024-09-11,03:51,Wed,17196,error_report,"Inbox"|galaxy,multipart/alternative
2024,2024-09-11,03:55,Wed,83356,error_report,"Inbox"|galaxy,multipart/alternative
2024,2024-09-11,11:34,Wed,13045,error_report,"Inbox"|galaxy,multipart/alternative
2024,2024-09-11,11:34,Wed,13044,error_report,"Inbox"|galaxy,multipart/alternative
2024,2024-09-11,21:45,Wed,12520,error_report,"Inbox"|galaxy,multipart/alternative
2024,2024-09-12,04:36,Thu,21971,error_report,"Inbox"|galaxy,multipart/alternative
2024,2024-09-12,06:27,Thu,18030,error_report,"Inbox"|galaxy,multipart/alternative
2024,2024-09-12,07:58,Thu,14964,error_report,"Inbox"|galaxy,multipart/alternative
2024,2024-09-13,15:27,Fri,4774,tiaas_request,"Inbox"|galaxy,text/plain
2024,2024-09-13,22:09,Fri,13862,error_report,"Inbox"|galaxy,multipart/alternative
2024,2024-09-14,01:11,Sat,13533,error_report,"Inbox"|galaxy,multipart/alternative
2024,2024-09-14,09:09,Sat,11624,error_report,"Inbox"|galaxy,multipart/alternative
2024,2024-09-15,04:55,Sun,39069,error_report,"Inbox"|galaxy,multipart/alternative
2024,2024-09-16,02:08,Mon,12459,error_report,"Inbox"|galaxy,multipart/alternative
2024,2024-09-16,02:14,Mon,12635,error_report,"Inbox"|galaxy,multipart/alternative
2024,2024-09-16,02:14,Mon,12634,error_report,"Inbox"|galaxy,multipart/alternative
2024,2024-09-16,02:14,Mon,12631,error_report,"Inbox"|galaxy,multipart/alternative
2024,2024-09-16,02:14,Mon,12632,error_report,"Inbox"|galaxy,multipart/alternative
2024,2024-09-16,04:59,Mon,15091,error_report,"Inbox"|galaxy,multipart/alternative
2024,2024-09-16,20:39,Mon,14776,error_report,"Inbox"|galaxy,multipart/alternative
2024,2024-09-17,13:17,Tue,4777,tiaas_request,"Inbox"|galaxy,text/plain
2024,2024-09-17,13:20,Tue,14801,error_report,"Inbox"|galaxy,multipart/alternative
2024,2024-09-17,20:47,Tue,14747,error_report,"Inbox"|galaxy,multipart/alternative
2024,2024-09-18,01:57,Wed,10853,error_report,"Inbox"|galaxy,multipart/alternative
2024,2024-09-18,02:05,Wed,10880,error_report,"Inbox"|galaxy,multipart/alternative
2024,2024-09-18,04:01,Wed,16495,error_report,"Inbox"|galaxy,multipart/alternative
2024,2024-09-18,04:47,Wed,10009,error_report,"Inbox"|galaxy,multipart/alternative
2024,2024-09-18,08:04,Wed,10993,error_report,"Inbox"|galaxy,multipart/alternative
2024,2024-09-18,08:11,Wed,10996,error_report,"Inbox"|galaxy,multipart/alternative
2024,2024-09-18,09:34,Wed,14320,error_report,"Inbox"|galaxy,multipart/alternative
2024,2024-09-19,14:50,Thu,17815,error_report,"Inbox"|galaxy,multipart/alternative
2024,2024-09-20,04:33,Fri,10859,error_report,"Inbox"|galaxy,multipart/alternative
2024,2024-09-21,10:19,Sat,10330,error_report,"Inbox"|galaxy,multipart/alternative
2024,2024-09-21,10:47,Sat,10879,error_report,"Inbox"|galaxy,multipart/alternative
2024,2024-09-21,20:16,Sat,15395,error_report,"Inbox"|galaxy,multipart/alternative
2024,2024-09-22,13:30,Sun,16567,error_report,"Inbox"|galaxy,multipart/alternative
2024,2024-09-23,07:18,Mon,13799,error_report,"Inbox"|galaxy,multipart/alternative
2024,2024-09-23,07:19,Mon,12081,error_report,"Inbox"|galaxy,multipart/alternative
2024,2024-09-23,21:59,Mon,14748,error_report,"Inbox"|galaxy,multipart/alternative
2024,2024-09-23,21:59,Mon,14770,error_report,"Inbox"|galaxy,multipart/alternative
2024,2024-09-23,21:59,Mon,14768,error_report,"Inbox"|galaxy,multipart/alternative
2024,2024-09-24,00:23,Tue,20222,error_report,"Inbox"|galaxy|work|work/zierep,multipart/alternative
2024,2024-09-24,01:44,Tue,17336,error_report,"Inbox"|galaxy,multipart/alternative
2024,2024-09-24,01:51,Tue,28756,error_report,"Inbox"|galaxy,multipart/alternative
2024,2024-09-24,15:41,Tue,4779,tiaas_request,"Inbox"|galaxy,text/plain
2024,2024-09-24,22:19,Tue,17674,error_report,"Inbox"|galaxy,multipart/alternative
2024,2024-09-24,22:22,Tue,18900,error_report,"Inbox"|galaxy,multipart/alternative
2024,2024-09-24,23:38,Tue,18809,error_report,"Inbox"|galaxy,multipart/alternative
2024,2024-09-25,00:08,Wed,17702,error_report,"Inbox"|galaxy,multipart/alternative
2024,2024-09-25,05:59,Wed,19263,error_report,"Inbox"|galaxy,multipart/alternative
2024,2024-09-25,15:30,Wed,11690,error_report,"Inbox"|galaxy,multipart/alternative
2024,2024-09-26,12:59,Thu,4788,tiaas_request,"Inbox"|galaxy,text/plain
2024,2024-09-26,10:31,Thu,12980,error_report,"Inbox"|galaxy,multipart/alternative
2024,2024-09-26,20:48,Thu,16760,error_report,"Inbox"|galaxy,multipart/alternative
2024,2024-09-26,20:48,Thu,11744,error_report,"Inbox"|galaxy,multipart/alternative
2024,2024-09-27,04:41,Fri,12638,error_report,"Inbox"|galaxy,multipart/alternative
2024,2024-09-27,07:45,Fri,18058,error_report,"Inbox"|galaxy,multipart/alternative
2024,2024-09-27,10:10,Fri,11956,error_report,"Inbox"|galaxy,multipart/alternative
2024,2024-09-27,11:44,Fri,18575,error_report,"Inbox"|galaxy,multipart/alternative
2024,2024-09-27,16:21,Fri,13805,error_report,"Inbox"|galaxy,multipart/alternative
2024,2024-09-28,09:13,Sat,20123,error_report,"Inbox"|galaxy,multipart/alternative
2024,2024-09-29,04:56,Sun,11218,error_report,"Inbox"|galaxy,multipart/alternative
2024,2024-09-29,12:19,Sun,19794,error_report,"Inbox"|galaxy,multipart/alternative
2024,2024-09-29,23:35,Sun,12339,error_report,"Inbox"|galaxy,multipart/alternative
2024,2024-09-30,02:28,Mon,19078,error_report,"Inbox"|galaxy,multipart/alternative
2024,2024-09-30,03:14,Mon,93086,error_report,"Inbox"|galaxy,multipart/alternative
2024,2024-09-30,04:39,Mon,12519,error_report,"Inbox"|galaxy,multipart/alternative
2024,2024-10-01,01:23,Tue,11047,error_report,"Inbox"|galaxy,multipart/alternative
2024,2024-10-01,03:53,Tue,13754,error_report,"Inbox"|galaxy,multipart/alternative
2024,2024-10-02,08:29,Wed,11446,error_report,"Inbox"|galaxy,multipart/alternative
2024,2024-10-02,09:05,Wed,14686,error_report,"Inbox"|galaxy,multipart/alternative
2024,2024-10-02,18:32,Wed,10989,error_report,"Inbox"|galaxy,multipart/alternative
2024,2024-10-02,22:17,Wed,14085,error_report,"Inbox"|galaxy,multipart/alternative
2024,2024-10-02,22:17,Wed,14081,error_report,"Inbox"|galaxy,multipart/alternative
2024,2024-10-02,22:17,Wed,14084,error_report,"Inbox"|galaxy,multipart/alternative
2024,2024-10-04,02:03,Fri,11045,error_report,"Inbox"|galaxy,multipart/alternative
2024,2024-10-04,10:08,Fri,11184,error_report,"Inbox"|galaxy,multipart/alternative
2024,2024-10-04,12:01,Fri,36401,error_report,"Inbox"|galaxy,multipart/alternative
2024,2024-10-04,19:58,Fri,14569,error_report,"Inbox"|galaxy,multipart/alternative
2024,2024-10-05,04:52,Sat,15149,error_report,"Inbox"|galaxy,multipart/alternative
2024,2024-10-05,07:33,Sat,11248,error_report,"Inbox"|galaxy,multipart/alternative
2024,2024-10-05,15:08,Sat,9974,error_report,"Inbox"|galaxy,multipart/alternative
2024,2024-10-05,15:08,Sat,9979,error_report,"Inbox"|galaxy,multipart/alternative
2024,2024-10-06,12:00,Sun,20081,error_report,"Inbox"|galaxy,multipart/alternative
2024,2024-10-06,12:00,Sun,20082,error_report,"Inbox"|galaxy,multipart/alternative
2024,2024-10-06,23:04,Sun,15760,error_report,"Inbox"|galaxy,multipart/alternative
2024,2024-10-08,01:20,Tue,13036,error_report,"Inbox"|galaxy,multipart/alternative
2024,2024-10-08,08:23,Tue,4781,tiaas_request,"Inbox"|galaxy,text/plain
2024,2024-10-08,02:30,Tue,16187,error_report,"Inbox"|galaxy,multipart/alternative
2024,2024-10-08,06:45,Tue,18598,error_report,"Inbox"|galaxy,multipart/alternative
2024,2024-10-08,06:50,Tue,18604,error_report,"Inbox"|galaxy,multipart/alternative
2024,2024-10-08,08:39,Tue,20347,error_report,"Inbox"|galaxy,multipart/alternative
2024,2024-10-08,11:56,Tue,11889,error_report,"Inbox"|galaxy,multipart/alternative
2024,2024-10-08,13:09,Tue,11737,error_report,"Inbox"|galaxy,multipart/alternative
2024,2024-10-08,13:09,Tue,11742,error_report,"Inbox"|galaxy,multipart/alternative
2024,2024-10-08,23:22,Tue,10709,error_report,"Inbox"|galaxy,multipart/alternative
2024,2024-10-08,23:22,Tue,10706,error_report,"Inbox"|galaxy,multipart/alternative
2024,2024-10-09,03:27,Wed,12643,error_report,"Inbox"|galaxy,multipart/alternative
2024,2024-10-09,07:23,Wed,12253,error_report,"Inbox"|galaxy,multipart/alternative
2024,2024-10-09,07:23,Wed,12256,error_report,"Inbox"|galaxy,multipart/alternative
2024,2024-10-09,23:24,Wed,12280,error_report,"Inbox"|galaxy,multipart/alternative
2024,2024-10-10,00:57,Thu,22026,error_report,"Inbox"|galaxy,multipart/alternative
2024,2024-10-10,00:57,Thu,22031,error_report,"Inbox"|galaxy,multipart/alternative
2024,2024-10-10,01:28,Thu,22021,error_report,"Inbox"|galaxy,multipart/alternative
2024,2024-10-10,02:04,Thu,13548,error_report,"Inbox"|galaxy,multipart/alternative
2024,2024-10-10,02:23,Thu,22629,error_report,"Inbox"|galaxy,multipart/alternative
2024,2024-10-10,02:23,Thu,22625,error_report,"Inbox"|galaxy,multipart/alternative
2024,2024-10-10,02:23,Thu,22628,error_report,"Inbox"|galaxy,multipart/alternative
2024,2024-10-10,02:39,Thu,23449,error_report,"Inbox"|galaxy,multipart/alternative
2024,2024-10-10,05:06,Thu,22213,error_report,"Inbox"|galaxy,multipart/alternative
2024,2024-10-10,05:10,Thu,22814,error_report,"Inbox"|galaxy,multipart/alternative
2024,2024-10-10,06:33,Thu,18641,error_report,"Inbox"|galaxy,multipart/alternative
2024,2024-10-11,05:38,Fri,10686,error_report,"Inbox"|galaxy,multipart/alternative
2024,2024-10-12,04:29,Sat,12327,error_report,"Inbox"|galaxy,multipart/alternative
2024,2024-10-12,11:10,Sat,9647,error_report,"Inbox"|galaxy,multipart/alternative
2024,2024-10-12,11:35,Sat,17145,error_report,"Inbox"|galaxy,multipart/alternative
2024,2024-10-12,12:27,Sat,15564,error_report,"Inbox"|galaxy,multipart/alternative
2024,2024-10-13,00:21,Sun,18846,error_report,"Inbox"|galaxy,multipart/alternative
2024,2024-10-13,16:42,Sun,4773,tiaas_request,"Inbox"|galaxy,text/plain
2024,2024-10-13,10:17,Sun,11986,error_report,"Inbox"|galaxy,multipart/alternative
2024,2024-10-13,20:52,Sun,11981,error_report,"Inbox"|galaxy,multipart/alternative
2024,2024-10-14,08:11,Mon,4774,tiaas_request,"Inbox"|galaxy,text/plain
2024,2024-10-14,03:23,Mon,15874,error_report,"Inbox"|galaxy,multipart/alternative
2024,2024-10-14,03:56,Mon,13671,error_report,"Inbox"|galaxy,multipart/alternative
2024,2024-10-14,03:56,Mon,13672,error_report,"Inbox"|galaxy,multipart/alternative
2024,2024-10-15,03:05,Tue,10272,error_report,"Inbox"|galaxy,multipart/alternative
2024,2024-10-15,03:59,Tue,12941,error_report,"Inbox"|galaxy,multipart/alternative
2024,2024-10-15,05:57,Tue,14950,error_report,"Inbox"|galaxy,multipart/alternative
2024,2024-10-15,06:08,Tue,13394,error_report,"Inbox"|galaxy,multipart/alternative
2024,2024-10-15,08:17,Tue,16634,error_report,"Inbox"|galaxy,multipart/alternative
2024,2024-10-15,09:19,Tue,13387,error_report,"Inbox"|galaxy,multipart/alternative
2024,2024-10-15,10:18,Tue,83986,error_report,"Inbox"|galaxy,multipart/alternative
2024,2024-10-15,10:19,Tue,83989,error_report,"Inbox"|galaxy,multipart/alternative
2024,2024-10-15,13:57,Tue,23462,error_report,"Inbox"|galaxy,multipart/alternative
2024,2024-10-15,20:02,Tue,13687,error_report,"Inbox"|galaxy,multipart/alternative
2024,2024-10-16,07:42,Wed,10996,error_report,"Inbox"|galaxy,multipart/alternative
2024,2024-10-16,10:35,Wed,10418,error_report,"Inbox"|galaxy,multipart/alternative
2024,2024-10-16,10:56,Wed,13311,error_report,"Inbox"|galaxy,multipart/alternative
2024,2024-10-16,21:26,Wed,30980,error_report,"Inbox"|galaxy,multipart/alternative
2024,2024-10-16,21:27,Wed,36630,error_report,"Inbox"|galaxy,multipart/alternative
2024,2024-10-17,01:08,Thu,10790,error_report,"Inbox"|galaxy,multipart/alternative
2024,2024-10-17,01:31,Thu,10993,error_report,"Inbox"|galaxy,multipart/alternative
2024,2024-10-17,02:53,Thu,14027,error_report,"Inbox"|galaxy,multipart/alternative
2024,2024-10-17,13:05,Thu,4780,tiaas_request,"Inbox"|galaxy,text/plain
2024,2024-10-17,06:42,Thu,15317,error_report,"Inbox"|galaxy,multipart/alternative
2024,2024-10-17,17:52,Thu,14015,error_report,"Inbox"|galaxy,multipart/alternative
2024,2024-10-17,20:44,Thu,10872,error_report,"Inbox"|galaxy,multipart/alternative
2024,2024-10-18,01:03,Fri,15337,error_report,"Inbox"|galaxy,multipart/alternative
2024,2024-10-18,09:14,Fri,11326,error_report,"Inbox"|galaxy,multipart/alternative
2024,2024-10-19,02:02,Sat,13053,error_report,"Inbox"|galaxy,multipart/alternative
2024,2024-10-19,04:22,Sat,15272,error_report,"Inbox"|galaxy,multipart/alternative
2024,2024-10-19,19:58,Sat,11989,error_report,"Inbox"|galaxy,multipart/alternative
2024,2024-10-20,02:51,Sun,11987,error_report,"Inbox"|galaxy,multipart/alternative
2024,2024-10-20,03:13,Sun,12085,error_report,"Inbox"|galaxy,multipart/alternative
2024,2024-10-20,03:18,Sun,11995,error_report,"Inbox"|galaxy,multipart/alternative
2024,2024-10-20,08:09,Sun,34651,error_report,"Inbox"|galaxy,multipart/alternative
2024,2024-10-20,08:09,Sun,34649,error_report,"Inbox"|galaxy,multipart/alternative
2024,2024-10-20,13:03,Sun,12479,error_report,"Inbox"|galaxy,multipart/alternative
2024,2024-10-20,14:14,Sun,18349,error_report,"Inbox"|galaxy,multipart/alternative
2024,2024-10-20,17:59,Sun,12223,error_report,"Inbox"|galaxy,multipart/alternative
2024,2024-10-20,19:24,Sun,12754,error_report,"Inbox"|galaxy,multipart/alternative
2024,2024-10-21,00:08,Mon,25730,error_report,"Inbox"|galaxy,multipart/alternative
2024,2024-10-21,00:18,Mon,29489,error_report,"Inbox"|galaxy,multipart/alternative
2024,2024-10-21,09:35,Mon,4777,tiaas_request,"Inbox"|galaxy,text/plain
2024,2024-10-21,03:26,Mon,23339,error_report,"Inbox"|galaxy,multipart/alternative
2024,2024-10-21,04:04,Mon,13389,error_report,"Inbox"|galaxy,multipart/alternative
2024,2024-10-21,04:04,Mon,13391,error_report,"Inbox"|galaxy,multipart/alternative
2024,2024-10-21,06:28,Mon,11998,error_report,"Inbox"|galaxy,multipart/alternative
2024,2024-10-21,07:10,Mon,12100,error_report,"Inbox"|galaxy,multipart/alternative
2024,2024-10-21,07:18,Mon,12228,error_report,"Inbox"|galaxy,multipart/alternative
2024,2024-10-21,07:19,Mon,11546,error_report,"Inbox"|galaxy,multipart/alternative
2024,2024-10-21,07:27,Mon,14920,error_report,"Inbox"|galaxy,multipart/alternative
2024,2024-10-21,09:34,Mon,13095,error_report,"Inbox"|galaxy,multipart/alternative
2024,2024-10-21,09:36,Mon,13223,error_report,"Inbox"|galaxy,multipart/alternative
2024,2024-10-21,23:29,Mon,10841,error_report,"Inbox"|galaxy,multipart/alternative
2024,2024-10-22,10:31,Tue,4779,tiaas_request,"Inbox"|galaxy,text/plain
2024,2024-10-23,06:43,Wed,2163448,error_report,"Inbox"|galaxy,multipart/alternative
2024,2024-10-23,08:49,Wed,13386,error_report,"Inbox"|galaxy,multipart/alternative
2024,2024-10-23,15:11,Wed,18055,error_report,"Inbox"|galaxy,multipart/alternative
2024,2024-10-24,01:28,Thu,13418,error_report,"Inbox"|galaxy,multipart/alternative
2024,2024-10-24,02:01,Thu,12082,error_report,"Inbox"|galaxy,multipart/alternative
2024,2024-10-24,05:07,Thu,17947,error_report,"Inbox"|galaxy,multipart/alternative
2024,2024-10-24,05:51,Thu,13701,error_report,"Inbox"|galaxy,multipart/alternative
2024,2024-10-24,11:44,Thu,25725,error_report,"Inbox"|galaxy|work|work/zierep,multipart/alternative
2024,2024-10-24,23:36,Thu,10986,error_report,"Inbox"|galaxy,multipart/alternative
2024,2024-10-25,08:11,Fri,17296,error_report,"Inbox"|galaxy,multipart/alternative
2024,2024-10-25,13:06,Fri,13777,error_report,"Inbox"|galaxy,multipart/alternative
2024,2024-10-25,14:27,Fri,13672,error_report,"Inbox"|galaxy,multipart/alternative
2024,2024-10-25,19:26,Fri,19196,error_report,"Inbox"|galaxy,multipart/alternative
2024,2024-10-25,19:59,Fri,10996,error_report,"Inbox"|galaxy,multipart/alternative
2024,2024-10-25,20:00,Fri,11021,error_report,"Inbox"|galaxy,multipart/alternative
2024,2024-10-25,20:00,Fri,12109,error_report,"Inbox"|galaxy,multipart/alternative
2024,2024-10-25,20:01,Fri,13557,error_report,"Inbox"|galaxy,multipart/alternative
2024,2024-10-25,20:01,Fri,13418,error_report,"Inbox"|galaxy,multipart/alternative
2024,2024-10-25,20:01,Fri,13423,error_report,"Inbox"|galaxy,multipart/alternative
2024,2024-10-25,20:02,Fri,13600,error_report,"Inbox"|galaxy,multipart/alternative
2024,2024-10-25,23:55,Fri,13675,error_report,"Inbox"|galaxy,multipart/alternative
2024,2024-10-26,02:37,Sat,9519,error_report,"Inbox"|galaxy,multipart/alternative
2024,2024-10-26,07:18,Sat,11420,error_report,"Inbox"|galaxy,multipart/alternative
2024,2024-10-26,22:39,Sat,20999,error_report,"Inbox"|galaxy,multipart/alternative
2024,2024-10-27,07:11,Sun,10688,error_report,"Inbox"|galaxy,multipart/alternative
2024,2024-10-28,02:37,Mon,14502,error_report,"Inbox"|galaxy,multipart/alternative
2024,2024-10-28,05:30,Mon,16267,error_report,"Inbox"|galaxy,multipart/alternative
2024,2024-10-28,06:01,Mon,18046,error_report,"Inbox"|galaxy,multipart/alternative
2024,2024-10-28,08:02,Mon,12166,error_report,"Inbox"|galaxy,multipart/alternative
2024,2024-10-28,10:00,Mon,14720,error_report,"Inbox"|galaxy,multipart/alternative
2024,2024-10-30,00:07,Wed,24252,error_report,"Inbox"|galaxy,multipart/alternative
2024,2024-10-30,04:36,Wed,49876,error_report,"Inbox"|galaxy,multipart/alternative
2024,2024-10-30,07:00,Wed,49789,error_report,"Inbox"|galaxy,multipart/alternative
2024,2024-10-31,11:40,Thu,4786,tiaas_request,"Inbox"|galaxy,text/plain
2024,2024-10-31,11:43,Thu,4785,tiaas_request,"Inbox"|galaxy,text/plain
2024,2024-10-31,11:46,Thu,4782,tiaas_request,"Inbox"|galaxy,text/plain
2024,2024-10-31,06:04,Thu,13897,error_report,"Inbox"|galaxy,multipart/alternative
2024,2024-10-31,16:01,Thu,22678,error_report,"Inbox"|galaxy,multipart/alternative
2024,2024-11-01,09:13,Fri,4777,tiaas_request,"Inbox"|galaxy,text/plain
2024,2024-11-01,06:37,Fri,12785,error_report,"Inbox"|galaxy,multipart/alternative
2024,2024-11-01,07:11,Fri,85812,error_report,"Inbox"|galaxy,multipart/alternative
2024,2024-11-02,22:33,Sat,90728,error_report,"Inbox"|galaxy,multipart/alternative
2024,2024-11-03,22:22,Sun,11778,error_report,"Inbox"|galaxy,multipart/alternative
2024,2024-11-03,23:47,Sun,92371,error_report,"Inbox"|galaxy,multipart/alternative
2024,2024-11-05,03:36,Tue,13188,error_report,"Inbox"|galaxy,multipart/alternative
2024,2024-11-05,03:55,Tue,13183,error_report,"Inbox"|galaxy,multipart/alternative
2024,2024-11-05,03:56,Tue,13180,error_report,"Inbox"|galaxy,multipart/alternative
2024,2024-11-05,05:00,Tue,13182,error_report,"Inbox"|galaxy,multipart/alternative
2024,2024-11-05,05:24,Tue,13183,error_report,"Inbox"|galaxy,multipart/alternative
2024,2024-11-05,05:48,Tue,93375,error_report,"Inbox"|galaxy,multipart/alternative
2024,2024-11-05,08:01,Tue,10585,error_report,"Inbox"|galaxy,multipart/alternative
2024,2024-11-06,00:59,Wed,27469,error_report,"Inbox"|galaxy,multipart/alternative
2024,2024-11-06,04:13,Wed,47718,error_report,"Inbox"|galaxy,multipart/alternative
2024,2024-11-06,05:35,Wed,13918,error_report,"Inbox"|galaxy,multipart/alternative
2024,2024-11-06,07:33,Wed,11992,error_report,"Inbox"|galaxy,multipart/alternative
2024,2024-11-06,11:49,Wed,13890,error_report,"Inbox"|galaxy,multipart/alternative
2024,2024-11-07,02:10,Thu,11862,error_report,"Inbox"|galaxy,multipart/alternative
2024,2024-11-07,04:56,Thu,11383,error_report,"Inbox"|galaxy,multipart/alternative
2024,2024-11-07,12:20,Thu,16804,error_report,"Inbox"|galaxy,multipart/alternative
2024,2024-11-08,03:04,Fri,17363,error_report,"Inbox"|galaxy,multipart/alternative
2024,2024-11-08,05:21,Fri,26902,error_report,"Inbox"|galaxy,multipart/alternative
2024,2024-11-10,10:12,Sun,37144,error_report,"Inbox"|galaxy,multipart/alternative
2024,2024-11-11,01:37,Mon,11795,error_report,"Inbox"|galaxy,multipart/alternative
2024,2024-11-11,02:16,Mon,10306,error_report,"Inbox"|galaxy,multipart/alternative
2024,2024-11-11,04:55,Mon,16057,error_report,"Inbox"|galaxy,multipart/alternative
2024,2024-11-11,09:26,Mon,12599,error_report,"Inbox"|galaxy,multipart/alternative
2024,2024-11-11,12:01,Mon,12629,error_report,"Inbox"|galaxy,multipart/alternative
2024,2024-11-11,15:58,Mon,16164,error_report,"Inbox"|galaxy,multipart/alternative
2024,2024-11-11,23:17,Mon,84973,error_report,"Inbox"|galaxy,multipart/alternative
2024,2024-11-13,01:46,Wed,10971,error_report,"Inbox"|galaxy,multipart/alternative
2024,2024-11-13,06:34,Wed,28098,error_report,"Inbox"|galaxy,multipart/alternative
2024,2024-11-13,08:33,Wed,85742,error_report,"Inbox"|galaxy,multipart/alternative
2024,2024-11-14,23:11,Thu,20681,error_report,"Inbox"|galaxy,multipart/alternative
2024,2024-11-15,01:07,Fri,11686,error_report,"Inbox"|galaxy,multipart/alternative
2024,2024-11-15,01:56,Fri,18561,error_report,"Inbox"|galaxy,multipart/alternative
2024,2024-11-15,01:56,Fri,18594,error_report,"Inbox"|galaxy,multipart/alternative
2024,2024-11-15,01:57,Fri,18541,error_report,"Inbox"|galaxy,multipart/alternative
2024,2024-11-15,03:38,Fri,11156,error_report,"Inbox"|galaxy,multipart/alternative
2024,2024-11-15,03:39,Fri,11152,error_report,"Inbox"|galaxy,multipart/alternative
2024,2024-11-15,05:06,Fri,12322,error_report,"Inbox"|galaxy,multipart/alternative
2024,2024-11-15,05:34,Fri,13161,error_report,"Inbox"|galaxy,multipart/alternative
2024,2024-11-15,15:16,Fri,4783,tiaas_request,"Inbox"|galaxy,text/plain
2024,2024-11-15,19:29,Fri,4779,tiaas_request,"Inbox"|galaxy,text/plain
2024,2024-11-17,10:53,Sun,33332,error_report,"Inbox"|galaxy,multipart/alternative
2024,2024-11-17,12:23,Sun,24057,error_report,"Inbox"|galaxy,multipart/alternative
2024,2024-11-18,10:36,Mon,16930,error_report,"Inbox"|galaxy,multipart/alternative
2024,2024-11-19,00:11,Tue,12118,error_report,"Inbox"|galaxy,multipart/alternative
2024,2024-11-19,03:26,Tue,84482,error_report,"Inbox"|galaxy,multipart/alternative
2024,2024-11-19,05:47,Tue,10859,error_report,"Inbox"|galaxy,multipart/alternative
2024,2024-11-19,10:06,Tue,85382,error_report,"Inbox"|galaxy,multipart/alternative
2024,2024-11-19,22:15,Tue,10760,error_report,"Inbox"|galaxy,multipart/alternative
2024,2024-11-20,00:20,Wed,13408,error_report,"Inbox"|galaxy,multipart/alternative
2024,2024-11-20,00:20,Wed,14132,error_report,"Inbox"|galaxy,multipart/alternative
2024,2024-11-20,02:38,Wed,13889,error_report,"Inbox"|galaxy,multipart/alternative
2024,2024-11-20,04:20,Wed,20578,error_report,"Inbox"|galaxy,multipart/alternative
2024,2024-11-20,06:30,Wed,11166,error_report,"Inbox"|galaxy,multipart/alternative
2024,2024-11-20,15:44,Wed,21389,error_report,"Inbox"|galaxy,multipart/alternative
2024,2024-11-20,16:01,Wed,21736,error_report,"Inbox"|galaxy,multipart/alternative
2024,2024-11-21,00:09,Thu,78794,error_report,"Inbox"|galaxy,multipart/alternative
2024,2024-11-22,06:35,Fri,13646,error_report,"Inbox"|galaxy,multipart/alternative
2024,2024-11-23,02:55,Sat,14642,error_report,"Inbox"|galaxy,multipart/alternative
2024,2024-11-23,06:45,Sat,12285,error_report,"Inbox"|galaxy,multipart/alternative
2024,2024-11-23,14:11,Sat,18253,error_report,"Inbox"|galaxy,multipart/alternative
2024,2024-11-23,14:11,Sat,18272,error_report,"Inbox"|galaxy,multipart/alternative
2024,2024-11-24,18:10,Sun,4772,tiaas_request,"Inbox"|galaxy,text/plain
2024,2024-11-24,14:00,Sun,13150,error_report,"Inbox"|galaxy,multipart/alternative
2024,2024-11-25,02:10,Mon,10677,error_report,"Inbox"|galaxy|work|work/zierep,multipart/alternative
2024,2024-11-25,02:30,Mon,19951,error_report,"Inbox"|galaxy,multipart/alternative
2024,2024-11-25,04:09,Mon,91367,error_report,"Inbox"|galaxy,multipart/alternative
2024,2024-11-25,16:14,Mon,4775,tiaas_request,"Inbox"|galaxy,text/plain
2024,2024-11-25,23:24,Mon,12463,error_report,"Inbox"|galaxy,multipart/alternative
2024,2024-11-26,03:42,Tue,91838,error_report,"Inbox"|galaxy,multipart/alternative
2024,2024-11-26,07:36,Tue,14082,error_report,"Inbox"|galaxy,multipart/alternative
2024,2024-11-28,03:08,Thu,14511,error_report,"Inbox"|galaxy,multipart/alternative
2024,2024-11-28,07:31,Thu,17764,error_report,"Inbox"|galaxy,multipart/alternative
2024,2024-11-28,07:55,Thu,10415,error_report,"Inbox"|galaxy,multipart/alternative
2024,2024-11-29,04:30,Fri,14462,error_report,"Inbox"|galaxy,multipart/alternative
2024,2024-11-29,08:08,Fri,18996,error_report,"Inbox"|galaxy,multipart/alternative
2024,2024-11-29,14:48,Fri,43390,error_report,"Inbox"|galaxy,multipart/alternative
2024,2024-11-29,18:07,Fri,14871,error_report,"Inbox"|galaxy,multipart/alternative
2024,2024-11-30,11:16,Sat,11315,error_report,"Inbox"|galaxy,multipart/alternative
2024,2024-11-30,15:08,Sat,15012,error_report,"Inbox"|galaxy,multipart/alternative
2024,2024-12-02,15:39,Mon,10238,error_report,"Inbox"|galaxy,multipart/alternative
2024,2024-12-03,10:41,Tue,10313,error_report,"Inbox"|galaxy,multipart/alternative
2024,2024-12-03,11:07,Tue,10203,error_report,"Inbox"|galaxy,multipart/alternative
2024,2024-12-04,19:23,Wed,9965,error_report,"Inbox"|galaxy,multipart/alternative
2024,2024-12-05,00:54,Thu,10217,error_report,"Inbox"|galaxy,multipart/alternative
2024,2024-12-05,03:26,Thu,10353,error_report,"Inbox"|galaxy,multipart/alternative
2024,2024-12-05,08:18,Thu,11265,error_report,"Inbox"|galaxy,multipart/alternative
2024,2024-12-05,08:55,Thu,11320,error_report,"Inbox"|galaxy,multipart/alternative
2024,2024-12-06,01:27,Fri,9943,error_report,"Inbox"|galaxy,multipart/alternative
2024,2024-12-06,01:31,Fri,11329,error_report,"Inbox"|galaxy,multipart/alternative
2024,2024-12-06,03:06,Fri,10399,error_report,"Inbox"|galaxy,multipart/alternative
2024,2024-12-07,04:18,Sat,11857,error_report,"Inbox"|galaxy,multipart/alternative
2024,2024-12-07,16:22,Sat,84486,error_report,"Inbox"|galaxy,multipart/alternative
2024,2024-12-08,05:22,Sun,17913,error_report,"Inbox"|galaxy,multipart/alternative
2024,2024-12-08,07:06,Sun,12964,error_report,"Inbox"|galaxy,multipart/alternative
2024,2024-12-08,07:06,Sun,12964,error_report,"Inbox"|galaxy,multipart/alternative
2024,2024-12-08,09:46,Sun,10651,error_report,"Inbox"|galaxy,multipart/alternative
2024,2024-12-09,04:19,Mon,14188,error_report,"Inbox"|galaxy,multipart/alternative
2024,2024-12-09,21:48,Mon,11767,error_report,"Inbox"|galaxy,multipart/alternative
2024,2024-12-09,22:30,Mon,11346,error_report,"Inbox"|galaxy,multipart/alternative
2024,2024-12-10,11:02,Tue,12724,error_report,"Inbox"|galaxy,multipart/alternative
2024,2024-12-10,15:40,Tue,10728,error_report,"Inbox"|galaxy,multipart/alternative
2024,2024-12-10,15:41,Tue,10726,error_report,"Inbox"|galaxy,multipart/alternative
2024,2024-12-10,23:35,Tue,20295,error_report,"Inbox"|galaxy,multipart/alternative
2024,2024-12-11,04:52,Wed,10300,error_report,"Inbox"|galaxy,multipart/alternative
2024,2024-12-11,07:04,Wed,9945,error_report,"Inbox"|galaxy,multipart/alternative
2024,2024-12-11,15:30,Wed,4779,tiaas_request,"Inbox"|galaxy,text/plain
2024,2024-12-11,16:41,Wed,4793,tiaas_request,"Inbox"|galaxy,text/plain
2024,2024-12-12,01:06,Thu,12849,error_report,"Inbox"|galaxy,multipart/alternative
2024,2024-12-12,01:07,Thu,12124,error_report,"Inbox"|galaxy,multipart/alternative
2024,2024-12-12,06:17,Thu,18784,error_report,"Inbox"|galaxy,multipart/alternative
2024,2024-12-12,12:31,Thu,15200,error_report,"Inbox"|galaxy,multipart/alternative
2024,2024-12-16,13:52,Mon,22521,error_report,"Inbox"|galaxy,multipart/alternative
2024,2024-12-16,19:06,Mon,22507,error_report,"Inbox"|galaxy,multipart/alternative
2024,2024-12-16,23:55,Mon,12874,error_report,"Inbox"|galaxy,multipart/alternative
2024,2024-12-17,00:23,Tue,93318,error_report,"Inbox"|galaxy,multipart/alternative
2024,2024-12-17,01:18,Tue,12690,error_report,"Inbox"|galaxy,multipart/alternative
2024,2024-12-17,02:41,Tue,10002,error_report,"Inbox"|galaxy,multipart/alternative
2024,2024-12-18,01:20,Wed,9996,error_report,"Inbox"|galaxy,multipart/alternative
2024,2024-12-18,09:26,Wed,12071,error_report,"Inbox"|galaxy,multipart/alternative
2024,2024-12-19,04:02,Thu,13929,error_report,"Inbox"|galaxy,multipart/alternative
2024,2024-12-20,00:54,Fri,13522,error_report,"Inbox"|galaxy,multipart/alternative
2024,2024-12-20,01:58,Fri,10263,error_report,"Inbox"|galaxy,multipart/alternative
2024,2024-12-20,21:23,Fri,4779,tiaas_request,"Inbox"|galaxy,text/plain
2024,2024-12-21,02:02,Sat,10381,error_report,"Inbox"|galaxy,multipart/alternative
2024,2024-12-22,08:19,Sun,15792,error_report,"Inbox"|galaxy,multipart/alternative
2024,2024-12-22,08:19,Sun,15795,error_report,"Inbox"|galaxy,multipart/alternative
2024,2024-12-22,21:01,Sun,13536,error_report,"Inbox"|galaxy,multipart/alternative
2024,2024-12-22,21:01,Sun,13520,error_report,"Inbox"|galaxy,multipart/alternative
2024,2024-12-23,03:33,Mon,13532,error_report,"Inbox"|galaxy,multipart/alternative
2024,2024-12-23,08:02,Mon,13307,error_report,"Inbox"|galaxy,multipart/alternative
2024,2024-12-24,01:12,Tue,13524,error_report,"Inbox"|galaxy,multipart/alternative
2024,2024-12-24,03:46,Tue,30515,error_report,"Inbox"|galaxy,multipart/alternative
2024,2024-12-24,04:47,Tue,11187,error_report,"Inbox"|galaxy,multipart/alternative
2024,2024-12-24,22:39,Tue,11961,error_report,"Inbox"|galaxy,multipart/alternative
2024,2024-12-25,00:03,Wed,13646,error_report,"Inbox"|galaxy,multipart/alternative
2024,2024-12-27,05:33,Fri,14218,error_report,"Inbox"|galaxy,multipart/alternative
2024,2024-12-28,03:50,Sat,11572,error_report,"Inbox"|galaxy,multipart/alternative
2024,2024-12-28,06:49,Sat,9982,error_report,"Inbox"|galaxy,multipart/alternative
2024,2024-12-29,04:30,Sun,10768,error_report,"Inbox"|galaxy,multipart/alternative
2024,2024-12-29,07:16,Sun,10437,error_report,"Inbox"|galaxy,multipart/alternative
2024,2024-12-29,07:16,Sun,10417,error_report,"Inbox"|galaxy,multipart/alternative
2024,2024-12-29,21:56,Sun,11566,error_report,"Inbox"|galaxy,multipart/alternative
2024,2024-12-30,12:52,Mon,62553,error_report,"Inbox"|galaxy,multipart/alternative
2024,2024-12-31,01:20,Tue,11876,error_report,"Inbox"|galaxy,multipart/alternative
2024,2024-12-31,05:27,Tue,12595,error_report,"Inbox"|galaxy,multipart/alternative
2024,2024-12-31,08:59,Tue,10060,error_report,"Inbox"|galaxy,multipart/alternative
2024,2024-12-31,14:33,Tue,25936,error_report,"Inbox"|galaxy,multipart/alternative
2025,2024-12-31,01:20,Tue,11876,error_report,"Inbox"|galaxy,multipart/alternative
2025,2024-12-31,05:27,Tue,12595,error_report,"Inbox"|galaxy,multipart/alternative
2025,2024-12-31,08:59,Tue,10060,error_report,"Inbox"|galaxy,multipart/alternative
2025,2024-12-31,14:33,Tue,25936,error_report,"Inbox"|galaxy,multipart/alternative
2025,2025-01-01,09:07,Wed,11738,error_report,"Inbox"|galaxy,multipart/alternative
2025,2025-01-01,09:11,Wed,11741,error_report,"Inbox"|galaxy,multipart/alternative
2025,2025-01-02,01:38,Thu,11781,error_report,"Inbox"|galaxy,multipart/alternative
2025,2025-01-02,01:40,Thu,11785,error_report,"Inbox"|galaxy,multipart/alternative
2025,2025-01-02,03:07,Thu,68093,error_report,"Inbox"|galaxy,multipart/alternative
2025,2025-01-02,05:24,Thu,12271,error_report,"Inbox"|galaxy,multipart/alternative
2025,2025-01-02,09:17,Thu,12953,error_report,"Inbox"|galaxy,multipart/alternative
2025,2025-01-02,09:57,Thu,14337,error_report,"Inbox"|galaxy,multipart/alternative
2025,2025-01-02,16:55,Thu,9857,error_report,"Inbox"|galaxy,multipart/alternative
2025,2025-01-02,16:55,Thu,9857,error_report,"Inbox"|galaxy,multipart/alternative
2025,2025-01-04,04:01,Sat,15518,error_report,"Inbox"|galaxy,multipart/alternative
2025,2025-01-04,04:01,Sat,15519,error_report,"Inbox"|galaxy,multipart/alternative
2025,2025-01-04,04:01,Sat,20052,error_report,"Inbox"|galaxy,multipart/alternative
2025,2025-01-04,07:09,Sat,10496,error_report,"Inbox"|galaxy,multipart/alternative
2025,2025-01-04,08:16,Sat,30963,error_report,"Inbox"|galaxy,multipart/alternative
2025,2025-01-04,08:52,Sat,83626,error_report,"Inbox"|galaxy,multipart/alternative
2025,2025-01-04,08:53,Sat,83624,error_report,"Inbox"|galaxy,multipart/alternative
2025,2025-01-04,08:53,Sat,83625,error_report,"Inbox"|galaxy,multipart/alternative
2025,2025-01-05,04:39,Sun,13902,error_report,"Inbox"|galaxy,multipart/alternative
2025,2025-01-05,04:55,Sun,13877,error_report,"Inbox"|galaxy,multipart/alternative
2025,2025-01-06,06:58,Mon,11285,error_report,"Inbox"|galaxy,multipart/alternative
2025,2025-01-06,13:56,Mon,10772,error_report,"Inbox"|galaxy,multipart/alternative
2025,2025-01-07,20:14,Tue,12725,error_report,"Inbox"|galaxy,multipart/alternative
2025,2025-01-08,02:05,Wed,90599,error_report,"Inbox"|galaxy,multipart/alternative
2025,2025-01-08,07:43,Wed,11394,error_report,"Inbox"|galaxy,multipart/alternative
2025,2025-01-08,10:45,Wed,11542,error_report,"Inbox"|galaxy,multipart/alternative
2025,2025-01-09,01:21,Thu,14863,error_report,"Inbox"|galaxy,multipart/alternative
2025,2025-01-09,10:05,Thu,4782,tiaas_request,"Inbox"|galaxy,text/plain
2025,2025-01-09,02:20,Thu,13073,error_report,"Inbox"|galaxy,multipart/alternative
2025,2025-01-09,14:18,Thu,4787,tiaas_request,"Inbox"|galaxy,text/plain
2025,2025-01-10,08:18,Fri,13258,error_report,"Inbox"|galaxy,multipart/alternative
2025,2025-01-10,10:02,Fri,20304,error_report,"Inbox"|galaxy,multipart/alternative
2025,2025-01-10,11:23,Fri,84840,error_report,"Inbox"|galaxy,multipart/alternative
2025,2025-01-12,02:17,Sun,11716,error_report,"Inbox"|galaxy,multipart/alternative
2025,2025-01-12,04:34,Sun,12633,error_report,"Inbox"|galaxy,multipart/alternative
2025,2025-01-12,19:04,Sun,15080,error_report,"Inbox"|galaxy,multipart/alternative
2025,2025-01-12,22:32,Sun,14060,error_report,"Inbox"|galaxy,multipart/alternative
2025,2025-01-13,07:03,Mon,14736,error_report,"Inbox"|galaxy,multipart/alternative
2025,2025-01-13,15:44,Mon,13560,error_report,"Inbox"|galaxy,multipart/alternative
2025,2025-01-14,05:41,Tue,12106,error_report,"Inbox"|galaxy,multipart/alternative
2025,2025-01-14,05:43,Tue,84086,error_report,"Inbox"|galaxy,multipart/alternative
2025,2025-01-14,08:01,Tue,16226,error_report,"Inbox"|galaxy,multipart/alternative
2025,2025-01-14,08:22,Tue,13563,error_report,"Inbox"|galaxy,multipart/alternative
2025,2025-01-14,10:49,Tue,11504,error_report,"Inbox"|galaxy,multipart/alternative
2025,2025-01-14,10:49,Tue,83243,error_report,"Inbox"|galaxy,multipart/alternative
2025,2025-01-14,10:49,Tue,83248,error_report,"Inbox"|galaxy,multipart/alternative
2025,2025-01-14,11:50,Tue,15168,error_report,"Inbox"|galaxy,multipart/alternative
2025,2025-01-15,03:46,Wed,22795,error_report,"Inbox"|galaxy,multipart/alternative
2025,2025-01-15,04:31,Wed,22765,error_report,"Inbox"|galaxy,multipart/alternative
2025,2025-01-15,06:18,Wed,11554,error_report,"Inbox"|galaxy,multipart/alternative
2025,2025-01-15,07:06,Wed,11935,error_report,"Inbox"|galaxy,multipart/alternative
2025,2025-01-15,07:18,Wed,13930,error_report,"Inbox"|galaxy,multipart/alternative
2025,2025-01-15,17:42,Wed,23697,error_report,"Inbox"|galaxy,multipart/alternative
2025,2025-01-16,09:22,Thu,4782,tiaas_request,"Inbox"|galaxy,text/plain
2025,2025-01-16,02:12,Thu,11864,error_report,"Inbox"|galaxy,multipart/alternative
2025,2025-01-16,11:20,Thu,16451,error_report,"Inbox"|galaxy,multipart/alternative
2025,2025-01-16,13:33,Thu,12820,error_report,"Inbox"|galaxy,multipart/alternative
2025,2025-01-17,07:59,Fri,10338,error_report,"Inbox"|galaxy,multipart/alternative
2025,2025-01-19,14:39,Sun,23235,error_report,"Inbox"|galaxy,multipart/alternative
2025,2025-01-19,20:47,Sun,19002,error_report,"Inbox"|galaxy,multipart/alternative
2025,2025-01-20,01:31,Mon,19100,error_report,"Inbox"|galaxy,multipart/alternative
2025,2025-01-20,11:26,Mon,14350,error_report,"Inbox"|galaxy,multipart/alternative
2025,2025-01-20,21:27,Mon,10942,error_report,"Inbox"|galaxy,multipart/alternative
2025,2025-01-20,22:30,Mon,9971,error_report,"Inbox"|galaxy,multipart/alternative
2025,2025-01-21,07:07,Tue,14873,error_report,"Inbox"|galaxy,multipart/alternative
2025,2025-01-21,07:33,Tue,10075,error_report,"Inbox"|galaxy,multipart/alternative
2025,2025-01-21,17:57,Tue,82829,error_report,"Inbox"|galaxy,multipart/alternative
2025,2025-01-22,09:18,Wed,46466,error_report,"Inbox"|galaxy,multipart/alternative
2025,2025-01-22,14:50,Wed,11659,error_report,"Inbox"|galaxy,multipart/alternative
2025,2025-01-22,23:56,Wed,11581,error_report,"Inbox"|galaxy,multipart/alternative
2025,2025-01-24,03:14,Fri,37661,error_report,"Inbox"|galaxy,multipart/alternative
2025,2025-01-24,03:22,Fri,12401,error_report,"Inbox"|galaxy,multipart/alternative
2025,2025-01-24,14:34,Fri,12975,error_report,"Inbox"|galaxy,multipart/alternative
2025,2025-01-24,22:27,Fri,23930,error_report,"Inbox"|galaxy,multipart/alternative
2025,2025-01-25,12:21,Sat,12156,error_report,"Inbox"|galaxy,multipart/alternative
2025,2025-01-25,12:36,Sat,10542,error_report,"Inbox"|galaxy,multipart/alternative
2025,2025-01-25,13:54,Sat,11929,error_report,"Inbox"|galaxy,multipart/alternative
2025,2025-01-25,16:41,Sat,79964,error_report,"Inbox"|galaxy,multipart/alternative
2025,2025-01-25,22:06,Sat,26684,error_report,"Inbox"|galaxy,multipart/alternative
2025,2025-01-27,15:04,Mon,4784,tiaas_request,"Inbox"|galaxy,text/plain
2025,2025-01-27,10:41,Mon,11821,error_report,"Inbox"|galaxy,multipart/alternative
2025,2025-01-27,13:22,Mon,36488,error_report,"Inbox"|galaxy,multipart/alternative
2025,2025-01-27,22:08,Mon,12134,error_report,"Inbox"|galaxy,multipart/alternative
2025,2025-01-28,01:13,Tue,18525,error_report,"Inbox"|galaxy,multipart/alternative
2025,2025-01-28,03:53,Tue,81357,error_report,"Inbox"|galaxy,multipart/alternative
2025,2025-01-28,13:57,Tue,12861,error_report,"Inbox"|galaxy,multipart/alternative
2025,2025-01-28,13:57,Tue,12857,error_report,"Inbox"|galaxy,multipart/alternative
2025,2025-01-28,23:24,Tue,19911,error_report,"Inbox"|galaxy,multipart/alternative
2025,2025-01-29,01:16,Wed,10796,error_report,"Inbox"|galaxy,multipart/alternative
2025,2025-01-29,01:16,Wed,10799,error_report,"Inbox"|galaxy,multipart/alternative
2025,2025-01-29,01:16,Wed,10794,error_report,"Inbox"|galaxy,multipart/alternative
2025,2025-01-29,04:55,Wed,21530,error_report,"Inbox"|galaxy,multipart/alternative
2025,2025-01-29,05:09,Wed,12938,error_report,"Inbox"|galaxy,multipart/alternative
2025,2025-01-29,07:43,Wed,11544,error_report,"Inbox"|galaxy,multipart/alternative
2025,2025-01-29,10:02,Wed,18348,error_report,"Inbox"|galaxy,multipart/alternative
2025,2025-01-29,13:47,Wed,11454,error_report,"Inbox"|galaxy,multipart/alternative
2025,2025-01-29,22:35,Wed,17476,error_report,"Inbox"|galaxy,multipart/alternative
2025,2025-01-30,11:20,Thu,4774,tiaas_request,"Inbox"|galaxy,text/plain
2025,2025-01-30,11:25,Thu,4771,tiaas_request,"Inbox"|galaxy,text/plain
2025,2025-01-30,06:20,Thu,17770,error_report,"Inbox"|galaxy,multipart/alternative
2025,2025-01-30,06:50,Thu,10489,error_report,"Inbox"|galaxy,multipart/alternative
2025,2025-01-30,06:50,Thu,10485,error_report,"Inbox"|galaxy,multipart/alternative
2025,2025-01-30,06:50,Thu,10477,error_report,"Inbox"|galaxy,multipart/alternative
2025,2025-01-30,06:50,Thu,10486,error_report,"Inbox"|galaxy,multipart/alternative
2025,2025-01-30,07:57,Thu,13644,error_report,"Inbox"|galaxy,multipart/alternative
2025,2025-01-31,02:23,Fri,21439,error_report,"Inbox"|galaxy,multipart/alternative
2025,2025-01-31,02:59,Fri,11487,error_report,"Inbox"|galaxy,multipart/alternative
2025,2025-01-31,06:39,Fri,11572,error_report,"Inbox"|galaxy,multipart/alternative
2025,2025-01-31,10:44,Fri,17658,error_report,"Inbox"|galaxy,multipart/alternative
2025,2025-01-31,15:28,Fri,22491,error_report,"Inbox"|galaxy,multipart/alternative
2025,2025-01-31,15:28,Fri,22491,error_report,"Inbox"|galaxy,multipart/alternative
2025,2025-01-31,17:21,Fri,10865,error_report,"Inbox"|galaxy,multipart/alternative
2025,2025-01-31,23:31,Fri,9562,error_report,"Inbox"|galaxy,multipart/alternative
2025,2025-02-01,13:15,Sat,10884,error_report,"Inbox"|galaxy,multipart/alternative
2025,2025-02-01,13:15,Sat,10853,error_report,"Inbox"|galaxy,multipart/alternative
2025,2025-02-02,07:11,Sun,12345,error_report,"Inbox"|galaxy,multipart/alternative
2025,2025-02-02,09:49,Sun,10966,error_report,"Inbox"|galaxy,multipart/alternative
2025,2025-02-03,07:47,Mon,15087,error_report,"Inbox"|galaxy,multipart/alternative
2025,2025-02-03,23:30,Mon,9760,error_report,"Inbox"|galaxy,multipart/alternative
2025,2025-02-05,01:03,Wed,82793,error_report,"Inbox"|galaxy,multipart/alternative
2025,2025-02-05,06:08,Wed,10778,error_report,"Inbox"|galaxy,multipart/alternative
2025,2025-02-05,10:08,Wed,79940,error_report,"Inbox"|galaxy,multipart/alternative
2025,2025-02-05,10:08,Wed,79938,error_report,"Inbox"|galaxy,multipart/alternative
2025,2025-02-05,10:08,Wed,79941,error_report,"Inbox"|galaxy,multipart/alternative
2025,2025-02-06,00:33,Thu,16166,error_report,"Inbox"|galaxy,multipart/alternative
2025,2025-02-06,06:49,Thu,22579,error_report,"Inbox"|galaxy,multipart/alternative
2025,2025-02-06,22:32,Thu,13961,error_report,"Inbox"|galaxy,multipart/alternative
2025,2025-02-07,07:12,Fri,4781,tiaas_request,"Inbox"|galaxy,text/plain
2025,2025-02-07,02:42,Fri,12216,error_report,"Inbox"|galaxy,multipart/alternative
2025,2025-02-08,11:05,Sat,146205,error_report,"Inbox"|galaxy,multipart/alternative
2025,2025-02-09,01:14,Sun,12086,error_report,"Inbox"|galaxy,multipart/alternative
2025,2025-02-09,20:27,Sun,10945,error_report,"Inbox"|galaxy,multipart/alternative
2025,2025-02-10,06:24,Mon,13739,error_report,"Inbox"|galaxy,multipart/alternative
2025,2025-02-10,06:55,Mon,19420,error_report,"Inbox"|galaxy,multipart/alternative
2025,2025-02-10,10:56,Mon,10592,error_report,"Inbox"|galaxy,multipart/alternative
2025,2025-02-10,15:42,Mon,11158,error_report,"Inbox"|galaxy,multipart/alternative
2025,2025-02-10,22:32,Mon,13203,error_report,"Inbox"|galaxy,multipart/alternative
2025,2025-02-11,07:30,Tue,17070,error_report,"Inbox"|galaxy,multipart/alternative
2025,2025-02-11,13:20,Tue,11992,error_report,"Inbox"|galaxy,multipart/alternative
2025,2025-02-12,09:14,Wed,18833,error_report,"Inbox"|galaxy,multipart/alternative
2025,2025-02-12,09:53,Wed,9703,error_report,"Inbox"|galaxy,multipart/alternative
2025,2025-02-13,04:01,Thu,12825,error_report,"Inbox"|galaxy,multipart/alternative
2025,2025-02-13,04:33,Thu,12844,error_report,"Inbox"|galaxy,multipart/alternative
2025,2025-02-13,04:44,Thu,18284,error_report,"Inbox"|galaxy,multipart/alternative
2025,2025-02-13,07:12,Thu,10266,error_report,"Inbox"|galaxy,multipart/alternative
2025,2025-02-13,07:55,Thu,13344,error_report,"Inbox"|galaxy,multipart/alternative
2025,2025-02-13,21:09,Thu,11149,error_report,"Inbox"|galaxy,multipart/alternative
2025,2025-02-13,23:12,Thu,122261,error_report,"Inbox"|galaxy,multipart/alternative
2025,2025-02-14,10:09,Fri,12705,error_report,"Inbox"|galaxy,multipart/alternative
2025,2025-02-15,05:47,Sat,21169,error_report,"Inbox"|galaxy,multipart/alternative
2025,2025-02-16,15:33,Sun,10546,error_report,"Inbox"|galaxy,multipart/alternative
2025,2025-02-16,20:56,Sun,17531,error_report,"Inbox"|galaxy,multipart/alternative
2025,2025-02-17,06:39,Mon,10863,error_report,"Inbox"|galaxy,multipart/alternative
2025,2025-02-17,19:27,Mon,27590,error_report,"Inbox"|galaxy,multipart/alternative
2025,2025-02-18,04:33,Tue,34113,error_report,"Inbox"|galaxy,multipart/alternative
2025,2025-02-18,15:06,Tue,15754,error_report,"Inbox"|galaxy,multipart/alternative
2025,2025-02-18,16:33,Tue,14093,error_report,"Inbox"|galaxy,multipart/alternative
2025,2025-02-18,19:05,Tue,9593,error_report,"Inbox"|galaxy,multipart/alternative
2025,2025-02-18,19:06,Tue,9796,error_report,"Inbox"|galaxy,multipart/alternative
2025,2025-02-19,00:56,Wed,10822,error_report,"Inbox"|galaxy,multipart/alternative
2025,2025-02-19,11:28,Wed,4789,tiaas_request,"Inbox"|galaxy,text/plain
2025,2025-02-19,04:56,Wed,12742,error_report,"Inbox"|galaxy,multipart/alternative
2025,2025-02-19,06:11,Wed,11461,error_report,"Inbox"|galaxy,multipart/alternative
2025,2025-02-19,06:19,Wed,13642,error_report,"Inbox"|galaxy,multipart/alternative
2025,2025-02-19,07:03,Wed,14818,error_report,"Inbox"|galaxy,multipart/alternative
2025,2025-02-19,19:39,Wed,21580,error_report,"Inbox"|galaxy,multipart/alternative
2025,2025-02-20,00:12,Thu,21839,error_report,"Inbox"|galaxy,multipart/alternative
2025,2025-02-20,03:14,Thu,9702,error_report,"Inbox"|galaxy,multipart/alternative
2025,2025-02-20,11:29,Thu,4784,tiaas_request,"Inbox"|galaxy,text/plain
2025,2025-02-21,00:45,Fri,13545,error_report,"Inbox"|galaxy,multipart/alternative
2025,2025-02-21,02:58,Fri,11214,error_report,"Inbox"|galaxy,multipart/alternative
2025,2025-02-21,15:39,Fri,13078,error_report,"Inbox"|galaxy,multipart/alternative
2025,2025-02-21,19:49,Fri,9892,error_report,"Inbox"|galaxy,multipart/alternative
2025,2025-02-22,07:22,Sat,13388,error_report,"Inbox"|galaxy,multipart/alternative
2025,2025-02-23,07:34,Sun,16193,error_report,"Inbox"|galaxy,multipart/alternative
2025,2025-02-23,11:58,Sun,37949,error_report,"Inbox"|galaxy,multipart/alternative
2025,2025-02-24,00:33,Mon,15935,error_report,"Inbox"|galaxy,multipart/alternative
2025,2025-02-24,01:56,Mon,9955,error_report,"Inbox"|galaxy,multipart/alternative
2025,2025-02-24,11:26,Mon,4788,tiaas_request,"Inbox"|galaxy,text/plain
2025,2025-02-24,03:50,Mon,15679,error_report,"Inbox"|galaxy,multipart/alternative
2025,2025-02-24,09:42,Mon,15682,error_report,"Inbox"|galaxy,multipart/alternative
2025,2025-02-24,12:10,Mon,22053,error_report,"Inbox"|galaxy,multipart/alternative
2025,2025-02-24,15:52,Mon,9887,error_report,"Inbox"|galaxy,multipart/alternative
2025,2025-02-24,19:11,Mon,10991,error_report,"Inbox"|galaxy,multipart/alternative
2025,2025-02-25,02:34,Tue,11886,error_report,"Inbox"|galaxy,multipart/alternative
2025,2025-02-25,03:06,Tue,14531,error_report,"Inbox"|galaxy,multipart/alternative
2025,2025-02-26,05:52,Wed,18848,error_report,"Inbox"|galaxy,multipart/alternative
2025,2025-02-26,10:01,Wed,13668,error_report,"Inbox"|galaxy,multipart/alternative
2025,2025-02-26,10:59,Wed,23916,error_report,"Inbox"|galaxy,multipart/alternative
2025,2025-02-27,08:10,Thu,10479,error_report,"Inbox"|galaxy,multipart/alternative
2025,2025-02-27,08:19,Thu,10976,error_report,"Inbox"|galaxy,multipart/alternative
2025,2025-02-28,03:53,Fri,80332,error_report,"Inbox"|galaxy,multipart/alternative
2025,2025-02-28,05:27,Fri,13360,error_report,"Inbox"|galaxy,multipart/alternative
2025,2025-02-28,05:35,Fri,14466,error_report,"Inbox"|galaxy,multipart/alternative
2025,2025-03-01,09:25,Sat,36425,error_report,"Inbox"|galaxy,multipart/alternative
2025,2025-03-01,14:17,Sat,31555,error_report,"Inbox"|galaxy,multipart/alternative
2025,2025-03-01,21:16,Sat,9960,error_report,"Inbox"|galaxy,multipart/alternative
2025,2025-03-02,07:40,Sun,10850,error_report,"Inbox"|galaxy,multipart/alternative
2025,2025-03-02,07:47,Sun,10707,error_report,"Inbox"|galaxy,multipart/alternative
2025,2025-03-02,08:45,Sun,13226,error_report,"Inbox"|galaxy,multipart/alternative
2025,2025-03-02,13:59,Sun,17384,error_report,"Inbox"|galaxy,multipart/alternative
2025,2025-03-02,19:08,Sun,11156,error_report,"Inbox"|galaxy,multipart/alternative
2025,2025-03-02,21:36,Sun,13230,error_report,"Inbox"|galaxy,multipart/alternative
2025,2025-03-03,08:43,Mon,4786,tiaas_request,"Inbox"|galaxy,text/plain
2025,2025-03-03,03:37,Mon,17584,error_report,"Inbox"|galaxy,multipart/alternative
2025,2025-03-03,04:05,Mon,17513,error_report,"Inbox"|galaxy,multipart/alternative
2025,2025-03-03,04:05,Mon,18742,error_report,"Inbox"|galaxy,multipart/alternative
2025,2025-03-03,18:02,Mon,16030,error_report,"Inbox"|galaxy,multipart/alternative
2025,2025-03-03,23:29,Mon,12458,error_report,"Inbox"|galaxy,multipart/alternative
2025,2025-03-03,23:52,Mon,12934,error_report,"Inbox"|galaxy,multipart/alternative
2025,2025-03-04,02:48,Tue,11145,error_report,"Inbox"|galaxy,multipart/alternative
2025,2025-03-04,20:47,Tue,4774,tiaas_request,"Inbox"|galaxy,text/plain
2025,2025-03-05,02:35,Wed,10883,error_report,"Inbox"|galaxy,multipart/alternative
2025,2025-03-05,02:35,Wed,10886,error_report,"Inbox"|galaxy,multipart/alternative
2025,2025-03-05,07:58,Wed,10746,error_report,"Inbox"|galaxy,multipart/alternative
2025,2025-03-05,10:43,Wed,16907,error_report,"Inbox"|galaxy,multipart/alternative
2025,2025-03-06,03:13,Thu,36460,error_report,"Inbox"|galaxy,multipart/alternative
2025,2025-03-06,03:14,Thu,49167,error_report,"Inbox"|galaxy,multipart/alternative
2025,2025-03-06,14:35,Thu,4784,tiaas_request,"Inbox"|galaxy,text/plain
2025,2025-03-06,06:46,Thu,15689,error_report,"Inbox"|galaxy,multipart/alternative
2025,2025-03-07,00:03,Fri,10602,error_report,"Inbox"|galaxy,multipart/alternative
2025,2025-03-07,04:20,Fri,13345,error_report,"Inbox"|galaxy,multipart/alternative
2025,2025-03-07,16:19,Fri,4788,tiaas_request,"Inbox"|galaxy,text/plain
2025,2025-03-09,04:45,Sun,11595,error_report,"Inbox"|galaxy,multipart/alternative
2025,2025-03-09,13:30,Sun,16853,error_report,"Inbox"|galaxy,multipart/alternative
2025,2025-03-09,19:00,Sun,11291,error_report,"Inbox"|galaxy,multipart/alternative
2025,2025-03-10,00:20,Mon,15583,error_report,"Inbox"|galaxy,multipart/alternative
2025,2025-03-10,04:37,Mon,10832,error_report,"Inbox"|galaxy,multipart/alternative
2025,2025-03-10,04:38,Mon,12987,error_report,"Inbox"|galaxy,multipart/alternative
2025,2025-03-10,05:00,Mon,11118,error_report,"Inbox"|galaxy,multipart/alternative
2025,2025-03-10,05:15,Mon,11118,error_report,"Inbox"|galaxy,multipart/alternative
2025,2025-03-10,06:59,Mon,11119,error_report,"Inbox"|galaxy,multipart/alternative
2025,2025-03-10,09:02,Mon,29835,error_report,"Inbox"|galaxy,multipart/alternative
2025,2025-03-10,10:02,Mon,11720,error_report,"Inbox"|galaxy,multipart/alternative
2025,2025-03-10,12:19,Mon,11682,error_report,"Inbox"|galaxy,multipart/alternative
2025,2025-03-10,23:47,Mon,13597,error_report,"Inbox"|galaxy,multipart/alternative
2025,2025-03-11,01:19,Tue,15378,error_report,"Inbox"|galaxy,multipart/alternative
2025,2025-03-11,02:41,Tue,11469,error_report,"Inbox"|galaxy,multipart/alternative
2025,2025-03-11,03:29,Tue,15664,error_report,"Inbox"|galaxy,multipart/alternative
2025,2025-03-11,03:30,Tue,14751,error_report,"Inbox"|galaxy,multipart/alternative
2025,2025-03-11,15:58,Tue,4785,tiaas_request,"Inbox"|galaxy,text/plain
2025,2025-03-11,15:58,Tue,4788,tiaas_request,"Inbox"|galaxy,text/plain
2025,2025-03-11,11:09,Tue,12818,error_report,"Inbox"|galaxy,multipart/alternative
2025,2025-03-11,20:43,Tue,85998,error_report,"Inbox"|galaxy,multipart/alternative
2025,2025-03-12,04:12,Wed,4779,tiaas_request,"Inbox"|galaxy,text/plain
2025,2025-03-12,01:19,Wed,17131,error_report,"Inbox"|galaxy,multipart/alternative
2025,2025-03-12,06:22,Wed,16440,error_report,"Inbox"|galaxy,multipart/alternative
2025,2025-03-12,06:28,Wed,16077,error_report,"Inbox"|galaxy,multipart/alternative
2025,2025-03-12,07:13,Wed,19506,error_report,"Inbox"|galaxy,multipart/alternative
2025,2025-03-12,08:53,Wed,16458,error_report,"Inbox"|galaxy,multipart/alternative
2025,2025-03-12,10:11,Wed,16159,error_report,"Inbox"|galaxy,multipart/alternative
2025,2025-03-13,02:34,Thu,11882,error_report,"Inbox"|galaxy,multipart/alternative
2025,2025-03-13,11:14,Thu,4780,tiaas_request,"Inbox"|galaxy,text/plain
2025,2025-03-13,04:54,Thu,9651,error_report,"Inbox"|galaxy,multipart/alternative
2025,2025-03-13,11:57,Thu,11572,error_report,"Inbox"|galaxy,multipart/alternative
2025,2025-03-13,23:07,Thu,21395,error_report,"Inbox"|galaxy,multipart/alternative
2025,2025-03-14,03:03,Fri,20460,error_report,"Inbox"|galaxy,multipart/alternative
2025,2025-03-14,04:15,Fri,11291,error_report,"Inbox"|galaxy,multipart/alternative
2025,2025-03-14,04:28,Fri,13635,error_report,"Inbox"|galaxy,multipart/alternative
2025,2025-03-14,05:06,Fri,10722,error_report,"Inbox"|galaxy,multipart/alternative
2025,2025-03-14,05:36,Fri,19454,error_report,"Inbox"|galaxy,multipart/alternative
2025,2025-03-15,07:12,Sat,4767,tiaas_request,"Inbox"|galaxy,text/plain
2025,2025-03-15,06:51,Sat,10252,error_report,"Inbox"|galaxy,multipart/alternative
2025,2025-03-15,06:51,Sat,10244,error_report,"Inbox"|galaxy,multipart/alternative
2025,2025-03-16,05:08,Sun,14034,error_report,"Inbox"|galaxy,multipart/alternative
2025,2025-03-16,08:55,Sun,11150,error_report,"Inbox"|galaxy,multipart/alternative
2025,2025-03-16,23:04,Sun,16737,error_report,"Inbox"|galaxy,multipart/alternative
2025,2025-03-17,03:04,Mon,12118,error_report,"Inbox"|galaxy,multipart/alternative
2025,2025-03-17,10:45,Mon,10250,error_report,"Inbox"|galaxy,multipart/alternative
2025,2025-03-17,10:45,Mon,10249,error_report,"Inbox"|galaxy,multipart/alternative
2025,2025-03-17,15:12,Mon,10713,error_report,"Inbox"|galaxy,multipart/alternative
2025,2025-03-18,02:33,Tue,10251,error_report,"Inbox"|galaxy,multipart/alternative
2025,2025-03-18,05:19,Tue,10630,error_report,"Inbox"|galaxy,multipart/alternative
2025,2025-03-18,06:07,Tue,12019,error_report,"Inbox"|galaxy,multipart/alternative
2025,2025-03-18,07:28,Tue,32745,error_report,"Inbox"|galaxy,multipart/alternative
2025,2025-03-18,19:16,Tue,11394,error_report,"Inbox"|galaxy,multipart/alternative
2025,2025-03-18,20:08,Tue,16736,error_report,"Inbox"|galaxy,multipart/alternative
2025,2025-03-19,02:00,Wed,10491,error_report,"Inbox"|galaxy,multipart/alternative
2025,2025-03-19,02:01,Wed,10501,error_report,"Inbox"|galaxy,multipart/alternative
2025,2025-03-19,02:27,Wed,13397,error_report,"Inbox"|galaxy,multipart/alternative
2025,2025-03-19,02:27,Wed,13394,error_report,"Inbox"|galaxy,multipart/alternative
2025,2025-03-19,02:27,Wed,13394,error_report,"Inbox"|galaxy,multipart/alternative
2025,2025-03-19,11:25,Wed,12407,error_report,"Inbox"|galaxy,multipart/alternative
2025,2025-03-19,13:18,Wed,11583,error_report,"Inbox"|galaxy,multipart/alternative
2025,2025-03-20,02:23,Thu,12452,error_report,"Inbox"|galaxy,multipart/alternative
2025,2025-03-20,04:56,Thu,42097,error_report,"Inbox"|galaxy,multipart/alternative
2025,2025-03-20,04:57,Thu,42102,error_report,"Inbox"|galaxy,multipart/alternative
2025,2025-03-20,04:57,Thu,42041,error_report,"Inbox"|galaxy,multipart/alternative
2025,2025-03-20,04:57,Thu,42043,error_report,"Inbox"|galaxy,multipart/alternative
2025,2025-03-20,05:32,Thu,9426,error_report,"Inbox"|galaxy,multipart/alternative
2025,2025-03-20,06:09,Thu,72417,error_report,"Inbox"|galaxy,multipart/alternative
2025,2025-03-20,06:09,Thu,72413,error_report,"Inbox"|galaxy,multipart/alternative
2025,2025-03-20,06:56,Thu,16065,error_report,"Inbox"|galaxy,multipart/alternative
2025,2025-03-20,07:46,Thu,20973,error_report,"Inbox"|galaxy,multipart/alternative
2025,2025-03-20,07:46,Thu,20975,error_report,"Inbox"|galaxy,multipart/alternative
2025,2025-03-20,09:54,Thu,13668,error_report,"Inbox"|galaxy,multipart/alternative
2025,2025-03-21,02:21,Fri,11144,error_report,"Inbox"|galaxy,multipart/alternative
2025,2025-03-21,07:45,Fri,11514,error_report,"Inbox"|galaxy,multipart/alternative
2025,2025-03-21,11:24,Fri,12865,error_report,"Inbox"|galaxy,multipart/alternative
2025,2025-03-21,12:12,Fri,11031,error_report,"Inbox"|galaxy,multipart/alternative
2025,2025-03-22,15:36,Sat,12988,error_report,"Inbox"|galaxy,multipart/alternative
2025,2025-03-22,15:40,Sat,13143,error_report,"Inbox"|galaxy,multipart/alternative
2025,2025-03-22,17:25,Sat,10814,error_report,"Inbox"|galaxy,multipart/alternative
2025,2025-03-23,06:59,Sun,13462,error_report,"Inbox"|galaxy,multipart/alternative
2025,2025-03-24,09:02,Mon,4780,tiaas_request,"Inbox"|galaxy,text/plain
2025,2025-03-24,02:23,Mon,13085,error_report,"Inbox"|galaxy,multipart/alternative
2025,2025-03-24,03:10,Mon,13787,error_report,"Inbox"|galaxy,multipart/alternative
2025,2025-03-24,10:08,Mon,18409,error_report,"Inbox"|galaxy,multipart/alternative
2025,2025-03-24,12:37,Mon,78993,error_report,"Inbox"|galaxy,multipart/alternative
2025,2025-03-24,23:08,Mon,10363,error_report,"Inbox"|galaxy,multipart/alternative
2025,2025-03-25,00:17,Tue,30761,error_report,"Inbox"|galaxy,multipart/alternative
2025,2025-03-25,16:40,Tue,4781,tiaas_request,"Inbox"|galaxy,text/plain
2025,2025-03-25,14:40,Tue,14449,error_report,"Inbox"|galaxy,multipart/alternative
2025,2025-03-25,14:49,Tue,16795,error_report,"Inbox"|galaxy,multipart/alternative
2025,2025-03-25,21:41,Tue,21780,error_report,"Inbox"|galaxy,multipart/alternative
2025,2025-03-25,22:33,Tue,13184,error_report,"Inbox"|galaxy,multipart/alternative
2025,2025-03-26,00:57,Wed,12333,error_report,"Inbox"|galaxy,multipart/alternative
2025,2025-03-26,02:23,Wed,30666,error_report,"Inbox"|galaxy,multipart/alternative
2025,2025-03-26,02:28,Wed,13876,error_report,"Inbox"|galaxy,multipart/alternative
2025,2025-03-26,04:29,Wed,88168,error_report,"Inbox"|galaxy,multipart/alternative
2025,2025-03-26,04:45,Wed,10695,error_report,"Inbox"|galaxy,multipart/alternative
2025,2025-03-26,08:08,Wed,11097,error_report,"Inbox"|galaxy,multipart/alternative
2025,2025-03-26,08:58,Wed,80348,error_report,"Inbox"|galaxy,multipart/alternative
2025,2025-03-26,16:23,Wed,9559,error_report,"Inbox"|galaxy,multipart/alternative
2025,2025-03-26,20:17,Wed,79119,error_report,"Inbox"|galaxy,multipart/alternative
2025,2025-03-26,23:14,Wed,13137,error_report,"Inbox"|galaxy,multipart/alternative
2025,2025-03-26,23:54,Wed,10254,error_report,"Inbox"|galaxy,multipart/alternative
2025,2025-03-27,00:43,Thu,65406,error_report,"Inbox"|galaxy,multipart/alternative
2025,2025-03-27,12:30,Thu,4780,tiaas_request,"Inbox"|galaxy,text/plain
2025,2025-03-27,07:37,Thu,9978,error_report,"Inbox"|galaxy,multipart/alternative
2025,2025-03-27,07:45,Thu,9949,error_report,"Inbox"|galaxy,multipart/alternative
2025,2025-03-27,07:52,Thu,9960,error_report,"Inbox"|galaxy,multipart/alternative
2025,2025-03-27,08:11,Thu,9999,error_report,"Inbox"|galaxy,multipart/alternative
2025,2025-03-27,08:15,Thu,9976,error_report,"Inbox"|galaxy,multipart/alternative
2025,2025-03-27,08:33,Thu,10253,error_report,"Inbox"|galaxy,multipart/alternative
2025,2025-03-27,08:36,Thu,14398,error_report,"Inbox"|galaxy,multipart/alternative
2025,2025-03-27,08:38,Thu,10915,error_report,"Inbox"|galaxy,multipart/alternative
2025,2025-03-27,08:38,Thu,10002,error_report,"Inbox"|galaxy,multipart/alternative
2025,2025-03-27,08:50,Thu,10818,error_report,"Inbox"|galaxy,multipart/alternative
2025,2025-03-27,10:12,Thu,20374,error_report,"Inbox"|galaxy,multipart/alternative
2025,2025-03-27,11:48,Thu,13446,error_report,"Inbox"|galaxy,multipart/alternative
2025,2025-03-27,18:11,Thu,12934,error_report,"Inbox"|galaxy,multipart/alternative
2025,2025-03-27,18:22,Thu,137894,error_report,"Inbox"|galaxy,multipart/alternative
2025,2025-03-28,04:44,Fri,11317,error_report,"Inbox"|galaxy,multipart/alternative
2025,2025-03-28,10:37,Fri,11165,error_report,"Inbox"|galaxy,multipart/alternative
2025,2025-03-29,00:53,Sat,12956,error_report,"Inbox"|galaxy,multipart/alternative
2025,2025-03-29,12:48,Sat,14838,error_report,"Inbox"|galaxy,multipart/alternative
2025,2025-03-29,23:15,Sat,19833,error_report,"Inbox"|galaxy,multipart/alternative
2025,2025-03-30,03:17,Sun,14552,error_report,"Inbox"|galaxy,multipart/alternative
2025,2025-03-30,09:58,Sun,13016,error_report,"Inbox"|galaxy,multipart/alternative
2025,2025-03-31,08:09,Mon,9977,error_report,"Inbox"|galaxy,multipart/alternative
2025,2025-03-31,20:27,Mon,22049,error_report,"Inbox"|galaxy,multipart/alternative
2025,2025-04-01,04:40,Tue,5147,other,"Inbox",text/plain
2025,2025-04-01,08:10,Tue,16177,error_report,"Inbox"|galaxy,multipart/alternative
2025,2025-04-01,17:33,Tue,4787,tiaas_request,"Inbox"|galaxy,text/plain
2025,2025-04-02,06:47,Wed,18567,error_report,"Inbox"|galaxy,multipart/alternative
2025,2025-04-02,07:34,Wed,11843,error_report,"Inbox"|galaxy,multipart/alternative
2025,2025-04-02,11:19,Wed,9521,error_report,"Inbox"|galaxy,multipart/alternative
2025,2025-04-02,13:35,Wed,13322,error_report,"Inbox"|galaxy,multipart/alternative
2025,2025-04-03,01:29,Thu,14975,error_report,"Inbox"|galaxy,multipart/alternative
2025,2025-04-03,01:29,Thu,14999,error_report,"Inbox"|galaxy,multipart/alternative
2025,2025-04-03,07:41,Thu,9631,error_report,"Inbox"|galaxy,multipart/alternative
2025,2025-04-03,08:16,Thu,18760,error_report,"Inbox"|galaxy,multipart/alternative
2025,2025-04-03,08:43,Thu,10903,error_report,"Inbox"|galaxy,multipart/alternative
2025,2025-04-03,11:38,Thu,12206,error_report,"Inbox"|galaxy,multipart/alternative
2025,2025-04-04,02:26,Fri,15356,error_report,"Inbox"|galaxy,multipart/alternative
2025,2025-04-04,02:26,Fri,15358,error_report,"Inbox"|galaxy,multipart/alternative
2025,2025-04-04,02:26,Fri,15359,error_report,"Inbox"|galaxy,multipart/alternative
2025,2025-04-04,03:39,Fri,10018,error_report,"Inbox"|galaxy,multipart/alternative
2025,2025-04-04,03:44,Fri,10138,error_report,"Inbox"|galaxy,multipart/alternative
2025,2025-04-04,03:45,Fri,9981,error_report,"Inbox"|galaxy,multipart/alternative
2025,2025-04-04,04:18,Fri,10906,error_report,"Inbox"|galaxy,multipart/alternative
2025,2025-04-04,04:23,Fri,9973,error_report,"Inbox"|galaxy,multipart/alternative
2025,2025-04-04,04:32,Fri,9883,error_report,"Inbox"|galaxy,multipart/alternative
2025,2025-04-04,10:21,Fri,24427,error_report,"Inbox"|galaxy,multipart/alternative
2025,2025-04-05,10:40,Sat,9514,error_report,"Inbox"|galaxy,multipart/alternative
2025,2025-04-07,04:04,Mon,9894,error_report,"Inbox"|galaxy,multipart/alternative
2025,2025-04-07,06:42,Mon,14462,error_report,"Inbox"|galaxy,multipart/alternative
2025,2025-04-07,10:01,Mon,82829,error_report,"Inbox"|galaxy,multipart/alternative
2025,2025-04-07,11:33,Mon,9591,error_report,"Inbox"|galaxy,multipart/alternative
2025,2025-04-08,06:23,Tue,25357,error_report,"Inbox"|galaxy,multipart/alternative
2025,2025-04-08,10:53,Tue,10812,error_report,"Inbox"|galaxy,multipart/alternative
2025,2025-04-08,13:51,Tue,9550,error_report,"Inbox"|galaxy,multipart/alternative
2025,2025-04-08,18:42,Tue,13236,error_report,"Inbox"|galaxy,multipart/alternative
2025,2025-04-08,18:48,Tue,31372,error_report,"Inbox"|galaxy,multipart/alternative
2025,2025-04-08,20:55,Tue,9591,error_report,"Inbox"|galaxy,multipart/alternative
2025,2025-04-09,13:30,Wed,9971,error_report,"Inbox"|galaxy,multipart/alternative
2025,2025-04-10,01:02,Thu,31128,error_report,"Inbox"|galaxy,multipart/alternative
2025,2025-04-10,03:39,Thu,30630,error_report,"Inbox"|galaxy,multipart/alternative
2025,2025-04-10,04:08,Thu,31375,error_report,"Inbox"|galaxy,multipart/alternative
2025,2025-04-10,07:18,Thu,10023,error_report,"Inbox"|galaxy,multipart/alternative
2025,2025-04-10,12:14,Thu,14338,error_report,"Inbox"|galaxy,multipart/alternative
2025,2025-04-11,08:58,Fri,4784,tiaas_request,"Inbox"|galaxy,text/plain
2025,2025-04-11,02:27,Fri,91184,error_report,"Inbox"|galaxy,multipart/alternative
2025,2025-04-11,14:16,Fri,15921,error_report,"Inbox"|galaxy,multipart/alternative
2025,2025-04-12,07:05,Sat,13301,error_report,"Inbox"|galaxy,multipart/alternative
2025,2025-04-12,07:42,Sat,11002,error_report,"Inbox"|galaxy,multipart/alternative
2025,2025-04-13,03:54,Sun,10761,error_report,"Inbox"|galaxy,multipart/alternative
2025,2025-04-13,11:36,Sun,26587,error_report,"Inbox"|galaxy,multipart/alternative
2025,2025-04-14,00:41,Mon,18139,error_report,"Inbox"|galaxy,multipart/alternative
2025,2025-04-14,18:46,Mon,11453,error_report,"Inbox"|galaxy,multipart/alternative
2025,2025-04-14,18:47,Mon,11454,error_report,"Inbox"|galaxy,multipart/alternative
2025,2025-04-14,18:48,Mon,11466,error_report,"Inbox"|galaxy,multipart/alternative
2025,2025-04-14,23:45,Mon,22331,error_report,"Inbox"|galaxy,multipart/alternative
2025,2025-04-14,23:52,Mon,22322,error_report,"Inbox"|galaxy,multipart/alternative
2025,2025-04-15,03:16,Tue,20364,error_report,"Inbox"|galaxy,multipart/alternative
2025,2025-04-15,10:45,Tue,10008,error_report,"Inbox"|galaxy,multipart/alternative
2025,2025-04-15,12:58,Tue,10656,error_report,"Inbox"|galaxy,multipart/alternative
2025,2025-04-15,23:36,Tue,80106,error_report,"Inbox"|galaxy,multipart/alternative
2025,2025-04-16,02:28,Wed,10853,error_report,"Inbox"|galaxy,multipart/alternative
2025,2025-04-16,04:14,Wed,11922,error_report,"Inbox"|galaxy,multipart/alternative
2025,2025-04-16,04:30,Wed,11824,error_report,"Inbox"|galaxy,multipart/alternative
2025,2025-04-16,04:44,Wed,9645,error_report,"Inbox"|galaxy,multipart/alternative
2025,2025-04-16,04:57,Wed,11765,error_report,"Inbox"|galaxy,multipart/alternative
2025,2025-04-16,07:00,Wed,12083,error_report,"Inbox"|galaxy,multipart/alternative
2025,2025-04-16,07:56,Wed,12665,error_report,"Inbox"|galaxy,multipart/alternative
2025,2025-04-16,08:49,Wed,14924,error_report,"Inbox"|galaxy,multipart/alternative
2025,2025-04-17,04:07,Thu,9579,error_report,"Inbox"|galaxy,multipart/alternative
2025,2025-04-17,12:04,Thu,14044,error_report,"Inbox"|galaxy,multipart/alternative
2025,2025-04-18,22:21,Fri,10179,error_report,"Inbox"|galaxy,multipart/alternative
2025,2025-04-19,00:59,Sat,11888,error_report,"Inbox"|galaxy,multipart/alternative
2025,2025-04-19,00:59,Sat,11609,error_report,"Inbox"|galaxy,multipart/alternative
2025,2025-04-19,03:48,Sat,78015,error_report,"Inbox"|galaxy,multipart/alternative
2025,2025-04-20,02:55,Sun,11012,error_report,"Inbox"|galaxy,multipart/alternative
2025,2025-04-20,02:57,Sun,10963,error_report,"Inbox"|galaxy,multipart/alternative
2025,2025-04-20,18:00,Sun,12580,error_report,"Inbox"|galaxy,multipart/alternative
2025,2025-04-20,21:35,Sun,16927,error_report,"Inbox"|galaxy,multipart/alternative
2025,2025-04-20,23:06,Sun,19584,error_report,"Inbox"|galaxy,multipart/alternative
2025,2025-04-21,07:12,Mon,4785,tiaas_request,"Inbox"|galaxy,text/plain
2025,2025-04-21,07:43,Mon,4789,tiaas_request,"Inbox"|galaxy,text/plain
2025,2025-04-21,18:07,Mon,13116,error_report,"Inbox"|galaxy,multipart/alternative
2025,2025-04-21,18:40,Mon,17316,error_report,"Inbox"|galaxy,multipart/alternative
2025,2025-04-22,01:40,Tue,12272,error_report,"Inbox"|galaxy,multipart/alternative
2025,2025-04-22,06:35,Tue,55734,error_report,"Inbox"|galaxy,multipart/alternative
2025,2025-04-22,06:55,Tue,13064,error_report,"Inbox"|galaxy,multipart/alternative
2025,2025-04-22,09:11,Tue,11991,error_report,"Inbox"|galaxy,multipart/alternative
2025,2025-04-22,09:20,Tue,13527,error_report,"Inbox"|galaxy,multipart/alternative
2025,2025-04-22,09:48,Tue,13158,error_report,"Inbox"|galaxy,multipart/alternative
2025,2025-04-22,14:44,Tue,21490,error_report,"Inbox"|galaxy,multipart/alternative
2025,2025-04-22,19:09,Tue,31772,error_report,"Inbox"|galaxy,multipart/alternative
2025,2025-04-22,19:12,Tue,9554,error_report,"Inbox"|galaxy,multipart/alternative
2025,2025-04-23,23:23,Wed,10005,error_report,"Inbox"|galaxy,multipart/alternative
2025,2025-04-24,09:37,Thu,12482,error_report,"Inbox"|galaxy,multipart/alternative
2025,2025-04-24,15:43,Thu,17170,error_report,"Inbox"|galaxy,multipart/alternative
2025,2025-04-25,04:36,Fri,10080,error_report,"Inbox"|galaxy,multipart/alternative
2025,2025-04-25,05:26,Fri,12420,error_report,"Inbox"|galaxy,multipart/alternative
2025,2025-04-25,06:00,Fri,9596,error_report,"Inbox"|galaxy,multipart/alternative
2025,2025-04-25,10:07,Fri,11071,error_report,"Inbox"|galaxy,multipart/alternative
2025,2025-04-27,01:12,Sun,11877,error_report,"Inbox"|galaxy,multipart/alternative
2025,2025-04-27,23:46,Sun,10553,error_report,"Inbox"|galaxy,multipart/alternative
2025,2025-04-28,00:30,Mon,13363,error_report,"Inbox"|galaxy,multipart/alternative
2025,2025-04-28,01:09,Mon,10809,error_report,"Inbox"|galaxy,multipart/alternative
2025,2025-04-28,03:16,Mon,78306,error_report,"Inbox"|galaxy,multipart/alternative
2025,2025-04-28,04:10,Mon,78849,error_report,"Inbox"|galaxy,multipart/alternative
2025,2025-04-28,06:34,Mon,37369,error_report,"Inbox"|galaxy,multipart/alternative
2025,2025-04-28,08:58,Mon,12599,error_report,"Inbox"|galaxy,multipart/alternative
2025,2025-04-28,18:29,Mon,11004,error_report,"Inbox"|galaxy,multipart/alternative
2025,2025-04-29,04:45,Tue,18886,error_report,"Inbox"|galaxy,multipart/alternative
2025,2025-04-29,05:38,Tue,23695,error_report,"Inbox"|galaxy,multipart/alternative
2025,2025-04-29,12:16,Tue,10798,error_report,"Inbox"|galaxy,multipart/alternative
2025,2025-04-29,13:54,Tue,12934,error_report,"Inbox"|galaxy,multipart/alternative
2025,2025-04-30,02:51,Wed,24096,error_report,"Inbox"|galaxy,multipart/alternative
2025,2025-04-30,03:00,Wed,17987,error_report,"Inbox"|galaxy,multipart/alternative
2025,2025-04-30,04:46,Wed,9646,error_report,"Inbox"|galaxy,multipart/alternative
2025,2025-04-30,05:47,Wed,79749,error_report,"Inbox"|galaxy,multipart/alternative
2025,2025-04-30,06:12,Wed,11347,error_report,"Inbox"|galaxy,multipart/alternative
2025,2025-04-30,07:20,Wed,10601,error_report,"Inbox"|galaxy,multipart/alternative
2025,2025-04-30,07:20,Wed,13082,error_report,"Inbox"|galaxy,multipart/alternative
2025,2025-04-30,12:21,Wed,12576,error_report,"Inbox"|galaxy,multipart/alternative
2025,2025-04-30,14:34,Wed,18194,error_report,"Inbox"|galaxy,multipart/alternative
2025,2025-05-01,10:32,Thu,13777,error_report,"Inbox"|galaxy,multipart/alternative
2025,2025-05-01,11:19,Thu,10277,error_report,"Inbox"|galaxy,multipart/alternative
2025,2025-05-01,23:27,Thu,23222,error_report,"Inbox"|galaxy,multipart/alternative
2025,2025-05-02,04:11,Fri,16035,error_report,"Inbox"|galaxy,multipart/alternative
2025,2025-05-03,03:40,Sat,12318,error_report,"Inbox"|galaxy,multipart/alternative
2025,2025-05-03,22:52,Sat,81282,error_report,"Inbox"|galaxy,multipart/alternative
2025,2025-05-04,05:16,Sun,12782,error_report,"Inbox"|galaxy,multipart/alternative
2025,2025-05-04,06:07,Sun,31674,error_report,"Inbox"|galaxy,multipart/alternative
2025,2025-05-04,06:18,Sun,30763,error_report,"Inbox"|galaxy,multipart/alternative
2025,2025-05-04,06:28,Sun,30691,error_report,"Inbox"|galaxy,multipart/alternative
2025,2025-05-04,06:33,Sun,31603,error_report,"Inbox"|galaxy,multipart/alternative
2025,2025-05-04,23:33,Sun,12007,error_report,"Inbox"|galaxy,multipart/alternative
2025,2025-05-05,10:25,Mon,17783,error_report,"Inbox"|galaxy,multipart/alternative
2025,2025-05-05,21:18,Mon,13958,error_report,"Inbox"|galaxy,multipart/alternative
2025,2025-05-06,08:32,Tue,4783,tiaas_request,"Inbox"|galaxy,text/plain
2025,2025-05-06,08:37,Tue,4789,tiaas_request,"Inbox"|galaxy,text/plain
2025,2025-05-07,13:35,Wed,4770,tiaas_request,"Inbox"|galaxy,text/plain
2025,2025-05-07,11:33,Wed,13345,error_report,"Inbox"|galaxy,multipart/alternative
2025,2025-05-07,23:45,Wed,80903,error_report,"Inbox"|galaxy,multipart/alternative
2025,2025-05-08,07:35,Thu,78079,error_report,"Inbox"|galaxy,multipart/alternative
2025,2025-05-08,12:13,Thu,16382,error_report,"Inbox"|galaxy,multipart/alternative
2025,2025-05-08,12:42,Thu,28339,error_report,"Inbox"|galaxy,multipart/alternative
2025,2025-05-08,13:32,Thu,29572,error_report,"Inbox"|galaxy,multipart/alternative
2025,2025-05-08,20:38,Thu,16778,error_report,"Inbox"|galaxy,multipart/alternative
2025,2025-05-09,00:02,Fri,10037,error_report,"Inbox"|galaxy,multipart/alternative
2025,2025-05-09,01:03,Fri,73241,error_report,"Inbox"|galaxy,multipart/alternative
2025,2025-05-09,09:36,Fri,12166,error_report,"Inbox"|galaxy,multipart/alternative
2025,2025-05-09,18:06,Fri,9570,error_report,"Inbox"|galaxy,multipart/alternative
2025,2025-05-10,08:35,Sat,10793,error_report,"Inbox"|galaxy,multipart/alternative
2025,2025-05-10,10:30,Sat,11818,error_report,"Inbox"|galaxy,multipart/alternative
2025,2025-05-11,06:44,Sun,16565,error_report,"Inbox"|galaxy,multipart/alternative
2025,2025-05-11,23:34,Sun,12556,error_report,"Inbox"|galaxy,multipart/alternative
2025,2025-05-12,00:06,Mon,14918,error_report,"Inbox"|galaxy,multipart/alternative
2025,2025-05-12,01:25,Mon,12858,error_report,"Inbox"|galaxy,multipart/alternative
2025,2025-05-12,06:32,Mon,13823,error_report,"Inbox"|galaxy,multipart/alternative
2025,2025-05-12,22:38,Mon,9632,error_report,"Inbox"|galaxy,multipart/alternative
2025,2025-05-13,04:29,Tue,19219,error_report,"Inbox"|galaxy,multipart/alternative
2025,2025-05-13,07:28,Tue,11189,error_report,"Inbox"|galaxy|work|work/zierep,multipart/alternative
2025,2025-05-13,10:17,Tue,9646,error_report,"Inbox"|galaxy,multipart/alternative
2025,2025-05-13,16:16,Tue,17168,error_report,"Inbox"|galaxy,multipart/alternative
2025,2025-05-14,02:47,Wed,10723,error_report,"Inbox"|galaxy|work|work/zierep,multipart/alternative
2025,2025-05-14,12:07,Wed,4781,tiaas_request,"Inbox"|galaxy,text/plain
2025,2025-05-14,05:34,Wed,11631,error_report,"Inbox"|galaxy,multipart/alternative
2025,2025-05-14,07:21,Wed,10422,error_report,"Inbox"|galaxy,multipart/alternative
2025,2025-05-14,10:59,Wed,28507,error_report,"Inbox"|galaxy,multipart/alternative
2025,2025-05-14,11:28,Wed,10598,error_report,"Inbox"|galaxy,multipart/alternative
2025,2025-05-14,17:36,Wed,27978,error_report,"Inbox"|galaxy,multipart/alternative
2025,2025-05-15,09:19,Thu,4778,tiaas_request,"Inbox"|galaxy,text/plain
2025,2025-05-15,03:07,Thu,15807,error_report,"Inbox"|galaxy,multipart/alternative
2025,2025-05-15,03:09,Thu,10249,error_report,"Inbox"|galaxy,multipart/alternative
2025,2025-05-15,08:52,Thu,11706,error_report,"Inbox"|galaxy,multipart/alternative
2025,2025-05-16,05:19,Fri,15385,error_report,"Inbox"|galaxy,multipart/alternative
2025,2025-05-16,05:32,Fri,16231,error_report,"Inbox"|galaxy,multipart/alternative
2025,2025-05-16,06:02,Fri,22024,error_report,"Inbox"|galaxy,multipart/alternative
2025,2025-05-16,07:09,Fri,18424,error_report,"Inbox"|galaxy,multipart/alternative
2025,2025-05-16,22:14,Fri,9664,error_report,"Inbox"|galaxy,multipart/alternative
2025,2025-05-17,09:14,Sat,4783,tiaas_request,"Inbox"|galaxy,text/plain
2025,2025-05-17,02:34,Sat,15236,error_report,"Inbox"|galaxy,multipart/alternative
2025,2025-05-17,09:45,Sat,12852,error_report,"Inbox"|galaxy,multipart/alternative
2025,2025-05-17,20:49,Sat,10227,error_report,"Inbox"|galaxy,multipart/alternative
2025,2025-05-19,00:56,Mon,9563,error_report,"Inbox"|galaxy,multipart/alternative
2025,2025-05-19,03:13,Mon,18446,error_report,"Inbox"|galaxy,multipart/alternative
2025,2025-05-19,07:51,Mon,13258,error_report,"Inbox"|galaxy,multipart/alternative
2025,2025-05-19,11:09,Mon,12565,error_report,"Inbox"|galaxy,multipart/alternative
2025,2025-05-19,11:20,Mon,12563,error_report,"Inbox"|galaxy,multipart/alternative
2025,2025-05-20,03:13,Tue,46788,error_report,"Inbox"|galaxy,multipart/alternative
2025,2025-05-20,04:14,Tue,10123,error_report,"Inbox"|galaxy,multipart/alternative
2025,2025-05-20,08:23,Tue,11768,error_report,"Inbox"|galaxy,multipart/alternative
2025,2025-05-20,23:22,Tue,19190,error_report,"Inbox"|galaxy,multipart/alternative
2025,2025-05-21,00:24,Wed,80668,error_report,"Inbox"|galaxy,multipart/alternative
2025,2025-05-21,03:03,Wed,11545,error_report,"Inbox"|galaxy,multipart/alternative
2025,2025-05-21,04:11,Wed,10991,error_report,"Inbox"|galaxy,multipart/alternative
2025,2025-05-21,12:53,Wed,13473,error_report,"Inbox"|galaxy,multipart/alternative
2025,2025-05-22,00:51,Thu,11726,error_report,"Inbox"|galaxy,multipart/alternative
2025,2025-05-22,01:17,Thu,11687,error_report,"Inbox"|galaxy,multipart/alternative
2025,2025-05-22,01:21,Thu,21546,error_report,"Inbox"|galaxy,multipart/alternative
2025,2025-05-22,07:58,Thu,21982,error_report,"Inbox"|galaxy,multipart/alternative
2025,2025-05-22,11:40,Thu,89835,error_report,"Inbox"|galaxy,multipart/alternative
2025,2025-05-22,19:12,Thu,21658,error_report,"Inbox"|galaxy,multipart/alternative
2025,2025-05-23,03:10,Fri,30115,error_report,"Inbox"|galaxy,multipart/alternative
2025,2025-05-23,03:22,Fri,9682,error_report,"Inbox"|galaxy,multipart/alternative
2025,2025-05-23,08:23,Fri,10932,error_report,"Inbox"|galaxy,multipart/alternative
2025,2025-05-23,23:40,Fri,20564,error_report,"Inbox"|galaxy,multipart/alternative
2025,2025-05-23,23:44,Fri,14039,error_report,"Inbox"|galaxy,multipart/alternative
2025,2025-05-24,01:37,Sat,12349,error_report,"Inbox"|galaxy,multipart/alternative
2025,2025-05-25,00:27,Sun,21507,error_report,"Inbox"|galaxy,multipart/alternative
2025,2025-05-25,00:29,Sun,12168,error_report,"Inbox"|galaxy,multipart/alternative
2025,2025-05-25,14:00,Sun,10249,error_report,"Inbox"|galaxy,multipart/alternative
2025,2025-05-26,06:43,Mon,4788,tiaas_request,"Inbox"|galaxy,text/plain
2025,2025-05-26,04:43,Mon,13976,error_report,"Inbox"|galaxy,multipart/alternative
2025,2025-05-27,02:38,Tue,13707,error_report,"Inbox"|galaxy,multipart/alternative
2025,2025-05-27,02:39,Tue,10061,error_report,"Inbox"|galaxy,multipart/alternative
2025,2025-05-27,02:50,Tue,11207,error_report,"Inbox"|galaxy,multipart/alternative
2025,2025-05-27,04:00,Tue,10538,error_report,"Inbox"|galaxy,multipart/alternative
2025,2025-05-27,08:39,Tue,16922,error_report,"Inbox"|galaxy,multipart/alternative
2025,2025-05-27,18:54,Tue,18138,error_report,"Inbox"|galaxy,multipart/alternative
2025,2025-05-28,01:57,Wed,9924,error_report,"Inbox"|galaxy,multipart/alternative
2025,2025-05-28,07:02,Wed,14499,error_report,"Inbox"|galaxy,multipart/alternative
2025,2025-05-28,13:05,Wed,15091,error_report,"Inbox"|galaxy,multipart/alternative
2025,2025-05-28,17:59,Wed,18633,error_report,"Inbox"|galaxy,multipart/alternative
2025,2025-05-29,01:56,Thu,10888,error_report,"Inbox"|galaxy,multipart/alternative
2025,2025-05-29,01:57,Thu,11698,error_report,"Inbox"|galaxy,multipart/alternative
2025,2025-05-29,05:02,Thu,9975,error_report,"Inbox"|galaxy,multipart/alternative
2025,2025-05-29,07:03,Thu,11881,error_report,"Inbox"|galaxy,multipart/alternative
2025,2025-05-29,09:59,Thu,13016,error_report,"Inbox"|galaxy,multipart/alternative
2025,2025-05-30,07:47,Fri,80102,error_report,"Inbox"|galaxy,multipart/alternative
2025,2025-05-30,17:59,Fri,4786,tiaas_request,"Inbox"|galaxy,text/plain
2025,2025-05-31,00:24,Sat,79283,error_report,"Inbox"|galaxy,multipart/alternative
2025,2025-05-31,00:24,Sat,43049,error_report,"Inbox"|galaxy,multipart/alternative
2025,2025-05-31,00:40,Sat,80027,error_report,"Inbox"|galaxy,multipart/alternative
2025,2025-05-31,21:46,Sat,17270,error_report,"Inbox"|galaxy,multipart/alternative
2025,2025-06-01,03:48,Sun,9725,error_report,"Inbox"|galaxy,multipart/alternative
2025,2025-06-02,03:20,Mon,11389,error_report,"Inbox"|galaxy,multipart/alternative
2025,2025-06-02,19:44,Mon,4784,tiaas_request,"Inbox"|galaxy,text/plain
2025,2025-06-02,23:26,Mon,90326,error_report,"Inbox"|galaxy,multipart/alternative
2025,2025-06-03,05:17,Tue,11934,error_report,"Inbox"|galaxy,multipart/alternative
2025,2025-06-04,11:18,Wed,4776,tiaas_request,"Inbox"|galaxy,text/plain
2025,2025-06-04,06:39,Wed,12982,error_report,"Inbox"|galaxy,multipart/alternative
2025,2025-06-04,10:18,Wed,12530,error_report,"Inbox"|galaxy,multipart/alternative
2025,2025-06-04,22:58,Wed,19858,error_report,"Inbox"|galaxy,multipart/alternative
2025,2025-06-05,12:04,Thu,4782,tiaas_request,"Inbox"|galaxy,text/plain
2025,2025-06-05,12:16,Thu,4786,tiaas_request,"Inbox"|galaxy,text/plain
2025,2025-06-05,20:27,Thu,9885,error_report,"Inbox"|galaxy,multipart/alternative
2025,2025-06-06,05:51,Fri,13696,error_report,"Inbox"|galaxy,multipart/alternative
2025,2025-06-06,07:06,Fri,13986,error_report,"Inbox"|galaxy,multipart/alternative
2025,2025-06-06,14:43,Fri,22729,error_report,"Inbox"|galaxy,multipart/alternative
2025,2025-06-07,23:35,Sat,14243,error_report,"Inbox"|galaxy,multipart/alternative
2025,2025-06-08,10:04,Sun,24376,error_report,"Inbox"|galaxy,multipart/alternative
2025,2025-06-09,02:36,Mon,13081,error_report,"Inbox"|galaxy,multipart/alternative
2025,2025-06-09,03:32,Mon,84007,error_report,"Inbox"|galaxy,multipart/alternative
2025,2025-06-09,09:03,Mon,21241,error_report,"Inbox"|galaxy,multipart/alternative
2025,2025-06-09,19:17,Mon,4778,tiaas_request,"Inbox"|galaxy,text/plain
2025,2025-06-10,04:06,Tue,11363,error_report,"Inbox"|galaxy,multipart/alternative
2025,2025-06-10,09:52,Tue,20732,error_report,"Inbox"|galaxy,multipart/alternative
2025,2025-06-10,11:37,Tue,11078,error_report,"Inbox"|galaxy,multipart/alternative
2025,2025-06-11,12:48,Wed,14850,error_report,"Inbox"|galaxy,multipart/alternative
2025,2025-06-12,01:19,Thu,12141,error_report,"Inbox"|galaxy,multipart/alternative
2025,2025-06-13,00:08,Fri,10717,error_report,"Inbox"|galaxy,multipart/alternative
2025,2025-06-13,01:17,Fri,9578,error_report,"Inbox"|galaxy,multipart/alternative
2025,2025-06-13,05:23,Fri,12359,error_report,"Inbox"|galaxy,multipart/alternative
2025,2025-06-13,16:39,Fri,13819,error_report,"Inbox"|galaxy,multipart/alternative
2025,2025-06-14,16:19,Sat,20078,error_report,"Inbox"|galaxy,multipart/alternative
2025,2025-06-14,20:10,Sat,95826,error_report,"Inbox"|galaxy,multipart/alternative
2025,2025-06-15,11:17,Sun,13256,error_report,"Inbox"|galaxy,multipart/alternative
2025,2025-06-16,03:22,Mon,27285,error_report,"Inbox"|galaxy,multipart/alternative
2025,2025-06-16,06:05,Mon,19847,error_report,"Inbox"|galaxy,multipart/alternative
2025,2025-06-16,06:13,Mon,11740,error_report,"Inbox"|galaxy,multipart/alternative
2025,2025-06-16,09:28,Mon,10659,error_report,"Inbox"|galaxy,multipart/alternative
2025,2025-06-16,12:01,Mon,10750,error_report,"Inbox"|galaxy,multipart/alternative
2025,2025-06-16,12:33,Mon,11506,error_report,"Inbox"|galaxy,multipart/alternative
2025,2025-06-16,22:20,Mon,13479,error_report,"Inbox"|galaxy,multipart/alternative
2025,2025-06-17,01:12,Tue,11443,error_report,"Inbox"|galaxy,multipart/alternative
2025,2025-06-17,02:07,Tue,10211,error_report,"Inbox"|galaxy,multipart/alternative
2025,2025-06-17,02:13,Tue,10076,error_report,"Inbox"|galaxy,multipart/alternative
2025,2025-06-17,04:35,Tue,17737,error_report,"Inbox"|galaxy,multipart/alternative
2025,2025-06-17,08:24,Tue,12633,error_report,"Inbox"|galaxy,multipart/alternative
2025,2025-06-17,11:11,Tue,11104,error_report,"Inbox"|galaxy,multipart/alternative
2025,2025-06-17,11:56,Tue,12632,error_report,"Inbox"|galaxy,multipart/alternative
2025,2025-06-17,14:55,Tue,11617,error_report,"Inbox"|galaxy,multipart/alternative
2025,2025-06-17,19:42,Tue,10264,error_report,"Inbox"|galaxy,multipart/alternative
2025,2025-06-17,19:48,Tue,16613,error_report,"Inbox"|galaxy,multipart/alternative
2025,2025-06-18,05:00,Wed,38311,error_report,"Inbox"|galaxy,multipart/alternative
2025,2025-06-18,13:04,Wed,12732,error_report,"Inbox"|galaxy,multipart/alternative
2025,2025-06-18,13:30,Wed,12842,error_report,"Inbox"|galaxy,multipart/alternative
2025,2025-06-18,20:08,Wed,30929,error_report,"Inbox"|galaxy,multipart/alternative
2025,2025-06-19,04:47,Thu,11675,error_report,"Inbox"|galaxy,multipart/alternative
2025,2025-06-19,05:13,Thu,31492,error_report,"Inbox"|galaxy,multipart/alternative
2025,2025-06-19,05:18,Thu,79429,error_report,"Inbox"|galaxy,multipart/alternative
2025,2025-06-19,16:34,Thu,24863,error_report,"Inbox"|galaxy,multipart/alternative
2025,2025-06-19,19:03,Thu,11271,error_report,"Inbox"|galaxy,multipart/alternative
2025,2025-06-20,04:08,Fri,24095,error_report,"Inbox"|galaxy,multipart/alternative
2025,2025-06-20,07:32,Fri,10900,error_report,"Inbox"|galaxy,multipart/alternative
2025,2025-06-20,09:33,Fri,11267,error_report,"Inbox"|galaxy,multipart/alternative
2025,2025-06-20,16:21,Fri,11095,error_report,"Inbox"|galaxy,multipart/alternative
2025,2025-06-22,18:12,Sun,16666,error_report,"Inbox"|galaxy,multipart/alternative
2025,2025-06-22,19:40,Sun,24207,error_report,"Inbox"|galaxy,multipart/alternative
2025,2025-06-23,00:41,Mon,11832,error_report,"Inbox"|galaxy,multipart/alternative
2025,2025-06-23,08:27,Mon,4778,tiaas_request,"Inbox"|galaxy,text/plain
2025,2025-06-23,08:44,Mon,4777,tiaas_request,"Inbox"|galaxy,text/plain
2025,2025-06-23,05:17,Mon,13081,error_report,"Inbox"|galaxy,multipart/alternative
2025,2025-06-24,02:27,Tue,11606,error_report,"Inbox"|galaxy,multipart/alternative
2025,2025-06-24,02:32,Tue,11459,error_report,"Inbox"|galaxy,multipart/alternative
2025,2025-06-24,10:54,Tue,17748,error_report,"Inbox"|galaxy,multipart/alternative
2025,2025-06-24,12:27,Tue,18289,error_report,"Inbox"|galaxy,multipart/alternative
2025,2025-06-24,13:38,Tue,10884,error_report,"Inbox"|galaxy,multipart/alternative
2025,2025-06-24,18:18,Tue,16104,error_report,"Inbox"|galaxy,multipart/alternative
2025,2025-06-25,01:48,Wed,12540,error_report,"Inbox"|galaxy,multipart/alternative
2025,2025-06-25,04:20,Wed,11016,error_report,"Inbox"|galaxy,multipart/alternative
2025,2025-06-25,14:49,Wed,4782,tiaas_request,"Inbox"|galaxy,text/plain
2025,2025-06-25,14:19,Wed,22521,error_report,"Inbox"|galaxy,multipart/alternative
2025,2025-06-26,04:36,Thu,22563,error_report,"Inbox"|galaxy,multipart/alternative
2025,2025-06-26,06:04,Thu,18783,error_report,"Inbox"|galaxy,multipart/alternative
2025,2025-06-26,16:23,Thu,16333,error_report,"Inbox"|galaxy,multipart/alternative
2025,2025-06-26,18:55,Thu,85261,error_report,"Inbox"|galaxy,multipart/alternative
2025,2025-06-27,01:31,Fri,30853,error_report,"Inbox"|galaxy,multipart/alternative
2025,2025-06-27,08:31,Fri,15063,error_report,"Inbox"|galaxy,multipart/alternative
2025,2025-06-27,10:52,Fri,12154,error_report,"Inbox"|galaxy,multipart/alternative
2025,2025-06-27,10:54,Fri,12413,error_report,"Inbox"|galaxy,multipart/alternative
2025,2025-06-27,11:01,Fri,10154,error_report,"Inbox"|galaxy,multipart/alternative
2025,2025-06-27,11:02,Fri,10131,error_report,"Inbox"|galaxy,multipart/alternative
2025,2025-06-27,11:08,Fri,10135,error_report,"Inbox"|galaxy,multipart/alternative
2025,2025-06-27,12:15,Fri,11974,error_report,"Inbox"|galaxy,multipart/alternative
2025,2025-06-28,01:44,Sat,14943,error_report,"Inbox"|galaxy,multipart/alternative
2025,2025-06-29,17:39,Sun,47308,error_report,"Inbox"|galaxy,multipart/alternative
2025,2025-06-30,01:24,Mon,11583,error_report,"Inbox"|galaxy,multipart/alternative
2025,2025-06-30,01:45,Mon,16378,error_report,"Inbox"|galaxy,multipart/alternative
2025,2025-06-30,05:47,Mon,79207,error_report,"Inbox"|galaxy,multipart/alternative
2025,2025-06-30,06:03,Mon,13739,error_report,"Inbox"|galaxy,multipart/alternative
2025,2025-06-30,09:02,Mon,10950,error_report,"Inbox"|galaxy,multipart/alternative
2025,2025-06-30,09:19,Mon,14842,error_report,"Inbox"|galaxy,multipart/alternative
2025,2025-06-30,16:48,Mon,12142,error_report,"Inbox"|galaxy,multipart/alternative
2025,2025-06-30,22:07,Mon,12409,error_report,"Inbox"|galaxy,multipart/alternative
2025,2025-07-01,05:27,Tue,10307,error_report,"Inbox"|galaxy,multipart/alternative
2025,2025-07-01,05:54,Tue,19212,error_report,"Inbox"|galaxy,multipart/alternative
2025,2025-07-01,11:02,Tue,9534,error_report,"Inbox"|galaxy,multipart/alternative
2025,2025-07-01,14:29,Tue,10494,error_report,"Inbox"|galaxy,multipart/alternative
2025,2025-07-02,02:30,Wed,10010,error_report,"Inbox"|galaxy,multipart/alternative
2025,2025-07-02,02:30,Wed,10012,error_report,"Inbox"|galaxy,multipart/alternative
2025,2025-07-02,09:54,Wed,18313,error_report,"Inbox"|galaxy,multipart/alternative
2025,2025-07-02,14:36,Wed,10303,error_report,"Inbox"|galaxy,multipart/alternative
2025,2025-07-02,23:40,Wed,30926,error_report,"Inbox"|galaxy,multipart/alternative
2025,2025-07-03,15:29,Thu,4774,tiaas_request,"Inbox"|galaxy,text/plain
2025,2025-07-03,23:15,Thu,13119,error_report,"Inbox"|galaxy,multipart/alternative
2025,2025-07-03,23:43,Thu,26038,error_report,"Inbox"|galaxy,multipart/alternative
2025,2025-07-05,03:09,Sat,16322,error_report,"Inbox"|galaxy,multipart/alternative
2025,2025-07-06,16:34,Sun,77678,error_report,"Inbox"|galaxy,multipart/alternative
2025,2025-07-07,02:27,Mon,11180,error_report,"Inbox"|galaxy,multipart/alternative
2025,2025-07-07,14:40,Mon,147800,error_report,"Inbox"|galaxy,multipart/alternative
2025,2025-07-08,02:52,Tue,76939,error_report,"Inbox"|galaxy,multipart/alternative
2025,2025-07-08,03:48,Tue,12975,error_report,"Inbox"|galaxy,multipart/alternative
2025,2025-07-09,05:21,Wed,128564,error_report,"Inbox"|galaxy,multipart/alternative
2025,2025-07-09,07:00,Wed,146483,error_report,"Inbox"|galaxy,multipart/alternative
2025,2025-07-10,05:36,Thu,28479,error_report,"Inbox"|galaxy,multipart/alternative
2025,2025-07-10,13:47,Thu,4776,tiaas_request,"Inbox"|galaxy,text/plain
2025,2025-07-10,06:48,Thu,17591,error_report,"Inbox"|galaxy,multipart/alternative
2025,2025-07-10,13:50,Thu,4777,tiaas_request,"Inbox"|galaxy,text/plain
2025,2025-07-10,13:53,Thu,4778,tiaas_request,"Inbox"|galaxy,text/plain
2025,2025-07-10,13:54,Thu,4777,tiaas_request,"Inbox"|galaxy,text/plain
2025,2025-07-10,13:56,Thu,4780,tiaas_request,"Inbox"|galaxy,text/plain
2025,2025-07-10,13:57,Thu,4782,tiaas_request,"Inbox"|galaxy,text/plain
2025,2025-07-10,16:08,Thu,10818,error_report,"Inbox"|galaxy,multipart/alternative
2025,2025-07-10,23:18,Thu,13293,error_report,"Inbox"|galaxy,multipart/alternative
2025,2025-07-11,10:19,Fri,11905,error_report,"Inbox"|galaxy,multipart/alternative
2025,2025-07-11,16:51,Fri,28025,error_report,"Inbox"|galaxy,multipart/alternative
2025,2025-07-11,22:42,Fri,14469,error_report,"Inbox"|galaxy,multipart/alternative
2025,2025-07-12,00:49,Sat,79387,error_report,"Inbox"|galaxy,multipart/alternative
2025,2025-07-13,21:23,Sun,10874,error_report,"Inbox"|galaxy,multipart/alternative
2025,2025-07-14,00:33,Mon,13381,error_report,"Inbox"|galaxy,multipart/alternative
2025,2025-07-14,02:16,Mon,11443,error_report,"Inbox"|galaxy,multipart/alternative
2025,2025-07-14,04:08,Mon,77400,error_report,"Inbox"|galaxy,multipart/alternative
2025,2025-07-14,10:09,Mon,10975,error_report,"Inbox"|galaxy,multipart/alternative
2025,2025-07-14,11:35,Mon,11174,error_report,"Inbox"|galaxy,multipart/alternative
2025,2025-07-14,22:08,Mon,98270,error_report,"Inbox"|galaxy,multipart/alternative
2025,2025-07-15,02:39,Tue,11371,error_report,"Inbox"|galaxy,multipart/alternative
2025,2025-07-15,04:44,Tue,12364,error_report,"Inbox"|galaxy,multipart/alternative
2025,2025-07-15,16:44,Tue,4775,tiaas_request,"Inbox"|galaxy,text/plain
2025,2025-07-15,10:58,Tue,19368,error_report,"Inbox"|galaxy,multipart/alternative
2025,2025-07-15,12:19,Tue,42779,error_report,"Inbox"|galaxy,multipart/alternative
2025,2025-07-16,00:21,Wed,9857,error_report,"Inbox"|galaxy,multipart/alternative
2025,2025-07-16,05:17,Wed,16724,error_report,"Inbox"|galaxy,multipart/alternative
2025,2025-07-16,05:30,Wed,10744,error_report,"Inbox"|galaxy,multipart/alternative
2025,2025-07-16,06:02,Wed,14589,error_report,"Inbox"|galaxy,multipart/alternative
2025,2025-07-16,07:16,Wed,10745,error_report,"Inbox"|galaxy,multipart/alternative
2025,2025-07-16,15:48,Wed,4790,tiaas_request,"Inbox"|galaxy,text/plain
2025,2025-07-17,00:57,Thu,10065,error_report,"Inbox"|galaxy,multipart/alternative
2025,2025-07-17,02:23,Thu,11902,error_report,"Inbox"|galaxy,multipart/alternative
2025,2025-07-17,02:25,Thu,40690,error_report,"Inbox"|galaxy,multipart/alternative
2025,2025-07-17,11:28,Thu,15684,error_report,"Inbox"|galaxy,multipart/alternative
2025,2025-07-17,13:20,Thu,18215,error_report,"Inbox"|galaxy,multipart/alternative
2025,2025-07-17,13:26,Thu,16485,error_report,"Inbox"|galaxy,multipart/alternative
2025,2025-07-18,06:49,Fri,12933,error_report,"Inbox"|galaxy,multipart/alternative
2025,2025-07-19,05:05,Sat,24704,error_report,"Inbox"|galaxy,multipart/alternative
2025,2025-07-19,09:42,Sat,12406,error_report,"Inbox"|galaxy,multipart/alternative
2025,2025-07-19,09:48,Sat,12407,error_report,"Inbox"|galaxy,multipart/alternative
2025,2025-07-19,21:37,Sat,13418,error_report,"Inbox"|galaxy,multipart/alternative
2025,2025-07-20,00:01,Sun,10117,error_report,"Inbox"|galaxy,multipart/alternative
2025,2025-07-20,01:08,Sun,34283,error_report,"Inbox"|galaxy,multipart/alternative
2025,2025-07-20,06:29,Sun,14954,error_report,"Inbox"|galaxy,multipart/alternative
2025,2025-07-20,20:48,Sun,13265,error_report,"Inbox"|galaxy,multipart/alternative
2025,2025-07-20,20:54,Sun,13263,error_report,"Inbox"|galaxy,multipart/alternative
2025,2025-07-21,02:35,Mon,10105,error_report,"Inbox"|galaxy,multipart/alternative
2025,2025-07-21,09:51,Mon,4791,tiaas_request,"Inbox"|galaxy,text/plain
2025,2025-07-21,04:23,Mon,12578,error_report,"Inbox"|galaxy,multipart/alternative
2025,2025-07-21,04:46,Mon,13098,error_report,"Inbox"|galaxy,multipart/alternative
2025,2025-07-21,09:59,Mon,41817,error_report,"Inbox"|galaxy,multipart/alternative
2025,2025-07-21,12:06,Mon,19936,error_report,"Inbox"|galaxy,multipart/alternative
2025,2025-07-22,01:40,Tue,9595,error_report,"Inbox"|galaxy,multipart/alternative
2025,2025-07-22,06:33,Tue,79246,error_report,"Inbox"|galaxy,multipart/alternative
2025,2025-07-22,08:46,Tue,12337,error_report,"Inbox"|galaxy,multipart/alternative
2025,2025-07-22,09:54,Tue,24275,error_report,"Inbox"|galaxy,multipart/alternative
2025,2025-07-22,13:56,Tue,10308,error_report,"Inbox"|galaxy,multipart/alternative
2025,2025-07-24,11:42,Thu,26415,error_report,"Inbox"|galaxy,multipart/alternative
2025,2025-07-24,20:38,Thu,79043,error_report,"Inbox"|galaxy,multipart/alternative
2025,2025-07-24,20:48,Thu,13579,error_report,"Inbox"|galaxy,multipart/alternative
2025,2025-07-24,21:39,Thu,79111,error_report,"Inbox"|galaxy,multipart/alternative
2025,2025-07-24,22:58,Thu,13829,error_report,"Inbox"|galaxy,multipart/alternative
2025,2025-07-25,00:35,Fri,14050,error_report,"Inbox"|galaxy,multipart/alternative
2025,2025-07-25,02:35,Fri,9955,error_report,"Inbox"|galaxy,multipart/alternative
2025,2025-07-25,04:56,Fri,23803,error_report,"Inbox"|galaxy,multipart/alternative
2025,2025-07-25,07:26,Fri,68072,error_report,"Inbox"|galaxy,multipart/alternative
2025,2025-07-27,23:11,Sun,11107,error_report,"Inbox"|galaxy,multipart/alternative
2025,2025-07-27,23:53,Sun,10829,error_report,"Inbox"|galaxy,multipart/alternative
2025,2025-07-28,01:09,Mon,11041,error_report,"Inbox"|galaxy,multipart/alternative
2025,2025-07-28,01:20,Mon,12119,error_report,"Inbox"|galaxy,multipart/alternative
2025,2025-07-28,01:20,Mon,12115,error_report,"Inbox"|galaxy,multipart/alternative
2025,2025-07-28,02:01,Mon,12480,error_report,"Inbox"|galaxy,multipart/alternative
2025,2025-07-28,06:43,Mon,11186,error_report,"Inbox"|galaxy,multipart/alternative
2025,2025-07-28,06:44,Mon,11278,error_report,"Inbox"|galaxy,multipart/alternative
2025,2025-07-28,07:00,Mon,10610,error_report,"Inbox"|galaxy,multipart/alternative
2025,2025-07-28,07:53,Mon,11309,error_report,"Inbox"|galaxy,multipart/alternative
2025,2025-07-28,08:03,Mon,11001,error_report,"Inbox"|galaxy,multipart/alternative
2025,2025-07-29,00:27,Tue,9568,error_report,"Inbox"|galaxy,multipart/alternative
2025,2025-07-29,00:28,Tue,12910,error_report,"Inbox"|galaxy,multipart/alternative
2025,2025-07-29,00:28,Tue,12912,error_report,"Inbox"|galaxy,multipart/alternative
2025,2025-07-29,01:45,Tue,13782,error_report,"Inbox"|galaxy,multipart/alternative
2025,2025-07-29,03:03,Tue,13053,error_report,"Inbox"|galaxy,multipart/alternative
2025,2025-07-29,07:26,Tue,14918,error_report,"Inbox"|galaxy,multipart/alternative
2025,2025-07-29,07:26,Tue,17874,error_report,"Inbox"|galaxy,multipart/alternative
2025,2025-07-29,07:53,Tue,11060,error_report,"Inbox"|galaxy,multipart/alternative
2025,2025-07-29,07:54,Tue,11085,error_report,"Inbox"|galaxy,multipart/alternative
2025,2025-07-29,14:19,Tue,11800,error_report,"Inbox"|galaxy,multipart/alternative
2025,2025-07-29,17:03,Tue,11741,error_report,"Inbox"|galaxy,multipart/alternative
2025,2025-07-29,17:03,Tue,11324,error_report,"Inbox"|galaxy,multipart/alternative
2025,2025-07-29,17:05,Tue,11412,error_report,"Inbox"|galaxy,multipart/alternative
2025,2025-07-30,01:24,Wed,12744,error_report,"Inbox"|galaxy,multipart/alternative
2025,2025-07-30,02:55,Wed,12290,error_report,"Inbox"|galaxy,multipart/alternative
2025,2025-07-30,03:20,Wed,15634,error_report,"Inbox"|galaxy,multipart/alternative
2025,2025-07-30,06:31,Wed,11084,error_report,"Inbox"|galaxy,multipart/alternative
2025,2025-07-30,07:26,Wed,11372,error_report,"Inbox"|galaxy,multipart/alternative
2025,2025-07-30,07:26,Wed,11378,error_report,"Inbox"|galaxy,multipart/alternative
2025,2025-07-30,07:26,Wed,9911,error_report,"Inbox"|galaxy,multipart/alternative
2025,2025-07-30,07:53,Wed,12698,error_report,"Inbox"|galaxy,multipart/alternative
2025,2025-07-30,22:00,Wed,9974,error_report,"Inbox"|galaxy,multipart/alternative
2025,2025-07-31,00:18,Thu,12750,error_report,"Inbox"|galaxy,multipart/alternative
2025,2025-07-31,08:30,Thu,16833,error_report,"Inbox"|galaxy,multipart/alternative
2025,2025-08-01,03:49,Fri,11588,error_report,"Inbox"|galaxy,multipart/alternative
2025,2025-08-01,05:25,Fri,19908,error_report,"Inbox"|galaxy,multipart/alternative
2025,2025-08-01,06:03,Fri,28305,error_report,"Inbox"|galaxy,multipart/alternative
2025,2025-08-01,06:49,Fri,10073,error_report,"Inbox"|galaxy,multipart/alternative
2025,2025-08-01,06:49,Fri,10071,error_report,"Inbox"|galaxy,multipart/alternative
2025,2025-08-01,07:40,Fri,19926,error_report,"Inbox"|galaxy,multipart/alternative
2025,2025-08-01,13:59,Fri,14311,error_report,"Inbox"|galaxy,multipart/alternative
2025,2025-08-02,03:43,Sat,10774,error_report,"Inbox"|galaxy,multipart/alternative
2025,2025-08-02,05:41,Sat,11441,error_report,"Inbox"|galaxy,multipart/alternative
2025,2025-08-02,06:32,Sat,90069,error_report,"Inbox"|galaxy,multipart/alternative
2025,2025-08-02,09:30,Sat,14364,error_report,"Inbox"|galaxy,multipart/alternative
2025,2025-08-03,09:37,Sun,10188,error_report,"Inbox"|galaxy,multipart/alternative
2025,2025-08-04,08:26,Mon,4778,tiaas_request,"Inbox"|galaxy,text/plain
2025,2025-08-04,14:12,Mon,4767,tiaas_request,"Inbox"|galaxy,text/plain
2025,2025-08-04,10:23,Mon,37634,error_report,"Inbox"|galaxy,multipart/alternative
2025,2025-08-04,17:13,Mon,12384,error_report,"Inbox"|galaxy,multipart/alternative
2025,2025-08-04,17:13,Mon,12383,error_report,"Inbox"|galaxy,multipart/alternative
2025,2025-08-04,21:52,Mon,11139,error_report,"Inbox"|galaxy,multipart/alternative
2025,2025-08-05,00:55,Tue,10191,error_report,"Inbox"|galaxy,multipart/alternative
2025,2025-08-05,01:52,Tue,12711,error_report,"Inbox"|galaxy,multipart/alternative
2025,2025-08-05,09:51,Tue,4772,tiaas_request,"Inbox"|galaxy,text/plain
2025,2025-08-05,03:23,Tue,21556,error_report,"Inbox"|galaxy,multipart/alternative
2025,2025-08-05,05:58,Tue,16438,error_report,"Inbox"|galaxy,multipart/alternative
2025,2025-08-05,15:19,Tue,4781,tiaas_request,"Inbox"|galaxy,text/plain
2025,2025-08-05,22:51,Tue,10274,error_report,"Inbox"|galaxy,multipart/alternative
2025,2025-08-07,02:47,Thu,13966,error_report,"Inbox"|galaxy,multipart/alternative
2025,2025-08-07,18:13,Thu,4778,tiaas_request,"Inbox"|galaxy,text/plain
2025,2025-08-07,20:25,Thu,16918,error_report,"Inbox"|galaxy,multipart/alternative
2025,2025-08-08,07:33,Fri,279879,error_report,"Inbox"|galaxy,multipart/alternative
2025,2025-08-08,08:50,Fri,78956,error_report,"Inbox"|galaxy,multipart/alternative
2025,2025-08-08,10:10,Fri,10050,error_report,"Inbox"|galaxy,multipart/alternative
2025,2025-08-08,10:37,Fri,13718,error_report,"Inbox"|galaxy,multipart/alternative
2025,2025-08-08,11:57,Fri,12371,error_report,"Inbox"|galaxy,multipart/alternative
2025,2025-08-08,14:03,Fri,19854,error_report,"Inbox"|galaxy,multipart/alternative
2025,2025-08-09,08:26,Sat,13646,error_report,"Inbox"|galaxy,multipart/alternative
2025,2025-08-09,19:31,Sat,11994,error_report,"Inbox"|galaxy,multipart/alternative
2025,2025-08-10,23:27,Sun,10112,error_report,"Inbox"|galaxy,multipart/alternative
2025,2025-08-11,04:15,Mon,20820,error_report,"Inbox"|galaxy,multipart/alternative
2025,2025-08-11,07:59,Mon,22356,error_report,"Inbox"|galaxy,multipart/alternative
2025,2025-08-11,10:08,Mon,11179,error_report,"Inbox"|galaxy,multipart/alternative
2025,2025-08-11,12:38,Mon,23692,error_report,"Inbox"|galaxy,multipart/alternative
2025,2025-08-11,13:05,Mon,15371,error_report,"Inbox"|galaxy,multipart/alternative
2025,2025-08-11,15:19,Mon,12282,error_report,"Inbox"|galaxy,multipart/alternative
2025,2025-08-11,22:35,Mon,9775,error_report,"Inbox"|galaxy,multipart/alternative
2025,2025-08-12,05:48,Tue,9698,error_report,"Inbox"|galaxy,multipart/alternative
2025,2025-08-12,06:50,Tue,13486,error_report,"Inbox"|galaxy,multipart/alternative
2025,2025-08-13,04:29,Wed,11013,error_report,"Inbox"|galaxy,multipart/alternative
2025,2025-08-13,06:52,Wed,12880,error_report,"Inbox"|galaxy,multipart/alternative
2025,2025-08-13,14:05,Wed,10884,error_report,"Inbox"|galaxy,multipart/alternative
2025,2025-08-13,23:29,Wed,9934,error_report,"Inbox"|galaxy,multipart/alternative
2025,2025-08-14,00:18,Thu,11907,error_report,"Inbox"|galaxy,multipart/alternative
2025,2025-08-14,01:15,Thu,14556,error_report,"Inbox"|galaxy,multipart/alternative
2025,2025-08-14,07:09,Thu,12218,error_report,"Inbox"|galaxy,multipart/alternative
2025,2025-08-14,12:06,Thu,32183,error_report,"Inbox"|galaxy,multipart/alternative
2025,2025-08-14,12:36,Thu,32165,error_report,"Inbox"|galaxy,multipart/alternative
2025,2025-08-14,12:55,Thu,32376,error_report,"Inbox"|galaxy,multipart/alternative
2025,2025-08-15,00:08,Fri,14673,error_report,"Inbox"|galaxy,multipart/alternative
2025,2025-08-16,09:55,Sat,26355,error_report,"Inbox"|galaxy,multipart/alternative
2025,2025-08-16,19:24,Sat,11460,error_report,"Inbox"|galaxy,multipart/alternative
2025,2025-08-17,07:20,Sun,11531,error_report,"Inbox"|galaxy,multipart/alternative
2025,2025-08-18,01:14,Mon,13931,error_report,"Inbox"|galaxy,multipart/alternative
2025,2025-08-18,03:12,Mon,24499,error_report,"Inbox"|galaxy,multipart/alternative
2025,2025-08-18,11:52,Mon,31070,error_report,"Inbox"|galaxy,multipart/alternative
2025,2025-08-18,12:04,Mon,30385,error_report,"Inbox"|galaxy,multipart/alternative
2025,2025-08-18,14:04,Mon,12686,error_report,"Inbox"|galaxy,multipart/alternative
2025,2025-08-18,18:37,Mon,13732,error_report,"Inbox"|galaxy,multipart/alternative
2025,2025-08-18,20:14,Mon,17958,error_report,"Inbox"|galaxy,multipart/alternative
2025,2025-08-19,05:00,Tue,9752,error_report,"Inbox"|galaxy,multipart/alternative
2025,2025-08-19,06:52,Tue,13280,error_report,"Inbox"|galaxy,multipart/alternative
2025,2025-08-19,12:32,Tue,18605,error_report,"Inbox"|galaxy,multipart/alternative
2025,2025-08-19,13:46,Tue,12465,error_report,"Inbox"|galaxy,multipart/alternative
2025,2025-08-20,12:05,Wed,4769,tiaas_request,"Inbox"|galaxy,text/plain
2025,2025-08-20,07:51,Wed,61135,error_report,"Inbox"|galaxy,multipart/alternative
2025,2025-08-20,22:20,Wed,17674,error_report,"Inbox"|galaxy,multipart/alternative
2025,2025-08-21,01:41,Thu,18433,error_report,"Inbox"|galaxy,multipart/alternative
2025,2025-08-21,09:05,Thu,13786,error_report,"Inbox"|galaxy,multipart/alternative
2025,2025-08-21,10:51,Thu,11606,error_report,"Inbox"|galaxy,multipart/alternative
2025,2025-08-21,13:03,Thu,10576,error_report,"Inbox"|galaxy,multipart/alternative
2025,2025-08-21,14:49,Thu,10597,error_report,"Inbox"|galaxy,multipart/alternative
2025,2025-08-21,19:46,Thu,15089,error_report,"Inbox"|galaxy,multipart/alternative
2025,2025-08-21,19:56,Thu,14454,error_report,"Inbox"|galaxy,multipart/alternative
2025,2025-08-21,19:56,Thu,14455,error_report,"Inbox"|galaxy,multipart/alternative
2025,2025-08-22,01:58,Fri,10832,error_report,"Inbox"|galaxy,multipart/alternative
2025,2025-08-22,03:46,Fri,18697,error_report,"Inbox"|galaxy,multipart/alternative
2025,2025-08-22,04:04,Fri,9671,error_report,"Inbox"|galaxy,multipart/alternative
2025,2025-08-22,06:24,Fri,11421,error_report,"Inbox"|galaxy,multipart/alternative
2025,2025-08-22,08:49,Fri,18829,error_report,"Inbox"|galaxy,multipart/alternative
2025,2025-08-22,09:21,Fri,11690,error_report,"Inbox"|galaxy,multipart/alternative
2025,2025-08-22,09:21,Fri,11688,error_report,"Inbox"|galaxy,multipart/alternative
2025,2025-08-22,11:53,Fri,13555,error_report,"Inbox"|galaxy,multipart/alternative
2025,2025-08-23,07:16,Sat,9632,error_report,"Inbox"|galaxy,multipart/alternative
2025,2025-08-23,07:16,Sat,9617,error_report,"Inbox"|galaxy,multipart/alternative
2025,2025-08-25,08:51,Mon,4785,tiaas_request,"Inbox"|galaxy,text/plain
2025,2025-08-25,09:00,Mon,4782,tiaas_request,"Inbox"|galaxy,text/plain
2025,2025-08-25,15:09,Mon,4775,tiaas_request,"Inbox"|galaxy,text/plain
2025,2025-08-25,15:10,Mon,4775,tiaas_request,"Inbox"|galaxy,text/plain
2025,2025-08-25,10:11,Mon,10525,error_report,"Inbox"|galaxy,multipart/alternative
2025,2025-08-26,02:09,Tue,10003,error_report,"Inbox"|galaxy,multipart/alternative
2025,2025-08-26,03:50,Tue,15237,error_report,"Inbox"|galaxy,multipart/alternative
2025,2025-08-26,22:51,Tue,24625,error_report,"Inbox"|galaxy,multipart/alternative
2025,2025-08-26,22:52,Tue,24626,error_report,"Inbox"|galaxy,multipart/alternative
2025,2025-08-27,00:21,Wed,12566,error_report,"Inbox"|galaxy,multipart/alternative
2025,2025-08-27,05:06,Wed,11113,error_report,"Inbox"|galaxy,multipart/alternative
2025,2025-08-27,08:47,Wed,23439,error_report,"Inbox"|galaxy,multipart/alternative
2025,2025-08-28,02:02,Thu,11153,error_report,"Inbox"|galaxy,multipart/alternative
2025,2025-08-28,02:12,Thu,329476,error_report,"Inbox"|galaxy,multipart/alternative
2025,2025-08-28,17:10,Thu,10478,error_report,"Inbox"|galaxy,multipart/alternative
2025,2025-08-28,19:44,Thu,15879,error_report,"Inbox"|galaxy,multipart/alternative
2025,2025-08-29,01:33,Fri,15689,error_report,"Inbox"|galaxy,multipart/alternative
2025,2025-08-29,02:37,Fri,10619,error_report,"Inbox"|galaxy,multipart/alternative
2025,2025-08-29,07:12,Fri,11408,error_report,"Inbox"|galaxy,multipart/alternative
2025,2025-08-29,13:12,Fri,10118,error_report,"Inbox"|galaxy,multipart/alternative
2025,2025-08-29,23:13,Fri,10978,error_report,"Inbox"|galaxy,multipart/alternative
2025,2025-09-01,00:37,Mon,11289,error_report,"Inbox"|galaxy,multipart/alternative
2025,2025-09-01,08:01,Mon,4777,tiaas_request,"Inbox"|galaxy,text/plain
2025,2025-09-01,01:19,Mon,10631,error_report,"Inbox"|galaxy,multipart/alternative
2025,2025-09-01,03:03,Mon,94838,error_report,"Inbox"|galaxy,multipart/alternative
2025,2025-09-01,12:48,Mon,4770,tiaas_request,"Inbox"|galaxy,text/plain
2025,2025-09-01,20:49,Mon,11038,error_report,"Inbox"|galaxy,multipart/alternative
2025,2025-09-02,01:59,Tue,10027,error_report,"Inbox"|galaxy,multipart/alternative
2025,2025-09-03,01:50,Wed,10868,error_report,"Inbox"|galaxy,multipart/alternative
2025,2025-09-03,03:43,Wed,18763,error_report,"Inbox"|galaxy,multipart/alternative
2025,2025-09-03,03:53,Wed,14233,error_report,"Inbox"|galaxy,multipart/alternative
2025,2025-09-03,06:57,Wed,11668,error_report,"Inbox"|galaxy,multipart/alternative
2025,2025-09-03,07:30,Wed,65486,error_report,"Inbox"|galaxy,multipart/alternative
2025,2025-09-03,07:51,Wed,10892,error_report,"Inbox"|galaxy,multipart/alternative
2025,2025-09-03,15:10,Wed,17218,error_report,"Inbox"|galaxy,multipart/alternative
2025,2025-09-03,15:41,Wed,10920,error_report,"Inbox"|galaxy,multipart/alternative
2025,2025-09-04,04:29,Thu,11079,error_report,"Inbox"|galaxy,multipart/alternative
2025,2025-09-04,08:53,Thu,13866,error_report,"Inbox"|galaxy,multipart/alternative
2025,2025-09-05,02:47,Fri,96438,error_report,"Inbox"|galaxy,multipart/alternative
2025,2025-09-06,02:14,Sat,95303,error_report,"Inbox"|galaxy,multipart/alternative
2025,2025-09-07,01:36,Sun,10367,error_report,"Inbox"|galaxy,multipart/alternative
2025,2025-09-07,04:05,Sun,12390,error_report,"Inbox"|galaxy,multipart/alternative
2025,2025-09-08,12:30,Mon,4773,tiaas_request,"Inbox"|galaxy,text/plain
2025,2025-09-08,10:08,Mon,10877,error_report,"Inbox"|galaxy,multipart/alternative
2025,2025-09-09,03:27,Tue,11210,error_report,"Inbox"|galaxy,multipart/alternative
2025,2025-09-10,04:16,Wed,15328,error_report,"Inbox"|galaxy,multipart/alternative
2025,2025-09-10,05:47,Wed,14380,error_report,"Inbox"|galaxy,multipart/alternative
2025,2025-09-11,01:02,Thu,12197,error_report,"Inbox"|galaxy,multipart/alternative
2025,2025-09-11,11:48,Thu,81936,error_report,"Inbox"|galaxy,multipart/alternative
2025,2025-09-11,11:52,Thu,81917,error_report,"Inbox"|galaxy,multipart/alternative
2025,2025-09-12,05:34,Fri,18552,error_report,"Inbox"|galaxy,multipart/alternative
2025,2025-09-12,08:06,Fri,18728,error_report,"Inbox"|galaxy,multipart/alternative
2025,2025-09-12,14:59,Fri,10365,error_report,"Inbox"|galaxy,multipart/alternative
2025,2025-09-12,17:41,Fri,22820,error_report,"Inbox"|galaxy,multipart/alternative
2025,2025-09-14,02:34,Sun,12445,error_report,"Inbox"|galaxy,multipart/alternative
2025,2025-09-15,12:58,Mon,4768,tiaas_request,"Inbox"|galaxy,text/plain
2025,2025-09-15,07:53,Mon,10873,error_report,"Inbox"|galaxy,multipart/alternative
2025,2025-09-15,14:31,Mon,13067,error_report,"Inbox"|galaxy,multipart/alternative
2025,2025-09-16,08:16,Tue,12761,error_report,"Inbox"|galaxy,multipart/alternative
2025,2025-09-17,02:08,Wed,14558,error_report,"Inbox"|galaxy,multipart/alternative
2025,2025-09-17,06:33,Wed,12450,error_report,"Inbox"|galaxy,multipart/alternative
2025,2025-09-17,22:29,Wed,9483,error_report,"Inbox"|galaxy,multipart/alternative
2025,2025-09-18,13:09,Thu,83827,error_report,"Inbox"|galaxy,multipart/alternative
2025,2025-09-19,09:00,Fri,4770,tiaas_request,"Inbox"|galaxy,text/plain
2025,2025-09-19,17:38,Fri,9878,error_report,"Inbox"|galaxy,multipart/alternative
2025,2025-09-19,21:50,Fri,15192,error_report,"Inbox"|galaxy,multipart/alternative
2025,2025-09-20,15:01,Sat,12176,error_report,"Inbox"|galaxy,multipart/alternative
2025,2025-09-21,10:30,Sun,10911,error_report,"Inbox"|galaxy,multipart/alternative
2025,2025-09-21,12:12,Sun,13796,error_report,"Inbox"|galaxy,multipart/alternative
2025,2025-09-21,14:20,Sun,11985,error_report,"Inbox"|galaxy,multipart/alternative
2025,2025-09-22,01:46,Mon,81376,error_report,"Inbox"|galaxy,multipart/alternative
2025,2025-09-22,12:43,Mon,11165,error_report,"Inbox"|galaxy,multipart/alternative
2025,2025-09-22,13:35,Mon,13660,error_report,"Inbox"|galaxy,multipart/alternative
2025,2025-09-23,09:23,Tue,4775,tiaas_request,"Inbox"|galaxy,text/plain
2025,2025-09-23,03:05,Tue,95973,error_report,"Inbox"|galaxy,multipart/alternative
2025,2025-09-23,12:37,Tue,4784,tiaas_request,"Inbox"|galaxy,text/plain
2025,2025-09-23,06:29,Tue,12992,error_report,"Inbox"|galaxy,multipart/alternative
2025,2025-09-23,18:03,Tue,4780,tiaas_request,"Inbox"|galaxy,text/plain
2025,2025-09-24,03:47,Wed,95658,error_report,"Inbox"|galaxy,multipart/alternative
2025,2025-09-24,10:38,Wed,15447,error_report,"Inbox"|galaxy,multipart/alternative
2025,2025-09-24,21:52,Wed,10042,error_report,"Inbox"|galaxy,multipart/alternative
2025,2025-09-25,01:17,Thu,11952,error_report,"Inbox"|galaxy,multipart/alternative
2025,2025-09-25,07:25,Thu,11952,error_report,"Inbox"|galaxy,multipart/alternative
2025,2025-09-25,09:29,Thu,14290,error_report,"Inbox"|galaxy,multipart/alternative
2025,2025-09-26,05:34,Fri,15607,error_report,"Inbox"|galaxy,multipart/alternative
2025,2025-09-26,06:11,Fri,96272,error_report,"Inbox"|galaxy,multipart/alternative
2025,2025-09-26,07:31,Fri,15069,error_report,"Inbox"|galaxy,multipart/alternative
2025,2025-09-27,12:39,Sat,9788,error_report,"Inbox"|galaxy,multipart/alternative
2025,2025-09-28,14:28,Sun,71799,error_report,"Inbox"|galaxy,multipart/alternative
2025,2025-09-28,18:51,Sun,13010,error_report,"Inbox"|galaxy,multipart/alternative
2025,2025-09-29,03:54,Mon,16855,error_report,"Inbox"|galaxy,multipart/alternative
2025,2025-09-29,14:55,Mon,4782,tiaas_request,"Inbox"|galaxy,text/plain
2025,2025-09-29,10:44,Mon,11354,error_report,"Inbox"|galaxy,multipart/alternative
2025,2025-09-29,17:40,Mon,14754,error_report,"Inbox"|galaxy,multipart/alternative
2025,2025-09-30,01:22,Tue,14723,error_report,"Inbox"|galaxy,multipart/alternative
2025,2025-09-30,03:36,Tue,14896,error_report,"Inbox"|galaxy,multipart/alternative
2025,2025-09-30,06:39,Tue,13111,error_report,"Inbox"|galaxy,multipart/alternative
2025,2025-09-30,07:18,Tue,12683,error_report,"Inbox"|galaxy,multipart/alternative
2025,2025-09-30,13:45,Tue,17464,error_report,"Inbox"|galaxy,multipart/alternative
2025,2025-09-30,14:17,Tue,11351,error_report,"Inbox"|galaxy,multipart/alternative
2025,2025-09-30,22:29,Tue,88722,error_report,"Inbox"|galaxy,multipart/alternative
2025,2025-10-02,10:14,Thu,12645,error_report,"Inbox"|galaxy,multipart/alternative
2025,2025-10-02,10:34,Thu,42496,error_report,"Inbox"|galaxy,multipart/alternative
2025,2025-10-02,12:18,Thu,15383,error_report,"Inbox"|galaxy,multipart/alternative
2025,2025-10-02,14:30,Thu,42086,error_report,"Inbox"|galaxy,multipart/alternative
2025,2025-10-03,00:22,Fri,14508,error_report,"Inbox"|galaxy,multipart/alternative
2025,2025-10-03,03:40,Fri,12012,error_report,"Inbox"|galaxy,multipart/alternative
2025,2025-10-03,03:41,Fri,12008,error_report,"Inbox"|galaxy,multipart/alternative
2025,2025-10-03,07:47,Fri,9610,error_report,"Inbox"|galaxy,multipart/alternative
2025,2025-10-03,07:50,Fri,43534,error_report,"Inbox"|galaxy,multipart/alternative
2025,2025-10-03,08:00,Fri,9722,error_report,"Inbox"|galaxy,multipart/alternative
2025,2025-10-03,08:11,Fri,11369,error_report,"Inbox"|galaxy,multipart/alternative
2025,2025-10-03,15:46,Fri,60147,error_report,"Inbox"|galaxy,multipart/alternative
2025,2025-10-03,22:11,Fri,23007,error_report,"Inbox"|galaxy,multipart/alternative
2025,2025-10-04,04:46,Sat,10006,error_report,"Inbox"|galaxy,multipart/alternative
2025,2025-10-04,21:07,Sat,96341,error_report,"Inbox"|galaxy,multipart/alternative
2025,2025-10-05,00:32,Sun,13353,error_report,"Inbox"|galaxy,multipart/alternative
2025,2025-10-05,10:26,Sun,22182,error_report,"Inbox"|galaxy,multipart/alternative
2025,2025-10-05,13:27,Sun,11158,error_report,"Inbox"|galaxy,multipart/alternative
2025,2025-10-06,00:04,Mon,65710,error_report,"Inbox"|galaxy,multipart/alternative
2025,2025-10-06,00:19,Mon,13965,error_report,"Inbox"|galaxy,multipart/alternative
2025,2025-10-06,01:23,Mon,96547,error_report,"Inbox"|galaxy,multipart/alternative
2025,2025-10-06,08:54,Mon,4779,tiaas_request,"Inbox"|galaxy,text/plain
2025,2025-10-06,02:16,Mon,25298,error_report,"Inbox"|galaxy,multipart/alternative
2025,2025-10-06,03:08,Mon,9967,error_report,"Inbox"|galaxy,multipart/alternative
2025,2025-10-06,05:11,Mon,11372,error_report,"Inbox"|galaxy,multipart/alternative
2025,2025-10-06,05:41,Mon,10508,error_report,"Inbox"|galaxy,multipart/alternative
2025,2025-10-06,07:02,Mon,9618,error_report,"Inbox"|galaxy,multipart/alternative
2025,2025-10-06,07:29,Mon,15537,error_report,"Inbox"|galaxy,multipart/alternative
2025,2025-10-06,07:29,Mon,15540,error_report,"Inbox"|galaxy,multipart/alternative
2025,2025-10-06,16:08,Mon,4771,tiaas_request,"Inbox"|galaxy,text/plain
2025,2025-10-07,09:01,Tue,4779,tiaas_request,"Inbox"|galaxy,text/plain
2025,2025-10-07,08:16,Tue,15539,error_report,"Inbox"|galaxy,multipart/alternative
2025,2025-10-07,11:03,Tue,77395,error_report,"Inbox"|galaxy,multipart/alternative
2025,2025-10-07,16:23,Tue,10836,error_report,"Inbox"|galaxy,multipart/alternative
2025,2025-10-07,16:23,Tue,10836,error_report,"Inbox"|galaxy,multipart/alternative
2025,2025-10-08,00:54,Wed,10775,error_report,"Inbox"|galaxy,multipart/alternative
2025,2025-10-08,04:09,Wed,15233,error_report,"Inbox"|galaxy,multipart/alternative
2025,2025-10-08,04:49,Wed,24858,error_report,"Inbox"|galaxy,multipart/alternative
2025,2025-10-08,05:54,Wed,96253,error_report,"Inbox"|galaxy,multipart/alternative
2025,2025-10-08,06:33,Wed,9936,error_report,"Inbox"|galaxy,multipart/alternative
2025,2025-10-08,11:50,Wed,12802,error_report,"Inbox"|galaxy,multipart/alternative
2025,2025-10-08,16:59,Wed,9677,error_report,"Inbox"|galaxy,multipart/alternative
2025,2025-10-08,17:14,Wed,15373,error_report,"Inbox"|galaxy,multipart/alternative
2025,2025-10-08,22:27,Wed,10584,error_report,"Inbox"|galaxy,multipart/alternative
2025,2025-10-09,08:18,Thu,4770,tiaas_request,"Inbox"|galaxy,text/plain
2025,2025-10-09,02:08,Thu,11184,error_report,"Inbox"|galaxy,multipart/alternative
2025,2025-10-09,04:37,Thu,15496,error_report,"Inbox"|galaxy,multipart/alternative
2025,2025-10-09,13:12,Thu,10179,error_report,"Inbox"|galaxy,multipart/alternative
2025,2025-10-09,16:21,Thu,11441,error_report,"Inbox"|galaxy,multipart/alternative
2025,2025-10-09,23:08,Thu,11205,error_report,"Inbox"|galaxy,multipart/alternative
2025,2025-10-10,13:52,Fri,4776,tiaas_request,"Inbox"|galaxy,text/plain
2025,2025-10-10,14:15,Fri,4768,tiaas_request,"Inbox"|galaxy,text/plain
2025,2025-10-10,13:55,Fri,18781,error_report,"Inbox"|galaxy,multipart/alternative
2025,2025-10-10,19:14,Fri,12472,error_report,"Inbox"|galaxy,multipart/alternative
2025,2025-10-11,11:10,Sat,9741,error_report,"Inbox"|galaxy,multipart/alternative
2025,2025-10-12,13:39,Sun,13308,error_report,"Inbox"|galaxy,multipart/alternative
2025,2025-10-12,19:13,Sun,10833,error_report,"Inbox"|galaxy,multipart/alternative
2025,2025-10-12,23:09,Sun,11402,error_report,"Inbox"|galaxy,multipart/alternative
2025,2025-10-13,16:35,Mon,15560,error_report,"Inbox"|galaxy,multipart/alternative
2025,2025-10-14,02:45,Tue,9983,error_report,"Inbox"|galaxy,multipart/alternative
2025,2025-10-14,02:45,Tue,9982,error_report,"Inbox"|galaxy,multipart/alternative
2025,2025-10-14,04:23,Tue,10792,error_report,"Inbox"|galaxy,multipart/alternative
2025,2025-10-14,06:45,Tue,11757,error_report,"Inbox"|galaxy,multipart/alternative
2025,2025-10-14,08:44,Tue,12002,error_report,"Inbox"|galaxy,multipart/alternative
2025,2025-10-14,08:44,Tue,12002,error_report,"Inbox"|galaxy,multipart/alternative
2025,2025-10-14,10:15,Tue,10069,error_report,"Inbox"|galaxy,multipart/alternative
2025,2025-10-14,13:32,Tue,15962,error_report,"Inbox"|galaxy,multipart/alternative
2025,2025-10-14,13:52,Tue,20392,error_report,"Inbox"|galaxy,multipart/alternative
2025,2025-10-14,20:59,Tue,4780,tiaas_request,"Inbox"|galaxy,text/plain
2025,2025-10-15,00:13,Wed,23875,error_report,"Inbox"|galaxy,multipart/alternative
2025,2025-10-15,03:49,Wed,15416,error_report,"Inbox"|galaxy,multipart/alternative
2025,2025-10-15,03:51,Wed,24891,error_report,"Inbox"|galaxy,multipart/alternative
2025,2025-10-15,07:31,Wed,30035,error_report,"Inbox"|galaxy,multipart/alternative
2025,2025-10-15,10:43,Wed,20228,error_report,"Inbox"|galaxy,multipart/alternative
2025,2025-10-16,08:22,Thu,4784,tiaas_request,"Inbox"|galaxy,text/plain
2025,2025-10-16,10:06,Thu,4788,tiaas_request,"Inbox"|galaxy,text/plain
2025,2025-10-16,10:09,Thu,4785,tiaas_request,"Inbox"|galaxy,text/plain
2025,2025-10-16,16:00,Thu,10884,error_report,"Inbox"|galaxy,multipart/alternative
2025,2025-10-16,17:07,Thu,19045,error_report,"Inbox"|galaxy,multipart/alternative
2025,2025-10-17,14:23,Fri,4783,tiaas_request,"Inbox"|galaxy,text/plain
2025,2025-10-17,19:14,Fri,12982,error_report,"Inbox"|galaxy,multipart/alternative
2025,2025-10-18,05:48,Sat,15261,error_report,"Inbox"|galaxy,multipart/alternative
2025,2025-10-18,05:50,Sat,15264,error_report,"Inbox"|galaxy,multipart/alternative
2025,2025-10-18,08:13,Sat,12566,error_report,"Inbox"|galaxy,multipart/alternative
2025,2025-10-20,01:05,Mon,21874,error_report,"Inbox"|galaxy,multipart/alternative
2025,2025-10-20,05:22,Mon,14528,error_report,"Inbox"|galaxy,multipart/alternative
2025,2025-10-20,05:22,Mon,14529,error_report,"Inbox"|galaxy,multipart/alternative
2025,2025-10-20,05:56,Mon,14930,error_report,"Inbox"|galaxy,multipart/alternative
2025,2025-10-20,05:56,Mon,14926,error_report,"Inbox"|galaxy,multipart/alternative
2025,2025-10-20,06:15,Mon,13431,error_report,"Inbox"|galaxy,multipart/alternative
2025,2025-10-20,06:15,Mon,13433,error_report,"Inbox"|galaxy,multipart/alternative
2025,2025-10-20,07:42,Mon,11136,error_report,"Inbox"|galaxy,multipart/alternative
2025,2025-10-20,07:42,Mon,11134,error_report,"Inbox"|galaxy,multipart/alternative
2025,2025-10-20,08:36,Mon,12482,error_report,"Inbox"|galaxy,multipart/alternative
2025,2025-10-20,08:36,Mon,12486,error_report,"Inbox"|galaxy,multipart/alternative
2025,2025-10-20,09:11,Mon,15226,error_report,"Inbox"|galaxy,multipart/alternative
2025,2025-10-20,09:34,Mon,38607,error_report,"Inbox"|galaxy,multipart/alternative
2025,2025-10-21,07:57,Tue,4775,tiaas_request,"Inbox"|galaxy,text/plain
2025,2025-10-21,02:03,Tue,12846,error_report,"Inbox"|galaxy,multipart/alternative
2025,2025-10-21,02:07,Tue,11407,error_report,"Inbox"|galaxy,multipart/alternative
2025,2025-10-21,02:07,Tue,11403,error_report,"Inbox"|galaxy,multipart/alternative
2025,2025-10-21,02:11,Tue,13675,error_report,"Inbox"|galaxy,multipart/alternative
2025,2025-10-21,03:28,Tue,11111,error_report,"Inbox"|galaxy,multipart/alternative
2025,2025-10-21,03:29,Tue,11109,error_report,"Inbox"|galaxy,multipart/alternative
2025,2025-10-21,04:37,Tue,10311,error_report,"Inbox"|galaxy,multipart/alternative
2025,2025-10-21,04:48,Tue,21319,error_report,"Inbox"|galaxy,multipart/alternative
2025,2025-10-21,04:48,Tue,21318,error_report,"Inbox"|galaxy,multipart/alternative
2025,2025-10-21,05:09,Tue,11976,error_report,"Inbox"|galaxy,multipart/alternative
2025,2025-10-21,05:19,Tue,11335,error_report,"Inbox"|galaxy,multipart/alternative
2025,2025-10-21,05:19,Tue,11336,error_report,"Inbox"|galaxy,multipart/alternative
2025,2025-10-21,05:19,Tue,11327,error_report,"Inbox"|galaxy,multipart/alternative
2025,2025-10-21,05:19,Tue,11328,error_report,"Inbox"|galaxy,multipart/alternative
2025,2025-10-21,05:20,Tue,11336,error_report,"Inbox"|galaxy,multipart/alternative
2025,2025-10-21,05:22,Tue,11448,error_report,"Inbox"|galaxy,multipart/alternative
2025,2025-10-21,05:22,Tue,10592,error_report,"Inbox"|galaxy,multipart/alternative
2025,2025-10-21,08:14,Tue,9953,error_report,"Inbox"|galaxy,multipart/alternative
2025,2025-10-21,08:15,Tue,9952,error_report,"Inbox"|galaxy,multipart/alternative
2025,2025-10-21,14:59,Tue,16045,error_report,"Inbox"|galaxy,multipart/alternative
2025,2025-10-22,00:06,Wed,13499,error_report,"Inbox"|galaxy,multipart/alternative
2025,2025-10-22,01:32,Wed,11353,error_report,"Inbox"|galaxy,multipart/alternative
2025,2025-10-22,01:41,Wed,28550,error_report,"Inbox"|galaxy,multipart/alternative
2025,2025-10-22,02:22,Wed,10973,error_report,"Inbox"|galaxy,multipart/alternative
2025,2025-10-22,12:22,Wed,15152,error_report,"Inbox"|galaxy,multipart/alternative
2025,2025-10-23,01:25,Thu,103035,error_report,"Inbox"|galaxy,multipart/alternative
2025,2025-10-23,03:34,Thu,11993,error_report,"Inbox"|galaxy,multipart/alternative
2025,2025-10-23,04:21,Thu,82443,error_report,"Inbox"|galaxy,multipart/alternative
2025,2025-10-23,15:27,Thu,12928,error_report,"Inbox"|galaxy,multipart/alternative
2025,2025-10-24,00:30,Fri,14785,error_report,"Inbox"|galaxy,multipart/alternative
2025,2025-10-24,07:00,Fri,13864,error_report,"Inbox"|galaxy,multipart/alternative
2025,2025-10-24,09:34,Fri,12827,error_report,"Inbox"|galaxy,multipart/alternative
2025,2025-10-25,06:22,Sat,11293,error_report,"Inbox"|galaxy,multipart/alternative
2025,2025-10-25,06:34,Sat,81186,error_report,"Inbox"|galaxy,multipart/alternative
2025,2025-10-25,09:16,Sat,10946,error_report,"Inbox"|galaxy,multipart/alternative
2025,2025-10-26,09:44,Sun,9967,error_report,"Inbox"|galaxy,multipart/alternative
2025,2025-10-26,12:22,Sun,10786,error_report,"Inbox"|galaxy,multipart/alternative
2025,2025-10-26,12:52,Sun,10248,error_report,"Inbox"|galaxy,multipart/alternative
2025,2025-10-27,01:34,Mon,10286,error_report,"Inbox"|galaxy,multipart/alternative
2025,2025-10-27,04:35,Mon,20773,error_report,"Inbox"|galaxy,multipart/alternative
2025,2025-10-27,10:31,Mon,10715,error_report,"Inbox"|galaxy,multipart/alternative
2025,2025-10-27,10:31,Mon,10715,error_report,"Inbox"|galaxy,multipart/alternative
2025,2025-10-27,10:31,Mon,10715,error_report,"Inbox"|galaxy,multipart/alternative
2025,2025-10-27,10:31,Mon,10713,error_report,"Inbox"|galaxy,multipart/alternative
2025,2025-10-27,11:20,Mon,13324,error_report,"Inbox"|galaxy,multipart/alternative
2025,2025-10-27,11:20,Mon,13323,error_report,"Inbox"|galaxy,multipart/alternative
2025,2025-10-27,12:10,Mon,11193,error_report,"Inbox"|galaxy,multipart/alternative
2025,2025-10-27,23:31,Mon,79675,error_report,"Inbox"|galaxy,multipart/alternative
2025,2025-10-27,23:31,Mon,79677,error_report,"Inbox"|galaxy,multipart/alternative
2025,2025-10-28,02:33,Tue,27282,error_report,"Inbox"|galaxy,multipart/alternative
2025,2025-10-28,14:06,Tue,11855,error_report,"Inbox"|galaxy,multipart/alternative
2025,2025-10-28,20:06,Tue,10405,error_report,"Inbox"|galaxy,multipart/alternative
2025,2025-10-30,00:12,Thu,9585,error_report,"Inbox"|galaxy,multipart/alternative
2025,2025-10-30,01:52,Thu,11438,error_report,"Inbox"|galaxy,multipart/alternative
2025,2025-10-30,07:16,Thu,13118,error_report,"Inbox"|galaxy,multipart/alternative
2025,2025-10-30,14:06,Thu,14359,error_report,"Inbox"|galaxy,multipart/alternative
2025,2025-10-30,22:10,Thu,4779,tiaas_request,"Inbox"|galaxy,text/plain
2025,2025-10-31,07:58,Fri,14806,error_report,"Inbox"|galaxy,multipart/alternative
2025,2025-10-31,11:13,Fri,19390,error_report,"Inbox"|galaxy,multipart/alternative
2025,2025-11-01,11:53,Sat,10115,error_report,"Inbox"|galaxy,multipart/alternative
2025,2025-11-03,09:44,Mon,11177,error_report,"Inbox"|galaxy,multipart/alternative
2025,2025-11-03,17:52,Mon,11369,error_report,"Inbox"|galaxy,multipart/alternative
2025,2025-11-03,23:43,Mon,10291,error_report,"Inbox"|galaxy,multipart/alternative
2025,2025-11-04,00:26,Tue,11372,error_report,"Inbox"|galaxy,multipart/alternative
2025,2025-11-04,00:26,Tue,11372,error_report,"Inbox"|galaxy,multipart/alternative
2025,2025-11-04,06:33,Tue,28376,error_report,"Inbox"|galaxy,multipart/alternative
2025,2025-11-04,07:00,Tue,9752,error_report,"Inbox"|galaxy,multipart/alternative
2025,2025-11-04,07:48,Tue,11338,error_report,"Inbox"|galaxy,multipart/alternative
2025,2025-11-04,07:49,Tue,14535,error_report,"Inbox"|galaxy,multipart/alternative
2025,2025-11-04,08:00,Tue,11013,error_report,"Inbox"|galaxy,multipart/alternative
2025,2025-11-04,09:51,Tue,10002,error_report,"Inbox"|galaxy,multipart/alternative
2025,2025-11-04,09:51,Tue,10006,error_report,"Inbox"|galaxy,multipart/alternative
2025,2025-11-04,20:29,Tue,9948,error_report,"Inbox"|galaxy,multipart/alternative
2025,2025-11-04,20:42,Tue,14065,error_report,"Inbox"|galaxy,multipart/alternative
2025,2025-11-04,22:08,Tue,18170,error_report,"Inbox"|galaxy,multipart/alternative
2025,2025-11-05,00:02,Wed,26149,error_report,"Inbox"|galaxy,multipart/alternative
2025,2025-11-05,00:48,Wed,14322,error_report,"Inbox"|galaxy,multipart/alternative
2025,2025-11-05,05:29,Wed,11405,error_report,"Inbox"|galaxy,multipart/alternative
2025,2025-11-05,08:51,Wed,11290,error_report,"Inbox"|galaxy,multipart/alternative
2025,2025-11-05,09:39,Wed,12571,error_report,"Inbox"|galaxy,multipart/alternative
2025,2025-11-05,18:43,Wed,10389,error_report,"Inbox"|galaxy,multipart/alternative
2025,2025-11-05,19:26,Wed,10593,error_report,"Inbox"|galaxy,multipart/alternative
2025,2025-11-06,00:07,Thu,13680,error_report,"Inbox"|galaxy,multipart/alternative
2025,2025-11-06,04:48,Thu,23031,error_report,"Inbox"|galaxy,multipart/alternative
2025,2025-11-06,05:32,Thu,22488,error_report,"Inbox"|galaxy,multipart/alternative
2025,2025-11-06,05:57,Thu,22500,error_report,"Inbox"|galaxy,multipart/alternative
2025,2025-11-06,05:57,Thu,11708,error_report,"Inbox"|galaxy,multipart/alternative
2025,2025-11-06,05:58,Thu,22501,error_report,"Inbox"|galaxy,multipart/alternative
2025,2025-11-06,06:45,Thu,22290,error_report,"Inbox"|galaxy,multipart/alternative
2025,2025-11-06,06:53,Thu,22245,error_report,"Inbox"|galaxy,multipart/alternative
2025,2025-11-06,06:53,Thu,22250,error_report,"Inbox"|galaxy,multipart/alternative
2025,2025-11-06,07:16,Thu,22372,error_report,"Inbox"|galaxy,multipart/alternative
2025,2025-11-06,17:03,Thu,4772,tiaas_request,"Inbox"|galaxy,text/plain
2025,2025-11-07,08:14,Fri,4776,tiaas_request,"Inbox"|galaxy,text/plain
2025,2025-11-07,09:01,Fri,4780,tiaas_request,"Inbox"|galaxy,text/plain
2025,2025-11-07,03:30,Fri,14236,error_report,"Inbox"|galaxy,multipart/alternative
2025,2025-11-07,03:30,Fri,14238,error_report,"Inbox"|galaxy,multipart/alternative
2025,2025-11-07,03:31,Fri,14312,error_report,"Inbox"|galaxy,multipart/alternative
2025,2025-11-07,07:08,Fri,10582,error_report,"Inbox"|galaxy,multipart/alternative
2025,2025-11-07,07:08,Fri,10690,error_report,"Inbox"|galaxy,multipart/alternative
2025,2025-11-08,01:37,Sat,11902,error_report,"Inbox"|galaxy,multipart/alternative
2025,2025-11-08,04:37,Sat,11057,error_report,"Inbox"|galaxy,multipart/alternative
2025,2025-11-08,04:46,Sat,80544,error_report,"Inbox"|galaxy,multipart/alternative
2025,2025-11-08,10:17,Sat,10426,error_report,"Inbox"|galaxy,multipart/alternative
2025,2025-11-09,01:04,Sun,10705,error_report,"Inbox"|galaxy,multipart/alternative
2025,2025-11-09,04:38,Sun,11184,error_report,"Inbox"|galaxy,multipart/alternative
2025,2025-11-09,04:38,Sun,11815,error_report,"Inbox"|galaxy,multipart/alternative
2025,2025-11-09,04:39,Sun,12952,error_report,"Inbox"|galaxy,multipart/alternative
2025,2025-11-09,04:57,Sun,12958,error_report,"Inbox"|galaxy,multipart/alternative
2025,2025-11-09,04:57,Sun,12959,error_report,"Inbox"|galaxy,multipart/alternative
2025,2025-11-09,15:40,Sun,17270,error_report,"Inbox"|galaxy,multipart/alternative
2025,2025-11-09,19:25,Sun,16760,error_report,"Inbox"|galaxy,multipart/alternative
2025,2025-11-09,19:25,Sun,16760,error_report,"Inbox"|galaxy,multipart/alternative
2025,2025-11-09,22:53,Sun,13854,error_report,"Inbox"|galaxy,multipart/alternative
2025,2025-11-09,23:15,Sun,13985,error_report,"Inbox"|galaxy,multipart/alternative
2025,2025-11-09,23:22,Sun,13843,error_report,"Inbox"|galaxy,multipart/alternative
2025,2025-11-10,02:45,Mon,14891,error_report,"Inbox"|galaxy,multipart/alternative
2025,2025-11-10,06:03,Mon,11040,error_report,"Inbox"|galaxy,multipart/alternative
2025,2025-11-10,12:00,Mon,9800,error_report,"Inbox"|galaxy,multipart/alternative
2025,2025-11-10,13:50,Mon,10805,error_report,"Inbox"|galaxy,multipart/alternative
2025,2025-11-11,22:54,Tue,14311,error_report,"Inbox"|galaxy,multipart/alternative
2025,2025-11-12,01:39,Wed,14438,error_report,"Inbox"|galaxy,multipart/alternative
2025,2025-11-12,12:11,Wed,4770,tiaas_request,"Inbox"|galaxy,text/plain
2025,2025-11-12,06:47,Wed,20800,error_report,"Inbox"|galaxy,multipart/alternative
2025,2025-11-12,07:37,Wed,18797,error_report,"Inbox"|galaxy,multipart/alternative
2025,2025-11-12,14:31,Wed,11617,error_report,"Inbox"|galaxy,multipart/alternative
2025,2025-11-12,19:16,Wed,9694,error_report,"Inbox"|galaxy,multipart/alternative
2025,2025-11-12,20:11,Wed,10020,error_report,"Inbox"|galaxy,multipart/alternative
2025,2025-11-12,23:34,Wed,9988,error_report,"Inbox"|galaxy,multipart/alternative
2025,2025-11-13,04:28,Thu,12823,error_report,"Inbox"|galaxy,multipart/alternative
2025,2025-11-13,05:26,Thu,13058,error_report,"Inbox"|galaxy,multipart/alternative
2025,2025-11-13,07:42,Thu,14514,error_report,"Inbox"|galaxy,multipart/alternative
2025,2025-11-13,09:14,Thu,80651,error_report,"Inbox"|galaxy,multipart/alternative
2025,2025-11-13,09:20,Thu,80321,error_report,"Inbox"|galaxy,multipart/alternative
2025,2025-11-13,09:20,Thu,11227,error_report,"Inbox"|galaxy,multipart/alternative
2025,2025-11-13,09:25,Thu,80360,error_report,"Inbox"|galaxy,multipart/alternative
2025,2025-11-14,01:27,Fri,10387,error_report,"Inbox"|galaxy,multipart/alternative
2025,2025-11-14,04:33,Fri,14127,error_report,"Inbox"|galaxy,multipart/alternative
2025,2025-11-14,08:08,Fri,9922,error_report,"Inbox"|galaxy,multipart/alternative
2025,2025-11-15,00:41,Sat,11813,error_report,"Inbox"|galaxy,multipart/alternative
2025,2025-11-15,12:12,Sat,9935,error_report,"Inbox"|galaxy,multipart/alternative
2025,2025-11-16,01:52,Sun,10222,error_report,"Inbox"|galaxy,multipart/alternative
2025,2025-11-16,03:53,Sun,10958,error_report,"Inbox"|galaxy,multipart/alternative
2025,2025-11-17,09:01,Mon,11644,error_report,"Inbox"|galaxy,multipart/alternative
2025,2025-11-17,12:12,Mon,13746,error_report,"Inbox"|galaxy,multipart/alternative
2025,2025-11-18,01:08,Tue,36528,error_report,"Inbox"|galaxy,multipart/alternative
2025,2025-11-18,02:43,Tue,9994,error_report,"Inbox"|galaxy,multipart/alternative
2025,2025-11-18,02:55,Tue,10241,error_report,"Inbox"|galaxy,multipart/alternative
2025,2025-11-18,06:07,Tue,78159,error_report,"Inbox"|galaxy,multipart/alternative
2025,2025-11-18,10:34,Tue,12326,error_report,"Inbox"|galaxy,multipart/alternative
2025,2025-11-18,11:44,Tue,12299,error_report,"Inbox"|galaxy,multipart/alternative
2025,2025-11-19,08:41,Wed,4779,tiaas_request,"Inbox"|galaxy,text/plain
2025,2025-11-20,05:03,Thu,9993,error_report,"Inbox"|galaxy,multipart/alternative
2025,2025-11-20,10:16,Thu,11266,error_report,"Inbox"|galaxy,multipart/alternative
2025,2025-11-20,20:06,Thu,52583,error_report,"Inbox"|galaxy,multipart/alternative
2025,2025-11-20,20:29,Thu,54301,error_report,"Inbox"|galaxy,multipart/alternative
2025,2025-11-21,19:50,Fri,24791,error_report,"Inbox"|galaxy,multipart/alternative
2025,2025-11-21,22:37,Fri,13079,error_report,"Inbox"|galaxy,multipart/alternative
2025,2025-11-22,00:32,Sat,18225,error_report,"Inbox"|galaxy,multipart/alternative
2025,2025-11-22,04:50,Sat,71918,error_report,"Inbox"|galaxy,multipart/alternative
2025,2025-11-22,04:50,Sat,71912,error_report,"Inbox"|galaxy,multipart/alternative
2025,2025-11-23,01:08,Sun,11278,error_report,"Inbox"|galaxy,multipart/alternative
2025,2025-11-23,06:36,Sun,17230,error_report,"Inbox"|galaxy,multipart/alternative
2025,2025-11-23,06:37,Sun,17230,error_report,"Inbox"|galaxy,multipart/alternative
2025,2025-11-24,05:22,Mon,12330,error_report,"Inbox"|galaxy,multipart/alternative
2025,2025-11-24,23:36,Mon,11283,error_report,"Inbox"|galaxy,multipart/alternative
2025,2025-11-24,23:37,Mon,20820,error_report,"Inbox"|galaxy,multipart/alternative
2025,2025-11-25,02:45,Tue,33285,error_report,"Inbox"|galaxy,multipart/alternative
2025,2025-11-25,09:15,Tue,11953,error_report,"Inbox"|galaxy,multipart/alternative
2025,2025-11-25,09:16,Tue,11815,error_report,"Inbox"|galaxy,multipart/alternative
2025,2025-11-25,11:29,Tue,14114,error_report,"Inbox"|galaxy,multipart/alternative
2025,2025-11-25,21:14,Tue,83294,error_report,"Inbox"|galaxy,multipart/alternative
2025,2025-11-26,04:13,Wed,20440,error_report,"Inbox"|galaxy,multipart/alternative
2025,2025-11-26,05:33,Wed,14104,error_report,"Inbox"|galaxy,multipart/alternative
2025,2025-11-26,07:38,Wed,32519,error_report,"Inbox"|galaxy,multipart/alternative
2025,2025-11-26,12:06,Wed,30624,error_report,"Inbox"|galaxy,multipart/alternative
2025,2025-11-26,19:49,Wed,12211,error_report,"Inbox"|galaxy,multipart/alternative
2025,2025-11-26,19:49,Wed,12209,error_report,"Inbox"|galaxy,multipart/alternative
2025,2025-11-26,19:50,Wed,12208,error_report,"Inbox"|galaxy,multipart/alternative
2025,2025-11-26,19:50,Wed,12229,error_report,"Inbox"|galaxy,multipart/alternative
2025,2025-11-27,02:41,Thu,32563,error_report,"Inbox"|galaxy,multipart/alternative
2025,2025-11-27,03:18,Thu,17879,error_report,"Inbox"|galaxy,multipart/alternative
2025,2025-11-27,17:48,Thu,4773,tiaas_request,"Inbox"|galaxy,text/plain
2025,2025-11-27,22:13,Thu,12539,error_report,"Inbox"|galaxy,multipart/alternative
2025,2025-11-28,05:01,Fri,10317,error_report,"Inbox"|galaxy,multipart/alternative
2025,2025-11-28,05:52,Fri,33515,error_report,"Inbox"|galaxy,multipart/alternative
2025,2025-12-01,01:41,Mon,14783,error_report,"Inbox"|galaxy,multipart/alternative
2025,2025-12-01,05:02,Mon,16219,error_report,"Inbox"|galaxy,multipart/alternative
2025,2025-12-01,05:34,Mon,12349,error_report,"Inbox"|galaxy,multipart/alternative
2025,2025-12-01,06:25,Mon,11303,error_report,"Inbox"|galaxy,multipart/alternative
2025,2025-12-01,19:47,Mon,10880,error_report,"Inbox"|galaxy,multipart/alternative
2025,2025-12-01,20:30,Mon,14109,error_report,"Inbox"|galaxy,multipart/alternative
2025,2025-12-02,01:18,Tue,13329,error_report,"Inbox"|galaxy,multipart/alternative
2025,2025-12-02,01:21,Tue,13510,error_report,"Inbox"|galaxy,multipart/alternative
2025,2025-12-02,02:03,Tue,15355,error_report,"Inbox"|galaxy,multipart/alternative
2025,2025-12-02,03:46,Tue,12205,error_report,"Inbox"|galaxy,multipart/alternative
2025,2025-12-02,05:11,Tue,14982,error_report,"Inbox"|galaxy,multipart/alternative
2025,2025-12-02,06:02,Tue,30769,error_report,"Inbox"|galaxy,multipart/alternative
2025,2025-12-02,18:30,Tue,11029,error_report,"Inbox"|galaxy,multipart/alternative
2025,2025-12-02,21:46,Tue,16602,error_report,"Inbox"|galaxy,multipart/alternative
2025,2025-12-02,23:00,Tue,10414,error_report,"Inbox"|galaxy,multipart/alternative
2025,2025-12-03,02:10,Wed,11601,error_report,"Inbox"|galaxy,multipart/alternative
2025,2025-12-03,05:36,Wed,13917,error_report,"Inbox"|galaxy,multipart/alternative
2025,2025-12-03,06:00,Wed,13921,error_report,"Inbox"|galaxy,multipart/alternative
2025,2025-12-03,14:38,Wed,4771,tiaas_request,"Inbox"|galaxy,text/plain
2025,2025-12-03,11:07,Wed,13176,error_report,"Inbox"|galaxy,multipart/alternative
2025,2025-12-03,17:29,Wed,13047,error_report,"Inbox"|galaxy,multipart/alternative
2025,2025-12-03,23:57,Wed,11734,error_report,"Inbox"|galaxy,multipart/alternative
2025,2025-12-04,06:00,Thu,9941,error_report,"Inbox"|galaxy,multipart/alternative
2025,2025-12-04,06:19,Thu,10766,error_report,"Inbox"|galaxy,multipart/alternative
2025,2025-12-04,08:56,Thu,14976,error_report,"Inbox"|galaxy,multipart/alternative
2025,2025-12-04,17:41,Thu,11212,error_report,"Inbox"|galaxy,multipart/alternative
2025,2025-12-04,22:49,Thu,14187,error_report,"Inbox"|galaxy,multipart/alternative
2025,2025-12-05,01:15,Fri,20973,error_report,"Inbox"|galaxy,multipart/alternative
2025,2025-12-05,01:22,Fri,21987,error_report,"Inbox"|galaxy,multipart/alternative
2025,2025-12-05,03:52,Fri,10542,error_report,"Inbox"|galaxy,multipart/alternative
2025,2025-12-05,04:05,Fri,12483,error_report,"Inbox"|galaxy,multipart/alternative
2025,2025-12-05,06:23,Fri,9739,error_report,"Inbox"|galaxy,multipart/alternative
2025,2025-12-05,11:24,Fri,44910,error_report,"Inbox"|galaxy,multipart/alternative
2025,2025-12-06,09:34,Sat,78224,error_report,"Inbox"|galaxy,multipart/alternative
2025,2025-12-07,14:07,Sun,84459,error_report,"Inbox"|galaxy,multipart/alternative
2025,2025-12-08,05:47,Mon,10008,error_report,"Inbox"|galaxy,multipart/alternative
2025,2025-12-08,06:03,Mon,19453,error_report,"Inbox"|galaxy,multipart/alternative
2025,2025-12-08,07:01,Mon,10071,error_report,"Inbox"|galaxy,multipart/alternative
2025,2025-12-08,17:21,Mon,10550,error_report,"Inbox"|galaxy,multipart/alternative
2025,2025-12-09,01:45,Tue,78331,error_report,"Inbox"|galaxy,multipart/alternative
2025,2025-12-09,02:39,Tue,38583,error_report,"Inbox"|galaxy,multipart/alternative
2025,2025-12-09,03:25,Tue,13149,error_report,"Inbox"|galaxy,multipart/alternative
2025,2025-12-09,04:43,Tue,14597,error_report,"Inbox"|galaxy,multipart/alternative
2025,2025-12-09,06:35,Tue,10013,error_report,"Inbox"|galaxy,multipart/alternative
2025,2025-12-09,07:40,Tue,18946,error_report,"Inbox"|galaxy,multipart/alternative
2025,2025-12-09,08:04,Tue,12807,error_report,"Inbox"|galaxy,multipart/alternative
2025,2025-12-09,09:26,Tue,9945,error_report,"Inbox"|galaxy,multipart/alternative
2025,2025-12-09,11:40,Tue,14713,error_report,"Inbox"|galaxy,multipart/alternative
2025,2025-12-09,13:03,Tue,65905,error_report,"Inbox"|galaxy,multipart/alternative
2025,2025-12-09,13:28,Tue,10705,error_report,"Inbox"|galaxy,multipart/alternative
2025,2025-12-10,04:11,Wed,19939,error_report,"Inbox"|galaxy,multipart/alternative
2025,2025-12-10,06:55,Wed,17563,error_report,"Inbox"|galaxy,multipart/alternative
2025,2025-12-10,07:45,Wed,12439,error_report,"Inbox"|galaxy,multipart/alternative
2025,2025-12-10,07:45,Wed,12442,error_report,"Inbox"|galaxy,multipart/alternative
2025,2025-12-10,07:57,Wed,15250,error_report,"Inbox"|galaxy,multipart/alternative
2025,2025-12-10,11:16,Wed,10039,error_report,"Inbox"|galaxy,multipart/alternative
2025,2025-12-10,14:00,Wed,79252,error_report,"Inbox"|galaxy,multipart/alternative
2025,2025-12-10,14:05,Wed,79264,error_report,"Inbox"|galaxy,multipart/alternative
2025,2025-12-10,14:35,Wed,12173,error_report,"Inbox"|galaxy,multipart/alternative
2025,2025-12-10,14:37,Wed,11976,error_report,"Inbox"|galaxy,multipart/alternative
2025,2025-12-10,15:34,Wed,12177,error_report,"Inbox"|galaxy,multipart/alternative
2025,2025-12-10,15:34,Wed,12170,error_report,"Inbox"|galaxy,multipart/alternative
2025,2025-12-10,15:56,Wed,11918,error_report,"Inbox"|galaxy,multipart/alternative
2025,2025-12-10,15:57,Wed,11918,error_report,"Inbox"|galaxy,multipart/alternative
2025,2025-12-10,19:42,Wed,10027,error_report,"Inbox"|galaxy,multipart/alternative
2025,2025-12-11,04:33,Thu,9931,error_report,"Inbox"|galaxy,multipart/alternative
2025,2025-12-11,05:27,Thu,10043,error_report,"Inbox"|galaxy,multipart/alternative
2025,2025-12-11,05:46,Thu,9982,error_report,"Inbox"|galaxy,multipart/alternative
2025,2025-12-11,05:53,Thu,10498,error_report,"Inbox"|galaxy,multipart/alternative
2025,2025-12-11,06:05,Thu,10012,error_report,"Inbox"|galaxy,multipart/alternative
2025,2025-12-11,06:05,Thu,10006,error_report,"Inbox"|galaxy,multipart/alternative
2025,2025-12-11,06:06,Thu,10007,error_report,"Inbox"|galaxy,multipart/alternative
2025,2025-12-11,06:21,Thu,9937,error_report,"Inbox"|galaxy,multipart/alternative
2025,2025-12-11,06:50,Thu,10076,error_report,"Inbox"|galaxy,multipart/alternative
2025,2025-12-11,07:28,Thu,9974,error_report,"Inbox"|galaxy,multipart/alternative
2025,2025-12-11,07:46,Thu,13291,error_report,"Inbox"|galaxy,multipart/alternative
2025,2025-12-11,10:50,Thu,10199,error_report,"Inbox"|galaxy,multipart/alternative
2025,2025-12-11,13:44,Thu,12164,error_report,"Inbox"|galaxy,multipart/alternative
2025,2025-12-11,13:51,Thu,10040,error_report,"Inbox"|galaxy,multipart/alternative
2025,2025-12-11,20:54,Thu,13120,error_report,"Inbox"|galaxy,multipart/alternative
2025,2025-12-11,21:34,Thu,17265,error_report,"Inbox"|galaxy,multipart/alternative
2025,2025-12-12,00:23,Fri,12497,error_report,"Inbox"|galaxy,multipart/alternative
2025,2025-12-12,13:49,Fri,20592,error_report,"Inbox"|galaxy,multipart/alternative
2025,2025-12-12,21:36,Fri,12051,error_report,"Inbox"|galaxy,multipart/alternative
2025,2025-12-13,02:08,Sat,88270,error_report,"Inbox"|galaxy,multipart/alternative
2025,2025-12-13,05:38,Sat,11369,error_report,"Inbox"|galaxy,multipart/alternative
2025,2025-12-13,06:48,Sat,15459,error_report,"Inbox"|galaxy,multipart/alternative
2025,2025-12-13,08:53,Sat,236971,error_report,"Inbox"|galaxy,multipart/alternative
2025,2025-12-14,07:08,Sun,10247,error_report,"Inbox"|galaxy,multipart/alternative
2025,2025-12-14,07:09,Sun,10245,error_report,"Inbox"|galaxy,multipart/alternative
2025,2025-12-14,10:40,Sun,84579,error_report,"Inbox"|galaxy,multipart/alternative
2025,2025-12-15,03:41,Mon,22478,error_report,"Inbox"|galaxy,multipart/alternative
2025,2025-12-15,05:09,Mon,10312,error_report,"Inbox"|galaxy,multipart/alternative
2025,2025-12-15,07:26,Mon,12310,error_report,"Inbox"|galaxy,multipart/alternative
2025,2025-12-15,21:37,Mon,11140,error_report,"Inbox"|galaxy,multipart/alternative
2025,2025-12-15,21:58,Mon,58848,error_report,"Inbox"|galaxy,multipart/alternative
2025,2025-12-16,03:27,Tue,10659,error_report,"Inbox"|galaxy,multipart/alternative
2025,2025-12-16,21:11,Tue,9885,error_report,"Inbox"|galaxy,multipart/alternative
2025,2025-12-16,21:12,Tue,9896,error_report,"Inbox"|galaxy,multipart/alternative
2025,2025-12-17,04:08,Wed,11804,error_report,"Inbox"|galaxy,multipart/alternative
2025,2025-12-17,04:13,Wed,13774,error_report,"Inbox"|galaxy,multipart/alternative
2025,2025-12-17,19:25,Wed,55788,error_report,"Inbox"|galaxy,multipart/alternative
2025,2025-12-17,23:26,Wed,10004,error_report,"Inbox"|galaxy,multipart/alternative
2025,2025-12-18,01:25,Thu,12970,error_report,"Inbox"|galaxy,multipart/alternative
2025,2025-12-18,02:24,Thu,13563,error_report,"Inbox"|galaxy,multipart/alternative
2025,2025-12-18,22:08,Thu,21826,error_report,"Inbox"|galaxy,multipart/alternative
2025,2025-12-19,03:03,Fri,20621,error_report,"Inbox"|galaxy,multipart/alternative
2025,2025-12-19,16:55,Fri,4778,tiaas_request,"Inbox"|galaxy,text/plain
2025,2025-12-20,00:22,Sat,81443,error_report,"Inbox"|galaxy,multipart/alternative
2025,2025-12-20,07:00,Sat,12289,error_report,"Inbox"|galaxy,multipart/alternative
2025,2025-12-20,08:32,Sat,16833,error_report,"Inbox"|galaxy,multipart/alternative
2025,2025-12-21,02:04,Sun,19064,error_report,"Inbox"|galaxy,multipart/alternative
2025,2025-12-21,12:27,Sun,12162,error_report,"Inbox"|galaxy,multipart/alternative
2025,2025-12-22,02:25,Mon,11841,error_report,"Inbox"|galaxy,multipart/alternative
2025,2025-12-22,04:41,Mon,12859,error_report,"Inbox"|galaxy,multipart/alternative
2025,2025-12-22,17:53,Mon,11352,error_report,"Inbox"|galaxy,multipart/alternative
2025,2025-12-22,17:54,Mon,11289,error_report,"Inbox"|galaxy,multipart/alternative
2025,2025-12-22,17:55,Mon,13700,error_report,"Inbox"|galaxy,multipart/alternative
2025,2025-12-22,17:59,Mon,13774,error_report,"Inbox"|galaxy,multipart/alternative
2025,2025-12-22,20:18,Mon,19460,error_report,"Inbox"|galaxy,multipart/alternative
2025,2025-12-22,22:58,Mon,12646,error_report,"Inbox"|galaxy,multipart/alternative
2025,2025-12-23,00:03,Tue,12807,error_report,"Inbox"|galaxy,multipart/alternative
2025,2025-12-23,12:26,Tue,4779,tiaas_request,"Inbox"|galaxy,text/plain
2025,2025-12-23,11:09,Tue,11346,error_report,"Inbox"|galaxy,multipart/alternative
2025,2025-12-25,22:37,Thu,11261,error_report,"Inbox"|galaxy,multipart/alternative
2025,2025-12-25,22:38,Thu,11262,error_report,"Inbox"|galaxy,multipart/alternative
2025,2025-12-26,06:31,Fri,240837,error_report,"Inbox"|galaxy,multipart/alternative
2025,2025-12-26,08:26,Fri,18065,error_report,"Inbox"|galaxy,multipart/alternative
2025,2025-12-26,08:27,Fri,18065,error_report,"Inbox"|galaxy,multipart/alternative
2025,2025-12-27,09:02,Sat,11384,error_report,"Inbox"|galaxy,multipart/alternative
2025,2025-12-28,00:12,Sun,9584,error_report,"Inbox"|galaxy,multipart/alternative
2025,2025-12-28,07:10,Sun,10256,error_report,"Inbox"|galaxy,multipart/alternative
2025,2025-12-28,09:11,Sun,13567,error_report,"Inbox"|galaxy,multipart/alternative
2025,2025-12-29,00:54,Mon,46008,error_report,"Inbox"|galaxy,multipart/alternative
2025,2025-12-29,01:03,Mon,15139,error_report,"Inbox"|galaxy,multipart/alternative
2025,2025-12-29,03:27,Mon,10196,error_report,"Inbox"|galaxy,multipart/alternative
2025,2025-12-29,06:17,Mon,12289,error_report,"Inbox"|galaxy,multipart/alternative
2025,2025-12-29,15:12,Mon,13700,error_report,"Inbox"|galaxy,multipart/alternative
2025,2025-12-30,03:13,Tue,12691,error_report,"Inbox"|galaxy,multipart/alternative
2025,2025-12-30,04:26,Tue,14287,error_report,"Inbox"|galaxy,multipart/alternative
2025,2025-12-30,04:42,Tue,12559,error_report,"Inbox"|galaxy,multipart/alternative
2025,2025-12-30,04:58,Tue,12807,error_report,"Inbox"|galaxy,multipart/alternative
2025,2025-12-30,11:56,Tue,11798,error_report,"Inbox"|galaxy,multipart/alternative
2025,2025-12-30,12:06,Tue,13069,error_report,"Inbox"|galaxy,multipart/alternative
2025,2025-12-30,21:51,Tue,29785,error_report,"Inbox"|galaxy,multipart/alternative
2025,2025-12-31,12:43,Wed,11776,error_report,"Inbox"|galaxy,multipart/alternative
